日期,开盘,最高,最低,收盘,成交量,amount,outstanding_share,turnover,MA5,MA10,MA20,MA60,RSI14,Vol_MA20,MA60_prev5,MA20_break_1,MA20_break_2,High_20
2021-04-12,3.86,3.93,3.85,3.87,27109361.0,127281768.0,23173674650.0,0.0011698343663420682,3.9259999999999997,3.932,3.9695,3.886,32.78688449341574,35339059.15,3.8823333333333334,True,True,4.1
2021-04-13,3.87,3.89,3.79,3.8,27524518.0,127513160.0,23173674650.0,0.0011877493930381041,3.9,3.9189999999999996,3.9550000000000005,3.885,33.33333255555556,32565914.5,3.883166666666667,True,True,4.1
2021-04-14,3.81,3.83,3.79,3.82,18587188.0,85569546.0,23173674650.0,0.000802082029748355,3.8619999999999997,3.909,3.941,3.884333333333333,43.999998768000026,30933960.75,3.8853333333333335,True,True,4.1
2021-04-15,3.81,3.82,3.75,3.77,18448670.0,84210087.0,23173674650.0,0.0007961046436802374,3.8299999999999996,3.8910000000000005,3.925,3.881666666666667,40.74073968449933,29836989.7,3.8866666666666663,True,True,4.09
2021-04-16,3.77,3.84,3.77,3.83,22403481.0,103275865.0,23173674650.0,0.0009667642848347316,3.818,3.8810000000000002,3.9144999999999994,3.876833333333333,42.8571417857143,29116052.1,3.8875,True,True,4.08
2021-04-19,3.83,3.86,3.81,3.84,21561000.0,100143806.0,23173674650.0,0.000930409196022781,3.812,3.8689999999999998,3.9059999999999997,3.8741666666666665,41.818180753719,28152656.95,3.886,True,True,4.08
2021-04-20,3.84,3.85,3.82,3.84,21262142.0,98659326.0,23173674650.0,0.000917512751910496,3.8200000000000003,3.8600000000000003,3.8939999999999997,3.8713333333333333,42.592591488340204,27354018.75,3.885,True,True,4.08
2021-04-21,3.82,3.83,3.77,3.77,21256399.0,97559584.0,23173674650.0,0.0009172649275974883,3.81,3.8360000000000007,3.8824999999999994,3.8691666666666666,34.48275778834717,26605750.5,3.884333333333333,True,True,4.01
2021-04-22,3.79,3.8,3.75,3.75,21942170.0,100067784.0,23173674650.0,0.0009468576016277159,3.806,3.818,3.876,3.867166666666667,34.48275778834717,25684687.1,3.881666666666667,True,True,4.01
2021-04-23,3.75,3.79,3.72,3.74,22152959.0,100272935.0,23173674650.0,0.0009559536558005487,3.7880000000000003,3.803,3.8695,3.8649999999999998,30.357142098214283,25476028.3,3.876833333333333,True,True,4.01
2021-04-26,3.74,3.77,3.71,3.72,20153692.0,91217936.0,23173674650.0,0.0008696804587269029,3.7640000000000002,3.7879999999999994,3.8600000000000003,3.863833333333333,30.90909012231404,24930737.3,3.8741666666666665,True,True,4.01
2021-04-27,3.73,3.74,3.66,3.68,21792528.0,97196970.0,23173674650.0,0.0009404001881074135,3.732,3.7760000000000007,3.8475,3.862833333333333,17.647058339100354,24870569.1,3.8713333333333333,True,True,4.01
2021-04-28,3.69,3.71,3.67,3.71,14579839.0,65097204.0,23173674650.0,0.0006291552470725656,3.72,3.7649999999999997,3.8370000000000006,3.8628333333333336,26.086955727788265,24094801.0,3.8691666666666666,True,True,4.01
2021-04-29,3.71,3.79,3.7,3.79,24992057.0,113449571.0,23173674650.0,0.0010784675877893194,3.728,3.7670000000000003,3.8289999999999997,3.8636666666666666,39.99999888000001,23728808.75,3.867166666666667,True,True,4.01
2021-04-30,3.8,3.84,3.78,3.83,34570294.0,159307610.0,23173674650.0,0.001491791635212243,3.746,3.7670000000000003,3.8239999999999994,3.8666666666666667,46.15384491124263,24381109.8,3.8649999999999998,True,True,4.01
2021-05-06,3.84,3.89,3.83,3.89,38656114.0,181124295.0,23173674650.0,0.0016681046309589057,3.78,3.772,3.8205,3.8706666666666663,58.82352779700124,25318281.75,3.863833333333333,False,True,4.01
2021-05-07,3.89,3.95,3.89,3.9,41114088.0,194952200.0,23173674650.0,0.0017741721423537807,3.8240000000000003,3.778,3.819,3.8746666666666667,57.99999837600007,26396947.2,3.862833333333333,False,False,4.01
2021-05-10,3.9,3.93,3.86,3.91,33243281.0,156643436.0,23173674650.0,0.0014345278209901855,3.864,3.7919999999999994,3.814,3.8775,65.21738931947078,25975880.0,3.8628333333333336,False,False,4.01
2021-05-11,3.89,3.95,3.87,3.95,33692731.0,159765736.0,23173674650.0,0.0014539226734159745,3.896,3.812,3.815,3.882333333333334,63.63636161157034,26185292.35,3.8636666666666666,False,False,3.93
2021-05-12,3.93,3.98,3.93,3.97,32319985.0,155013007.0,23173674650.0,0.0013946853698491878,3.9240000000000004,3.835,3.819,3.8888333333333334,64.44444243950628,25868124.85,3.8666666666666667,False,False,3.95
2021-05-13,3.97,3.98,3.93,3.95,29853880.0,142911813.0,23173674650.0,0.0012882669861769204,3.936,3.8579999999999997,3.8230000000000004,3.8954999999999997,61.702125821638845,26005350.8,3.8706666666666663,False,False,3.97
2021-05-14,3.97,3.99,3.94,3.97,29461451.0,141409357.0,23173674650.0,0.0012713327275439244,3.95,3.8869999999999996,3.8314999999999997,3.9016666666666664,73.80952134920646,26102197.45,3.8746666666666667,False,False,3.97
2021-05-17,3.96,3.98,3.93,3.94,24924034.0,119134761.0,23173674650.0,0.0010755322311388367,3.9560000000000004,3.91,3.8375,3.9066666666666667,72.09302090859931,26419039.75,3.8775,False,False,3.97
2021-05-18,3.95,4.01,3.94,3.98,25006032.0,120564254.0,23173674650.0,0.0010790706427735231,3.9620000000000006,3.929,3.8480000000000003,3.9121666666666663,76.08695420604917,26746907.85,3.882333333333334,False,False,3.97
2021-05-19,3.98,3.98,3.93,3.93,18734800.0,89407134.0,23173674650.0,0.0008084518438684475,3.9539999999999997,3.939,3.8529999999999993,3.9153333333333333,71.42856938775515,26563473.8,3.8888333333333334,False,False,3.98
2021-05-20,3.94,3.94,3.89,3.92,19327328.0,91495035.0,23173674650.0,0.0008340208573697223,3.9480000000000004,3.942,3.857,3.9151666666666665,76.08695420604917,26451790.2,3.8954999999999997,False,False,3.98
2021-05-21,3.93,3.96,3.91,3.95,17484849.0,83294083.0,23173674650.0,0.0007545134409660835,3.944,3.947,3.8625,3.9153333333333333,76.0869542060492,26262925.55,3.9016666666666664,False,False,3.98
2021-05-24,3.96,3.97,3.9,3.94,17861466.0,84917688.0,23173674650.0,0.0007707653736305476,3.944,3.9500000000000006,3.871,3.9156666666666666,69.23076674556216,26093178.9,3.9066666666666667,False,False,3.98
2021-05-25,3.94,4.0,3.9,4.0,29709169.0,142709611.0,23173674650.0,0.0012820223572095417,3.9480000000000004,3.9550000000000005,3.8835,3.9165,70.73170490184417,26481528.85,3.9121666666666663,False,False,3.98
2021-05-26,4.01,4.01,3.93,3.93,33085183.0,158162057.0,23173674650.0,0.001427705510657974,3.9480000000000004,3.9510000000000005,3.893,3.9151666666666665,54.761902936507994,27028140.05,3.9153333333333333,False,False,4.0
2021-05-27,3.93,4.0,3.93,4.0,27970346.0,134283592.0,23173674650.0,0.00120698794742076,3.964,3.9560000000000004,3.907,3.916166666666667,60.41666490451394,27418972.75,3.9151666666666665,False,False,4.0
2021-05-28,3.97,3.99,3.93,3.94,22140500.0,106016650.0,23173674650.0,0.000955416019875812,3.9619999999999997,3.9530000000000003,3.9200000000000004,3.9153333333333333,52.830187283730886,27436371.35,3.9153333333333333,False,False,4.0
2021-05-31,3.93,3.95,3.87,3.88,34461700.0,162142437.0,23173674650.0,0.0014871055419775647,3.95,3.9470000000000005,3.9284999999999997,3.9145,43.636362525619845,28430464.4,3.9156666666666666,False,False,4.0
2021-06-01,3.88,3.9,3.85,3.89,21945759.0,103023782.0,23173674650.0,0.0009470124756411905,3.928,3.9379999999999997,3.9335,3.913666666666667,42.592591488340226,28278149.5,3.9165,True,False,4.0
2021-06-02,3.89,3.93,3.88,3.91,28805789.0,135842345.0,23173674650.0,0.001243039329543707,3.9240000000000004,3.936,3.9375,3.913166666666667,46.296295096021986,27989924.25,3.9151666666666665,True,True,4.0
2021-06-03,3.91,4.3,3.9,4.29,275956049.0,1405003119.0,23173674650.0,0.011908169643695244,3.982,3.973,3.9575000000000005,3.919166666666667,67.77777672345678,39854921.0,3.916166666666667,True,True,4.0
2021-06-04,4.12,4.18,3.93,3.93,248111883.0,1203811970.0,23173674650.0,0.010706626667859947,3.9800000000000004,3.971,3.9590000000000005,3.919,49.59349537048055,50204810.75,3.9153333333333333,False,True,4.29
2021-06-07,3.93,3.95,3.87,3.87,73241290.0,344370976.0,23173674650.0,0.0031605384603947567,3.978,3.964,3.957,3.9165,45.599999489280016,52204711.2,3.9145,True,False,4.29
2021-06-08,3.91,4.01,3.87,3.91,90225430.0,429745299.0,23173674650.0,0.0038934450993511295,3.982,3.9549999999999996,3.9549999999999996,3.917666666666667,49.19354783168575,55031346.15,3.913666666666667,True,True,4.29
2021-06-09,3.91,3.92,3.86,3.88,48050693.0,225529426.0,23173674650.0,0.002073503392350423,3.9760000000000004,3.95,3.9505000000000003,3.916166666666667,48.412697874779546,55817881.55,3.913166666666667,True,True,4.29
2021-06-10,3.88,3.95,3.87,3.91,46502870.0,220442254.0,23173674650.0,0.002006711093615876,3.9,3.941,3.9485,3.9136666666666664,48.412697874779546,56650331.05,3.919166666666667,True,True,4.29
2021-06-11,3.92,3.95,3.89,3.89,44633899.0,211308636.0,23173674650.0,0.0019260604834632905,3.8920000000000003,3.936,3.9445,3.9103333333333334,48.03149553351108,57408953.45,3.919,True,True,4.29
2021-06-15,3.89,3.89,3.82,3.83,45388917.0,211001561.0,23173674650.0,0.00195864133269861,3.8840000000000003,3.9309999999999996,3.939,3.9058333333333333,43.307086136772284,58432197.6,3.9165,True,True,4.29
2021-06-16,3.81,3.86,3.81,3.84,27231409.0,126413048.0,23173674650.0,0.0011751010321533102,3.87,3.9260000000000006,3.932,3.9016666666666664,46.280991200054636,58543466.45,3.917666666666667,True,True,4.29
2021-06-17,3.84,3.87,3.81,3.83,25931999.0,120442749.0,23173674650.0,0.0011190283540120384,3.8600000000000003,3.918,3.9270000000000005,3.8981666666666666,42.60869513345936,58903326.4,3.916166666666667,True,True,4.29
2021-06-18,3.82,3.85,3.79,3.83,29181199.0,134664746.0,23173674650.0,0.001259239177244598,3.844,3.872,3.9225000000000003,3.895166666666667,44.95412786297452,59396019.95,3.9136666666666664,True,True,4.29
2021-06-21,3.83,3.83,3.79,3.8,24205121.0,111454212.0,23173674650.0,0.0010445093998072508,3.8259999999999996,3.8590000000000004,3.915,3.8905000000000003,46.22641448380207,59732033.55,3.9103333333333334,True,True,4.29
2021-06-22,3.82,3.85,3.8,3.83,23121088.0,107222474.0,23173674650.0,0.0009977307591137689,3.8259999999999996,3.8549999999999995,3.9095,3.8876666666666666,47.22222161008231,59995014.65,3.9058333333333333,True,True,4.29
2021-06-23,3.84,3.89,3.82,3.86,25504516.0,119182677.0,23173674650.0,0.001100581430662314,3.8299999999999996,3.85,3.9025,3.8873333333333333,47.70642140560558,59784782.0,3.9016666666666664,True,True,4.29
2021-06-24,3.86,3.93,3.85,3.92,30835979.0,145661360.0,23173674650.0,0.0013306469287122748,3.848,3.854,3.9019999999999997,3.8881666666666663,25.97402550177098,59672321.8,3.8981666666666666,True,True,4.29
2021-06-25,3.93,3.95,3.9,3.93,30990921.0,147218486.0,23173674650.0,0.0013373330500262288,3.868,3.8560000000000003,3.8985,3.8885,49.99999833333339,59823350.55,3.895166666666667,False,True,4.29
2021-06-28,3.96,3.99,3.93,3.94,32540058.0,155698725.0,23173674650.0,0.001404182051032636,3.896,3.8609999999999998,3.8985,3.8886666666666665,59.45945720964213,60343328.45,3.8905000000000003,False,False,4.29
2021-06-29,3.95,3.98,3.91,3.96,32811021.0,156895803.0,23173674650.0,0.0014158747585592776,3.9219999999999997,3.874,3.9025,3.8893333333333335,57.142854857142915,60260794.5,3.8876666666666666,False,False,4.29
2021-06-30,3.95,3.97,3.92,3.94,16129995.0,76936422.0,23173674650.0,0.0006960482203887332,3.9379999999999997,3.8839999999999995,3.9050000000000002,3.8891666666666667,58.82352698961948,59970006.3,3.8873333333333333,False,False,4.29
2021-07-01,3.95,3.96,3.91,3.93,21645367.0,103069477.0,23173674650.0,0.0009340498357259884,3.94,3.8939999999999997,3.906,3.889166666666667,53.12499767578136,59611985.2,3.8881666666666663,False,False,4.29
2021-07-02,4.08,4.08,4.0,4.03,77577346.0,368985246.0,23173674650.0,0.003347649743585228,3.96,3.914,3.893,3.8903333333333334,67.49999763750012,49693050.05,3.8885,False,False,4.29
2021-07-05,4.08,4.32,4.07,4.29,150460623.0,753592124.0,23173674650.0,0.006492739078823652,4.03,3.9629999999999996,3.911,3.896333333333333,88.3333312722223,44810487.05,3.8886666666666665,False,False,4.03
2021-07-06,4.26,4.49,4.24,4.48,124528000.0,648387697.0,23173674650.0,0.005373683797705342,4.134,4.0280000000000005,3.9415,3.904166666666667,91.02563939184752,47374822.55,3.8893333333333335,False,False,4.29
2021-07-07,4.47,4.54,4.4,4.53,98802205.0,520661696.0,23173674650.0,0.00426355364404842,4.252000000000001,4.095000000000001,3.9725,3.9141666666666666,92.68292524687688,47803661.3,3.8891666666666667,False,False,4.48
2021-07-08,4.53,4.58,4.46,4.52,55915907.0,296654477.0,23173674650.0,0.0024129063622630948,4.37,4.154999999999999,4.0045,3.924666666666667,91.5662635157497,48196922.0,3.889166666666667,False,False,4.53
2021-07-09,4.5,4.51,4.39,4.48,57297042.0,299648928.0,23173674650.0,0.0024725056714300594,4.459999999999999,4.21,4.0329999999999995,3.934833333333333,90.47618896825404,48736630.6,3.8903333333333334,False,False,4.53
2021-07-12,4.5,4.51,4.36,4.41,51284960.0,266532217.0,23173674650.0,0.002213069820586266,4.484,4.257,4.059,3.945,82.95454413481409,49069183.65,3.896333333333333,False,False,4.53
2021-07-13,4.39,4.52,4.37,4.45,42513000.0,222763191.0,23173674650.0,0.0018345385719825836,4.478,4.306,4.09,3.9555000000000002,83.1460661078147,48925387.8,3.904166666666667,False,False,4.53
2021-07-14,4.43,4.47,4.37,4.4,29622298.0,153719025.0,23173674650.0,0.0012782736638619373,4.452,4.352,4.118,3.966,77.27272604338847,49044932.25,3.9141666666666666,False,False,4.53
2021-07-15,4.4,4.46,4.3,4.43,43070444.0,222149871.0,23173674650.0,0.0018585936261947132,4.434,4.402,4.148000000000001,3.976,77.77777656790127,49901854.5,3.924666666666667,False,False,4.53
2021-07-16,4.52,4.6,4.34,4.36,75099075.0,391550025.0,23173674650.0,0.0032407063676454955,4.409999999999999,4.4350000000000005,4.1745,3.984666666666667,71.87499895182299,52197748.3,3.934833333333333,False,False,4.53
2021-07-19,4.33,4.45,4.31,4.41,44044978.0,227139461.0,23173674650.0,0.0019006471207189404,4.410000000000001,4.447000000000001,4.205,3.9941666666666666,72.7272716988063,53189741.15,3.945,False,False,4.53
2021-07-20,4.4,4.43,4.35,4.39,34539669.0,178242180.0,23173674650.0,0.0014904700925366622,4.398,4.438000000000001,4.2330000000000005,4.004499999999999,72.72727169880628,53760670.2,3.9555000000000002,False,False,4.53
2021-07-21,4.43,4.46,4.39,4.43,31861398.0,166065417.0,23173674650.0,0.0013748962338176263,4.404,4.428,4.2615,4.015833333333333,74.50980289888506,54078514.3,3.966,False,False,4.53
2021-07-22,4.46,4.49,4.34,4.43,44394324.0,231462807.0,23173674650.0,0.0019157222439040327,4.404,4.4190000000000005,4.287000000000001,4.027333333333334,71.7391293431002,54756431.55,3.976,False,False,4.53
2021-07-23,4.43,4.43,4.37,4.42,24451114.0,126791731.0,23173674650.0,0.0010551245915588964,4.4159999999999995,4.412999999999999,4.3115000000000006,4.039,59.701491289819586,54429441.2,3.984666666666667,False,False,4.53
2021-07-26,4.42,4.42,4.28,4.3,41015781.0,209194555.0,23173674650.0,0.0017699299580008559,4.394,4.402,4.3295,4.049333333333333,34.99999918333327,54853227.35,3.9941666666666666,False,False,4.53
2021-07-27,4.33,4.36,4.18,4.2,37599702.0,189521295.0,23173674650.0,0.0016225179030896594,4.356,4.377,4.341500000000001,4.0575,24.615384085207054,55092661.4,4.004499999999999,True,False,4.53
2021-07-28,4.2,4.27,4.15,4.2,35886856.0,177530358.0,23173674650.0,0.0015486044635566677,4.3100000000000005,4.357,4.3545,4.064333333333334,24.99999945312497,56080504.45,4.015833333333333,True,True,4.53
2021-07-29,4.23,4.26,4.17,4.22,38996327.0,193485446.0,23173674650.0,0.001682785643147881,4.268,4.336,4.369000000000001,4.070833333333334,29.032257408948922,56948052.45,4.027333333333334,True,True,4.53
2021-07-30,4.19,4.21,4.15,4.19,24763138.0,121952475.0,23173674650.0,0.0010685891803525428,4.2219999999999995,4.319,4.377000000000001,4.075833333333334,31.034482009512445,54307342.05,4.039,True,True,4.53
2021-08-02,4.2,4.33,4.18,4.31,46727462.0,234863390.0,23173674650.0,0.0020164027805577222,4.224,4.308999999999999,4.378,4.082666666666666,39.393938558310296,49120684.0,4.049333333333333,True,True,4.53
2021-08-03,4.27,4.32,4.24,4.29,36296475.0,182892410.0,23173674650.0,0.0015662805121845447,4.242,4.2989999999999995,4.3685,4.089,41.26984035273363,44709107.75,4.0575,True,True,4.53
2021-08-04,4.29,4.32,4.24,4.27,30322935.0,152517896.0,23173674650.0,0.0013085078416771507,4.256,4.2829999999999995,4.3555,4.094333333333333,37.09677335587924,41285144.25,4.064333333333334,True,True,4.53
2021-08-05,4.27,4.32,4.26,4.29,29535123.0,149248336.0,23173674650.0,0.0012745118521805085,4.2700000000000005,4.269,4.343999999999999,4.099666666666667,43.85964804555246,39966105.05,4.070833333333334,True,True,4.52
2021-08-06,4.29,4.31,4.23,4.25,22925558.0,114915878.0,23173674650.0,0.000989293167624583,4.282,4.252000000000001,4.3325000000000005,4.104666666666667,35.71428482142855,38247530.85,4.075833333333334,True,True,4.48
2021-08-09,4.23,4.37,4.2,4.34,33293807.0,169442658.0,23173674650.0,0.001436708139854721,4.288,4.255999999999999,4.329,4.110833333333334,46.03174500881837,37347973.2,4.082666666666666,True,True,4.45
2021-08-10,4.36,4.38,4.27,4.32,29866873.0,151516721.0,23173674650.0,0.0012888276654906777,4.294,4.268,4.3225,4.117166666666667,40.98360561676972,36715666.85,4.089,False,True,4.45
2021-08-11,4.32,4.37,4.28,4.29,23280113.0,118099545.0,23173674650.0,0.0010045930717336622,4.298,4.276999999999999,4.317,4.122333333333334,39.06249914550782,36398557.6,4.094333333333333,True,False,4.43
2021-08-12,4.3,4.35,4.27,4.32,26917496.0,136544422.0,23173674650.0,0.001161554928449813,4.304,4.287000000000001,4.3115,4.128833333333334,42.42424152433428,35590910.2,4.099666666666667,True,True,4.43
2021-08-13,4.31,4.34,4.28,4.31,22498369.0,114082049.0,23173674650.0,0.0009708589310845442,4.316,4.299,4.308999999999999,4.1353333333333335,50.90908961322316,32960874.9,4.104666666666667,False,True,4.43
2021-08-16,4.31,4.37,4.29,4.35,29233468.0,149639491.0,23173674650.0,0.0012614947107665551,4.318,4.303,4.305999999999999,4.142,65.3061205830904,32220299.4,4.110833333333334,False,False,4.43
2021-08-17,4.32,4.37,4.25,4.25,34089115.0,172862031.0,23173674650.0,0.0014710275998459311,4.304,4.299,4.2989999999999995,4.147166666666667,54.23728684860675,32197771.7,4.117166666666667,False,False,4.43
2021-08-18,4.24,4.43,4.24,4.41,52088873.0,267473600.0,23173674650.0,0.0022477606070990556,4.328,4.313,4.298,4.154,63.01369742165515,33209145.45,4.122333333333334,True,False,4.43
2021-08-19,4.42,4.44,4.33,4.34,31338776.0,160716703.0,23173674650.0,0.0013523438329622014,4.332,4.318,4.2935,4.160833333333334,59.74025865407319,32556368.05,4.128833333333334,False,True,4.43
2021-08-20,4.34,4.36,4.27,4.31,28245593.0,142953131.0,23173674650.0,0.0012188655198885343,4.332,4.324,4.287999999999999,4.166,49.99999897058826,32746092.0,4.1353333333333335,False,False,4.42
2021-08-23,4.32,4.36,4.29,4.36,33895838.0,172572390.0,23173674650.0,0.0014626872307452543,4.334,4.3260000000000005,4.2909999999999995,4.173,54.92957638167033,32390094.85,4.142,False,False,4.41
2021-08-24,4.34,4.41,4.32,4.38,31437601.0,161777335.0,23173674650.0,0.0013566083702655247,4.359999999999999,4.332,4.3,4.181333333333333,57.7464777345765,32081989.8,4.147166666666667,False,False,4.41
2021-08-25,4.41,4.48,4.38,4.47,42028863.0,219646898.0,23173674650.0,0.0018136468917759661,4.372,4.35,4.3135,4.191,61.53846043392503,32389090.15,4.154,False,False,4.41
2021-08-26,4.49,4.54,4.45,4.47,43760940.0,231605518.0,23173674650.0,0.0018883901953806019,4.398,4.364999999999999,4.326,4.200333333333333,64.86486363769173,32627320.8,4.160833333333334,False,False,4.47
2021-08-27,4.44,4.53,4.38,4.43,45325190.0,236302202.0,23173674650.0,0.001955891358818227,4.422,4.377,4.337999999999999,4.2026666666666666,56.52173798361689,33655423.4,4.166,False,False,4.47
2021-08-30,4.46,4.79,4.45,4.71,118747936.0,650319824.0,23173674650.0,0.005124260083628989,4.492,4.412999999999999,4.358,4.2156666666666665,70.52631475013847,37256447.1,4.173,False,False,4.47
2021-08-31,4.71,4.83,4.69,4.75,75289120.0,421517331.0,23173674650.0,0.003248907268144459,4.566,4.462999999999999,4.381,4.230333333333333,73.95833225477428,39206079.35,4.181333333333333,False,False,4.71
2021-09-01,4.77,4.97,4.74,4.93,87007079.0,501832623.0,23173674650.0,0.003754565484934863,4.6579999999999995,4.515,4.414,4.247333333333334,77.47747650028403,42040286.55,4.191,False,False,4.75
2021-09-02,4.94,5.08,4.88,5.05,72093867.0,423755952.0,23173674650.0,0.0031110243881843744,4.773999999999999,4.586,4.452,4.2668333333333335,80.32786793066381,44168223.75,4.200333333333333,False,False,4.93
2021-09-03,5.05,5.05,4.88,4.95,63121486.0,367669335.0,23173674650.0,0.0027238444896351384,4.878,4.6499999999999995,4.487,4.284166666666667,73.43749919677737,46178020.15,4.2026666666666666,False,False,5.05
2021-09-06,4.94,5.1,4.94,5.01,60991052.0,360839719.0,23173674650.0,0.0026319111198879284,4.938,4.715,4.5205,4.302833333333334,80.6451603798127,47562882.4,4.2156666666666665,False,False,5.05
2021-09-07,4.99,5.16,4.98,5.07,71653647.0,428765110.0,23173674650.0,0.00309202783253885,5.002,4.784000000000001,4.558,4.3235,78.94736745152355,49652221.1,4.230333333333333,False,False,5.05
2021-09-08,5.09,5.39,5.07,5.29,97032084.0,599041261.0,23173674650.0,0.004187168650009505,5.074,4.8660000000000005,4.608,4.347666666666667,86.82170448410554,53339819.65,4.247333333333334,False,False,5.07
2021-09-09,5.29,5.29,5.16,5.22,77988779.0,478204830.0,23173674650.0,0.0033654040706919135,5.1080000000000005,4.941,4.6530000000000005,4.370833333333334,84.21052542936289,55893383.8,4.2668333333333335,False,False,5.29
2021-09-10,5.26,5.41,5.11,5.17,83898782.0,515710700.0,23173674650.0,0.0036204349662775645,5.151999999999999,5.015000000000001,4.696,4.393166666666667,80.45112697269491,58963404.45,4.284166666666667,False,False,5.29
2021-09-13,5.11,5.39,5.11,5.24,91423200.0,566180864.0,23173674650.0,0.003945131766143959,5.198,5.068,4.7405,4.417166666666668,81.15941946649866,62072891.05,4.302833333333334,False,False,5.29
2021-09-14,5.29,5.36,5.21,5.24,74536957.0,463446626.0,23173674650.0,0.0032164496190508138,5.232,5.117,4.790000000000001,4.440666666666667,79.84496037377565,64095283.15,4.3235,False,False,5.29
2021-09-15,5.21,5.39,5.2,5.32,58020118.0,363157894.0,23173674650.0,0.0025037081462606966,5.2379999999999995,5.156000000000001,4.8355,4.465000000000001,81.021896982258,64391845.4,4.347666666666667,False,False,5.29
2021-09-16,5.31,5.39,5.19,5.21,48987935.0,303694923.0,23173674650.0,0.0021139476470556215,5.236,5.172,4.8790000000000004,4.4865,77.08333258391204,65274303.35,4.370833333333334,False,False,5.32
2021-09-17,5.28,5.38,5.21,5.29,46833798.0,291408860.0,23173674650.0,0.0020209914356418223,5.26,5.206,4.928,4.509166666666667,73.38709594562957,66203713.6,4.393166666666667,False,False,5.32
2021-09-22,5.24,5.28,5.14,5.28,54463498.0,333852127.0,23173674650.0,0.0023502314079480702,5.268,5.233,4.974,4.531499999999999,71.90082561437063,67232096.6,4.417166666666668,False,False,5.32
2021-09-23,5.34,5.43,5.29,5.34,64162878.0,404439300.0,23173674650.0,0.002768783068247659,5.288,5.26,5.022,4.554500000000001,68.80733856577731,68868360.45,4.440666666666667,False,False,5.32
2021-09-24,5.37,5.39,5.16,5.25,55345938.0,343761750.0,23173674650.0,0.0023883108240669118,5.274,5.256,5.061,4.576333333333334,59.43396147917411,69534214.2,4.465000000000001,False,False,5.34
2021-09-27,5.25,5.28,5.15,5.19,57698726.0,353482730.0,23173674650.0,0.0024898393056536675,5.2700000000000005,5.253,5.0969999999999995,4.597333333333334,61.76470503460211,70231103.5,4.4865,False,False,5.34
2021-09-28,5.22,5.24,4.99,5.2,63075013.0,380221985.0,23173674650.0,0.0027218390675041258,5.252000000000001,5.256,5.1355,4.616833333333333,59.79381356998622,71118594.65,4.509166666666667,False,False,5.34
2021-09-29,5.16,5.21,5.03,5.06,43915743.0,263908500.0,23173674650.0,0.0018950703185090243,5.208,5.238,5.1530000000000005,4.629666666666667,49.523808863492036,67376985.0,4.531499999999999,False,False,5.34
2021-09-30,5.11,5.21,5.06,5.17,44233141.0,268160061.0,23173674650.0,0.0019087668083749506,5.174,5.231,5.1739999999999995,4.641166666666667,43.61702062698054,65824186.05,4.554500000000001,True,False,5.34
2021-10-08,5.31,5.33,5.14,5.19,38106616.0,233293450.0,23173674650.0,0.001644392465827598,5.162000000000001,5.218,5.187,4.652166666666667,48.314605981568036,63379162.9,4.576333333333334,True,True,5.34
2021-10-11,5.19,5.21,5.06,5.15,42407072.0,256082523.0,23173674650.0,0.0018299675230833536,5.154,5.212000000000001,5.192,4.6626666666666665,48.86363558626037,61894823.15,4.597333333333334,False,True,5.34
2021-10-12,5.12,5.15,4.95,5.01,41238985.0,243860217.0,23173674650.0,0.001779561749392214,5.116,5.184,5.195,4.671499999999999,37.89473628365651,60800698.1,4.616833333333333,True,False,5.34
2021-10-13,4.97,4.99,4.77,4.88,37816459.0,216527922.0,23173674650.0,0.0016318714908686266,5.08,5.144,5.1884999999999994,4.679333333333333,33.33333290123457,59641968.45,4.629666666666667,True,True,5.34
2021-10-14,4.85,4.89,4.73,4.76,44494284.0,250837684.0,23173674650.0,0.0019200357591971284,4.997999999999999,5.086,5.173,4.6845,24.999999687500008,58284000.3,4.641166666666667,True,True,5.34
2021-10-15,4.8,4.93,4.77,4.88,49389749.0,282741547.0,23173674650.0,0.002131286891093036,4.936,5.0489999999999995,5.1525,4.6925,35.398229649933455,55901883.55,4.652166666666667,True,True,5.34
2021-10-18,4.88,5.06,4.86,5.0,42981092.0,252685336.0,23173674650.0,0.0018547378717082316,4.906000000000001,5.029999999999999,5.1415,4.702,37.60683715684128,54151499.2,4.6626666666666665,True,True,5.34
2021-10-19,5.0,5.05,4.93,5.02,41836097.0,246229217.0,23173674650.0,0.0018053285735587904,4.9079999999999995,5.012,5.1339999999999995,4.713,38.983050384946836,52048364.95,4.671499999999999,True,True,5.34
2021-10-20,5.02,5.09,4.95,5.05,35681592.0,211136035.0,23173674650.0,0.0015397468264706133,4.941999999999999,5.011,5.1245,4.723666666666667,37.39130389262761,49261284.55,4.679333333333333,True,True,5.34
2021-10-21,5.07,5.07,4.88,4.94,32243315.0,187829657.0,23173674650.0,0.001391376874275742,4.978,4.9879999999999995,5.1095,4.732833333333334,36.752136312367625,47146602.45,4.6845,True,True,5.34
2021-10-22,4.93,4.97,4.85,4.9,27321748.0,157773118.0,23173674650.0,0.0011789993780723076,4.981999999999999,4.9590000000000005,5.0885,4.740666666666667,37.39130389262761,45611683.95,4.6925,True,True,5.34
2021-10-25,4.85,4.98,4.84,4.89,27566459.0,159067750.0,23173674650.0,0.0011895592484293378,4.959999999999999,4.933,5.0725,4.748333333333333,36.521738685822314,44540610.15,4.702,True,True,5.34
2021-10-26,4.88,4.99,4.86,4.92,26808990.0,155616199.0,23173674650.0,0.0011568726326275577,4.94,4.9239999999999995,5.054,4.756666666666666,43.26923018676039,43539369.75,4.713,True,True,5.34
2021-10-27,4.88,4.91,4.8,4.83,25534102.0,145397626.0,23173674650.0,0.0011018581379798563,4.896,4.9190000000000005,5.031499999999999,4.7655,33.333332875817035,42092899.95,4.723666666666667,True,True,5.34
2021-10-28,4.86,4.88,4.71,4.76,29128150.0,163875550.0,23173674650.0,0.0012569499848398018,4.86,4.919,5.0024999999999995,4.774833333333333,29.906541664774224,40341163.55,4.732833333333334,True,True,5.34
2021-10-29,4.72,4.83,4.67,4.81,34216729.0,191302846.0,23173674650.0,0.0014765344519929212,4.842,4.912000000000001,4.9805,4.784999999999999,34.259258815157736,39284703.1,4.740666666666667,True,True,5.25
2021-11-01,4.77,4.77,4.32,4.33,128101047.0,668683400.0,23173674650.0,0.005527869400721046,4.7299999999999995,4.845000000000001,4.9375,4.786833333333334,26.05633777127555,42804819.15,4.748333333333333,True,True,5.2
2021-11-02,4.32,4.37,4.1,4.17,105755294.0,524956511.0,23173674650.0,0.004563596218435733,4.58,4.76,4.886,4.7865,25.517241132936988,44938833.2,4.756666666666666,True,True,5.2
2021-11-03,4.16,4.18,4.09,4.11,58438902.0,283627463.0,23173674650.0,0.002521779686761935,4.436,4.666,4.8385,4.783166666666667,26.618704767869175,45664991.15,4.7655,True,True,5.19
2021-11-04,4.12,4.13,4.08,4.09,46453489.0,223830209.0,23173674650.0,0.002004580184265252,4.302,4.5809999999999995,4.7845,4.779833333333333,19.379844750916405,45776008.55,4.774833333333333,True,True,5.19
2021-11-05,4.09,4.09,3.99,4.0,45905559.0,217743038.0,23173674650.0,0.001980935682118934,4.14,4.491,4.725,4.775333333333334,10.317460202821863,46165955.7,4.784999999999999,True,True,5.19
2021-11-08,4.01,4.03,3.97,3.98,39043019.0,183388705.0,23173674650.0,0.0016848005156575373,4.069999999999999,4.4,4.6665,4.770166666666666,8.730158633157004,45997753.05,4.786833333333334,True,True,5.15
2021-11-09,3.98,3.99,3.91,3.93,46310655.0,214956712.0,23173674650.0,0.001998416552378757,4.022,4.301,4.6125,4.764833333333333,6.2499999316406445,46251336.55,4.7865,True,True,5.05
2021-11-10,3.93,3.96,3.88,3.94,44211067.0,203378365.0,23173674650.0,0.0019078142619905988,3.9880000000000004,4.212,4.5655,4.758166666666667,7.627118553576551,46571066.95,4.783166666666667,True,True,5.05
2021-11-11,3.92,4.0,3.91,3.98,40937185.0,191053347.0,23173674650.0,0.0017665383508782453,3.966,4.1339999999999995,4.5265,4.7524999999999995,11.0169490218328,46393212.0,4.779833333333333,True,True,5.05
2021-11-12,3.98,3.99,3.92,3.92,35108280.0,162901160.0,23173674650.0,0.001515007029754774,3.95,4.045,4.4785,4.746333333333334,10.56910557075814,45679138.55,4.775333333333334,True,True,5.05
2021-11-15,3.92,3.98,3.9,3.96,33069203.0,153653624.0,23173674650.0,0.0014270159350839079,3.946,4.008,4.4265,4.740333333333334,11.290322453173758,45183544.1,4.770166666666666,True,True,5.05
2021-11-16,3.99,4.04,3.92,3.93,67488819.0,315799371.0,23173674650.0,0.0029123054508750513,3.946,3.9839999999999995,4.372000000000001,4.734,11.864406638896838,46466180.2,4.764833333333333,True,True,5.05
2021-11-17,3.94,3.99,3.93,3.98,36433467.0,170199336.0,23173674650.0,0.0015721920476690562,3.9539999999999997,3.970999999999999,4.318499999999999,4.727833333333334,16.379310147146228,46503773.95,4.758166666666667,True,True,5.05
2021-11-18,3.97,4.01,3.96,3.97,37535144.0,175939241.0,23173674650.0,0.0016197320695533282,3.9519999999999995,3.9590000000000005,4.27,4.723166666666667,12.49999984374999,46768365.4,4.7524999999999995,True,True,4.94
2021-11-19,3.98,4.03,3.97,4.01,43269830.0,203907131.0,23173674650.0,0.0018671976133918839,3.97,3.96,4.2255,4.7165,26.470587690311362,47565769.5,4.746333333333334,True,True,4.92
2021-11-22,4.03,4.11,4.01,4.06,68455475.0,327328900.0,23173674650.0,0.002954018990682602,3.9899999999999998,3.968,4.184,4.711833333333333,40.35087620190825,49610220.3,4.740333333333334,True,True,4.92
2021-11-23,4.07,4.26,4.04,4.17,98291049.0,481467875.0,23173674650.0,0.004241496028770733,4.038,3.9919999999999995,4.1465000000000005,4.7095,54.83870843912591,53184323.25,4.734,True,True,4.92
2021-11-24,4.16,4.17,4.1,4.13,46218594.0,224828028.0,23173674650.0,0.00199444389800303,4.068,4.011,4.1115,4.705666666666667,53.124998837890665,54218547.85,4.727833333333334,False,True,4.83
2021-11-25,4.11,4.18,4.1,4.16,40871159.0,199289430.0,23173674650.0,0.001763689169598314,4.106,4.029000000000001,4.0815,4.702,63.793101908442395,54805698.3,4.723166666666667,False,False,4.81
2021-11-26,4.15,4.16,4.05,4.05,46654085.0,224348049.0,23173674650.0,0.0020132363858832375,4.114,4.042,4.0435,4.694999999999999,55.22387944308311,55427566.1,4.7165,False,False,4.81
2021-11-29,3.99,4.07,3.96,4.02,39231841.0,185706746.0,23173674650.0,0.0016929486407543052,4.106,4.048,4.0280000000000005,4.6875,56.923075697041405,50984105.8,4.711833333333333,False,False,4.33
2021-11-30,4.02,4.1,4.01,4.07,46662452.0,223508725.0,23173674650.0,0.0020135974421303096,4.086,4.061999999999999,4.023,4.6815,59.420288649443435,48029463.7,4.7095,True,False,4.17
2021-12-01,4.07,4.12,4.05,4.12,31458437.0,151723500.0,23173674650.0,0.0013575074939614724,4.0840000000000005,4.0760000000000005,4.0235,4.671666666666667,59.99999880000002,46680440.45,4.705666666666667,False,True,4.17
2021-12-02,4.12,4.37,4.11,4.3,115692512.0,584386373.0,23173674650.0,0.004992411162551641,4.112,4.109,4.034,4.6641666666666675,73.17073045806069,50142391.6,4.702,False,False,4.17
2021-12-03,4.73,4.73,4.67,4.73,137869810.0,767578100.0,23173674650.0,0.005949415104954017,4.247999999999999,4.181,4.0705,4.660833333333333,81.81818087152517,54740604.15,4.694999999999999,False,False,4.3
2021-12-06,4.82,4.98,4.73,4.93,266730989.0,1523935730.0,23173674650.0,0.01151008603635505,4.43,4.268,4.118,4.658833333333333,86.23188318315478,66125002.65,4.6875,False,False,4.73
2021-12-07,4.84,4.87,4.66,4.76,142872268.0,797128203.0,23173674650.0,0.0061652832430699545,4.568,4.327,4.1594999999999995,4.655666666666666,75.99999929066665,70953083.3,4.6815,False,False,4.93
2021-12-08,4.75,4.9,4.75,4.86,93314443.0,532503144.0,23173674650.0,0.004026743466858848,4.715999999999999,4.4,4.2055,4.6531666666666665,77.9874206969661,73408252.1,4.671666666666667,False,False,4.93
2021-12-09,4.91,5.06,4.88,4.94,102205360.0,595655258.0,23173674650.0,0.0044104079971624185,4.844,4.478,4.2535,4.651,78.52760668749293,76471660.85,4.6641666666666675,False,False,4.93
2021-12-10,4.89,4.9,4.81,4.84,61899384.0,352859973.0,23173674650.0,0.0026711078383073786,4.8660000000000005,4.557,4.2995,4.6434999999999995,73.21428510416665,77811216.05,4.660833333333333,False,False,4.94
2021-12-13,4.82,4.85,4.71,4.73,79687891.0,446602046.0,23173674650.0,0.0034387248549724502,4.8260000000000005,4.628,4.338,4.6353333333333335,66.66666611111111,80142150.45,4.658833333333333,False,False,4.94
2021-12-14,4.71,4.73,4.58,4.6,64945136.0,353765223.0,23173674650.0,0.00280253938923752,4.794,4.681,4.371499999999999,4.6258333333333335,63.276835657697326,80014966.3,4.655666666666666,False,False,4.94
2021-12-15,4.67,4.83,4.59,4.6,77952980.0,429308116.0,23173674650.0,0.003363859257426832,4.742,4.729,4.4025,4.615166666666666,62.64367765688992,82090941.95,4.6531666666666665,False,False,4.94
2021-12-16,4.6,4.68,4.55,4.66,36309456.0,198535711.0,23173674650.0,0.0015668406736693355,4.686,4.765,4.437,4.6055,68.04733671440074,82029657.55,4.651,False,False,4.94
2021-12-17,4.65,4.73,4.61,4.68,39212459.0,216069894.0,23173674650.0,0.001692112260668163,4.654,4.76,4.4704999999999995,4.594833333333333,69.64285656249999,81826789.0,4.6434999999999995,False,False,4.94
2021-12-20,4.65,4.73,4.63,4.68,38313094.0,211123865.0,23173674650.0,0.001653302489944123,4.644,4.734999999999999,4.5015,4.586,68.7116558515563,80319669.95,4.6353333333333335,False,False,4.94
2021-12-21,4.66,4.84,4.66,4.82,50557897.0,285536295.0,23173674650.0,0.0021816952970814233,4.688000000000001,4.741,4.534,4.578166666666666,70.34883663669551,77933012.35,4.6258333333333335,False,False,4.94
2021-12-22,4.82,4.85,4.72,4.77,34245892.0,192292453.0,23173674650.0,0.0014777929058393854,4.7219999999999995,4.732,4.566,4.5696666666666665,64.77987364344762,77334377.25,4.615166666666666,False,False,4.94
2021-12-23,4.78,4.78,4.67,4.72,36294521.0,201520361.0,23173674650.0,0.001566196192367791,4.734,4.71,4.593999999999999,4.559333333333333,49.58677628577281,77105545.35,4.6055,False,False,4.94
2021-12-24,4.72,4.72,4.64,4.66,27536501.0,151015171.0,23173674650.0,0.001188266488413826,4.7299999999999995,4.692,4.6245,4.549499999999999,37.38317708096782,76149666.15,4.594833333333333,False,False,4.94
2021-12-27,4.61,4.66,4.6,4.6,24761610.0,134586103.0,23173674650.0,0.001068523243464109,4.714,4.679,4.653499999999999,4.539666666666666,41.666666059027804,75426154.6,4.586,False,False,4.94
2021-12-28,4.61,4.64,4.55,4.62,30863683.0,166756397.0,23173674650.0,0.001331842423186864,4.6739999999999995,4.681,4.681,4.53,36.363635785124,74636216.15,4.578166666666666,True,False,4.94
2021-12-29,4.62,4.66,4.59,4.63,27800604.0,151633566.0,23173674650.0,0.0011996631703811377,4.645999999999999,4.683999999999999,4.7065,4.522833333333334,30.864196997408968,74453324.5,4.5696666666666665,True,True,4.94
2021-12-30,4.62,4.68,4.6,4.66,28462363.0,156073172.0,23173674650.0,0.0012282196686488822,4.634,4.684,4.7245,4.514333333333332,37.837837121986915,70091817.05,4.559333333333333,True,True,4.94
2021-12-31,4.64,4.67,4.62,4.66,25015186.0,136967200.0,23173674650.0,0.0010794656599703318,4.634,4.682,4.721,4.5055,44.44444345679014,64449085.85,4.549499999999999,True,True,4.94
2022-01-04,4.69,4.86,4.67,4.8,59203089.0,333783141.0,23173674650.0,0.002554756200480272,4.6739999999999995,4.694000000000001,4.7145,4.499666666666667,65.62499856445314,54072690.85,4.539666666666666,True,True,4.94
2022-01-05,4.83,5.28,4.78,5.16,198581242.0,1206359293.0,23173674650.0,0.008569259946868203,4.782,4.728,4.7345,4.502166666666667,77.999998908,56858139.55,4.53,False,True,4.94
2022-01-06,5.02,5.22,5.01,5.05,95733930.0,574461652.0,23173674650.0,0.004131150171300088,4.8660000000000005,4.756,4.744,4.505,68.57142765714283,56979113.9,4.522833333333334,False,False,5.16
2022-01-07,5.08,5.27,5.01,5.22,93395544.0,570746247.0,23173674650.0,0.004030243170778269,4.978,4.806,4.758,4.512666666666667,72.49999915416664,56538623.1,4.514333333333332,False,False,5.16
2022-01-10,5.19,5.24,5.08,5.16,63722050.0,386021312.0,23173674650.0,0.0027497602759344857,5.077999999999999,4.856,4.774,4.517333333333332,69.04761828042328,56629756.4,4.5055,False,False,5.22
2022-01-11,5.16,5.17,5.05,5.07,46003606.0,276484246.0,23173674650.0,0.0019851666468442457,5.132,4.9030000000000005,4.7909999999999995,4.5184999999999995,60.33057781435695,54945542.15,4.499666666666667,False,False,5.22
2022-01-12,5.11,5.11,4.98,5.05,50272371.0,298210781.0,23173674650.0,0.0021693741609512067,5.11,4.946,4.8134999999999994,4.519,61.864406045676546,54211903.9,4.502166666666667,False,False,5.22
2022-01-13,5.05,5.11,5.02,5.05,31548846.0,187719743.0,23173674650.0,0.0013614088605494424,5.11,4.988,4.836,4.519,64.60176911112852,51891697.2,4.505,False,False,5.22
2022-01-14,5.09,5.11,4.88,4.91,66622808.0,388957219.0,23173674650.0,0.0028749349857641157,5.048,5.013,4.8485,4.5184999999999995,60.33057781435695,53407364.8,4.512666666666667,False,False,5.22
2022-01-17,4.91,4.94,4.84,4.89,34992024.0,201014699.0,23173674650.0,0.0015099903027248206,4.994,5.036,4.859,4.5183333333333335,62.393161646577546,53196343.05,4.517333333333332,False,False,5.22
2022-01-18,4.89,5.05,4.88,5.0,40925044.0,239909793.0,23173674650.0,0.0017660144374211277,4.9799999999999995,5.055999999999999,4.875,4.520166666666667,65.07936435626101,53326940.55,4.5184999999999995,False,False,5.22
2022-01-19,4.98,5.05,4.94,4.99,29848516.0,175185455.0,23173674650.0,0.0012880355166287796,4.968,5.039,4.8835,4.521333333333333,64.28571357142859,52291471.5,4.519,False,False,5.22
2022-01-20,4.96,5.04,4.94,5.0,30220263.0,177803028.0,23173674650.0,0.0013040772970375676,4.958,5.034000000000001,4.8950000000000005,4.524166666666668,63.70967670005203,52090190.05,4.519,False,False,5.22
2022-01-21,5.0,5.01,4.88,4.91,24819222.0,144065738.0,23173674650.0,0.001071009340333515,4.958,5.003,4.9045000000000005,4.526666666666667,59.398495615354186,51516425.1,4.5184999999999995,False,False,5.22
2022-01-24,4.87,5.04,4.79,4.91,34902801.0,202991373.0,23173674650.0,0.0015061401148997317,4.962,4.978,4.917,4.528333333333334,54.621848096885834,51884740.1,4.5183333333333335,False,False,5.22
2022-01-25,4.88,4.96,4.83,4.83,33504531.0,193054875.0,23173674650.0,0.0014458013891206502,4.928,4.954,4.9285000000000005,4.536666666666666,31.86813137785292,52321886.15,4.520166666666667,True,False,5.22
2022-01-26,4.83,5.03,4.79,4.95,42320426.0,246394437.0,23173674650.0,0.001826228539028876,4.92,4.944,4.944999999999999,4.549666666666667,44.56521671313803,52894723.3,4.521333333333333,True,True,5.22
2022-01-27,4.95,5.05,4.9,4.96,39977271.0,234744314.0,23173674650.0,0.001725115744645185,4.912000000000001,4.9350000000000005,4.9615,4.563833333333333,32.8947362361496,53503556.65,4.524166666666668,False,True,5.22
2022-01-28,5.0,5.05,4.8,4.82,36665784.0,210739327.0,23173674650.0,0.0015822170870082532,4.894,4.926,4.9695,4.576,29.761904265873014,53913727.7,4.526666666666667,True,False,5.22
2022-02-07,4.88,5.06,4.87,5.04,47008327.0,277334671.0,23173674650.0,0.002028522783286767,4.92,4.941000000000001,4.9885,4.593333333333333,48.45360754809225,55013384.75,4.528333333333334,True,True,5.22
2022-02-08,5.01,5.15,4.99,5.12,47184605.0,282637350.0,23173674650.0,0.002036129604503617,4.978,4.953,5.0045,4.612333333333334,53.398057526628364,54412460.55,4.536666666666666,False,True,5.22
2022-02-09,5.16,5.22,5.11,5.15,38009105.0,231177529.0,23173674650.0,0.0016401846307961348,5.018,4.968999999999999,5.004,4.632666666666667,54.716980409398396,46383853.7,4.549666666666667,False,False,5.22
2022-02-10,5.12,5.2,5.12,5.2,31974154.0,194651332.0,23173674650.0,0.001379761927398942,5.066000000000001,4.989,5.0115,4.653666666666667,64.94845267084708,43195864.9,4.563833333333333,False,False,5.22
2022-02-11,5.18,5.28,5.16,5.18,44937095.0,276346157.0,23173674650.0,0.0019391441227470587,5.138,5.016,5.009500000000001,4.673666666666667,64.94845267084708,40772942.45,4.576,False,False,5.22
2022-02-14,5.16,5.18,4.95,4.99,47786870.0,283405475.0,23173674650.0,0.0020621187930590025,5.128,5.024,5.0009999999999994,4.6915,49.523808863492086,39976183.45,4.593333333333333,False,False,5.2
2022-02-15,5.01,5.01,4.84,4.9,47341032.0,272950139.0,23173674650.0,0.0020428798071522075,5.0840000000000005,5.031000000000001,4.992500000000001,4.707166666666667,46.01769854491347,40043054.75,4.612333333333334,True,False,5.2
2022-02-16,4.91,5.05,4.91,5.03,29141913.0,172049070.0,23173674650.0,0.0012575438915122595,5.0600000000000005,5.039,4.9915,4.725499999999999,51.19999942656002,38986531.85,4.632666666666667,True,True,5.2
2022-02-17,5.04,5.07,4.93,4.96,30372299.0,178045713.0,23173674650.0,0.0013106380174367383,5.0120000000000005,5.039,4.987,4.741833333333333,52.03251973296318,38927704.5,4.653666666666667,False,True,5.2
2022-02-18,4.93,5.05,4.92,5.05,22151249.0,130420460.0,23173674650.0,0.0009558798651727856,4.986,5.061999999999999,4.994,4.759833333333334,55.303029716483,36704126.55,4.673666666666667,True,False,5.2
2022-02-21,5.03,5.06,4.97,4.99,20915218.0,122909690.0,23173674650.0,0.000902542143871861,4.986,5.057,4.999,4.776166666666667,56.153845549112454,36000286.25,4.6915,False,True,5.2
2022-02-22,4.93,4.99,4.88,4.92,23016995.0,133356577.0,23173674650.0,0.0009932388948940387,4.99,5.037000000000001,4.994999999999999,4.7905,48.799999453439995,35104883.8,4.707166666666667,True,False,5.2
2022-02-23,4.91,4.94,4.85,4.88,26407363.0,151716759.0,23173674650.0,0.001139541458091542,4.96,5.01,4.9895000000000005,4.802333333333333,46.87499948730469,34932826.15,4.725499999999999,True,True,5.2
2022-02-24,4.88,4.9,4.7,4.76,43108384.0,243514344.0,23173674650.0,0.001860230828777947,4.92,4.966,4.9775,4.812833333333333,47.619047089947074,35577232.2,4.741833333333333,True,True,5.2
2022-02-25,4.8,4.87,4.76,4.8,30896349.0,175241906.0,23173674650.0,0.0013332520399392076,4.869999999999999,4.928,4.9719999999999995,4.823499999999999,38.88888838477366,35881088.55,4.759833333333334,True,True,5.2
2022-02-28,4.82,4.85,4.74,4.83,34618973.0,196018367.0,23173674650.0,0.0014938922515683115,4.837999999999999,4.912,4.968000000000001,4.8365,35.92232960882271,35866897.15,4.776166666666667,True,True,5.2
2022-03-01,4.85,4.88,4.81,4.85,26397290.0,150749332.0,23173674650.0,0.0011391067838263623,4.824,4.907,4.968999999999999,4.850333333333333,35.29411716262972,35511535.1,4.7905,True,True,5.2
2022-03-02,4.81,4.9,4.8,4.89,30678120.0,175345208.0,23173674650.0,0.0013238349318069847,4.826,4.893,4.966,4.864,34.653464866189566,34929419.8,4.802333333333333,True,True,5.2
2022-03-03,4.91,5.18,4.88,5.14,106686249.0,642454227.0,23173674650.0,0.004603769173914763,4.901999999999999,4.911,4.975,4.880999999999999,48.38709622788762,38264868.7,4.812833333333333,True,True,5.2
2022-03-04,5.14,5.15,4.94,4.98,54226954.0,319607223.0,23173674650.0,0.0023400239633553327,4.938,4.904,4.9830000000000005,4.892333333333332,49.58677628577285,39142927.2,4.823499999999999,False,True,5.2
2022-03-07,4.94,4.99,4.71,4.74,61258825.0,347317291.0,23173674650.0,0.0026434661712142404,4.92,4.879,4.968,4.8925,44.11764660467127,39855452.1,4.8365,True,False,5.2
2022-03-08,4.74,4.77,4.5,4.51,52114560.0,282326748.0,23173674650.0,0.0022488690631548157,4.851999999999999,4.837999999999999,4.9375,4.8854999999999995,32.191780513229475,40101949.85,4.850333333333333,True,True,5.2
2022-03-09,4.44,4.58,4.37,4.54,63312645.0,335541241.0,23173674650.0,0.0027320934619231825,4.782,4.804,4.907,4.881833333333334,35.21126725848046,41367126.85,4.864,True,True,5.2
2022-03-10,4.63,4.68,4.55,4.6,82088844.0,446583297.0,23173674650.0,0.0035423317725745323,4.674,4.787999999999999,4.877000000000001,4.8774999999999995,33.81294929972567,43872861.35,4.880999999999999,True,True,5.2
2022-03-11,4.6,4.79,4.43,4.77,75935266.0,414560123.0,23173674650.0,0.0032767900277740373,4.632,4.785,4.8565,4.874666666666667,42.66666626844443,45422769.9,4.892333333333332,True,True,5.18
2022-03-14,4.79,4.93,4.74,4.76,60271317.0,344542000.0,23173674650.0,0.0026008528172721196,4.636,4.7780000000000005,4.845,4.873333333333334,44.44444401234568,46046992.25,4.8925,True,True,5.14
2022-03-15,4.73,4.77,4.59,4.6,67110544.0,369060996.0,23173674650.0,0.002895981971508347,4.654,4.753,4.83,4.871166666666666,41.02564065746219,47035467.85,4.8854999999999995,True,True,5.14
2022-03-16,4.63,4.88,4.63,4.86,65383204.0,365635263.0,23173674650.0,0.002821443080888339,4.717999999999999,4.75,4.8214999999999995,4.8755,52.9411760346021,48847532.4,4.881833333333334,True,True,5.14
2022-03-17,4.89,4.9,4.78,4.82,72186604.0,409700527.0,23173674650.0,0.003115026213591896,4.7620000000000005,4.718,4.8145,4.879166666666666,50.58823487750867,50938247.65,4.8774999999999995,False,True,5.14
2022-03-18,4.8,4.87,4.71,4.78,38485961.0,216886715.0,23173674650.0,0.001660762118277172,4.764,4.698,4.801,4.881166666666667,48.53801129851921,51754983.25,4.874666666666667,False,False,5.14
2022-03-21,4.76,4.81,4.64,4.7,37624915.0,208170753.0,23173674650.0,0.0016236059049012325,4.752,4.694,4.7865,4.8815,45.762711502441846,52590468.1,4.873333333333334,True,False,5.14
2022-03-22,4.66,4.78,4.66,4.76,26035247.0,145206629.0,23173674650.0,0.001123483754442026,4.784000000000001,4.718999999999999,4.7785,4.882833333333333,46.368714721138545,52741380.7,4.871166666666666,True,True,5.14
2022-03-23,4.79,4.8,4.67,4.72,32806682.0,182311934.0,23173674650.0,0.0014156875202353805,4.756,4.737,4.7705,4.881166666666667,36.70886043422529,53061346.65,4.8755,True,True,5.14
2022-03-24,4.71,4.73,4.66,4.68,22874210.0,126261509.0,23173674650.0,0.0009870773774758247,4.728,4.745,4.7665,4.879666666666667,39.726027016325745,52049637.95,4.879166666666666,True,True,5.14
2022-03-25,4.66,4.68,4.59,4.6,26260465.0,142750852.0,23173674650.0,0.0011332024547949715,4.692,4.728,4.756500000000001,4.877666666666666,44.615384134911224,51817843.75,4.881166666666667,True,True,5.14
2022-03-28,4.56,4.67,4.46,4.64,34807372.0,187837207.0,23173674650.0,0.001502022123194001,4.68,4.715999999999999,4.747,4.8773333333333335,55.85585515136759,51827263.7,4.8815,True,True,5.14
2022-03-29,4.64,4.65,4.56,4.6,19416701.0,105037369.0,23173674650.0,0.0008378775180568957,4.648,4.715999999999999,4.7345,4.8773333333333335,52.67857077008928,51478234.25,4.882833333333333,True,True,5.14
2022-03-30,4.61,4.62,4.54,4.6,24073215.0,129996251.0,23173674650.0,0.0010388173374998168,4.624,4.6899999999999995,4.72,4.877,49.99999933962265,51147989.0,4.881166666666667,True,True,5.14
2022-03-31,4.59,4.67,4.57,4.65,27605160.0,150872334.0,23173674650.0,0.001191229289999547,4.618,4.673,4.6955,4.8773333333333335,43.6170206269806,47193934.55,4.879666666666667,True,True,5.14
2022-04-01,4.8,5.11,4.8,5.11,165553616.0,987182788.0,23173674650.0,0.00714403815969687,4.72,4.7059999999999995,4.702,4.884833333333334,62.58992742715182,52760267.65,4.877666666666666,True,True,4.98
2022-04-06,5.01,5.21,4.96,5.19,185241904.0,1117210863.0,23173674650.0,0.007993635312386678,4.83,4.755,4.7245,4.893666666666666,72.51908319445255,58959421.6,4.8773333333333335,False,True,5.11
2022-04-07,5.14,5.28,5.1,5.22,92589637.0,566589986.0,23173674650.0,0.00399546633835217,4.954,4.801,4.76,4.900666666666666,66.66666580246911,60983175.45,4.8773333333333335,False,False,5.19
2022-04-08,5.21,5.37,5.19,5.33,91897743.0,569842127.0,23173674650.0,0.003965609442091653,5.1000000000000005,4.862,4.7995,4.9035,72.17391216483931,62412430.35,4.877,False,False,5.22
2022-04-11,5.33,5.37,5.15,5.16,74865000.0,460086061.0,23173674650.0,0.0032306054663626686,5.202,4.909999999999999,4.8275,4.905333333333333,64.84374929077148,62051238.15,4.8773333333333335,False,False,5.33
2022-04-12,5.16,5.35,5.05,5.22,71494921.0,435074331.0,23173674650.0,0.0030851784224907117,5.224,4.9719999999999995,4.85,4.905333333333333,70.63491985008818,61829220.9,4.884833333333334,False,False,5.33
2022-04-13,5.22,5.31,5.14,5.17,51203220.0,313818217.0,23173674650.0,0.002209542542274365,5.220000000000001,5.025,4.870500000000001,4.9055,66.39999925632002,61375816.05,4.893666666666666,False,False,5.33
2022-04-14,5.15,5.24,5.11,5.22,35927774.0,219007277.0,23173674650.0,0.0015503701740284853,5.220000000000001,5.087,4.9015,4.908,69.84126906525574,59816677.55,4.900666666666666,False,False,5.33
2022-04-15,5.2,5.29,5.13,5.26,42540692.0,261384825.0,23173674650.0,0.001835733548628206,5.2059999999999995,5.1530000000000005,4.9215,4.9115,73.01587220458555,58674551.95,4.9035,False,False,5.33
2022-04-18,5.28,5.32,5.14,5.28,44000185.0,271602643.0,23173674650.0,0.0018987141946432739,5.2299999999999995,5.215999999999999,4.9445,4.915333333333334,78.33333241944447,57265231.0,4.905333333333333,False,False,5.33
2022-04-19,5.26,5.38,5.24,5.3,47249802.0,295023670.0,23173674650.0,0.0020389430124324284,5.246,5.235,4.9704999999999995,4.921833333333334,77.96610076989373,57703423.05,4.905333333333333,False,False,5.33
2022-04-20,5.25,5.29,5.16,5.18,36984622.0,227199518.0,23173674650.0,0.0015959757163501904,5.248,5.234,4.9945,4.926666666666666,73.01587220458555,57671408.4,4.9055,False,False,5.33
2022-04-21,5.16,5.2,5.05,5.08,37053949.0,223186267.0,23173674650.0,0.0015989673437483943,5.22,5.22,5.0104999999999995,4.928,67.64705812716267,58222343.5,4.908,False,False,5.33
2022-04-22,5.06,5.22,5.02,5.16,37567231.0,226721933.0,23173674650.0,0.0016211167010580258,5.2,5.203,5.0325,4.930833333333334,68.34532305263704,58460370.95,4.9115,False,False,5.33
2022-04-25,5.1,5.11,4.88,4.88,47436235.0,279360618.0,23173674650.0,0.0020469880464123974,5.12,5.175,5.0425,4.928833333333333,40.49586730004779,59688472.2,4.915333333333334,False,False,5.33
2022-04-26,4.93,5.04,4.86,4.88,43076607.0,250736983.0,23173674650.0,0.0018588595745215573,5.036,5.141,5.0565,4.928333333333333,36.28318539118174,60529279.3,4.921833333333334,True,False,5.33
2022-04-27,4.87,4.94,4.77,4.92,41371278.0,237094354.0,23173674650.0,0.0017852705116838258,4.984,5.1160000000000005,5.0705,4.9285,36.842104810711,60857474.6,4.926666666666666,True,True,5.33
2022-04-28,4.9,5.04,4.83,4.94,36099357.0,209408613.0,23173674650.0,0.0015577743946620913,4.956,5.088,5.0875,4.9303333333333335,31.42857100952382,61691607.4,4.928,True,True,5.33
2022-04-29,4.95,5.04,4.87,5.04,42971821.0,250923798.0,23173674650.0,0.001854337805678997,4.932,5.066,5.109500000000001,4.9318333333333335,43.877550393586006,62636537.7,4.930833333333334,True,True,5.33
2022-05-05,5.03,5.48,5.02,5.44,99126894.0,620393631.0,23173674650.0,0.0042775647581640664,5.0440000000000005,5.081999999999999,5.149,4.939833333333334,58.3333327146465,66212624.4,4.928833333333333,True,True,5.33
2022-05-06,5.28,5.45,5.19,5.22,60998658.0,380090892.0,23173674650.0,0.0026322393371480254,5.112,5.074,5.1545000000000005,4.9464999999999995,51.67785186342957,60984876.5,4.928333333333333,False,True,5.44
2022-05-09,5.18,5.32,5.16,5.24,33733317.0,208209120.0,23173674650.0,0.0014556740572863787,5.176,5.08,5.157,4.949833333333333,50.68493102082944,53409447.15,4.9285,False,False,5.44
2022-05-10,5.19,5.29,5.06,5.28,52615833.0,322105774.0,23173674650.0,0.002270500203125964,5.244,5.1,5.16,4.952500000000001,50.68493102082944,51410756.95,4.9303333333333335,False,False,5.44
2022-05-11,5.28,5.28,5.1,5.11,60075750.0,365352828.0,23173674650.0,0.0025924136291436196,5.258000000000001,5.095,5.149,4.951833333333332,44.72049650553606,49819657.3,4.9318333333333335,False,False,5.44
2022-05-12,5.04,5.16,4.99,5.14,37400774.0,224335086.0,23173674650.0,0.0016139336796980534,5.198,5.121,5.148,4.950833333333334,45.06172800563939,47946446.0,4.939833333333334,True,False,5.44
2022-05-13,5.1,5.43,5.09,5.4,94246748.0,593830168.0,23173674650.0,0.00406697467809664,5.234,5.173,5.157,4.9544999999999995,56.24999955255683,49084037.35,4.9464999999999995,True,True,5.44
2022-05-16,5.39,5.39,5.22,5.3,56796196.0,353114854.0,23173674650.0,0.002450892957539645,5.246,5.211,5.1635,4.959666666666667,56.249999552556815,49363686.15,4.949833333333333,False,True,5.44
2022-05-17,5.29,5.34,5.16,5.21,38302149.0,235103624.0,23173674650.0,0.0016528301867740256,5.232000000000001,5.238,5.162999999999999,4.964833333333333,51.41242897187908,49482404.9,4.952500000000001,False,False,5.44
2022-05-18,5.24,5.25,5.14,5.16,34349435.0,209240549.0,23173674650.0,0.0014822610362314722,5.242,5.25,5.158,4.9670000000000005,59.09090855371901,49072842.05,4.951833333333332,False,False,5.44
2022-05-19,5.09,5.13,5.01,5.11,41131716.0,245652718.0,23173674650.0,0.0017749328331059485,5.236,5.2170000000000005,5.149500000000001,4.969499999999999,57.23270389857997,48929418.6,4.950833333333334,False,False,5.44
2022-05-20,5.11,5.26,5.11,5.23,42090208.0,257785582.0,23173674650.0,0.001816294076606448,5.202,5.218,5.146,4.972499999999999,59.28143662877839,48671438.9,4.9544999999999995,True,False,5.44
2022-05-23,5.23,5.28,5.18,5.2,26412641.0,162241522.0,23173674650.0,0.0011397692165320877,5.182,5.214,5.147,4.976,57.738094756944434,48142839.85,4.959666666666667,False,True,5.44
2022-05-24,5.2,5.25,5.05,5.05,34408370.0,208564871.0,23173674650.0,0.0014848042237444634,5.15,5.191000000000001,5.1455,4.978166666666667,50.28901693407731,48010560.9,4.964833333333333,False,False,5.44
2022-05-25,5.05,5.31,5.04,5.29,66554595.0,411852784.0,23173674650.0,0.0028719914301549927,5.176,5.2090000000000005,5.152,4.985,45.22292953304393,49459929.1,4.9670000000000005,True,False,5.44
2022-05-26,5.29,5.38,5.26,5.35,50029633.0,313579775.0,23173674650.0,0.0021588994303067943,5.223999999999999,5.23,5.1754999999999995,4.994833333333333,54.60992853578794,49589599.0,4.969499999999999,False,True,5.44
2022-05-27,5.35,5.39,5.28,5.35,37075253.0,232917050.0,23173674650.0,0.0015998866627740457,5.247999999999999,5.225,5.199,5.0040000000000004,53.95683398892395,49289531.3,4.972499999999999,False,False,5.44
2022-05-30,5.41,5.46,5.28,5.34,42936283.0,271160423.0,23173674650.0,0.0018528042551939426,5.276,5.229,5.220000000000001,5.0125,52.205881815527675,49367781.55,4.976,False,False,5.44
2022-05-31,5.35,5.42,5.3,5.31,39584500.0,249011151.0,23173674650.0,0.0017081667278866367,5.327999999999999,5.239,5.2385,5.020166666666666,58.196720643644156,49542038.7,4.978166666666667,False,False,5.44
2022-06-01,5.31,5.51,5.3,5.46,68718014.0,439706884.0,23173674650.0,0.0029653481822745796,5.362,5.269,5.2595,5.029666666666667,61.940297860325245,50829348.35,4.985,False,False,5.44
2022-06-02,5.45,5.45,5.23,5.26,61997093.0,386229741.0,23173674650.0,0.0026753242175167934,5.343999999999999,5.284000000000001,5.2505,5.031666666666667,44.531249512939446,48972858.3,4.994833333333333,False,False,5.46
2022-06-06,5.22,5.28,5.17,5.27,40026439.0,246654184.0,23173674650.0,0.001727237462531649,5.328,5.287999999999999,5.253,5.0365,48.73949522491349,47924247.35,5.0040000000000004,False,False,5.46
2022-06-07,5.28,5.39,5.24,5.33,45866897.0,287644143.0,23173674650.0,0.001979267323492867,5.326,5.300999999999999,5.2575,5.046333333333333,55.1724131272295,48530926.35,5.0125,False,False,5.46
2022-06-08,5.33,5.38,5.19,5.3,45256936.0,279815400.0,23173674650.0,0.001952946033960134,5.324,5.326,5.2585,5.0595,56.140350187750066,48162981.5,5.020166666666666,False,False,5.46
2022-06-09,5.29,5.32,5.2,5.22,42992811.0,265048018.0,23173674650.0,0.001855243574846685,5.276,5.319,5.264,5.070833333333334,54.70085404631454,47308834.55,5.029666666666667,False,False,5.46
2022-06-10,5.2,5.25,5.16,5.22,43888964.0,268962858.0,23173674650.0,0.0018939147400172894,5.267999999999999,5.305999999999999,5.268,5.081166666666666,49.52380886349204,47633244.05,5.031666666666667,True,False,5.46
2022-06-13,5.18,5.23,5.05,5.09,53966853.0,325374905.0,23173674650.0,0.0023287999773484347,5.232,5.279999999999999,5.2524999999999995,5.0865,45.217390753875236,45619249.3,5.0365,True,True,5.46
2022-06-14,5.05,5.13,5.0,5.12,41710572.0,248695358.0,23173674650.0,0.0017999118668044303,5.1899999999999995,5.258,5.2435,5.0925,53.398057526628364,44864968.1,5.046333333333333,True,True,5.46
2022-06-15,5.13,5.24,5.1,5.15,48923026.0,298078926.0,23173674650.0,0.0021111466670220122,5.159999999999999,5.241999999999999,5.2405,5.1016666666666675,41.46341392623443,45396011.95,5.0595,True,True,5.46
2022-06-16,5.15,5.2,5.05,5.06,39461210.0,236549189.0,23173674650.0,0.0017028464667773351,5.128,5.202,5.2355,5.105,32.94117592802773,45651600.7,5.070833333333334,True,True,5.46
2022-06-17,5.04,5.05,4.98,5.04,34321858.0,202781886.0,23173674650.0,0.001481071022113448,5.0920000000000005,5.18,5.231999999999999,5.108666666666667,32.18390752807511,45311107.8,5.081166666666666,True,True,5.46
2022-06-20,5.03,5.07,4.99,5.05,28253076.0,167275435.0,23173674650.0,0.001219188429401722,5.0840000000000005,5.1579999999999995,5.223000000000001,5.113166666666666,33.33333279693491,44619251.2,5.0865,True,True,5.46
2022-06-21,5.03,5.06,4.94,4.98,36653743.0,216028531.0,23173674650.0,0.001581697488792525,5.056,5.123,5.212,5.1178333333333335,31.86813137785299,45131306.3,5.0925,True,True,5.46
2022-06-22,4.98,5.01,4.94,4.94,21645197.0,126717200.0,23173674650.0,0.0009340424998156259,5.014,5.087,5.2065,5.120833333333334,17.499999693750055,44493147.65,5.1016666666666675,True,True,5.46
2022-06-23,4.94,4.98,4.88,4.98,32295780.0,187569816.0,23173674650.0,0.0013936408656708228,4.998,5.063000000000001,5.191,5.125166666666667,28.1249993847657,42780206.9,5.105,True,True,5.46
2022-06-24,4.95,5.03,4.94,5.01,36314427.0,212531968.0,23173674650.0,0.001567055184318815,4.992,5.042,5.174,5.1306666666666665,30.303029660238778,42094446.6,5.108666666666667,True,True,5.46
2022-06-27,5.02,5.04,4.94,4.98,31815527.0,186642681.0,23173674650.0,0.0013729167894397792,4.978,5.031000000000001,5.1555,5.1370000000000005,22.222221728395056,41831460.3,5.113166666666666,True,True,5.46
2022-06-28,4.97,5.02,4.93,5.01,27464857.0,161220486.0,23173674650.0,0.001185174876872624,4.984,5.0200000000000005,5.139,5.1431666666666676,26.984126384479666,41057889.0,5.1178333333333335,True,True,5.46
2022-06-29,5.02,5.03,4.94,4.95,33264252.0,194741855.0,23173674650.0,0.0014354327702620093,4.986000000000001,5.0,5.121,5.149,27.86885181940336,40741876.6,5.120833333333334,True,True,5.46
2022-06-30,4.99,5.01,4.93,4.95,32905801.0,192410366.0,23173674650.0,0.0014199647443483893,4.98,4.989,5.0954999999999995,5.1548333333333325,27.86885181940336,38951265.95,5.125166666666667,True,True,5.46
2022-07-01,4.94,4.96,4.91,4.95,27739676.0,160930025.0,23173674650.0,0.0011970339801072507,4.968,4.98,5.08,5.159833333333333,35.41666563368055,37238395.1,5.1306666666666665,True,True,5.33
2022-07-04,4.95,4.95,4.88,4.95,30966549.0,179197181.0,23173674650.0,0.001336281339394743,4.962000000000001,4.970000000000001,5.064,5.157166666666667,31.1111101432098,36785400.6,5.1370000000000005,True,True,5.33
2022-07-05,4.95,5.09,4.94,5.03,57583990.0,340000266.0,23173674650.0,0.002484888170292837,4.966,4.975,5.049,5.1545,37.999998935999955,37371255.25,5.1431666666666676,True,True,5.33
2022-07-06,5.03,5.03,4.81,4.85,49052901.0,282520652.0,23173674650.0,0.0021167510867768223,4.946,4.966,5.0265,5.148333333333334,32.203389066360174,37561053.5,5.149,True,True,5.3
2022-07-07,4.87,4.9,4.82,4.83,28029939.0,160106359.0,23173674650.0,0.0012095595292220952,4.922,4.951,5.007,5.14,32.203389066360174,36812909.9,5.1548333333333325,True,True,5.22
2022-07-08,4.84,4.89,4.83,4.88,21690947.0,124356929.0,23173674650.0,0.0009360167227513915,4.9079999999999995,4.938000000000001,4.99,5.1353333333333335,36.50793569664899,35703009.05,5.159833333333333,True,True,5.22
2022-07-11,4.88,4.88,4.81,4.84,22931926.0,130474481.0,23173674650.0,0.000989567962196276,4.886,4.924,4.9775,5.1290000000000004,38.33333243888882,34151262.7,5.157166666666667,True,True,5.15
2022-07-12,4.83,4.87,4.81,4.82,16309594.0,92856968.0,23173674650.0,0.0007037983507721336,4.843999999999999,4.904999999999999,4.9625,5.123166666666667,39.65517145659925,32881213.8,5.1545,True,True,5.15
2022-07-13,4.83,4.85,4.79,4.81,27130240.0,153775029.0,23173674650.0,0.0011707353455918136,4.836,4.891,4.9455,5.116333333333333,34.54545366611559,31791574.5,5.148333333333334,True,True,5.15
2022-07-14,4.81,4.84,4.71,4.79,35637236.0,200929535.0,23173674650.0,0.0015378327579998194,4.828,4.875,4.932,5.1085,29.629628861454023,31600375.8,5.14,True,True,5.06
2022-07-15,4.8,4.81,4.67,4.67,31679516.0,176106905.0,23173674650.0,0.0013670475864733002,4.786,4.8469999999999995,4.9135,5.098333333333333,25.39682483245143,31468258.7,5.1353333333333335,True,True,5.05
2022-07-18,4.63,4.72,4.63,4.71,31541963.0,174269252.0,23173674650.0,0.0013611118424845926,4.76,4.823,4.8965,5.0885,26.562499418945336,31632703.05,5.1290000000000004,True,True,5.05
2022-07-19,4.71,4.77,4.7,4.76,20244152.0,113034428.0,23173674650.0,0.0008735840260879817,4.747999999999999,4.796,4.8855,5.0815,34.920634144620806,30812223.5,5.123166666666667,True,True,5.03
2022-07-20,4.76,4.79,4.75,4.77,18781690.0,105467930.0,23173674650.0,0.0008104752605560551,4.74,4.787999999999999,4.877,5.076333333333333,35.937499213867156,30669048.15,5.116333333333333,True,True,5.03
2022-07-21,4.79,4.81,4.73,4.73,18100678.0,101420032.0,23173674650.0,0.000781087948863561,4.728,4.7780000000000005,4.8645000000000005,5.069166666666666,33.82352871539794,29959293.05,5.1085,True,True,5.03
2022-07-22,4.73,4.77,4.72,4.76,17915030.0,100212539.0,23173674650.0,0.0007730767895285006,4.7459999999999996,4.766,4.852,5.067166666666667,36.61971758778016,29039323.2,5.098333333333333,True,True,5.03
2022-07-25,4.77,4.79,4.74,4.74,17440845.0,97760765.0,23173674650.0,0.0007526145621449811,4.752000000000001,4.756,4.84,5.0648333333333335,27.692307095857913,28320589.1,5.0885,True,True,5.03
2022-07-26,4.74,4.77,4.68,4.77,14318067.0,80076450.0,23173674650.0,0.0006178591533820468,4.754,4.7509999999999994,4.828,5.062333333333333,41.999998823999974,27663249.6,5.0815,True,True,5.03
2022-07-27,4.76,4.77,4.71,4.72,15677777.0,87314704.0,23173674650.0,0.0006765339220812785,4.744,4.742,4.8165,5.058666666666666,39.62264046279809,26783925.85,5.076333333333333,True,True,5.03
2022-07-28,4.74,4.75,4.7,4.72,19483724.0,108259862.0,23173674650.0,0.0008407697222934819,4.741999999999999,4.735,4.805,5.053333333333333,33.33333236111102,26112822.0,5.069166666666666,True,True,5.03
2022-07-29,4.71,4.71,4.63,4.66,28495836.0,156715972.0,23173674650.0,0.0012296641093992402,4.7219999999999995,4.734,4.7905,5.040333333333333,31.999999103999926,26150630.0,5.067166666666667,True,True,5.03
2022-08-01,4.6,4.66,4.6,4.65,26867814.0,146344033.0,23173674650.0,0.0011594110302226065,4.704,4.728,4.775499999999999,5.030833333333334,32.65306029154512,25945693.25,5.0648333333333335,True,True,5.03
2022-08-02,4.61,4.62,4.42,4.54,39321717.0,208371911.0,23173674650.0,0.0016968270071056684,4.6579999999999995,4.706,4.7509999999999994,5.019166666666666,27.118643424303272,25032579.6,5.062333333333333,True,True,5.03
2022-08-03,4.5,4.58,4.45,4.46,18661318.0,98946199.0,23173674650.0,0.0008052809181905037,4.606,4.675,4.7315,5.0055,24.615384085206983,23513000.45,5.058666666666666,True,True,4.88
2022-08-04,4.47,4.53,4.46,4.52,15468421.0,81858897.0,23173674650.0,0.0006674997053175596,4.566000000000001,4.654,4.715999999999999,4.995666666666667,37.28813470841704,22884924.55,5.053333333333333,True,True,4.88
2022-08-05,4.53,4.57,4.48,4.56,15639946.0,83350979.0,23173674650.0,0.0006749014231111595,4.546,4.634,4.7,4.986,37.28813470841704,22582374.5,5.040333333333333,True,True,4.88
2022-08-08,4.56,4.61,4.55,4.59,12613159.0,68040471.0,23173674650.0,0.0005442882577105655,4.534,4.619,4.6875,4.9725,35.08771843644192,22066436.15,5.030833333333334,True,True,4.84
2022-08-09,4.6,4.61,4.54,4.59,14411510.0,77863184.0,23173674650.0,0.000621891444393779,4.544,4.601000000000001,4.676,4.960666666666667,33.9285705803571,21971531.95,5.019166666666666,True,True,4.82
2022-08-10,4.59,4.6,4.54,4.56,11980125.0,64413963.0,23173674650.0,0.0005169713125319985,4.563999999999999,4.585,4.663500000000001,4.949833333333333,34.54545366611559,21214026.2,5.0055,True,True,4.81
2022-08-11,4.6,4.65,4.59,4.65,20096929.0,109396409.0,23173674650.0,0.0008672309982568949,4.59,4.577999999999999,4.656499999999999,4.941333333333333,40.983605616769744,20437010.85,4.995666666666667,True,True,4.79
2022-08-12,4.64,4.68,4.63,4.67,16966625.0,93187553.0,23173674650.0,0.0007321508244269754,4.612,4.579,4.656499999999999,4.934,44.26229406611126,19701366.3,4.986,True,True,4.77
2022-08-15,4.68,4.71,4.64,4.66,18886753.0,103972750.0,23173674650.0,0.0008150089826172648,4.6259999999999994,4.58,4.654,4.9245,40.677965136455114,19068605.8,4.9725,False,True,4.77
2022-08-16,4.66,4.69,4.63,4.63,14273671.0,78161802.0,23173674650.0,0.0006159433588146971,4.634,4.589,4.6475,4.915000000000001,42.10526212373042,18770081.75,4.960666666666667,False,False,4.77
2022-08-17,4.63,4.67,4.61,4.66,16553608.0,90541707.0,23173674650.0,0.0007143281438966781,4.654000000000001,4.609,4.642,4.9085,44.999998950000055,18658677.65,4.949833333333333,True,False,4.77
2022-08-18,4.63,4.66,4.57,4.6,24109135.0,130687068.0,23173674650.0,0.0010403673722069798,4.644,4.617,4.6354999999999995,4.897,44.99999895,18959100.5,4.941333333333333,False,True,4.77
2022-08-19,4.61,4.64,4.59,4.62,20228291.0,106234902.0,23173674650.0,0.0008728995856511691,4.634,4.622999999999999,4.6285,4.884833333333334,47.54098251545285,19074763.55,4.934,True,False,4.77
2022-08-22,4.63,4.76,4.62,4.74,26568910.0,142546568.0,23173674650.0,0.0011465126010992823,4.65,4.638,4.6285,4.874666666666667,66.1290307648283,19531166.8,4.9245,True,True,4.77
2022-08-23,4.72,4.74,4.67,4.7,17351116.0,92507186.0,23173674650.0,0.0007487425391984607,4.664,4.649,4.625,4.864000000000001,70.68965346611176,19682819.25,4.915000000000001,False,True,4.77
2022-08-24,4.71,4.74,4.64,4.66,18931053.0,100750000.0,23173674650.0,0.0008169206345528805,4.664,4.659000000000001,4.622,4.853166666666667,62.49999843750004,19845483.05,4.9085,False,False,4.74
2022-08-25,4.67,4.8,4.66,4.78,33434296.0,180131638.0,23173674650.0,0.0014427705793306285,4.7,4.672000000000001,4.625,4.841833333333333,67.18749853027346,20543011.65,4.897,False,False,4.74
2022-08-26,4.79,4.79,4.73,4.76,22674699.0,122567752.0,23173674650.0,0.000978467996226917,4.728,4.681,4.63,4.8335,63.49206208112872,20251954.8,4.884833333333334,False,False,4.78
2022-08-29,4.72,4.75,4.67,4.75,22827410.0,122268832.0,23173674650.0,0.0009850578445054678,4.73,4.6899999999999995,4.635,4.824833333333333,62.4999986328125,20049934.6,4.874666666666667,False,False,4.78
2022-08-30,4.8,4.89,4.73,4.75,53120680.0,288297534.0,23173674650.0,0.0022922855698243785,4.74,4.702,4.6455,4.815166666666667,65.57376898683151,20739882.75,4.864000000000001,False,False,4.78
2022-08-31,4.77,4.82,4.73,4.76,49195828.0,266648387.0,23173674650.0,0.0021229187318378097,4.76,4.712,4.660500000000001,4.806166666666667,60.37735689569239,22266608.25,4.853166666666667,False,False,4.78
2022-09-01,4.77,4.8,4.67,4.69,39034877.0,209470136.0,23173674650.0,0.0016844491687035919,4.742,4.720999999999999,4.6690000000000005,4.797333333333333,51.724136682520886,23444931.05,4.841833333333333,False,False,4.78
2022-09-02,4.72,4.73,4.65,4.67,28544273.0,151676515.0,23173674650.0,0.0012317542828711458,4.723999999999999,4.726,4.6745,4.788166666666667,50.84745642056882,24090147.4,4.8335,False,False,4.78
2022-09-05,4.67,4.79,4.67,4.78,42450677.0,228773190.0,23173674650.0,0.0018318491840913112,4.7299999999999995,4.7299999999999995,4.684,4.7829999999999995,61.19402857206507,25582023.3,4.824833333333333,True,False,4.78
2022-09-06,4.8,4.85,4.77,4.83,41318814.0,225828459.0,23173674650.0,0.001783006563441159,4.746,4.743,4.696,4.7781666666666665,62.3188393152699,26927388.5,4.815166666666667,False,True,4.78
2022-09-07,4.82,4.84,4.78,4.83,26573775.0,145306707.0,23173674650.0,0.0011467225375928888,4.76,4.76,4.7095,4.772833333333334,68.25396673721345,27657071.0,4.806166666666667,False,False,4.83
2022-09-08,4.84,4.89,4.82,4.89,30675073.0,169651265.0,23173674650.0,0.001323703446401842,4.8,4.770999999999999,4.721500000000001,4.77,70.14925226553798,28185978.2,4.797333333333333,False,False,4.83
2022-09-09,4.86,4.96,4.85,4.93,36076887.0,201581802.0,23173674650.0,0.0015568047599218366,4.851999999999999,4.787999999999999,4.7345,4.768166666666667,66.10169334673944,29141491.3,4.788166666666667,False,False,4.89
2022-09-13,4.91,4.93,4.85,4.88,27867198.0,154373450.0,23173674650.0,0.0012025368622321621,4.872,4.801,4.745500000000001,4.765333333333333,64.99999848333336,29590513.55,4.7829999999999995,False,False,4.93
2022-09-14,4.83,4.88,4.8,4.83,24513448.0,134499659.0,23173674650.0,0.0010578144541267217,4.872,4.808999999999999,4.7555,4.762833333333333,63.93442476216075,30102502.4,4.7781666666666665,False,False,4.93
2022-09-15,4.84,4.89,4.79,4.85,25090375.0,137915433.0,23173674650.0,0.0010827102468187971,4.8759999999999994,4.818,4.765,4.761333333333334,56.86274353710111,30529340.75,4.772833333333334,False,False,4.93
2022-09-16,4.83,4.83,4.67,4.67,41371405.0,222288170.0,23173674650.0,0.0017852759920403906,4.832,4.816,4.7685,4.756166666666667,43.28358118511919,31392454.25,4.77,False,False,4.93
2022-09-19,4.68,4.73,4.62,4.69,22998125.0,122142836.0,23173674650.0,0.0009924246088438115,4.784000000000001,4.818,4.772,4.7508333333333335,45.588234355536365,31530945.95,4.768166666666667,True,False,4.93
2022-09-20,4.69,4.74,4.66,4.68,20621551.0,109855996.0,23173674650.0,0.000889869703940113,4.744,4.808,4.769,4.745833333333334,44.92753532031085,31233578.0,4.765333333333333,True,True,4.93
2022-09-21,4.67,4.84,4.66,4.81,39518700.0,214914749.0,23173674650.0,0.0017053272990522458,4.74,4.806,4.7745,4.742500000000001,53.08641883554338,32341957.2,4.762833333333333,True,True,4.93
2022-09-22,4.82,4.86,4.76,4.84,26756368.0,146268567.0,23173674650.0,0.0011546018663034954,4.738,4.8069999999999995,4.7835,4.740666666666667,59.74025865407319,32733222.95,4.761333333333334,False,True,4.93
2022-09-23,4.85,4.91,4.76,4.88,38872418.0,215021211.0,23173674650.0,0.0016774386706943777,4.779999999999999,4.805999999999999,4.788500000000001,4.7395000000000005,63.29113811889122,33005129.05,4.756166666666667,False,False,4.93
2022-09-26,4.87,4.87,4.75,4.78,30900403.0,169167681.0,23173674650.0,0.001333426979825144,4.798,4.7909999999999995,4.789499999999999,4.736666666666667,49.99999910256412,33416414.25,4.7508333333333335,False,False,4.93
2022-09-27,4.77,4.89,4.76,4.88,26436883.0,144955771.0,23173674650.0,0.001140815317349767,4.838,4.7909999999999995,4.796,4.7355,53.01204729859197,33596887.9,4.745833333333334,True,False,4.93
2022-09-28,4.85,4.93,4.85,4.88,30072386.0,167019938.0,23173674650.0,0.0012976960475277926,4.851999999999999,4.796,4.8025,4.7330000000000005,53.01204729859197,32444473.2,4.742500000000001,False,True,4.93
2022-09-29,4.89,4.92,4.86,4.89,24756149.0,137480317.0,23173674650.0,0.0010682875881318202,4.862,4.8,4.808999999999999,4.733666666666666,49.99999910256412,31222489.25,4.740666666666667,False,False,4.93
2022-09-30,4.87,4.93,4.87,4.89,23140108.0,129072057.0,23173674650.0,0.0009985515180260804,4.864,4.822,4.819,4.734666666666667,47.297296402483575,30427750.8,4.7395000000000005,False,False,4.93
2022-10-10,4.86,4.92,4.81,4.83,32936496.0,182298328.0,23173674650.0,0.0014212893076929428,4.874,4.836,4.827,4.733833333333334,46.66666579555558,30647361.95,4.736666666666667,False,False,4.93
2022-10-11,4.86,4.89,4.81,4.87,20005036.0,110201936.0,23173674650.0,0.0008632655934867024,4.872,4.8549999999999995,4.8315,4.734333333333333,52.70270170562457,29525079.9,4.7355,False,False,4.93
2022-10-12,4.87,4.87,4.74,4.85,24861159.0,135603318.0,23173674650.0,0.0010728190231150932,4.866,4.859,4.8325,4.734833333333333,49.99999905405407,28702197.15,4.7330000000000005,False,False,4.93
2022-10-13,4.82,4.85,4.81,4.82,16402974.0,89934420.0,23173674650.0,0.0007078279231817902,4.851999999999999,4.857,4.832,4.734999999999999,62.71186291870159,28193657.1,4.733666666666666,False,False,4.93
2022-10-14,4.92,4.93,4.84,4.85,23349202.0,129541550.0,23173674650.0,0.0010075744288573587,4.843999999999999,4.854,4.83,4.736000000000001,63.333331855555556,27827363.55,4.734666666666667,True,False,4.93
2022-10-17,4.83,4.85,4.79,4.82,17567908.0,96125562.0,23173674650.0,0.0007580976373119142,4.8420000000000005,4.858,4.8245000000000005,4.7385,61.29032119667026,26901914.6,4.733833333333334,False,True,4.93
2022-10-18,4.84,4.89,4.8,4.82,17381395.0,95429117.0,23173674650.0,0.0007500491511388334,4.832,4.852,4.8214999999999995,4.740333333333334,51.020406705539465,26377624.45,4.734333333333333,True,False,4.89
2022-10-19,4.81,4.89,4.79,4.88,27609441.0,152658177.0,23173674650.0,0.0011914140254834379,4.838,4.852,4.824,4.742333333333334,53.846152396449774,26532424.1,4.734833333333333,True,True,4.89
2022-10-20,4.87,4.89,4.75,4.76,28998408.0,157882845.0,23173674650.0,0.00125135130435604,4.826,4.839,4.8195,4.742166666666666,39.99999906666663,26727825.75,4.734999999999999,False,True,4.89
2022-10-21,4.78,4.86,4.75,4.83,19238717.0,105407616.0,23173674650.0,0.0008301970788219382,4.822,4.833,4.8275,4.743833333333334,54.38596357648511,25621191.35,4.736000000000001,True,False,4.89
2022-10-24,4.83,4.85,4.63,4.64,31663599.0,170079438.0,23173674650.0,0.0013663607295013095,4.786,4.814,4.825,4.741833333333333,31.81818114325064,26054465.05,4.7385,False,True,4.89
2022-10-25,4.64,4.67,4.57,4.58,24030973.0,125666006.0,23173674650.0,0.0010369944932320002,4.7379999999999995,4.784999999999999,4.819999999999999,4.739166666666667,29.166666099536997,26224936.15,4.740333333333334,True,False,4.89
2022-10-26,4.6,4.65,4.58,4.61,13695563.0,71657046.0,23173674650.0,0.0005909966031218101,4.684,4.761,4.8100000000000005,4.7365,31.08108049306064,24933779.3,4.742333333333334,True,True,4.89
2022-10-27,4.6,4.67,4.6,4.64,15403320.0,81230706.0,23173674650.0,0.0006646904400204825,4.659999999999999,4.743,4.8,4.735166666666667,33.766233152302206,24366126.9,4.742166666666666,True,True,4.89
2022-10-28,4.63,4.65,4.53,4.53,16290641.0,84848543.0,23173674650.0,0.0007029804830715529,4.6,4.711,4.782500000000001,4.732,31.70731653182625,23237038.05,4.743833333333334,True,True,4.89
2022-10-31,4.53,4.58,4.47,4.55,18871009.0,97188837.0,23173674650.0,0.0008143295910128781,4.582,4.684,4.771,4.730166666666666,29.999999474999925,22635568.35,4.741833333333333,True,True,4.89
2022-11-01,4.53,4.6,4.52,4.6,22016667.0,114016544.0,23173674650.0,0.0009500723270057647,4.586,4.662,4.757,4.729333333333333,34.9397584467992,22414557.55,4.739166666666667,True,True,4.89
2022-11-02,4.59,4.61,4.55,4.6,19830909.0,103159214.0,23173674650.0,0.0008557515931121438,4.584,4.6339999999999995,4.743,4.730333333333334,36.24999936562492,21902483.7,4.7365,True,True,4.89
2022-11-03,4.57,4.59,4.53,4.53,16716586.0,86376178.0,23173674650.0,0.0007213610380087044,4.562,4.611,4.725,4.7315,30.95238043650791,21500505.55,4.735166666666667,True,True,4.89
2022-11-04,4.53,4.63,4.53,4.61,22085037.0,115383972.0,23173674650.0,0.0009530226575438695,4.578,4.589,4.711,4.7330000000000005,38.202246590076996,21447752.0,4.732,True,True,4.89
2022-11-07,4.6,4.71,4.58,4.68,25642672.0,135651346.0,23173674650.0,0.001106543195556601,4.604,4.593,4.7035,4.735,42.708332710503434,21083060.8,4.730166666666666,True,True,4.88
2022-11-08,4.68,4.69,4.63,4.67,11553263.0,61184959.0,23173674650.0,0.0004985511868313039,4.618,4.602,4.693499999999999,4.736333333333333,38.461537869822465,20660472.15,4.729333333333333,True,True,4.88
2022-11-09,4.68,4.69,4.62,4.64,11469200.0,60530977.0,23173674650.0,0.000494923665461921,4.6259999999999994,4.605,4.683,4.737166666666667,42.68292610053538,19990874.2,4.730333333333334,True,True,4.88
2022-11-10,4.62,4.65,4.59,4.63,11853726.0,62125329.0,23173674650.0,0.0005115168905678927,4.645999999999999,4.604,4.6735,4.738333333333333,36.84210458448748,19763411.8,4.7315,True,True,4.88
2022-11-11,4.68,4.73,4.65,4.71,24867841.0,132530761.0,23173674650.0,0.0010731073675447499,4.6659999999999995,4.622,4.6665,4.739333333333334,55.38461419171605,19839343.75,4.7330000000000005,True,True,4.88
2022-11-14,4.71,4.75,4.68,4.7,20519935.0,110204426.0,23173674650.0,0.0008854847282496046,4.67,4.6370000000000005,4.6605,4.739833333333333,59.99999860000009,19986945.1,4.735,False,True,4.88
2022-11-15,4.71,4.73,4.68,4.71,16185867.0,86547656.0,23173674650.0,0.0006984592320579593,4.677999999999999,4.648000000000001,4.654999999999999,4.740666666666667,58.620688240190304,19927168.7,4.736333333333333,False,False,4.88
2022-11-16,4.71,4.75,4.68,4.71,17025082.0,91217840.0,23173674650.0,0.000734673385086124,4.692,4.659000000000001,4.6465000000000005,4.742,56.36363492892571,19397950.75,4.737166666666667,False,False,4.88
2022-11-17,4.69,4.71,4.67,4.69,14588860.0,77606047.0,23173674650.0,0.0006295445249983261,4.704,4.675,4.643,4.742500000000001,67.39130229678656,18677473.35,4.738333333333333,False,False,4.83
2022-11-18,4.69,4.7,4.63,4.64,20749466.0,109750471.0,23173674650.0,0.0008953895449636857,4.69,4.678,4.6335,4.743166666666666,59.18367177842571,18753010.8,4.739333333333334,False,False,4.83
2022-11-21,4.62,4.63,4.53,4.6,12647961.0,65830330.0,23173674650.0,0.0005457900480189921,4.67,4.67,4.6315,4.7428333333333335,49.999998541666706,17802228.9,4.739833333333333,False,False,4.71
2022-11-22,4.6,4.71,4.57,4.68,21979126.0,116347813.0,23173674650.0,0.0009484523422356756,4.664,4.670999999999999,4.6365,4.741833333333333,57.14285571428577,17699636.55,4.740666666666667,True,False,4.71
2022-11-23,4.67,4.77,4.67,4.73,21990782.0,118166543.0,23173674650.0,0.0009489553267720533,4.668,4.68,4.6425,4.742333333333333,68.51851674211255,18114397.5,4.742,False,True,4.71
2022-11-24,4.74,4.75,4.68,4.69,11123917.0,59487066.0,23173674650.0,0.0004800238705344903,4.668,4.686,4.6450000000000005,4.7428333333333335,57.99999837600006,17900427.35,4.742500000000001,False,False,4.73
2022-11-25,4.69,4.79,4.68,4.78,22780641.0,123115964.0,23173674650.0,0.0009830396492599416,4.696000000000001,4.693,4.657500000000001,4.7428333333333335,59.61538301035511,18224927.35,4.743166666666666,False,False,4.73
2022-11-28,4.74,4.77,4.67,4.75,23328471.0,125168210.0,23173674650.0,0.0010066798361648699,4.726000000000001,4.6979999999999995,4.6675,4.742666666666667,57.40740591906725,18447800.45,4.7428333333333335,False,False,4.78
2022-11-29,4.75,4.82,4.74,4.82,21740063.0,118365528.0,23173674650.0,0.0009381361967123328,4.7540000000000004,4.709,4.6785,4.743833333333333,65.51723979785976,18433970.25,4.741833333333333,False,False,4.78
2022-11-30,4.81,4.83,4.79,4.8,20518726.0,112060078.0,23173674650.0,0.0008854325569812037,4.768,4.718,4.6884999999999994,4.744666666666666,64.40677813272048,18468361.1,4.742333333333333,False,False,4.82
2022-12-01,4.83,4.85,4.8,4.82,21252525.0,116591476.0,23173674650.0,0.0009170977551460532,4.794,4.731,4.703,4.745666666666667,60.37735689569246,18695158.05,4.7428333333333335,False,False,4.82
2022-12-02,4.81,4.82,4.75,4.76,19769347.0,107185143.0,23173674650.0,0.0008530950442078464,4.79,4.743,4.7105,4.746833333333333,55.172412461355506,18579373.55,4.7428333333333335,False,False,4.82
2022-12-05,4.79,4.9,4.79,4.88,41607728.0,229720896.0,23173674650.0,0.0017954738999496568,4.816000000000001,4.770999999999999,4.7205,4.750333333333333,62.31883931526987,19377626.35,4.742666666666667,False,False,4.82
2022-12-06,4.88,4.92,4.87,4.9,31505794.0,175378119.0,23173674650.0,0.0013595510628263696,4.831999999999999,4.793000000000001,4.732,4.752333333333334,63.3802804403888,20375252.9,4.743833333333333,False,False,4.88
2022-12-07,4.92,4.95,4.86,4.9,21459614.0,119636606.0,23173674650.0,0.0009260341453874688,4.852,4.8100000000000005,4.745,4.7535,65.21738998109635,20874773.6,4.744666666666666,False,False,4.9
2022-12-08,4.92,4.97,4.87,4.91,20476196.0,114368562.0,23173674650.0,0.0008835972848181848,4.87,4.832000000000001,4.7589999999999995,4.754833333333334,70.76922924497039,21305897.1,4.745666666666667,False,False,4.9
2022-12-09,4.89,4.95,4.85,4.89,22473574.0,124939694.0,23173674650.0,0.0009697889669819801,4.896,4.843,4.768,4.754833333333334,73.01587139329797,21186183.75,4.746833333333333,False,False,4.91
2022-12-12,4.89,4.91,4.81,4.82,16109489.0,88768389.0,23173674650.0,0.0006951633369893712,4.884,4.85,4.774,4.753,61.29032119667016,20965661.45,4.750333333333333,False,False,4.91
2022-12-13,4.82,4.9,4.82,4.83,17008816.0,93831970.0,23173674650.0,0.0007339714679216833,4.87,4.851000000000001,4.78,4.752166666666667,58.620688240190226,21006808.9,4.752333333333334,False,False,4.91
2022-12-14,4.82,4.88,4.82,4.84,10883892.0,59884957.0,23173674650.0,0.00046966621238897906,4.858,4.8549999999999995,4.7865,4.752333333333334,63.636362016528885,20699749.4,4.7535,False,False,4.91
2022-12-15,4.82,4.84,4.76,4.78,14333016.0,77856129.0,23173674650.0,0.0006185042388173859,4.832,4.851,4.7909999999999995,4.751166666666666,49.99999865384619,20686957.2,4.754833333333334,False,False,4.91
2022-12-16,4.75,4.82,4.75,4.82,15284235.0,83307179.0,23173674650.0,0.0006595516348116159,4.818,4.857,4.8,4.753666666666666,56.6037720897117,20413695.65,4.754833333333334,True,False,4.91
2022-12-19,4.82,4.82,4.65,4.67,19335700.0,103702366.0,23173674650.0,0.000834382129378864,4.787999999999999,4.836,4.8035000000000005,4.753333333333333,37.70491716742812,20748082.6,4.753,False,True,4.91
2022-12-20,4.65,4.7,4.61,4.63,14844986.0,78401351.0,23173674650.0,0.0006405969801599851,4.748,4.808999999999999,4.801,4.7524999999999995,36.507935696649064,20391375.6,4.752166666666667,True,False,4.91
2022-12-21,4.63,4.69,4.62,4.64,9818907.0,51831567.0,23173674650.0,0.000423709538875398,4.708,4.7829999999999995,4.7965,4.749666666666666,35.483870166493205,19782781.85,4.752333333333334,True,True,4.91
2022-12-22,4.67,4.69,4.57,4.6,11739377.0,61670443.0,23173674650.0,0.0005065824551912401,4.672,4.752000000000001,4.792,4.745666666666667,36.66666581111112,19813554.85,4.751166666666666,True,True,4.91
2022-12-23,4.58,4.62,4.57,4.59,9781498.0,51034412.0,23173674650.0,0.0004220952502239432,4.6259999999999994,4.7219999999999995,4.7825,4.740833333333333,20.408162682215718,19163597.7,4.753666666666666,True,True,4.91
2022-12-26,4.59,4.6,4.54,4.56,17664978.0,91662095.0,23173674650.0,0.000762286442128849,4.604,4.696,4.773,4.737166666666666,15.999999551999878,18880423.05,4.753333333333333,True,True,4.91
2022-12-27,4.59,4.66,4.58,4.65,18674760.0,98345248.0,23173674650.0,0.0008058609729381007,4.608,4.677999999999999,4.7645,4.733333333333333,28.813558638322334,18727157.9,4.7524999999999995,True,True,4.91
2022-12-28,4.64,4.67,4.6,4.63,11807593.0,62135909.0,23173674650.0,0.0005095261402576047,4.606,4.657,4.756,4.729166666666667,26.666666044444455,18291601.25,4.749666666666666,True,True,4.91
2022-12-29,4.63,4.65,4.56,4.64,13531354.0,70982077.0,23173674650.0,0.000583910588388277,4.614,4.643,4.747,4.725,28.813558638322334,17905542.7,4.745666666666667,True,True,4.91
2022-12-30,4.66,4.72,4.63,4.7,18148685.0,96571205.0,23173674650.0,0.0007831595667974911,4.636,4.631,4.744000000000001,4.7218333333333335,39.65517145659932,17824509.6,4.740833333333333,True,True,4.91
2023-01-03,4.72,4.77,4.68,4.72,28630384.0,153531148.0,23173674650.0,0.0012354701803841887,4.668,4.636,4.736,4.72,40.67796513645505,17175642.4,4.737166666666666,True,True,4.91
2023-01-04,4.71,4.76,4.71,4.75,20871843.0,112418416.0,23173674650.0,0.0009006704079190997,4.688,4.648000000000001,4.7285,4.718000000000001,42.62294984144052,16643944.85,4.733333333333333,True,True,4.91
2023-01-05,4.75,4.77,4.73,4.75,15133740.0,81585459.0,23173674650.0,0.0006530574122822597,4.712,4.659000000000001,4.721,4.716333333333334,47.27272606942151,16327651.15,4.729166666666667,False,True,4.91
2023-01-06,4.74,4.75,4.68,4.69,13916215.0,74472763.0,23173674650.0,0.0006005182695529041,4.7219999999999995,4.668,4.71,4.714166666666667,38.596490280086236,15999652.1,4.725,False,False,4.91
2023-01-09,4.71,4.72,4.66,4.69,16329571.0,86933672.0,23173674650.0,0.0007046604065445443,4.720000000000001,4.678,4.7,4.7115,52.380950634920744,15692451.95,4.7218333333333335,True,False,4.89
2023-01-10,4.68,4.69,4.61,4.61,15907975.0,83734271.0,23173674650.0,0.0006864675214554287,4.698,4.683,4.6895,4.708,47.82608550094528,15682376.25,4.72,True,True,4.84
2023-01-11,4.6,4.64,4.6,4.6,19154382.0,100297458.0,23173674650.0,0.0008265578199959754,4.668000000000001,4.678,4.678,4.7043333333333335,45.652172523629545,15789654.55,4.718000000000001,True,True,4.84
2023-01-12,4.6,4.62,4.58,4.59,17469598.0,91151604.0,23173674650.0,0.0007538553235017477,4.636,4.674,4.6655,4.6995000000000005,48.83720771227699,16118939.85,4.716333333333334,True,True,4.84
2023-01-13,4.59,4.62,4.58,4.61,15918009.0,83100894.0,23173674650.0,0.0006869005127764664,4.62,4.671,4.657,4.697,52.27272560950422,16198189.5,4.714166666666667,True,True,4.82
2023-01-16,4.61,4.67,4.6,4.65,21315361.0,112527903.0,23173674650.0,0.0009198092802256547,4.612,4.666,4.6485,4.694,59.999998133333435,16499745.8,4.7115,True,True,4.82
2023-01-17,4.67,4.67,4.6,4.64,15582909.0,81882166.0,23173674650.0,0.0006724401388797439,4.618,4.6579999999999995,4.647,4.694,48.64864680788896,16312106.25,4.708,False,True,4.75
2023-01-18,4.63,4.64,4.6,4.62,15913482.0,83553995.0,23173674650.0,0.0006867051617987568,4.622000000000001,4.645,4.6465000000000005,4.6946666666666665,48.64864680788907,16365531.05,4.7043333333333335,True,False,4.75
2023-01-19,4.61,4.64,4.6,4.64,14223835.0,74624602.0,23173674650.0,0.0006137928151157503,4.632000000000001,4.6339999999999995,4.6465000000000005,4.695166666666666,49.99999815789481,16585777.45,4.6995000000000005,True,True,4.75
2023-01-20,4.64,4.68,4.63,4.68,25887364.0,137253775.0,23173674650.0,0.0011171022460177674,4.645999999999999,4.633,4.6505,4.695833333333334,47.22222038580248,17293176.8,4.697,True,True,4.75
2023-01-30,4.71,4.75,4.69,4.69,22386832.0,119840928.0,23173674650.0,0.0009660458402957685,4.654,4.633000000000001,4.6555,4.698499999999999,45.714283885714465,17923443.5,4.694,False,True,4.75
2023-01-31,4.69,4.72,4.68,4.69,15775207.0,84230710.0,23173674650.0,0.0006807382617672162,4.664,4.641,4.662000000000001,4.700833333333334,40.62499822265642,17828954.95,4.694,False,False,4.75
2023-02-01,4.71,4.73,4.67,4.72,27576057.0,147116675.0,23173674650.0,0.0011899734252979167,4.683999999999999,4.6530000000000005,4.6655,4.702833333333333,45.71428388571434,18274019.8,4.6946666666666665,False,False,4.75
2023-02-02,4.72,4.73,4.69,4.7,28958783.0,154878408.0,23173674650.0,0.0012496413899553906,4.696000000000001,4.664,4.669,4.7045,51.61290089490121,19131579.3,4.695166666666666,False,False,4.75
2023-02-03,4.69,4.7,4.62,4.65,25291799.0,133648714.0,23173674650.0,0.0010914021786354888,4.69,4.668,4.6695,4.7065,44.44444271604945,19719601.55,4.695833333333334,False,False,4.75
2023-02-06,4.63,4.66,4.61,4.63,16586910.0,87296826.0,23173674650.0,0.0007157652055842598,4.678,4.666,4.6659999999999995,4.706833333333333,53.33333084444448,19641512.8,4.698499999999999,True,False,4.75
2023-02-07,4.63,4.66,4.63,4.65,19597986.0,103339060.0,23173674650.0,0.0008457004034101255,4.67,4.667,4.6625,4.706333333333333,58.064513506764015,19189892.9,4.700833333333334,True,True,4.75
2023-02-08,4.66,4.67,4.62,4.64,15950391.0,84124883.0,23173674650.0,0.0006882978742432633,4.654000000000001,4.6690000000000005,4.657,4.7058333333333335,58.064513506763845,18943820.3,4.702833333333333,True,True,4.75
2023-02-09,4.63,4.67,4.62,4.65,18607437.0,98201634.0,23173674650.0,0.0008029558229773455,4.644,4.67,4.651999999999999,4.7059999999999995,56.66666402222232,19117505.15,4.7045,True,True,4.75
2023-02-10,4.65,4.69,4.64,4.66,23391800.0,123986603.0,23173674650.0,0.0010094126353845225,4.646,4.668000000000001,4.6505,4.7065,51.8518491632374,19591284.4,4.7065,True,True,4.72
2023-02-13,4.67,4.7,4.66,4.69,26289907.0,139678809.0,23173674650.0,0.0011344729481649126,4.658,4.668,4.6505,4.706166666666666,58.62068682520832,20089301.2,4.706833333333333,False,True,4.72
2023-02-14,4.7,4.7,4.67,4.67,15466005.0,82204662.0,23173674650.0,0.0006673954490855855,4.662,4.666,4.6535,4.7056666666666676,58.62068682520813,20067202.7,4.706333333333333,False,False,4.72
2023-02-15,4.68,4.68,4.63,4.65,18895084.0,99739926.0,23173674650.0,0.0008153684853774367,4.664000000000001,4.659000000000001,4.656,4.704666666666666,51.72413543400737,20054237.8,4.7058333333333335,False,False,4.72
2023-02-16,4.65,4.67,4.6,4.6,27668837.0,145906877.0,23173674650.0,0.0011939771062592355,4.654,4.649,4.6565,4.702833333333333,36.66666495555573,20564199.75,4.7059999999999995,True,False,4.72
2023-02-17,4.61,4.63,4.59,4.6,26845238.0,140380165.0,23173674650.0,0.0011584368213264787,4.642,4.644,4.656000000000001,4.701333333333333,34.482756956004806,21110561.2,4.7065,True,True,4.72
2023-02-20,4.6,4.66,4.6,4.65,20836955.0,109496242.0,23173674650.0,0.000899164906503078,4.6339999999999995,4.646,4.656000000000001,4.7015,44.11764524221464,21086640.9,4.706166666666666,True,True,4.72
2023-02-21,4.65,4.68,4.64,4.67,21407845.0,113435521.0,23173674650.0,0.0009238001880724601,4.634,4.648,4.657500000000001,4.7026666666666666,42.42424062442625,21377887.7,4.7056666666666676,True,True,4.72
2023-02-22,4.67,4.67,4.64,4.67,12189866.0,64571282.0,23173674650.0,0.0005260221429750676,4.638,4.651,4.66,4.7025,45.16128828303861,21191706.9,4.704666666666666,False,True,4.72
2023-02-23,4.67,4.67,4.63,4.65,17153777.0,90595857.0,23173674650.0,0.0007402268849925361,4.648000000000001,4.651,4.6605,4.701166666666667,49.99999750000012,21338204.0,4.702833333333333,False,False,4.72
2023-02-24,4.66,4.67,4.62,4.63,14335264.0,75552888.0,23173674650.0,0.0006186012454438252,4.654,4.648,4.6579999999999995,4.700166666666667,49.99999750000012,20760599.0,4.701333333333333,True,False,4.72
2023-02-27,4.63,4.66,4.62,4.64,12288775.0,64766027.0,23173674650.0,0.0005302903050811581,4.652,4.643,4.6555,4.6978333333333335,48.14814565157752,20255696.15,4.7015,True,True,4.72
2023-02-28,4.65,4.68,4.64,4.68,26499560.0,140510335.0,23173674650.0,0.001143519981195559,4.654,4.644,4.654999999999999,4.696666666666667,56.66666402222232,20791913.8,4.7026666666666666,True,True,4.72
2023-03-01,4.7,4.71,4.68,4.71,27126732.0,144652271.0,23173674650.0,0.0011705839669238645,4.662000000000001,4.65,4.6545,4.694833333333333,59.37499740234377,20769447.55,4.7025,False,True,4.72
2023-03-02,4.7,4.75,4.69,4.74,31176490.0,167578119.0,23173674650.0,0.0013453408003205915,4.68,4.664,4.6565,4.693833333333333,61.76470333910041,20880332.9,4.701166666666667,False,False,4.71
2023-03-03,4.74,4.85,4.73,4.82,58611174.0,319984623.0,23173674650.0,0.002529213639408716,4.718,4.686,4.665,4.693833333333333,66.66666427350428,22546301.65,4.700166666666667,False,False,4.74
2023-03-06,4.84,4.86,4.8,4.81,29119849.0,159697523.0,23173674650.0,0.0012565917766520468,4.752,4.702,4.674,4.6946666666666665,68.4210501108033,23172948.6,4.6978333333333335,False,False,4.82
2023-03-07,4.8,4.86,4.75,4.77,31997870.0,175150953.0,23173674650.0,0.0013807853300469117,4.77,4.712000000000001,4.68,4.692833333333334,64.9999977249999,23792942.8,4.696666666666667,False,False,4.82
2023-03-08,4.75,4.8,4.72,4.77,19789823.0,107002137.0,23173674650.0,0.0008539786330347915,4.782,4.7219999999999995,4.6865000000000006,4.690666666666667,74.28571131428572,23984914.4,4.694833333333333,False,False,4.82
2023-03-09,4.79,4.8,4.73,4.75,12851980.0,69492521.0,23173674650.0,0.0005545939603497454,4.784,4.732,4.6915000000000004,4.688166666666667,70.27026761139527,23697141.55,4.693833333333333,False,False,4.82
2023-03-10,4.73,4.77,4.72,4.73,18643033.0,100287454.0,23173674650.0,0.0008044918763024059,4.766,4.742,4.694999999999999,4.685166666666666,61.76470333910047,23459703.2,4.693833333333333,False,False,4.82
2023-03-13,4.7,4.81,4.7,4.8,27577820.0,149269731.0,23173674650.0,0.0011900495030036163,4.764,4.758,4.7005,4.683666666666666,66.66666427350435,23524098.85,4.6946666666666665,False,False,4.82
2023-03-14,4.79,4.85,4.76,4.76,26521391.0,144762188.0,23173674650.0,0.0011444620415433338,4.7620000000000005,4.766,4.705,4.682666666666666,60.46511431043813,24076868.15,4.692833333333334,False,False,4.82
2023-03-15,4.78,4.9,4.75,4.89,49106764.0,270018929.0,23173674650.0,0.0021190754052465306,4.786,4.784,4.7170000000000005,4.683666666666667,72.22222034979421,25587452.15,4.690666666666667,False,False,4.82
2023-03-16,4.88,4.96,4.88,4.89,36118742.0,201666554.0,23173674650.0,0.0015586109042054752,4.814,4.7989999999999995,4.7315,4.6845,74.99999798076928,26009947.4,4.688166666666667,False,False,4.89
2023-03-17,4.9,4.96,4.89,4.92,33779198.0,188859101.0,23173674650.0,0.0014576539331883646,4.851999999999999,4.809,4.7475000000000005,4.686833333333333,75.92592395747607,26356645.4,4.685166666666666,False,False,4.89
2023-03-20,4.91,4.97,4.88,4.9,32123582.0,179773670.0,23173674650.0,0.0013862101063026706,4.872,4.818,4.76,4.688166666666667,71.15384423816582,26920976.75,4.683666666666666,False,False,4.92
2023-03-21,4.89,4.92,4.83,4.89,35276492.0,195312353.0,23173674650.0,0.0015222657836011346,4.898000000000001,4.83,4.770999999999999,4.691833333333333,67.99999809600003,27614409.1,4.682666666666666,False,False,4.92
2023-03-22,4.89,4.91,4.86,4.89,18528827.0,102833656.0,23173674650.0,0.0007995636117209404,4.898000000000001,4.8420000000000005,4.781999999999999,4.696166666666667,65.95744484382074,27931357.15,4.683666666666667,False,False,4.92
2023-03-23,4.88,4.96,4.86,4.95,21632252.0,121013654.0,23173674650.0,0.0009334838918177355,4.91,4.862,4.797,4.701333333333334,64.44444243950622,28155280.9,4.6845,False,False,4.92
2023-03-24,4.94,4.94,4.87,4.89,20960400.0,116732091.0,23173674650.0,0.0009044918562365335,4.904000000000001,4.877999999999999,4.8100000000000005,4.706166666666666,57.99999837600006,28486537.7,4.686833333333333,False,False,4.95
2023-03-27,4.91,4.91,4.83,4.86,28197888.0,155982329.0,23173674650.0,0.0012168069339836011,4.896,4.8839999999999995,4.821,4.7106666666666674,59.18367177842579,29281993.35,4.688166666666667,False,False,4.95
2023-03-28,4.89,4.92,4.85,4.89,18926812.0,105158202.0,23173674650.0,0.0008167376251655453,4.895999999999999,4.897,4.8315,4.716166666666667,61.53845988165689,28903355.95,4.691833333333333,False,False,4.95
2023-03-29,4.89,4.92,4.86,4.89,17443481.0,96887315.0,23173674650.0,0.0007527283119080124,4.895999999999999,4.897,4.8405000000000005,4.720166666666667,63.99999820800005,28419193.4,4.696166666666667,False,False,4.95
2023-03-30,4.88,4.91,4.83,4.9,17967397.0,99452695.0,23173674650.0,0.0007753365519870194,4.886,4.898,4.8485,4.724666666666666,67.346936851312,27758738.75,4.701333333333334,False,False,4.95
2023-03-31,4.9,4.94,4.87,4.88,20128971.0,112073596.0,23173674650.0,0.0008686136879029671,4.8839999999999995,4.894,4.8515,4.728666666666667,59.09090721074384,25834628.6,4.706166666666666,False,False,4.95
2023-04-03,4.88,4.89,4.82,4.83,30737518.0,169023357.0,23173674650.0,0.00132639809888761,4.878,4.887,4.8525,4.730833333333334,57.777775980246986,25915512.05,4.7106666666666674,False,False,4.95
2023-04-04,4.82,4.92,4.79,4.89,35967150.0,198892654.0,23173674650.0,0.0015520693434780746,4.877999999999999,4.887,4.8585,4.733666666666666,49.99999815789481,26113976.05,4.716166666666667,True,False,4.95
2023-04-06,4.89,4.9,4.85,4.88,14768199.0,81749461.0,23173674650.0,0.0006372834357541133,4.876,4.886,4.863999999999999,4.735833333333333,48.717946969099366,25862894.85,4.720166666666667,False,True,4.95
2023-04-07,4.87,4.88,4.81,4.83,18109401.0,99520321.0,23173674650.0,0.0007814643673699803,4.862,4.8740000000000006,4.867999999999999,4.737166666666666,39.02438891136235,26125765.9,4.724666666666666,False,False,4.95
2023-04-10,4.82,4.82,4.79,4.82,11701991.0,63874803.0,23173674650.0,0.0005049691590453049,4.85,4.867,4.8725000000000005,4.739333333333334,39.999998600000055,25778713.8,4.728666666666667,True,False,4.95
2023-04-11,4.82,4.82,4.77,4.82,15325244.0,83509014.0,23173674650.0,0.0006613212721530981,4.848000000000001,4.863,4.8735,4.7415,41.02563955292583,25166085.0,4.730833333333334,True,True,4.95
2023-04-12,4.82,4.91,4.81,4.9,25184183.0,139644033.0,23173674650.0,0.0010867582884616013,4.85,4.864,4.8805,4.746333333333333,51.063828266183904,25099224.6,4.733666666666666,True,True,4.95
2023-04-13,4.89,4.96,4.88,4.9,18141252.0,101275743.0,23173674650.0,0.0007828388149049982,4.854,4.865,4.881,4.751333333333333,43.902437525282636,23550949.0,4.735833333333333,False,True,4.95
2023-04-14,4.93,4.94,4.87,4.91,15715515.0,87440615.0,23173674650.0,0.0006781624078769053,4.87,4.8660000000000005,4.882,4.756666666666666,52.77777572530879,22530787.65,4.737166666666666,False,False,4.95
2023-04-17,4.91,4.98,4.9,4.97,28327074.0,159700519.0,23173674650.0,0.0012223816217252364,4.9,4.875,4.8845,4.762666666666667,64.10256180144647,22258181.45,4.739333333333334,False,False,4.95
2023-04-18,5.02,5.1,4.98,5.04,37231521.0,212895931.0,23173674650.0,0.0016066300041888263,4.944,4.896,4.8915,4.769166666666666,67.4418582693349,22513578.4,4.7415,False,False,4.97
2023-04-19,5.04,5.09,4.99,5.04,26368490.0,151015669.0,23173674650.0,0.0011378639943061427,4.972,4.911,4.899,4.775833333333334,67.4418582693349,22068178.3,4.746333333333333,False,False,5.04
2023-04-20,5.04,5.06,4.96,5.02,22352030.0,127047088.0,23173674650.0,0.000964544049987342,4.996,4.925,4.9055,4.7825,63.636361611570244,22259338.45,4.751333333333333,False,False,5.04
2023-04-21,5.02,5.07,4.97,4.98,29008601.0,165425566.0,23173674650.0,0.0012517911569108872,5.01,4.9399999999999995,4.907,4.788166666666667,60.86956336483948,22628155.9,4.756666666666666,False,False,5.04
2023-04-24,4.96,4.99,4.92,4.93,22016330.0,123864650.0,23173674650.0,0.0009500577846422816,5.002000000000001,4.951,4.909000000000001,4.792333333333334,60.86956336483936,22680952.4,4.762666666666667,False,False,5.04
2023-04-25,4.95,5.0,4.91,4.97,24810948.0,139668970.0,23173674650.0,0.0010706522972609353,4.9879999999999995,4.965999999999999,4.9145,4.797,59.09090721074387,22511605.4,4.769166666666666,False,False,5.04
2023-04-26,4.97,4.97,4.84,4.89,29564120.0,164028684.0,23173674650.0,0.001275763142726266,4.958,4.965,4.9145,4.800333333333333,50.98039075740102,23043470.8,4.775833333333334,False,False,5.04
2023-04-27,4.89,4.96,4.87,4.93,19501360.0,109035467.0,23173674650.0,0.0008415307582649608,4.9399999999999995,4.968,4.9165,4.8038333333333325,59.99999832000001,23146364.75,4.7825,True,False,5.04
2023-04-28,4.94,5.06,4.93,5.04,38743352.0,220696781.0,23173674650.0,0.0016718691612424101,4.952,4.981,4.9235,4.8095,68.33333173888889,24185162.5,4.788166666666667,False,True,5.04
2023-05-04,4.97,5.12,4.89,5.1,53356426.0,304480885.0,23173674650.0,0.0023024585787908263,4.986,4.994,4.9345,4.817000000000001,71.21211970156105,25846535.25,4.792333333333334,False,False,5.04
2023-05-05,5.11,5.13,4.99,5.07,38820472.0,223067339.0,23173674650.0,0.0016751970754021093,5.006,4.997,4.9465,4.824333333333334,63.93442476216075,26250682.95,4.797,False,False,5.1
2023-05-08,5.07,5.19,5.07,5.17,45918211.0,269073515.0,23173674650.0,0.0019814816464595528,5.061999999999999,5.01,4.960500000000001,4.832999999999999,69.01408314620117,26748236.0,4.800333333333333,False,False,5.1
2023-05-09,5.2,5.27,5.12,5.15,55514069.0,328381263.0,23173674650.0,0.002395566082567747,5.106,5.023,4.974,4.8415,66.66666537037044,28785529.5,4.8038333333333325,False,False,5.17
2023-05-10,5.05,5.16,4.97,4.99,40706972.0,232713251.0,23173674650.0,0.0017566041042178866,5.096,5.024,4.982000000000001,4.847166666666667,51.21951132064252,29915408.05,4.8095,False,False,5.17
2023-05-11,5.03,5.05,4.97,5.01,25188485.0,143442313.0,23173674650.0,0.0010869439301461842,5.078,5.032,4.9915,4.853,48.051947178276265,30589732.75,4.817000000000001,False,False,5.17
2023-05-12,5.01,5.07,4.98,5.01,23779130.0,135708679.0,23173674650.0,0.0010261268598590599,5.066000000000001,5.036,5.0009999999999994,4.858333333333333,48.051947178276265,31012427.05,4.824333333333334,False,False,5.17
2023-05-15,4.99,5.03,4.89,4.99,29306183.0,164786215.0,23173674650.0,0.0012646325385430404,5.029999999999999,5.046,5.0055,4.863666666666666,48.05194717827632,31218527.05,4.832999999999999,False,False,5.17
2023-05-16,4.99,5.0,4.91,4.93,17132500.0,96399472.0,23173674650.0,0.00073930873108206,4.986,5.046,5.007,4.868333333333334,46.835442207979455,31168089.45,4.8415,True,False,5.17
2023-05-17,4.9,4.94,4.82,4.83,33403004.0,184583656.0,23173674650.0,0.0014414202539949788,4.954,5.025,5.003,4.872166666666667,44.04761831349208,32052463.9,4.847166666666667,True,True,5.17
2023-05-18,4.82,4.95,4.82,4.86,23955744.0,133042575.0,23173674650.0,0.0010337481802869793,4.9239999999999995,5.001,4.9975000000000005,4.876500000000001,43.373493244302544,31833897.4,4.853,True,True,5.17
2023-05-19,4.86,4.87,4.79,4.79,18258671.0,99701801.0,23173674650.0,0.0007879057281923133,4.88,4.973000000000001,4.984999999999999,4.878833333333333,43.90243827483643,30885254.9,4.858333333333333,True,True,5.17
2023-05-22,4.78,4.81,4.75,4.77,21170547.0,114811331.0,23173674650.0,0.0009135602065596446,4.836,4.933,4.971500000000001,4.8805000000000005,39.99999929999999,30625357.75,4.863666666666666,True,True,5.17
2023-05-23,4.76,4.78,4.69,4.69,19035947.0,102275916.0,23173674650.0,0.0008214470638561416,4.787999999999999,4.8870000000000005,4.955,4.880833333333333,27.27272677685947,30459553.6,4.868333333333334,True,True,5.17
2023-05-24,4.68,4.69,4.6,4.6,23094856.0,121411863.0,23173674650.0,0.0009965987849924354,4.742,4.848,4.936,4.879999999999999,18.749999671874974,30163866.35,4.872166666666667,True,True,5.17
2023-05-25,4.6,4.61,4.58,4.6,15894014.0,82986779.0,23173674650.0,0.0006858650706050195,4.6899999999999995,4.807,4.9195,4.879499999999999,19.480519126328176,29857750.55,4.876500000000001,True,True,5.17
2023-05-26,4.61,4.62,4.56,4.62,14086542.0,73467137.0,23173674650.0,0.0006078682907546559,4.656,4.768000000000001,4.901999999999999,4.879166666666666,10.144927330392818,29321530.25,4.878833333333333,True,True,5.17
2023-05-29,4.61,4.71,4.6,4.67,21871791.0,115763609.0,23173674650.0,0.000943820577890093,4.636,4.736,4.891,4.8790000000000004,16.666666342592606,28936913.8,4.8805000000000005,True,True,5.17
2023-05-30,4.66,4.69,4.6,4.67,13515379.0,71384767.0,23173674650.0,0.0005832212285762802,4.632,4.71,4.878,4.878333333333333,21.428570892857152,28637614.75,4.880833333333333,True,True,5.17
2023-05-31,4.67,4.68,4.62,4.64,22167433.0,117026571.0,23173674650.0,0.0009565782438392868,4.64,4.691,4.858,4.876666666666666,17.54385921822106,27808818.8,4.879999999999999,True,True,5.17
2023-06-01,4.65,4.67,4.63,4.63,16346759.0,86422163.0,23173674650.0,0.0007054021102345976,4.646,4.667999999999999,4.8345,4.873500000000001,17.24137889417368,25958335.45,4.879499999999999,True,True,5.17
2023-06-02,4.64,4.67,4.64,4.66,13901772.0,73544437.0,23173674650.0,0.0005998950192389967,4.654,4.654999999999999,4.814,4.8709999999999996,22.03389778224657,24712400.45,4.879166666666666,True,True,5.17
2023-06-05,4.67,4.67,4.65,4.67,10657285.0,56451249.0,23173674650.0,0.00045988757333313127,4.654000000000001,4.6450000000000005,4.789,4.8693333333333335,25.925925253772363,22949354.15,4.8790000000000004,True,True,5.17
2023-06-06,4.67,4.68,4.6,4.61,17326508.0,91477127.0,23173674650.0,0.0007476806445972953,4.642,4.637,4.762,4.866666666666666,27.99999921600009,21039976.1,4.878333333333333,True,True,5.15
2023-06-07,4.62,4.74,4.62,4.74,24024483.0,128019764.0,23173674650.0,0.001036714434065812,4.662,4.651000000000001,4.7495,4.866499999999999,39.99999906666668,20205851.65,4.876666666666666,True,True,5.01
2023-06-08,4.73,4.82,4.71,4.78,23720387.0,128034203.0,23173674650.0,0.001023591957609537,4.692,4.669,4.738,4.867333333333334,49.12280581101883,20132446.75,4.873500000000001,True,True,5.01
2023-06-09,4.77,4.8,4.75,4.75,21316676.0,115639496.0,23173674650.0,0.0009198660256499286,4.71,4.6819999999999995,4.725,4.8665,48.27586090368616,20009324.05,4.8709999999999996,False,True,5.01
2023-06-12,4.75,4.78,4.69,4.7,12944041.0,69545310.0,23173674650.0,0.0005585666147254726,4.716,4.6850000000000005,4.710500000000001,4.8655,50.90908961322316,19191216.95,4.8693333333333335,False,False,4.99
2023-06-13,4.7,4.74,4.7,4.74,11118442.0,59628695.0,23173674650.0,0.0004797876110684069,4.742,4.692,4.701,4.8629999999999995,63.99999820800011,18890514.05,4.866666666666666,True,False,4.93
2023-06-14,4.73,4.75,4.7,4.71,10729109.0,57503283.0,23173674650.0,0.00046298695230883463,4.736,4.699,4.694999999999999,4.859999999999999,60.377356895692486,17756819.3,4.866499999999999,False,True,4.86
2023-06-15,4.71,4.72,4.65,4.7,11530740.0,61264931.0,23173674650.0,0.0004975792650131126,4.720000000000001,4.7059999999999995,4.686999999999999,4.8563333333333345,57.6923061390533,17135569.1,4.867333333333334,False,False,4.86
2023-06-16,4.69,4.73,4.68,4.71,13163600.0,70458422.0,23173674650.0,0.0005680411155681777,4.712000000000001,4.711,4.683000000000001,4.853166666666667,54.16666508680561,16880815.55,4.8665,False,False,4.79
2023-06-19,4.71,4.71,4.62,4.63,16083727.0,84996449.0,23173674650.0,0.0006940516445025693,4.698,4.707,4.676,4.848833333333333,46.42857026785716,16626474.55,4.8655,False,False,4.78
2023-06-20,4.63,4.64,4.57,4.57,19429468.0,101289044.0,23173674650.0,0.0008384284449251125,4.664,4.703,4.67,4.843500000000001,44.067795564493025,16646150.6,4.8629999999999995,True,False,4.78
2023-06-21,4.57,4.59,4.54,4.55,13746606.0,71334924.0,23173674650.0,0.0005931992317843299,4.632,4.683999999999999,4.6675,4.836833333333333,43.33333232222223,16178738.1,4.859999999999999,True,True,4.78
2023-06-26,4.54,4.54,4.45,4.45,22522376.0,114720737.0,23173674650.0,0.0009718948910849579,4.582,4.651000000000001,4.659999999999999,4.8294999999999995,34.328357491646244,16510156.2,4.8563333333333345,True,True,4.78
2023-06-27,4.45,4.56,4.45,4.55,12417000.0,63766488.0,23173674650.0,0.0005358235233530389,4.55,4.631,4.6565,4.824333333333333,42.10526238227146,16426679.1,4.853166666666667,True,True,4.78
2023-06-28,4.57,4.6,4.53,4.58,12646450.0,65567404.0,23173674650.0,0.0005457248447215945,4.54,4.619,4.652,4.819166666666666,47.945204559954966,15965412.05,4.848833333333333,True,True,4.78
2023-06-29,4.59,4.59,4.56,4.58,10885872.0,56585744.0,23173674650.0,0.00046975165416849414,4.542,4.603,4.6475,4.813999999999999,36.66666581111112,15833936.7,4.843500000000001,True,True,4.78
2023-06-30,4.58,4.62,4.56,4.62,12722709.0,66585930.0,23173674650.0,0.0005490156046529289,4.556,4.593999999999999,4.6465000000000005,4.809333333333333,36.66666581111112,15361700.5,4.836833333333333,True,True,4.78
2023-07-03,4.61,4.63,4.59,4.63,13284500.0,69615515.0,23173674650.0,0.0005732582424082665,4.5920000000000005,4.587000000000001,4.6465000000000005,4.805166666666666,39.65517145659929,15208587.55,4.8294999999999995,True,True,4.78
2023-07-04,4.62,4.63,4.59,4.6,9276188.0,48523046.0,23173674650.0,0.0004002899039578947,4.602,4.5760000000000005,4.6435,4.801333333333333,41.07142754464283,14977308.35,4.824333333333333,True,True,4.78
2023-07-05,4.6,4.6,4.58,4.59,7279800.0,37941554.0,23173674650.0,0.000314140942683857,4.604,4.572,4.6395,4.796333333333333,35.84905565681734,14808434.1,4.819166666666666,True,True,4.78
2023-07-06,4.59,4.59,4.53,4.55,8826339.0,45748641.0,23173674650.0,0.0003808778337189609,4.598,4.569999999999999,4.6365,4.7908333333333335,35.18518427297667,14383425.65,4.813999999999999,True,True,4.78
2023-07-07,4.56,4.62,4.54,4.62,14371711.0,75170832.0,23173674650.0,0.0006201740214731115,4.598000000000001,4.577,4.6305,4.787333333333334,43.33333232222223,13900787.05,4.809333333333333,True,True,4.78
2023-07-10,4.61,4.63,4.6,4.6,7700238.0,40318411.0,23173674650.0,0.0003322838572776804,4.592,4.5920000000000005,4.621499999999999,4.783666666666666,40.98360561676969,13099779.6,4.805166666666666,True,True,4.78
2023-07-11,4.62,4.63,4.6,4.62,8605768.0,45176921.0,23173674650.0,0.0003713596626333925,4.596,4.599,4.615,4.780333333333333,49.09090784132237,12464234.2,4.801333333333333,True,True,4.75
2023-07-12,4.63,4.63,4.57,4.59,7534241.0,39399454.0,23173674650.0,0.0003251206860281004,4.596,4.6,4.6095,4.775166666666666,51.923075525147915,12193744.2,4.796333333333333,False,True,4.74
2023-07-13,4.59,4.63,4.59,4.62,7398272.0,38763634.0,23173674650.0,0.00031925329546300506,4.609999999999999,4.604,4.6034999999999995,4.7705,56.6037720897117,12007735.7,4.7908333333333335,True,False,4.74
2023-07-14,4.62,4.63,4.6,4.61,8927936.0,46793707.0,23173674650.0,0.00038526198951360525,4.6080000000000005,4.603,4.5985,4.7655,68.18181601239674,11917677.05,4.787333333333334,False,True,4.71
2023-07-17,4.6,4.62,4.58,4.62,9263550.0,48379104.0,23173674650.0,0.0003997445437510706,4.612,4.601999999999999,4.5945,4.759666666666666,59.9999976000001,11804317.55,4.783666666666666,False,False,4.71
2023-07-18,4.62,4.63,4.6,4.62,8240205.0,43191346.0,23173674650.0,0.0003555847367521404,4.612,4.604000000000001,4.59,4.752666666666667,56.24999753906259,11558147.8,4.780333333333333,False,False,4.71
2023-07-19,4.61,4.67,4.61,4.67,12727172.0,67195134.0,23173674650.0,0.000549208193876149,4.628,4.612,4.5920000000000005,4.746499999999999,62.1621598100804,11390320.05,4.775166666666666,False,False,4.63
2023-07-20,4.67,4.68,4.61,4.62,9072000.0,47861410.0,23173674650.0,0.00039147869886919294,4.628,4.619000000000001,4.5945,4.739833333333333,49.99999815789481,10872446.65,4.7705,False,False,4.67
2023-07-21,4.62,4.65,4.6,4.62,8627579.0,45339413.0,23173674650.0,0.00037230085993288943,4.63,4.619,4.598,4.733833333333333,48.64864680788907,10616495.3,4.7655,False,False,4.67
2023-07-24,4.61,4.66,4.61,4.64,10079801.0,53153909.0,23173674650.0,0.0004349677447465156,4.634,4.623,4.6075,4.729,55.555553395061814,9994366.55,4.759666666666666,False,False,4.67
2023-07-25,4.66,4.67,4.65,4.67,11964201.0,63424604.0,23173674650.0,0.0005162841534931104,4.644,4.628,4.6135,4.724,60.526313559556854,9971726.6,4.752666666666667,False,False,4.67
2023-07-26,4.68,4.7,4.67,4.68,10460575.0,55674913.0,23173674650.0,0.0004513990619955476,4.645999999999999,4.6370000000000005,4.618499999999999,4.7205,68.57142582857149,9862432.85,4.746499999999999,False,False,4.67
2023-07-27,4.69,4.71,4.67,4.68,10949410.0,58344048.0,23173674650.0,0.000472493472242651,4.6579999999999995,4.643,4.6235,4.716333333333334,60.71428267857151,9865609.75,4.739833333333333,False,False,4.68
2023-07-28,4.69,4.75,4.67,4.75,19096335.0,102526252.0,23173674650.0,0.0008240529518265244,4.684,4.657,4.63,4.7115,72.72726964187346,10184291.05,4.733833333333333,False,False,4.68
2023-07-31,4.75,4.79,4.74,4.77,21526817.0,116517094.0,23173674650.0,0.0009289341170585564,4.709999999999999,4.672,4.637,4.7059999999999995,72.72726964187339,10596406.9,4.729,False,False,4.75
2023-08-01,4.76,4.81,4.75,4.8,21148920.0,115096297.0,23173674650.0,0.0009126269493043047,4.735999999999999,4.6899999999999995,4.647,4.701499999999999,81.81817834710766,11190043.5,4.724,False,False,4.77
2023-08-02,4.81,4.81,4.75,4.78,14688886.0,79732156.0,23173674650.0,0.000633860888350739,4.756,4.7010000000000005,4.656499999999999,4.695000000000001,74.99999671875028,11560497.8,4.7205,False,False,4.8
2023-08-03,4.79,4.79,4.73,4.77,12959201.0,70055368.0,23173674650.0,0.0005592208053201437,4.774,4.715999999999999,4.6674999999999995,4.688666666666666,74.99999671875007,11767140.9,4.716333333333334,False,False,4.8
2023-08-04,4.79,4.82,4.76,4.77,18684627.0,101608861.0,23173674650.0,0.0008062867578060176,4.778,4.731,4.675,4.685,74.19354503642049,11982786.7,4.7115,False,False,4.8
2023-08-07,4.77,4.78,4.68,4.7,16778870.0,89803821.0,23173674650.0,0.000724048742955835,4.763999999999999,4.737,4.680000000000001,4.679833333333333,60.526313559556904,12436718.3,4.7059999999999995,False,False,4.8
2023-08-08,4.7,4.72,4.68,4.7,10611201.0,56689083.0,23173674650.0,0.0004578989374911242,4.744,4.74,4.683999999999999,4.674666666666667,54.545452231405115,12536989.95,4.701499999999999,False,False,4.8
2023-08-09,4.68,4.71,4.68,4.69,9302354.0,49639876.0,23173674650.0,0.00040141903001991095,4.726,4.741,4.689,4.669666666666667,62.068962520808796,12625395.6,4.695000000000001,False,False,4.8
2023-08-10,4.69,4.75,4.69,4.74,15387046.0,82518586.0,23173674650.0,0.0006639881776367305,4.720000000000001,4.747,4.695,4.666499999999999,67.64705603806247,13024834.3,4.688666666666666,False,False,4.8
2023-08-11,4.77,4.78,4.68,4.68,18282492.0,95359241.0,23173674650.0,0.0007889336618437422,4.702,4.74,4.6985,4.664,55.263155858725845,13492562.1,4.685,False,False,4.8
2023-08-14,4.66,4.7,4.64,4.68,21255160.0,109634054.0,23173674650.0,0.0009172114617566705,4.698,4.731,4.7015,4.661,51.42856937142863,14092142.6,4.679833333333333,True,False,4.8
2023-08-15,4.68,4.73,4.66,4.72,12856099.0,66832797.0,23173674650.0,0.0005547717051425852,4.702,4.723,4.7065,4.659833333333334,55.263155858725845,14322937.3,4.674666666666667,True,True,4.8
2023-08-16,4.71,4.72,4.66,4.69,8719801.0,45232210.0,23173674650.0,0.0003762804618472539,4.702,4.714,4.7075,4.6585,51.21951044616315,14122568.75,4.669666666666667,False,True,4.8
2023-08-17,4.67,4.7,4.64,4.68,14072104.0,72647071.0,23173674650.0,0.000607245256202818,4.6899999999999995,4.705,4.710500000000001,4.658333333333333,39.99999840000001,14372573.95,4.666499999999999,True,False,4.8
2023-08-18,4.68,4.76,4.67,4.7,15516050.0,80963154.0,23173674650.0,0.0006695550116390367,4.694,4.698,4.714499999999999,4.66,39.999998400000166,14716997.5,4.664,True,True,4.8
2023-08-21,4.71,4.74,4.66,4.67,13469671.0,70004965.0,23173674650.0,0.0005812488180418982,4.692,4.695,4.715999999999999,4.661166666666667,31.428570171428674,14886491.0,4.661,True,True,4.8
2023-08-22,4.66,4.71,4.65,4.68,15746214.0,81390232.0,23173674650.0,0.0006794871438311144,4.684,4.693,4.7165,4.662166666666666,35.29411619377164,15075591.65,4.659833333333334,True,True,4.8
2023-08-23,4.68,4.72,4.66,4.66,13826546.0,71594120.0,23173674650.0,0.0005966488357512173,4.678,4.6899999999999995,4.7155000000000005,4.662,34.285712914285824,15243890.2,4.6585,True,True,4.8
2023-08-24,4.66,4.68,4.58,4.58,16434590.0,84012656.0,23173674650.0,0.0007091922298995425,4.6579999999999995,4.6739999999999995,4.7105,4.6605,27.906975835586877,15518149.2,4.658333333333333,True,True,4.8
2023-08-25,4.57,4.64,4.56,4.59,18521206.0,94187619.0,23173674650.0,0.0007992347471746351,4.636,4.665,4.7025,4.659666666666667,35.13513380569759,15489392.75,4.66,True,True,4.8
2023-08-28,4.75,4.77,4.64,4.66,32411116.0,168975866.0,23173674650.0,0.0013986178924799914,4.6339999999999995,4.662999999999999,4.697,4.660166666666666,45.454544008264506,16033607.7,4.661166666666667,True,True,4.8
2023-08-29,4.66,4.7,4.61,4.66,24055507.0,123981468.0,23173674650.0,0.0010380531945545373,4.630000000000001,4.657,4.69,4.660166666666667,46.5116263926447,16178937.05,4.662166666666666,True,True,4.8
2023-08-30,4.67,4.7,4.61,4.62,14497800.0,74504288.0,23173674650.0,0.0006256150661889093,4.622000000000001,4.65,4.682,4.6593333333333335,35.71428452380958,16169382.75,4.662,True,True,4.78
2023-08-31,4.62,4.65,4.59,4.61,14933026.0,76282765.0,23173674650.0,0.0006443961186794344,4.628,4.643000000000001,4.674,4.6593333333333335,40.540539006574285,16268074.0,4.6605,True,True,4.77
2023-09-01,4.6,4.66,4.6,4.65,11913450.0,61033907.0,23173674650.0,0.0005140941253354483,4.640000000000001,4.638,4.668,4.6578333333333335,46.34146183224284,15929515.15,4.659666666666667,True,True,4.77
2023-09-04,4.66,4.72,4.64,4.69,14855609.0,77002174.0,23173674650.0,0.0006410553882528078,4.646,4.64,4.6674999999999995,4.656333333333333,46.34146183224284,15833352.1,4.660166666666666,True,True,4.74
2023-09-05,4.68,4.69,4.65,4.66,8872219.0,45753056.0,23173674650.0,0.0003828576664685331,4.646,4.638,4.6655,4.654833333333333,46.34146183224275,15746403.0,4.660166666666667,False,True,4.74
2023-09-06,4.65,4.66,4.63,4.65,9895273.0,50843256.0,23173674650.0,0.00042700491611501933,4.652,4.6370000000000005,4.6635,4.654,46.34146183224284,15776048.95,4.6593333333333335,True,False,4.74
2023-09-07,4.64,4.67,4.62,4.62,10588800.0,54447571.0,23173674650.0,0.00045693228026742836,4.654000000000001,4.641,4.657500000000001,4.652,40.47618912698417,15536136.65,4.6593333333333335,True,True,4.74
2023-09-08,4.64,4.65,4.56,4.58,24402500.0,123939999.0,23173674650.0,0.001053026780109731,4.640000000000001,4.640000000000001,4.652500000000001,4.6498333333333335,39.53488243374803,15842137.05,4.6578333333333335,True,True,4.72
2023-09-11,4.57,4.62,4.57,4.61,16894170.0,85934269.0,23173674650.0,0.0007290242162781033,4.6240000000000006,4.635000000000001,4.649,4.6483333333333325,42.222220908642086,15624087.55,4.656333333333333,True,True,4.72
2023-09-12,4.6,4.63,4.59,4.63,9126727.0,46635267.0,23173674650.0,0.0003938403010245076,4.618,4.632,4.6445,4.647,46.666665214814834,15437618.95,4.654833333333333,True,True,4.72
2023-09-13,4.62,4.68,4.61,4.63,18296880.0,94014497.0,23173674650.0,0.0007895545387748852,4.614,4.633000000000001,4.6415,4.647,56.75675460920386,15916472.9,4.654,True,True,4.7
2023-09-14,4.64,4.69,4.6,4.69,22817133.0,117720246.0,23173674650.0,0.0009846143671478533,4.628,4.641,4.642,4.649,61.90475984126995,16353724.35,4.652,True,True,4.7
2023-09-15,4.69,4.76,4.68,4.73,24639573.0,128937113.0,23173674650.0,0.0010632570523294198,4.6579999999999995,4.649,4.6435,4.652,58.9743568573308,16809900.5,4.6498333333333335,False,True,4.7
2023-09-18,4.74,4.74,4.66,4.68,17052526.0,88464112.0,23173674650.0,0.0007358576599331,4.672,4.648000000000001,4.644,4.655833333333334,52.27272560950413,16989043.25,4.6483333333333325,False,False,4.73
2023-09-19,4.68,4.75,4.68,4.74,21673558.0,113406157.0,23173674650.0,0.000935266345426145,4.694,4.656000000000001,4.647,4.659000000000001,63.04347634215503,17285410.45,4.647,False,False,4.73
2023-09-20,4.74,4.75,4.71,4.72,10792819.0,56455128.0,23173674650.0,0.00046573619259818167,4.712,4.663,4.65,4.661333333333333,61.70212582163869,17133724.1,4.647,False,False,4.74
2023-09-21,4.73,4.75,4.7,4.71,16200256.0,84613113.0,23173674650.0,0.0006990801521415163,4.715999999999999,4.672,4.6565,4.6635,56.818180010330565,17122007.4,4.649,False,False,4.74
2023-09-22,4.72,4.74,4.68,4.71,14803018.0,77114249.0,23173674650.0,0.0006387859596535761,4.712000000000001,4.6850000000000005,4.6625,4.665000000000001,52.49999816249999,16936098.0,4.652,False,False,4.74
2023-09-25,4.73,4.75,4.71,4.75,21012416.0,110025590.0,23173674650.0,0.0009067364721977746,4.726000000000001,4.699,4.667,4.667000000000001,60.97560767400358,16366163.0,4.655833333333334,False,False,4.74
2023-09-26,4.74,4.75,4.7,4.71,10201956.0,53216785.0,23173674650.0,0.0004402390278660445,4.720000000000001,4.707,4.669500000000001,4.668833333333334,56.818180010330565,15673485.45,4.659000000000001,False,False,4.75
2023-09-27,4.73,4.74,4.67,4.68,10269300.0,53389874.0,23173674650.0,0.0004431450840274915,4.712000000000001,4.712,4.6725,4.670333333333333,56.818180010330565,15462060.45,4.661333333333333,False,False,4.75
2023-09-28,4.68,4.7,4.64,4.66,15701302.0,80913052.0,23173674650.0,0.0006775490826181941,4.702,4.7090000000000005,4.675,4.6721666666666675,59.52380753968257,15500474.25,4.6635,False,False,4.75
2023-10-09,4.65,4.66,4.6,4.63,16649204.0,85266542.0,23173674650.0,0.0007184533420555294,4.686,4.699,4.674,4.6723333333333334,52.38095063492064,15737261.95,4.665000000000001,True,False,4.75
2023-10-10,4.62,4.65,4.56,4.56,15810800.0,80287705.0,23173674650.0,0.0006822741856350348,4.648,4.686999999999999,4.6674999999999995,4.671666666666667,42.553190221819875,15785021.5,4.667000000000001,True,True,4.75
2023-10-11,4.56,4.58,4.52,4.53,19996229.0,100626488.0,23173674650.0,0.0008628855501775157,4.612,4.6659999999999995,4.661,4.670166666666666,39.999998880000106,16341222.0,4.668833333333334,True,True,4.75
2023-10-12,4.55,4.61,4.55,4.58,17489689.0,88740729.0,23173674650.0,0.0007547222986493427,4.5920000000000005,4.651999999999999,4.657500000000001,4.67,38.77550909620993,16720942.8,4.670333333333333,True,True,4.75
2023-10-13,4.58,4.6,4.56,4.56,9611133.0,48652213.0,23173674650.0,0.0004147435892304633,4.572,4.6370000000000005,4.6545,4.669,31.914892666364878,16672059.45,4.6721666666666675,True,True,4.75
2023-10-16,4.56,4.6,4.56,4.59,14574501.0,73912367.0,23173674650.0,0.000628924899487186,4.564,4.625,4.654999999999999,4.668666666666667,39.99999875555563,16180659.5,4.6723333333333334,True,True,4.75
2023-10-17,4.6,4.64,4.56,4.58,19698084.0,100380569.0,23173674650.0,0.000850019873736339,4.568,4.608,4.653499999999999,4.668,29.999998950000048,16320855.2,4.671666666666667,True,True,4.75
2023-10-18,4.59,4.6,4.54,4.54,11222706.0,56572554.0,23173674650.0,0.0004842868543509132,4.569999999999999,4.591,4.649,4.666666666666667,28.571427619047682,16425654.15,4.670166666666666,True,True,4.75
2023-10-19,4.53,4.54,4.38,4.38,30260528.0,148481673.0,23173674650.0,0.0013058148289831109,4.529999999999999,4.561,4.6365,4.661833333333334,21.052631061865213,17023836.55,4.67,True,True,4.75
2023-10-20,4.39,4.43,4.37,4.38,15668713.0,76231566.0,23173674650.0,0.0006761427886017205,4.494,4.5329999999999995,4.6209999999999996,4.6578333333333335,21.052631061865213,16666415.55,4.669,True,True,4.75
2023-10-23,4.38,4.41,4.33,4.36,13061736.0,63252330.0,23173674650.0,0.000563645438079023,4.448,4.506,4.602500000000001,4.6535,14.545454175206629,16087523.7,4.668666666666667,True,True,4.75
2023-10-24,4.36,4.39,4.31,4.37,18753865.0,90307799.0,23173674650.0,0.0008092745446393846,4.406000000000001,4.487,4.587,4.649000000000001,17.307691841715965,16172590.65,4.668,True,True,4.75
2023-10-25,4.4,4.46,4.38,4.44,15815583.0,77470477.0,23173674650.0,0.0006824805836307019,4.386,4.478,4.572,4.645166666666667,28.571427857142922,15879691.9,4.666666666666667,True,True,4.75
2023-10-26,4.43,4.48,4.4,4.47,16350545.0,80409908.0,23173674650.0,0.0007055654852736098,4.404,4.4670000000000005,4.5595,4.641666666666667,33.333332514619855,16157578.2,4.661833333333334,True,True,4.75
2023-10-27,4.47,4.54,4.47,4.52,16110800.0,80441664.0,23173674650.0,0.0006952199098039896,4.432,4.462999999999999,4.55,4.638999999999999,40.67796513645502,16153105.4,4.6578333333333335,True,True,4.75
2023-10-30,4.51,4.53,4.47,4.49,15587516.0,77671832.0,23173674650.0,0.0006726389420505651,4.458,4.453,4.539,4.634666666666666,43.636362525619894,16192330.3,4.6535,True,True,4.75
2023-10-31,4.49,4.54,4.47,4.52,14666721.0,73067504.0,23173674650.0,0.0006329044150967227,4.4879999999999995,4.447000000000001,4.5275,4.6305000000000005,49.090907841322284,15875045.55,4.649000000000001,True,True,4.75
2023-11-01,4.52,4.56,4.49,4.55,18935101.0,94860273.0,23173674650.0,0.0008170953155243335,4.51,4.4479999999999995,4.519499999999999,4.626333333333333,47.1698100747597,16311702.8,4.645166666666667,True,True,4.71
2023-11-02,4.55,4.61,4.54,4.58,20323096.0,103169480.0,23173674650.0,0.0008769906502506282,4.531999999999999,4.468,4.5145,4.623,51.85185050754467,16814392.6,4.641666666666667,False,True,4.68
2023-11-03,4.58,4.6,4.5,4.51,15120536.0,75992638.0,23173674650.0,0.0006524876278091701,4.529999999999999,4.481,4.507,4.618666666666667,43.103447235434004,16785354.3,4.638999999999999,False,False,4.66
2023-11-06,4.51,4.55,4.47,4.5,17920785.0,89120173.0,23173674650.0,0.000773325131670475,4.532,4.495,4.5005,4.614166666666667,43.103447235434004,16848933.35,4.634666666666666,False,False,4.63
2023-11-07,4.49,4.52,4.47,4.5,11747700.0,58398330.0,23173674650.0,0.0005069416127321007,4.5280000000000005,4.508,4.4975,4.610833333333334,46.29629509602196,16645778.35,4.6305000000000005,True,False,4.59
2023-11-08,4.49,4.49,4.44,4.46,13174600.0,65067693.0,23173674650.0,0.0005685157921210393,4.51,4.51,4.494000000000001,4.6068333333333324,59.52380753968266,16304696.9,4.626333333333333,False,True,4.59
2023-11-09,4.46,4.51,4.45,4.47,12788388.0,63459658.0,23173674650.0,0.0005518498120452381,4.4879999999999995,4.51,4.4885,4.603166666666667,60.465114310438175,16069631.85,4.623,True,False,4.59
2023-11-10,4.47,4.48,4.42,4.45,8512052.0,41808144.0,23173674650.0,0.0003673155910126666,4.476,4.503,4.4830000000000005,4.598333333333334,60.465114310438175,16014677.8,4.618666666666667,True,True,4.59
2023-11-13,4.45,4.48,4.42,4.47,10701368.0,52608600.0,23173674650.0,0.0004617898611949314,4.470000000000001,4.5009999999999994,4.477,4.594833333333333,61.36363441115711,15821021.15,4.614166666666667,True,True,4.59
2023-11-14,4.47,4.5,4.45,4.46,11209850.0,55375640.0,23173674650.0,0.00048373208691785964,4.462,4.494999999999999,4.471,4.591166666666667,52.63157700831028,15396609.45,4.610833333333334,True,True,4.58
2023-11-15,4.48,4.49,4.46,4.47,9116928.0,45099664.0,23173674650.0,0.0003934174505207356,4.464,4.487,4.467499999999999,4.587,49.99999805555563,15291320.55,4.6068333333333324,True,True,4.58
2023-11-16,4.47,4.47,4.43,4.44,11267900.0,55393616.0,23173674650.0,0.0004862370845445524,4.458,4.473000000000001,4.4704999999999995,4.582833333333332,38.23529254325269,14341689.15,4.603166666666667,False,True,4.58
2023-11-17,4.44,4.45,4.4,4.41,12200699.0,59566550.0,23173674650.0,0.0005264896130748086,4.45,4.462999999999999,4.472,4.578333333333333,38.23529254325259,14168288.45,4.598333333333334,True,False,4.58
2023-11-20,4.4,4.46,4.4,4.45,14124130.0,69225324.0,23173674650.0,0.0006094903036881981,4.446000000000001,4.458,4.4765,4.574166666666667,39.99999840000012,14221408.15,4.594833333333333,True,True,4.58
2023-11-21,4.46,4.5,4.45,4.47,17084065.0,84755604.0,23173674650.0,0.0007372186439149822,4.448,4.455,4.4815,4.570833333333334,38.23529254325259,14137918.15,4.591166666666667,True,True,4.58
2023-11-22,4.47,4.52,4.47,4.49,13349755.0,66435952.0,23173674650.0,0.0005760741531770836,4.452,4.458,4.484,4.567666666666667,36.36363482093667,14014626.75,4.587,True,True,4.58
2023-11-23,4.49,4.52,4.48,4.5,10206336.0,50854187.0,23173674650.0,0.0004404280354389113,4.464,4.461,4.4855,4.5649999999999995,48.14814565157766,13707416.3,4.582833333333332,False,True,4.58
2023-11-24,4.5,4.56,4.5,4.52,17693608.0,88798485.0,23173674650.0,0.0007635218957387063,4.486,4.468,4.4855,4.564000000000001,53.57142589285723,13786556.7,4.578333333333333,False,False,4.58
2023-11-27,4.52,4.54,4.47,4.53,17142604.0,85528906.0,23173674650.0,0.0007397447430720703,4.502,4.474,4.4875,4.563,55.17241112960781,13864311.1,4.574166666666667,False,False,4.58
2023-11-28,4.52,4.54,4.48,4.51,14204370.0,70851137.0,23173674650.0,0.0006129528533792547,4.51,4.479,4.487,4.5605,59.2592561865571,13841193.55,4.570833333333334,False,False,4.58
2023-11-29,4.51,4.56,4.51,4.52,15396473.0,77235216.0,23173674650.0,0.0006643949754425331,4.516,4.484,4.4855,4.558166666666667,59.2592561865571,13664262.15,4.567666666666667,False,False,4.58
2023-11-30,4.51,4.57,4.51,4.55,20406315.0,102834461.0,23173674650.0,0.0008805817509826824,4.526,4.494999999999999,4.484,4.557,67.85713946428586,13668423.1,4.5649999999999995,False,False,4.58
2023-12-01,4.56,4.57,4.53,4.55,15416128.0,77664739.0,23173674650.0,0.000665243136137669,4.532,4.509,4.486,4.555999999999999,65.38461186390555,13683202.7,4.564000000000001,False,False,4.55
2023-12-04,4.55,4.61,4.55,4.6,18504632.0,93907022.0,23173674650.0,0.0007985195390667143,4.545999999999999,4.523999999999999,4.4910000000000005,4.555166666666667,73.33332991111124,13712395.05,4.563,False,False,4.55
2023-12-05,4.59,4.61,4.51,4.53,18276400.0,92387380.0,23173674650.0,0.0007886707773382846,4.55,4.529999999999999,4.492500000000001,4.552499999999999,58.333331064814985,14038830.05,4.5605,False,False,4.6
2023-12-06,4.52,4.53,4.44,4.51,20617594.0,102336563.0,23173674650.0,0.0008896989498383244,4.548,4.531999999999999,4.494999999999999,4.55,59.9999976,14410979.75,4.558166666666667,False,False,4.6
2023-12-07,4.51,4.54,4.49,4.52,13031848.0,65135997.0,23173674650.0,0.0005623556987324839,4.542,4.534,4.4975,4.547833333333333,66.66666383838387,14423152.75,4.557,False,False,4.6
2023-12-08,4.53,4.56,4.49,4.52,20634831.0,103482001.0,23173674650.0,0.0008904427679966586,4.536,4.534,4.5009999999999994,4.546166666666666,62.068962520808604,15029291.7,4.555999999999999,False,False,4.6
2023-12-11,4.51,4.57,4.44,4.57,24457901.0,122260324.0,23173674650.0,0.001055417466992012,4.529999999999999,4.537999999999999,4.505999999999999,4.546,65.62499712890641,15717118.35,4.555166666666667,False,False,4.6
2023-12-12,4.56,4.6,4.54,4.6,16529802.0,83824580.0,23173674650.0,0.0007133008575314576,4.544,4.547,4.513,4.545833333333333,66.66666383838387,15983115.95,4.552499999999999,False,False,4.6
2023-12-13,4.6,4.63,4.58,4.59,12940300.0,65978389.0,23173674650.0,0.0005584051815450857,4.56,4.554,4.519,4.545166666666666,63.636360936639214,16174284.55,4.55,False,False,4.6
2023-12-14,4.58,4.61,4.57,4.59,9604510.0,48815023.0,23173674650.0,0.00041445779079322666,4.574,4.558,4.5265,4.5445,61.290319812695266,16091115.05,4.547833333333333,False,False,4.6
2023-12-15,4.59,4.61,4.56,4.56,13323040.0,67554812.0,23173674650.0,0.0005749213364398382,4.581999999999999,4.559,4.534,4.542333333333334,54.54545223140496,16147232.1,4.546166666666666,False,False,4.6
2023-12-18,4.56,4.61,4.56,4.58,19467718.0,98720031.0,23173674650.0,0.0008400790247566542,4.584,4.557,4.5405,4.539833333333333,60.60605803489455,16414411.5,4.546,False,False,4.6
2023-12-19,4.56,4.58,4.54,4.56,13492810.0,68123383.0,23173674650.0,0.0005822473217470497,4.576,4.5600000000000005,4.545,4.537833333333333,55.8823506401385,16234848.75,4.545833333333333,False,False,4.6
2023-12-20,4.57,4.63,4.56,4.56,23927092.0,121455047.0,23173674650.0,0.0010325117773240162,4.57,4.5649999999999995,4.5485,4.534833333333333,51.61290089490121,16763715.6,4.545166666666666,False,False,4.6
2023-12-21,4.58,4.59,4.54,4.58,15559941.0,78567126.0,23173674650.0,0.0006714490142373687,4.568,4.571,4.5525,4.5325,54.54545223140507,17031395.85,4.5445,False,False,4.6
2023-12-22,4.58,4.66,4.56,4.62,22310051.0,114034285.0,23173674650.0,0.0009627325548043802,4.58,4.581,4.557499999999999,4.531000000000001,53.12499767578142,17262218.0,4.542333333333334,False,False,4.6
2023-12-25,4.62,4.62,4.52,4.57,15507573.0,78176347.0,23173674650.0,0.0006691892086264359,4.578,4.581,4.5595,4.528666666666666,56.66666402222232,17180466.45,4.539833333333333,False,False,4.62
2023-12-26,4.56,4.59,4.55,4.57,13934402.0,70533732.0,23173674650.0,0.00060130308250444,4.58,4.578,4.562499999999999,4.525666666666666,60.71428267857163,17166968.05,4.537833333333333,False,False,4.62
2023-12-27,4.57,4.59,4.53,4.58,13904903.0,70184771.0,23173674650.0,0.0006000301294469067,4.5840000000000005,4.577,4.5655,4.5235,60.71428267857163,17092389.55,4.534833333333333,False,False,4.62
2023-12-28,4.57,4.57,4.5,4.5,26540599.0,132784528.0,23173674650.0,0.001145290913109458,4.568,4.568,4.563000000000001,4.5205,47.22222038580261,17399103.75,4.5325,False,False,4.62
2023-12-29,4.49,4.51,4.43,4.43,31003852.0,152679395.0,23173674650.0,0.0013378910538903246,4.529999999999999,4.555,4.557,4.516666666666667,31.578946204986153,18178489.95,4.531000000000001,True,False,4.62
2024-01-02,4.43,4.52,4.41,4.5,29786701.0,147704637.0,23173674650.0,0.0012853680501637664,4.516,4.547,4.552,4.5145,38.09523682539695,18742593.4,4.528666666666666,True,True,4.62
2024-01-03,4.49,4.59,4.48,4.58,30802212.0,155330474.0,23173674650.0,0.001329189801152231,4.518,4.5489999999999995,4.554499999999999,4.514833333333333,48.979590437317846,19368884.0,4.525666666666666,True,True,4.62
2024-01-04,4.58,4.66,4.56,4.59,20488588.0,104199374.0,23173674650.0,0.0008841320295311905,4.5200000000000005,4.5520000000000005,4.5585,4.515833333333333,49.99999860000004,19362433.7,4.5235,False,True,4.62
2024-01-05,4.61,4.67,4.58,4.61,28502400.0,146199737.0,23173674650.0,0.001229947361844057,4.542,4.555,4.563000000000001,4.516333333333334,55.1020392419826,20135961.3,4.5205,False,False,4.62
2024-01-08,4.61,4.63,4.56,4.6,23477820.0,119549125.0,23173674650.0,0.0010131246060279006,4.5760000000000005,4.553,4.566999999999999,4.517,52.083331814236104,20278110.75,4.516666666666667,False,False,4.62
2024-01-09,4.61,4.67,4.54,4.66,29751760.0,152743369.0,23173674650.0,0.0012838602616698082,4.608,4.561999999999999,4.5715,4.518166666666667,59.61538301035508,20542803.7,4.5145,False,False,4.62
2024-01-10,4.67,4.72,4.65,4.7,25945781.0,134436857.0,23173674650.0,0.0011196230805803602,4.632,4.575,4.576499999999999,4.520166666666666,62.49999843750004,21013602.65,4.514833333333333,False,False,4.66
2024-01-11,4.7,4.75,4.66,4.72,28095541.0,146644093.0,23173674650.0,0.0012123904138785343,4.6579999999999995,4.589,4.583,4.523166666666667,62.49999843749998,21771364.7,4.515833333333333,False,False,4.7
2024-01-12,4.72,4.84,4.71,4.78,24787809.0,131502909.0,23173674650.0,0.0010696537935557839,4.692,4.617,4.592499999999999,4.5298333333333325,63.79310190844234,22530529.65,4.516333333333334,False,False,4.72
2024-01-15,4.79,4.85,4.77,4.83,20963063.0,111920796.0,23173674650.0,0.0009046067711147398,4.7379999999999995,4.657,4.606,4.537333333333334,72.41379135552909,22912530.8,4.517,False,False,4.78
2024-01-16,4.84,4.86,4.8,4.84,21578919.0,115471960.0,23173674650.0,0.0009311824441273926,4.774,4.691000000000001,4.619,4.545333333333333,72.88135420281523,23018090.85,4.518166666666667,False,False,4.83
2024-01-17,4.84,4.89,4.78,4.8,24727606.0,132590767.0,23173674650.0,0.0010670558887819718,4.794,4.713,4.631,4.552499999999999,67.74193395421432,23579830.65,4.520166666666666,False,False,4.84
2024-01-18,4.77,4.81,4.65,4.77,38307391.0,199510370.0,23173674650.0,0.001653056391727671,4.804,4.731,4.6415,4.557999999999999,73.68420871652808,24298845.6,4.523166666666667,False,False,4.84
2024-01-19,4.76,4.83,4.73,4.78,23358293.0,123673615.0,23173674650.0,0.001007966727452092,4.804,4.747999999999999,4.6515,4.563166666666667,84.3137231757016,24688763.2,4.5298333333333325,False,False,4.84
2024-01-22,4.76,4.78,4.62,4.66,25428307.0,132378403.0,23173674650.0,0.0010972928283516745,4.7700000000000005,4.754,4.6535,4.5655,64.28571267857143,24844676.0,4.537333333333334,False,False,4.84
2024-01-23,4.64,4.73,4.58,4.71,24060404.0,123876268.0,23173674650.0,0.0010382645119253885,4.744,4.759,4.6605,4.569166666666667,62.264149298682796,25272317.55,4.545333333333333,False,False,4.84
2024-01-24,4.71,4.87,4.71,4.86,35335274.0,188047685.0,23173674650.0,0.0015248023687947996,4.756,4.775,4.675,4.574833333333332,70.14925226553797,26342361.15,4.552499999999999,False,False,4.84
2024-01-25,4.91,4.96,4.85,4.95,37777400.0,205517949.0,23173674650.0,0.0016301860007342426,4.792,4.798,4.693499999999999,4.581500000000001,72.97297159240317,27535986.0,4.557999999999999,False,False,4.86
2024-01-26,4.94,5.03,4.92,5.01,36090608.0,198329868.0,23173674650.0,0.0015573968541929106,4.837999999999999,4.821,4.718999999999999,4.588666666666667,75.94936574266944,28013486.45,4.563166666666667,False,False,4.95
2024-01-29,4.98,5.07,4.97,5.0,34273858.0,190817403.0,23173674650.0,0.0014789997062464152,4.906000000000001,4.838,4.7475000000000005,4.5968333333333335,72.97297159240323,28176986.75,4.5655,False,False,5.01
2024-01-30,5.0,5.06,4.96,4.99,30835540.0,171068958.0,23173674650.0,0.0013306279848025741,4.962,4.853,4.772,4.605,70.42253382265426,28229428.7,4.569166666666667,False,False,5.01
2024-01-31,4.98,5.04,4.92,4.99,26615630.0,146963742.0,23173674650.0,0.0011485286818765275,4.9879999999999995,4.872,4.7925,4.613166666666666,69.56521597983621,28020099.6,4.574833333333332,False,False,5.01
2024-02-01,4.98,5.05,4.94,4.98,37045177.0,205275092.0,23173674650.0,0.001598588810773694,4.994,4.893000000000001,4.811999999999999,4.621833333333333,65.62499856445316,28847929.05,4.581500000000001,False,False,5.01
2024-02-02,4.98,5.07,4.89,4.99,32154242.0,177839495.0,23173674650.0,0.0013875331593127377,4.99,4.914,4.831,4.6305,63.333331855555606,29030521.15,4.588666666666667,False,False,5.01
2024-02-05,4.95,5.06,4.89,4.94,50516347.0,278449705.0,23173674650.0,0.0021799023142840233,4.978000000000001,4.942,4.848000000000001,4.6386666666666665,57.81249873535163,30382447.5,4.5968333333333335,False,False,5.01
2024-02-06,4.95,5.07,4.92,5.05,51741033.0,286920428.0,23173674650.0,0.002232750471449292,4.99,4.976,4.8675,4.648333333333334,67.60563246974812,31481911.15,4.605,False,False,5.01
2024-02-07,5.02,5.03,4.8,4.88,73961656.0,397991787.0,23173674650.0,0.0031916239921837342,4.968,4.978,4.8765,4.655333333333333,56.47058730519035,33882704.9,4.613166666666666,False,False,5.05
2024-02-08,4.86,4.87,4.66,4.79,75749529.0,396725134.0,23173674650.0,0.00326877502787414,4.93,4.962,4.880000000000001,4.660666666666667,50.53763364782056,36265404.3,4.621833333333333,False,False,5.05
2024-02-19,4.8,4.94,4.78,4.91,51159040.0,276009669.0,23173674650.0,0.0022076360686284166,4.914,4.952,4.8865,4.6685,63.44085926003011,37583965.85,4.6305,True,False,5.05
2024-02-20,4.91,5.04,4.88,5.03,30476214.0,167500664.0,23173674650.0,0.0013151222005267948,4.932,4.955,4.8965,4.678833333333333,65.99999907600005,38059623.4,4.6386666666666665,False,True,5.05
2024-02-21,5.03,5.03,4.94,4.98,37723435.0,208106135.0,23173674650.0,0.0016278572807183172,4.918,4.954000000000001,4.9035,4.687666666666667,56.666665785185224,38866849.2,4.648333333333334,False,False,5.05
2024-02-22,4.97,5.04,4.96,5.02,23792976.0,131589823.0,23173674650.0,0.001026724348181871,4.946,4.957,4.9145,4.696833333333333,54.11764616747405,38820117.7,4.655333333333333,False,False,5.05
2024-02-23,5.01,5.07,4.98,5.03,24565035.0,136833972.0,23173674650.0,0.0010600405577024013,4.994,4.962,4.9275,4.7058333333333335,51.24999910312505,38132999.9,4.660666666666667,False,False,5.05
2024-02-26,5.03,5.05,4.84,4.84,47776150.0,258826235.0,23173674650.0,0.002061656199182032,4.9799999999999995,4.947,4.9305,4.7115,41.8367340962099,39353892.75,4.6685,False,False,5.05
2024-02-27,4.82,4.94,4.8,4.94,31079375.0,168814418.0,23173674650.0,0.0013411500536450313,4.962,4.947,4.9445,4.718500000000001,47.663550778233926,39636446.15,4.678833333333333,True,False,5.05
2024-02-28,4.93,4.95,4.88,4.89,28766900.0,156749560.0,23173674650.0,0.0012413611753196855,4.944,4.931,4.9535,4.724500000000001,45.53571371651784,39871770.95,4.687666666666667,True,True,5.05
2024-02-29,4.92,4.93,4.87,4.91,28213943.0,152859413.0,23173674650.0,0.0012174997459887097,4.922,4.934,4.956,4.731166666666667,46.90265428616179,39515704.4,4.696833333333333,True,True,5.05
2024-03-01,4.89,4.91,4.84,4.88,27201000.0,146339532.0,23173674650.0,0.001173788810399131,4.8919999999999995,4.943,4.952500000000001,4.737166666666666,45.217390753875236,38986884.4,4.7058333333333335,True,True,5.05
2024-03-04,4.85,4.88,4.83,4.84,20523379.0,110135248.0,23173674650.0,0.0008856333451630642,4.8919999999999995,4.936,4.944,4.742,45.614034527546934,38208522.95,4.7115,True,True,5.05
2024-03-05,4.85,4.91,4.84,4.89,22522302.0,121483894.0,23173674650.0,0.0009718916978063295,4.882,4.922,4.9384999999999994,4.7476666666666665,42.59259204046641,37620945.15,4.718500000000001,True,True,5.05
2024-03-06,4.89,4.92,4.86,4.86,19137963.0,103421491.0,23173674650.0,0.0008258493005122086,4.8759999999999994,4.91,4.932,4.752,48.93616948392942,37036066.3,4.724500000000001,True,True,5.05
2024-03-07,4.87,4.91,4.84,4.86,15672495.0,84536208.0,23173674650.0,0.0006763059910310772,4.866,4.894,4.9254999999999995,4.757500000000001,54.11764616747408,36488909.55,4.731166666666667,True,True,5.05
2024-03-08,4.86,4.87,4.83,4.86,18730530.0,100423677.0,23173674650.0,0.0008082675830611094,4.862,4.877000000000001,4.9195,4.763333333333333,46.57534157252771,35573177.2,4.737166666666666,True,True,5.05
2024-03-11,4.87,4.89,4.8,4.83,20689453.0,110404369.0,23173674650.0,0.0008927998391485141,4.86,4.8759999999999994,4.9115,4.7685,34.37499924804692,34999937.75,4.742,True,True,5.05
2024-03-12,4.82,4.83,4.75,4.75,27721681.0,146451829.0,23173674650.0,0.001196257452419183,4.832,4.857,4.902,4.772333333333334,32.83582020940078,33860204.45,4.7476666666666665,True,True,5.05
2024-03-13,4.77,4.77,4.71,4.75,19017601.0,99631181.0,23173674650.0,0.0008206553896707962,4.8100000000000005,4.843,4.8870000000000005,4.775333333333334,28.571427936508073,32224032.85,4.752,True,True,5.05
2024-03-14,4.75,4.8,4.74,4.76,18574513.0,98055339.0,23173674650.0,0.0008015350729022166,4.79,4.827999999999999,4.881,4.7780000000000005,28.571427936507973,29454675.7,4.757500000000001,True,True,5.03
2024-03-15,4.75,4.77,4.72,4.76,14797382.0,77695915.0,23173674650.0,0.0006385427526488553,4.77,4.816000000000001,4.8795,4.780833333333334,40.90908960743808,26407068.35,4.763333333333333,True,True,5.03
2024-03-18,4.76,4.84,4.75,4.78,26058927.0,138278774.0,23173674650.0,0.0011245056036030953,4.76,4.81,4.873,4.784,27.777776697530953,25152062.7,4.7685,True,True,5.03
2024-03-19,4.78,4.79,4.75,4.75,16134830.0,85103187.0,23173674650.0,0.0006962568623099228,4.76,4.795999999999999,4.859,4.787166666666666,29.411763494809833,24434993.5,4.772333333333334,True,True,5.03
2024-03-20,4.75,4.79,4.74,4.78,17437718.0,91945819.0,23173674650.0,0.0007524796245467267,4.766,4.787999999999999,4.849,4.7905,31.428570171428674,23420707.65,4.775333333333334,True,True,5.03
2024-03-21,4.79,4.8,4.75,4.76,16984319.0,89670192.0,23173674650.0,0.0007329143632384603,4.766,4.7780000000000005,4.836,4.793833333333334,32.352939844290745,23080274.8,4.7780000000000005,True,True,5.03
2024-03-22,4.75,4.77,4.68,4.74,20829001.0,108803959.0,23173674650.0,0.0008988216722029452,4.7620000000000005,4.766,4.8215,4.796833333333334,34.374998496093895,22893473.1,4.780833333333334,True,True,5.03
2024-03-25,4.74,4.83,4.72,4.78,25960906.0,137559914.0,23173674650.0,0.001120275760840545,4.7620000000000005,4.761,4.8185,4.800166666666667,32.2580630593134,21802710.9,4.784,True,True,4.94
2024-03-26,4.77,4.79,4.75,4.78,18255001.0,96324911.0,23173674650.0,0.000787747358833313,4.768,4.764,4.8105,4.802833333333334,35.71428392857156,21161492.2,4.787166666666666,True,True,4.94
2024-03-27,4.79,4.83,4.77,4.77,21781128.0,115859462.0,23173674650.0,0.0009399082505889933,4.766,4.766,4.8045,4.806166666666667,34.482756956004806,20812203.6,4.7905,True,True,4.91
2024-03-28,4.77,4.83,4.74,4.8,21631402.0,114715512.0,23173674650.0,0.0009334472122659235,4.774,4.7700000000000005,4.799,4.8100000000000005,40.62499822265631,20483076.55,4.793833333333334,True,True,4.91
2024-03-29,4.79,4.87,4.78,4.85,18475681.0,98969166.0,23173674650.0,0.0007972702335319961,4.795999999999999,4.779,4.797499999999999,4.8145,52.94117429065746,20046810.6,4.796833333333334,False,True,4.89
2024-04-01,4.87,4.89,4.83,4.88,23103951.0,124423433.0,23173674650.0,0.0009969912561968242,4.816,4.789,4.7995,4.820833333333334,72.41378960761,20175839.2,4.800166666666667,False,False,4.89
2024-04-02,4.87,4.95,4.86,4.94,29499050.0,160933535.0,23173674650.0,0.0012729552151540197,4.848000000000001,4.808000000000001,4.8020000000000005,4.8293333333333335,77.14285405714286,20524676.6,4.802833333333334,False,False,4.89
2024-04-03,4.96,5.05,4.95,5.04,36039161.0,200414428.0,23173674650.0,0.0015551767919551767,4.902,4.8340000000000005,4.811,4.838333333333333,81.81817921487598,21369736.5,4.806166666666667,False,False,4.94
2024-04-08,5.04,5.11,5.03,5.04,34999692.0,196537278.0,23173674650.0,0.0015103211954345791,4.95,4.862,4.82,4.846,81.81817921487598,22336096.35,4.8100000000000005,False,False,5.04
2024-04-09,5.06,5.1,5.03,5.07,27484295.0,154155733.0,23173674650.0,0.0011860136734939445,4.994,4.8950000000000005,4.830500000000001,4.854,82.22221966419747,22773784.6,4.8145,False,False,5.04
2024-04-10,5.08,5.12,5.04,5.07,24230612.0,136304210.0,23173674650.0,0.0010456093979898868,5.032,4.924,4.842499999999999,4.861666666666666,88.09523515873013,22950842.55,4.820833333333334,False,False,5.07
2024-04-11,5.08,5.12,5.01,5.07,24591701.0,138098670.0,23173674650.0,0.0010611912599713658,5.058,4.953,4.858499999999999,4.8694999999999995,87.1794840499671,22794343.55,4.8293333333333335,False,False,5.07
2024-04-12,5.08,5.13,5.07,5.1,24184745.0,136663637.0,23173674650.0,0.0010436301262216952,5.07,4.986,4.8759999999999994,4.876833333333334,92.49999676250006,23052700.75,4.838333333333333,False,False,5.07
2024-04-15,5.12,5.22,5.09,5.19,35152150.0,201286019.0,23173674650.0,0.001516900126152414,5.1,5.025,4.8975,4.885000000000001,97.87233751018556,23881582.6,4.846,False,False,5.1
2024-04-16,5.19,5.24,5.11,5.14,40296810.0,230829744.0,23173674650.0,0.001738904623829264,5.114,5.054,4.9165,4.8919999999999995,87.49999744791651,25156554.0,4.854,False,False,5.19
2024-04-17,5.13,5.26,5.13,5.25,36053815.0,207106158.0,23173674650.0,0.001555809147428416,5.15,5.091,4.9399999999999995,4.8998333333333335,89.83050634300474,25656298.4,4.861666666666666,False,False,5.19
2024-04-18,5.25,5.33,5.19,5.22,35857665.0,208505647.0,23173674650.0,0.0015473448014426145,5.18,5.119,4.9635,4.906333333333333,86.88524390755167,26642440.15,4.8694999999999995,False,False,5.25
2024-04-19,5.21,5.33,5.2,5.24,23830981.0,138828566.0,23173674650.0,0.0010283643556720083,5.208,5.139,4.9864999999999995,4.913,86.66666464444438,26962103.3,4.876833333333334,False,False,5.25
2024-04-22,5.27,5.29,5.13,5.16,26170755.0,150340779.0,23173674650.0,0.001129331251744315,5.202,5.151,5.006500000000001,4.919,74.60317294532626,27421425.1,4.885000000000001,False,False,5.25
2024-04-23,5.16,5.18,5.05,5.07,23757896.0,134034186.0,23173674650.0,0.0010252105615023814,5.188000000000001,5.151,5.023,4.924,63.768114648183165,27567869.85,4.8919999999999995,False,False,5.25
2024-04-24,5.08,5.14,5.04,5.13,20048942.0,112953258.0,23173674650.0,0.0008651602433712428,5.164,5.157,5.0405,4.929833333333333,63.768114648183115,27272271.65,4.8998333333333335,False,False,5.25
2024-04-25,5.13,5.19,5.1,5.16,21490882.0,122580799.0,23173674650.0,0.0009273834350651851,5.152,5.1659999999999995,5.0595,4.938166666666667,59.67741800728409,27434065.7,4.906333333333333,False,False,5.25
2024-04-26,5.16,5.19,5.05,5.09,22275900.0,125265817.0,23173674650.0,0.0009612588567174002,5.122,5.165,5.0755,4.9445,53.62318731779038,27458804.3,4.913,False,False,5.25
2024-04-29,5.1,5.1,5.03,5.06,23904310.0,134009704.0,23173674650.0,0.0010315286790306259,5.101999999999999,5.152,5.0885,4.9478333333333335,49.27536131905059,27572449.7,4.919,False,False,5.25
2024-04-30,5.14,5.18,5.07,5.07,29978110.0,169440972.0,23173674650.0,0.0012936278105552845,5.101999999999999,5.1450000000000005,5.099500000000001,4.949833333333332,49.99999900000002,28147571.15,4.924,True,False,5.25
2024-05-06,5.13,5.14,5.04,5.11,37197977.0,210018825.0,23173674650.0,0.0016051824996170816,5.098000000000001,5.131,5.111,4.951499999999999,52.702701705624555,28852272.45,4.929833333333333,True,True,5.25
2024-05-07,5.13,5.17,5.08,5.12,32682325.0,185576268.0,23173674650.0,0.0014103212155004514,5.09,5.121,5.12,4.9535,51.38888788966054,29011436.2,4.938166666666667,True,True,5.25
2024-05-08,5.12,5.18,5.1,5.12,23873800.0,135673891.0,23173674650.0,0.0010302120988826431,5.096,5.109,5.1240000000000006,4.955666666666667,44.44444345679014,28403168.15,4.9445,False,True,5.25
2024-05-09,5.11,5.23,5.11,5.22,30686994.0,176274547.0,23173674650.0,0.0013242178663279024,5.128,5.115,5.133,4.959500000000001,55.88235179065745,28187533.25,4.9478333333333335,True,False,5.25
2024-05-10,5.24,5.26,5.19,5.22,22698618.0,131104245.0,23173674650.0,0.0009795001588149077,5.1579999999999995,5.130000000000001,5.1405,4.9635,47.36841988919669,27948249.4,4.949833333333332,False,True,5.25
2024-05-13,5.22,5.33,5.22,5.31,34450189.0,201199235.0,23173674650.0,0.0014866088145412018,5.198,5.148,5.1525,4.968833333333333,57.14285587301589,28459228.25,4.951499999999999,False,False,5.25
2024-05-14,5.32,5.35,5.25,5.25,27994992.0,163572977.0,23173674650.0,0.0012080514818136536,5.224,5.156999999999999,5.161499999999999,4.974,50.746267596346634,28629392.8,4.9535,False,False,5.31
2024-05-15,5.23,5.3,5.23,5.25,20866300.0,118013560.0,23173674650.0,0.0009004312140888713,5.25,5.173,5.169,4.977333333333333,57.62711727664467,28463470.55,4.955666666666667,False,False,5.31
2024-05-16,5.27,5.29,5.16,5.17,28209285.0,157575208.0,23173674650.0,0.0012172987420447797,5.24,5.183999999999999,5.168,4.982166666666667,58.620688240190255,28116327.3,4.959500000000001,False,False,5.31
2024-05-17,5.17,5.23,5.16,5.23,18191700.0,101478701.0,23173674650.0,0.0007850157678812497,5.241999999999999,5.2,5.1725,4.989499999999999,58.62068824019032,27011071.8,4.9635,False,False,5.31
2024-05-20,5.23,5.34,5.23,5.34,31408545.0,178349184.0,23173674650.0,0.0013553545337273473,5.247999999999999,5.223,5.1770000000000005,4.996666666666667,63.63636228650138,26778808.3,4.968833333333333,False,False,5.31
2024-05-21,5.32,5.38,5.3,5.34,20381493.0,116873872.0,23173674650.0,0.000879510621764943,5.266,5.245,5.183,5.001833333333333,71.18643898879637,26004999.7,4.974,False,False,5.34
2024-05-22,5.35,5.38,5.26,5.28,22110400.0,126416427.0,23173674650.0,0.0009541171322175268,5.272,5.261,5.1850000000000005,5.006833333333334,67.74193395421447,25918970.65,4.977333333333333,False,False,5.34
2024-05-23,5.26,5.28,5.17,5.21,29371344.0,164610411.0,23173674650.0,0.0012674443929849512,5.28,5.26,5.1875,5.01,60.29411640570937,26079000.1,4.982166666666667,False,False,5.34
2024-05-24,5.18,5.28,5.17,5.23,17685700.0,99651071.0,23173674650.0,0.0007631806464496126,5.28,5.261,5.1955,5.013333333333334,59.09090783746561,25775390.3,4.989499999999999,False,False,5.34
2024-05-27,5.24,5.39,5.23,5.37,27609718.0,158234694.0,23173674650.0,0.0011914259787020873,5.286,5.267,5.2075000000000005,5.022166666666667,65.82278364364689,26153429.1,4.996666666666667,False,False,5.34
2024-05-28,5.38,5.42,5.33,5.37,20960372.0,121003983.0,23173674650.0,0.0009044906479689443,5.292,5.279000000000001,5.218,5.029333333333333,65.82278364364689,26126903.6,5.001833333333333,False,False,5.37
2024-05-29,5.37,5.4,5.32,5.34,16903300.0,97295601.0,23173674650.0,0.0007294181978169785,5.304,5.288,5.230500000000001,5.036833333333333,58.33333219907411,25858273.6,5.006833333333334,False,False,5.37
2024-05-30,5.36,5.42,5.3,5.32,21864755.0,125834202.0,23173674650.0,0.0009435169575059171,5.326,5.303,5.2435,5.043666666666667,56.75675568298034,25756295.85,5.01,False,False,5.37
2024-05-31,5.35,5.37,5.3,5.3,26824575.0,153496713.0,23173674650.0,0.001157545162998135,5.34,5.31,5.255,5.050666666666667,49.25373031410117,25598619.1,5.013333333333334,False,False,5.37
2024-06-03,5.29,5.39,5.26,5.36,33090136.0,189570970.0,23173674650.0,0.0014279192445640035,5.337999999999999,5.312,5.2675,5.059333333333333,58.20895400757411,25393227.05,5.022166666666667,False,False,5.37
2024-06-04,5.37,5.41,5.34,5.4,27712696.0,160048923.0,23173674650.0,0.0011958697279803227,5.344,5.318,5.281499999999999,5.067833333333334,60.56337908748268,25144745.6,5.029333333333333,False,False,5.37
2024-06-05,5.41,5.47,5.34,5.37,25181852.0,146184676.0,23173674650.0,0.0010866577001848086,5.35,5.327,5.2940000000000005,5.076333333333333,65.15151376951334,25210148.2,5.036833333333333,False,False,5.4
2024-06-06,5.36,5.43,5.32,5.34,31530444.0,181791937.0,23173674650.0,0.0013606147698289187,5.354000000000001,5.340000000000001,5.3,5.084333333333333,58.73015742504406,25252320.7,5.043666666666667,False,False,5.4
2024-06-07,5.37,5.47,5.32,5.46,38736102.0,224844247.0,23173674650.0,0.0016715563062416603,5.386,5.363,5.312,5.094333333333334,59.37499870117189,26054194.9,5.050666666666667,False,False,5.4
2024-06-11,5.46,5.51,5.2,5.23,56486403.0,320551639.0,23173674650.0,0.002437524641781402,5.36,5.349,5.308000000000001,5.101,43.67816021667332,27156005.6,5.059333333333333,False,False,5.46
2024-06-12,5.23,5.33,5.18,5.3,36457765.0,205338173.0,23173674650.0,0.0015732405650219139,5.34,5.3420000000000005,5.3105,5.110166666666666,51.136362822830556,27579144.25,5.067833333333334,True,False,5.46
2024-06-13,5.3,5.33,5.22,5.24,22902201.0,129346391.0,23173674650.0,0.000988285256693202,5.314,5.332,5.3100000000000005,5.118333333333333,51.724137098692054,27680939.3,5.076333333333333,True,True,5.46
2024-06-14,5.21,5.3,5.19,5.21,33361548.0,187340530.0,23173674650.0,0.0014396313275244848,5.288,5.321,5.312,5.1258333333333335,48.863635586260315,27938552.45,5.084333333333333,True,True,5.46
2024-06-17,5.22,5.23,5.11,5.17,32267900.0,179167690.0,23173674650.0,0.0013924377763713878,5.23,5.308,5.308999999999999,5.132666666666666,37.17948651216305,28642362.45,5.094333333333334,True,True,5.46
2024-06-18,5.2,5.3,5.16,5.29,26117325.0,146959282.0,23173674650.0,0.001127025618269824,5.242,5.301,5.3065,5.141166666666667,45.555554846913594,28377801.45,5.101,True,True,5.46
2024-06-19,5.29,5.31,5.23,5.26,17095854.0,96741420.0,23173674650.0,0.0007377273677224083,5.234,5.287,5.3025,5.149666666666667,45.555554846913594,28213519.5,5.110166666666666,True,True,5.46
2024-06-20,5.25,5.3,5.23,5.28,17035041.0,96349180.0,23173674650.0,0.0007351031399761194,5.241999999999999,5.2780000000000005,5.3025,5.158,47.77777703456791,27959751.55,5.118333333333333,True,True,5.46
2024-06-21,5.25,5.36,5.23,5.3,27655687.0,157588736.0,23173674650.0,0.0011934096520164962,5.26,5.273999999999999,5.307,5.167,49.999999222222236,27873968.7,5.1258333333333335,True,True,5.46
2024-06-24,5.29,5.31,5.22,5.23,22337683.0,125891701.0,23173674650.0,0.0009639249423051687,5.272,5.2509999999999994,5.307,5.175166666666667,42.85714219780221,28106567.85,5.132666666666666,True,True,5.46
2024-06-25,5.23,5.31,5.23,5.25,20248398.0,114612972.0,23173674650.0,0.0008737672512373863,5.264,5.253,5.301,5.183000000000001,41.573033053907324,27738501.85,5.141166666666667,True,True,5.46
2024-06-26,5.25,5.27,5.17,5.24,18340970.0,102814046.0,23173674650.0,0.0007914571287035826,5.260000000000001,5.247000000000001,5.2945,5.190666666666667,42.52873494781345,27607531.75,5.149666666666667,True,True,5.46
2024-06-27,5.23,5.26,5.19,5.23,18290301.0,102696347.0,23173674650.0,0.00078927063904386,5.25,5.246,5.289,5.198333333333334,43.52941104775089,27676881.8,5.158,True,True,5.46
2024-06-28,5.23,5.4,5.23,5.38,31885185.0,183082076.0,23173674650.0,0.0013759227002869828,5.266,5.263,5.292,5.208,45.45454473140495,28177903.3,5.167,True,True,5.46
2024-07-01,5.39,5.48,5.38,5.44,31369600.0,182994650.0,23173674650.0,0.0013536739629681476,5.308,5.29,5.299,5.217833333333333,64.78873111684197,28405154.55,5.175166666666667,False,True,5.46
2024-07-02,5.48,5.58,5.46,5.57,42765672.0,254031844.0,23173674650.0,0.0018454419787066441,5.372,5.318,5.309500000000001,5.229333333333333,67.53246630460457,28888931.35,5.183000000000001,False,False,5.46
2024-07-03,5.58,5.66,5.55,5.61,37691348.0,226640052.0,23173674650.0,0.0016264726492136196,5.446,5.353,5.32,5.2405,74.66666527288895,29387863.95,5.190666666666667,False,False,5.57
2024-07-04,5.59,5.63,5.52,5.59,29552500.0,176954503.0,23173674650.0,0.0012752617116767884,5.518,5.384,5.3309999999999995,5.249666666666667,75.67567424397376,29606396.35,5.198333333333334,False,False,5.61
2024-07-05,5.58,5.6,5.51,5.52,22583500.0,134170350.0,23173674650.0,0.0009745325392319685,5.546,5.406000000000001,5.340000000000001,5.257666666666666,72.72727140495869,29159049.15,5.208,False,False,5.61
2024-07-08,5.52,5.58,5.49,5.52,22323900.0,132443061.0,23173674650.0,0.000963330172584433,5.561999999999999,5.4350000000000005,5.343,5.265166666666667,67.69230623431955,28338439.05,5.217833333333333,False,False,5.61
2024-07-09,5.54,5.76,5.51,5.74,65715906.0,399628614.0,23173674650.0,0.0028357999752965375,5.596,5.484,5.368499999999999,5.276333333333334,78.57142726190482,28799914.2,5.229333333333333,False,False,5.61
2024-07-10,5.76,5.76,5.56,5.59,41219246.0,248316115.0,23173674650.0,0.0017787099638943106,5.592,5.519,5.383,5.285,65.97938049101924,29037988.25,5.2405,False,False,5.74
2024-07-11,5.63,5.65,5.53,5.59,30864354.0,185156176.0,23173674650.0,0.0013318713784565884,5.592,5.555000000000001,5.4005,5.293166666666666,65.263156932964,29436095.9,5.249666666666667,False,False,5.74
2024-07-12,5.59,5.63,5.55,5.59,23107401.0,138681196.0,23173674650.0,0.000997140132024767,5.606,5.576,5.4195,5.299833333333334,70.45454433367766,28923388.55,5.257666666666666,False,False,5.74
2024-07-15,5.58,5.68,5.54,5.64,26215874.0,158252999.0,23173674650.0,0.0011312782455069118,5.63,5.596,5.4430000000000005,5.308166666666667,71.4285703296703,28620787.25,5.265166666666667,False,False,5.74
2024-07-16,5.64,5.66,5.54,5.58,22862251.0,137267582.0,23173674650.0,0.0009865613177580362,5.598000000000001,5.5969999999999995,5.4575000000000005,5.313666666666666,67.70833234592013,28458033.55,5.276333333333334,False,False,5.74
2024-07-17,5.57,5.64,5.56,5.6,27814959.0,167302340.0,23173674650.0,0.0012002826232826221,5.6,5.596,5.4745,5.319999999999999,69.07216395153573,28993988.8,5.285,False,False,5.74
2024-07-18,5.61,5.68,5.54,5.67,23200504.0,140117227.0,23173674650.0,0.0010011577512157744,5.616,5.604,5.494,5.327166666666667,66.29213378866305,29302261.95,5.293166666666666,False,False,5.74
2024-07-19,5.67,5.71,5.63,5.68,24677852.0,149878007.0,23173674650.0,0.0010649088835809645,5.634,5.62,5.513,5.335833333333334,64.28571321428568,29153370.2,5.299833333333334,False,False,5.74
2024-07-22,5.67,5.67,5.58,5.62,26352549.0,158763160.0,23173674650.0,0.0011371761016762182,5.63,5.63,5.532500000000001,5.345000000000001,53.24675227863047,29354113.5,5.308166666666667,False,False,5.74
2024-07-23,5.62,5.77,5.62,5.67,33625576.0,205366883.0,23173674650.0,0.001451024773060754,5.648000000000001,5.622999999999999,5.5535000000000005,5.354,53.84615287968441,30022972.4,5.313666666666666,False,False,5.74
2024-07-24,5.66,5.8,5.62,5.78,50841537.0,313867659.0,23173674650.0,0.0021939350477590313,5.684,5.642,5.5805,5.364333333333334,60.919539249570654,31648000.75,5.319999999999999,False,False,5.74
2024-07-25,5.77,5.86,5.74,5.8,45670729.0,284318570.0,23173674650.0,0.001970802200763615,5.709999999999999,5.662999999999999,5.609,5.376166666666667,67.07316958655566,33017022.15,5.327166666666667,False,False,5.78
2024-07-26,5.79,5.82,5.65,5.72,34210142.0,209967834.0,23173674650.0,0.0014762502070425848,5.717999999999999,5.676,5.6259999999999994,5.387166666666667,61.11111016049386,33133270.0,5.335833333333334,False,False,5.8
2024-07-29,5.68,5.77,5.64,5.75,24135943.0,148400613.0,23173674650.0,0.0010415242021187174,5.744,5.686999999999999,5.6415,5.3985,50.70422435231105,32771587.15,5.345000000000001,False,False,5.8
2024-07-30,5.75,5.76,5.67,5.73,29171575.0,178857821.0,23173674650.0,0.001258823878413258,5.756,5.702,5.6495,5.408833333333334,62.06896401902509,32091882.3,5.354,False,False,5.8
2024-07-31,5.75,5.78,5.57,5.63,45785144.0,277068225.0,23173674650.0,0.001975739484199585,5.726,5.705,5.650499999999999,5.417333333333334,52.94117538062287,32496572.1,5.364333333333334,False,False,5.8
2024-08-01,5.59,5.82,5.59,5.78,46413891.0,285632503.0,23173674650.0,0.0020028714349797777,5.7219999999999995,5.715999999999999,5.66,5.428333333333333,61.44578209609528,33339641.65,5.376166666666667,True,False,5.8
2024-08-02,5.77,5.78,5.68,5.75,24362074.0,149861072.0,23173674650.0,0.0010512823006255504,5.728,5.723,5.6715,5.437166666666666,56.79012247523247,33428570.35,5.387166666666667,False,True,5.8
2024-08-05,5.73,5.77,5.67,5.68,31039337.0,190487436.0,23173674650.0,0.0013394223172974425,5.714,5.729,5.6795,5.444833333333333,56.09756001784651,33864342.2,5.3985,False,False,5.8
2024-08-06,5.66,5.7,5.53,5.62,29275014.0,175801118.0,23173674650.0,0.0012632875209542998,5.691999999999999,5.724,5.6735,5.45,51.16278986479182,32042297.6,5.408833333333334,False,False,5.8
2024-08-07,5.62,5.67,5.6,5.63,17051170.0,103236298.0,23173674650.0,0.0007357991452598563,5.692,5.709,5.6755,5.456333333333333,47.49999916875001,30833893.8,5.417333333333334,True,False,5.8
2024-08-08,5.63,5.66,5.6,5.64,17756900.0,107505007.0,23173674650.0,0.0007662530983190446,5.664,5.693,5.678,5.462833333333333,47.49999916875001,30178521.1,5.428333333333333,True,True,5.8
2024-08-09,5.65,5.66,5.59,5.61,15741540.0,94885855.0,23173674650.0,0.0006792854494485621,5.636,5.682,5.679,5.470166666666667,49.35064845336485,29810228.05,5.437166666666666,True,True,5.8
2024-08-12,5.61,5.64,5.56,5.61,12315237.0,74169078.0,23173674650.0,0.0005314322042576877,5.622000000000001,5.668,5.6775,5.476500000000001,45.833332442129674,29115196.2,5.444833333333333,True,True,5.8
2024-08-13,5.6,5.7,5.59,5.63,20900939.0,126502977.0,23173674650.0,0.0009019259705538328,5.6240000000000006,5.6579999999999995,5.68,5.481333333333334,38.09523724867722,29017130.6,5.45,True,True,5.8
2024-08-14,5.61,5.69,5.61,5.64,18790350.0,114141382.0,23173674650.0,0.000810848960460399,5.626,5.659000000000001,5.682,5.4863333333333335,37.09677335587928,28565900.15,5.456333333333333,True,True,5.8
2024-08-15,5.63,5.79,5.63,5.78,28774228.0,177209633.0,23173674650.0,0.001241677396208719,5.654000000000001,5.659000000000001,5.6875,5.494666666666666,54.41176358564021,28844586.35,5.462833333333333,True,True,5.8
2024-08-16,5.77,5.88,5.77,5.84,27220567.0,170292027.0,23173674650.0,0.001174633173681844,5.7,5.668,5.695500000000001,5.505166666666667,56.33802705812341,28971722.1,5.470166666666667,False,True,5.8
2024-08-19,5.84,5.93,5.82,5.93,29269129.0,185241157.0,23173674650.0,0.0012630335689985187,5.764,5.693,5.711,5.5168333333333335,62.82051169296514,29117551.1,5.476500000000001,False,False,5.84
2024-08-20,5.94,5.95,5.85,5.89,20421221.0,128955105.0,23173674650.0,0.0008812249808642238,5.816,5.72,5.7219999999999995,5.525499999999999,68.05555423225313,28457333.35,5.481333333333334,False,False,5.93
2024-08-21,5.88,5.91,5.79,5.89,18682063.0,117530585.0,23173674650.0,0.0008061761150167869,5.866,5.746,5.7275,5.534166666666666,59.64912134195138,26849359.65,5.4863333333333335,False,False,5.93
2024-08-22,5.9,5.96,5.85,5.93,21345601.0,135776180.0,23173674650.0,0.0009211142092218853,5.895999999999999,5.775,5.734,5.544,65.51723979785976,25633103.25,5.494666666666666,False,False,5.93
2024-08-23,5.9,5.93,5.86,5.91,13900150.0,88076006.0,23173674650.0,0.0005998250260236565,5.91,5.805,5.7435,5.553833333333333,71.69811131363494,24617603.65,5.505166666666667,False,False,5.93
2024-08-26,5.91,5.91,5.79,5.87,19255250.0,120950140.0,23173674650.0,0.0008309105176808893,5.898,5.831,5.749499999999999,5.5633333333333335,74.5098018762016,24373569.0,5.5168333333333335,False,False,5.93
2024-08-27,5.82,5.9,5.8,5.82,14620700.0,91712756.0,23173674650.0,0.0006309184978567911,5.884,5.85,5.754,5.571,67.27272556033071,23646025.25,5.525499999999999,False,False,5.93
2024-08-28,5.87,5.89,5.8,5.83,18608700.0,116786128.0,23173674650.0,0.0008030103244760969,5.872,5.869,5.764,5.578166666666666,67.27272556033071,22287203.05,5.534166666666666,False,False,5.93
2024-08-29,5.86,5.86,5.65,5.69,29681180.0,181896223.0,23173674650.0,0.001280814564296992,5.824,5.859999999999999,5.7595,5.5835,56.06060487144174,21450567.5,5.544,False,False,5.93
2024-08-30,5.71,5.78,5.51,5.51,61812439.0,371094139.0,23173674650.0,0.002667355951681146,5.744,5.827,5.7475000000000005,5.586333333333332,44.047618313492045,23323085.75,5.553833333333333,True,False,5.93
2024-09-02,5.56,5.78,5.53,5.73,62971025.0,385650917.0,23173674650.0,0.002717351734287855,5.715999999999999,5.807,5.75,5.590833333333333,54.80769156989649,24919670.15,5.5633333333333335,True,True,5.93
2024-09-03,5.78,5.86,5.67,5.78,36123023.0,223411747.0,23173674650.0,0.0015587956396893661,5.708,5.796,5.758000000000001,5.6,56.48148074931417,25262070.6,5.571,True,True,5.93
2024-09-04,5.8,5.84,5.64,5.8,28001700.0,173270179.0,23173674650.0,0.0012083409482060714,5.702,5.787000000000001,5.7665,5.608333333333333,51.04166592230903,25809597.1,5.578166666666666,False,True,5.93
2024-09-05,5.82,5.83,5.68,5.74,24474590.0,150737079.0,23173674650.0,0.001056137637627531,5.712000000000001,5.768,5.7715,5.616666666666666,44.791666013454886,26145481.6,5.5835,False,False,5.93
2024-09-06,5.75,5.84,5.71,5.72,16992501.0,105477439.0,23173674650.0,0.0007332674362889616,5.7540000000000004,5.749,5.776999999999999,5.625166666666667,38.20224659007702,26208029.65,5.586333333333332,True,False,5.93
2024-09-09,5.75,5.75,5.61,5.63,25204097.0,153339853.0,23173674650.0,0.0010876176256319366,5.734,5.725,5.7780000000000005,5.632833333333334,36.170212227252165,26852472.65,5.590833333333333,True,True,5.93
2024-09-10,5.63,5.64,5.46,5.54,29452976.0,174671714.0,23173674650.0,0.0012709670108361514,5.686,5.697,5.7735,5.6370000000000005,33.00970828918844,27280074.5,5.6,True,True,5.93
2024-09-11,5.4,5.46,5.27,5.31,42060985.0,241386487.0,23214577754.0,0.001811835022187843,5.587999999999999,5.6450000000000005,5.757,5.637833333333333,24.590163652244016,28443606.25,5.608333333333333,True,True,5.93
2024-09-12,5.29,5.37,5.23,5.33,27992126.0,159729039.0,23214577754.0,0.0012057994892961945,5.505999999999999,5.609,5.7345,5.6386666666666665,26.229507895726968,28404501.15,5.616666666666666,True,True,5.93
2024-09-13,5.36,5.43,5.26,5.29,29890854.0,171832227.0,23214577754.0,0.0012875898203597367,5.42,5.587,5.707,5.6385,26.229507895726968,28538015.5,5.625166666666667,True,True,5.93
2024-09-18,5.26,5.37,5.26,5.36,20008350.0,114357075.0,23214577754.0,0.0008618873111552697,5.366,5.55,5.6785000000000005,5.640666666666666,31.451612548126974,28074976.55,5.632833333333334,True,True,5.93
2024-09-19,5.37,5.39,5.18,5.25,38630285.0,217667661.0,23214577754.0,0.0016640528813126393,5.308,5.497,5.6465000000000005,5.640666666666666,28.358208658944108,28985429.75,5.6370000000000005,True,True,5.93
2024-09-20,5.24,5.28,5.2,5.22,30302044.0,170195459.0,23214577754.0,0.001305302397532464,5.29,5.439,5.613,5.640333333333333,30.8943085914469,29566428.8,5.637833333333333,True,True,5.93
2024-09-23,5.23,5.34,5.2,5.31,26966752.0,153100403.0,23214577754.0,0.0011616300880317963,5.286,5.396,5.582000000000001,5.641666666666667,41.22806966912898,29847486.35,5.6386666666666665,True,True,5.93
2024-09-24,5.32,5.51,5.29,5.51,36003330.0,209969960.0,23214577754.0,0.0015508931664198126,5.33,5.375,5.561999999999999,5.643833333333333,40.17857092633927,30952645.35,5.6385,True,True,5.91
2024-09-25,5.56,5.66,5.52,5.53,38892868.0,233243696.0,23214577754.0,0.0016753640067090406,5.364,5.365,5.545,5.645333333333332,38.532109596835305,31934526.25,5.640666666666666,True,True,5.87
2024-09-26,5.53,5.58,5.45,5.57,46068785.0,272592112.0,23214577754.0,0.0019844765426354606,5.428,5.368,5.532500000000001,5.645333333333332,39.63963913968027,33506930.5,5.640666666666666,True,True,5.83
2024-09-27,5.6,5.67,5.56,5.64,27745417.0,167147733.0,23214577754.0,0.0011951721583744641,5.512,5.401,5.523000000000001,5.645833333333333,45.535713716517854,33963766.35,5.640333333333333,False,True,5.83
2024-09-30,5.72,6.08,5.7,6.05,109169629.0,688950035.0,23214577754.0,0.004702632550841441,5.66,5.473,5.541,5.653499999999999,60.92715175299328,37938188.8,5.641666666666667,False,False,5.8
2024-10-08,6.61,6.66,6.08,6.25,108065543.0,732216889.0,23214577754.0,0.004655072521462498,5.808,5.569,5.578,5.665666666666667,69.13580187166589,40250844.0,5.643833333333333,False,False,6.05
2024-10-09,6.16,6.17,5.74,5.74,75917004.0,482266816.0,23214577754.0,0.003270229801484073,5.85,5.607,5.5785,5.6693333333333324,54.90196040753556,40898142.95,5.645333333333332,False,False,6.25
2024-10-10,5.75,6.05,5.75,5.94,59657069.0,378719255.0,23214577754.0,0.002569810643646997,5.924,5.676,5.586499999999999,5.672666666666666,65.67164133363036,42074845.25,5.645333333333332,False,False,6.25
2024-10-11,5.92,5.97,5.8,5.84,37059191.0,233371690.0,23214577754.0,0.0015963758373168987,5.964,5.738,5.5885,5.676833333333334,62.200956521141904,42527719.8,5.645833333333333,False,False,6.25
2024-10-14,5.87,6.0,5.85,5.91,45211912.0,287161052.0,23214577754.0,0.001947565554674357,5.936,5.798,5.5969999999999995,5.682166666666666,64.62264108268066,43564585.9,5.653499999999999,False,False,6.25
2024-10-15,5.9,5.94,5.76,5.76,33724087.0,211380658.0,23214577754.0,0.0014527116261758908,5.837999999999999,5.823,5.599,5.685,59.090908714876015,44401165.2,5.665666666666667,False,False,6.25
2024-10-16,5.74,5.84,5.71,5.8,26977565.0,167652492.0,23214577754.0,0.0011620958729413725,5.85,5.85,5.6075,5.687666666666667,62.910797708567515,44489838.6,5.6693333333333324,False,False,6.25
2024-10-17,5.84,5.86,5.65,5.66,30398927.0,186939419.0,23214577754.0,0.0013094757665692237,5.794,5.859,5.6135,5.689000000000001,59.821428197544655,44537136.15,5.672666666666666,False,False,6.25
2024-10-18,5.7,5.86,5.58,5.78,42281777.0,259252460.0,23214577754.0,0.0018213459425388263,5.782,5.873,5.637,5.691999999999999,60.352422535271415,44548175.75,5.676833333333334,False,False,6.25
2024-10-21,5.82,5.84,5.68,5.73,37427676.0,230393959.0,23214577754.0,0.0016122488376318197,5.746,5.841,5.657,5.693,55.1886788808295,45019953.25,5.682166666666666,False,False,6.25
2024-10-22,5.75,5.8,5.71,5.79,25891596.0,160272892.0,23214577754.0,0.0011153162583600615,5.752,5.795,5.682,5.694833333333333,56.01851815543552,44819990.35,5.685,False,False,6.25
2024-10-23,5.79,5.87,5.78,5.86,32396951.0,203194522.0,23214577754.0,0.0013955434099772858,5.764,5.807,5.707,5.698833333333332,56.62100420424929,45439420.4,5.687666666666667,False,False,6.25
2024-10-24,5.86,5.91,5.79,5.83,22385825.0,140594186.0,23214577754.0,0.0009643003304741478,5.798,5.795999999999999,5.736,5.7015,54.41860429680909,44627197.4,5.689000000000001,False,False,6.25
2024-10-25,5.82,5.84,5.75,5.79,28895800.0,179430664.0,23214577754.0,0.001244726494972371,5.8,5.791,5.7645,5.701666666666666,42.696628877666974,44556885.2,5.691999999999999,False,False,6.25
2024-10-28,5.8,5.82,5.7,5.81,31528326.0,195679024.0,23214577754.0,0.0013581261883846884,5.816,5.781,5.789499999999999,5.701833333333332,36.2499996828125,44784963.9,5.693,False,False,6.25
2024-10-29,5.82,5.83,5.7,5.73,26281159.0,162198500.0,23214577754.0,0.0011320972226372549,5.804,5.7780000000000005,5.8005,5.702,49.57264897947258,44298855.35,5.694833333333333,False,False,6.25
2024-10-30,5.72,5.75,5.64,5.7,25657049.0,156772662.0,23214577754.0,0.0011052128223861038,5.772,5.768,5.809,5.7011666666666665,37.99999946799999,43637064.4,5.698833333333332,True,False,6.25
2024-10-31,5.64,5.66,5.49,5.54,61679200.0,367758943.0,23214577754.0,0.002656916729375891,5.714,5.756,5.807499999999999,5.6979999999999995,35.849056130295494,44417585.15,5.7015,True,True,6.25
2024-11-01,5.54,5.62,5.51,5.59,52695699.0,315864812.0,23214577754.0,0.002269940016071162,5.674,5.737,5.805,5.697333333333333,34.61538414940826,45665099.25,5.701666666666666,True,True,6.25
2024-11-04,5.57,5.62,5.51,5.61,30968573.0,185261133.0,23214577754.0,0.0013340140547964067,5.634,5.725,5.7829999999999995,5.694500000000001,41.7582411158073,41755046.45,5.701833333333332,True,True,6.25
2024-11-05,5.6,5.64,5.55,5.64,40229400.0,242387631.0,23214577754.0,0.001732936968585106,5.616,5.71,5.7524999999999995,5.692666666666667,41.11111047160493,38363239.3,5.702,True,True,6.25
2024-11-06,5.64,5.66,5.6,5.64,43275815.0,261448431.0,23214577754.0,0.0018641655023229247,5.604,5.688000000000001,5.7475000000000005,5.691999999999999,48.684209629501375,36731179.85,5.7011666666666665,True,True,5.94
2024-11-07,5.61,5.71,5.57,5.71,44934380.0,273006706.0,23214577754.0,0.001935610480455866,5.638,5.676,5.736,5.6935,45.0704216464987,35995045.4,5.6979999999999995,True,True,5.94
2024-11-08,5.73,5.78,5.63,5.64,49006159.0,298759377.0,23214577754.0,0.0021110079846942712,5.648,5.661,5.726,5.693666666666667,43.83561559767307,36592393.8,5.697333333333333,True,True,5.91
2024-11-11,5.64,5.64,5.54,5.61,39178931.0,234465043.0,23214577754.0,0.001687686565535281,5.648000000000001,5.641,5.711,5.693166666666667,37.142856400000014,36290744.75,5.694500000000001,True,True,5.91
2024-11-12,5.61,5.65,5.53,5.55,41361636.0,248317724.0,23214577754.0,0.001781709598093946,5.63,5.622999999999999,5.7005,5.692166666666667,27.53623132535178,36672622.2,5.692666666666667,True,True,5.86
2024-11-13,5.55,5.63,5.52,5.6,42696520.0,256255670.0,23214577754.0,0.0018392115700938457,5.622,5.613,5.6905,5.691999999999999,33.80281623487399,37458569.95,5.691999999999999,True,True,5.86
2024-11-14,5.6,5.63,5.53,5.53,39775139.0,238518497.0,23214577754.0,0.001713369048599065,5.586,5.612,5.684,5.690333333333333,32.43243181884587,37927380.55,5.6935,True,True,5.86
2024-11-15,5.53,5.66,5.51,5.61,56570896.0,341042763.0,23214577754.0,0.0024368694791466763,5.58,5.614,5.6755,5.6898333333333335,37.49999934375004,38641836.5,5.693666666666667,True,True,5.86
2024-11-18,5.62,5.76,5.62,5.65,54264941.0,331716258.0,23214577754.0,0.0023375372826089785,5.587999999999999,5.618,5.6715,5.687666666666667,44.73684128116344,39483699.75,5.693166666666667,True,True,5.86
2024-11-19,5.65,5.66,5.51,5.56,51219930.0,306497397.0,23214577754.0,0.0022063692281103207,5.590000000000001,5.61,5.659999999999999,5.683000000000001,41.46341392623436,40750116.45,5.692166666666667,True,True,5.86
2024-11-20,5.54,5.6,5.5,5.59,34884660.0,207788367.0,23214577754.0,0.0015027049110979062,5.587999999999999,5.6049999999999995,5.6465,5.677333333333333,53.62318731779039,40874501.9,5.691999999999999,True,True,5.86
2024-11-21,5.57,5.6,5.53,5.56,23564986.0,140588594.0,23214577754.0,0.0010150943191693255,5.593999999999999,5.59,5.633,5.671833333333334,47.76119303185565,40933459.95,5.690333333333333,True,True,5.83
2024-11-22,5.57,5.6,5.42,5.42,38636416.0,228689537.0,23214577754.0,0.0016643169826055842,5.555999999999999,5.568,5.6145000000000005,5.664,37.97468287133471,41420490.75,5.6898333333333335,True,True,5.81
2024-11-25,5.4,5.51,5.29,5.29,87991595.0,505064184.0,23214577754.0,0.003790359485855329,5.484,5.536,5.5885,5.653333333333334,30.33707817447295,44243654.2,5.687666666666667,True,True,5.81
2024-11-26,5.33,5.39,5.27,5.34,36725967.0,210672570.0,23214577754.0,0.0015820217532783647,5.4399999999999995,5.515,5.569,5.643833333333333,34.04255268447264,44765894.6,5.683000000000001,True,True,5.73
2024-11-27,5.32,5.39,5.26,5.38,28291391.0,161991533.0,23214577754.0,0.0012186907425066234,5.398000000000001,5.493,5.552999999999999,5.635666666666666,31.86813137785292,44897611.7,5.677333333333333,True,True,5.71
2024-11-28,5.38,5.41,5.35,5.38,28456582.0,164491890.0,23214577754.0,0.0012258065729882498,5.362,5.478,5.545,5.628333333333333,34.52380894841272,43236480.8,5.671833333333334,True,True,5.71
2024-11-29,5.38,5.45,5.37,5.4,31895588.0,185344431.0,23214577754.0,0.0013739465062854402,5.358,5.457,5.5355,5.621166666666667,37.349396960371635,42196475.25,5.664,True,True,5.71
2024-12-02,5.41,5.45,5.38,5.42,43238890.0,251427714.0,23214577754.0,0.001862574906948273,5.384,5.434,5.526,5.616666666666666,41.77215115846822,42809991.1,5.653333333333334,True,True,5.71
2024-12-03,5.42,5.51,5.41,5.51,38979981.0,228925792.0,23214577754.0,0.001679116519501783,5.417999999999999,5.429,5.5195,5.616666666666666,44.57831250108871,42747520.15,5.643833333333333,True,True,5.71
2024-12-04,5.51,5.53,5.46,5.5,27295351.0,161005138.0,23214577754.0,0.0011757849438074255,5.442,5.42,5.5125,5.612833333333333,48.05194717827627,41948496.95,5.635666666666666,True,True,5.71
2024-12-05,5.51,5.51,5.42,5.44,26260589.0,153764520.0,23214577754.0,0.0011312111414766163,5.454,5.4079999999999995,5.4990000000000006,5.607166666666667,38.666665944888905,41014807.4,5.628333333333333,True,True,5.71
2024-12-06,5.44,5.5,5.43,5.49,27695341.0,162804970.0,23214577754.0,0.001193015065511064,5.4719999999999995,5.415,5.4915,5.602,39.4736834833795,39949266.5,5.621166666666667,True,True,5.65
2024-12-09,5.49,5.54,5.47,5.5,33039884.0,195535314.0,23214577754.0,0.0014232386369511737,5.488,5.436,5.486,5.598,45.588234355536365,39642314.15,5.616666666666666,True,True,5.65
2024-12-10,5.58,5.61,5.45,5.46,39232100.0,232172178.0,23214577754.0,0.0016899768936456357,5.478,5.448,5.4815,5.593666666666667,40.579709321571116,39535837.35,5.616666666666666,False,True,5.65
2024-12-11,5.48,5.58,5.47,5.57,40980825.0,243605205.0,23214577754.0,0.0017653056383047404,5.492,5.4670000000000005,5.4799999999999995,5.592666666666667,50.64934972845342,39450052.6,5.612833333333333,True,False,5.65
2024-12-12,5.55,5.73,5.55,5.67,57012474.0,346195848.0,23214577754.0,0.002455891061390356,5.538,5.496,5.487,5.594833333333333,67.123286383937,40311919.35,5.607166666666667,False,True,5.65
2024-12-13,5.68,5.71,5.62,5.64,49760904.0,302703042.0,23214577754.0,0.0021435196679993854,5.568,5.52,5.4885,5.600333333333334,77.77777604938277,39971419.75,5.602,False,False,5.67
2024-12-16,5.62,5.74,5.62,5.66,39352311.0,240481989.0,23214577754.0,0.0016951551485022973,5.6,5.5440000000000005,5.488999999999999,5.605833333333333,76.66666487777786,39225788.25,5.598,False,False,5.67
2024-12-17,5.67,5.78,5.62,5.63,40447137.0,246576955.0,23214577754.0,0.0017423162905916192,5.6339999999999995,5.556,5.492500000000001,5.6115,71.18643898879637,38687148.6,5.593666666666667,False,False,5.67
2024-12-18,5.63,5.66,5.57,5.59,30161562.0,182042989.0,23214577754.0,0.001299250941353133,5.638,5.5649999999999995,5.4925,5.615333333333334,66.66666518518522,38450993.7,5.592666666666667,False,False,5.67
2024-12-19,5.56,5.59,5.5,5.53,31419501.0,186710659.0,23214577754.0,0.0013534384012040127,5.61,5.574,5.491,5.62,59.701491289819586,38843719.45,5.594833333333333,False,False,5.67
2024-12-20,5.53,5.56,5.47,5.47,27493199.0,162092047.0,23214577754.0,0.0011843075196688758,5.576,5.572,5.4935,5.6241666666666665,53.52112570521723,38286558.6,5.600333333333334,False,False,5.67
2024-12-23,5.5,5.61,5.47,5.58,38695137.0,231286129.0,23214577754.0,0.001666846470784187,5.56,5.58,5.508000000000001,5.628666666666666,54.79451949709143,35821735.7,5.605833333333333,True,False,5.67
2024-12-24,5.59,5.68,5.56,5.67,39914347.0,241858337.0,23214577754.0,0.001719365625468787,5.568,5.601,5.524500000000001,5.631333333333333,60.49382611492152,35981154.7,5.6115,False,True,5.67
2024-12-25,5.69,5.7,5.64,5.67,27047740.0,164565114.0,23214577754.0,0.0011651187579898809,5.5840000000000005,5.611,5.539,5.6336666666666675,65.33333211377774,35918972.15,5.615333333333334,False,False,5.67
2024-12-26,5.68,5.7,5.6,5.62,24255991.0,145668032.0,23214577754.0,0.0010448603139387516,5.601999999999999,5.606,5.551,5.634500000000001,58.66666557155556,35708942.6,5.62,False,False,5.67
2024-12-27,5.64,5.69,5.58,5.68,32152493.0,193118938.0,23214577754.0,0.001385013043989566,5.644,5.61,5.565,5.635166666666666,61.24999892812499,35721787.85,5.6241666666666665,False,False,5.67
2024-12-30,5.68,5.76,5.65,5.73,33440921.0,203789062.0,23214577754.0,0.001440513859625896,5.674,5.617,5.5805,5.629833333333334,66.66666551440332,35231889.4,5.628666666666666,False,False,5.68
2024-12-31,5.73,5.79,5.72,5.75,36597162.0,224684635.0,23214577754.0,0.0015764733000019399,5.6899999999999995,5.6290000000000004,5.592499999999999,5.6215,62.49999878472221,35112748.45,5.631333333333333,False,False,5.73
2025-01-02,5.73,5.79,5.6,5.62,49328419.0,299091350.0,23214577754.0,0.0021248897792896723,5.680000000000001,5.632,5.5985,5.6195,46.66666579555559,36214401.85,5.6336666666666675,False,False,5.75
2025-01-03,5.64,5.72,5.56,5.62,42221700.0,253235806.0,23214577754.0,0.001818758042787359,5.680000000000001,5.641,5.6075,5.614166666666667,48.61111016589511,37012457.4,5.634500000000001,False,False,5.75
2025-01-06,5.62,5.64,5.53,5.58,32359394.0,191870816.0,23214577754.0,0.0013939255903297357,5.66,5.652,5.612,5.609833333333333,44.594593750913084,37245660.05,5.635166666666666,False,False,5.75
2025-01-07,5.58,5.58,5.48,5.48,41436201.0,243281831.0,23214577754.0,0.0017849215884557846,5.61,5.642,5.611000000000001,5.602666666666667,40.74074003657984,37665475.9,5.629833333333334,True,False,5.75
2025-01-08,5.49,5.61,5.48,5.55,34500688.0,203614289.0,23214577754.0,0.0014861647868678266,5.57,5.63,5.6155,5.599166666666667,47.61904682539683,37428905.3,5.6215,True,True,5.75
2025-01-09,5.55,5.55,5.43,5.44,31444992.0,182925695.0,23214577754.0,0.0013545364612363821,5.534000000000001,5.607,5.609,5.593166666666667,44.943819517737666,36952113.65,5.6195,True,True,5.75
2025-01-10,5.44,5.45,5.35,5.37,21964544.0,126124793.0,23214577754.0,0.0009461530695390481,5.484,5.582,5.594,5.588333333333334,44.444443753086446,35199717.15,5.614166666666667,True,True,5.75
2025-01-13,5.34,5.38,5.23,5.25,34420029.0,193569234.0,23214577754.0,0.0014826902890391464,5.418000000000001,5.539,5.5745000000000005,5.5795,31.86813137785289,34432673.4,5.609833333333333,True,True,5.75
2025-01-14,5.25,5.39,5.23,5.36,32828719.0,185959856.0,23214577754.0,0.001414142412921701,5.394,5.502,5.559500000000001,5.573333333333333,33.33333283154123,34106493.8,5.602666666666667,True,True,5.75
2025-01-15,5.37,5.46,5.34,5.35,24638697.0,141399683.0,23214577754.0,0.0010613459034702717,5.354,5.462,5.5455,5.566,32.97872291308282,33316071.8,5.599166666666667,True,True,5.75
2025-01-16,5.33,5.41,5.33,5.36,24497791.0,139777010.0,23214577754.0,0.0010552761829053254,5.337999999999999,5.436,5.534,5.557666666666667,35.55555500246916,33032883.25,5.593166666666667,True,True,5.75
2025-01-17,5.38,5.39,5.3,5.38,21672497.0,123697771.0,23214577754.0,0.0009335727416478945,5.340000000000001,5.412000000000001,5.5265,5.550166666666667,32.55813900486753,32545533.05,5.588333333333334,True,True,5.75
2025-01-20,5.43,5.49,5.39,5.39,30735658.0,177899924.0,23214577754.0,0.0013239809194765162,5.368,5.393,5.5225,5.5435,29.26829218322422,32707656.0,5.5795,True,True,5.75
2025-01-21,5.42,5.44,5.35,5.35,23071291.0,132155997.0,23214577754.0,0.000993827725168281,5.366,5.38,5.511,5.535833333333334,26.190475753968244,31926463.7,5.573333333333333,True,True,5.75
2025-01-22,5.36,5.37,5.3,5.33,21662738.0,122813929.0,23214577754.0,0.0009331523592440698,5.362,5.3580000000000005,5.494000000000001,5.529166666666667,30.136985723400258,31013883.25,5.566,True,True,5.75
2025-01-23,5.35,5.44,5.34,5.41,31291685.0,180130594.0,23214577754.0,0.0013479325504685636,5.372,5.3549999999999995,5.481,5.524333333333334,37.03703639689073,31226080.5,5.557666666666667,True,True,5.75
2025-01-24,5.41,5.44,5.37,5.41,21912301.0,126142891.0,23214577754.0,0.0009439026301576556,5.378,5.359,5.4704999999999995,5.522166666666666,38.961038252656444,31108896.0,5.550166666666667,True,True,5.75
2025-01-27,5.43,5.6,5.43,5.56,45450697.0,268346004.0,23214577754.0,0.0019578515483517074,5.412,5.39,5.464499999999999,5.5216666666666665,54.878047843545474,31773806.2,5.5435,True,True,5.75
2025-02-05,5.55,5.57,5.33,5.33,59612746.0,343787997.0,23214577754.0,0.00256790136920446,5.4079999999999995,5.3870000000000005,5.4445,5.5169999999999995,38.775509650145786,33082397.45,5.535833333333334,False,True,5.75
2025-02-06,5.33,5.38,5.33,5.37,27489579.0,157039584.0,23214577754.0,0.0011841515831690452,5.416,5.389,5.4255,5.5125,46.15384544378697,32627018.3,5.529166666666667,True,False,5.75
2025-02-07,5.36,5.42,5.34,5.39,37160619.0,212896816.0,23214577754.0,0.00160074498850607,5.412000000000001,5.392,5.414,5.508333333333334,51.162789864791776,32018628.3,5.524333333333334,True,True,5.62
2025-02-10,5.4,5.45,5.37,5.41,41244978.0,237687947.0,23214577754.0,0.0017766843936195765,5.412,5.395,5.403499999999999,5.503333333333333,60.52631467451527,31969792.2,5.522166666666666,True,True,5.62
2025-02-11,5.42,5.47,5.38,5.41,24453795.0,141074067.0,23214577754.0,0.0010533809944394304,5.382,5.397,5.395,5.4995,53.846152686390546,31574512.25,5.5216666666666665,False,True,5.58
2025-02-12,5.4,5.41,5.35,5.39,28380283.0,162600681.0,23214577754.0,0.0012225198881814648,5.394,5.401000000000001,5.390499999999999,5.495833333333334,53.030301905417836,30921716.35,5.5169999999999995,False,False,5.56
2025-02-13,5.39,5.44,5.39,5.41,29056543.0,167513097.0,23214577754.0,0.0012516507217105596,5.401999999999999,5.409,5.3835,5.493499999999999,53.73134216083762,30649509.1,5.5125,True,False,5.56
2025-02-14,5.4,5.43,5.38,5.42,19922418.0,114559698.0,23214577754.0,0.0008581856715686874,5.4079999999999995,5.41,5.3825,5.4905,53.030301905417836,30073380.4,5.508333333333334,False,True,5.56
2025-02-17,5.42,5.43,5.37,5.42,28869485.0,165932247.0,23214577754.0,0.0012435929400019187,5.409999999999999,5.411,5.385,5.488666666666666,52.30769118106514,30418627.45,5.503333333333333,False,False,5.56
2025-02-18,5.41,5.45,5.37,5.38,31676814.0,182797546.0,23214577754.0,0.0013645225140716552,5.404,5.393,5.3915,5.4848333333333334,52.30769118106514,30281466.7,5.4995,False,False,5.56
2025-02-19,5.39,5.4,5.34,5.36,28697727.0,163930436.0,23214577754.0,0.001236194226925158,5.398000000000001,5.395999999999999,5.3915,5.48,52.30769118106514,30074917.1,5.495833333333334,True,False,5.56
2025-02-20,5.35,5.36,5.29,5.31,29022918.0,164245645.0,23214577754.0,0.0012502022783937646,5.377999999999999,5.39,5.3895,5.475833333333333,41.93548292403744,30294128.15,5.493499999999999,True,True,5.56
2025-02-21,5.31,5.33,5.28,5.33,27385456.0,154801290.0,23214577754.0,0.0011796663411326245,5.36,5.3839999999999995,5.388,5.471500000000001,43.749999042968774,30438511.4,5.4905,True,True,5.56
2025-02-24,5.32,5.38,5.29,5.31,32704200.0,185676510.0,23214577754.0,0.0014087785850149647,5.338,5.3740000000000006,5.3845,5.467333333333333,25.490195378700605,30990096.55,5.488666666666666,True,True,5.56
2025-02-25,5.32,5.32,5.19,5.19,45743825.0,255298171.0,23214577754.0,0.001970478441810904,5.3,5.351999999999999,5.3745,5.4635,32.499998862500135,31740504.9,5.4848333333333334,True,True,5.56
2025-02-26,5.21,5.24,5.17,5.21,31400576.0,174188150.0,23214577754.0,0.0013526231806903965,5.2700000000000005,5.334,5.3675,5.462166666666666,28.9473673545707,32156969.15,5.48,True,True,5.56
2025-02-27,5.21,5.26,5.19,5.25,30638652.0,170403498.0,23214577754.0,0.0013198022520448725,5.258,5.318,5.3635,5.460666666666667,32.499998862500135,32605764.85,5.475833333333333,True,True,5.56
2025-02-28,5.24,5.28,5.21,5.22,27567971.0,154084894.0,23214577754.0,0.0011875284268416163,5.236,5.298,5.354,5.458,26.829267376561617,32419579.15,5.471500000000001,True,True,5.56
2025-03-03,5.21,5.25,5.19,5.2,31515020.0,175006739.0,23214577754.0,0.0013575530140568586,5.214,5.276,5.343500000000001,5.455,25.581394515954642,32899715.1,5.467333333333333,True,True,5.56
2025-03-04,5.2,5.22,5.17,5.2,32830727.0,181410213.0,23214577754.0,0.0014142289102950876,5.215999999999999,5.258000000000001,5.3255,5.451666666666666,26.829267376561674,32268716.6,5.4635,True,True,5.56
2025-03-05,5.2,5.21,5.16,5.2,29032797.0,160350273.0,23214577754.0,0.0012506278299633294,5.214,5.241999999999999,5.319000000000001,5.4479999999999995,23.07692224852073,30739719.15,5.462166666666666,True,True,5.42
2025-03-06,5.2,5.22,5.16,5.22,30627231.0,169293388.0,23214577754.0,0.0013193102766955458,5.208,5.233,5.3115000000000006,5.443166666666667,24.999999124999974,30896601.75,5.460666666666667,True,True,5.42
2025-03-07,5.21,5.26,5.19,5.22,28687814.0,159666613.0,23214577754.0,0.0012357672107586334,5.208,5.2219999999999995,5.303,5.4385,24.999999124999974,30472961.5,5.458,True,True,5.42
2025-03-10,5.22,5.26,5.19,5.2,33989799.0,188892435.0,23214577754.0,0.0014641575375689687,5.208,5.211,5.2925,5.4345,26.315788504155137,30110202.55,5.455,True,True,5.42
2025-03-11,5.19,5.2,5.09,5.11,62864500.0,343069302.0,23214577754.0,0.002707975163975063,5.19,5.203,5.277500000000001,5.428166666666667,22.22222153086419,32030737.8,5.451666666666666,True,True,5.42
2025-03-12,5.12,5.14,5.09,5.11,41075055.0,223753447.0,23214577754.0,0.00176936472570226,5.172,5.193,5.2635000000000005,5.421666666666667,24.99999912500003,32665476.4,5.4479999999999995,True,True,5.42
2025-03-13,5.11,5.13,5.08,5.11,55573352.0,302192113.0,23214577754.0,0.002393898893570201,5.15,5.179,5.2485,5.4158333333333335,21.05263080332402,33991316.85,5.443166666666667,True,True,5.42
2025-03-14,5.11,5.19,5.11,5.18,44423450.0,243908935.0,23214577754.0,0.0019136014650253802,5.142,5.175,5.2365,5.4093333333333335,34.883719794483454,35216368.45,5.4385,True,True,5.42
2025-03-17,5.2,5.27,5.2,5.22,36170400.0,201371501.0,23214577754.0,0.0015580899374216548,5.146,5.1770000000000005,5.2265,5.401833333333332,54.28571211428574,35581414.2,5.4345,True,True,5.42
2025-03-18,5.22,5.33,5.19,5.29,65984921.0,370221054.0,23214577754.0,0.002842391608377647,5.1819999999999995,5.186,5.2219999999999995,5.396,59.99999790000012,37296819.55,5.428166666666667,True,True,5.38
2025-03-19,5.28,5.28,5.21,5.26,38070037.0,212770286.0,23214577754.0,0.0016399194249156791,5.212,5.192,5.2170000000000005,5.389333333333334,51.28204944115718,37765435.05,5.421666666666667,False,True,5.36
2025-03-20,5.26,5.29,5.24,5.26,30504767.0,170796941.0,23214577754.0,0.0013140349707521112,5.242,5.196,5.214499999999999,5.383166666666667,55.55555339506184,37839527.5,5.4158333333333335,False,False,5.33
2025-03-21,5.26,5.34,5.25,5.29,51642919.0,291728230.0,23214577754.0,0.0022245900635044563,5.264,5.202999999999999,5.2125,5.378166666666667,62.162159810080446,39052400.65,5.4093333333333335,False,False,5.33
2025-03-24,5.3,5.33,5.27,5.3,39224394.0,221187853.0,23214577754.0,0.0016896449470523503,5.279999999999999,5.213,5.212,5.374333333333334,63.15789240997237,39378410.35,5.401833333333332,False,False,5.31
2025-03-25,5.3,5.4,5.28,5.39,45469064.0,259207710.0,23214577754.0,0.0019586427322446313,5.3,5.2410000000000005,5.2219999999999995,5.373,70.21276386600277,39364672.3,5.396,False,False,5.3
2025-03-26,5.38,5.46,5.37,5.43,41416200.0,239236673.0,23214577754.0,0.0017840600177560309,5.334,5.273000000000001,5.233,5.370500000000001,71.42856938775519,39865453.5,5.389333333333334,False,False,5.39
2025-03-27,5.43,5.47,5.4,5.43,30877355.0,178660566.0,23214577754.0,0.001330084713458967,5.367999999999999,5.305000000000001,5.242,5.3665,71.42856938775519,39877388.65,5.383166666666667,False,False,5.43
2025-03-28,5.45,5.45,5.4,5.42,25545728.0,147356675.0,23214577754.0,0.0011004175165580314,5.394,5.329,5.252000000000001,5.362333333333333,72.91666453993062,39776276.5,5.378166666666667,False,False,5.43
2025-03-31,5.41,5.47,5.38,5.45,37399688.0,216460230.0,23214577754.0,0.0016110432158756723,5.424,5.351999999999999,5.2645,5.3595,90.47618746031755,40070509.9,5.374333333333334,False,False,5.43
2025-04-01,5.44,5.45,5.37,5.41,36499282.0,210040214.0,23214577754.0,0.0015722569838131548,5.428,5.364,5.275,5.355,82.60869313799628,40253937.65,5.373,False,False,5.45
2025-04-02,5.41,5.44,5.32,5.33,34402511.0,196361057.0,23214577754.0,0.0014819356769938345,5.4079999999999995,5.371,5.281499999999999,5.348333333333333,70.37036854595338,40522423.35,5.370500000000001,False,False,5.45
2025-04-03,5.3,5.43,5.27,5.41,45269535.0,258835569.0,23214577754.0,0.0019500477449864368,5.404000000000001,5.386,5.2909999999999995,5.342666666666667,70.90908910413229,41254538.55,5.3665,False,False,5.45
2025-04-07,5.24,5.31,4.98,5.12,79598744.0,435822536.0,23214577754.0,0.0034288258370878486,5.343999999999999,5.369000000000001,5.286,5.334333333333333,43.749999234375046,43800085.05,5.362333333333333,False,False,5.45
2025-04-08,5.15,5.26,5.09,5.26,61797724.0,341122256.0,23214577754.0,0.0026620223143775214,5.306,5.365,5.289,5.328333333333333,48.275861292112566,45190481.3,5.3595,True,False,5.45
2025-04-09,5.2,5.35,5.12,5.35,74806733.0,416970210.0,23214577754.0,0.0032224033446876022,5.294,5.361,5.301,5.3245000000000005,54.8387088518904,45787592.95,5.355,True,True,5.45
2025-04-10,5.41,5.41,5.18,5.23,74991242.0,418963437.0,23214577754.0,0.0032303513247006438,5.274,5.340999999999999,5.307,5.320333333333333,48.57142792380956,47483402.3,5.348333333333333,False,True,5.45
2025-04-11,5.24,5.24,5.15,5.2,43621751.0,241678051.0,23214577754.0,0.0018790671733188743,5.232000000000001,5.318,5.3115,5.3145,45.71428510476192,46885822.25,5.342666666666667,True,False,5.45
2025-04-14,5.21,5.22,5.17,5.18,34766704.0,192101640.0,23214577754.0,0.0014976237934807798,5.244,5.2940000000000005,5.3115000000000006,5.310166666666666,44.33962205589177,46402984.95,5.334333333333333,True,True,5.45
2025-04-15,5.18,5.19,5.14,5.17,35010410.0,192181087.0,23214577754.0,0.001508121766029861,5.226,5.266,5.309,5.306833333333333,38.775509650145786,46344985.45,5.328333333333333,True,True,5.45
2025-04-16,5.17,5.22,5.13,5.21,51131844.0,282117666.0,23214577754.0,0.002202574801998701,5.198,5.246,5.305,5.306166666666667,38.775509650145786,45602331.6,5.3245000000000005,True,True,5.45
2025-04-17,5.19,5.22,5.16,5.21,27873782.0,154190518.0,23214577754.0,0.0012007016580431748,5.194,5.234,5.3025,5.303666666666667,38.775509650145786,45092518.85,5.320333333333333,True,True,5.45
2025-04-18,5.19,5.2,5.17,5.18,16424015.0,90652550.0,23214577754.0,0.0007074871304592241,5.1899999999999995,5.211,5.2985,5.300833333333333,37.99999946799999,44388481.25,5.3145,True,True,5.45
2025-04-21,5.18,5.19,5.15,5.16,27937165.0,153527958.0,23214577754.0,0.0012034319683107858,5.186,5.215,5.292,5.297499999999999,35.35353485358637,43203193.55,5.310166666666666,True,True,5.45
2025-04-22,5.17,5.22,5.16,5.18,39292967.0,217453547.0,23214577754.0,0.0016925988237382265,5.188,5.207,5.286,5.2941666666666665,38.14432934637047,43206622.2,5.306833333333333,True,True,5.45
2025-04-23,5.19,5.2,5.15,5.16,29277800.0,161122124.0,23214577754.0,0.0012611816725787862,5.178,5.188,5.2745,5.290333333333334,40.659340033812335,42397059.0,5.306166666666667,True,True,5.45
2025-04-24,5.16,5.18,5.13,5.15,23945868.0,131488970.0,23214577754.0,0.001031501337381594,5.1659999999999995,5.18,5.2605,5.287,34.52380894841268,41523542.4,5.303666666666667,True,True,5.45
2025-04-25,5.16,5.17,5.14,5.17,18999086.0,104271890.0,23214577754.0,0.0008184118703914979,5.164,5.177,5.2475000000000005,5.2843333333333335,54.38596357648511,40929628.95,5.300833333333333,True,True,5.45
2025-04-28,5.16,5.23,5.15,5.21,42291434.0,233986463.0,23214577754.0,0.0018217619311517717,5.174,5.18,5.237,5.281,44.68084973291086,41766914.25,5.297499999999999,True,True,5.45
2025-04-29,5.19,5.2,5.14,5.15,31523095.0,173343590.0,23214577754.0,0.0013579008558347954,5.168,5.177999999999999,5.2219999999999995,5.276666666666667,27.272726404958675,41473084.6,5.2941666666666665,True,True,5.45
2025-04-30,5.16,5.17,5.09,5.11,33887210.0,184651656.0,23214577754.0,0.0014597383747012606,5.1579999999999995,5.168000000000001,5.207,5.269166666666666,33.33333203703701,41342481.0,5.290333333333334,True,True,5.41
2025-05-06,5.12,5.14,5.09,5.14,37052227.0,201978045.0,23214577754.0,0.0015960758533984404,5.156000000000001,5.161,5.1975,5.266000000000001,41.66666504629623,41474966.8,5.287,True,True,5.41
2025-05-07,5.17,5.24,5.16,5.24,59267352.0,328220556.0,23214577754.0,0.0025530230456071038,5.17,5.167,5.189,5.263833333333334,56.818180010330735,42174857.65,5.2843333333333335,True,True,5.41
2025-05-08,5.22,5.24,5.2,5.21,22915582.0,127273364.0,23214577754.0,0.0009871203449328954,5.17,5.172,5.1935,5.260833333333334,54.347824432892324,39340699.55,5.281,False,True,5.35
2025-05-09,5.22,5.3,5.21,5.29,38229658.0,214260433.0,23214577754.0,0.0016467953199541963,5.1979999999999995,5.183,5.195,5.2588333333333335,57.999998376000086,38162296.25,5.276666666666667,False,False,5.35
2025-05-12,5.31,5.33,5.29,5.33,26787004.0,151548316.0,23214577754.0,0.0011538871946694981,5.242,5.2,5.194,5.257499999999999,61.11110952674906,35761309.8,5.269166666666666,False,False,5.35
2025-05-13,5.37,5.39,5.33,5.36,28878100.0,164475988.0,23214577754.0,0.0012439640430256865,5.286,5.220999999999999,5.2005,5.257000000000001,66.66666493827177,33455652.7,5.266000000000001,False,False,5.33
2025-05-14,5.36,5.47,5.34,5.47,46524149.0,268220704.0,23214577754.0,0.002004091975869931,5.332,5.251,5.214,5.258,74.60317294532636,33600772.6,5.263833333333334,False,False,5.36
2025-05-15,5.48,5.55,5.44,5.46,46378130.0,271137608.0,23214577754.0,0.001997802005768069,5.382,5.276000000000001,5.228,5.258666666666667,72.58064352237264,34181343.9,5.260833333333334,False,False,5.47
2025-05-16,5.45,5.48,5.35,5.43,37540549.0,215921255.0,23214577754.0,0.001617110998003466,5.41,5.304,5.241,5.258833333333333,71.42856984126988,34307850.85,5.2588333333333335,False,False,5.47
2025-05-19,5.42,5.53,5.42,5.52,46507067.0,272226215.0,23214577754.0,0.002003356145126808,5.4479999999999995,5.345000000000001,5.2565,5.261166666666667,76.05633652846659,34076612.0,5.257499999999999,False,False,5.47
2025-05-20,5.52,5.54,5.42,5.44,36733100.0,213433966.0,23214577754.0,0.0015823290171052403,5.464,5.375,5.268,5.2625,67.53246630460457,34519577.9,5.257000000000001,False,False,5.52
2025-05-21,5.43,5.48,5.42,5.43,17441000.0,101150677.0,23214577754.0,0.0007512951639619988,5.456,5.394,5.2805,5.2645,64.86486363769177,34570427.15,5.258,False,False,5.52
2025-05-22,5.43,5.49,5.41,5.48,27532428.0,159933922.0,23214577754.0,0.0011859973630257397,5.46,5.421,5.2965,5.2669999999999995,72.6027383336461,34550190.3,5.258666666666667,False,False,5.52
2025-05-23,5.47,5.5,5.39,5.4,22294436.0,129264610.0,23214577754.0,0.0009603636230755282,5.454,5.432,5.3075,5.2685,68.83116757969304,33700263.75,5.258833333333333,False,False,5.52
2025-05-26,5.42,5.43,5.38,5.39,17344767.0,99728640.0,23214577754.0,0.0007471497945729984,5.428,5.438000000000001,5.319,5.271833333333333,66.6666654222222,33103612.1,5.261166666666667,False,False,5.52
2025-05-27,5.39,5.43,5.38,5.4,15833900.0,91053207.0,23214577754.0,0.0006820671117859006,5.42,5.441999999999999,5.3315,5.275,62.12121080348945,32698013.7,5.2625,False,False,5.52
2025-05-28,5.39,5.45,5.38,5.41,18388423.0,106074694.0,23214577754.0,0.0007921067182379216,5.4159999999999995,5.436,5.3435,5.277666666666667,65.62499856445314,32667480.55,5.2645,False,False,5.52
2025-05-29,5.41,5.45,5.38,5.43,20816447.0,120022401.0,23214577754.0,0.0008966972055484925,5.406000000000001,5.433000000000001,5.3545,5.281166666666667,62.06896401902496,31593731.2,5.2669999999999995,False,False,5.52
2025-05-30,5.42,5.51,5.42,5.48,34803291.0,203355767.0,23214577754.0,0.0014991998290385963,5.422,5.438000000000001,5.371,5.285833333333333,62.711862918701556,31757741.0,5.2685,False,False,5.52
2025-06-03,5.48,5.5,5.45,5.48,36053497.0,209877093.0,23214577754.0,0.0015530541792338989,5.44,5.434,5.3895,5.2905,60.714284196428586,31866055.35,5.271833333333333,False,False,5.52
2025-06-04,5.46,5.48,5.37,5.41,25617182.0,147536036.0,23214577754.0,0.0011034954962980542,5.442,5.431,5.4030000000000005,5.2940000000000005,44.23076803994092,31294303.1,5.275,False,False,5.52
2025-06-05,5.45,5.49,5.39,5.41,24207787.0,140018011.0,23214577754.0,0.0010427838600608993,5.442,5.429,5.4115,5.297166666666667,45.09803797770096,29541324.85,5.277666666666667,False,False,5.52
2025-06-06,5.41,5.44,5.38,5.43,22827586.0,131489295.0,23214577754.0,0.000983329795695581,5.442,5.424,5.4225,5.300666666666667,49.99999860000004,29536925.05,5.281166666666667,True,False,5.52
2025-06-09,5.41,5.43,5.38,5.42,23812490.0,137024248.0,23214577754.0,0.001025755895814085,5.430000000000001,5.426,5.429,5.304333333333333,38.09523682539695,28816066.65,5.285833333333333,False,True,5.52
2025-06-10,5.42,5.44,5.38,5.42,27680156.0,159643747.0,23214577754.0,0.0011923609506630185,5.418000000000001,5.429,5.4335,5.309500000000001,47.05882159169553,28860724.25,5.2905,True,False,5.52
2025-06-11,5.43,5.48,5.41,5.45,38075201.0,220908164.0,23214577754.0,0.001640141871348034,5.426,5.434,5.438000000000001,5.315166666666667,52.77777572530877,29320579.3,5.2940000000000005,True,True,5.52
2025-06-12,5.45,5.46,5.4,5.41,24630718.0,142307684.0,23214577754.0,0.001061002197024927,5.426,5.433999999999999,5.4350000000000005,5.320166666666666,39.99999840000006,28225907.75,5.297166666666667,False,True,5.52
2025-06-13,5.41,5.5,5.4,5.46,49466857.0,288030803.0,23214577754.0,0.0021308531873458947,5.432,5.436999999999999,5.4350000000000005,5.324833333333333,59.37499740234377,28380344.1,5.300666666666667,True,False,5.52
2025-06-16,5.48,5.48,5.42,5.43,29519014.0,170774448.0,23214577754.0,0.001271572298785995,5.434,5.432,5.4350000000000005,5.328333333333334,55.8823506401385,27979267.35,5.304333333333333,False,True,5.52
2025-06-17,5.43,5.46,5.4,5.45,22424500.0,129640143.0,23214577754.0,0.0009659663095158444,5.4399999999999995,5.429,5.431500000000001,5.331,57.142854857142915,26775139.0,5.309500000000001,True,False,5.52
2025-06-18,5.45,5.48,5.42,5.47,23420700.0,136063941.0,23214577754.0,0.001008879000436029,5.444,5.4350000000000005,5.433,5.3345,58.33333106481484,26109519.0,5.315166666666667,False,True,5.48
2025-06-19,5.46,5.47,5.39,5.41,23247006.0,134059699.0,23214577754.0,0.001001396891485326,5.444,5.435,5.432,5.337000000000001,47.49999833750012,26399819.3,5.320166666666666,False,False,5.48
2025-06-20,5.41,5.51,5.4,5.48,37058825.0,216331778.0,23214577754.0,0.001596360071361391,5.4479999999999995,5.4399999999999995,5.432,5.340166666666666,49.99999833333339,26876139.15,5.324833333333333,True,False,5.48
2025-06-23,5.48,5.56,5.47,5.54,36945730.0,217272146.0,23214577754.0,0.0015914883480331254,5.470000000000001,5.452,5.439,5.344166666666666,56.249998359375006,27608703.85,5.328333333333334,False,True,5.48
2025-06-24,5.54,5.55,5.46,5.48,38963311.0,227637695.0,23214577754.0,0.001678398436227702,5.476,5.458,5.4435,5.345666666666667,57.44680679945687,28689631.05,5.331,False,False,5.54
2025-06-25,5.49,5.51,5.45,5.5,32994898.0,192546824.0,23214577754.0,0.001421300802867922,5.482,5.463,5.4485,5.3468333333333335,59.18367177842571,29547680.95,5.3345,False,False,5.54
2025-06-26,5.5,5.5,5.46,5.47,23985502.0,139957641.0,23214577754.0,0.0010332086266728313,5.494,5.469,5.4515,5.347499999999999,53.99999848800006,29827534.9,5.337000000000001,False,False,5.54
2025-06-27,5.47,5.48,5.39,5.4,38807161.0,224268179.0,23214577754.0,0.0016716720593082212,5.478,5.463,5.45,5.347166666666667,48.214284508928635,30727070.6,5.340166666666666,False,False,5.54
2025-06-30,5.4,5.42,5.34,5.36,31422512.0,179729417.0,23214577754.0,0.0013535681041877115,5.442,5.456,5.444,5.345666666666667,44.99999895000004,30558031.65,5.344166666666666,True,False,5.54
2025-07-01,5.36,5.41,5.36,5.39,26924400.0,154590846.0,23214577754.0,0.0011598057171365427,5.424,5.45,5.439500000000001,5.3453333333333335,44.99999894999996,30101576.8,5.345666666666667,True,True,5.54
2025-07-02,5.4,5.47,5.4,5.47,31897079.0,184978788.0,23214577754.0,0.0013740107331697625,5.418,5.45,5.4425,5.347666666666667,54.687498803710945,30415571.65,5.3468333333333335,True,True,5.54
2025-07-03,5.47,5.48,5.42,5.43,23120200.0,133813017.0,23214577754.0,0.0009959345478948573,5.409999999999999,5.452,5.4435,5.348,47.619046560846556,30361192.3,5.347499999999999,False,True,5.54
2025-07-04,5.44,5.54,5.43,5.51,46255318.0,271226412.0,23214577754.0,0.001992511709243988,5.432,5.455,5.4475,5.3545,55.88235179065749,31532578.9,5.347166666666667,True,False,5.54
2025-07-07,5.51,5.53,5.48,5.48,22521312.0,131850654.0,23214577754.0,0.0009701366201295414,5.456,5.449,5.4505,5.3581666666666665,52.17391198487718,31468020.0,5.345666666666667,False,True,5.54
2025-07-08,5.5,5.53,5.42,5.43,40130900.0,232683769.0,23214577754.0,0.0017286939450399965,5.464,5.444,5.451,5.3595,47.22222130401235,32090557.2,5.3453333333333335,False,False,5.54
2025-07-09,5.43,5.48,5.41,5.41,36215794.0,210184312.0,23214577754.0,0.0015600453466684235,5.452,5.435,5.449,5.3625,49.99999897058826,31997586.85,5.347666666666667,True,False,5.54
2025-07-10,5.43,5.48,5.42,5.45,35743900.0,207657289.0,23214577754.0,0.001539717860853236,5.456,5.433,5.4510000000000005,5.366666666666666,47.69230666508875,32553245.95,5.348,True,True,5.54
2025-07-11,5.46,5.5,5.43,5.43,48383538.0,281862896.0,23214577754.0,0.0020841877251746802,5.4399999999999995,5.436,5.4495,5.370833333333334,40.98360561676966,32499080.0,5.3545,True,True,5.54
2025-07-14,5.45,5.51,5.45,5.46,51188348.0,298503579.0,23214577754.0,0.002205008789840253,5.436,5.446,5.451,5.375666666666667,48.27586090368608,33582546.7,5.3581666666666665,True,True,5.54
2025-07-15,5.47,5.48,5.38,5.39,46473693.0,267922174.0,23214577754.0,0.0020019185139816867,5.428,5.446,5.4479999999999995,5.378666666666666,41.269840352733674,34785006.35,5.3595,False,True,5.54
2025-07-16,5.4,5.42,5.37,5.39,30876091.0,177260801.0,23214577754.0,0.0013300302649131698,5.4239999999999995,5.438000000000001,5.444,5.381666666666666,43.33333232222223,35157775.9,5.3625,True,False,5.54
2025-07-17,5.41,5.43,5.37,5.39,37355544.0,208899148.0,23214577754.0,0.0016091416521053644,5.412,5.434,5.443,5.385166666666667,49.056602477750054,35863202.8,5.366666666666666,True,True,5.54
2025-07-18,5.4,5.43,5.39,5.42,38646481.0,217200147.0,23214577754.0,0.0016647505463820464,5.409999999999999,5.425,5.4399999999999995,5.3895,55.76922926775148,35942585.6,5.370833333333334,True,True,5.54
2025-07-21,5.43,5.51,5.42,5.5,56748499.0,322685821.0,23214577754.0,0.002444519973671368,5.417999999999999,5.427,5.438,5.394833333333334,59.64912134195141,36932724.05,5.375666666666667,True,True,5.54
2025-07-22,5.5,5.58,5.47,5.56,48699975.0,279489567.0,23214577754.0,0.002097818686002537,5.452,5.4399999999999995,5.442,5.4014999999999995,58.18181670082646,37419557.25,5.378666666666666,False,True,5.51
2025-07-23,5.56,5.6,5.52,5.56,45103577.0,260417981.0,23214577754.0,0.001942898874920454,5.486,5.455,5.445,5.408333333333333,62.74509631680125,38024991.2,5.381666666666666,False,False,5.56
2025-07-24,5.56,5.59,5.52,5.58,46230179.0,266790435.0,23214577754.0,0.00199142881209779,5.523999999999999,5.468,5.4505,5.415166666666666,57.777775980246986,39137225.05,5.385166666666667,False,False,5.56
2025-07-25,5.58,5.59,5.51,5.51,40280501.0,231747906.0,23214577754.0,0.001735138214739204,5.542,5.476,5.456,5.420166666666668,53.0612229737609,39210892.05,5.3895,False,False,5.58
2025-07-28,5.51,5.53,5.48,5.49,35861502.0,204836462.0,23214577754.0,0.0015447837294314288,5.540000000000001,5.479,5.4625,5.425833333333332,56.52173741020804,39432841.55,5.394833333333334,False,False,5.58
2025-07-29,5.49,5.51,5.46,5.48,35052621.0,199455733.0,23214577754.0,0.0015099400631553696,5.523999999999999,5.4879999999999995,5.4670000000000005,5.432,57.777775980246986,39839252.6,5.4014999999999995,False,False,5.58
2025-07-30,5.48,5.58,5.48,5.53,53558205.0,308384038.0,23214577754.0,0.0023070936532873887,5.518,5.502,5.470000000000001,5.4385,58.69565038752368,40922308.9,5.408333333333333,False,False,5.58
2025-07-31,5.55,5.55,5.41,5.42,64114205.0,362572962.0,23214577754.0,0.0027618079329034,5.486,5.505,5.469499999999999,5.4415,49.09090784132237,42972009.15,5.415166666666666,False,False,5.58
2025-08-01,5.42,5.47,5.41,5.42,31608101.0,178138004.0,23214577754.0,0.0013615626066924155,5.468,5.505000000000001,5.465,5.444999999999999,46.153844911242636,42239648.3,5.420166666666668,True,False,5.58
2025-08-04,5.41,5.45,5.4,5.45,29590392.0,166736292.0,23214577754.0,0.0012746470047210491,5.460000000000001,5.5,5.4635,5.447666666666666,56.24999835937509,42593102.3,5.425833333333332,True,True,5.58
2025-08-05,5.44,5.49,5.43,5.49,34651584.0,196788207.0,23214577754.0,0.0014926648404806476,5.462,5.493,5.466500000000001,5.450333333333333,59.61538301035511,42319136.5,5.432,True,True,5.58
2025-08-06,5.49,5.51,5.45,5.49,25927820.0,147557826.0,23214577754.0,0.0011168766571915138,5.454000000000001,5.486000000000001,5.4704999999999995,5.4525,59.61538301035511,41804737.8,5.4385,False,True,5.58
2025-08-07,5.5,5.54,5.48,5.54,39340603.0,225182757.0,23214577754.0,0.0016946508102315752,5.478,5.482,5.475,5.453666666666667,61.11110952674902,41984572.95,5.4415,False,False,5.58
2025-08-08,5.54,5.56,5.52,5.54,26059420.0,149856516.0,23214577754.0,0.0011225455089533048,5.502000000000001,5.485,5.4805,5.455,54.3478244328923,40868367.05,5.444999999999999,False,False,5.58
2025-08-11,5.55,5.56,5.51,5.54,32498285.0,186833432.0,23214577754.0,0.0013999085119866272,5.5200000000000005,5.49,5.484500000000001,5.456833333333334,47.49999833750012,39933863.9,5.447666666666666,False,False,5.58
2025-08-12,5.55,5.59,5.54,5.56,29644749.0,171181410.0,23214577754.0,0.001276988507572232,5.534000000000001,5.498,5.493,5.4575,49.99999833333339,39092416.7,5.450333333333333,False,False,5.58
2025-08-13,5.56,5.57,5.52,5.55,30393201.0,174936475.0,23214577754.0,0.0013092291112106523,5.545999999999999,5.5,5.501,5.459333333333333,46.34146183224273,39068272.2,5.4525,False,False,5.58
2025-08-14,5.56,5.58,5.49,5.5,33013854.0,189730673.0,23214577754.0,0.0014221173587493543,5.537999999999999,5.508,5.506500000000001,5.4605,48.717946969099366,38851187.7,5.453666666666667,False,False,5.58
2025-08-15,5.49,5.52,5.46,5.51,36317403.0,207093493.0,23214577754.0,0.0015644222946825863,5.532,5.5169999999999995,5.511,5.461,52.63157700831028,38734733.8,5.455,True,False,5.58
2025-08-18,5.51,5.55,5.49,5.51,40703612.0,233286233.0,23214577754.0,0.0017533643054518423,5.526,5.523000000000001,5.5115,5.462833333333333,54.054052008765524,37932489.45,5.456833333333334,True,True,5.58
2025-08-19,5.52,5.53,5.48,5.48,30320995.0,172936152.0,23214577754.0,0.0013061187380319905,5.51,5.522,5.5075,5.464333333333333,42.85714114285721,37013540.45,5.4575,True,True,5.58
2025-08-20,5.48,5.53,5.45,5.53,30570931.0,174403924.0,23214577754.0,0.001316885076435752,5.506,5.526,5.506,5.4665,68.96551391200984,36286908.15,5.459333333333333,True,True,5.58
2025-08-21,5.53,5.61,5.52,5.6,51587227.0,298649845.0,23214577754.0,0.0022221910536844133,5.526000000000001,5.532,5.507,5.469666666666667,74.99999708333357,36554760.55,5.4605,False,True,5.58
2025-08-22,5.6,5.6,5.53,5.58,49779938.0,287401226.0,23214577754.0,0.002144339583838549,5.54,5.536,5.5104999999999995,5.472166666666666,68.57142582857168,37029732.4,5.461,False,False,5.6
2025-08-25,5.6,5.68,5.59,5.66,58530657.0,342780143.0,23214577754.0,0.0025212888909820833,5.57,5.548,5.519,5.475166666666667,71.79486921762023,38163190.15,5.462833333333333,False,False,5.6
2025-08-26,5.66,5.69,5.63,5.66,40113471.0,235514494.0,23214577754.0,0.0017279431667926084,5.606,5.558,5.5280000000000005,5.478166666666667,71.79486921762023,38416232.65,5.464333333333333,False,False,5.66
2025-08-27,5.66,5.68,5.53,5.55,67047401.0,389316586.0,23214577754.0,0.0028881594018416883,5.61,5.558,5.529,5.4805,51.11110952098768,39090692.45,5.4665,False,False,5.66
2025-08-28,5.54,5.58,5.46,5.54,63406403.0,363262220.0,23214577754.0,0.0027313183841594845,5.598000000000001,5.562,5.535,5.482666666666668,49.99999847826092,39055302.35,5.469666666666667,False,False,5.66
2025-08-29,5.5,5.56,5.42,5.43,108558611.0,616884046.0,23214577754.0,0.0046763121065725504,5.568,5.554,5.535500000000001,5.482666666666666,40.350876201908235,42902827.85,5.472166666666666,False,False,5.66
2025-09-01,5.45,5.47,5.36,5.39,95271072.0,534134878.0,23214577754.0,0.0041039330118155725,5.514,5.542,5.532500000000001,5.482166666666667,35.59321949439813,46186861.85,5.475166666666667,True,False,5.66
2025-09-02,5.4,5.42,5.37,5.41,49929017.0,279706375.0,23214577754.0,0.0021507613676667865,5.464,5.535,5.528499999999999,5.481999999999999,38.33333243888892,46950733.5,5.478166666666667,True,True,5.66
2025-09-03,5.42,5.42,5.33,5.36,58892453.0,327406413.0,23214577754.0,0.0025368737533833672,5.426,5.518,5.522,5.4805,38.33333243888892,48598965.15,5.4805,True,True,5.66
2025-09-04,5.35,5.37,5.29,5.36,50933656.0,281377365.0,23214577754.0,0.0021940375801676533,5.39,5.494,5.513,5.479666666666668,37.28813470841716,49178617.8,5.482666666666668,True,True,5.66
2025-09-05,5.35,5.36,5.3,5.33,45655595.0,252182371.0,23214577754.0,0.0019666778127003966,5.37,5.468999999999999,5.5024999999999995,5.4775,35.48387016649326,50158426.55,5.482666666666666,True,True,5.66
2025-09-08,5.34,5.42,5.33,5.39,61384615.0,342994678.0,23214577754.0,0.0026442270736293317,5.37,5.442,5.494999999999999,5.4768333333333326,43.076922149112384,51602743.05,5.482166666666667,True,True,5.66
2025-09-09,5.4,5.42,5.34,5.37,35271203.0,196789244.0,23214577754.0,0.0015193557847039702,5.362,5.413,5.4855,5.475499999999999,37.09677335587928,51884065.75,5.481999999999999,True,True,5.66
2025-09-10,5.37,5.38,5.33,5.36,26972735.0,149698917.0,23214577754.0,0.0011618878140203283,5.362,5.394,5.476,5.473666666666667,28.571427857142922,51713042.45,5.4805,True,True,5.66
2025-09-11,5.35,5.39,5.33,5.39,34525039.0,192088167.0,23214577754.0,0.0014872137398256639,5.368,5.3790000000000004,5.4704999999999995,5.473333333333333,33.333332514619855,51788601.7,5.479666666666668,True,True,5.66
2025-09-12,5.4,5.4,5.37,5.38,32875697.0,183553134.0,23214577754.0,0.0014161660551562406,5.378,5.374,5.464,5.471666666666666,21.999999383999935,51616516.4,5.4775,True,True,5.66
2025-09-15,5.38,5.41,5.36,5.39,31830001.0,177837848.0,23214577754.0,0.0013711212556737336,5.377999999999999,5.3740000000000006,5.458,5.469166666666667,23.529411118800382,51172835.85,5.4768333333333326,True,True,5.66
2025-09-16,5.4,5.42,5.36,5.41,38026965.0,212800185.0,23214577754.0,0.001638064039025984,5.386,5.3740000000000006,5.4544999999999995,5.468,33.33333222222225,51558134.35,5.475499999999999,True,True,5.66
2025-09-17,5.41,5.47,5.39,5.46,54344760.0,306704557.0,23214577754.0,0.002340975596277477,5.406000000000001,5.384,5.4510000000000005,5.4673333333333325,41.30434656899812,52746825.8,5.473666666666667,True,True,5.66
2025-09-18,5.45,5.46,5.33,5.36,54083487.0,302454049.0,23214577754.0,0.0023297209009404064,5.4,5.384,5.439,5.4655000000000005,42.22222090864206,52871638.8,5.473333333333333,False,True,5.66
2025-09-19,5.36,5.37,5.32,5.36,35844024.0,198720907.0,23214577754.0,0.0015440308404413635,5.395999999999999,5.3870000000000005,5.428,5.464833333333333,46.341461832242835,52174843.1,5.471666666666666,True,False,5.66
2025-09-22,5.37,5.37,5.31,5.33,28520448.0,157817124.0,23214577754.0,0.0012285576891479652,5.384,5.381,5.4115,5.464333333333332,40.476189126984124,50674332.65,5.469166666666667,True,True,5.66
2025-09-23,5.34,5.41,5.3,5.36,47701687.0,265040940.0,23214577754.0,0.0020548160515984717,5.3740000000000006,5.38,5.3965,5.463833333333333,49.99999825000006,51053743.45,5.468,True,True,5.66
2025-09-24,5.34,5.39,5.32,5.34,35474208.0,196618560.0,23214577754.0,0.001528100505463107,5.35,5.378,5.386,5.461666666666667,47.61904603174602,49475083.8,5.4673333333333325,True,True,5.55
2025-09-25,5.33,5.34,5.28,5.31,43012001.0,236784735.0,23214577754.0,0.0018528013499013048,5.340000000000001,5.369999999999999,5.3745,5.459666666666666,47.61904603174602,48455363.7,5.4655000000000005,True,True,5.54
2025-09-26,5.29,5.3,5.27,5.28,30249011.0,165946589.0,23214577754.0,0.001303017927809948,5.324,5.36,5.367,5.4558333333333335,35.89743460881007,44539883.7,5.464833333333333,True,True,5.46
2025-09-29,5.28,5.29,5.22,5.27,43998748.0,239539886.0,23214577754.0,0.0018953068397903026,5.311999999999999,5.348000000000001,5.361,5.452333333333333,36.842103905817154,41976267.5,5.464333333333332,True,True,5.46
2025-09-30,5.27,5.28,5.24,5.25,24961261.0,136350601.0,23214577754.0,0.0010752407932855482,5.29,5.332,5.353,5.449333333333333,35.89743460880999,40727879.7,5.463833333333333,True,True,5.46
2025-10-09,5.27,5.34,5.24,5.33,53489570.0,294240554.0,23214577754.0,0.00230413710586588,5.288,5.319,5.3515,5.4479999999999995,43.181816807851334,40457735.55,5.461666666666667,True,True,5.46
2025-10-10,5.32,5.37,5.31,5.35,36304338.0,201227745.0,23214577754.0,0.0015638595017626181,5.296,5.318,5.351,5.446333333333333,46.666665214814834,39726269.65,5.459666666666666,True,True,5.46
2025-10-13,5.29,5.33,5.23,5.32,45609931.0,249978243.0,23214577754.0,0.0019647107728307123,5.304,5.314,5.3505,5.444500000000001,42.553190221819925,39723986.45,5.4558333333333335,True,True,5.46
2025-10-14,5.33,5.41,5.32,5.38,60028751.0,334590886.0,23214577754.0,0.002585821359152514,5.3260000000000005,5.319,5.35,5.4431666666666665,47.05882223760093,39656193.25,5.452333333333333,True,True,5.46
2025-10-15,5.4,5.42,5.34,5.37,39171190.0,218386606.0,23214577754.0,0.0016873531112686548,5.35,5.32,5.35,5.442833333333334,40.425530710728864,39851192.6,5.449333333333333,False,True,5.46
2025-10-16,5.37,5.41,5.36,5.39,31526840.0,176247145.0,23214577754.0,0.0013580621768822718,5.362,5.325,5.3515,5.442833333333334,53.84615191321499,40078897.85,5.4479999999999995,False,False,5.46
2025-10-17,5.4,5.43,5.36,5.37,34643246.0,194015907.0,23214577754.0,0.0014923056696144637,5.3660000000000005,5.331,5.350499999999999,5.442499999999999,51.21951044616304,40084808.2,5.446333333333333,False,False,5.46
2025-10-20,5.39,5.4,5.31,5.35,33542500.0,186000043.0,23214577754.0,0.0014448895153486236,5.372,5.338,5.349,5.441333333333334,52.49999816250003,40118148.35,5.444500000000001,False,False,5.46
2025-10-21,5.35,5.38,5.33,5.37,31488594.0,175211113.0,23214577754.0,0.0013564146776080966,5.369999999999999,5.348,5.348000000000001,5.439166666666667,51.28204944115718,40101078.0,5.4431666666666665,False,False,5.46
2025-10-22,5.36,5.41,5.36,5.4,29905744.0,167295825.0,23214577754.0,0.0012882312276753375,5.376,5.3629999999999995,5.3475,5.4365,57.49999798750016,39695016.95,5.442833333333334,False,False,5.46
2025-10-23,5.41,5.48,5.4,5.46,53947632.0,305183053.0,23214577754.0,0.002323868759176743,5.39,5.3759999999999994,5.3475,5.434833333333334,67.44185826933497,39675160.55,5.442833333333334,False,False,5.46
2025-10-24,5.46,5.47,5.4,5.42,33296454.0,187491033.0,23214577754.0,0.001434290744067608,5.4,5.383,5.350499999999999,5.432166666666666,65.90908881198355,38635808.9,5.442499999999999,False,False,5.46
2025-10-27,5.43,5.47,5.38,5.46,42904379.0,242192277.0,23214577754.0,0.001848165383607175,5.422,5.397,5.3555,5.431333333333333,70.21276386600292,38988826.65,5.441333333333334,False,False,5.46
2025-10-28,5.45,5.48,5.42,5.46,37595900.0,212595875.0,23214577754.0,0.0016194953187775305,5.4399999999999995,5.405,5.362,5.430833333333334,73.333331051852,39442599.25,5.439166666666667,False,False,5.46
2025-10-29,5.45,5.46,5.41,5.44,25940152.0,146063626.0,23214577754.0,0.0011174078751240853,5.4479999999999995,5.412,5.366,5.430166666666667,64.10256180144663,38354522.5,5.4365,False,False,5.46
2025-10-30,5.44,5.5,5.43,5.46,43660402.0,247944434.0,23214577754.0,0.0018807321185274229,5.448,5.4190000000000005,5.372,5.428999999999999,64.10256180144663,38763832.2,5.434833333333334,False,False,5.46
2025-10-31,5.46,5.47,5.36,5.38,52948619.0,296177523.0,23214577754.0,0.0022808348943963307,5.4399999999999995,5.42,5.3755,5.428333333333334,56.818180010330614,39260663.1,5.432166666666666,False,False,5.46
2025-11-03,5.39,5.42,5.37,5.4,37235639.0,208262550.0,23214577754.0,0.0016039765786213403,5.428,5.425,5.3815,5.428,52.49999816250013,39609994.5,5.431333333333333,False,False,5.46
2025-11-04,5.39,5.44,5.38,5.39,38615683.0,216803749.0,23214577754.0,0.0016634238799948151,5.414,5.4270000000000005,5.3875,5.4270000000000005,52.499998162500006,39340841.25,5.430833333333334,False,False,5.46
2025-11-05,5.38,5.42,5.35,5.4,29109278.0,162643969.0,23214577754.0,0.001253922354671487,5.406000000000001,5.4270000000000005,5.395,5.4255,51.282049441157284,39548242.1,5.430166666666667,False,False,5.46
2025-11-06,5.4,5.42,5.38,5.41,27931922.0,156793761.0,23214577754.0,0.0012032061188443186,5.396,5.422,5.399,5.424166666666666,55.26315585872582,38270359.7,5.428999999999999,False,False,5.46
2025-11-07,5.41,5.44,5.41,5.42,32820788.0,184803433.0,23214577754.0,0.0014138007741426525,5.404,5.422,5.402500000000001,5.422166666666667,59.459457209642174,38096182.2,5.428333333333334,False,False,5.46
2025-11-10,5.42,5.51,5.41,5.51,47474410.0,269064294.0,23214577754.0,0.00204502578091561,5.426,5.427,5.412,5.421666666666667,65.90908881198348,38189406.15,5.428,False,False,5.46
2025-11-11,5.49,5.5,5.46,5.48,31734931.0,180723312.0,23214577754.0,0.0013670259841160322,5.444000000000001,5.429,5.417,5.4206666666666665,59.09090721074387,36774715.15,5.4270000000000005,False,False,5.51
2025-11-12,5.5,5.53,5.48,5.49,39208111.0,224044501.0,23214577754.0,0.0016889435343377815,5.462,5.434,5.423,5.4195,53.846151913215095,36776561.2,5.4255,False,False,5.51
2025-11-13,5.48,5.5,5.42,5.46,48548800.0,274644946.0,23246718350.0,0.0020884152020536695,5.4719999999999995,5.434,5.4265,5.418,55.263155858725845,37627659.2,5.424166666666666,False,False,5.51
2025-11-14,5.47,5.54,5.46,5.48,42924644.0,245376069.0,23246718350.0,0.0018464818712788337,5.484,5.444000000000001,5.432,5.417666666666666,52.777775725308786,38041729.1,5.422166666666667,False,False,5.51
2025-11-17,5.48,5.49,5.42,5.43,32536274.0,183719549.0,23246718350.0,0.001399607183695242,5.468,5.447,5.436,5.416333333333333,46.34146183224275,37991417.8,5.421666666666667,False,False,5.51
2025-11-18,5.43,5.44,5.37,5.39,33421100.0,187062963.0,23246718350.0,0.0014376695883184733,5.45,5.447,5.436999999999999,5.414333333333333,44.18604507301243,38088043.1,5.4206666666666665,True,False,5.51
2025-11-19,5.39,5.42,5.37,5.38,25306936.0,141507714.0,23246718350.0,0.0010886240207749582,5.428,5.445,5.436,5.4126666666666665,40.4761891269842,37858102.7,5.4195,True,True,5.51
2025-11-20,5.39,5.43,5.38,5.4,26512094.0,148676990.0,23246718350.0,0.0011404660907762063,5.4159999999999995,5.444000000000001,5.433,5.4105,52.77777572530877,36486325.8,5.418,True,True,5.51
2025-11-21,5.38,5.4,5.31,5.32,40117383.0,223020524.0,23246718350.0,0.0017257224179343146,5.384,5.434,5.428,5.405833333333333,40.4761891269842,36827372.25,5.417666666666666,True,True,5.51
2025-11-24,5.35,5.35,5.29,5.3,47798218.0,263436860.0,23246718350.0,0.0020561275479986187,5.358,5.413,5.42,5.401166666666667,39.534882433748066,37072064.2,5.416333333333333,True,True,5.51
2025-11-25,5.31,5.31,5.27,5.28,41154589.0,225816956.0,23246718350.0,0.0017703397262521573,5.336,5.393,5.411,5.394833333333334,36.363635206611605,37249998.65,5.414333333333333,True,True,5.51
2025-11-26,5.28,5.3,5.26,5.27,25026478.0,137042823.0,23246718350.0,0.0010765596082511148,5.314,5.3709999999999996,5.402500000000001,5.388333333333334,34.09090800619836,37204314.95,5.4126666666666665,True,True,5.51
2025-11-27,5.27,5.29,5.25,5.27,23551943.0,128851013.0,23246718350.0,0.001013129795156657,5.288,5.352,5.393,5.383666666666667,32.55813847485133,36198892.0,5.4105,True,True,5.51
2025-11-28,5.27,5.28,5.25,5.27,26067921.0,142386566.0,23246718350.0,0.0011213591788537328,5.278,5.331,5.3875,5.379166666666666,14.705881747405002,34854857.1,5.405833333333333,True,True,5.51
2025-12-01,5.27,5.35,5.26,5.34,38893836.0,214171685.0,23246718350.0,0.0016730893115500752,5.286,5.322,5.3845,5.377666666666667,31.578946204986238,34937766.95,5.401166666666667,True,True,5.51
2025-12-02,5.34,5.39,5.33,5.38,37921183.0,211119450.0,23246718350.0,0.001631248868294565,5.305999999999999,5.321,5.3839999999999995,5.3774999999999995,36.58536460440223,34903041.95,5.394833333333334,True,True,5.51
2025-12-03,5.38,5.45,5.35,5.44,61981971.0,349115912.0,23246718350.0,0.002666267559438126,5.34,5.327,5.386,5.378,47.7272712086778,36546676.6,5.388333333333334,True,True,5.51
2025-12-04,5.45,5.51,5.44,5.48,57658069.0,327996712.0,23246718350.0,0.0024802670265930246,5.382,5.334999999999999,5.3895,5.38,49.99999847826092,38032983.95,5.383666666666667,False,True,5.51
2025-12-05,5.49,5.52,5.41,5.44,41739082.0,236109595.0,23246718350.0,0.0017954827589675684,5.416,5.3469999999999995,5.390499999999999,5.381333333333333,51.111109520987775,38478898.65,5.379166666666666,False,False,5.51
2025-12-08,5.45,5.47,5.4,5.41,32140486.0,180985768.0,23246718350.0,0.0013825816408189933,5.430000000000001,5.358,5.3855,5.382666666666666,52.27272560950422,37712202.45,5.377666666666667,False,False,5.51
2025-12-09,5.42,5.42,5.36,5.36,26910122.0,150131946.0,23246718350.0,0.0011575879913390012,5.426,5.366,5.3795,5.3821666666666665,47.916665269097315,37470962.0,5.3774999999999995,False,False,5.49
2025-12-10,5.36,5.39,5.34,5.37,26014735.0,144793485.0,23246718350.0,0.0011190712860337983,5.412000000000001,5.376,5.3735,5.3821666666666665,46.80850924400183,36811293.2,5.378,True,False,5.49
2025-12-11,5.37,5.38,5.34,5.35,27986648.0,155595090.0,23246718350.0,0.0012038967211903267,5.386,5.384,5.368,5.382000000000001,53.658534753123114,35783185.6,5.38,True,True,5.48
2025-12-12,5.35,5.36,5.3,5.31,40924738.0,225767440.0,23246718350.0,0.0017604522661582467,5.359999999999999,5.388,5.3595,5.380666666666667,51.16278903190917,35683190.3,5.381333333333333,True,True,5.48
2025-12-15,5.31,5.37,5.27,5.34,42330738.0,233770076.0,23246718350.0,0.001820933921195806,5.345999999999999,5.388,5.3549999999999995,5.38,56.818180010330565,36172913.5,5.382666666666666,True,True,5.48
2025-12-16,5.34,5.36,5.29,5.31,28009454.0,154314991.0,23246718350.0,0.0012048777628864765,5.336,5.380999999999999,5.351,5.378666666666666,54.347824432892295,35902331.2,5.3821666666666665,True,True,5.48
2025-12-17,5.3,5.33,5.27,5.31,32747196.0,180208356.0,23246718350.0,0.0014086803783210115,5.324,5.368,5.3475,5.377,54.347824432892295,36274344.2,5.3821666666666665,True,True,5.48
2025-12-18,5.31,5.39,5.3,5.38,35479466.0,196780632.0,23246718350.0,0.001526213956990622,5.33,5.3580000000000005,5.3465,5.375666666666667,60.37735689569246,36722712.8,5.382000000000001,True,True,5.48
2025-12-19,5.37,5.39,5.33,5.37,32757294.0,182344271.0,23246718350.0,0.0014091147622133083,5.342,5.351,5.349,5.3758333333333335,53.19148777727485,36354708.35,5.380666666666667,False,True,5.48
2025-12-22,5.37,5.39,5.35,5.37,26534392.0,147748621.0,23246718350.0,0.0011414252799255857,5.348,5.3469999999999995,5.3525,5.376,48.83720771227699,35291517.05,5.38,False,False,5.48
2025-12-23,5.38,5.4,5.36,5.37,24794358.0,138209639.0,23246718350.0,0.001066574542982752,5.359999999999999,5.348000000000001,5.357,5.376666666666667,40.54053900657419,34473505.5,5.378666666666666,False,False,5.48
2025-12-24,5.37,5.38,5.32,5.34,24836505.0,137660381.0,23246718350.0,0.001068387573078675,5.366,5.345,5.3605,5.376333333333333,30.555554367283975,34464006.85,5.377,False,False,5.48
2025-12-25,5.34,5.37,5.34,5.35,21641001.0,120197609.0,23246718350.0,0.0009309271387976359,5.36,5.345,5.3645,5.376500000000001,36.363634820936625,34368459.75,5.375666666666667,True,False,5.48
2025-12-26,5.35,5.36,5.32,5.32,24427640.0,135210233.0,23246718350.0,0.0010507994991903879,5.35,5.346,5.367,5.376666666666667,36.363634820936724,34286445.7,5.3758333333333335,True,True,5.48
2025-12-29,5.33,5.33,5.28,5.28,36463311.0,200431505.0,23246718350.0,0.0015685358445442687,5.332,5.34,5.364,5.376666666666666,37.49999835937507,34164919.45,5.376,True,True,5.48
2025-12-30,5.28,5.29,5.19,5.2,70075534.0,380045304.0,23246718350.0,0.0030144269373831856,5.298,5.329000000000001,5.355,5.375500000000001,28.205127192636496,35772637.0,5.376666666666667,True,True,5.48
2025-12-31,5.2,5.23,5.2,5.22,26699369.0,144585512.0,23246718350.0,0.0011485220665565469,5.273999999999999,5.32,5.343999999999999,5.375,33.33333213675219,34008506.9,5.376333333333333,True,True,5.48
2026-01-05,5.25,5.25,5.2,5.23,40414813.0,219018644.0,23246718350.0,0.0017385169120010438,5.25,5.305,5.3315,5.373333333333334,38.888887376543394,33146344.1,5.376500000000001,True,True,5.48
2026-01-06,5.23,5.28,5.22,5.28,39286285.0,214315582.0,23246718350.0,0.0016899712212498157,5.242,5.296,5.3235,5.372166666666667,42.105261606648305,33023704.25,5.376666666666667,True,True,5.44
2026-01-07,5.28,5.29,5.25,5.25,23962412.0,130835277.0,23246718350.0,0.0010307868680312032,5.236,5.284000000000001,5.3155,5.3709999999999996,42.105261606648305,32614800.55,5.376666666666666,True,True,5.41
2026-01-08,5.26,5.27,5.25,5.26,22899000.0,124979377.0,23246718350.0,0.0009850422608144174,5.248,5.273,5.310499999999999,5.369000000000001,43.589742024983636,32414244.45,5.375500000000001,True,True,5.38
2026-01-09,5.27,5.29,5.26,5.27,25674001.0,140460776.0,23246718350.0,0.001104413991405372,5.258,5.266,5.3055,5.367333333333334,33.33333191919189,32397207.75,5.375,True,True,5.38
2026-01-12,5.27,5.3,5.26,5.3,36297280.0,198973007.0,23246718350.0,0.0015613937181804417,5.272,5.261,5.303,5.365833333333334,39.99999840000001,32812739.35,5.373333333333334,True,True,5.38
2026-01-13,5.29,5.31,5.27,5.29,37050419.0,201569856.0,23246718350.0,0.0015937913662553579,5.273999999999999,5.258,5.302,5.3645000000000005,38.888887376543245,32619023.4,5.372166666666667,True,True,5.38
2026-01-14,5.29,5.29,5.12,5.12,103807750.0,556257354.0,23246718350.0,0.004465479748026456,5.247999999999999,5.242,5.291,5.360666666666666,26.415093641865425,35692874.0,5.3709999999999996,True,True,5.38
2026-01-15,5.14,5.15,5.09,5.1,54896535.0,288639281.0,23246718350.0,0.0023614746035756054,5.215999999999999,5.231999999999999,5.2805,5.356166666666667,26.923076198224834,37037228.05,5.369000000000001,True,True,5.38
2026-01-16,5.11,5.13,4.99,5.01,93865696.0,487117477.0,23246718350.0,0.0040378041574199225,5.164,5.211,5.2655,5.349666666666667,21.66666616111111,40093153.05,5.367333333333334,True,True,5.38
2026-01-19,5.01,5.06,4.98,5.05,39763198.0,205434223.0,23246718350.0,0.0017104865040015423,5.114,5.193,5.2490000000000006,5.342833333333333,27.868851819403375,40307339.65,5.365833333333334,True,True,5.38
2026-01-20,5.06,5.11,5.04,5.11,34134252.0,178387967.0,23246718350.0,0.0014683471226380647,5.078,5.176,5.236,5.337666666666667,36.507935696649064,40376187.55,5.3645000000000005,True,True,5.37
2026-01-21,5.11,5.11,5.04,5.05,36582983.0,190258445.0,23246718350.0,0.0015736837539480062,5.064,5.156000000000001,5.22,5.330833333333333,37.70491716742812,40878617.1,5.360666666666666,True,True,5.37
2026-01-22,5.05,5.09,4.98,4.99,111187918.0,572338078.0,23246718350.0,0.004782951138563607,5.042,5.129,5.2010000000000005,5.3229999999999995,32.3076916118344,45198295.1,5.356166666666667,True,True,5.37
2026-01-23,5.0,5.02,4.92,4.93,127341153.0,647980370.0,23246718350.0,0.005477812011259645,5.026000000000001,5.095,5.1805,5.3145,28.571427999999997,50323527.5,5.349666666666667,True,True,5.35
2026-01-26,4.95,4.95,4.86,4.87,227655280.0,1143349015.0,23246718350.0,0.009793007192346355,4.99,5.0520000000000005,5.156499999999999,5.304666666666667,21.126760146796315,60624241.45,5.342833333333333,True,True,5.35
2026-01-27,4.88,4.91,4.84,4.87,90384589.0,453144682.0,23246718350.0,0.0038880579890537537,4.942,5.01,5.134,5.296166666666666,22.058823075259554,63922088.9,5.337666666666667,True,True,5.32
2026-01-28,4.87,4.91,4.8,4.81,190474416.0,947257511.0,23246718350.0,0.008193604496438526,4.894,4.979,5.1105,5.286333333333333,19.17808182398204,71622644.15,5.330833333333333,True,True,5.3
2026-01-29,4.8,4.85,4.75,4.84,145819586.0,718002086.0,23246718350.0,0.006272695517903068,4.863999999999999,4.953,5.092499999999999,5.277166666666667,21.3333329351112,75409846.75,5.3229999999999995,True,True,5.3
2026-01-30,4.83,4.88,4.82,4.85,84886308.0,424203348.0,23246718350.0,0.0036515394010441047,4.848000000000001,4.936999999999999,5.074,5.268,19.17808182398204,78319193.7,5.3145,True,True,5.3
2026-02-02,4.86,4.9,4.79,4.8,95926903.0,478742587.0,23246718350.0,0.004126470736890053,4.8340000000000005,4.912,5.0525,5.257833333333334,18.181817851239728,81094798.2,5.304666666666667,True,True,5.3
2026-02-03,4.82,4.84,4.78,4.82,50597728.0,250502077.0,23246718350.0,0.002176553577937593,4.824,4.883,5.0295000000000005,5.247833333333333,25.806451030177,81660370.35,5.296166666666666,True,True,5.3
2026-02-04,4.82,4.93,4.81,4.92,93599666.0,471040996.0,23246718350.0,0.004026360391637816,4.846,4.87,5.013,5.2379999999999995,37.14285640000005,85142233.05,5.286333333333333,True,True,5.3
2026-02-05,4.92,4.94,4.88,4.91,57533557.0,290436096.0,23246718350.0,0.0024749109157594282,4.86,4.862,4.9955,5.2284999999999995,41.93548292403752,86873960.9,5.277166666666667,True,True,5.3
2026-02-06,4.9,4.93,4.88,4.9,54723800.0,276181289.0,23246718350.0,0.002354044092421329,4.87,4.859,4.977,5.218666666666666,37.2881347084172,88326450.85,5.268,True,True,5.3
2026-02-09,4.91,4.93,4.9,4.91,41304101.0,208689902.0,23246718350.0,0.0017767712576945297,4.892,4.8629999999999995,4.9575,5.2095,31.481480665294924,88576791.9,5.257833333333334,True,True,5.3
2026-02-10,4.91,4.94,4.89,4.93,47956953.0,242714546.0,23246718350.0,0.002062955823611981,4.914,4.869,4.939500000000001,5.200333333333333,37.999998936,89122118.6,5.247833333333333,True,True,5.29
2026-02-11,4.93,4.97,4.91,4.95,44063744.0,224228360.0,23246718350.0,0.001895482335897101,4.92,4.883,4.930999999999999,5.192333333333334,45.65217252362953,86134918.3,5.2379999999999995,True,True,5.12
2026-02-12,4.96,4.96,4.9,4.91,41441000.0,210043279.0,23246718350.0,0.0017826602179313623,4.92,4.89,4.9215,5.184333333333333,47.727271208677784,85462141.55,5.2284999999999995,False,True,5.11
2026-02-13,4.91,4.92,4.86,4.87,40363761.0,203014118.0,23246718350.0,0.0017363208170842746,4.914,4.892,4.914499999999999,5.175833333333333,49.99999833333339,82787044.8,5.218666666666666,True,False,5.11
2026-02-24,4.9,4.96,4.9,4.94,53926304.0,273674965.0,23246718350.0,0.0023197383470686733,4.92,4.906000000000001,4.909000000000001,5.168166666666667,57.14285551020416,83495200.1,5.2095,True,True,5.11
2026-02-25,4.96,5.01,4.91,4.92,94988967.0,484087171.0,23246718350.0,0.004086123708725537,4.918000000000001,4.916,4.8995,5.1615,62.22222028641985,86537935.85,5.200333333333333,False,True,5.11
2026-02-26,4.92,4.96,4.91,4.93,43735810.0,221850076.0,23246718350.0,0.0018813756566203677,4.914,4.917,4.8935,5.155333333333333,60.46511431043813,86895577.2,5.192333333333334,False,False,5.05
2026-02-27,4.94,4.98,4.93,4.95,91102015.0,463768060.0,23246718350.0,0.0039189193772806215,4.922,4.921000000000001,4.8915,5.149833333333333,61.36363441115714,85891282.05,5.184333333333333,False,False,4.99
2026-03-02,4.92,5.02,4.91,4.99,116543374.0,596214165.0,23246718350.0,0.005013325848635319,4.946000000000001,4.93,4.8945,5.145166666666666,72.09302090859933,85351393.1,5.175833333333333,False,False,4.95
2026-03-03,4.99,5.11,4.97,5.05,177594026.0,921168863.0,23246718350.0,0.007639531022235661,4.968,4.944000000000001,4.903499999999999,5.1415,74.46808288818472,82848330.4,5.168166666666667,False,False,4.99
2026-03-04,5.02,5.03,4.87,4.91,143176362.0,721840859.0,23246718350.0,0.0061589924153746195,4.965999999999999,4.942,4.9055,5.1354999999999995,49.01960649750102,85487919.05,5.1615,False,False,5.05
2026-03-05,4.92,4.98,4.89,4.95,74995905.0,380567178.0,23246718350.0,0.003226085672432126,4.970000000000001,4.942,4.9125,5.1290000000000004,53.7037023113855,79713993.5,5.155333333333333,False,False,5.05
2026-03-06,4.94,5.0,4.91,4.99,54978620.0,280207174.0,23246718350.0,0.0023650056396024603,4.978,4.95,4.92,5.1225000000000005,57.89473542012929,75171945.2,5.149833333333333,False,False,5.05
2026-03-09,4.96,5.01,4.93,4.95,82748317.0,422639765.0,23246718350.0,0.003559569817733005,4.97,4.958,4.925000000000001,5.114333333333334,53.333332088888916,75065045.65,5.145166666666666,False,False,5.05
2026-03-10,4.95,4.97,4.92,4.97,48810100.0,248324164.0,23246718350.0,0.002099655498256596,4.954000000000001,4.961,4.9335,5.105833333333333,53.333332088888916,72709205.5,5.1415,False,False,5.05
2026-03-11,4.96,5.02,4.92,5.01,63591914.0,325208546.0,23246718350.0,0.0027355221946843093,4.974,4.970000000000001,4.943,5.098666666666667,54.83870843912591,73358914.8,5.1354999999999995,False,False,5.05
2026-03-12,5.01,5.08,4.99,5.07,83504586.0,433744428.0,23246718350.0,0.00359210210846814,4.998,4.984,4.9505,5.093000000000001,62.49999863281253,72854160.8,5.1290000000000004,False,False,5.05
2026-03-13,5.07,5.09,5.02,5.04,58119862.0,302035744.0,23246718350.0,0.002500131894960563,5.008,4.993,4.957,5.087666666666666,63.49206208112876,72883476.05,5.1225000000000005,False,False,5.07
2026-03-16,5.05,5.09,5.04,5.06,63453504.0,330105027.0,23246718350.0,0.002729568236025882,5.029999999999999,5.0,4.965,5.0825,60.344826129607576,73319961.25,5.114333333333334,False,False,5.07
2026-03-17,5.05,5.09,5.04,5.05,44706272.0,232813780.0,23246718350.0,0.0019231218500137246,5.046,5.0,4.9719999999999995,5.0775,61.403507263773506,73490069.8,5.105833333333333,False,False,5.07
2026-03-18,5.04,5.05,4.98,5.03,51910450.0,267577278.0,23246718350.0,0.0022330227096333363,5.05,5.0120000000000005,4.976999999999999,5.0728333333333335,58.62068824019034,73687744.65,5.098666666666667,False,False,5.07
2026-03-19,5.01,5.06,5.0,5.02,50662601.0,262289417.0,23246718350.0,0.002179344208383718,5.04,5.019,4.980500000000001,5.0675,56.14034949830717,74017687.5,5.093000000000001,False,False,5.07
2026-03-20,5.02,5.05,4.97,4.97,43590365.0,224215271.0,23246718350.0,0.001875119074602631,5.026,5.017,4.9835,5.061833333333333,48.27586090368608,74125155.75,5.087666666666666,False,False,5.07
2026-03-23,4.94,4.96,4.79,4.81,91697449.0,459470545.0,23246718350.0,0.0039445330570712575,4.976000000000001,5.003,4.9805,5.0535,32.35294051038062,76691840.15,5.0825,True,False,5.07
2026-03-24,4.86,4.95,4.85,4.94,69048718.0,349208825.0,23246718350.0,0.0029702565738703502,4.954,5.0,4.9805,5.046166666666666,52.238804878592155,77447960.85,5.0775,True,True,5.07
2026-03-25,4.96,5.03,4.92,5.01,55348304.0,283627599.0,23246718350.0,0.0023809082712958492,4.95,4.999999999999999,4.985,5.040166666666667,54.2857132,75465927.7,5.0728333333333335,True,True,5.07
2026-03-26,5.0,5.04,4.97,4.98,41604554.0,213960585.0,23246718350.0,0.001789695791621272,4.942,4.991,4.9875,5.033666666666666,49.27536131905065,75359364.9,5.0675,False,True,5.07
2026-03-27,4.96,4.98,4.89,4.92,53917607.0,273287387.0,23246718350.0,0.0023193642297472923,4.932,4.979,4.986,5.026166666666667,47.88732299940488,73500144.5,5.061833333333333,True,False,5.07
2026-03-30,4.89,4.96,4.88,4.95,42197129.0,213618555.0,23246718350.0,0.0018151864863110883,4.960000000000001,4.968,4.984,5.019666666666667,48.61111016589511,69782832.25,5.0535,True,True,5.07
2026-03-31,4.96,5.01,4.94,4.95,43520650.0,222641694.0,23246718350.0,0.0018721201566929983,4.962000000000001,4.958,4.979,5.013,45.58823435553638,63079163.45,5.046166666666666,True,True,5.07
2026-04-01,4.97,4.99,4.89,4.9,75084837.0,379476343.0,23246718350.0,0.0032299112446553127,4.9399999999999995,4.944999999999999,4.9784999999999995,5.006,37.31343205613725,59674587.2,5.040166666666667,True,True,5.07
2026-04-02,4.91,4.95,4.89,4.94,54507769.0,276415496.0,23246718350.0,0.0023447511248399495,4.932,4.937,4.978,5.000333333333334,42.64705794550178,58650180.4,5.033666666666666,True,True,5.07
2026-04-03,4.94,4.94,4.86,4.88,44897800.0,225726766.0,23246718350.0,0.0019313607763480302,4.924,4.928,4.9725,4.995,37.49999927083338,58146139.4,5.026166666666667,True,True,5.07
2026-04-07,4.89,4.9,4.84,4.85,37867100.0,188959369.0,23246718350.0,0.001628922389383188,4.904000000000001,4.932,4.967499999999999,4.988833333333333,36.48648579620163,55902078.55,5.019666666666667,True,True,5.07
2026-04-08,4.9,4.92,4.87,4.92,52074832.0,262292691.0,23246718350.0,0.0022400939012538084,4.898,4.930000000000001,4.965,4.983666666666666,43.03797392084603,56065315.15,5.013,True,True,5.07
2026-04-09,4.9,4.91,4.86,4.87,31845401.0,159734112.0,23246718350.0,0.0013698880212053672,4.892,4.916,4.958,4.976833333333333,40.963854730730205,54477989.5,5.006,True,True,5.07
2026-04-10,4.87,4.89,4.86,4.86,33885907.0,169834221.0,23246718350.0,0.0014576641093946062,4.8759999999999994,4.904,4.9475,4.9703333333333335,43.03797392084607,51997055.55,5.000333333333334,True,True,5.07
2026-04-13,4.86,4.87,4.82,4.85,34925475.0,173938081.0,23246718350.0,0.001502383023451566,4.87,4.897,4.938000000000001,4.963499999999999,53.124998837890644,50837336.2,4.995,True,True,5.06
2026-04-14,4.86,4.87,4.83,4.86,31917570.0,159195502.0,23246718350.0,0.0013729925024019572,4.872,4.888,4.928,4.956666666666666,42.3076911686391,49260539.5,4.988833333333333,True,True,5.06
2026-04-15,4.86,4.87,4.84,4.85,24987334.0,124756492.0,23246718350.0,0.0010748757576787176,4.858,4.878,4.918,4.949166666666667,32.60869465973546,48274592.6,4.983666666666666,True,True,5.05
2026-04-16,4.86,4.87,4.83,4.84,36244700.0,180642089.0,23246718350.0,0.001559131893556064,4.851999999999999,4.872,4.9085,4.941666666666666,34.09090800619843,47491305.1,4.976833333333333,True,True,5.03
2026-04-17,4.83,4.84,4.78,4.79,70925665.0,350551175.0,23246718350.0,0.003050996873285558,4.838,4.857,4.897,4.936166666666667,34.88371979448364,48504458.3,4.9703333333333335,True,True,5.02
2026-04-20,4.79,4.8,4.75,4.75,75520952.0,370041412.0,23246718350.0,0.0032486715270071656,4.818,4.843999999999999,4.886,4.9303333333333335,27.272726404958803,50100987.65,4.963499999999999,True,True,5.01
2026-04-21,4.75,4.8,4.75,4.79,36243124.0,178322569.0,23246718350.0,0.0015590640990408868,4.804,4.837999999999999,4.885,4.926666666666667,33.333332361111204,47328271.4,4.956666666666666,True,True,5.01
2026-04-22,4.78,4.8,4.76,4.76,29261763.0,143582810.0,23246718350.0,0.0012587481191727004,4.786,4.822,4.8759999999999994,4.921833333333334,34.7826076370511,45338923.65,4.949166666666667,True,True,5.01
2026-04-23,4.77,4.79,4.75,4.78,29497969.0,144822183.0,23246718350.0,0.0012689089511853616,4.773999999999999,4.813000000000001,4.8645000000000005,4.916333333333332,31.818180805785275,44046406.9,4.941666666666666,True,True,5.01
2026-04-24,4.77,4.78,4.75,4.76,26662984.0,130665433.0,23246718350.0,0.0011469568994025344,4.768,4.803,4.8534999999999995,4.9115,34.99999877500015,43299328.4,4.936166666666667,True,True,4.98
2026-04-27,4.76,4.77,4.74,4.74,33996400.0,166101461.0,23246718350.0,0.0014624171673676255,4.766,4.792,4.8445,4.907333333333333,35.89743460881019,42303268.05,4.9303333333333335,True,True,4.95
2026-04-28,4.74,4.76,4.73,4.76,27662201.0,135116095.0,23246718350.0,0.0011899400415801055,4.76,4.782,4.834999999999999,4.9045,26.470587145328864,41576521.65,4.926666666666667,True,True,4.95
2026-04-29,4.76,4.79,4.75,4.79,31235368.0,153473276.0,23246718350.0,0.0013436463387960305,4.766,4.776,4.827,4.9031666666666665,37.49999835937515,40962257.55,4.921833333333334,True,True,4.95
2026-04-30,4.81,4.88,4.81,4.86,83400864.0,416339953.0,23246718350.0,0.003587640317412802,4.782,4.7780000000000005,4.825,4.9030000000000005,49.99999815789481,41378058.9,4.916333333333332,True,True,4.94
2026-05-06,4.87,4.92,4.85,4.92,79374817.0,399335946.0,23246718350.0,0.0034144525607847785,4.814,4.791,4.824,4.9048333333333325,58.13953299080591,42621411.3,4.9115,False,True,4.94
2026-05-07,4.92,4.96,4.9,4.92,50598194.0,256422126.0,23246718350.0,0.0021765736237777406,4.85,4.808000000000001,4.826,4.906166666666667,57.142855238095244,42906431.0,4.907333333333333,False,False,4.92
2026-05-08,4.92,4.97,4.9,4.97,58418372.0,296994372.0,23246718350.0,0.0025129728471975916,4.892,4.8260000000000005,4.832,4.908166666666667,63.043476342155074,43933994.6,4.9045,False,False,4.92
2026-05-11,4.97,4.99,4.94,4.97,45994334.0,234701591.0,23246718350.0,0.001978530186820971,4.928,4.8469999999999995,4.8345,4.911,64.44444243950622,43629969.7,4.9031666666666665,False,False,4.97
2026-05-12,4.97,5.01,4.96,5.0,47634026.0,244580770.0,23246718350.0,0.002049064529574773,4.956,4.869,4.840999999999999,4.914,74.41860222823152,44419400.95,4.9030000000000005,False,False,4.97
2026-05-13,4.99,5.0,4.94,4.98,50527441.0,258260759.0,23246718350.0,0.002173530054404432,4.968,4.891,4.8469999999999995,4.915,78.0487778227247,45251477.65,4.9048333333333325,False,False,5.0
2026-05-14,4.99,5.02,4.97,4.97,60142616.0,308777202.0,23246718350.0,0.0025871443484839227,4.978,4.914,4.853,4.9159999999999995,73.68420781163437,46512334.7,4.906166666666667,False,False,5.0
2026-05-15,4.98,4.99,4.93,4.96,63924905.0,326084034.0,23246718350.0,0.0027498464100417855,4.976000000000001,4.933999999999999,4.858,4.917000000000001,77.77777475308653,48112701.45,4.908166666666667,False,False,5.0
2026-05-18,4.95,4.96,4.89,4.92,50809394.0,257133542.0,23246718350.0,0.00218565877708068,4.965999999999999,4.947,4.8615,4.917166666666668,68.42105011080338,49403804.45,4.911,False,False,5.0
2026-05-19,4.92,5.02,4.91,5.01,65039469.0,333946658.0,23246718350.0,0.0027977914138577757,4.968,4.962,4.87,4.9185,77.77777535802481,50843542.9,4.914,False,False,5.0
2026-05-20,5.01,5.02,4.96,4.97,41241334.0,211557198.0,23246718350.0,0.001774071220680488,4.965999999999999,4.9670000000000005,4.879,4.918833333333334,74.46808288818472,49359326.35,4.915,False,False,5.01
2026-05-21,4.97,5.02,4.93,4.95,48616108.0,249217159.0,23246718350.0,0.002091310578467089,4.962,4.97,4.889,4.919499999999999,70.21276386600283,48014084.15,4.9159999999999995,False,False,5.01
2026-05-22,4.96,4.97,4.91,4.97,44804956.0,227355171.0,23246718350.0,0.0019273669223079824,4.964,4.97,4.898000000000001,4.921166666666666,69.56521527410216,48442175.75,4.917000000000001,False,False,5.01
2026-05-25,4.96,4.99,4.91,4.94,40909671.0,208462553.0,23246718350.0,0.0017598041316657497,4.968,4.9670000000000005,4.907,4.921166666666666,59.52380753968266,49024571.15,4.917166666666668,False,False,5.01
2026-05-26,4.95,4.97,4.92,4.94,37439722.0,190384944.0,23246718350.0,0.00161053794502569,4.954,4.961,4.915,4.9215,52.77777572530879,49421658.8,4.9185,False,False,5.01
2026-05-27,4.94,4.96,4.88,4.9,45650548.0,230359162.0,23246718350.0,0.001963741604844625,4.94,4.953,4.922000000000001,4.921,47.4999983375001,50371037.0,4.918833333333334,False,False,5.01
2026-05-28,4.9,4.92,4.87,4.88,39180569.0,197138767.0,23246718350.0,0.0016854236546467213,4.926,4.944000000000001,4.929,4.919833333333333,37.83783640613591,50630245.45,4.919499999999999,True,False,5.01
2026-05-29,4.87,5.0,4.87,4.99,68526986.0,349648317.0,23246718350.0,0.0029478133200680347,4.930000000000001,4.947000000000001,4.9405,4.919833333333333,52.0833318142362,52673484.7,4.921166666666666,True,True,5.01
2026-06-01,4.97,5.0,4.9,5.0,60128859.0,306954967.0,23246718350.0,0.0025865525660313253,4.942,4.955,4.951,4.919,49.99999847826092,54118159.25,4.921166666666666,False,True,5.01
2026-06-02,4.98,5.05,4.97,5.0,59414901.0,306115976.0,23246718350.0,0.002555840360151307,4.954,4.954000000000001,4.958,4.9205,52.27272560950414,52918861.1,4.9215,False,False,5.01
2026-06-03,4.99,5.0,4.89,4.93,63656522.0,322635450.0,23246718350.0,0.002738301425671981,4.959999999999999,4.950000000000001,4.9585,4.920166666666666,45.99999871200003,52132946.35,4.921,False,False,5.01
2026-06-04,4.92,4.96,4.85,4.86,59425000.0,299066568.0,23246718350.0,0.0025562747870604284,4.956,4.941000000000001,4.9555,4.918,41.0714275446429,52574286.65,4.919833333333333,True,False,5.01
2026-06-05,4.86,4.95,4.86,4.9,46238400.0,233903537.0,23246718350.0,0.0019890291310730316,4.938000000000001,4.934,4.952,4.917166666666666,48.214284508928635,51965288.05,4.919833333333333,True,True,5.01
2026-06-08,4.87,4.88,4.75,4.79,84903274.0,419470856.0,23246718350.0,0.0036522692244860444,4.896,4.919,4.943,4.9141666666666675,31.0344820095125,53910735.05,4.919,True,True,5.01
2026-06-09,4.79,4.87,4.78,4.81,44290200.0,219788580.0,23246718350.0,0.0019052237538723395,4.858,4.906000000000001,4.9335,4.910833333333333,35.71428482142855,53743543.75,4.9205,True,True,5.01
2026-06-10,4.81,4.89,4.79,4.86,48740350.0,242571138.0,23246718350.0,0.002096655074758111,4.844,4.902,4.9275,4.907333333333333,42.37288035047403,53654189.2,4.920166666666666,True,True,5.01
2026-06-11,4.85,4.88,4.82,4.83,32345125.0,161169684.0,23246718350.0,0.0013913845607373652,4.837999999999999,4.897,4.9205,4.903833333333334,38.33333243888895,52264314.65,4.918,True,True,5.01
2026-06-12,4.84,4.93,4.82,4.9,66513800.0,334287656.0,23246718350.0,0.002861212451520066,4.838,4.888,4.9175,4.901166666666667,46.874998974609404,52393759.4,4.917166666666666,True,True,5.01
2026-06-15,4.91,5.01,4.9,4.91,62327140.0,316900499.0,23246718350.0,0.0026811156336825495,4.862,4.879,4.917,4.898833333333333,47.69230666508877,52969646.7,4.9141666666666675,True,True,5.01
2026-06-16,4.91,4.92,4.8,4.81,58999101.0,293733401.0,23246718350.0,0.0025379539645861457,4.862,4.859999999999999,4.907,4.895166666666666,43.66197097004561,52667628.3,4.910833333333333,True,True,5.01
2026-06-17,4.8,4.83,4.77,4.83,48267997.0,238322459.0,23246718350.0,0.002076335948725425,4.856,4.85,4.9,4.8919999999999995,46.47887232295184,53018961.45,4.907333333333333,True,True,5.0
2026-06-18,4.82,4.82,4.75,4.75,51378020.0,252133435.0,23246718350.0,0.002210119261844113,4.840000000000001,4.839,4.89,4.888333333333334,32.35294051038066,53157057.05,4.903833333333334,True,True,5.0
2026-06-22,4.76,4.77,4.67,4.76,55450117.0,268758256.0,23246718350.0,0.0023852879432335015,4.811999999999999,4.825,4.8795,4.8875,32.35294051038066,53689315.1,4.901166666666667,True,True,5.0
2026-06-23,4.76,4.87,4.75,4.8,64653699.0,321256480.0,23246718350.0,0.002781196813527876,4.79,4.826,4.8725000000000005,4.885166666666667,36.11111040895066,54876516.5,4.898833333333333,True,True,5.0
2026-06-24,4.81,4.84,4.71,4.72,52292500.0,255714930.0,23246718350.0,0.00224945728737665,4.772,4.817,4.8615,4.880333333333334,35.616437673109445,55619155.4,4.895166666666666,True,True,5.0
2026-06-25,4.72,4.75,4.66,4.7,51255682.0,247946695.0,23246718350.0,0.002204856669586656,4.746,4.801,4.8515,4.875666666666667,38.235293330449856,55899412.1,4.8919999999999995,True,True,5.0
2026-06-26,4.7,4.7,4.61,4.63,46242900.0,220912555.0,23246718350.0,0.0019892227067826113,4.7219999999999995,4.781000000000001,4.839,4.870833333333334,30.985914881967886,56252528.65,4.888333333333334,True,True,5.0
2026-06-29,4.59,4.71,4.51,4.7,57311322.0,272164867.0,23246718350.0,0.002465351071799775,4.71,4.761,4.8245000000000005,4.866666666666666,43.283581185119225,55691745.45,4.8875,True,True,5.0
2026-06-30,4.67,4.68,4.58,4.59,48194396.0,228072396.0,23246718350.0,0.002073169867436364,4.668,4.729,4.804,4.860666666666668,35.52631513504163,55095022.3,4.885166666666667,True,True,5.0
2026-07-01,4.59,4.72,4.58,4.68,54084914.0,258973912.0,23246718350.0,0.0023265612455789916,4.66,4.716,4.788,4.856999999999999,38.749999321874995,54828522.95,4.880333333333334,True,True,5.0
2026-07-02,4.67,4.74,4.65,4.7,42970318.0,207470259.0,23246718350.0,0.001848446621714243,4.66,4.703,4.7765,4.853,41.77215115846823,53794212.75,4.875666666666667,True,True,4.93
2026-07-03,4.7,4.77,4.69,4.73,51054057.0,248543749.0,23246718350.0,0.002196183402376878,4.680000000000001,4.701,4.7700000000000005,4.850499999999999,38.66666594488893,53375665.6,4.870833333333334,True,True,4.91
2026-07-06,4.74,4.86,4.7,4.85,71634273.0,353766154.0,23246718350.0,0.003081478939155298,4.709999999999999,4.71,4.7675,4.8505,46.5116271498107,54645459.25,4.866666666666666,True,True,4.91
2026-07-07,4.85,4.89,4.79,4.87,77576103.0,387617144.0,23246718350.0,0.0033370775965890255,4.766,4.7170000000000005,4.7715000000000005,4.849666666666667,53.84615287968445,54279100.7,4.860666666666668,False,True,4.91
2026-07-08,4.86,4.95,4.82,4.93,71591301.0,362378455.0,23246718350.0,0.0030796304201792853,4.816,4.738,4.7775,4.850666666666667,56.09756001784651,55644155.75,4.856999999999999,False,False,4.91
2026-07-09,4.92,4.96,4.87,4.93,52139972.0,264022316.0,23246718350.0,0.002242896017192035,4.862,4.761,4.781000000000001,4.851833333333333,62.16216098612125,55814136.85,4.853,False,False,4.93
2026-07-10,4.9,4.95,4.86,4.92,52182174.0,263637032.0,23246718350.0,0.0022447114132132977,4.9,4.79,4.7855,4.853,60.81080966033604,56805989.3,4.850499999999999,False,False,4.93
2026-07-13,4.91,4.98,4.9,4.96,65815433.0,335320958.0,23246718350.0,0.0028311709209485046,4.922,4.816000000000001,4.7885,4.854666666666668,60.81080966033604,56771070.95,4.8505,False,False,4.93
2026-07-14,4.95,5.06,4.94,5.05,106963143.0,551731345.0,23246718350.0,0.004601214734465951,4.958,4.862,4.7955,4.8580000000000005,71.99999865600003,59002871.1,4.849666666666667,False,False,4.96
2026-07-15,5.05,5.11,5.02,5.1,67380626.0,351930415.0,23246718350.0,0.0028985005533049787,4.992,4.904,4.81,4.862333333333334,75.64102428336619,59421947.35,4.850666666666667,False,False,5.05
2026-07-16,5.09,5.11,5.0,5.03,55718052.0,288577635.0,23246718350.0,0.002396813656065997,5.0120000000000005,4.937,4.819999999999999,4.866333333333333,75.64102428336628,59794450.1,4.851833333333333,False,False,5.1
2026-07-17,5.03,5.09,5.0,5.03,57225400.0,296679687.0,23246718350.0,0.0024616549802178853,5.034,4.9670000000000005,4.834,4.8709999999999996,73.23943517556047,60086819.1,4.853,False,False,5.1
2026-07-20,5.02,5.1,5.01,5.08,72071956.0,375177792.0,23246718350.0,0.0031003066718877335,5.058000000000001,4.99,4.85,4.875833333333333,87.69230580355044,60917911.05,4.854666666666668,False,False,5.1
2026-07-21,5.11,5.15,5.05,5.08,99642501.0,522551228.0,23246718350.0,0.00428630396341512,5.064,5.011,4.864,4.881166666666667,85.71428357142874,62667351.15,4.8580000000000005,False,False,5.1
2026-07-22,5.07,5.11,5.03,5.11,65911980.0,343795428.0,23246718350.0,0.002835324066289124,5.066,5.029,4.8835,4.886666666666667,85.96491016928302,63348325.15,4.862333333333334,False,False,5.1
2026-07-23,5.11,5.19,5.1,5.18,52654690.0,271404027.0,23246718350.0,0.0022650375509883527,5.095999999999999,5.054,4.9075,4.893666666666666,86.88524390755187,63418275.55,4.866333333333333,False,False,5.11
2026-07-24,5.17,5.22,5.12,5.14,38268401.0,197747341.0,23246718350.0,0.0016461850840120838,5.118,5.076,4.933,4.900333333333334,77.35848852260605,63019550.6,4.8709999999999996,False,False,5.18
2026-07-27,5.14,5.19,5.11,5.14,44742313.0,230367717.0,23246718350.0,0.0019246722193801604,5.13,5.093999999999999,4.955,4.906666666666667,76.47058613610162,62391100.15,4.875833333333333,False,False,5.18
2026-07-28,5.15,5.17,5.09,5.16,45634999.0,233938296.0,23246718350.0,0.001963072736242791,5.146,5.1049999999999995,4.9835,4.912833333333333,74.46808288818487,62263130.3,4.881166666666667,False,False,5.18
2026-07-29,5.16,5.2,5.14,5.17,52650018.0,272341409.0,23246718350.0,0.0022648365763849846,5.1579999999999995,5.112,5.008,4.918,74.99999781250015,62191385.5,4.886666666666667,False,False,5.18
2026-07-30,5.17,5.28,5.16,5.27,74907670.0,391762584.0,23246718350.0,0.0032222900829355127,5.175999999999999,5.136,5.036499999999999,4.9238333333333335,80.70175240381666,63788253.1,4.893666666666666,False,False,5.18
2026-07-31,5.21,5.3,5.15,5.29,70363662.0,368585371.0,23246718350.0,0.0030268212889498014,5.206,5.162,5.064500000000001,4.930000000000001,79.99999796363649,64753733.35,4.900333333333334,False,False,5.27
2026-08-03,5.26,5.33,5.25,5.29,61617722.0,325549141.0,23246718350.0,0.002650598724185085,5.236,5.183,5.086499999999999,4.935333333333333,76.0869542060493,64252905.8,4.906666666666667,False,False,5.29
2026-08-04,5.28,5.29,5.17,5.19,58773304.0,305438728.0,23246718350.0,0.0025282408946981543,5.242,5.194,5.1025,4.939000000000001,58.82352779700129,63312765.85,4.912833333333333,False,False,5.29
2026-08-05,5.2,5.2,5.12,5.17,54688875.0,282078601.0,23246718350.0,0.002352541729830869,5.241999999999999,5.2,5.1145000000000005,4.941833333333333,65.21738931947073,62467644.55,4.918,False,False,5.29
2026-08-06,5.17,5.24,5.14,5.2,50941198.0,263891929.0,23246718350.0,0.002191328566597444,5.228,5.202,5.127999999999999,4.9455,67.346936851312,62407705.85,4.9238333333333335,False,False,5.29
2026-08-07,5.19,5.21,5.14,5.16,40292420.0,208352491.0,23246718350.0,0.0017332519538182471,5.202,5.204,5.140000000000001,4.948666666666667,58.333331631944496,61813218.15,4.930000000000001,False,False,5.29
