日期,开盘,最高,最低,收盘,成交量,amount,outstanding_share,turnover,MA5,MA10,MA20,MA60,RSI14,Vol_MA20,MA60_prev5,MA20_prev5,MA20_break_1,MA20_break_2,High_20,成交额估算,Amount_MA20
2021-04-12,3.68,3.81,3.68,3.79,8398950.0,46631254.0,1440691028.0,0.0058298065558578605,3.758,3.7949999999999995,3.7689999999999997,3.6310000000000002,49.99999879310348,7210922.0,3.6043333333333334,3.7465,True,True,3.87,31832020.5,27214114.7415
2021-04-13,3.79,3.79,3.71,3.72,5653318.0,31161276.0,1440691028.0,0.003924032211020336,3.7440000000000007,3.7830000000000004,3.7700000000000005,3.6348333333333334,46.031745008818376,7179934.05,3.610666666666667,3.752,False,True,3.87,21030342.96,27105112.6445
2021-04-14,3.75,3.78,3.7,3.77,7910370.0,43845355.0,1440691028.0,0.005490677630568266,3.7440000000000007,3.777,3.771,3.6395,49.99999897058826,7281398.4,3.616333333333333,3.7555,True,False,3.87,29822094.9,27493514.327
2021-04-15,3.72,3.72,3.58,3.61,7631157.0,38398057.0,1440691028.0,0.005296872717111139,3.718,3.751,3.7655000000000003,3.642333333333333,45.3333324871111,7403810.75,3.6214999999999997,3.7625,True,True,3.87,27548476.77,27906916.905500002
2021-04-16,3.6,3.63,3.59,3.61,3509994.0,17605439.0,1440691028.0,0.002436326687529007,3.7,3.729,3.7565000000000004,3.6446666666666663,44.594593750913084,7148674.25,3.6266666666666665,3.7655000000000003,True,True,3.87,12671078.34,26908359.6245
2021-04-19,3.61,3.63,3.6,3.61,3706517.0,18602291.0,1440691028.0,0.002572735533131952,3.664,3.711,3.7485,3.6456666666666666,30.508473852341282,7039960.1,3.6310000000000002,3.7689999999999997,True,True,3.87,13380526.37,26468855.143
2021-04-20,3.61,3.63,3.59,3.59,4343702.0,21716839.0,1440691028.0,0.0030150128761681993,3.6380000000000003,3.6910000000000003,3.7385000000000006,3.6465000000000005,29.999999299999985,6932262.8,3.6348333333333334,3.7700000000000005,True,True,3.87,15593890.18,26017245.356
2021-04-21,3.59,3.59,3.54,3.55,2457859.0,12146458.0,1440691028.0,0.0017060278381909935,3.594,3.6689999999999996,3.7275,3.646333333333333,23.333332788888868,6477971.05,3.6395,3.771,True,True,3.87,8725399.45,24277529.0095
2021-04-22,3.55,3.57,3.54,3.54,2338357.0,11536152.0,1440691028.0,0.0016230801431769588,3.5799999999999996,3.6489999999999996,3.7159999999999997,3.6460000000000004,24.561402905509368,6181688.85,3.642333333333333,3.7655000000000003,True,True,3.87,8277783.78,23133654.009999998
2021-04-23,3.54,3.56,3.46,3.48,5516138.0,26756581.0,1440691028.0,0.0038288140154920155,3.554,3.6270000000000002,3.7060000000000004,3.645,23.728812996265432,6146146.95,3.6446666666666663,3.7565000000000004,True,True,3.87,19196160.24,22947698.438
2021-04-26,3.48,3.49,3.43,3.49,2486751.0,11943863.0,1440691028.0,0.0017260821034279393,3.53,3.597,3.6959999999999993,3.6431666666666667,24.999999416666668,5881574.9,3.6456666666666666,3.7485,True,True,3.87,8678760.99,21946560.0635
2021-04-27,3.51,3.51,3.44,3.45,2425240.0,11669053.0,1440691028.0,0.0016833866199380538,3.5020000000000002,3.5699999999999994,3.6765,3.6398333333333333,24.193547840790856,5465504.35,3.6465000000000005,3.7385000000000006,True,True,3.87,8367078.0,20301556.971499998
2021-04-28,3.44,3.48,3.42,3.47,1382140.0,6639286.0,1440691028.0,0.0009593590666825475,3.4859999999999998,3.54,3.6585,3.6381666666666663,27.86885181940339,5100686.05,3.646333333333333,3.7275,True,True,3.87,4796025.8,18879424.3625
2021-04-29,3.48,3.5,3.46,3.48,1796460.0,8692210.0,1440691028.0,0.0012469432828313553,3.474,3.527,3.6390000000000002,3.637166666666667,31.034482009512473,4647051.3,3.6460000000000004,3.7159999999999997,True,True,3.87,6251680.8,17088826.91
2021-04-30,3.48,3.51,3.47,3.48,1685592.0,8159943.0,1440691028.0,0.0011699885452469132,3.474,3.5140000000000002,3.6215,3.636666666666667,18.367346413994156,4433992.95,3.645,3.7060000000000004,True,True,3.83,5865860.16,16243315.5695
2021-05-06,3.49,3.53,3.48,3.53,2598653.0,12685818.0,1440691028.0,0.0018037545521523161,3.482,3.5060000000000002,3.6085000000000003,3.636166666666667,29.787233155273853,4301911.7,3.6431666666666667,3.6959999999999993,True,True,3.79,9173245.09,15708945.143000001
2021-05-07,3.51,3.56,3.51,3.54,2225883.0,10926253.0,1440691028.0,0.0015450106627581497,3.5,3.501,3.596,3.635166666666666,23.25581319632238,4246283.0,3.6398333333333333,3.6765,True,True,3.79,7879625.82,15470288.8325
2021-05-10,3.54,3.55,3.5,3.52,2088300.0,10203720.0,1440691028.0,0.0014495127403542072,3.5100000000000002,3.498,3.5835,3.6335,34.48275695600488,4133149.6,3.6381666666666663,3.6585,True,True,3.79,7350816.0,15017672.164500002
2021-05-11,3.51,3.59,3.5,3.56,3857277.0,19094808.0,1360961519.0,0.002834229290211107,3.526,3.5,3.5744999999999996,3.6338333333333335,42.42424062442618,4032992.9,3.637166666666667,3.6390000000000002,True,True,3.79,13731906.120000001,14608370.613499999
2021-05-12,3.59,3.63,3.58,3.6,3523680.0,17607722.0,1360961519.0,0.002589110677125618,3.55,3.5120000000000005,3.5695,3.636166666666667,48.64864680788907,3776816.9,3.636666666666667,3.6215,True,True,3.79,12685248.0,13642901.0135
2021-05-13,3.57,3.62,3.55,3.55,2043285.0,10160918.0,1360961519.0,0.0015013539850130032,3.554,3.518,3.5575,3.6383333333333336,44.99999842500006,3459033.65,3.636166666666667,3.6085000000000003,False,True,3.79,7253661.75,12413983.076000001
2021-05-14,3.55,3.61,3.54,3.6,2817431.0,14032742.0,1360961519.0,0.0020701768276814884,3.5660000000000003,3.533,3.5514999999999994,3.6408333333333336,56.09755906008338,3317239.3,3.635166666666666,3.596,True,False,3.77,10142751.6,11869603.508
2021-05-17,3.61,3.62,3.56,3.58,3098484.0,15420978.0,1360961519.0,0.002276687442475734,3.5780000000000003,3.5439999999999996,3.5420000000000003,3.6424999999999996,54.761902936507994,3076645.0,3.6335,3.5835,False,True,3.77,11092572.72,10933127.399
2021-05-18,3.55,3.56,3.5,3.54,2338916.0,11449248.0,1360961519.0,0.0017185761444001562,3.5740000000000003,3.55,3.5385,3.6438333333333337,57.49999798750006,2812032.95,3.6338333333333335,3.5744999999999996,False,False,3.61,8279762.64,9969691.692499999
2021-05-19,3.52,3.53,3.49,3.51,2664846.0,12972063.0,1360961519.0,0.0019580612403780977,3.556,3.553,3.5335,3.644,52.38095063492064,2769775.55,3.636166666666667,3.5695,False,False,3.61,9353609.459999999,9803818.2485
2021-05-20,3.51,3.51,3.48,3.49,1766103.0,8562403.0,1360961519.0,0.001297687682821251,3.5439999999999996,3.5489999999999995,3.5275,3.6425,54.999998075000065,2672754.85,3.6383333333333336,3.5575,True,False,3.61,6163699.470000001,9442976.9035
2021-05-21,3.48,3.53,3.46,3.51,1795340.0,8708839.0,1360961519.0,0.0013191702887523009,3.526,3.5460000000000003,3.5235,3.6408333333333336,54.99999807500002,2545336.75,3.6408333333333336,3.5514999999999994,True,True,3.6,6301643.399999999,8978364.5645
2021-05-24,3.51,3.54,3.5,3.54,1862116.0,9124030.0,1360961519.0,0.0013682355996135994,3.518,3.5480000000000005,3.5229999999999997,3.6395,57.1428552380953,2515549.6,3.6424999999999996,3.5420000000000003,True,True,3.6,6591890.64,8871689.124
2021-05-25,3.52,3.53,3.48,3.51,2272365.0,11059938.0,1360961519.0,0.0016696761578311751,3.5119999999999996,3.543,3.5215000000000005,3.638333333333333,53.3333316740741,2512250.0,3.6438333333333337,3.5385,False,True,3.6,7976001.149999999,8856599.9925
2021-05-26,3.51,3.54,3.51,3.53,2733810.0,13387888.0,1360961519.0,0.0020087342381353546,3.5159999999999996,3.536,3.524,3.6381666666666663,49.99999833333339,2373133.6,3.644,3.5335,True,False,3.6,9650349.299999999,8379309.445499999
2021-05-27,3.53,3.56,3.51,3.54,2164662.0,10636266.0,1360961519.0,0.001590538725584643,3.526,3.535,3.5265,3.6390000000000002,49.99999833333339,2357029.15,3.6425,3.5275,False,True,3.6,7662903.48,8328516.57
2021-05-28,3.53,3.55,3.5,3.51,2449340.0,11960242.0,1360961519.0,0.0017997128984217812,3.526,3.526,3.5295,3.6388333333333334,48.83720771227693,2358234.15,3.6408333333333336,3.5235,False,False,3.6,8597183.4,8340021.840000001
2021-05-31,3.52,3.57,3.51,3.57,4767084.0,23439813.0,1360961519.0,0.0035027323943021787,3.532,3.525,3.5345,3.637833333333333,51.11110952098768,2527481.35,3.6395,3.5229999999999997,True,False,3.6,17018489.88,8951145.044
2021-06-01,3.56,3.58,3.53,3.54,2827504.0,13910897.0,1360961519.0,0.0020775782125548843,3.5379999999999994,3.525,3.5375,3.6363333333333334,43.18181680785129,2579033.55,3.638333333333333,3.5215000000000005,False,True,3.6,10009364.16,9139029.212
2021-06-02,3.53,3.54,3.51,3.51,3149510.0,15373202.0,1360961519.0,0.0023141800528748086,3.534,3.525,3.539,3.6345,45.23809373015879,2652229.45,3.6381666666666663,3.524,False,False,3.6,11054780.1,9398475.208999999
2021-06-03,3.51,3.55,3.51,3.53,4143793.0,20302112.0,1360961519.0,0.003044753978822821,3.532,3.529,3.539,3.631333333333333,41.02563955292574,2729486.45,3.6390000000000002,3.5265,True,False,3.6,14627589.29,9671192.419
2021-06-04,3.54,3.54,3.49,3.49,3135380.0,15330034.0,1360961519.0,0.002303797687317271,3.528,3.5269999999999997,3.5365,3.6281666666666665,39.02438891136235,2774961.3,3.6388333333333334,3.5295,True,True,3.6,10942476.200000001,9824334.938
2021-06-07,3.49,3.51,3.48,3.49,1907540.0,9276734.0,1360961519.0,0.001401612002521285,3.5119999999999996,3.522,3.5349999999999993,3.6246666666666667,43.24324160701251,2765923.3,3.637833333333333,3.5345,True,True,3.6,6657314.600000001,9789659.867999999
2021-06-08,3.5,3.51,3.47,3.5,2776632.0,13447751.0,1360961519.0,0.002040198757449218,3.504,3.521,3.532,3.6229999999999998,48.57142662857154,2711891.05,3.6363333333333334,3.5375,True,True,3.6,9718212.0,9588975.161999999
2021-06-09,3.48,3.52,3.47,3.52,2608124.0,12688522.0,1360961519.0,0.0019163833536721769,3.5060000000000002,3.5200000000000005,3.528,3.6210000000000004,54.28571211428577,2666113.25,3.6345,3.539,True,True,3.6,9180596.48,9413742.586
2021-06-10,3.5,3.54,3.49,3.54,3551343.0,17401264.0,1360961519.0,0.0026094367477850784,3.508,3.5199999999999996,3.5275,3.618,54.28571211428583,2741516.15,3.631333333333333,3.539,True,True,3.6,12571754.22,9679647.2095
2021-06-11,3.56,3.59,3.54,3.54,5289153.0,26204778.0,1360961519.0,0.0038863354519283804,3.518,3.5230000000000006,3.5245000000000006,3.615333333333333,49.9999978125001,2865102.25,3.6281666666666665,3.5365,False,True,3.6,18723601.62,10108689.710499998
2021-06-15,3.54,3.55,3.49,3.5,2205704.0,10750565.0,1360961519.0,0.0016206953460526168,3.5200000000000005,3.5159999999999996,3.5204999999999997,3.6111666666666666,48.48484642791564,2820463.25,3.6246666666666667,3.5349999999999993,False,False,3.58,7719964.0,9940059.274500001
2021-06-16,3.49,3.52,3.44,3.47,4942499.0,23825392.0,1360961519.0,0.00363162288646605,3.5140000000000002,3.5090000000000003,3.5170000000000003,3.6069999999999998,41.17646889273369,2950642.4,3.6229999999999998,3.532,True,False,3.57,17150471.53,10383594.719
2021-06-17,3.47,3.47,3.36,3.38,4790237.0,22664935.0,1360961519.0,0.0035197446313689636,3.4859999999999998,3.496,3.5104999999999995,3.600166666666667,30.95237992063494,3056911.95,3.6210000000000004,3.528,True,True,3.57,16191001.059999999,10725464.298999999
2021-06-18,3.38,3.38,3.32,3.34,3755936.0,17426885.0,1360961519.0,0.0027597664941766808,3.446,3.4770000000000003,3.503,3.5929999999999995,30.232557155219055,3156403.6,3.618,3.5275,True,True,3.57,12544826.24,11044520.6375
2021-06-21,3.33,3.34,3.32,3.33,2678091.0,12382004.0,1360961519.0,0.0019677933303858535,3.404,3.461,3.4939999999999998,3.5853333333333333,18.4210519529086,3200541.15,3.615333333333333,3.5245000000000006,True,True,3.57,8918043.03,11175340.618999999
2021-06-22,3.33,3.38,3.33,3.36,2652763.0,12354859.0,1360961519.0,0.0019491829584933327,3.376,3.4480000000000004,3.4850000000000003,3.5785,26.31578850415511,3240073.5,3.6111666666666666,3.5204999999999997,True,True,3.57,8913283.68,11291410.271000002
2021-06-23,3.37,3.37,3.34,3.36,1984895.0,9238288.0,1360961519.0,0.0014584504942200354,3.354,3.434,3.4775,3.5716666666666668,28.57142742857144,3225700.0,3.6069999999999998,3.5170000000000003,True,True,3.57,6669247.2,11226072.5735
2021-06-24,3.35,3.36,3.33,3.35,2210765.0,10249936.0,1360961519.0,0.0016244140404678114,3.3480000000000003,3.4170000000000003,3.4685,3.5661666666666667,23.529410795847753,3199547.75,3.600166666666667,3.5104999999999995,True,True,3.57,7406062.75,11113858.246
2021-06-25,3.34,3.36,3.33,3.36,2317080.0,10770311.0,1360961519.0,0.0017025316055244027,3.3520000000000003,3.399,3.4595000000000007,3.560666666666667,29.032256753381844,3207168.65,3.5929999999999995,3.503,True,True,3.57,7785388.8,11119982.512
2021-06-28,3.36,3.41,3.35,3.39,2783240.0,13098796.0,1360961519.0,0.002045054148220924,3.364,3.3840000000000003,3.4534999999999996,3.553166666666667,35.29411619377164,3223863.65,3.5853333333333333,3.4939999999999998,True,True,3.57,9435183.6,11161882.522
2021-06-29,3.41,3.41,3.33,3.36,2349676.0,10961372.0,1360961519.0,0.0017264823194460945,3.364,3.37,3.4430000000000005,3.5453333333333332,30.555554367283975,3102993.25,3.5785,3.4850000000000003,True,True,3.57,7894911.359999999,10705703.595999999
2021-06-30,3.35,3.36,3.33,3.35,1664850.0,7725098.0,1360961519.0,0.0012232895469544867,3.3619999999999997,3.3579999999999997,3.4335,3.5366666666666666,25.71428468571432,3044860.55,3.5716666666666668,3.4775,True,True,3.54,5577247.5,10484097.763
2021-07-01,3.35,3.35,3.33,3.33,2149104.0,9946441.0,1360961519.0,0.0015791071018518637,3.3579999999999997,3.353,3.4244999999999997,3.5283333333333338,19.999999200000005,2994840.25,3.5661666666666667,3.4685,True,True,3.54,7156516.32,10289184.574000001
2021-07-02,3.33,3.36,3.33,3.33,1849542.0,8575513.0,1360961519.0,0.0013589965433842659,3.3520000000000003,3.3519999999999994,3.4144999999999994,3.5206666666666666,19.999999200000005,2880127.7,3.560666666666667,3.4595000000000007,True,True,3.54,6158974.86,9865753.8525
2021-07-05,3.31,3.34,3.31,3.33,2215066.0,10214690.0,1360961519.0,0.001627574306162289,3.34,3.3520000000000003,3.4065,3.513,22.580644141519272,2834112.0,3.553166666666667,3.4534999999999996,True,True,3.54,7376169.78,9687438.5315
2021-07-06,3.31,3.35,3.31,3.33,1805350.0,8347767.0,1360961519.0,0.0013265253828238475,3.3340000000000005,3.349,3.3985,3.505666666666667,24.999998750000017,2829002.5,3.5453333333333332,3.4430000000000005,True,True,3.54,6011815.5,9655163.5765
2021-07-07,3.33,3.33,3.32,3.32,1672600.0,7721057.0,1360961519.0,0.0012289840503565332,3.3280000000000003,3.345,3.3895000000000004,3.4986666666666664,34.999997550000145,2773800.9,3.5366666666666666,3.4335,True,True,3.54,5553032.0,9446904.5765
2021-07-08,3.32,3.33,3.28,3.28,3250906.0,14888562.0,1360961519.0,0.002388683261514024,3.318,3.338,3.3775,3.4916666666666667,34.999997550000145,2805940.0,3.5283333333333338,3.4244999999999997,True,True,3.54,10662971.68,9521023.3365
2021-07-09,3.28,3.28,3.24,3.27,3157761.0,14265450.0,1360961519.0,0.002320242678367749,3.3059999999999996,3.3289999999999997,3.364,3.4829999999999997,34.999997550000145,2786260.9,3.5206666666666666,3.4144999999999994,True,True,3.54,10325878.47,9408729.548999999
2021-07-12,3.28,3.29,3.25,3.26,2898933.0,13176900.0,1360961519.0,0.002130062429781308,3.2920000000000003,3.316,3.35,3.475333333333333,22.222220493827294,2666749.9,3.513,3.4065,True,True,3.54,9450521.58,8945075.547000002
2021-07-13,3.29,3.36,3.28,3.34,3733224.0,17219799.0,1360961519.0,0.0027430782927228376,3.2939999999999996,3.314,3.3419999999999996,3.468166666666667,46.15384366863918,2743125.9,3.505666666666667,3.3985,True,True,3.5,12468968.16,9182525.754999999
2021-07-14,3.33,3.36,3.32,3.33,2051085.0,9510110.0,1360961519.0,0.0015070852271466758,3.2960000000000003,3.312,3.335,3.4635000000000002,46.15384366863918,2598555.2,3.4986666666666664,3.3895000000000004,True,True,3.47,6830113.05,8666507.830999998
2021-07-15,3.32,3.35,3.28,3.34,2018480.0,9325684.0,1360961519.0,0.0014831279002532915,3.308,3.313,3.3329999999999997,3.4590000000000005,46.15384366863918,2459967.35,3.4916666666666667,3.3775,True,True,3.39,6741723.199999999,8194043.938000001
2021-07-16,3.34,3.39,3.34,3.36,2605543.0,12186112.0,1360961519.0,0.0019144869003456372,3.3259999999999996,3.316,3.3339999999999996,3.454833333333333,43.999997536000095,2402447.7,3.4829999999999997,3.364,False,True,3.39,8754624.48,8004533.85
2021-07-19,3.36,3.43,3.33,3.41,5660869.0,26613557.0,1360961519.0,0.00415946293923098,3.3560000000000003,3.3240000000000003,3.338,3.451833333333333,59.25925618655713,2551586.6,3.475333333333333,3.35,False,False,3.39,19303563.29,8523809.863
2021-07-20,3.39,3.42,3.38,3.42,1805800.0,8536280.0,1360961519.0,0.0013268560314084825,3.372,3.3329999999999997,3.3409999999999997,3.449666666666667,62.96295969821688,2509238.45,3.468166666666667,3.3419999999999996,False,False,3.41,6175836.0,8386937.478999999
2021-07-21,3.41,3.42,3.39,3.41,1621800.0,7672587.0,1360961519.0,0.0011916574990244084,3.3879999999999995,3.342,3.3435,3.4475,65.38461186390555,2491083.7,3.4635000000000002,3.335,False,False,3.42,5530338.0,8329992.018999999
2021-07-22,3.39,3.39,3.35,3.37,2204272.0,10297851.0,1360961519.0,0.0016196431487788452,3.3939999999999997,3.351,3.3445,3.445666666666667,56.666664022222356,2490759.05,3.4590000000000005,3.3329999999999997,False,False,3.42,7428396.640000001,8331108.713500001
2021-07-23,3.36,3.37,3.33,3.36,2074369.0,9625305.0,1360961519.0,0.0015241937196903213,3.3939999999999997,3.3600000000000003,3.3445,3.4435,54.838707200832545,2478623.5,3.454833333333333,3.3339999999999996,False,False,3.42,6969879.84,8290333.2655
2021-07-26,3.34,3.34,3.29,3.3,3166702.0,14550877.0,1360961519.0,0.0023268122983571295,3.372,3.364,3.34,3.4410000000000003,45.94594420745073,2497796.6,3.451833333333333,3.338,False,False,3.42,10450116.6,8341079.9155
2021-07-27,3.3,3.33,3.29,3.3,1488391.0,6850991.0,1360961519.0,0.0010936319500742622,3.348,3.3600000000000003,3.3369999999999997,3.4381666666666666,47.22222038580254,2454732.35,3.449666666666667,3.3409999999999997,True,False,3.42,4911690.3,8191918.8625
2021-07-28,3.3,3.31,3.26,3.29,2456514.0,11243194.0,1360961519.0,0.001804984171635495,3.3240000000000003,3.3560000000000003,3.3339999999999996,3.435,51.51514932966037,2494315.55,3.4475,3.3435,True,True,3.42,8081931.0600000005,8317153.0405
2021-07-29,3.28,3.31,3.28,3.31,1419269.0,6504807.0,1360961519.0,0.0010428428579250667,3.312,3.353,3.3329999999999997,3.432166666666667,55.88235064013851,2457823.8,3.445666666666667,3.3445,True,True,3.42,4697780.39,8194216.244
2021-07-30,3.31,3.32,3.23,3.25,4977207.0,22477466.0,1360961519.0,0.0036571254444116284,3.29,3.342,3.3289999999999997,3.4275,48.717946969099366,2614207.05,3.4435,3.3445,True,True,3.42,16175922.75,8695063.638500001
2021-08-02,3.25,3.3,3.2,3.29,3094240.0,13978079.0,1360961519.0,0.0022735690589353098,3.2880000000000003,3.3299999999999996,3.3269999999999995,3.4233333333333333,42.85714114285722,2658165.75,3.4410000000000003,3.34,True,True,3.42,10180049.6,8835257.6295
2021-08-03,3.3,3.6,3.3,3.48,15225443.0,73948614.0,1360961519.0,0.011187269285311807,3.3240000000000003,3.336,3.3345,3.4226666666666663,64.15094170167323,3329170.4,3.4381666666666666,3.3369999999999997,True,True,3.42,52984541.64,11183893.936500002
2021-08-04,3.41,3.46,3.37,3.41,8866729.0,41819823.0,1360961519.0,0.006515047542648412,3.3480000000000003,3.336,3.339,3.4201666666666664,55.93220206262575,3688876.85,3.435,3.3339999999999996,False,True,3.48,30235545.89,12418019.631000001
2021-08-05,3.38,3.5,3.38,3.44,4752014.0,22664864.0,1360961519.0,0.00349165934059007,3.374,3.343,3.347,3.4174999999999995,56.666665344444496,3763932.25,3.432166666666667,3.3329999999999997,False,False,3.48,16346928.16,12702217.455
2021-08-06,3.45,3.45,3.38,3.41,3037420.0,14354711.0,1360961519.0,0.002231819164315402,3.406,3.348,3.354,3.4151666666666665,49.99999879310348,3757915.2,3.4275,3.3289999999999997,False,False,3.48,10357602.200000001,12703803.6415
2021-08-09,3.44,3.52,3.41,3.5,5409180.0,26181759.0,1360961519.0,0.0039745282467461155,3.4480000000000004,3.368,3.3660000000000005,3.4135,56.060604871441726,3883427.55,3.4233333333333333,3.3269999999999995,False,False,3.48,18932130.0,13177884.0625
2021-08-10,3.49,3.5,3.45,3.48,3552340.0,17114066.0,1360961519.0,0.0026101693180937027,3.4480000000000004,3.386,3.3729999999999998,3.4118333333333335,55.22387944308311,3874383.35,3.4226666666666663,3.3345,False,False,3.5,12362143.2,13172542.8145
2021-08-11,3.47,3.47,3.43,3.46,3581336.0,17190259.0,1360961519.0,0.002631474843338315,3.4579999999999997,3.403,3.3795,3.4105,56.92307569704144,3950895.9,3.4201666666666664,3.339,False,False,3.5,12391422.56,13450608.290000001
2021-08-12,3.47,3.51,3.44,3.48,3586280.0,17313407.0,1360961519.0,0.0026351075691215045,3.4659999999999997,3.4200000000000004,3.3865000000000003,3.4099999999999997,59.09090783746561,4029285.9,3.4174999999999995,3.347,False,False,3.5,12480254.4,13737534.85
2021-08-13,3.48,3.5,3.45,3.47,4173855.0,20068378.0,1360961519.0,0.003066842773825701,3.478,3.442,3.3920000000000003,3.4096666666666664,63.9344247621608,4107701.5,3.4151666666666665,3.354,False,False,3.5,14483276.850000001,14023967.4685
2021-08-16,3.49,3.59,3.48,3.56,8522439.0,42047738.0,1360961519.0,0.006262071984417364,3.4899999999999998,3.469,3.3995000000000006,3.4105,68.57142720000007,4250780.0,3.4135,3.3660000000000005,False,False,3.5,30339882.84,14575783.446
2021-08-17,3.56,3.59,3.48,3.49,5800688.0,28454986.0,1360961519.0,0.004262198393575594,3.492,3.47,3.403,3.409666666666667,63.15789357340726,4450524.4,3.4118333333333335,3.3729999999999998,False,False,3.56,20244401.12,15279211.702000001
2021-08-18,3.47,3.54,3.46,3.53,3983010.0,19417135.0,1360961519.0,0.0029266147090820133,3.5060000000000002,3.482,3.4090000000000003,3.4100000000000006,64.10256295200529,4568584.9,3.4105,3.3795,False,False,3.56,14060025.299999999,15705696.067000002
2021-08-19,3.53,3.53,3.47,3.49,2484576.0,12049501.0,1360961519.0,0.0018256034173733313,3.508,3.4869999999999997,3.415,3.4093333333333335,65.78947247229925,4582600.1,3.4099999999999997,3.3865000000000003,False,False,3.56,8671170.24,15767834.747
2021-08-20,3.48,3.49,3.44,3.47,2382094.0,11449717.0,1360961519.0,0.0017503022434831972,3.508,3.493,3.4204999999999997,3.4081666666666663,62.16216098612132,4597986.35,3.4096666666666664,3.3920000000000003,False,False,3.56,8265866.180000001,15832634.064
2021-08-23,3.47,3.58,3.47,3.55,5243716.0,25847020.0,1360961519.0,0.0038529494969504717,3.5060000000000002,3.4979999999999998,3.433,3.4088333333333334,55.555554320987696,4701837.05,3.4105,3.3995000000000006,False,False,3.56,18615191.8,16240887.824000001
2021-08-24,3.56,3.9,3.56,3.9,33498032.0,178934565.0,1360961519.0,0.024613504153014925,3.588,3.54,3.463,3.4143333333333334,76.92307573964504,6302319.1,3.409666666666667,3.403,False,False,3.56,130642324.8,22527419.549000002
2021-08-25,3.92,3.97,3.73,3.97,38933945.0,208315454.0,1360961519.0,0.028607675130012254,3.6760000000000006,3.591,3.497,3.4215,77.89473569418291,8126190.65,3.4100000000000006,3.4090000000000003,False,False,3.9,154567761.65,29851711.078500003
2021-08-26,3.9,3.96,3.84,3.91,20706531.0,111911461.0,1360961519.0,0.015214633706333323,3.7600000000000002,3.6339999999999995,3.5269999999999997,3.428166666666667,75.5102030029155,9090553.75,3.4093333333333335,3.415,False,False,3.97,80962536.21000001,33664948.869500004
2021-08-27,3.9,4.0,3.84,3.86,14013928.0,75893764.0,1360961519.0,0.010297078796391744,3.838,3.6729999999999996,3.5574999999999997,3.4336666666666664,69.14893514033503,9542389.8,3.4081666666666663,3.4204999999999997,False,False,3.97,54093762.08,35560840.836
2021-08-30,3.86,3.91,3.78,3.82,11554778.0,61442980.0,1360961519.0,0.008490157758824921,3.8920000000000003,3.6990000000000003,3.5840000000000005,3.439166666666667,67.70833234592016,9965416.7,3.4088333333333334,3.433,False,False,3.97,44139251.96,37258800.954
2021-08-31,3.83,3.89,3.79,3.87,9247521.0,49288420.0,1360961519.0,0.006794843844515783,3.886,3.7370000000000005,3.6035000000000004,3.4455000000000005,70.70706970717276,9666520.6,3.4143333333333334,3.463,False,False,3.97,35787906.27,36398969.1855
2021-09-01,3.93,3.97,3.79,3.87,12035649.0,64897101.0,1360961519.0,0.008843489571140475,3.8659999999999997,3.771,3.6265,3.4516666666666667,70.10309177170797,9824966.6,3.4215,3.497,False,False,3.97,46577961.63,37216089.972500004
2021-09-02,3.84,3.96,3.82,3.95,16222435.0,88531288.0,1360961519.0,0.011919833715739321,3.874,3.817,3.652,3.458833333333333,73.0769220931953,10398487.65,3.428166666666667,3.5269999999999997,False,False,3.97,64078618.25,39602674.477
2021-09-03,4.0,4.02,3.82,3.87,18036185.0,97810971.0,1360961519.0,0.013252531205476354,3.8760000000000003,3.857,3.675,3.4643333333333337,65.04854280516545,11148425.9,3.4336666666666664,3.5574999999999997,False,False,3.97,69800035.95,42574796.164500006
2021-09-06,3.86,3.96,3.83,3.92,14688735.0,79620958.0,1360961519.0,0.010792909861840113,3.896,3.8940000000000006,3.696,3.470666666666667,71.28712772473287,11612403.65,3.439166666666667,3.5840000000000005,False,False,3.97,57579841.199999996,44507181.7245
2021-09-07,3.95,4.04,3.85,4.01,18141635.0,96566963.0,1360961519.0,0.013330013190475814,3.9239999999999995,3.905,3.7225,3.4791666666666665,72.64150847454611,12341868.4,3.4455000000000005,3.6035000000000004,False,False,3.97,72747956.35,47526472.382
2021-09-08,3.98,4.28,3.95,4.15,24159927.0,134325411.0,1360961519.0,0.017752101483186757,3.9799999999999995,3.9229999999999996,3.757,3.4905,78.44827491527943,13370797.95,3.4516666666666667,3.6265,False,False,4.01,100263697.05000001,51920086.10650001
2021-09-09,4.23,4.56,4.23,4.56,31921298.0,191230219.0,1360961519.0,0.02345496000757976,4.102,3.9880000000000004,3.811,3.510166666666666,85.16128955338188,14787548.85,3.458833333333333,3.652,False,False,4.15,145561118.88,58574129.33050001
2021-09-10,4.76,5.02,4.65,4.68,76165700.0,495698993.0,1360961519.0,0.05596462422829165,4.264,4.07,3.8714999999999997,3.5325,85.53459044183377,18387141.1,3.4643333333333337,3.675,False,False,4.56,356455476.0,75672739.288
2021-09-13,4.56,4.9,4.41,4.74,61381291.0,382863230.0,1360961519.0,0.04510141553825961,4.427999999999999,4.162000000000001,3.9305000000000008,3.556,82.30769142130177,21030083.7,3.470666666666667,3.696,False,False,4.68,290947319.34000003,88703111.113
2021-09-14,4.8,4.99,4.53,4.62,44542800.0,281352947.0,1360961519.0,0.03272891950150723,4.55,4.237,3.9869999999999997,3.5769999999999995,74.07407330589848,22967189.3,3.4791666666666665,3.7225,False,False,4.74,205787736.0,97980277.85700001
2021-09-15,4.54,4.69,4.44,4.57,32888499.0,201732264.0,1360961519.0,0.024165634766929806,4.634,4.307,4.039,3.597166666666667,74.62686489195812,24412463.75,3.4905,3.757,False,False,4.74,150300440.43,104792298.6135
2021-09-16,4.6,4.73,4.45,4.45,34340985.0,212549532.0,1360961519.0,0.025232884633823362,4.612,4.357,4.087000000000001,3.6155,70.92198511141292,26005284.2,3.510166666666666,3.811,False,False,4.74,152817383.25,111999609.26399998
2021-09-17,4.36,4.53,4.28,4.47,27521818.0,163625477.0,1360961519.0,0.02022233370729125,4.57,4.417,4.1370000000000005,3.634,73.3812942249366,27262270.4,3.5325,3.8714999999999997,False,False,4.74,123022526.46,117737442.278
2021-09-22,4.37,4.63,4.33,4.62,33091089.0,200359862.0,1360961519.0,0.024314492759732468,4.546,4.487,4.1905,3.6545,75.16778452862485,28654639.05,3.556,3.9305000000000008,False,False,4.74,152880831.18,124450724.24700001
2021-09-23,4.62,4.67,4.42,4.47,25062429.0,151592770.0,1360961519.0,0.018415237058587254,4.516,4.5329999999999995,4.218999999999999,3.673,68.29268234384294,28232858.9,3.5769999999999995,3.9869999999999997,False,False,4.74,112029057.63,123520060.88850002
2021-09-24,4.44,4.57,4.32,4.37,18480689.0,110655151.0,1360961519.0,0.013579141468730975,4.476,4.555000000000001,4.239,3.69,62.65060188125998,27210196.1,3.597166666666667,4.039,False,False,4.74,80760610.93,119829703.3525
2021-09-27,4.33,4.53,4.26,4.46,23685805.0,140419331.0,1360961519.0,0.017403728664866093,4.478,4.545,4.266500000000001,3.7088333333333328,67.66467009143389,27359159.8,3.6155,4.087000000000001,False,False,4.74,105638690.3,121063511.057
2021-09-28,4.54,4.91,4.44,4.79,53420318.0,333002122.0,1360961519.0,0.03925189452766592,4.542,4.556,4.313000000000001,3.733166666666667,72.30769178856016,29329479.3,3.634,4.1370000000000005,False,False,4.74,255883323.22,131152989.11400001
2021-09-29,4.59,4.63,4.32,4.33,35568429.0,212599806.0,1360961519.0,0.02613477934786487,4.484,4.515,4.3385,3.749833333333333,56.89655138079668,30530161.85,3.6545,4.1905,False,False,4.79,154011297.57,136646591.39450002
2021-09-30,4.24,4.36,4.15,4.32,18165110.0,104023362.0,1360961519.0,0.013347262024974271,4.454000000000001,4.485,4.361,3.7663333333333338,53.88127819436626,30976041.3,3.673,4.218999999999999,True,False,4.79,78473275.2,138780859.84100002
2021-10-08,4.42,4.52,4.36,4.41,17399524.0,103533960.0,1360961519.0,0.012784728853160175,4.462000000000001,4.468999999999999,4.388,3.7845000000000004,45.989304468529284,31244235.05,3.69,4.239,True,True,4.79,76731900.84,140288556.80150002
2021-10-11,4.44,4.45,4.0,4.12,20839667.0,115748125.0,1360961519.0,0.015312458661808791,4.394,4.436,4.3965000000000005,3.7985,36.27450955497887,31475096.65,3.7088333333333328,4.266500000000001,False,True,4.79,85859428.04,141377597.291
2021-10-12,4.03,4.14,3.94,4.0,13083787.0,70586044.0,1360961519.0,0.009613634784922968,4.236,4.389,4.4030000000000005,3.810666666666667,32.380952165079364,31227476.75,3.733166666666667,4.313000000000001,True,False,4.79,52335148.0,140504352.89350003
2021-10-13,4.01,4.04,3.77,3.86,12384059.0,64124253.0,1360961519.0,0.009099492400857515,4.142,4.313000000000001,4.4,3.820666666666667,32.075471486294035,31112242.95,3.749833333333333,4.3385,True,True,4.79,47802467.74,140015484.2205
2021-10-14,3.86,3.92,3.83,3.91,7658185.0,39944767.0,1360961519.0,0.005627040069161573,4.0600000000000005,4.257,4.3950000000000005,3.8301666666666665,34.43396203675685,30588070.45,3.7663333333333338,4.361,True,True,4.79,29943503.35,137875261.5705
2021-10-15,3.91,3.98,3.83,3.89,7516821.0,39330104.0,1360961519.0,0.005523169388009713,3.9560000000000004,4.209,4.382,3.8395,36.138613610920494,29755915.15,3.7845000000000004,4.388,True,True,4.79,29240433.69,134324098.40249997
2021-10-18,3.87,4.02,3.84,3.98,8287201.0,44174338.0,1360961519.0,0.00608922506941212,3.928,4.161,4.353,3.8501666666666665,38.27751170531811,28574210.3,3.7985,4.3965000000000005,True,True,4.79,32983059.98,128695195.45750001
2021-10-19,3.99,4.03,3.95,3.99,7570726.0,40674581.0,1360961519.0,0.0055627774145758195,3.9259999999999997,4.0809999999999995,4.3185,3.860666666666667,33.84615360315583,25144461.6,3.810666666666667,4.4030000000000005,True,True,4.79,30207196.740000002,112382781.49450001
2021-10-20,3.95,3.95,3.8,3.9,8280714.0,43260584.0,1360961519.0,0.006084458586370949,3.934,4.038,4.2765,3.868833333333334,34.92063466196356,22489432.75,3.820666666666667,4.4,True,True,4.79,32294784.599999998,99450154.75750001
2021-10-21,3.91,3.96,3.82,3.82,8104585.0,42317655.0,1360961519.0,0.005955043465119457,3.9160000000000004,3.9880000000000004,4.2365,3.8755,35.294117382824794,20667522.0,3.8301666666666665,4.3950000000000005,True,True,4.79,30959514.7,90708743.69250001
2021-10-22,3.9,3.9,3.72,3.72,10301459.0,52534572.0,1360961519.0,0.0075692507511669034,3.882,3.9190000000000005,4.194,3.880666666666667,30.319148710389328,19538170.0,3.8395,4.382,True,True,4.79,38321427.480000004,85109793.045
2021-10-25,3.71,3.85,3.71,3.79,9601299.0,48921739.0,1361295934.0000002,0.007053057869487472,3.844,3.886,4.161,3.8876666666666666,19.135802303764677,18301185.7,3.8501666666666665,4.353,True,True,4.79,36388923.21,79288370.043
2021-10-26,3.8,3.83,3.75,3.8,7808100.0,39776171.0,1361295934.0000002,0.005735784413207539,3.806,3.8659999999999997,4.1274999999999995,3.8950000000000005,27.350427023157266,17315499.8,3.860666666666667,4.3185,True,True,4.79,29670780.0,74620782.72
2021-10-27,3.8,3.8,3.69,3.71,7223620.0,36117796.0,1361295934.0000002,0.005306428837096636,3.768,3.851,4.082,3.9018333333333333,25.599999713279985,16022126.35,3.868833333333334,4.2765,True,True,4.79,26799630.2,68316722.67099999
2021-10-28,3.72,3.74,3.57,3.61,8157847.0,39835470.0,1361295934.0000002,0.005992706505799347,3.726,3.821,4.039,3.9070000000000005,18.253968051146373,15176897.25,3.8755,4.2365,True,True,4.79,29449827.669999998,64187761.173
2021-10-29,3.6,3.66,3.55,3.64,6279311.0,30430922.0,1361295934.0000002,0.004612744990392367,3.71,3.7960000000000003,4.0024999999999995,3.912833333333333,25.999999636000027,14566828.35,3.880666666666667,4.194,True,True,4.79,22856692.04,61292565.22849999
2021-11-01,3.68,3.68,3.57,3.63,5467512.0,26637749.0,1361295934.0000002,0.004016402211629613,3.678,3.761,3.9610000000000007,3.9181666666666666,29.21348268652949,13655913.7,3.8876666666666666,4.161,True,True,4.79,19847068.56,57002984.141499996
2021-11-02,3.64,3.69,3.48,3.53,9635160.0,46185937.0,1361295934.0000002,0.007077931961265961,3.624,3.7150000000000007,3.8980000000000006,3.9228333333333336,30.588234790311432,11466655.8,3.8950000000000005,4.1274999999999995,True,True,4.79,34012114.8,45909423.7205
2021-11-03,3.53,3.6,3.51,3.57,5663764.0,27066206.0,1361295934.0000002,0.004160567778497455,3.595999999999999,3.6819999999999995,3.8600000000000003,3.9275,29.761904265873014,9971422.55,3.9018333333333333,4.082,True,True,4.41,20219637.48,39219840.716000006
2021-11-04,3.57,3.65,3.56,3.63,5801216.0,28059555.0,1361295934.0000002,0.004261539210621046,3.6,3.6629999999999994,3.8254999999999995,3.93,35.227272166838844,9353227.85,3.9070000000000005,4.039,True,True,4.41,21058414.08,36349097.66
2021-11-05,3.63,3.64,3.51,3.55,8908300.0,42524161.0,1361295934.0000002,0.006543984873167188,3.5819999999999994,3.6459999999999995,3.7825,3.9323333333333332,25.28735591491612,8928666.65,3.912833333333333,4.0024999999999995,True,True,4.41,31624465.0,34093725.868
2021-11-08,3.55,3.6,3.53,3.58,6391968.0,30630166.0,1361295934.0000002,0.004695502161104669,3.572,3.625,3.7555,3.9346666666666668,26.966291710642608,8206281.7,3.9181666666666666,3.9610000000000007,True,True,4.12,22883245.44,30944916.737999998
2021-11-09,3.57,3.64,3.54,3.57,5986795.0,28694409.0,1361295934.0000002,0.004397864454357504,3.5799999999999996,3.6020000000000003,3.7339999999999995,3.937333333333333,29.629629117512593,7851432.1,3.9228333333333336,3.8980000000000006,True,True,4.0,21372858.15,29396802.2455
2021-11-10,3.56,3.56,3.45,3.53,7414801.0,34769356.0,1361295934.0000002,0.005446869277139851,3.572,3.5840000000000005,3.7175,3.937833333333333,31.16883060212517,7602969.2,3.9275,3.8600000000000003,True,True,3.99,26174247.529999997,28315391.234999996
2021-11-11,3.51,3.58,3.5,3.54,5568400.0,26468355.0,1361295934.0000002,0.004090513944045909,3.554,3.5770000000000004,3.6990000000000003,3.9388333333333336,36.76470512543255,7498479.95,3.93,3.8254999999999995,True,True,3.99,19712136.0,27803822.8675
2021-11-12,3.54,3.55,3.49,3.5,5765488.0,27168836.0,1361295934.0000002,0.004235293631605013,3.5439999999999996,3.563,3.6795,3.9395000000000002,27.69230709585804,7410913.3,3.9323333333333332,3.7825,True,True,3.99,20179208.0,27350761.582999997
2021-11-15,3.51,3.63,3.51,3.62,10185418.0,49058151.0,1361295934.0000002,0.007482148257118058,3.5519999999999996,3.562,3.6614999999999993,3.9418333333333333,38.157894033933566,7505824.15,3.9346666666666668,3.7555,True,True,3.99,36871213.160000004,27545169.242000002
2021-11-16,3.64,3.64,3.56,3.59,6273663.0,30183293.0,1361295934.0000002,0.004608596002755708,3.556,3.567999999999999,3.6414999999999997,3.943833333333333,41.42857060000003,7440971.0,3.937333333333333,3.7339999999999995,True,True,3.99,22522450.169999998,27160931.9135
2021-11-17,3.6,3.77,3.58,3.71,15998437.0,79504692.0,1361295934.0000002,0.01175235788223547,3.592,3.582,3.6319999999999992,3.9463333333333335,56.944443337191366,7826857.15,3.937833333333333,3.7175,True,True,3.9,59354201.269999996,28513902.747
2021-11-18,3.69,3.8,3.67,3.71,12670126.0,63592145.0,1361295934.0000002,0.009307400164467102,3.6260000000000003,3.59,3.6265,3.95,55.07246265070363,8055134.2,3.9388333333333336,3.6990000000000003,False,True,3.82,47006167.46,29316235.384999998
2021-11-19,3.7,3.75,3.63,3.75,10906293.0,54257637.0,1361295934.0000002,0.008011698799358934,3.6760000000000006,3.6099999999999994,3.628,3.9536666666666664,58.33333219907408,8085375.9,3.9395000000000002,3.6795,False,False,3.8,40898598.75,29445093.948499996
2021-11-22,3.75,3.78,3.71,3.75,9111460.0,45968125.0,1361295934.0000002,0.006693225016273352,3.7019999999999995,3.627,3.626,3.958,67.74193395421437,8060883.95,3.9418333333333333,3.6614999999999993,False,False,3.8,34167975.0,29334046.538
2021-11-23,3.73,3.74,3.68,3.71,9367916.0,46637228.0,1361295934.0000002,0.006881616088041587,3.726,3.6409999999999996,3.6214999999999997,3.962,61.290321196670156,8138874.75,3.943833333333333,3.6414999999999997,False,False,3.8,34754968.36,29588255.956
2021-11-24,3.72,3.74,3.69,3.71,5403428.0,26898607.0,1361295934.0000002,0.003969326481511403,3.726,3.659,3.6215,3.9646666666666666,57.14285571428574,8047865.15,3.9463333333333335,3.6319999999999992,False,False,3.75,20046717.88,29250610.339999996
2021-11-25,3.71,3.74,3.69,3.7,4988959.0,24816526.0,1361295934.0000002,0.0036648599877475278,3.724,3.675,3.6260000000000003,3.9613333333333336,65.30612058309043,7889420.75,3.95,3.6265,False,False,3.75,18459148.3,28701076.371500004
2021-11-26,3.69,3.71,3.66,3.69,4869900.0,24063422.0,1361295934.0000002,0.0035773999454258264,3.7119999999999997,3.694,3.6285000000000003,3.9566666666666666,61.70212582163877,7818950.2,3.9536666666666664,3.628,False,False,3.75,17969931.0,28456738.319500007
2021-11-29,3.65,3.88,3.61,3.86,19680344.0,99917800.0,1361295934.0000002,0.014457065145395487,3.7340000000000004,3.718,3.6399999999999997,3.955833333333333,73.01587139329807,8529591.8,3.958,3.626,False,False,3.75,75966127.84,31262691.283499997
2021-11-30,3.85,4.02,3.82,4.02,18622456.0,98682848.0,1361295934.0000002,0.013679946832192622,3.7959999999999994,3.761,3.6644999999999994,3.9585000000000004,82.66666512355555,8978956.6,3.962,3.6214999999999997,False,False,3.86,74862273.11999999,33305199.199500002
2021-12-01,3.98,4.15,3.97,4.15,16708052.0,92025495.0,1361295934.0000002,0.012273636894591648,3.8840000000000003,3.8050000000000006,3.6935000000000002,3.964,85.0574698956269,9531171.0,3.9646666666666666,3.6215,False,False,4.02,69338415.80000001,35761138.1155
2021-12-02,4.17,4.26,4.1,4.19,17552929.0,98462028.0,1361295934.0000002,0.01289427857793043,3.982,3.853,3.7215000000000003,3.969333333333333,89.65517097106618,10118756.65,3.9613333333333336,3.6260000000000003,False,False,4.15,73546772.51,38385556.037
2021-12-03,4.18,4.34,4.15,4.33,16108992.0,92226384.0,1361295934.0000002,0.011833570936090079,4.11,3.911,3.7604999999999995,3.977,89.88763903547532,10478791.25,3.9566666666666666,3.6285000000000003,False,False,4.19,69751935.36,40291929.555
2021-12-06,4.38,4.54,4.36,4.54,22992393.0,137983748.0,1361295934.0000002,0.016890076893449384,4.246,3.9900000000000007,3.8084999999999996,3.986833333333333,94.39252212944363,11308812.5,3.955833333333333,3.6399999999999997,False,False,4.33,104385464.22,44367040.494
2021-12-07,4.56,4.59,4.24,4.5,25096352.0,148244348.0,1361295934.0000002,0.01843563282104095,4.3420000000000005,4.069,3.8549999999999995,3.9973333333333327,89.89898862769107,12264290.35,3.9585000000000004,3.6644999999999994,False,False,4.54,112933584.0,48945076.7865
2021-12-08,4.5,4.54,4.39,4.5,15019415.0,90616157.0,1361295934.0000002,0.0110331740695554,4.412000000000001,4.148000000000001,3.9034999999999997,4.007000000000001,89.89898862769107,12644521.05,3.964,3.6935000000000002,False,False,4.54,67587367.5,51015732.785000004
2021-12-09,4.5,4.78,4.47,4.76,22516392.0,141271019.0,1361295934.0000002,0.016540409353782728,4.526000000000001,4.254,3.9644999999999997,4.0195,91.73553612867974,13491920.65,3.969333333333333,3.7215000000000003,False,False,4.54,107178025.92,55389027.280999996
2021-12-10,4.65,4.84,4.5,4.63,24324747.0,151190213.0,1361295934.0000002,0.01786881631867123,4.586,4.348,4.020999999999999,4.0275,82.83582003007352,14419883.6,3.977,3.7604999999999995,False,False,4.76,112623578.61,60011245.8115
2021-12-13,4.63,4.71,4.5,4.6,15407170.0,95091557.0,1361295934.0000002,0.01131801661577577,4.598,4.422,4.07,4.0281666666666665,83.45864573802928,14680971.2,3.986833333333333,3.8084999999999996,False,False,4.76,70872982.0,61711334.2535
2021-12-14,4.6,4.6,4.43,4.53,12183686.0,73906728.0,1361295934.0000002,0.008950064196695086,4.604,4.473000000000001,4.117,4.025666666666667,79.28571349285717,14976472.35,3.9973333333333327,3.8549999999999995,False,False,4.76,55192097.580000006,63344816.624
2021-12-15,4.53,4.62,4.44,4.44,7070040.0,42661461.0,1361295934.0000002,0.005193609870871765,4.5920000000000005,4.502,4.1535,4.020666666666666,74.99999929054056,14530052.5,4.007000000000001,3.9034999999999997,False,False,4.76,31390977.6,61946655.440500006
2021-12-16,4.43,4.5,4.38,4.43,6753317.0,40175481.0,1361295934.0000002,0.0049609470147730554,4.526000000000001,4.526,4.1895,4.0175,74.99999929054054,14234212.05,4.0195,3.9644999999999997,False,False,4.76,29917194.31,61092206.78300001
2021-12-17,4.41,4.45,4.32,4.36,5990281.0,35155996.0,1361295934.0000002,0.00440042524948877,4.4719999999999995,4.529000000000001,4.220000000000001,4.013999999999999,68.11594133795424,13988411.45,4.0275,4.020999999999999,False,False,4.76,26117625.16,60353158.10350001
2021-12-20,4.37,4.38,4.21,4.24,7615611.0,43708837.0,1361295934.0000002,0.005594383124044503,4.4,4.499,4.2445,4.0104999999999995,58.208954615727365,13913619.0,4.0281666666666665,4.07,False,False,4.76,32290190.64,60259268.8855
2021-12-21,4.24,4.27,4.18,4.21,5786200.0,32797376.0,1361295934.0000002,0.004250508545190438,4.336,4.47,4.2695,4.006166666666667,52.41935424687824,13734533.2,4.025666666666667,4.117,True,False,4.76,24359902.0,59739515.567499995
2021-12-22,4.21,4.36,4.21,4.22,8434760.0,48330640.0,1361295934.0000002,0.006196125169650289,4.292,4.442,4.295,3.9995,51.2396688286319,13886099.8,4.020666666666666,4.1535,True,True,4.76,35594687.199999996,60516914.0335
2021-12-23,4.23,4.25,4.1,4.17,6916837.0,38766882.0,1361295934.0000002,0.005081067846633265,4.24,4.383,4.318499999999999,3.9945,42.85714232142856,13982493.7,4.0175,4.1895,True,True,4.76,28843210.29,61036117.133
2021-12-24,4.17,4.21,4.1,4.13,5402762.0,30081390.0,1361295934.0000002,0.0039688372418219525,4.194,4.333,4.3405000000000005,3.9905,28.421052212742367,14009136.8,4.013999999999999,4.220000000000001,True,True,4.76,22313407.06,61253290.936000004
2021-12-27,4.1,4.18,4.09,4.13,5413714.0,30170859.0,1361295934.0000002,0.003976882516715134,4.172,4.286,4.354,3.9850000000000003,29.670329213863056,13295805.3,4.0104999999999995,4.2445,True,True,4.76,22358638.82,58572916.485
2021-12-28,4.15,4.21,4.06,4.11,4579420.0,25217749.0,1361295934.0000002,0.003364015043036189,4.152,4.244,4.3585,3.9736666666666665,29.03225762747138,12593653.5,4.006166666666667,4.2695,True,True,4.76,18821416.200000003,55770873.639
2021-12-29,4.12,4.12,4.04,4.07,3718796.0,20382226.0,1361295934.0000002,0.0027318057059590095,4.122,4.207,4.3545,3.969333333333333,1.4084506764530573,11944190.7,3.9995,4.295,True,True,4.76,15135499.72,53060727.83499999
2021-12-30,4.06,4.13,4.06,4.11,3820350.0,21071077.0,1361295934.0000002,0.002806406678064756,4.11,4.175,4.350499999999999,3.9658333333333333,8.064515946930271,11257561.75,3.9945,4.318499999999999,True,True,4.76,15701638.500000002,50168471.1345
2021-12-31,4.11,4.2,4.09,4.12,5656234.0,31388162.0,1361295934.0000002,0.004155036284711329,4.1080000000000005,4.151000000000001,4.34,3.961,9.999999766666619,10734923.85,3.9905,4.3405000000000005,True,True,4.76,23303684.080000002,47846058.5705
2022-01-04,4.12,4.2,4.09,4.18,5572721.0,31140803.0,1361295934.0000002,0.004093688125274309,4.118,4.1450000000000005,4.322,3.962,20.338982568227436,9863940.25,3.9850000000000003,4.354,True,True,4.76,23293973.779999997,43791484.0485
2022-01-05,4.17,4.17,4.07,4.1,4959821.0,27376340.0,1361295934.0000002,0.0036434553840370165,4.116,4.134,4.302,3.9636666666666667,20.689654673008235,8857113.7,3.9736666666666665,4.3585,True,True,4.76,20335266.099999998,39161568.153500006
2022-01-06,4.09,4.12,4.07,4.11,2762990.0,15231958.0,1361295934.0000002,0.0020296762305616342,4.124,4.123,4.2825,3.967833333333333,22.413792562425712,8244292.45,3.969333333333333,4.3545,True,True,4.76,11355888.9,36349994.2235
2022-01-07,4.12,4.18,4.1,4.14,4755905.0,26493339.0,1361295934.0000002,0.0034936598877698542,4.13,4.12,4.2515,3.9716666666666667,29.62962886145398,7356268.1,3.9658333333333333,4.350499999999999,True,True,4.76,19689446.7,31975565.2625
2022-01-10,4.15,4.16,4.1,4.11,3494700.0,19322105.0,1361295934.0000002,0.0025671861001826802,4.128,4.118,4.2255,3.975333333333333,35.55555444938271,6314765.75,3.961,4.34,True,True,4.63,14363217.000000002,27062547.182
2022-01-11,4.11,4.16,4.11,4.12,3439689.0,19082199.0,1361295934.0000002,0.0025267753425905694,4.116,4.117,4.2015,3.9776666666666665,39.53488243374798,5716391.7,3.962,4.322,True,True,4.6,14171518.68,24227474.016
2022-01-12,4.14,4.18,4.12,4.15,3547675.0,19798764.0,1361295934.0000002,0.0026061012241295647,4.126,4.121,4.182499999999999,3.9803333333333333,42.22222090864206,5284591.15,3.9636666666666667,4.302,True,True,4.53,14722851.250000002,22204011.699500002
2022-01-13,4.18,4.18,4.1,4.1,4331106.0,24074867.0,1361295934.0000002,0.0031816050366606026,4.1240000000000006,4.1240000000000006,4.1655,3.9836666666666662,42.22222090864198,5147644.45,3.967833333333333,4.2825,True,True,4.44,17757534.599999998,21522339.549499996
2022-01-14,4.11,4.11,3.95,3.95,5719500.0,30908656.0,1361295934.0000002,0.004201511116832587,4.086,4.108,4.141500000000001,3.9858333333333333,33.92857058035716,5095953.6,3.9716666666666667,4.2515,True,True,4.43,22592025.0,21156081.084
2022-01-17,3.92,3.99,3.89,3.95,4474316.0,23642491.0,1361295934.0000002,0.0032868062617749647,4.054,4.090999999999999,4.1209999999999996,3.9896666666666665,33.92857058035716,5020155.35,3.975333333333333,4.2255,True,True,4.36,17673548.2,20733877.235999998
2022-01-18,3.95,3.98,3.91,3.93,2948761.0,15592268.0,1361295934.0000002,0.0021661425163707272,4.016,4.066,4.1055,3.992,33.92857058035712,4786812.85,3.9776666666666665,4.2015,True,True,4.24,11588630.73,19698799.2405
2022-01-19,3.91,3.96,3.91,3.95,1976036.0,10471717.0,1361295934.0000002,0.001451584442916583,3.976,4.051,4.0925,3.9945,38.88888788065844,4596304.65,3.9803333333333333,4.182499999999999,True,True,4.22,7805342.2,18871071.2505
2022-01-20,3.95,3.97,3.84,3.87,3652043.0,19084049.0,1361295934.0000002,0.0026827693441123577,3.9300000000000006,4.026999999999999,4.075,3.9971666666666668,29.310344120095095,4357168.8,3.9836666666666662,4.1655,True,True,4.22,14133406.41,17798007.211000003
2022-01-21,3.87,3.91,3.81,3.83,2742460.0,14181192.0,1361295934.0000002,0.002014595013107561,3.906,3.996,4.058000000000001,4.0008333333333335,26.22950759473258,4148449.95,3.9858333333333333,4.141500000000001,True,True,4.18,10503621.8,16881027.7865
2022-01-24,3.81,3.85,3.77,3.83,2028175.0,10421017.0,1361295934.0000002,0.0014898854461722058,3.882,3.968,4.043,4.0040000000000004,18.181817719008308,3979720.6,3.9896666666666665,4.1209999999999996,True,True,4.18,7767910.25,16153752.946
2022-01-25,3.85,3.85,3.69,3.7,3343344.0,16919045.0,1361295934.0000002,0.002456000871299157,3.836,3.9260000000000006,4.0215000000000005,4.005166666666667,16.66666627777782,3876202.1,3.992,4.1055,True,True,4.18,12370372.8,15654339.645
2022-01-26,3.72,3.78,3.72,3.77,1885756.0,9520801.0,1361295934.0000002,0.0013852652850133318,3.8,3.8880000000000003,4.0045,4.009166666666666,24.242423728190943,3741518.9,3.9945,4.0925,True,True,4.18,7109300.12,15068733.841
2022-01-27,3.77,3.77,3.66,3.67,3144000.0,15630086.0,1361295934.0000002,0.002309563939386599,3.7600000000000002,3.845,3.9845000000000006,4.010833333333333,17.808218836554715,3712779.1,3.9971666666666668,4.075,True,True,4.18,11538480.0,14888882.854999999
2022-01-28,3.72,3.76,3.66,3.73,2274640.0,11367933.0,1361295934.0000002,0.001670937188004559,3.7399999999999998,3.8229999999999995,3.9655,4.0125,24.999999539473677,3635493.6,4.0008333333333335,4.058000000000001,True,True,4.18,8484407.2,14528021.290000001
2022-02-07,3.79,3.86,3.77,3.85,2684273.0,13789042.0,1361295934.0000002,0.001971851184563958,3.7439999999999998,3.813,3.9520000000000004,4.0175,34.4827580657947,3486895.55,4.0040000000000004,4.043,True,True,4.18,10334451.05,13879559.6385
2022-02-08,3.84,3.95,3.81,3.95,4019920.0,21030831.0,1361295934.0000002,0.0029530096282503106,3.7939999999999996,3.8150000000000004,3.9405,4.023666666666667,39.36170154142147,3409255.5,4.005166666666667,4.0215000000000005,True,True,4.18,15878684.0,13508795.149500001
2022-02-09,3.94,3.98,3.92,3.97,3173317.0,16834437.0,1361295934.0000002,0.002331100035446076,3.8340000000000005,3.817,3.934,4.030333333333334,42.85714219780224,3319930.3,4.009166666666666,4.0045,False,True,4.15,12598068.49,13121935.269000001
2022-02-10,3.97,4.04,3.95,4.0,2854920.0,15292320.0,1361295934.0000002,0.002097207468776587,3.9,3.8300000000000005,3.9285000000000005,4.038166666666667,53.16455601986862,3324526.8,4.010833333333333,3.9845000000000006,False,False,4.15,11419680.0,13125124.824000001
2022-02-11,3.98,4.01,3.95,3.96,2606960.0,13926371.0,1361295934.0000002,0.0019150575087224198,3.946,3.843,3.9195,4.045166666666666,50.60240878501959,3217079.55,4.0125,3.9655,False,False,4.15,10323561.6,12656830.569000002
2022-02-14,3.95,3.95,3.86,3.88,2847360.0,14923491.0,1361295934.0000002,0.0020916539371666114,3.9519999999999995,3.848,3.908,4.0515,47.19101049362454,3184712.55,4.0175,3.9520000000000004,False,False,4.15,11047756.799999999,12491057.558999998
2022-02-15,3.89,3.91,3.81,3.85,2154442.0,11134278.0,1361295934.0000002,0.0015826404429707197,3.932,3.8629999999999995,3.8945,4.0553333333333335,44.444443753086425,3120450.2,4.023666666666667,3.9405,True,False,4.15,8294601.7,12197211.71
2022-02-16,3.85,3.89,3.83,3.87,2144600.0,11128579.0,1361295934.0000002,0.0015754105675599554,3.912,3.873,3.8805000000000005,4.0600000000000005,49.99999916666668,3050296.45,4.030333333333334,3.934,True,True,4.15,8299602.0,11876049.2475
2022-02-17,3.87,3.92,3.85,3.9,2517888.0,13170895.0,1361295934.0000002,0.0018496257405261592,3.8920000000000003,3.896,3.8705,4.063166666666667,54.216866555378154,2959635.55,4.038166666666667,3.9285000000000005,True,True,4.1,9819763.2,11479160.6775
2022-02-18,3.89,3.95,3.86,3.94,1952874.0,10272338.0,1361295934.0000002,0.0014345697737168145,3.8880000000000003,3.9170000000000003,3.8699999999999997,4.066999999999999,56.32183817413134,2771304.25,4.045166666666666,3.9195,False,True,4.0,7694323.56,10734275.605500001
2022-02-21,3.94,3.97,3.93,3.96,1959216.0,10392823.0,1361295934.0000002,0.001439228569678516,3.904,3.928,3.8705000000000007,4.0705,67.10526192174517,2645549.25,4.0515,3.908,False,False,4.0,7758495.36,10238522.9635
2022-02-22,3.96,4.07,3.92,4.03,7730723.0,41578036.0,1361295934.0000002,0.005678943723341789,3.94,3.936,3.8755,4.075166666666666,67.10526192174518,2884647.35,4.0553333333333335,3.8945,False,False,4.0,31154813.69,11216832.1115
2022-02-23,4.03,4.04,3.96,4.01,4360486.0,23366907.0,1361295934.0000002,0.003203187412150163,3.968,3.94,3.8785,4.080166666666667,74.99999845588235,3003869.85,4.0600000000000005,3.8805000000000005,False,False,4.03,17485548.86,11700842.4445
2022-02-24,4.01,4.21,4.01,4.09,13399149.0,73833568.0,1361295934.0000002,0.009842936179665397,4.006,3.9490000000000003,3.8895000000000004,4.0865,75.71428420000001,3491225.15,4.063166666666667,3.8705,False,False,4.03,54802519.41,13734298.0945
2022-02-25,4.08,4.08,3.96,4.0,7149682.0,38509724.0,1361295934.0000002,0.005252114416438122,4.018,3.9530000000000003,3.8979999999999997,4.0915,61.19402857206506,3711586.25,4.066999999999999,3.8699999999999997,False,False,4.09,28598728.0,14639053.404500002
2022-02-28,4.0,4.04,3.95,3.98,6255410.0,33449523.0,1361295934.0000002,0.004595187456131782,4.022,3.963,3.9055,4.096333333333333,52.54237163458778,3922948.0,4.0705,3.8705000000000007,False,False,4.09,24896531.8,15495484.481999999
2022-03-01,4.01,4.07,3.99,4.04,4410882.0,23875568.0,1361295934.0000002,0.0032402080178401526,4.024,3.982,3.9224999999999994,4.099333333333333,55.55555432098767,3976324.9,4.075166666666666,3.8755,False,False,4.09,17819963.28,15767964.006000001
2022-03-02,4.11,4.16,4.07,4.11,5861564.0,32342367.0,1361295934.0000002,0.004305870497075912,4.044,4.005999999999999,3.9395,4.100833333333333,58.20895400757411,4175115.3,4.080166666666667,3.8785,False,False,4.09,24091028.040000003,16617050.402
2022-03-03,4.13,4.3,4.12,4.28,12709102.0,71687139.0,1361295934.0000002,0.009336031705211864,4.082,4.044,3.9699999999999998,4.103,69.99999877500002,4653370.4,4.0865,3.8895000000000004,False,False,4.11,54394956.56,18759874.23
2022-03-04,4.25,4.26,4.12,4.16,7633533.0,42555478.0,1361295934.0000002,0.00560754852001196,4.114,4.066000000000001,3.9915000000000007,4.1025,66.66666555555557,4921315.05,4.0915,3.8979999999999997,False,False,4.28,31755497.28,19923428.734
2022-03-07,4.16,4.2,4.04,4.06,6423773.0,35425095.0,1361295934.0000002,0.004718865927355366,4.13,4.076,4.002,4.098,61.538460591715946,5108290.05,4.096333333333333,3.9055,False,False,4.28,26080518.38,20710732.1005
2022-03-08,4.06,4.06,3.88,3.88,6325387.0,33649468.0,1361295934.0000002,0.004646592149448086,4.098000000000001,4.061,3.9985,4.087,50.46728905930649,5223563.4,4.099333333333333,3.9224999999999994,False,False,4.28,24542501.56,21143922.9785
2022-03-09,3.91,4.01,3.75,3.92,7668674.0,40281872.0,1361295934.0000002,0.005633362892274678,4.0600000000000005,4.0520000000000005,3.996,4.077333333333334,50.92592526577504,5448331.25,4.100833333333333,3.9395,True,False,4.28,30061202.08,22017079.658
2022-03-10,3.95,3.99,3.87,3.9,5854686.0,30898044.0,1361295934.0000002,0.00430081795866144,3.9839999999999995,4.0329999999999995,3.9909999999999997,4.067333333333333,48.11320691171236,5598319.55,4.103,3.9699999999999998,True,True,4.28,22833275.4,22587759.428
2022-03-11,3.89,3.93,3.76,3.92,3911221.0,20225096.0,1361295934.0000002,0.0028731599810978346,3.936,4.025,3.989,4.053333333333333,48.11320691171236,5663532.6,4.1025,3.9915000000000007,True,True,4.28,15331986.32,22838180.664
2022-03-14,3.89,3.94,3.8,3.81,4209806.0,21902511.0,1361295934.0000002,0.003092498768897373,3.886,4.008,3.9855000000000005,4.039666666666666,39.99999949090909,5731654.9,4.098,4.002,True,True,4.28,16039360.86,23087760.867000002
2022-03-15,3.8,3.81,3.56,3.57,7478942.0,37241200.0,1361295934.0000002,0.005493986879123374,3.8240000000000003,3.961,3.9715,4.0225,33.333332979798,5997879.9,4.087,3.9985,True,True,4.28,26699822.939999998,24008021.929
2022-03-16,3.62,3.76,3.57,3.72,4667950.0,22970743.0,1361295934.0000002,0.003429048661214909,3.7840000000000003,3.9219999999999997,3.964,4.009,36.69064711246832,6124047.4,4.077333333333334,3.996,True,True,4.28,17364774.0,24461280.529000003
2022-03-17,3.76,3.81,3.71,3.72,4190237.0,21204985.0,1361295934.0000002,0.0030781234964005993,3.7479999999999998,3.8660000000000005,3.9550000000000005,3.9970000000000003,39.23076880828405,6207664.85,4.067333333333333,3.9909999999999997,True,True,4.28,15587681.64,24749676.450999998
2022-03-18,3.69,3.79,3.69,3.77,2829881.0,14266430.0,1361295934.0000002,0.002078813966397992,3.718,3.8269999999999995,3.9465000000000003,3.9859999999999998,42.10526271468145,6251515.2,4.053333333333333,3.989,True,True,4.28,10668651.37,24898392.8415
2022-03-21,3.8,3.8,3.71,3.77,3300921.0,16685450.0,1361295934.0000002,0.002424837184594132,3.71,3.7980000000000005,3.937,3.976166666666667,39.37007830615663,6318600.45,4.039666666666666,3.9855000000000005,True,True,4.28,12444472.17,25132691.682
2022-03-22,3.77,3.92,3.73,3.88,5463147.0,28277278.0,1361295934.0000002,0.004013195708259567,3.772,3.7979999999999996,3.9294999999999995,3.9701666666666666,41.22137360526775,6205221.65,4.0225,3.9715,True,True,4.28,21197010.36,24634801.5155
2022-03-23,3.88,3.92,3.82,3.85,3800240.0,19705051.0,1361295934.0000002,0.00279163399014457,3.7980000000000005,3.7909999999999995,3.9215000000000004,3.9641666666666664,31.62393124552561,6177209.35,4.009,3.964,True,True,4.28,14630924.0,24492070.2725
2022-03-24,3.84,3.89,3.8,3.8,3317948.0,17103893.0,1361295934.0000002,0.0024373451188167577,3.814,3.781,3.907,3.9571666666666667,33.636363208264456,5673149.3,3.9970000000000003,3.9550000000000005,True,True,4.28,12608202.399999999,22382354.422
2022-03-25,3.8,3.85,3.78,3.81,2994800.0,15385703.0,1361295934.0000002,0.002199962495443698,3.822,3.7699999999999996,3.8975,3.951166666666667,37.62376185472015,5465405.2,3.9859999999999998,3.9465000000000003,True,True,4.28,11410188.0,21522927.422
2022-03-28,3.81,3.86,3.74,3.84,2694568.0,13802944.0,1361295934.0000002,0.001979413831114844,3.836,3.7730000000000006,3.8905000000000003,3.9463333333333335,47.674417828555995,5287363.1,3.976166666666667,3.937,True,True,4.28,10347141.12,20795457.888000004
2022-03-29,3.85,3.86,3.8,3.8,1881940.0,9655043.0,1361295934.0000002,0.0013824620738197252,3.8199999999999994,3.7960000000000003,3.8785000000000003,3.940833333333333,43.02325511357491,5160916.0,3.9701666666666666,3.9294999999999995,True,True,4.28,7151372.0,20262028.324
2022-03-30,3.83,3.85,3.79,3.82,2281735.0,11679038.0,1361295934.0000002,0.0016761491333448732,3.814,3.8059999999999996,3.864,3.936,45.34883647106545,4981924.55,3.9641666666666664,3.9215000000000004,True,True,4.28,8716227.7,19493288.307
2022-03-31,3.82,3.89,3.8,3.84,3527017.0,18229530.0,1361295934.0000002,0.0025909259786270687,3.822,3.818,3.842,3.932166666666667,45.34883647106545,4522820.3,3.9571666666666667,3.907,True,True,4.28,13543745.28,17450727.742999997
2022-04-01,3.84,3.88,3.82,3.86,2585340.0,13412339.0,1361295934.0000002,0.0018991755836684954,3.832,3.8270000000000004,3.8269999999999995,3.928,53.24675227863047,4270410.65,3.951166666666667,3.8975,True,True,4.16,9979412.4,16361923.499000002
2022-04-06,3.9,4.02,3.86,4.02,6348450.0,33904184.0,1361295934.0000002,0.0046635340938291515,3.868,3.8519999999999994,3.825,3.926333333333333,82.60869397605546,4266644.5,3.9463333333333335,3.8905000000000003,False,True,4.06,25520768.999999996,16333936.030000001
2022-04-07,4.01,4.03,3.89,3.89,6972232.0,37067111.0,1361295934.0000002,0.005121760688370644,3.886,3.853,3.8254999999999995,3.9215,62.68656585431058,4298986.75,3.940833333333333,3.8785000000000003,False,False,4.02,27121982.48,16462910.076
2022-04-08,3.92,3.97,3.78,3.82,8798944.0,45378681.0,1361295934.0000002,0.006463652597672416,3.886,3.85,3.8205,3.9168333333333334,56.75675568298028,4355500.25,3.936,3.864,False,False,4.02,33611966.08,16640448.275999999
2022-04-11,3.8,3.81,3.6,3.63,15785333.0,78145659.0,1361295934.0000002,0.011595812935117454,3.844,3.8329999999999997,3.807,3.9088333333333334,42.045453876549594,4852032.6,3.932166666666667,3.842,True,False,4.02,57300758.79,18363822.445499998
2022-04-12,3.65,3.69,3.58,3.66,20141406.0,98568959.0,1361295934.0000002,0.014795758583379413,3.804,3.818,3.7939999999999996,3.900833333333333,43.95604327979714,5663541.85,3.928,3.8269999999999995,True,True,4.02,73717545.96000001,21283100.4275
2022-04-13,3.65,3.68,3.6,3.62,9660013.0,47097570.0,1361295934.0000002,0.007096188829136691,3.724,3.7960000000000003,3.7845,3.8926666666666665,34.52380894841272,5936052.2,3.926333333333333,3.825,True,True,4.02,34969247.06,22229594.7375
2022-04-14,3.62,3.67,3.62,3.66,6661300.0,32603338.0,1361295934.0000002,0.004893351866868941,3.678,3.782,3.789,3.885,38.823528772318355,5895170.1,3.9215,3.8254999999999995,True,True,4.02,24380358.0,22113621.490499996
2022-04-15,3.67,3.74,3.63,3.66,5595648.0,27624660.0,1361295934.0000002,0.004110530164853926,3.646,3.7660000000000005,3.7860000000000005,3.8768333333333334,41.24999927812503,5941555.0,3.9168333333333334,3.8205,True,True,4.02,20480071.68,22269386.3745
2022-04-18,3.66,3.69,3.63,3.69,4639600.0,22815831.0,1361295934.0000002,0.003408222917677501,3.658,3.751,3.7845,3.87,42.6829261005354,5964023.15,3.9088333333333334,3.807,True,True,4.02,17120124.0,22346008.4925
2022-04-19,3.73,3.89,3.72,3.84,12081966.0,61756529.0,1361295934.0000002,0.008875341281964043,3.694,3.7489999999999997,3.7879999999999994,3.8681666666666663,49.99999925531916,6426627.4,3.900833333333333,3.7939999999999996,True,True,4.02,46394749.44,24132313.395999998
2022-04-20,3.83,3.86,3.77,3.8,7198846.0,36921104.0,1361295934.0000002,0.005288230002162042,3.7299999999999995,3.7270000000000003,3.7895000000000003,3.865666666666667,49.99999925531916,6621523.65,3.8926666666666665,3.7845,False,True,4.02,27355614.799999997,24877870.5275
2022-04-21,3.8,3.83,3.65,3.66,7430980.0,37182796.0,1361295934.0000002,0.005458754275541676,3.7299999999999995,3.7039999999999997,3.7785,3.8611666666666666,42.45282962798151,6719915.3,3.885,3.789,False,False,4.02,27197386.8,25177889.3495
2022-04-22,3.66,3.74,3.57,3.73,8735414.0,42925476.0,1361295934.0000002,0.0064169838327012875,3.7439999999999998,3.6950000000000003,3.7725,3.8575000000000004,45.04504447690935,6966674.0,3.8768333333333334,3.7860000000000005,True,False,4.02,32583094.22,26075497.8605
2022-04-25,3.7,3.7,3.36,3.37,13154145.0,58287514.0,1361295934.0000002,0.009662957679854495,3.6799999999999997,3.6689999999999996,3.751,3.8491666666666666,33.10344795624256,7458483.85,3.87,3.7845,True,True,4.02,44329468.65,27661561.172999997
2022-04-26,3.4,3.42,3.2,3.22,7761920.0,32479935.0,1361295934.0000002,0.005701860856362478,3.556,3.625,3.7215,3.8389999999999995,22.222222006172856,7696839.85,3.8681666666666663,3.7879999999999994,True,True,4.02,24993382.400000002,28340720.893
2022-04-27,3.2,3.37,3.13,3.36,6567615.0,27258547.0,1361295934.0000002,0.004824531415958816,3.468,3.5989999999999993,3.6974999999999993,3.831166666666667,31.724137624732435,7890492.2,3.865666666666667,3.7895000000000003,True,True,4.02,22067186.4,28926723.156999998
2022-04-28,3.37,3.38,3.27,3.32,4009416.0,17050933.0,1361295934.0000002,0.0029452934515266094,3.4,3.565,3.6734999999999998,3.824833333333333,32.39436587780202,7996866.0,3.8611666666666666,3.7785,True,True,4.02,13311261.12,29234717.612999998
2022-04-29,3.35,3.44,3.3,3.42,4803680.0,20689442.0,1361295934.0000002,0.00352875512224956,3.338,3.5410000000000004,3.6535,3.8190000000000004,42.105262714681444,8122963.25,3.8575000000000004,3.7725,True,True,4.02,16428585.6,29620335.508000005
2022-05-05,3.29,3.47,3.29,3.42,5878440.0,25612095.0,1361295934.0000002,0.004318267507585165,3.348,3.5140000000000002,3.6325000000000003,3.814833333333333,40.7692303301775,8240534.4,3.8491666666666666,3.751,True,True,4.02,20104264.8,29948361.483999997
2022-05-06,3.28,3.44,3.28,3.37,4253064.0,18291883.0,1361295934.0000002,0.003124275841699531,3.378,3.467,3.6079999999999997,3.8088333333333333,40.45801483479983,8323920.6,3.8389999999999995,3.7215,True,True,4.02,14332825.68,30166032.147999994
2022-05-09,3.37,3.45,3.35,3.37,3965140.0,17220924.0,1361295934.0000002,0.002912768561901838,3.3800000000000003,3.4240000000000004,3.5755000000000003,3.8008333333333337,38.58267674003347,8204755.1,3.831166666666667,3.6974999999999993,True,True,4.02,13362521.8,29558119.788
2022-05-10,3.35,3.42,3.31,3.41,4199558.0,18054947.0,1361295934.0000002,0.0030849706482705174,3.3980000000000006,3.399,3.5515,3.7918333333333334,40.45801483479983,8066121.4,3.824833333333333,3.6734999999999998,True,True,3.89,14320492.780000001,28918045.302999996
2022-05-11,3.38,3.44,3.36,3.37,6948495.0,30234347.0,1361295934.0000002,0.005104323627547101,3.3880000000000003,3.3630000000000004,3.529,3.781833333333333,37.87878747704317,7973598.95,3.8190000000000004,3.6535,True,True,3.84,23416428.150000002,28408268.4065
2022-05-12,3.34,3.53,3.31,3.42,10245737.0,44656664.0,1361295934.0000002,0.007526458240343204,3.3880000000000003,3.368,3.5185000000000004,3.7721666666666662,32.78688486965868,7696619.15,3.814833333333333,3.6325000000000003,True,True,3.84,35040420.54,27295251.494
2022-05-13,3.42,3.49,3.38,3.41,6559475.0,28553227.0,1361295934.0000002,0.004818551819754425,3.396,3.3869999999999996,3.5060000000000002,3.763,33.613444982698965,7017522.6,3.8088333333333333,3.6079999999999997,True,True,3.84,22367809.75,24727764.6835
2022-05-16,3.42,3.43,3.38,3.39,4327054.0,18804764.0,1361295934.0000002,0.0031786284612527163,3.4,3.3899999999999997,3.4945,3.7548333333333335,37.38317708096776,6750874.65,3.8008333333333337,3.5755000000000003,True,True,3.84,14668713.06,23712737.9835
2022-05-17,3.41,3.42,3.32,3.39,4370029.0,18792743.0,1361295934.0000002,0.0032101976439165647,3.396,3.397,3.4810000000000003,3.7471666666666663,32.999999538,6636311.1,3.7918333333333334,3.5515,True,True,3.84,14814398.31,23234439.998999998
2022-05-18,3.38,3.42,3.36,3.38,2976237.0,12869866.0,1361295934.0000002,0.0021863262246399977,3.3979999999999997,3.393,3.4669999999999996,3.7389999999999994,50.769229675739645,6505340.55,3.781833333333333,3.529,True,True,3.84,10059681.06,22713420.468000002
2022-05-19,3.33,3.45,3.31,3.39,4774040.0,20536429.0,1361295934.0000002,0.0035069817522866407,3.3920000000000003,3.3899999999999997,3.4519999999999995,3.7305,66.66666483660137,6512062.55,3.7721666666666662,3.5185000000000004,True,True,3.84,16183995.600000001,22666614.048
2022-05-20,3.38,3.43,3.38,3.41,4092787.0,17789863.0,1361295934.0000002,0.003006537298597411,3.3920000000000003,3.3940000000000006,3.4305000000000008,3.7216666666666667,56.41025438527295,6112603.6,3.763,3.5060000000000002,True,True,3.84,13956403.67,21044696.7595
2022-05-23,3.42,3.48,3.41,3.47,4472528.0,19693811.0,1361295934.0000002,0.0032854928074735577,3.408,3.404,3.414,3.7135000000000002,68.29268059488412,5976287.7,3.7548333333333335,3.4945,True,True,3.8,15519672.16,20452899.6275
2022-05-24,3.49,3.53,3.35,3.38,5862197.0,25635218.0,1361295934.0000002,0.004306335495159129,3.406,3.401,3.4,3.7026666666666666,44.99999842500006,5897848.55,3.7471666666666663,3.4810000000000003,False,True,3.73,19814225.86,20083741.5805
2022-05-25,3.38,3.45,3.36,3.45,4382256.0,19092698.0,1361295934.0000002,0.003219179526323333,3.4200000000000004,3.4090000000000003,3.386,3.693333333333334,53.19148777727485,5680190.65,3.7389999999999994,3.4669999999999996,True,False,3.73,15118783.200000001,19210526.0295
2022-05-26,3.46,3.49,3.42,3.49,4292149.0,18963948.0,1361295934.0000002,0.0031529874532042782,3.44,3.4160000000000004,3.3920000000000003,3.683333333333333,63.04347634215505,5237090.85,3.7305,3.4519999999999995,False,True,3.47,14979600.010000002,17743032.5975
2022-05-27,3.51,3.52,3.45,3.48,4020924.0,17885611.0,1361295934.0000002,0.0029537471607551276,3.4539999999999997,3.4230000000000005,3.4050000000000002,3.674666666666667,61.70212582163877,5050041.05,3.7216666666666667,3.4305000000000008,False,False,3.49,13992815.52,17193004.2535
2022-05-30,3.5,3.55,3.48,3.54,5844590.0,26215993.0,1361295934.0000002,0.004293401496342087,3.468,3.438,3.414,3.667333333333333,63.26530431486882,5013889.8,3.7135000000000002,3.414,False,False,3.49,20689848.6,17124137.3635
2022-05-31,3.55,3.57,3.53,3.56,3720264.0,16886687.0,1361295934.0000002,0.002732884090139359,3.504,3.4550000000000005,3.4259999999999997,3.6593333333333335,70.21276386600272,4999432.2,3.7026666666666666,3.4,False,False,3.54,13244139.84,17120781.2995
2022-06-01,3.54,3.58,3.53,3.58,3179140.0,14447170.0,1361295934.0000002,0.0023353775770551884,3.5300000000000002,3.475,3.4339999999999997,3.6505,68.18181601239674,4918205.2,3.693333333333334,3.386,False,False,3.56,11381321.200000001,16868418.0795
2022-06-02,3.55,3.6,3.53,3.6,3336860.0,15215984.0,1361295934.0000002,0.002451237762971236,3.5520000000000005,3.496,3.443,3.639166666666667,71.11110889876542,4791126.2,3.683333333333333,3.3920000000000003,False,False,3.58,12012696.0,16463839.639500001
2022-06-06,3.61,3.61,3.56,3.6,3592162.0,16490483.0,1361295934.0000002,0.0026387811131154083,3.5759999999999996,3.5149999999999997,3.4545000000000003,3.629833333333333,74.41860222823146,4758081.1,3.674666666666667,3.4050000000000002,False,False,3.6,12931783.200000001,16393787.5155
2022-06-07,3.6,3.63,3.53,3.59,4305928.0,19684037.0,1361295934.0000002,0.003163109425698174,3.586,3.5269999999999997,3.4655,3.6220000000000003,72.7272704132231,4775120.5,3.667333333333333,3.414,False,False,3.6,15458281.52,16498575.5015
2022-06-08,3.6,3.66,3.56,3.64,5820551.0,26918669.0,1361295934.0000002,0.0042757425880917965,3.6020000000000003,3.553,3.4770000000000003,3.618,77.08333108506943,4856170.15,3.6593333333333335,3.4259999999999997,False,False,3.6,21186805.64,16841891.1445
2022-06-09,3.64,3.71,3.61,3.64,5932052.0,27713440.0,1361295934.0000002,0.004357650567991779,3.614,3.572,3.4905,3.6133333333333337,76.59574239927568,4805348.0,3.6505,3.4339999999999997,False,False,3.64,21592669.28,16750703.201000001
2022-06-10,3.64,3.78,3.63,3.75,8114367.0,38705793.0,1361295934.0000002,0.005960766353100705,3.6439999999999997,3.5980000000000003,3.507,3.6108333333333333,80.35714084821424,4698779.5,3.639166666666667,3.443,False,False,3.64,30428876.25,16520125.9865
2022-06-13,3.76,3.82,3.69,3.72,6990231.0,33430870.0,1361295934.0000002,0.005134982648085981,3.668,3.622,3.5225,3.6075000000000004,73.58490371662513,4720317.3,3.629833333333333,3.4545000000000003,False,False,3.75,26003659.32,16701918.465
2022-06-14,3.68,3.78,3.67,3.75,6369193.0,30310286.0,1361295934.0000002,0.0046787717798325535,3.7,3.643,3.5405,3.6065,89.36169946582167,4822424.25,3.6220000000000003,3.4655,False,False,3.75,23884473.75,17162706.4995
2022-06-15,3.77,3.79,3.68,3.72,7114587.0,33819034.0,1361295934.0000002,0.005226333835505307,3.7159999999999997,3.659,3.557,3.6090000000000004,81.39534618712825,4959652.15,3.618,3.4770000000000003,False,False,3.75,26466263.64,17745299.766
2022-06-16,3.72,3.74,3.62,3.64,5986405.0,27979262.0,1361295934.0000002,0.004397577962647466,3.716,3.665,3.5700000000000003,3.6076666666666664,65.95744484382078,5110160.55,3.6133333333333337,3.4905,False,False,3.75,21790514.2,18331841.423
2022-06-17,3.64,3.66,3.6,3.62,4381932.0,20271381.0,1361295934.0000002,0.0032189415178257626,3.6900000000000004,3.6670000000000003,3.5815000000000006,3.606,64.58333144965285,5090555.15,3.6108333333333333,3.507,False,False,3.75,15862593.84,18315771.335
2022-06-20,3.61,3.65,3.6,3.64,3977242.0,18410860.0,1361295934.0000002,0.0029216586200425682,3.6740000000000004,3.6710000000000003,3.593,3.6038333333333337,61.36363441115711,5084777.9,3.6075000000000004,3.5225,False,False,3.75,14477160.88,18341809.1955
2022-06-21,3.64,3.67,3.56,3.61,4251600.0,19609860.0,1361295934.0000002,0.0031232003958956947,3.646,3.6730000000000005,3.6,3.6011666666666664,55.55555382716053,5073731.5,3.6065,3.5405,False,False,3.75,15348276.0,18333239.3875
2022-06-22,3.61,3.62,3.49,3.51,4748083.0,21500861.0,1361295934.0000002,0.0034879138924982633,3.604,3.66,3.6064999999999996,3.5949999999999998,43.396225268778934,5018025.8,3.6090000000000004,3.557,False,False,3.75,16665771.329999998,18175816.661
2022-06-23,3.56,3.56,3.49,3.54,3137319.0,14118572.0,1361295934.0000002,0.002304656116015402,3.5839999999999996,3.65,3.6109999999999998,3.5898333333333334,44.444443292181106,4955778.95,3.6076666666666664,3.5700000000000003,True,False,3.75,11106109.26,17975182.963999998
2022-06-24,3.56,3.58,3.53,3.54,3544218.0,16040379.0,1361295934.0000002,0.0026035617322280194,3.568,3.629,3.6135000000000006,3.5855,44.444443292181106,4918382.4,3.606,3.5815000000000006,True,True,3.75,12546531.72,17853529.5495
2022-06-27,3.56,3.56,3.51,3.52,4098515.0,18503029.0,1361295934.0000002,0.003010745053764334,3.5439999999999996,3.6090000000000004,3.6155,3.5806666666666667,43.63636252561987,4922261.95,3.6038333333333337,3.593,True,True,3.75,14426772.8,17875227.413500004
2022-06-28,3.52,3.57,3.52,3.56,3222209.0,14615055.0,1361295934.0000002,0.002367015811567097,3.5340000000000003,3.59,3.6165000000000007,3.576,42.59259148834021,4791142.9,3.6011666666666664,3.6,True,True,3.75,11471064.040000001,17414288.1855
2022-06-29,3.57,3.58,3.49,3.49,4565127.0,20595060.0,1361295934.0000002,0.0033535154891603455,3.53,3.567,3.6130000000000004,3.5708333333333333,37.704917167428135,4833386.05,3.5949999999999998,3.6064999999999996,True,True,3.75,15932293.23,17548695.855
2022-06-30,3.5,3.53,3.45,3.47,4713594.0,20936751.0,1361295934.0000002,0.0034625784756072,3.5160000000000005,3.55,3.6075000000000004,3.565,23.076922455621343,4910108.75,3.5898333333333334,3.6109999999999998,True,True,3.75,16356171.180000002,17797438.354
2022-07-01,3.49,3.51,3.47,3.48,2746613.0,12223948.0,1361295934.0000002,0.002017645782522406,3.504,3.536,3.6015,3.559,25.999999271999997,4880596.4,3.5855,3.6135000000000006,True,True,3.75,9558213.24,17674714.216
2022-07-04,3.49,3.53,3.45,3.51,4099179.0,18327206.0,1361295934.0000002,0.0030112328242655278,3.5020000000000002,3.5229999999999997,3.597,3.553166666666667,25.999999271999997,4905947.25,3.5806666666666667,3.6155,True,True,3.75,14388118.29,17747530.9705
2022-07-05,3.52,3.56,3.49,3.54,5076200.0,22871326.0,1361295934.0000002,0.0037289467140948643,3.498,3.5159999999999996,3.5945,3.545166666666667,31.999999104000025,4944460.85,3.576,3.6165000000000007,True,True,3.75,17969748.0,17873104.2945
2022-07-06,3.54,3.56,3.45,3.48,4342560.0,19346363.0,1361295934.0000002,0.003190019077806192,3.496,3.5130000000000003,3.5865,3.5383333333333336,33.33333236111113,4870561.3,3.5708333333333333,3.6130000000000004,True,True,3.75,15112108.8,17569369.4525
2022-07-07,3.48,3.53,3.48,3.52,3229780.0,14460389.0,1361295934.0000002,0.0023725774237124838,3.5060000000000002,3.511,3.5805,3.533333333333333,39.999998880000035,4735447.7,3.565,3.6075000000000004,True,True,3.75,11368825.6,17058177.2685
2022-07-08,3.53,3.55,3.49,3.53,2542700.0,11460059.0,1361295934.0000002,0.0018678524900376287,3.5159999999999996,3.5100000000000002,3.5695,3.5316666666666667,38.775509096209916,4456864.35,3.559,3.6015,True,True,3.75,8975731.0,15985520.006000001
2022-07-11,3.54,3.54,3.46,3.49,2736500.0,12239589.0,1361295934.0000002,0.0020102168321028714,3.5120000000000005,3.507,3.558,3.5288333333333335,37.999998936000054,4244177.8,3.553166666666667,3.597,True,True,3.75,9550385.0,15162856.290000001
2022-07-12,3.5,3.55,3.48,3.5,4831712.0,21629916.0,1361295934.0000002,0.0035493472648541672,3.504,3.501,3.5454999999999997,3.5268333333333337,48.78048613920293,4167303.75,3.545166666666667,3.5945,True,True,3.75,16910992.0,14814182.2025
2022-07-13,3.5,3.56,3.49,3.56,4698040.0,21178190.0,1361295934.0000002,0.003451152598535565,3.5200000000000005,3.508,3.5375,3.525166666666667,52.2727256095042,4046476.4,3.5383333333333336,3.5865,True,True,3.72,16725022.4,14327120.1405
2022-07-14,3.53,3.58,3.52,3.54,3407180.0,15422623.0,1361295934.0000002,0.002502894422073547,3.524,3.5149999999999997,3.5325,3.5231666666666666,49.99999847826092,3917515.15,3.533333333333333,3.5805,False,True,3.64,12061417.2,13840665.2905
2022-07-15,3.55,3.56,3.51,3.53,3566353.0,16089278.0,1361295934.0000002,0.0026198219732580202,3.524,3.5200000000000005,3.528,3.5204999999999997,51.11110952098768,3876736.2,3.5316666666666667,3.5695,False,False,3.64,12589226.09,13676996.903
2022-07-18,3.53,3.63,3.52,3.62,6030970.0,27716509.0,1361295934.0000002,0.004430315149975317,3.55,3.531,3.5269999999999997,3.5168333333333335,55.99999843200005,3979422.6,3.5288333333333335,3.558,False,False,3.64,21832111.400000002,14044744.429
2022-07-19,3.63,3.67,3.6,3.64,3947660.0,18300415.0,1361295934.0000002,0.0028999278565390906,3.5780000000000003,3.5409999999999995,3.5284999999999997,3.5141666666666667,66.66666459259267,3964225.6,3.5268333333333337,3.5454999999999997,False,False,3.62,14369482.4,13995804.749000002
2022-07-20,3.65,3.67,3.6,3.67,3536433.0,16421184.0,1361295934.0000002,0.0025978429169391756,3.6,3.56,3.5365,3.5143333333333335,71.73912825141784,3903643.1,3.525166666666667,3.5375,False,False,3.64,12978709.11,13811451.638
2022-07-21,3.67,3.68,3.63,3.64,3187226.0,14862543.0,1361295934.0000002,0.0023413175051766513,3.62,3.572,3.5415,3.512833333333333,66.66666472222232,3906138.45,3.5231666666666666,3.5325,False,False,3.67,11601502.64,13836221.307
2022-07-22,3.65,3.68,3.64,3.66,3360000.0,15686126.0,1361295934.0000002,0.0024682362711001818,3.646,3.585,3.5474999999999994,3.5176666666666665,65.95744484382084,3896927.55,3.5204999999999997,3.528,False,False,3.67,12297600.0,13823774.721
2022-07-25,3.68,3.71,3.6,3.64,3546037.0,16528937.0,1361295934.0000002,0.0026048979589474034,3.65,3.6,3.5534999999999997,3.524666666666667,60.8695633648394,3869303.65,3.5168333333333335,3.5269999999999997,False,False,3.67,12907574.68,13747814.815000001
2022-07-26,3.62,3.64,3.6,3.63,3268160.0,15109477.0,1361295934.0000002,0.002400771146356777,3.6480000000000006,3.6130000000000004,3.557,3.529166666666667,68.29268059488408,3871601.2,3.5141666666666667,3.5284999999999997,False,False,3.67,11863420.799999999,13767432.653
2022-07-27,3.63,3.85,3.62,3.78,13147287.0,63215909.0,1361295934.0000002,0.009657919833322589,3.6700000000000004,3.6350000000000002,3.5715000000000003,3.5368333333333335,74.99999798076928,4300709.2,3.5143333333333335,3.5365,False,False,3.67,49696744.86,15455655.2345
2022-07-28,3.77,3.79,3.71,3.73,8961103.0,42757836.0,1361295934.0000002,0.006582773646924004,3.6879999999999997,3.654,3.5845,3.542,67.85714116071435,4513084.65,3.512833333333333,3.5415,False,False,3.78,33424914.19,16309092.385
2022-07-29,3.74,3.76,3.7,3.74,5273448.0,25143739.0,1361295934.0000002,0.0038738439367144977,3.7039999999999997,3.675,3.5975,3.5473333333333334,73.58490371662518,4639426.4,3.5176666666666665,3.5474999999999994,False,False,3.78,19722695.52,16817316.499
2022-08-01,3.74,3.76,3.7,3.74,4605894.0,21958373.0,1361295934.0000002,0.003383462687988899,3.7239999999999993,3.6870000000000003,3.6090000000000004,3.5535,73.0769211094675,4664762.15,3.524666666666667,3.5534999999999997,False,False,3.78,17226043.560000002,16959212.762500003
2022-08-02,3.7,3.73,3.53,3.56,7550975.0,34527878.0,1361295934.0000002,0.005546901897967469,3.71,3.679,3.6100000000000003,3.5566666666666666,49.99999890625003,4788500.9,3.529166666666667,3.557,False,False,3.78,26881471.0,17404798.9125
2022-08-03,3.55,3.61,3.48,3.49,5225700.0,23647973.0,1361295934.0000002,0.0038387685362762563,3.652,3.661,3.6104999999999996,3.558,46.37681065322415,4832657.9,3.5368333333333335,3.5715000000000003,True,False,3.78,18237693.0,17561078.122500002
2022-08-04,3.5,3.56,3.49,3.56,3344050.0,15077250.0,1361295934.0000002,0.002456519494753739,3.618,3.653,3.6125,3.5611666666666664,51.99999902933337,4838371.4,3.542,3.5845,True,True,3.78,11904818.0,17587877.7425
2022-08-05,3.58,3.6,3.51,3.56,3501953.0,15805146.0,1361295934.0000002,0.0025725141113952664,3.582,3.643,3.614,3.5635,45.45454449035814,4886334.05,3.5473333333333334,3.5975,True,True,3.78,12466952.68,17762438.8265
2022-08-08,3.55,3.58,3.52,3.56,2817636.0,12781425.0,1361295934.0000002,0.002069818861296914,3.5460000000000003,3.6350000000000002,3.6175000000000006,3.5660000000000003,43.74999904296877,4890390.85,3.5535,3.6090000000000004,True,True,3.78,10030784.16,17786458.7845
2022-08-09,3.56,3.65,3.53,3.64,4981278.0,23007378.0,1361295934.0000002,0.0036592175702480274,3.562,3.636,3.6245000000000003,3.5701666666666667,47.8260859861374,4897869.15,3.5566666666666666,3.6100000000000003,True,True,3.78,18131851.92,17847501.780500002
2022-08-10,3.61,3.65,3.6,3.64,3379402.0,15616889.0,1361295934.0000002,0.002482488866377529,3.592,3.622,3.6285000000000003,3.5743333333333336,49.99999893939396,4831937.25,3.558,3.6104999999999996,False,True,3.78,12301023.280000001,17626301.824500002
2022-08-11,3.66,3.67,3.64,3.67,3459923.0,16146838.0,1361295934.0000002,0.002541639120182665,3.614,3.6160000000000005,3.6350000000000002,3.579166666666667,50.746267596346634,4834574.4,3.5611666666666664,3.6125,False,False,3.78,12697917.41,17658126.835
2022-08-12,3.67,3.78,3.65,3.76,7480487.0,35684384.0,1361295934.0000002,0.005495121827051603,3.654,3.618,3.6464999999999996,3.5853333333333333,58.10810700876552,5030281.1,3.5635,3.614,False,False,3.78,28126631.119999997,18434997.0865
2022-08-15,3.78,3.79,3.72,3.75,4930518.0,23624860.0,1361295934.0000002,0.0036219295722953355,3.692,3.6189999999999998,3.653,3.591,58.10810700876556,4975258.5,3.5660000000000003,3.6175000000000006,False,False,3.78,18489442.5,18267863.641500004
2022-08-16,3.76,3.78,3.71,3.75,3880989.0,18528425.0,1361295934.0000002,0.0028509517314109596,3.714,3.6380000000000003,3.6585,3.595666666666667,47.45762599253093,4971924.95,3.5701666666666667,3.6245000000000003,False,False,3.78,14553708.75,18277074.959
2022-08-17,3.76,3.82,3.73,3.78,4933990.0,23706838.0,1361295934.0000002,0.0036244800831088057,3.7419999999999995,3.6670000000000003,3.664,3.6023333333333336,54.3859635764851,5041802.8,3.5743333333333336,3.6285000000000003,False,False,3.78,18650482.2,18560663.6135
2022-08-18,3.76,3.76,3.68,3.71,5909271.0,27946125.0,1361295934.0000002,0.004340915779154894,3.75,3.682,3.6675000000000004,3.606666666666667,47.61904656084656,5177905.05,3.579166666666667,3.6350000000000002,False,False,3.78,21923395.41,19076758.251999997
2022-08-19,3.72,3.74,3.68,3.71,3618662.0,17115467.0,1361295934.0000002,0.0026582478575154543,3.7399999999999998,3.697,3.6700000000000004,3.6103333333333336,47.61904656084656,5190838.15,3.5853333333333333,3.6464999999999996,False,False,3.78,13425236.02,19133140.053
2022-08-22,3.71,3.74,3.67,3.72,4899992.0,23245387.0,1361295934.0000002,0.003599505351934739,3.7339999999999995,3.713,3.6740000000000004,3.614333333333333,67.3913022967865,5258535.9,3.591,3.653,False,False,3.78,18227970.240000002,19399159.831
2022-08-23,3.73,3.95,3.72,3.92,17325724.0,85666253.0,1361295934.0000002,0.012727375119009204,3.768,3.7409999999999997,3.6885,3.6206666666666667,86.44067591496704,5961414.1,3.595666666666667,3.6585,False,False,3.78,67916838.08,22201830.695
2022-08-24,3.92,3.93,3.75,3.81,12861495.0,62757088.0,1361295934.0000002,0.009447978708206439,3.774,3.758,3.69,3.6248333333333336,69.8412682892417,5947124.5,3.6023333333333336,3.664,False,False,3.92,49002295.95,22167108.2495
2022-08-25,3.81,4.1,3.8,4.05,26519821.0,134367120.0,1361295934.0000002,0.019481304790263183,3.842,3.7959999999999994,3.7060000000000004,3.6326666666666667,78.160918282468,6825060.4,3.606666666666667,3.6675000000000004,False,False,3.92,107405275.05,25866126.2925
2022-08-26,4.03,4.03,3.86,3.93,18722696.0,93786856.0,1361295934.0000002,0.013753582547613778,3.886,3.813,3.7155,3.6381666666666663,68.68686771553928,7497522.8,3.6103333333333336,3.6700000000000004,False,False,4.05,73580195.28,28559001.280500002
2022-08-29,3.87,3.98,3.81,3.92,13081178.0,65186055.0,1361295934.0000002,0.009609356550094565,3.9260000000000006,3.8299999999999996,3.7245,3.6435,65.2173903119093,7921287.0,3.614333333333333,3.6740000000000004,False,False,4.05,51278217.76,30261609.990500003
2022-08-30,3.92,3.93,3.8,3.83,10966848.0,53847127.0,1361295934.0000002,0.00805618214679836,3.908,3.838,3.7380000000000004,3.6475,59.40593977061075,8092080.65,3.6206666666666667,3.6885,False,False,4.05,42003027.84,31017687.832500003
2022-08-31,3.84,3.86,3.67,3.67,9375376.0,44711027.0,1361295934.0000002,0.006887096160238732,3.8800000000000003,3.8269999999999995,3.747,3.648,49.99999938596492,8299564.45,3.6248333333333336,3.69,False,False,4.05,34407629.92,31826184.678500004
2022-09-01,3.68,3.77,3.68,3.71,6105430.0,28971876.0,1361295934.0000002,0.0044850130287688045,3.812,3.8269999999999995,3.7545,3.6491666666666664,47.70642140560561,8437633.45,3.6326666666666667,3.7060000000000004,True,False,4.05,22651145.3,32363501.0435
2022-09-02,3.76,3.78,3.69,3.72,5904359.0,28061087.0,1361295934.0000002,0.004337307452796667,3.7700000000000005,3.8280000000000003,3.7625,3.6486666666666663,48.62385258648264,8557753.75,3.6381666666666663,3.7155,True,True,4.05,21964215.48,32838364.1835
2022-09-05,3.72,3.94,3.72,3.93,13784534.0,68439663.0,1361295934.0000002,0.010126037737801689,3.772,3.8489999999999993,3.7809999999999997,3.6521666666666666,56.92307631005919,9106098.65,3.6435,3.7245,True,True,4.05,54173218.620000005,35045485.9065
2022-09-06,3.88,3.96,3.85,3.93,11206327.0,55756343.0,1361295934.0000002,0.008232102014050384,3.7920000000000003,3.85,3.7954999999999997,3.6551666666666667,55.90551119474242,9417351.1,3.6475,3.7380000000000004,False,True,4.05,44040865.11,36340936.566
2022-09-07,3.87,3.91,3.85,3.89,8626801.0,42702625.0,1361295934.0000002,0.006337197360643846,3.836,3.8579999999999997,3.808,3.658,57.258063869667026,9679721.05,3.648,3.747,False,False,4.05,33558255.89,37403798.196499996
2022-09-08,3.9,3.91,3.78,3.79,7955623.0,37570393.0,1361295934.0000002,0.005844153942797275,3.8520000000000003,3.8320000000000007,3.814,3.6605000000000003,52.98507407329028,9904506.05,3.6491666666666664,3.7545,False,False,4.05,30151811.17,38276492.884500004
2022-09-09,3.83,3.84,3.75,3.78,5810417.0,27271772.0,1361295934.0000002,0.004268298211195567,3.864,3.8169999999999993,3.815,3.6631666666666667,52.238805424370675,9821002.55,3.6486666666666663,3.7625,True,False,4.05,21963376.259999998,37968330.1415
2022-09-13,3.77,3.79,3.67,3.69,9553776.0,43981771.0,1361295934.0000002,0.007018147752728099,3.816,3.7940000000000005,3.8120000000000003,3.664,40.650406041377494,10052165.45,3.6521666666666666,3.7809999999999997,True,True,4.05,35253433.44,38806529.6885
2022-09-14,3.67,3.76,3.64,3.71,8486374.0,39005381.0,1361295934.0000002,0.006234040510988552,3.772,3.782,3.81,3.6656666666666666,45.61403452754694,10282434.7,3.6551666666666667,3.7954999999999997,True,True,4.05,31484447.54,39653066.628
2022-09-15,3.72,3.8,3.63,3.68,8094932.0,37186954.0,1361295934.0000002,0.005946489516217125,3.7299999999999995,3.7830000000000004,3.8050000000000006,3.6685000000000003,30.107526428488868,10440481.8,3.658,3.808,True,True,4.05,29789349.76,40210010.006000005
2022-09-16,3.68,3.68,3.54,3.54,7093287.0,31611464.0,1361295934.0000002,0.005210686980572439,3.6799999999999997,3.7660000000000005,3.7964999999999995,3.6685,29.47368377617731,10499682.6,3.6605000000000003,3.814,True,True,4.05,25110235.98,40369352.034499995
2022-09-19,3.51,3.56,3.47,3.5,4984592.0,21652240.0,1361295934.0000002,0.003661652015189226,3.6239999999999997,3.7440000000000007,3.786,3.6678333333333333,28.571428163265324,10567979.1,3.6631666666666667,3.815,True,True,4.05,17446072.0,40570393.8335
2022-09-20,3.54,3.56,3.52,3.54,3590900.0,15752635.0,1361295934.0000002,0.0026378540553254892,3.594,3.7050000000000005,3.777,3.6681666666666666,34.408601632558685,10502524.5,3.664,3.8120000000000003,True,True,4.05,12711786.0,40294584.6215
2022-09-21,3.51,3.63,3.5,3.61,4359164.0,19316016.0,1361295934.0000002,0.0032022162787125456,3.5740000000000003,3.6730000000000005,3.7615000000000003,3.6689999999999996,46.42857065476192,9854196.5,3.6656666666666666,3.81,True,True,4.05,15736582.04,37685571.8195
2022-09-22,3.56,3.65,3.54,3.63,5444519.0,24391748.0,1361295934.0000002,0.003999511688837528,3.564,3.6470000000000007,3.7525,3.6713333333333336,45.12195044913743,9483347.7,3.6685000000000003,3.8050000000000006,True,True,4.05,19763603.97,36223637.2205
2022-09-23,3.63,3.67,3.59,3.61,4203178.0,18913793.0,1361295934.0000002,0.0030876298790149764,3.5780000000000003,3.629,3.7305,3.673666666666667,43.37349324430251,8367515.55,3.6685,3.7964999999999995,True,True,4.05,15173472.58,31612047.096999995
2022-09-26,3.61,3.61,3.44,3.46,5116387.0,22196991.0,1361295934.0000002,0.003758467848329002,3.5700000000000003,3.597,3.7069999999999994,3.673333333333333,19.48051912632822,7687200.1,3.6678333333333333,3.786,True,True,3.93,17702699.02,28818172.283999998
2022-09-27,3.46,3.51,3.42,3.5,2457561.0,10540544.0,1361295934.0000002,0.0018053098805479865,3.5620000000000003,3.5780000000000003,3.686,3.6731666666666665,23.456789718030777,7156019.25,3.6681666666666666,3.777,True,True,3.93,8601463.5,26684334.571
2022-09-28,3.51,3.66,3.49,3.51,7348141.0,32399312.0,1361295934.0000002,0.005397901232547132,3.5420000000000003,3.558,3.6699999999999995,3.6726666666666667,25.64102518080209,6975083.9,3.6689999999999996,3.7615000000000003,True,True,3.93,25791974.91,25873781.9245
2022-09-29,3.53,3.67,3.47,3.55,6752446.0,29800305.0,1361295934.0000002,0.0049603071832873035,3.526,3.5450000000000004,3.664,3.673833333333333,33.33333268518517,6843937.4,3.6713333333333336,3.7525,True,True,3.93,23971183.299999997,25351959.5935
2022-09-30,3.5,3.59,3.48,3.58,5255515.0,23056454.0,1361295934.0000002,0.003860670460211629,3.5200000000000005,3.5490000000000004,3.6574999999999998,3.6748333333333334,36.486485796201634,6801441.65,3.673666666666667,3.7305,True,True,3.93,18814743.7,25160139.513499998
2022-10-10,3.6,3.69,3.58,3.6,7906163.0,35553517.0,1361295934.0000002,0.005807820917211377,3.5479999999999996,3.559,3.6515,3.676,43.2835811851192,6901531.85,3.673333333333333,3.7069999999999994,True,True,3.93,28462186.8,25485038.0795
2022-10-11,3.56,3.64,3.48,3.64,6973884.0,30834160.0,1361295934.0000002,0.0051229742378706014,3.5759999999999996,3.5690000000000004,3.6370000000000005,3.6785,44.927535320310895,6560999.35,3.6731666666666665,3.686,True,True,3.93,25384937.76,24045624.0365
2022-10-12,3.61,3.67,3.57,3.66,6618711.0,29703199.0,1361295934.0000002,0.004862066237538618,3.6060000000000003,3.5740000000000003,3.6235,3.681166666666667,48.52941076557096,6331618.55,3.6726666666666667,3.6699999999999995,False,True,3.93,24224482.26,23054804.894
2022-10-13,3.65,3.67,3.59,3.65,6162365.0,27658519.0,1361295934.0000002,0.004526837145463772,3.626,3.5759999999999996,3.6115000000000004,3.682666666666667,59.9999984727273,6208396.75,3.673833333333333,3.664,False,False,3.89,22492632.25,22501523.712
2022-10-14,3.67,3.67,3.63,3.63,6660918.0,30065594.0,1361295934.0000002,0.004893071251911929,3.636,3.5780000000000003,3.6034999999999995,3.684166666666667,62.26414929868283,6143661.5,3.6748333333333334,3.6574999999999998,False,False,3.79,24179132.34,22202889.7705
2022-10-17,3.63,3.63,3.55,3.62,4621106.0,20595218.0,1361295934.0000002,0.003394637333868654,3.6399999999999997,3.594,3.5955000000000004,3.685666666666667,57.99999837600006,6084195.95,3.676,3.6515,False,False,3.78,16728403.72,21941141.1435
2022-10-18,3.63,3.66,3.58,3.62,4711911.0,21141416.0,1361295934.0000002,0.003461342153689265,3.636,3.6060000000000003,3.5919999999999996,3.6856666666666666,51.16278903190922,5842102.7,3.6785,3.6370000000000005,False,False,3.71,17057117.82,21031325.3625
2022-10-19,3.59,3.62,3.55,3.55,3876742.0,17148817.0,1361295934.0000002,0.002847831910148054,3.614,3.6100000000000003,3.5840000000000005,3.684166666666667,41.66666545138893,5611621.1,3.681166666666667,3.6235,False,False,3.71,13762434.1,20145224.6905
2022-10-20,3.52,3.58,3.52,3.53,3343518.0,14685062.0,1361295934.0000002,0.0024561286906774815,3.59,3.6079999999999997,3.5764999999999993,3.681833333333333,41.66666545138893,5374050.4,3.682666666666667,3.6115000000000004,True,False,3.68,11802618.54,19245888.129499998
2022-10-21,3.53,3.54,3.49,3.52,2888737.0,12597974.0,1361295934.0000002,0.0021220492384134305,3.568,3.6019999999999994,3.5755000000000003,3.6798333333333337,58.82352698961948,5163822.9,3.684166666666667,3.6034999999999995,True,True,3.66,10168354.24,18498794.042499997
2022-10-24,3.51,3.54,3.46,3.47,3115333.0,13522857.0,1361295934.0000002,0.002288505329510519,3.5380000000000003,3.589,3.5740000000000003,3.676666666666667,45.71428388571439,5070359.95,3.685666666666667,3.5955000000000004,True,True,3.66,10810205.51,18167000.718
2022-10-25,3.47,3.5,3.41,3.49,3185411.0,13653834.0,1361295934.0000002,0.0023399842168337803,3.5119999999999996,3.5739999999999994,3.5714999999999995,3.6741666666666664,47.2222203858026,5050085.5,3.6856666666666666,3.5919999999999996,True,True,3.66,11117084.39,18087265.6375
2022-10-26,3.5,3.51,3.48,3.5,2563879.0,11117883.0,1361295934.0000002,0.0018834104590809712,3.5020000000000002,3.558,3.566,3.6719999999999997,42.42424062442618,4960321.25,3.684166666666667,3.5840000000000005,True,True,3.66,8973576.5,17749115.3605
2022-10-27,3.5,3.51,3.46,3.46,2465200.0,10622195.0,1361295934.0000002,0.0018109214450940977,3.4879999999999995,3.539,3.5575,3.6666666666666665,32.35293984429069,4811355.3,3.681833333333333,3.5764999999999993,True,True,3.66,8529592.0,17187414.762000002
2022-10-28,3.47,3.49,3.37,3.38,3852103.0,16244641.0,1361295934.0000002,0.002829732245420781,3.46,3.5140000000000002,3.5460000000000003,3.6608333333333336,22.4999992125,4793801.55,3.6798333333333337,3.5755000000000003,True,True,3.66,13020108.139999999,17079746.54
2022-10-31,3.36,3.42,3.33,3.38,2477740.0,10366285.0,1361295934.0000002,0.0018201332554630253,3.442,3.4899999999999998,3.5420000000000003,3.6548333333333334,13.88888834876542,4661869.2,3.676666666666667,3.5740000000000003,True,True,3.66,8374761.2,16613349.648999998
2022-11-01,3.41,3.43,3.38,3.43,2216478.0,9362278.0,1361295934.0000002,0.0016282117243141634,3.4299999999999997,3.471,3.5385000000000004,3.6496666666666666,20.51281977646289,4649815.05,3.6741666666666664,3.5714999999999995,True,True,3.66,7602519.54,16563402.451000001
2022-11-02,3.45,3.45,3.41,3.43,2029075.0,8612741.0,1361295934.0000002,0.001490546580887679,3.4159999999999995,3.4590000000000005,3.5345,3.6475,21.052630803324163,4383861.75,3.6719999999999997,3.566,True,True,3.66,6959727.25,15621790.068
2022-11-03,3.4,3.43,3.4,3.42,1436815.0,6075443.0,1361295934.0000002,0.0010554758624585737,3.408,3.4479999999999995,3.528,3.646333333333333,21.621620803506246,4118080.2,3.6666666666666665,3.5575,True,True,3.66,4913907.3,14668926.268000001
2022-11-04,3.42,3.46,3.42,3.46,2726143.0,11634382.0,1361295934.0000002,0.002002608640716031,3.4240000000000004,3.442,3.5220000000000007,3.6446666666666667,29.999998950000048,3991611.6,3.6608333333333336,3.5460000000000003,True,True,3.66,9432454.78,14199811.822
2022-11-07,3.47,3.5,3.45,3.5,2687570.0,11606144.0,1361295934.0000002,0.001974273141404975,3.4480000000000004,3.4450000000000003,3.5170000000000003,3.643666666666667,36.363635206611605,3730681.95,3.6548333333333334,3.5420000000000003,True,True,3.66,9406495.0,13247027.231999999
2022-11-08,3.5,3.5,3.45,3.47,2800851.0,12056443.0,1361295934.0000002,0.002057488698853338,3.4560000000000004,3.443,3.5085,3.6421666666666668,39.9999986000001,3522030.3,3.6496666666666666,3.5385000000000004,True,True,3.66,9718952.97,12463727.9925
2022-11-09,3.47,3.48,3.46,3.47,1650149.0,7097878.0,1361295934.0000002,0.0012121897662260995,3.464,3.44,3.499,3.639333333333333,42.105261606648305,3273602.2,3.6475,3.5345,True,True,3.66,5726017.03,11538804.731
2022-11-10,3.46,3.48,3.44,3.47,2058792.0,8833369.0,1361295934.0000002,0.001512376514598478,3.474,3.441,3.4899999999999998,3.6365,43.24324160701251,3068423.55,3.646333333333333,3.528,True,True,3.65,7144008.24,10771373.5305
2022-11-11,3.5,3.53,3.46,3.48,3894711.0,16833923.0,1361295934.0000002,0.002861031832039542,3.478,3.4509999999999996,3.4825000000000004,3.6333333333333333,51.515149329660304,2930113.2,3.6446666666666667,3.5220000000000007,True,True,3.63,13553594.28,10240096.627500001
2022-11-14,3.48,3.5,3.46,3.48,2920743.0,12607261.0,1361295934.0000002,0.0021455606580839163,3.474,3.461,3.4754999999999994,3.6286666666666667,48.38709458896989,2845095.05,3.643666666666667,3.5170000000000003,True,True,3.62,10164185.64,9911885.7235
2022-11-15,3.48,3.5,3.46,3.49,6648592.0,28615491.0,1361295934.0000002,0.0048840166446864584,3.478,3.467,3.4690000000000003,3.6243333333333334,48.38709458896996,2941929.1,3.6421666666666668,3.5085,False,True,3.62,23203586.080000002,10219209.1365
2022-11-16,3.49,3.54,3.48,3.54,6309832.0,27480920.0,1361295934.0000002,0.004635165537782322,3.492,3.478,3.4684999999999997,3.620833333333333,62.49999726562512,3063583.6,3.639333333333333,3.499,False,False,3.55,22336805.28,10647927.6955
2022-11-17,3.54,3.54,3.5,3.52,2992660.0,13021480.0,1361295934.0000002,0.002198390464009128,3.5020000000000002,3.4880000000000004,3.468000000000001,3.6165000000000003,76.92307278106531,3046040.7,3.6365,3.4899999999999998,False,False,3.54,10534163.2,10584504.9285
2022-11-18,3.51,3.52,3.5,3.52,2625240.0,11405589.0,1361295934.0000002,0.0019284858893878101,3.5100000000000002,3.4939999999999998,3.468,3.613333333333333,76.92307278106531,3032865.85,3.6333333333333333,3.4825000000000004,False,False,3.54,9240844.8,10538129.4565
2022-11-21,3.5,3.5,3.47,3.5,2414335.0,10423066.0,1361295934.0000002,0.0017735563147579338,3.5140000000000002,3.4939999999999998,3.4695,3.6098333333333334,65.21738733459378,2997815.95,3.6286666666666667,3.4754999999999994,False,False,3.54,8450172.5,10420127.806
2022-11-22,3.5,3.54,3.5,3.51,3621977.0,15761633.0,1361295934.0000002,0.002660683037050781,3.518,3.4979999999999998,3.4705,3.606333333333333,66.66666277777793,3019644.25,3.6243333333333334,3.4690000000000003,False,False,3.54,12713139.27,10499930.55
2022-11-23,3.51,3.54,3.5,3.54,3575874.0,15620256.0,1361295934.0000002,0.0026268160439535987,3.518,3.5050000000000003,3.4725,3.6,73.07691914201209,3070244.0,3.620833333333333,3.4684999999999997,False,False,3.54,12658593.96,10684181.423
2022-11-24,3.55,3.56,3.53,3.55,3480719.0,15274132.0,1361295934.0000002,0.0025569157396748672,3.524,3.5129999999999995,3.4769999999999994,3.5956666666666663,69.56521315690007,3121019.95,3.6165000000000003,3.468000000000001,False,False,3.54,12356552.45,10875529.445500001
2022-11-25,3.54,3.59,3.53,3.58,5131127.0,22737041.0,1361295934.0000002,0.0037692957657801973,3.536,3.5230000000000006,3.4869999999999997,3.5878333333333337,68.18181384297552,3184971.15,3.613333333333333,3.468,False,False,3.55,18369434.66,11142995.7715
2022-11-28,3.58,3.6,3.53,3.58,3560867.0,15723533.0,1361295934.0000002,0.0026157919898701465,3.5519999999999996,3.533,3.497,3.582,78.94736260387852,3239127.5,3.6098333333333334,3.4695,False,False,3.58,12747903.86,11361652.9045
2022-11-29,3.58,3.6,3.57,3.6,5993156.0,26644516.0,1361295934.0000002,0.0044025372076076435,3.5700000000000003,3.5439999999999996,3.5055,3.576666666666667,80.95237555555589,3427961.4,3.606333333333333,3.4705,False,False,3.58,21575361.6,12060295.007499998
2022-11-30,3.59,3.72,3.58,3.66,10750992.0,48922450.0,1361295934.0000002,0.007897615596639252,3.594,3.556,3.5170000000000003,3.5738333333333334,85.1851807681758,3864057.25,3.6,3.4725,False,False,3.6,39348630.72,13679740.181
2022-12-01,3.68,3.7,3.62,3.65,5717868.0,25856052.0,1361295934.0000002,0.004200312259215195,3.614,3.569,3.5285,3.5735000000000006,81.48147725651593,4078109.9,3.5956666666666663,3.4769999999999994,False,False,3.66,20870218.2,14477555.726
2022-12-02,3.64,3.64,3.58,3.6,4488680.0,20037832.0,1361295934.0000002,0.003297357971833918,3.618,3.5770000000000004,3.5355,3.5716666666666668,68.74999699218763,4166236.75,3.5878333333333337,3.4869999999999997,False,False,3.66,16159248.0,14813895.387
2022-12-05,3.6,3.66,3.59,3.66,4548462.0,20460438.0,1361295934.0000002,0.0033412734780121655,3.6340000000000003,3.593,3.5434999999999994,3.570666666666667,72.97297021183354,4259281.35,3.582,3.497,False,False,3.66,16647370.92,15175939.183000002
2022-12-06,3.66,3.66,3.59,3.6,3567642.0,15981784.0,1361295934.0000002,0.002620768865089403,3.6340000000000003,3.6020000000000003,3.55,3.565166666666667,57.89473470914135,4297620.9,3.576666666666667,3.5055,False,False,3.66,12843511.200000001,15332167.0945
2022-12-07,3.58,3.65,3.58,3.64,5234700.0,23516436.0,1361295934.0000002,0.003845379883430989,3.63,3.6119999999999997,3.5585,3.5603333333333333,64.99999772500009,4476848.45,3.5738333333333334,3.5170000000000003,False,False,3.66,19054308.0,15998581.643000001
2022-12-08,3.65,3.71,3.62,3.67,8159024.0,37042866.0,1361295934.0000002,0.00599357112308836,3.6340000000000003,3.624,3.5685000000000002,3.5566666666666666,67.44185826933483,4781860.05,3.5735000000000006,3.5285,False,False,3.66,29943618.08,17138562.134999998
2022-12-09,3.7,3.71,3.52,3.52,10984342.0,48934924.0,1361295934.0000002,0.008069033136478903,3.618,3.618,3.5705,3.5521666666666665,51.78571299107147,5136341.6,3.5716666666666668,3.5355,False,False,3.67,38664883.84,18394126.613
2022-12-12,3.57,3.68,3.56,3.6,8953100.0,40049464.0,1361295934.0000002,0.0065768946901151905,3.6060000000000003,3.62,3.5765000000000002,3.549166666666667,57.14285587301592,5437959.45,3.570666666666667,3.5434999999999994,True,False,3.67,32231160.0,19497475.331
2022-12-13,3.58,3.61,3.56,3.57,3478683.0,15417687.0,1361295934.0000002,0.0025554201060296413,3.6,3.617,3.5805,3.5471666666666666,52.38095121693122,5279464.0,3.565166666666667,3.55,False,True,3.67,12418898.309999999,18958240.942500003
2022-12-14,3.56,3.58,3.52,3.54,2946900.0,12935448.0,1361295934.0000002,0.002164775436697954,3.5799999999999996,3.6049999999999995,3.5805,3.5443333333333333,49.230768170414244,5111317.4,3.5603333333333333,3.5585,True,False,3.67,10432026.0,18363001.9785
2022-12-15,3.54,3.54,3.49,3.5,2557240.0,11105220.0,1361295934.0000002,0.0018785334886631635,3.5460000000000003,3.59,3.5794999999999995,3.541333333333333,43.9393930073462,5089546.4,3.5566666666666666,3.5685000000000002,True,True,3.67,8950340.0,18283810.8185
2022-12-16,3.5,3.52,3.48,3.5,1912396.0,8300215.0,1361295934.0000002,0.0014048348725913403,3.5420000000000003,3.5799999999999996,3.5784999999999996,3.5406666666666666,43.9393930073462,5053904.2,3.5521666666666665,3.5705,True,True,3.67,6693386.0,18156437.878500003
2022-12-19,3.53,3.53,3.42,3.42,3107051.0,13266701.0,1361295934.0000002,0.002282421420939908,3.5059999999999993,3.556,3.5744999999999996,3.5393333333333334,37.499999270833335,5088540.0,3.549166666666667,3.5765000000000002,True,True,3.67,10626114.42,18265234.9745
2022-12-20,3.43,3.47,3.4,3.46,2054176.0,8756187.0,1361295934.0000002,0.0015089856281022284,3.4840000000000004,3.5420000000000003,3.5720000000000005,3.538,35.714285000000004,5010149.95,3.5471666666666666,3.5805,True,True,3.67,7107448.96,17984950.459
2022-12-21,3.46,3.46,3.42,3.43,1472661.0,6275411.0,1361295934.0000002,0.0010818081235817456,3.4619999999999997,3.521,3.5665,3.5349999999999997,34.72222154706793,4904989.3,3.5443333333333333,3.5805,True,True,3.67,5051227.23,17604582.1225
2022-12-22,3.46,3.48,3.38,3.39,2526600.0,10690115.0,1361295934.0000002,0.0018560255245719404,3.44,3.493,3.5585,3.531,35.21126691132713,4857283.35,3.541333333333333,3.5794999999999995,True,True,3.67,8565174.0,17415013.2
2022-12-23,3.39,3.42,3.34,3.4,2240300.0,9390179.0,1361295934.0000002,0.0016457112256386124,3.4200000000000004,3.4810000000000003,3.5495000000000005,3.5275000000000003,30.303029660238735,4712742.0,3.5406666666666666,3.5784999999999996,True,True,3.67,7617020.0,16877392.467
2022-12-26,3.4,3.43,3.4,3.43,1408774.0,5964728.0,1361295934.0000002,0.0010348771085068118,3.4219999999999997,3.464,3.5420000000000003,3.5269999999999997,36.50793569664905,4605137.35,3.5393333333333334,3.5744999999999996,True,True,3.67,4832094.82,16481602.014999997
2022-12-27,3.44,3.44,3.42,3.44,1490787.0,6334013.0,1361295934.0000002,0.001095123376751377,3.418,3.4509999999999996,3.534,3.5260000000000002,33.33333255555556,4380018.9,3.538,3.5720000000000005,True,True,3.67,5128307.28,15659249.299
2022-12-28,3.43,3.5,3.4,3.45,3000498.0,12864852.0,1361295934.0000002,0.002204148212786772,3.4219999999999997,3.442,3.5235,3.525,31.03448200951253,3992494.2,3.5349999999999997,3.5665,True,True,3.67,10351718.1,14209403.668000001
2022-12-29,3.45,3.46,3.42,3.43,1116424.0,4745630.0,1361295934.0000002,0.0008201185150972469,3.4300000000000006,3.435,3.5125,3.5230000000000006,39.999998755555616,3762422.0,3.531,3.5585,True,True,3.67,3829334.3200000003,13357359.474
2022-12-30,3.43,3.46,3.42,3.45,1415064.0,6024809.0,1361295934.0000002,0.0010394977055738417,3.44,3.4300000000000006,3.5050000000000003,3.5208333333333335,30.769229664694336,3608741.2,3.5275000000000003,3.5495000000000005,True,True,3.67,4881970.8,12793495.614
2023-01-03,3.46,3.48,3.43,3.48,1854447.0,7952090.0,1361295934.0000002,0.0013622658774502736,3.45,3.436,3.496,3.5188333333333333,38.461537080867906,3474040.45,3.5269999999999997,3.5420000000000003,True,True,3.67,6453475.56,12283800.846
2023-01-04,3.5,3.5,3.46,3.46,1752400.0,7541067.0,1361295934.0000002,0.0012873027504392734,3.4539999999999997,3.436,3.489,3.515833333333333,39.473682756232726,3383278.35,3.5260000000000002,3.534,True,True,3.67,6063304.0,11944790.486
2023-01-05,3.47,3.49,3.46,3.48,2479000.0,10660718.0,1361295934.0000002,0.001821058844064688,3.46,3.441,3.4809999999999994,3.512833333333333,47.22222038580254,3245493.35,3.525,3.5235,True,True,3.67,8626920.0,11423421.086
2023-01-06,3.49,3.5,3.46,3.46,1709140.0,7356582.0,1361295934.0000002,0.0012555242084488587,3.466,3.4479999999999995,3.4705,3.5096666666666665,44.73684045706377,2922999.15,3.5230000000000006,3.5125,True,True,3.67,5913624.4,10221921.402
2023-01-09,3.47,3.48,3.46,3.47,1162100.0,4996776.0,1361295934.0000002,0.0008536718365016433,3.47,3.4549999999999996,3.468,3.5069999999999997,58.06451350676395,2431887.05,3.5208333333333335,3.5050000000000003,True,True,3.6,4032487.0,8490301.56
2023-01-10,3.47,3.49,3.44,3.44,1602000.0,6859305.0,1361295934.0000002,0.0011768197935424082,3.4619999999999997,3.4560000000000004,3.46,3.5039999999999996,46.66666448888899,2064332.05,3.5188333333333333,3.496,False,True,3.6,5510880.0,7154287.5600000005
2023-01-11,3.48,3.48,3.44,3.45,1622053.0,6951448.0,1361295934.0000002,0.0011915506095972808,3.46,3.457,3.4539999999999997,3.501166666666667,53.57142589285726,1971500.55,3.515833333333333,3.489,True,False,3.57,5596082.850000001,6813146.7870000005
2023-01-12,3.46,3.46,3.43,3.45,1202020.0,5137280.0,1361295934.0000002,0.000882996834103524,3.4539999999999997,3.457,3.4495000000000005,3.4995,62.49999635416686,1884256.55,3.512833333333333,3.4809999999999994,True,True,3.54,4146969.0,6498893.937000001
2023-01-13,3.45,3.46,3.44,3.46,1458915.0,6233121.0,1361295934.0000002,0.0010717103926940839,3.4539999999999997,3.46,3.4475000000000002,3.4983333333333335,62.49999635416686,1829340.3,3.5096666666666665,3.4705,False,True,3.5,5047845.9,6303769.232
2023-01-16,3.46,3.5,3.45,3.5,3948520.0,17007612.0,1361295934.0000002,0.0029005596074894316,3.46,3.465,3.4475000000000002,3.4979999999999998,63.99999641600014,1931146.5,3.5069999999999997,3.468,False,False,3.5,13819820.0,6660090.932
2023-01-17,3.48,3.51,3.47,3.48,1552012.0,6705449.0,1361295934.0000002,0.0011400989022567665,3.468,3.465,3.4505000000000003,3.4981666666666666,57.69230458579897,1853394.55,3.5039999999999996,3.46,False,False,3.5,5401001.76,6398835.299000001
2023-01-18,3.49,3.5,3.48,3.5,1274060.0,5513562.0,1361295934.0000002,0.0009359169951065172,3.478,3.469,3.4524999999999997,3.4983333333333335,59.259256186557046,1814388.75,3.501166666666667,3.4539999999999997,False,False,3.5,4459210.0,6266423.351
2023-01-19,3.5,3.52,3.49,3.52,1609454.0,6984021.0,1361295934.0000002,0.0011822954581747834,3.492,3.473,3.457,3.498666666666667,66.66666320987667,1821228.4,3.4995,3.4495000000000005,False,False,3.5,5665278.08,6297125.8935
2023-01-20,3.52,3.55,3.52,3.54,2183393.0,9574649.0,1361964763.0,0.0016031200360798175,3.508,3.4810000000000003,3.4645,3.5,66.66666320987667,1804068.05,3.4983333333333335,3.4475000000000002,False,False,3.52,7729211.22,6255327.7545
2023-01-30,3.57,3.58,3.54,3.55,2065622.0,9090219.0,1361964763.0,0.0015166486359383146,3.518,3.489,3.472,3.5028333333333337,63.99999641600014,1795334.15,3.4979999999999998,3.4475000000000002,False,False,3.54,7332958.1,6241124.6595
2023-01-31,3.55,3.56,3.53,3.55,2288732.0,10051552.0,1361964763.0,0.0016804634467624622,3.532,3.5,3.478,3.505666666666667,69.5652131569,1839332.05,3.4981666666666666,3.4505000000000003,False,False,3.55,8124998.6,6405769.8485
2023-02-01,3.55,3.58,3.54,3.58,2239965.0,9892648.0,1361964763.0,0.0016446570872112936,3.5479999999999996,3.5130000000000003,3.4850000000000003,3.508166666666667,70.83332920138909,1876790.95,3.4983333333333335,3.4524999999999997,False,False,3.55,8019074.7,6550308.2195
2023-02-02,3.58,3.6,3.56,3.56,1757072.0,7785171.0,1361964763.0,0.0012901009245861084,3.556,3.524,3.4905,3.5103333333333335,70.83332920138909,1814619.65,3.498666666666667,3.457,False,False,3.58,6255176.32,6345481.1305
2023-02-03,3.56,3.57,3.54,3.56,2382623.0,10495078.0,1361964763.0,0.0017494013536383981,3.56,3.534,3.497,3.512666666666667,69.5652131569,1877929.6,3.5,3.4645,False,False,3.58,8482137.88,6578121.308499999
2023-02-06,3.56,3.58,3.54,3.57,1573066.0,6949552.0,1361964763.0,0.0011549975761010198,3.564,3.5409999999999995,3.5029999999999992,3.5145,80.95237555555589,1885829.7,3.5028333333333337,3.472,False,False,3.58,5615845.62,6614815.0495
2023-02-07,3.57,3.58,3.55,3.58,1315999.0,5820617.0,1361964763.0,0.0009662504021772551,3.5700000000000003,3.5509999999999997,3.5080000000000005,3.5158333333333336,80.95237555555589,1858907.3,3.505666666666667,3.478,False,False,3.58,4711276.42,6527705.0925
2023-02-08,3.58,3.58,3.54,3.54,2485307.0,10927624.0,1361964763.0,0.001824795374680336,3.5620000000000003,3.5549999999999997,3.5119999999999996,3.5170000000000003,67.99999619200018,1895552.65,3.508166666666667,3.4850000000000003,False,False,3.58,8797986.78,6664439.2315
2023-02-09,3.54,3.57,3.54,3.56,1952529.0,8606817.0,1361964763.0,0.001433611979578065,3.562,3.559,3.5160000000000005,3.5185000000000004,69.23076550295877,1869229.1,3.5103333333333335,3.4905,False,False,3.58,6951003.24,6580643.393499999
2023-02-10,3.54,3.58,3.54,3.58,2429339.0,10719525.0,1361964763.0,0.0017837018005142033,3.566,3.5629999999999997,3.522,3.5203333333333333,66.666662777778,1905239.05,3.512666666666667,3.497,False,False,3.58,8697033.620000001,6719813.8545
2023-02-13,3.6,3.6,3.56,3.58,1984511.0,8783543.0,1361964763.0,0.0014570942317396797,3.568,3.566,3.5275,3.522,72.72726809917384,1946359.6,3.5145,3.5029999999999992,False,False,3.58,7104549.38,6873416.9735
2023-02-14,3.58,3.59,3.57,3.59,2472752.0,10983833.0,1361964763.0,0.0018155770745149594,3.5700000000000003,3.5700000000000003,3.535,3.5238333333333336,71.42856666666695,1989897.2,3.5158333333333336,3.5080000000000005,False,False,3.58,8877179.68,7041731.9575000005
2023-02-15,3.59,3.61,3.57,3.58,2938852.0,13053528.0,1361964763.0,0.0021578032558835004,3.5780000000000003,3.5699999999999994,3.5415,3.525333333333333,64.99999545000034,2055737.15,3.5170000000000003,3.5119999999999996,False,False,3.59,10521090.16,7287982.323000001
2023-02-16,3.58,3.58,3.51,3.52,4075279.0,17940300.0,1361964763.0,0.0029922059004106553,3.5700000000000003,3.5660000000000003,3.5449999999999995,3.525,45.83333065972237,2199400.1,3.5185000000000004,3.5160000000000005,False,False,3.59,14344982.08,7797882.977000001
2023-02-17,3.52,3.55,3.51,3.51,2100457.0,9192079.0,1361964763.0,0.0015422256559511297,3.556,3.561,3.5475000000000003,3.524833333333333,41.66666423611125,2231477.2,3.5203333333333333,3.522,True,False,3.59,7372604.069999999,7914120.885500001
2023-02-20,3.54,3.55,3.5,3.54,2147949.0,9390201.0,1361964763.0,0.0015770958679347273,3.5479999999999996,3.558,3.5495000000000005,3.525166666666667,48.14814565157768,2141448.65,3.522,3.5275,True,True,3.59,7603739.46,7603316.858500001
2023-02-21,3.55,3.57,3.54,3.55,2295420.0,10105317.0,1361964763.0,0.001685373999650239,3.54,3.5549999999999997,3.553,3.5260000000000002,43.999997536000095,2178619.05,3.5238333333333336,3.535,True,True,3.59,8148741.0,7740703.820500001
2023-02-22,3.55,3.57,3.54,3.56,2070640.0,9131150.0,1361964763.0,0.00152033301907092,3.536,3.557,3.556,3.5268333333333337,49.999997083333504,2218448.05,3.525333333333333,3.5415,True,True,3.59,7371478.4,7886317.2405
2023-02-23,3.56,3.58,3.56,3.57,2215620.0,9795975.0,1361964763.0,0.0016267821754210833,3.5460000000000003,3.558,3.5585,3.527333333333333,51.99999708800013,2248756.35,3.525,3.5449999999999995,False,True,3.59,7909763.399999999,7998541.5065
2023-02-24,3.57,3.58,3.54,3.55,2299142.0,10123995.0,1361964763.0,0.0016881068163141603,3.554,3.5549999999999997,3.5589999999999997,3.5273333333333334,46.15384366863918,2254543.8,3.524833333333333,3.5475000000000003,False,False,3.59,8161954.1,8020178.6504999995
2023-02-27,3.56,3.58,3.54,3.54,2464281.0,10847256.0,1361964763.0,0.0018093573834993557,3.554,3.5509999999999997,3.5585,3.5266666666666664,42.30769002958591,2274476.75,3.525166666666667,3.5495000000000005,True,False,3.59,8723554.74,8089708.4825
2023-02-28,3.55,3.57,3.54,3.56,1544901.0,6801578.0,1361964763.0,0.0011343178927750277,3.556,3.5479999999999996,3.559,3.5263333333333335,54.16666350694463,2237285.2,3.5260000000000002,3.553,True,True,3.59,5499847.5600000005,7958450.930500001
2023-03-01,3.58,3.58,3.55,3.56,2413841.0,10664271.0,1361964763.0,0.0017723226514928566,3.556,3.5460000000000003,3.558,3.5256666666666665,49.99999681818202,2245979.0,3.5268333333333337,3.556,False,True,3.59,8593273.96,7987160.8935
2023-03-02,3.56,3.59,3.56,3.58,3555098.0,15772448.0,1361964763.0,0.0026102716432759867,3.558,3.5519999999999996,3.559,3.5243333333333333,49.99999681818202,2335880.3,3.527333333333333,3.5585,False,False,3.59,12727250.84,8310764.619500001
2023-03-03,3.58,3.6,3.57,3.59,2841460.0,12637002.0,1361964763.0,0.002086294797922022,3.566,3.56,3.5604999999999998,3.523333333333333,52.17390986767501,2358822.15,3.5273333333333334,3.5589999999999997,False,False,3.59,10200841.4,8396699.795500001
2023-03-06,3.59,3.62,3.59,3.62,3063281.0,13680675.0,1361964763.0,0.0022491631819111903,3.582,3.568,3.563,3.5236666666666663,55.99999686400022,2433332.9,3.5266666666666664,3.5585,False,False,3.59,11089077.22,8670361.375500001
2023-03-07,3.63,3.7,3.61,3.62,9585633.0,43460258.0,1361964763.0,0.00703809177770923,3.594,3.575,3.565,3.523,58.33332993055575,2846814.6,3.5263333333333335,3.559,False,False,3.62,34699991.46,10169797.1275
2023-03-08,3.62,3.67,3.61,3.64,5253469.0,23719457.0,1361964763.0,0.003857272333851122,3.6100000000000003,3.5829999999999997,3.5700000000000003,3.5236666666666667,79.99999440000039,2985222.7,3.5256666666666665,3.558,False,False,3.62,19122627.16,10686029.146499999
2023-03-09,3.67,3.67,3.63,3.64,3379984.0,15253411.0,1361964763.0,0.002481697098062147,3.622,3.59,3.5740000000000003,3.5236666666666663,84.21052011080388,3056595.45,3.5243333333333333,3.559,False,False,3.64,12303141.76,10953636.072500002
2023-03-10,3.63,3.67,3.6,3.63,3757879.0,16875370.0,1361964763.0,0.002759160223589426,3.63,3.598,3.5765000000000002,3.523,76.47058193771676,3123022.45,3.523333333333333,3.5604999999999998,False,False,3.64,13641100.77,11200839.43
2023-03-13,3.6,3.63,3.58,3.61,2472100.0,11033698.0,1361964763.0,0.001815098354347072,3.628,3.6049999999999995,3.5780000000000003,3.5245,66.66666148148188,3147401.9,3.5236666666666663,3.563,False,False,3.64,8924281.0,11291826.011
2023-03-14,3.63,3.65,3.59,3.63,2642132.0,11869973.0,1361964763.0,0.0019399415254915814,3.63,3.6120000000000005,3.5799999999999996,3.525,68.42104759002802,3155870.9,3.523,3.565,False,False,3.64,9590939.16,11327513.985
2023-03-15,3.63,3.68,3.63,3.68,4119639.0,18659031.0,1361964763.0,0.0030247764934282664,3.6379999999999995,3.624,3.585,3.5268333333333337,73.91303897920635,3214910.25,3.5236666666666667,3.5700000000000003,False,False,3.64,15160271.520000001,11559473.053
2023-03-16,3.67,3.67,3.63,3.64,3040860.0,13730606.0,1361964763.0,0.002232700935156279,3.6379999999999995,3.6300000000000003,3.591,3.5285,67.99999619200024,3163189.3,3.5236666666666663,3.5740000000000003,False,False,3.68,11068730.4,11395660.469
2023-03-17,3.64,3.67,3.63,3.63,2055648.0,9285742.0,1361964763.0,0.0015093253921430565,3.6380000000000003,3.6339999999999995,3.597,3.530666666666667,67.99999619200011,3160948.85,3.523,3.5765000000000002,False,False,3.68,7462002.24,11400130.377500001
2023-03-20,3.63,3.66,3.59,3.61,2913060.0,13043687.0,1361964763.0,0.00213886590838327,3.6380000000000003,3.633,3.6004999999999994,3.5325,59.99999664000012,3199204.4,3.5245,3.5780000000000003,False,False,3.68,10516146.6,11545750.7345
2023-03-21,3.59,3.62,3.56,3.57,3430679.0,15201881.0,1361964763.0,0.0025189190595821605,3.626,3.6279999999999992,3.6015,3.5349999999999997,51.72413543400722,3255967.35,3.525,3.5799999999999996,False,False,3.68,12247524.03,11750689.886
2023-03-22,3.58,3.59,3.55,3.57,2512617.0,11104444.0,1361964763.0,0.0018448472884610159,3.604,3.621,3.6019999999999994,3.536833333333333,48.1481456515776,3278066.2,3.5268333333333337,3.585,True,False,3.68,8970042.69,11830618.1005
2023-03-23,3.55,3.57,3.53,3.54,3100320.0,13603652.0,1361964763.0,0.002276358452307477,3.5839999999999996,3.6109999999999998,3.6005000000000003,3.538666666666667,41.379308347205864,3322301.2,3.5285,3.591,True,True,3.68,10975132.8,11983886.5705
2023-03-24,3.54,3.57,3.53,3.54,2757193.0,12104282.0,1361964763.0,0.002024423153156129,3.566,3.6019999999999994,3.6,3.541166666666667,34.61538275147943,3345203.75,3.530666666666667,3.597,True,True,3.68,9760463.22,12063812.026500002
2023-03-27,3.54,3.54,3.49,3.5,3286454.0,14286290.0,1361964763.0,0.0024130242494386765,3.5439999999999996,3.5909999999999997,3.598,3.5428333333333333,29.999998600000097,3386312.4,3.5325,3.6004999999999994,True,True,3.68,11502589.0,12202763.739500001
2023-03-28,3.51,3.53,3.5,3.5,2434880.0,10593646.0,1361964763.0,0.0017877701877078592,3.53,3.5780000000000003,3.5949999999999998,3.544,24.999998750000103,3430811.35,3.5349999999999997,3.6015,True,True,3.68,8522080.0,12353875.3615
2023-03-29,3.5,3.52,3.46,3.47,2590160.0,11156314.0,1361964763.0,0.0019017819479372243,3.5100000000000002,3.557,3.5905,3.5445,22.580644141519358,3439627.3,3.536833333333333,3.6019999999999994,True,True,3.68,8987855.200000001,12373604.4235
2023-03-30,3.47,3.48,3.45,3.46,1786993.0,7661780.0,1361964763.0,0.0013120699217384966,3.4940000000000007,3.539,3.5845,3.5446666666666666,22.580644141519358,3351222.05,3.538666666666667,3.6005000000000003,True,True,3.68,6182995.78,12046391.6705
2023-03-31,3.46,3.54,3.45,3.51,3434212.0,14887729.0,1361964763.0,0.002521513106136065,3.4880000000000004,3.5269999999999997,3.5805,3.546,35.294116193771686,3380859.65,3.541166666666667,3.6,True,True,3.68,12054084.12,12139053.806499999
2023-04-03,3.51,3.53,3.5,3.5,1962946.0,8532061.0,1361964763.0,0.0014412604887634674,3.4880000000000004,3.5159999999999996,3.5744999999999996,3.5468333333333333,30.303029017447273,3325842.9,3.5428333333333333,3.598,True,True,3.68,6870311.0,11928115.4955
2023-04-04,3.5,3.52,3.48,3.49,2214073.0,9588363.0,1361964763.0,0.0016256463163724303,3.4859999999999998,3.508,3.568,3.547,17.24137847800239,2957264.9,3.544,3.5949999999999998,True,True,3.68,7727114.7700000005,10579471.661
2023-04-06,3.49,3.53,3.46,3.5,2624231.0,11331247.0,1361964763.0,0.001926798013642883,3.492,3.501,3.561,3.5476666666666667,23.076921834319492,2825803.0,3.5445,3.5905,True,True,3.68,9184808.5,10082580.728
2023-04-07,3.48,3.5,3.48,3.5,1341029.0,5804032.0,1361964763.0,0.0009846282638371019,3.5,3.497,3.554,3.5480000000000005,23.999998656000002,2723855.25,3.5446666666666666,3.5845,True,True,3.68,4693601.5,9702103.715
2023-04-10,3.5,3.52,3.48,3.52,2101882.0,9110197.0,1361964763.0,0.0015432719385266504,3.5020000000000002,3.495,3.5484999999999998,3.549,31.999998208000065,2641055.4,3.546,3.5805,True,True,3.68,7398624.64,9389979.9085
2023-04-11,3.52,3.52,3.48,3.5,1876820.0,8142475.0,1361964763.0,0.001378023904132386,3.5020000000000002,3.495,3.543,3.5495,34.782606578450014,2611291.4,3.5468333333333333,3.5744999999999996,True,True,3.68,6568870.0,9272209.3585
2023-04-12,3.52,3.54,3.5,3.5,2449672.0,10662821.0,1361964763.0,0.0017986309679584567,3.504,3.495,3.5365,3.5505,34.782606578450014,2601668.4,3.547,3.568,True,True,3.68,8573852.0,9221355.000500001
2023-04-13,3.5,3.52,3.5,3.51,2144974.0,9327986.0,1361964763.0,0.0015749115236103946,3.5060000000000002,3.499,3.528,3.5515,42.8571400000001,2502935.15,3.5476666666666667,3.561,True,True,3.68,7528858.739999999,8839784.3615
2023-04-14,3.52,3.54,3.51,3.54,2426327.0,10610026.0,1361964763.0,0.0017814902895545764,3.5140000000000002,3.507,3.5229999999999997,3.553,49.999997083333504,2472208.5,3.5480000000000005,3.554,True,True,3.64,8589197.58,8715807.7205
2023-04-17,3.54,3.56,3.53,3.55,3230036.0,14190394.0,1361964763.0,0.002371600270248695,3.5200000000000005,3.511,3.5189999999999997,3.5544999999999995,61.904757777778066,2530927.9,3.549,3.5484999999999998,False,True,3.63,11466627.799999999,8916038.9985
2023-04-18,3.55,3.56,3.54,3.54,3083922.0,13546745.0,1361964763.0,0.0022643184932384336,3.528,3.5149999999999997,3.5155000000000003,3.5551666666666666,59.090905330578806,2539471.0,3.5495,3.543,False,False,3.61,10917083.88,8936085.8625
2023-04-19,3.55,3.56,3.52,3.53,3248440.0,14233572.0,1361964763.0,0.0023851131014907176,3.5340000000000003,3.5189999999999997,3.5134999999999996,3.556,64.99999545000028,2530359.05,3.5505,3.5365,False,False,3.57,11466993.2,8897059.320999999
2023-04-20,3.54,3.54,3.5,3.52,2471993.0,10744856.0,1361964763.0,0.0018150197913747348,3.536,3.521,3.511,3.5563333333333333,64.99999545000041,2528327.85,3.5515,3.528,False,False,3.57,8701415.36,8883627.9545
2023-04-21,3.54,3.54,3.48,3.5,2771760.0,12038838.0,1361964763.0,0.002035118730894802,3.528,3.521,3.5089999999999995,3.5559999999999996,47.058819653979604,2511899.85,3.553,3.5229999999999997,False,False,3.55,9701160.0,8819929.3145
2023-04-24,3.5,3.52,3.45,3.5,4316663.0,18664496.0,1361964763.0,0.0031694380921366027,3.518,3.5189999999999997,3.507,3.555333333333333,49.99999562500038,2589873.35,3.5544999999999995,3.5189999999999997,True,False,3.55,15108320.5,9087322.1785
2023-04-25,3.53,3.54,3.49,3.49,4318355.0,18142074.0,1361964763.0,0.0031706804150262733,3.508,3.518,3.5065000000000004,3.554333333333333,49.99999562500038,2641468.4,3.5551666666666666,3.5155000000000003,True,True,3.55,15071058.950000001,9265745.675999999
2023-04-26,3.49,3.53,3.47,3.52,2023026.0,8464673.0,1361964763.0,0.0014853732306141902,3.5060000000000002,3.5200000000000005,3.5075000000000003,3.553833333333334,55.55555123456826,2620875.7,3.556,3.5134999999999996,True,True,3.55,7121051.5200000005,9195694.252
2023-04-27,3.5,3.57,3.49,3.56,3443209.0,14614274.0,1361964763.0,0.002528119003912879,3.5140000000000002,3.525,3.5120000000000005,3.5535,63.636359586777175,2663528.15,3.5563333333333333,3.511,False,True,3.55,12257824.040000001,9359192.694
2023-04-28,3.56,3.58,3.54,3.58,2148900.0,9162734.0,1361964763.0,0.0015777941238851272,3.5300000000000002,3.529,3.518,3.553833333333333,63.636359586777175,2681623.5,3.5559999999999996,3.5089999999999995,False,False,3.56,7693062.0,9434696.004999999
2023-05-04,3.61,3.73,3.59,3.71,10418844.0,45828133.0,1361964763.0,0.007649863111766865,3.572,3.5450000000000004,3.528,3.5563333333333333,81.81817834710766,3030855.1,3.555333333333333,3.507,False,False,3.58,38653911.24,10764687.361
2023-05-05,3.73,3.74,3.68,3.71,5024452.0,22266093.0,1361964763.0,0.0036891204064139213,3.6159999999999997,3.562,3.5385000000000004,3.558666666666667,81.81817834710766,3183930.4,3.554333333333333,3.5065000000000004,False,False,3.71,18640716.919999998,11353207.657
2023-05-08,3.71,3.8,3.7,3.79,7130687.0,32131980.0,1361964763.0,0.005235588462871268,3.6700000000000004,3.5879999999999996,3.5534999999999997,3.5621666666666667,84.99999702500018,3429761.1,3.553833333333334,3.5075000000000003,False,False,3.71,27025303.73,12318117.105
2023-05-09,3.77,3.9,3.77,3.8,9287163.0,42579310.0,1361964763.0,0.006818945138891233,3.718,3.6160000000000005,3.5684999999999993,3.5664999999999996,84.21052321329657,3762907.7,3.5535,3.5120000000000005,False,False,3.79,35291219.4,13623437.65
2023-05-10,3.8,3.85,3.78,3.8,4869291.0,22188306.0,1361964763.0,0.0035751960199575297,3.7619999999999996,3.646,3.5835,3.5705,83.78378061358674,3939320.8,3.553833333333333,3.518,False,False,3.8,18503305.8,14313922.865
2023-05-11,3.8,3.9,3.79,3.89,7226713.0,33383707.0,1361964763.0,0.005306093958027018,3.7979999999999996,3.685,3.6020000000000003,3.575666666666667,88.88888612345691,4195562.35,3.5563333333333333,3.528,False,False,3.8,28111913.57,15349587.311500002
2023-05-12,3.88,3.93,3.85,3.9,5724440.0,26777768.0,1361964763.0,0.004203074966044477,3.836,3.726,3.622,3.581,91.11110827654338,4387943.35,3.558666666666667,3.5385000000000004,False,False,3.89,22325316.0,16137409.6115
2023-05-15,3.95,3.96,3.86,3.9,8570124.0,39946841.0,1339808772.0,0.006396527757619428,3.8579999999999997,3.7640000000000002,3.6420000000000003,3.5861666666666663,93.18181521694228,4693965.95,3.5621666666666667,3.5534999999999997,False,False,3.9,33423483.599999998,17379891.1915
2023-05-16,3.9,3.93,3.83,3.85,7677060.0,35540266.0,1339808772.0,0.0057299669627778795,3.868,3.793,3.659,3.5906666666666665,87.23403995473079,4970570.25,3.5664999999999996,3.5684999999999993,False,False,3.9,29556681.0,18481282.304500002
2023-05-17,3.85,3.9,3.8,3.83,8329074.0,38255001.0,1339808772.0,0.0062166140228853495,3.874,3.818,3.6734999999999998,3.595833333333333,83.67346699708467,5265707.6,3.5705,3.5835,False,False,3.9,31900353.42,19646840.096499998
2023-05-18,3.85,3.86,3.8,3.83,4608500.0,21127619.0,1339808772.0,0.00343966997105166,3.8619999999999997,3.8299999999999996,3.6875,3.6011666666666664,85.41666417534731,5334630.8,3.575666666666667,3.6020000000000003,False,False,3.9,17650555.0,19956036.4565
2023-05-19,3.83,3.85,3.8,3.84,5088980.0,23275554.0,1339808772.0,0.0037982883127443802,3.85,3.843,3.7024999999999997,3.6061666666666663,84.782606115312,5434883.7,3.581,3.622,False,False,3.9,19541683.2,20387266.422500003
2023-05-22,3.84,3.87,3.8,3.82,5901278.0,27047654.0,1339808772.0,0.00440456737060384,3.8340000000000005,3.846,3.717,3.610666666666667,79.5454520144629,5567525.6,3.5861666666666663,3.6420000000000003,False,False,3.9,22542881.96,20941060.8605
2023-05-23,3.81,3.87,3.8,3.8,5657140.0,25917045.0,1339808772.0,0.00422234882934473,3.8239999999999994,3.846,3.7310000000000003,3.6146666666666665,74.99999761363644,5726782.95,3.5906666666666665,3.659,False,False,3.9,21497132.0,21580846.692500003
2023-05-24,3.81,3.85,3.76,3.77,4486545.0,20412151.0,1339808772.0,0.0033486457871914873,3.8120000000000003,3.843,3.7445,3.6180000000000003,58.8235269896195,5812522.2,3.595833333333333,3.6734999999999998,False,False,3.9,16914274.65,21941502.425
2023-05-25,3.77,3.86,3.76,3.84,7113342.0,32455730.0,1339808772.0,0.005309221844682773,3.814,3.838,3.7615000000000003,3.6228333333333333,65.85365628792394,5952356.15,3.6011666666666664,3.6875,False,False,3.9,27315233.279999997,22551848.064000003
2023-05-26,3.85,3.91,3.79,3.84,4407184.0,20186534.0,1339808772.0,0.0032894127073232805,3.814,3.832,3.779,3.6278333333333337,57.57575513314978,5956797.6,3.6061666666666663,3.7024999999999997,False,False,3.9,16923586.56,22644474.4445
2023-05-29,3.85,3.94,3.85,3.9,10455004.0,48771577.0,1339808772.0,0.007803355388092652,3.8299999999999996,3.8319999999999994,3.7979999999999996,3.6334999999999997,63.15789240997241,6378396.5,3.610666666666667,3.717,False,False,3.9,40774515.6,24327147.648500003
2023-05-30,3.88,3.92,3.82,3.85,5159720.0,23806183.0,1339808772.0,0.0038510868922718173,3.84,3.832,3.8125,3.6383333333333336,55.81395167117371,6464222.05,3.6146666666666665,3.7310000000000003,False,False,3.9,19864922.0,24707502.546499997
2023-05-31,3.86,3.86,3.79,3.81,3688393.0,16805802.0,1339808772.0,0.002752924952487175,3.848,3.8299999999999996,3.8239999999999994,3.6421666666666663,39.473682756232705,6541196.7,3.6180000000000003,3.7445,False,False,3.9,14052777.33,25025488.313
2023-06-01,3.84,3.84,3.69,3.69,6382000.0,28511470.0,1339808772.0,0.0047633663350877065,3.818,3.816,3.8230000000000004,3.6438333333333337,28.571427755102036,6339354.5,3.6228333333333333,3.7615000000000003,True,False,3.9,23549580.0,24270271.751
2023-06-02,3.69,3.77,3.69,3.73,5407869.0,24171191.0,1339808772.0,0.004036299144337891,3.7960000000000003,3.8050000000000006,3.8239999999999994,3.6456666666666666,33.96226325382699,6358525.35,3.6278333333333337,3.779,True,True,3.9,20171351.37,24346803.473500002
2023-06-05,3.74,3.75,3.69,3.72,4100520.0,18225511.0,1339808772.0,0.003060526312183303,3.7600000000000002,3.7950000000000004,3.8205,3.6473333333333335,36.73469282798836,6207017.0,3.6334999999999997,3.7979999999999996,True,True,3.9,15253934.4,23758235.007
2023-06-06,3.71,3.73,3.63,3.63,5698904.0,24934179.0,1339808772.0,0.004253520441945577,3.7159999999999997,3.778,3.8120000000000003,3.6471666666666662,32.1428563392857,6027604.05,3.6383333333333336,3.8125,True,True,3.9,20687021.52,23028025.112999998
2023-06-07,3.64,3.74,3.62,3.69,4671700.0,20579037.0,1339808772.0,0.0034868408817971225,3.692,3.7700000000000005,3.8064999999999998,3.648,38.70967654526535,6017724.5,3.6421666666666663,3.8239999999999994,True,True,3.9,17238573.0,22964788.472999997
2023-06-08,3.68,3.72,3.64,3.68,2368825.0,10395363.0,1339808772.0,0.0017680321621300745,3.69,3.754,3.7959999999999994,3.6488333333333336,37.096773355879336,5774830.1,3.6438333333333337,3.8230000000000004,True,True,3.9,8717276.0,21995056.594499998
2023-06-09,3.68,3.69,3.64,3.64,2747860.0,11991706.0,1339808772.0,0.0020509344746997967,3.6719999999999997,3.7340000000000004,3.783,3.649333333333333,35.93749921386723,5626001.1,3.6456666666666666,3.8239999999999994,True,True,3.9,10002210.4,21378901.3145
2023-06-12,3.62,3.65,3.59,3.62,5010100.0,21669491.0,1339808772.0,0.0037394142393329544,3.652,3.7060000000000004,3.7689999999999997,3.6491666666666664,35.93749921386723,5447999.9,3.6473333333333335,3.8205,True,True,3.9,18136562.0,20614555.2345
2023-06-13,3.62,3.64,3.59,3.61,3628000.0,15656331.0,1339808772.0,0.0027078491168439672,3.6480000000000006,3.682,3.757,3.648,37.0967733558793,5245546.9,3.6471666666666662,3.8120000000000003,True,True,3.9,13097080.0,19791575.1845
2023-06-14,3.63,3.63,3.59,3.59,3984083.0,17168320.0,1339808772.0,0.0029736206265113183,3.628,3.66,3.745,3.6471666666666667,28.070174749153608,5028297.35,3.648,3.8064999999999998,True,True,3.9,14302857.969999999,18911700.411999997
2023-06-15,3.61,3.62,3.58,3.62,3576743.0,15388186.0,1339808772.0,0.0026695921647540907,3.6160000000000005,3.653,3.7345000000000006,3.6470000000000002,31.666665927777828,4976709.5,3.6488333333333336,3.7959999999999994,True,True,3.9,12947809.66,18676563.145000003
2023-06-16,3.62,3.66,3.6,3.65,4081656.0,17770560.0,1339808772.0,0.0030464466909759865,3.618,3.6449999999999996,3.725,3.6476666666666664,28.070174749153608,4926343.3,3.649333333333333,3.783,True,True,3.9,14898044.4,18444381.205
2023-06-19,3.62,3.63,3.59,3.59,4511204.0,19433666.0,1339808772.0,0.003367050652509088,3.6119999999999997,3.632,3.7135,3.648,27.586206230677774,4856839.6,3.6491666666666664,3.7689999999999997,True,True,3.9,16195222.36,18126998.225
2023-06-20,3.59,3.59,3.54,3.54,3724660.0,15848543.0,1339808772.0,0.002779993740778404,3.598,3.6229999999999998,3.7004999999999995,3.6475,27.118643424303386,4760215.6,3.648,3.757,True,True,3.9,13185296.4,17711406.445
2023-06-21,3.55,3.59,3.52,3.55,3138480.0,13364734.0,1339808772.0,0.0023424835436142376,3.59,3.6089999999999995,3.6895000000000002,3.6476666666666664,35.41666563368058,4692812.35,3.6471666666666667,3.745,True,True,3.9,11141604.0,17422772.9125
2023-06-26,3.54,3.64,3.53,3.61,6497775.0,27974336.0,1339808772.0,0.004849777920397136,3.5879999999999996,3.6019999999999994,3.678,3.6488333333333336,37.99999893600001,4662034.0,3.6470000000000002,3.7345000000000006,True,True,3.9,23456967.75,17229859.636
2023-06-27,3.63,3.76,3.59,3.72,11371255.0,50095158.0,1339808772.0,0.008487222384001528,3.6020000000000003,3.6100000000000003,3.6719999999999997,3.6525000000000003,49.999998833333365,5010237.55,3.6476666666666664,3.725,True,True,3.9,42301068.6,18498733.737999998
2023-06-28,3.71,3.95,3.7,3.88,19879040.0,91513227.0,1339808772.0,0.014837221859896884,3.66,3.636,3.6710000000000003,3.6588333333333334,68.65671498329253,5481439.35,3.648,3.7135,False,True,3.9,77130675.2,20316541.718
2023-06-29,3.83,3.97,3.81,3.95,15591444.0,73204861.0,1339808772.0,0.011637066666406331,3.742,3.6700000000000004,3.6759999999999997,3.6668333333333334,69.11764563581319,6003025.55,3.6475,3.7004999999999995,False,False,3.88,61586203.800000004,22402605.808000002
2023-06-30,3.94,4.04,3.89,3.9,8466753.0,39923862.0,1339808772.0,0.006319374209918966,3.8120000000000003,3.7009999999999996,3.6805000000000008,3.6741666666666664,65.27777650848765,6241943.55,3.6476666666666664,3.6895000000000002,False,False,3.95,33020336.7,23350983.776499998
2023-07-03,3.9,3.94,3.84,3.88,6438900.0,29825667.0,1339808772.0,0.004805835082262023,3.8660000000000005,3.7270000000000003,3.69,3.680333333333333,67.14285579999999,6244788.55,3.6488333333333336,3.678,False,False,3.95,24982932.0,23422651.3765
2023-07-04,3.91,3.91,3.84,3.85,3839460.0,17741581.0,1339808772.0,0.0028656776102970612,3.8920000000000003,3.747,3.696,3.6861666666666664,66.19718179329499,6166368.1,3.6525000000000003,3.6719999999999997,False,False,3.95,14781921.0,23153179.858
2023-07-05,3.87,3.92,3.84,3.88,6343565.0,29454972.0,1339808772.0,0.004734679405427867,3.8920000000000003,3.776,3.7040000000000006,3.6926666666666668,68.49314937136427,6278520.35,3.6588333333333334,3.6710000000000003,False,False,3.95,24613032.2,23621134.748000003
2023-07-06,3.88,3.96,3.87,3.89,3566180.0,16647765.0,1339808772.0,0.002661708203833136,3.88,3.811,3.717,3.6991666666666663,70.83333195601855,6171884.15,3.6668333333333334,3.6759999999999997,False,False,3.95,13872440.200000001,23280405.682000004
2023-07-07,3.87,3.92,3.87,3.89,3605601.0,16796465.0,1339808772.0,0.0026911310594106186,3.878,3.845,3.7269999999999994,3.705666666666666,69.5652159798362,6118579.2,3.6741666666666664,3.6805000000000008,False,False,3.95,14025787.89,23119766.4265
2023-07-10,3.93,3.95,3.88,3.92,4630000.0,21658325.0,1339808772.0,0.0034557170372071576,3.886,3.8760000000000003,3.739,3.7123333333333335,69.5652159798362,6231637.95,3.680333333333333,3.69,False,False,3.95,18149600.0,23591382.626500003
2023-07-11,3.94,3.95,3.88,3.89,4030360.0,18819764.0,1339808772.0,0.0030081606302544794,3.8939999999999997,3.893,3.7515,3.7188333333333334,72.72727118457307,6295762.95,3.6861666666666664,3.696,False,False,3.95,15678100.4,23875177.1265
2023-07-12,3.88,3.9,3.85,3.86,3903660.0,18082512.0,1339808772.0,0.002913594896212547,3.8899999999999997,3.8910000000000005,3.7634999999999996,3.7248333333333337,74.99999835937501,6240440.95,3.6926666666666668,3.7040000000000006,False,False,3.95,15068127.6,23721755.4065
2023-07-13,3.87,3.91,3.85,3.86,3513892.0,16250009.0,1339808772.0,0.0026226817389429662,3.8840000000000003,3.882,3.776,3.730666666666666,74.6031729453263,6234735.55,3.6991666666666663,3.717,False,False,3.95,13563623.12,23745082.5625
2023-07-14,3.87,3.88,3.83,3.85,3104260.0,14314321.0,1339808772.0,0.0023169425852960454,3.876,3.8770000000000002,3.789,3.7358333333333333,70.68965346611184,6190744.4,3.705666666666666,3.7269999999999994,False,False,3.95,11951401.0,23627509.714
2023-07-17,3.86,3.88,3.8,3.87,3179400.0,14620751.0,1339808772.0,0.0023730252155715844,3.8659999999999997,3.876,3.8014999999999994,3.7411666666666665,65.30612058309043,6170877.25,3.7123333333333335,3.739,False,False,3.95,12304278.0,23595333.131
2023-07-18,3.86,3.91,3.83,3.9,4042420.0,18798300.0,1339808772.0,0.0030171619148049583,3.868,3.8810000000000002,3.814,3.7471666666666663,52.777775725308736,6168915.45,3.7188333333333334,3.7515,False,False,3.95,15765438.0,23638702.811
2023-07-19,3.88,3.93,3.87,3.9,2807200.0,13091741.0,1339808772.0,0.00209522437728897,3.876,3.883,3.8295000000000003,3.753333333333333,41.37930834720574,6083715.25,3.7248333333333337,3.7634999999999996,False,False,3.95,10948080.0,23376345.693
2023-07-20,3.89,3.92,3.86,3.88,3874080.0,18035602.0,1339808772.0,0.0028915171186832626,3.88,3.882,3.8465000000000003,3.759333333333333,46.153843668639176,6091186.25,3.730666666666666,3.776,False,False,3.95,15031430.4,23468652.393
2023-07-21,3.87,3.94,3.86,3.91,4760260.0,22227518.0,1339808772.0,0.0035529398668543723,3.8920000000000003,3.8839999999999995,3.8644999999999996,3.7661666666666664,55.55555267489733,6172275.25,3.7358333333333333,3.789,False,False,3.95,18612616.6,23842203.023000002
2023-07-24,3.91,3.94,3.88,3.9,3032480.0,14162757.0,1339808772.0,0.0022633677755917844,3.8979999999999997,3.882,3.879,3.7728333333333333,59.99999664000015,5999010.5,3.7411666666666665,3.8014999999999994,False,False,3.95,11826672.0,23260688.2355
2023-07-25,3.92,3.93,3.85,3.89,3885761.0,18031309.0,1339808772.0,0.002900235527044303,3.896,3.882,3.8875,3.7795,52.1739098676751,5624735.8,3.7471666666666663,3.814,False,False,3.95,15115610.290000001,21901415.32
2023-07-26,3.86,3.91,3.86,3.9,4055536.0,18891584.0,1339808772.0,0.003026951371534982,3.896,3.886,3.8884999999999996,3.785833333333333,52.17390986767501,4833560.6,3.753333333333333,3.8295000000000003,False,False,3.95,15816590.4,18835711.080000002
2023-07-27,3.9,3.95,3.87,3.88,4367720.0,20436871.0,1339808772.0,0.003259957757613487,3.896,3.8879999999999995,3.8850000000000002,3.791166666666667,47.999997312000104,4272374.4,3.759333333333333,3.8465000000000003,False,False,3.95,16946753.599999998,16603738.570000002
2023-07-28,3.88,3.95,3.87,3.93,5000520.0,23463511.0,1339808772.0,0.0037322639652041328,3.9,3.8959999999999995,3.8865000000000003,3.7969999999999997,51.851849163237496,4099062.75,3.7661666666666664,3.8644999999999996,True,False,3.92,19652043.6,15935323.915000001
2023-07-31,3.93,3.98,3.91,3.95,5024365.0,23721594.0,1339808772.0,0.0037500612811333348,3.91,3.904,3.8899999999999997,3.801,61.53845822485225,4028336.0,3.7728333333333333,3.879,False,True,3.93,19846241.75,15678489.4025
2023-08-01,3.99,4.0,3.95,4.0,5830585.0,27741233.0,1339808772.0,0.004351803870709394,3.932,3.914,3.8975,3.805833333333333,74.99999625000022,4127892.25,3.7795,3.8875,False,False,3.95,23322340.0,16105510.352500001
2023-08-02,4.01,4.02,3.94,3.95,4518900.0,21405593.0,1339808772.0,0.003372794755817586,3.942,3.9190000000000005,3.901,3.8085,63.63636093663929,4036659.0,3.785833333333333,3.8884999999999996,False,False,4.0,17849655.0,15767341.492500002
2023-08-03,3.94,3.97,3.92,3.94,3859100.0,18161058.0,1339808772.0,0.0028803364186363156,3.9539999999999997,3.925,3.9034999999999997,3.8108333333333335,63.636360936639214,4051305.0,3.791166666666667,3.8850000000000002,False,False,4.0,15204854.0,15833962.1825
2023-08-04,3.95,3.95,3.86,3.87,4606228.0,21490672.0,1339808772.0,0.0034379742066653674,3.942,3.9210000000000003,3.9025000000000007,3.812,49.99999815789481,4101336.35,3.7969999999999997,3.8865000000000003,False,False,4.0,17826102.36,16023977.906
2023-08-07,3.85,3.85,3.62,3.67,17941856.0,79323068.0,1339808772.0,0.01339135582253077,3.886,3.8979999999999997,3.8900000000000006,3.808333333333333,29.090908350413244,4766929.15,3.801,3.8899999999999997,True,False,4.0,65846611.519999996,18408828.482
2023-08-08,3.67,3.68,3.61,3.63,12511360.0,54399927.0,1339808772.0,0.009338168447220765,3.812,3.872,3.8770000000000002,3.803833333333334,27.118643424303386,5190979.15,3.805833333333333,3.8975,True,True,4.0,45416236.8,19895735.302
2023-08-09,3.64,3.65,3.61,3.63,7253180.0,31516027.0,1339808772.0,0.005413593455708469,3.748,3.8449999999999998,3.8655,3.7993333333333337,28.070174749153608,5358455.15,3.8085,3.901,True,True,4.0,26329043.4,20458781.092
2023-08-10,3.65,3.99,3.65,3.99,55746290.0,260780487.0,1339808772.0,0.0416076466769095,3.758,3.8560000000000003,3.8720000000000008,3.801666666666667,54.444443597530885,7970075.05,3.8108333333333335,3.9034999999999997,True,True,4.0,222427697.10000002,30901984.791
2023-08-11,3.97,3.99,3.77,3.78,50552906.0,232131052.0,1339808772.0,0.037731433810914025,3.7399999999999998,3.841,3.8684999999999996,3.800833333333333,44.545453978512406,10342507.35,3.812,3.9025000000000007,False,True,4.0,191089984.67999998,39858913.975
2023-08-14,3.75,3.86,3.69,3.73,28382745.0,127000443.0,1339808772.0,0.021184176125098545,3.7520000000000002,3.819,3.8615000000000004,3.799166666666667,42.98245561249616,11602674.6,3.808333333333333,3.8900000000000006,True,False,4.0,105867638.85,44537082.0175
2023-08-15,3.76,3.77,3.65,3.7,21606365.0,95950691.0,1339808772.0,0.01612645435045711,3.7659999999999996,3.789,3.8515,3.7968333333333333,41.37930984542214,12480871.85,3.803833333333334,3.8770000000000002,True,True,4.0,79943550.5,47745987.6425
2023-08-16,3.71,3.8,3.64,3.64,23179121.0,102008994.0,1339808772.0,0.01730032037736203,3.768,3.758,3.8385,3.793833333333333,39.99999953333335,13499467.9,3.7993333333333337,3.8655,True,True,4.0,84372000.44,51417183.6645
2023-08-17,3.61,3.69,3.54,3.68,18588392.0,80202138.0,1339808772.0,0.013873914239456853,3.7060000000000004,3.732,3.8284999999999996,3.7918333333333334,39.49579785467129,14235183.5,3.801666666666667,3.8720000000000008,True,True,4.0,68405282.56,54085876.2725
2023-08-18,3.66,3.75,3.64,3.69,16361588.0,72512733.0,1339808772.0,0.012211883025348636,3.6879999999999997,3.714,3.8175000000000003,3.7905,38.98305038494685,14815249.9,3.800833333333333,3.8684999999999996,True,True,4.0,60374259.72,56173958.4285
2023-08-21,3.68,3.74,3.66,3.7,12597762.0,56001923.0,1339808772.0,0.009402656754661105,3.682,3.717,3.8074999999999997,3.7881666666666667,36.84210481071101,15293514.0,3.799166666666667,3.8615000000000004,True,True,4.0,46611719.400000006,57913210.7985
2023-08-22,3.69,3.76,3.67,3.72,10399175.0,46089271.0,1339808772.0,0.00776168600872543,3.686,3.726,3.7990000000000004,3.7861666666666665,39.63963913968024,15619184.7,3.7968333333333333,3.8515,True,True,4.0,38684931.0,59091676.83400001
2023-08-23,3.72,3.77,3.7,3.73,10795000.0,48237269.0,1339808772.0,0.008057119960399841,3.7039999999999997,3.7359999999999998,3.7905,3.783333333333333,40.54054002921841,15956157.9,3.793833333333333,3.8385,True,True,4.0,40265350.0,60314114.813999996
2023-08-24,3.72,3.74,3.64,3.67,8393000.0,36904194.0,1339808772.0,0.006264326802004249,3.7019999999999995,3.7039999999999997,3.78,3.780333333333333,40.90909038842976,16157421.9,3.7918333333333334,3.8284999999999996,True,True,4.0,30802310.0,61006892.634
2023-08-25,3.66,3.77,3.64,3.73,12451932.0,55569152.0,1339808772.0,0.00929381286361663,3.71,3.6990000000000003,3.7700000000000005,3.7790000000000004,53.124999225260424,16529992.5,3.7905,3.8175000000000003,True,True,4.0,46445706.36,62346575.77199999
2023-08-28,3.85,3.86,3.73,3.74,11821480.0,53631875.0,1339808772.0,0.008823259144925199,3.718,3.7,3.7595,3.7798333333333334,55.913977652907874,16869848.25,3.7881666666666667,3.8074999999999997,True,True,4.0,44212335.2,63564880.44449999
2023-08-29,3.76,3.8,3.72,3.77,10631055.0,47753221.0,1339808772.0,0.007934755483150396,3.728,3.707,3.748,3.7805000000000004,57.29166583116321,17109871.75,3.7861666666666665,3.7990000000000004,True,True,4.0,40079077.35,64402717.312
2023-08-30,3.74,3.79,3.7,3.71,10011080.0,44700126.0,1339808772.0,0.007472021537115298,3.724,3.714,3.7359999999999998,3.780333333333333,28.787878177226816,17384480.75,3.783333333333333,3.7905,False,True,3.99,37141106.8,65367289.901999995
2023-08-31,3.71,3.72,3.65,3.66,6415580.0,28189848.0,1339808772.0,0.0047884296132970836,3.722,3.7119999999999997,3.722,3.7808333333333333,37.999998936000054,17512304.75,3.780333333333333,3.78,True,False,3.99,23481022.8,65781098.34199999
2023-09-01,3.66,3.7,3.64,3.69,5596520.0,24581575.0,1339808772.0,0.0041771035665379265,3.714,3.7120000000000006,3.7129999999999996,3.7808333333333333,45.83333199652782,17561819.35,3.7790000000000004,3.7700000000000005,True,True,3.99,20651158.8,65922351.164
2023-09-04,3.69,3.74,3.67,3.74,6911936.0,30745620.0,1339808772.0,0.0051588974071890914,3.714,3.7159999999999997,3.7165,3.781833333333333,53.99999848800004,17010323.35,3.7798333333333334,3.7595,True,True,3.99,25850640.64,63922552.620000005
2023-09-05,3.74,3.75,3.7,3.72,5356844.0,23881671.0,1339808772.0,0.0039982153512874595,3.7039999999999997,3.716,3.721,3.783166666666667,58.69565038752369,16652597.55,3.7805000000000004,3.748,False,True,3.99,19927459.68,62648113.764
2023-09-06,3.73,3.74,3.7,3.71,5183520.0,23054822.0,1339808772.0,0.0038688506213183683,3.7039999999999997,3.714,3.725,3.784666666666667,53.488370351541406,16549114.55,3.780333333333333,3.7359999999999998,True,False,3.99,19230859.2,62293204.554
2023-09-07,3.7,3.71,3.67,3.68,5929265.0,26184119.0,1339808772.0,0.004425456172487278,3.7079999999999997,3.7150000000000007,3.7095,3.7858333333333336,48.888887367901305,14058263.3,3.7808333333333333,3.722,True,True,3.99,21819695.2,52262804.459
2023-09-08,3.68,3.7,3.66,3.69,4547800.0,20029704.0,1339808772.0,0.003394364998231255,3.7079999999999997,3.711,3.7050000000000005,3.7875,48.888887367901255,11758008.0,3.7808333333333333,3.7129999999999996,True,True,3.78,16781382.0,43547374.325
2023-09-11,3.69,3.75,3.68,3.73,7242617.0,32316509.0,1339808772.0,0.005405709494787515,3.7060000000000004,3.71,3.7050000000000005,3.789333333333333,51.06382826618382,10701001.6,3.781833333333333,3.7165,True,True,3.77,27014961.41,39604740.452999994
2023-09-12,3.73,3.74,3.7,3.71,3182324.0,14166731.0,1339808772.0,0.002375207616568732,3.7039999999999997,3.7039999999999997,3.7055,3.7903333333333338,47.91666526909726,9779799.55,3.783166666666667,3.721,False,True,3.77,11806422.04,36197884.03
2023-09-13,3.74,3.74,3.7,3.73,6414534.0,28604207.0,1339808772.0,0.004787648904869239,3.7079999999999997,3.7060000000000004,3.71,3.792666666666667,56.81818001033064,8941570.2,3.784666666666667,3.725,False,False,3.77,23926211.82,33175594.599
2023-09-14,3.74,3.78,3.72,3.75,8317475.0,37281693.0,1339808772.0,0.006207956817288251,3.722,3.7150000000000007,3.7135000000000007,3.7961666666666667,52.49999816250006,8428024.35,3.7858333333333336,3.7095,False,False,3.77,31190531.25,31314857.033499997
2023-09-15,3.75,3.79,3.71,3.72,7204008.0,32259355.0,1339808772.0,0.00537689269584809,3.728,3.718,3.715,3.799,47.61904603174608,7970145.35,3.7875,3.7050000000000005,False,False,3.77,26798909.76,29636089.5355
2023-09-18,3.71,3.73,3.67,3.72,6419960.0,28376304.0,1339808772.0,0.004791698736541785,3.7260000000000004,3.716,3.716,3.800833333333333,43.589742024983636,7661255.25,3.789333333333333,3.7050000000000005,False,False,3.77,23882251.200000003,28499616.1255
2023-09-19,3.7,3.75,3.69,3.72,7029486.0,31350008.0,1339808772.0,0.005246633808425312,3.728,3.7159999999999997,3.7159999999999997,3.800833333333333,51.51514932966037,7492770.8,3.7903333333333338,3.7055,False,False,3.77,26149687.92,27872853.971499998
2023-09-20,3.73,3.74,3.7,3.71,4388900.0,19547593.0,1339808772.0,0.0032757659837145776,3.724,3.716,3.7150000000000007,3.798,58.620686825208196,7172465.8,3.792666666666667,3.71,False,False,3.77,16282819.0,26673727.421499997
2023-09-21,3.7,3.72,3.68,3.69,5229700.0,23093816.0,1339808772.0,0.003903318226670037,3.7119999999999997,3.7169999999999996,3.716,3.7936666666666667,49.99999750000012,7014300.8,3.7961666666666667,3.7135000000000007,True,False,3.77,19297593.0,26098491.571499996
2023-09-22,3.68,3.71,3.67,3.7,4365301.0,19269124.0,1339808772.0,0.0032581522760772013,3.7079999999999997,3.718,3.7144999999999997,3.7903333333333338,41.66666423611125,6609969.25,3.799,3.715,True,True,3.77,16151613.700000001,24583786.938500002
2023-09-25,3.71,3.73,3.69,3.7,5481940.0,24303090.0,1339808772.0,0.004091583899556675,3.7039999999999997,3.7150000000000007,3.7125,3.7873333333333337,45.45454256198366,6292992.25,3.800833333333333,3.716,True,True,3.77,20283178.0,23387329.078500003
2023-09-26,3.7,3.74,3.69,3.7,4602600.0,20410699.0,1339808772.0,0.0034352663575485235,3.7,3.714,3.7089999999999996,3.7848333333333333,47.61904444444471,5991569.5,3.800833333333333,3.7159999999999997,True,True,3.77,17029620.0,22234856.211000003
2023-09-27,3.69,3.71,3.69,3.7,3563988.0,15797212.0,1339808772.0,0.0026600721494604456,3.6980000000000004,3.711,3.7085,3.781833333333333,55.555551234568235,5669214.9,3.798,3.7150000000000007,True,True,3.75,13186755.600000001,21037138.651
2023-09-28,3.72,3.78,3.71,3.74,5365065.0,23976600.0,1339808772.0,0.00400435130156022,3.7079999999999997,3.71,3.7125,3.779333333333333,61.904757777778094,5616689.15,3.7936666666666667,3.716,True,True,3.75,20065343.1,20866354.666
2023-10-09,3.75,3.81,3.73,3.8,10588144.0,47824853.0,1339808772.0,0.007902727778229535,3.728,3.718,3.718000000000001,3.7778333333333336,65.21738733459378,5866270.35,3.7903333333333338,3.7144999999999997,False,True,3.75,40234947.199999996,21845544.086
2023-10-10,3.8,3.85,3.74,3.76,7851104.0,35621591.0,1339808772.0,0.005859869082869387,3.7400000000000007,3.722,3.719,3.7751666666666663,59.99999664000015,5913228.75,3.7873333333333337,3.7125,False,False,3.8,29520151.04,22029019.606
2023-10-11,3.77,3.77,3.64,3.66,14283360.0,62981300.0,1339808772.0,0.010660745248501776,3.732,3.716,3.7159999999999997,3.771333333333333,39.39393772268144,6359554.55,3.7848333333333333,3.7089999999999996,False,False,3.8,52277097.6,23646501.501999997
2023-10-12,3.7,3.7,3.64,3.69,7471780.0,31666850.0,1339808772.0,0.0055767510678755286,3.7300000000000004,3.714,3.7150000000000007,3.7685000000000004,41.17646889273361,6473967.55,3.781833333333333,3.7085,True,False,3.8,27570868.2,24063501.952
2023-10-13,3.69,3.71,3.68,3.7,5295000.0,22613624.0,1339808772.0,0.003952056525272548,3.722,3.7150000000000007,3.7159999999999997,3.7658333333333336,46.87499794921883,6442254.3,3.779333333333333,3.7125,True,True,3.8,19591500.0,23952092.192
2023-10-16,3.71,3.8,3.7,3.78,11262265.0,49011711.0,1339808772.0,0.008405874954220707,3.718,3.7230000000000003,3.7205,3.7646666666666664,57.49999798750003,6777977.55,3.7778333333333336,3.718000000000001,True,True,3.8,42571361.699999996,25241591.177
2023-10-17,3.79,3.81,3.73,3.75,5346500.0,23199023.0,1339808772.0,0.00399049484652874,3.7159999999999997,3.728,3.7215,3.762666666666667,53.48837035154142,6683171.7,3.7751666666666663,3.719,False,True,3.8,20049375.0,24893311.8565
2023-10-18,3.76,3.76,3.66,3.66,7100888.0,30268364.0,1339808772.0,0.005299926488315304,3.7159999999999997,3.724,3.719,3.758666666666667,45.098037977700926,6879099.9,3.771333333333333,3.7159999999999997,False,False,3.8,25989250.080000002,25602453.258500002
2023-10-19,3.67,3.71,3.64,3.65,6301042.0,26725003.0,1339808772.0,0.004702941294072972,3.7079999999999997,3.719,3.715,3.7545,45.99999871200003,6873425.3,3.7685000000000004,3.7150000000000007,True,False,3.8,22998803.3,25556082.832500003
2023-10-20,3.65,3.68,3.63,3.64,5717405.0,24108001.0,1339808772.0,0.004267329128966175,3.696,3.7089999999999996,3.7095,3.7505,43.99999876800001,6743421.8,3.7658333333333336,3.7159999999999997,True,True,3.8,20811354.2,25037123.98
2023-10-23,3.64,3.64,3.52,3.54,7694040.0,31756146.0,1339808772.0,0.005742640413164872,3.6480000000000006,3.683,3.7005000000000003,3.744333333333334,36.66666581111109,6767923.4,3.7646666666666664,3.7205,True,True,3.8,27236901.6,25059023.572000004
2023-10-24,3.56,3.67,3.55,3.67,6410519.0,26852518.0,1339808772.0,0.004784652208561596,3.632,3.6740000000000004,3.6980000000000004,3.7405,47.94520455995496,6767451.35,3.762666666666667,3.7215,True,True,3.8,23526604.73,25041241.248499997
2023-10-25,3.68,3.73,3.67,3.69,5394664.0,23057793.0,1339808772.0,0.004026443260217735,3.6380000000000003,3.6769999999999996,3.6965000000000003,3.7371666666666665,49.33333241244445,6685710.25,3.758666666666667,3.719,True,True,3.8,19906310.16,24729072.3605
2023-10-26,3.68,3.71,3.65,3.7,3867840.0,16438208.0,1339808772.0,0.002886859737622318,3.6479999999999997,3.678,3.6959999999999993,3.733833333333334,47.22222130401236,6659657.25,3.7545,3.715,True,True,3.8,14311008.0,24630481.810500003
2023-10-27,3.7,3.77,3.7,3.75,6434441.0,27801294.0,1339808772.0,0.00480250699537889,3.6699999999999995,3.683,3.6989999999999994,3.7316666666666665,46.47887232295182,6719894.3,3.7505,3.7095,False,True,3.8,24129153.75,24872059.848
2023-10-30,3.75,3.77,3.7,3.72,6749364.0,29128539.0,1339808772.0,0.005037557703048088,3.7060000000000004,3.6769999999999996,3.7000000000000006,3.728166666666667,47.14285620000005,6839097.45,3.744333333333334,3.7005000000000003,False,False,3.8,25107634.080000002,25319860.867
2023-10-31,3.7,3.7,3.64,3.66,6727326.0,28475193.0,1339808772.0,0.005021109087051118,3.7039999999999997,3.668,3.6980000000000004,3.7233333333333336,49.99999893939396,6901366.75,3.7405,3.6980000000000004,False,False,3.8,24622013.16,25536802.625
2023-11-01,3.66,3.69,3.65,3.68,3371300.0,14289794.0,1339808772.0,0.002516254610699026,3.7020000000000004,3.6700000000000004,3.697,3.7179999999999995,49.230768170414244,6839801.75,3.7371666666666665,3.6965000000000003,True,False,3.8,12406384.0,25305640.825
2023-11-02,3.68,3.7,3.65,3.67,4428591.0,18790047.0,1339808772.0,0.0033053903605879662,3.696,3.6719999999999997,3.6955,3.7133333333333334,47.69230666508876,6883031.9,3.733833333333334,3.6959999999999993,True,True,3.8,16252928.969999999,25458949.4935
2023-11-03,3.68,3.71,3.66,3.67,5539780.0,23537358.0,1339808772.0,0.004134754239390814,3.6799999999999997,3.675,3.692,3.708833333333333,40.350876201908314,6891767.65,3.7316666666666665,3.6989999999999994,True,True,3.8,20330992.599999998,25472231.9685
2023-11-06,3.66,3.68,3.64,3.67,6045200.0,25593047.0,1339808772.0,0.004511987177823911,3.6700000000000004,3.688,3.6854999999999998,3.7055000000000002,42.59259148834021,6664620.45,3.728166666666667,3.7000000000000006,True,True,3.8,22185884.0,24569778.8085
2023-11-07,3.68,3.69,3.65,3.67,6222180.0,26359973.0,1339808772.0,0.004644080655414607,3.6719999999999997,3.688,3.681,3.7055,51.11110952098768,6583174.25,3.7233333333333336,3.6980000000000004,True,True,3.78,22835400.599999998,24235541.2865
2023-11-08,3.67,3.67,3.64,3.64,7209782.0,30397535.0,1339808772.0,0.005381202266079805,3.664,3.6830000000000007,3.6800000000000006,3.7056666666666667,48.93616875509287,6229495.35,3.7179999999999995,3.697,True,True,3.78,26243606.48,22933866.7305
2023-11-09,3.64,3.65,3.62,3.63,5130504.0,21535100.0,1339808772.0,0.0038292807953044213,3.656,3.6759999999999997,3.6769999999999996,3.7056666666666667,48.93616875509282,6112431.55,3.7133333333333334,3.6955,True,True,3.78,18623729.52,22486509.796499997
2023-11-10,3.63,3.69,3.61,3.66,11245678.0,47488613.0,1339808772.0,0.008393494829275532,3.654,3.6670000000000003,3.675,3.7001666666666666,64.99999772500009,6409965.45,3.708833333333333,3.692,True,True,3.78,41159181.480000004,23564893.8705
2023-11-13,3.67,3.7,3.63,3.7,10330740.0,43830351.0,1339808772.0,0.007710607823964897,3.66,3.665,3.6710000000000003,3.6988333333333334,54.83870720083261,6363389.2,3.7055000000000002,3.6854999999999998,True,True,3.78,38223738.0,23347512.6855
2023-11-14,3.7,3.7,3.65,3.67,7397936.0,31360835.0,1339808772.0,0.005521635739820339,3.66,3.6659999999999995,3.6670000000000003,3.6978333333333335,46.874997949218844,6465961.0,3.7055,3.681,False,True,3.75,27150425.12,23702565.1915
2023-11-15,3.68,3.68,3.65,3.67,6290600.0,26620633.0,1339808772.0,0.004695147644547591,3.6659999999999995,3.665,3.6675000000000004,3.6973333333333334,45.161288283038566,6425446.6,3.7056666666666667,3.6800000000000006,False,False,3.75,23086502.0,23557427.7875
2023-11-16,3.65,3.67,3.64,3.64,4346304.0,18326313.0,1339808772.0,0.0032439733869722718,3.668,3.6620000000000004,3.6670000000000003,3.6973333333333334,31.034481260404405,6327709.7,3.7056666666666667,3.6769999999999996,False,False,3.75,15820546.56,23198514.9505
2023-11-17,3.64,3.66,3.63,3.64,4715227.0,19843048.0,1339808772.0,0.00351932835382272,3.664,3.6590000000000003,3.6670000000000003,3.6966666666666668,34.61538275147943,6277600.8,3.7001666666666666,3.675,True,False,3.75,17163426.28,23016118.554500002
2023-11-20,3.65,3.66,3.64,3.64,4204940.0,17715335.0,1339808772.0,0.00313846280743712,3.652,3.656,3.6719999999999997,3.6958333333333333,44.99999685000023,6103145.8,3.6988333333333334,3.6710000000000003,True,True,3.75,15305981.6,22419572.5545
2023-11-21,3.64,3.66,3.63,3.64,7622755.0,32122178.0,1339808772.0,0.005689435059169772,3.646,3.653,3.6705000000000005,3.6948333333333334,38.88888586419779,6163757.6,3.6978333333333335,3.6670000000000003,True,True,3.75,27746828.2,22630583.728
2023-11-22,3.63,3.65,3.62,3.63,7910156.0,33203264.0,1339808772.0,0.005903944029409594,3.6380000000000003,3.6519999999999997,3.6674999999999995,3.6933333333333334,38.88888586419779,6289532.2,3.6973333333333334,3.6675000000000004,True,True,3.75,28713866.279999997,23070961.534
2023-11-23,3.63,3.64,3.62,3.63,6067957.0,25439898.0,1339808772.0,0.004528972437568128,3.636,3.652,3.664,3.691666666666667,38.88888586419779,6399538.05,3.6973333333333334,3.6670000000000003,True,True,3.75,22026683.91,23456745.329499997
2023-11-24,3.63,3.64,3.61,3.62,6831636.0,28618719.0,1339808772.0,0.005098963481036232,3.632,3.6479999999999997,3.6575,3.690833333333333,36.84210254847673,6419397.8,3.6966666666666668,3.6670000000000003,True,True,3.75,24730522.32,23486813.757999998
2023-11-27,3.61,3.62,3.58,3.59,5460880.0,22696052.0,1339808772.0,0.004075865238475988,3.622,3.6370000000000005,3.651,3.6885,31.818179793388595,6354973.6,3.6958333333333333,3.6719999999999997,True,True,3.72,19604559.2,23211660.014000002
2023-11-28,3.59,3.64,3.58,3.63,5538840.0,23080548.0,1339808772.0,0.004134052646730992,3.6199999999999997,3.633,3.6494999999999997,3.6866666666666665,47.82608404536876,6295549.3,3.6948333333333334,3.6705000000000005,True,True,3.7,20105989.2,22985858.816
2023-11-29,3.62,3.63,3.58,3.59,5510400.0,22900626.0,1339808772.0,0.004112825736895534,3.6119999999999997,3.625,3.6450000000000005,3.6836666666666664,42.307690029585935,6402504.3,3.6933333333333334,3.6674999999999995,True,True,3.7,19782336.0,23354656.416
2023-11-30,3.58,3.61,3.57,3.61,5301100.0,21977886.0,1339808772.0,0.0039566094138096895,3.6079999999999997,3.622,3.6420000000000003,3.6820000000000004,39.99999776000009,6446129.75,3.691666666666667,3.664,True,True,3.7,19136971.0,23498858.517500002
2023-12-01,3.6,3.62,3.59,3.61,4927207.0,20538980.0,1339808772.0,0.003677544962364226,3.6060000000000003,3.6189999999999998,3.6390000000000002,3.681166666666667,28.571426666666753,6415501.1,3.690833333333333,3.6575,True,True,3.7,17787217.27,23371669.751
2023-12-04,3.61,3.62,3.58,3.61,6426440.0,26758535.0,1339808772.0,0.004796535247643534,3.6100000000000003,3.6159999999999997,3.636,3.6798333333333337,33.333330740740934,6434563.1,3.6885,3.651,True,True,3.7,23199448.4,23422347.971
2023-12-05,3.61,3.61,3.55,3.56,5774700.0,23888708.0,1339808772.0,0.004310092694332651,3.596,3.6079999999999997,3.6305,3.6768333333333336,26.086954933837546,6412189.1,3.6866666666666665,3.6494999999999997,True,True,3.7,20557932.0,23308474.541
2023-12-06,3.57,3.57,3.51,3.52,11364820.0,46302342.0,1339808772.0,0.008482419459782429,3.582,3.597,3.6245,3.6734999999999998,24.999998541666756,6619941.0,3.6836666666666664,3.6450000000000005,True,True,3.7,40004166.4,23996502.537
2023-12-07,3.52,3.53,3.47,3.48,12225140.0,49228737.0,1339808772.0,0.00912454094605674,3.556,3.582,3.617,3.6696666666666666,21.428570357142917,6974672.8,3.6820000000000004,3.6420000000000003,True,True,3.7,42543487.2,25192490.421
2023-12-08,3.48,3.55,3.48,3.51,22089829.0,89469045.0,1339808772.0,0.01648729987565718,3.536,3.571,3.6094999999999997,3.6668333333333334,29.0322567533819,7516880.35,3.681166666666667,3.6390000000000002,True,True,3.7,77535299.78999999,27011296.3365
2023-12-11,3.51,3.51,3.41,3.51,18819743.0,75248328.0,1339808772.0,0.014046588881416877,3.5159999999999996,3.5629999999999997,3.6,3.6638333333333333,29.0322567533819,7941330.5,3.6798333333333337,3.636,True,True,3.7,66057297.93,28402974.332999997
2023-12-12,3.51,3.54,3.45,3.52,9661852.0,38994375.0,1339808772.0,0.007211366429238456,3.508,3.5519999999999996,3.5925,3.6603333333333334,32.2580630593133,8054526.3,3.6768333333333336,3.6305,True,True,3.67,34009719.04,28745939.029000003
2023-12-13,3.51,3.57,3.51,3.54,8913096.0,36526980.0,1339808772.0,0.006652513542432606,3.5119999999999996,3.5469999999999997,3.586,3.6574999999999998,36.363634820936724,8185651.1,3.6734999999999998,3.6245,True,True,3.67,31552359.84,29169231.920999996
2023-12-14,3.56,3.61,3.52,3.59,9370000.0,38671083.0,1339808772.0,0.006993535343116861,3.534,3.5449999999999995,3.5835,3.6551666666666667,45.94594420745073,8436835.9,3.6696666666666666,3.617,True,True,3.64,33638300.0,30060119.592999995
2023-12-15,3.6,3.61,3.55,3.57,7470300.0,30875466.0,1339808772.0,0.005575646432623894,3.5460000000000003,3.5409999999999995,3.5799999999999996,3.6521666666666666,47.22222038580254,8574589.55,3.6668333333333334,3.6094999999999997,False,True,3.64,26668971.0,30535396.828999996
2023-12-18,3.57,3.57,3.51,3.52,7309090.0,29849827.0,1339808772.0,0.005455323291464463,3.5479999999999996,3.532,3.5739999999999994,3.6488333333333336,35.13513380569765,8729797.05,3.6638333333333333,3.6,True,False,3.64,25727996.8,31056497.588999998
2023-12-19,3.52,3.57,3.49,3.51,7417496.0,30146958.0,1339808772.0,0.005536234838145992,3.5460000000000003,3.5269999999999997,3.5675,3.6453333333333333,38.23529254325264,8719534.1,3.6603333333333334,3.5925,True,True,3.64,26035410.959999997,30970926.726999998
2023-12-20,3.51,3.57,3.5,3.5,7264130.0,29650120.0,1339808772.0,0.005421766263820222,3.5379999999999994,3.525,3.561,3.6416666666666666,33.33333191919199,8687232.8,3.6574999999999998,3.586,True,True,3.63,25424455.0,30806456.163
2023-12-21,3.51,3.51,3.43,3.47,8338100.0,33373437.0,1339808772.0,0.006223350805169978,3.5140000000000002,3.524,3.553,3.6376666666666666,30.555554367284017,8800739.95,3.6551666666666667,3.5835,True,True,3.63,28933207.0,31151782.317499995
2023-12-22,3.5,3.5,3.41,3.43,10318700.0,41036898.0,1339808772.0,0.007701621466917817,3.4859999999999998,3.5159999999999996,3.5435000000000003,3.6333333333333333,27.499999037500046,8975093.15,3.6521666666666666,3.5799999999999996,True,True,3.63,35393141.0,31684913.2515
2023-12-25,3.43,3.44,3.38,3.39,7050775.0,27601713.0,1339808772.0,0.0052625233894199345,3.46,3.504,3.5335,3.6281666666666665,28.205127192636454,9054587.9,3.6488333333333336,3.5739999999999994,True,True,3.63,23902127.25,31899791.653999995
2023-12-26,3.39,3.43,3.38,3.38,4774780.0,18778876.0,1339808772.0,0.0035637772343231084,3.434,3.4899999999999998,3.521,3.6228333333333333,30.555554367283975,9016384.9,3.6453333333333333,3.5675,True,True,3.63,16138756.4,31701430.014000006
2023-12-27,3.38,3.42,3.36,3.39,3462040.0,13534055.0,1339808772.0,0.002583980693626926,3.412,3.475,3.511,3.6176666666666666,36.363634820936724,8913966.9,3.6416666666666666,3.561,True,True,3.61,11736315.6,31299128.994
2023-12-28,3.38,3.42,3.38,3.41,6157700.0,24219897.0,1339808772.0,0.004595954384451515,3.4,3.457,3.501,3.612833333333333,34.374998496093895,8956796.9,3.6376666666666666,3.553,True,True,3.61,20997757.0,31392168.294
2023-12-29,3.41,3.42,3.38,3.4,7027601.0,27631865.0,1339808772.0,0.005245226891229818,3.3939999999999997,3.44,3.4905,3.6071666666666666,33.33333191919202,9061816.6,3.6333333333333333,3.5435000000000003,True,True,3.61,23893843.4,31697499.6005
2024-01-02,3.4,3.46,3.39,3.44,9181851.0,36500032.0,1339808772.0,0.0068531056012521765,3.404,3.432,3.482,3.6011666666666664,38.888887376543266,9199587.15,3.6281666666666665,3.5335,True,True,3.61,31585567.44,32116805.5525
2024-01-03,3.44,3.46,3.42,3.44,5287094.0,21027812.0,1339808772.0,0.003946155683178345,3.4159999999999995,3.425,3.476,3.595833333333333,35.294116193771686,9175206.85,3.6228333333333333,3.521,True,True,3.59,18187603.36,31998289.1205
2024-01-04,3.44,3.46,3.42,3.44,4833900.0,19220891.0,1339808772.0,0.0036079029343748766,3.4259999999999997,3.4190000000000005,3.472,3.5921666666666665,24.137929869203447,8848660.85,3.6176666666666666,3.511,True,True,3.59,16628616.0,30829511.6005
2024-01-05,3.44,3.47,3.4,3.42,7372350.0,29313906.0,1339808772.0,0.005502538984720127,3.428,3.414,3.469,3.5876666666666663,24.137929869203447,8606021.35,3.612833333333333,3.501,True,True,3.59,25213437.0,29963009.090499997
2024-01-08,3.42,3.42,3.37,3.37,5863300.0,22958174.0,1339808772.0,0.004376221534396701,3.4219999999999997,3.408,3.4620000000000006,3.5821666666666667,24.137929869203447,7794694.9,3.6071666666666666,3.4905,True,True,3.59,19759321.0,27074210.151
2024-01-09,3.38,3.41,3.36,3.39,3912140.0,15315361.0,1339808772.0,0.002919924157654343,3.412,3.408,3.4560000000000004,3.5756666666666663,29.99999860000014,7049314.75,3.6011666666666664,3.482,True,True,3.59,13262154.6,24434452.9845
2024-01-10,3.38,3.39,3.36,3.37,3615613.0,14104565.0,1339808772.0,0.0026986037676128903,3.3980000000000006,3.407,3.4485,3.5693333333333332,29.032256753382,6747002.8,3.595833333333333,3.476,True,True,3.59,12184615.81,23343197.823000003
2024-01-11,3.36,3.39,3.36,3.39,3625278.0,14147543.0,1339808772.0,0.002705817483631164,3.3880000000000003,3.407,3.441,3.564833333333333,36.66666495555566,6482611.9,3.5921666666666665,3.472,True,True,3.59,12289692.42,22380064.452
2024-01-12,3.39,3.43,3.38,3.4,4674587.0,18429378.0,1339808772.0,0.0034889956669129796,3.3840000000000003,3.406,3.4314999999999998,3.5606666666666666,44.444442139917776,6247841.25,3.5876666666666663,3.469,True,True,3.59,15893595.799999999,21492829.242
2024-01-15,3.39,3.41,3.38,3.39,2835680.0,11121759.0,1339808772.0,0.0021164811421312294,3.3880000000000003,3.4050000000000002,3.4225000000000003,3.5565,49.999997083333504,6016110.25,3.5821666666666667,3.4620000000000006,True,True,3.57,9612955.200000001,20640028.452
2024-01-16,3.39,3.4,3.32,3.35,8934200.0,34597722.0,1339808772.0,0.0066682650440207745,3.38,3.396,3.414,3.5533333333333332,44.444442139917854,6097365.75,3.5756666666666663,3.4560000000000004,True,True,3.52,29929570.0,20850107.111999996
2024-01-17,3.34,3.38,3.31,3.31,5000900.0,19346070.0,1339808772.0,0.003732547587768742,3.368,3.3830000000000005,3.404,3.5473333333333334,36.666664955555625,5976535.95,3.5693333333333332,3.4485,True,True,3.51,16552979.0,20375985.514
2024-01-18,3.31,3.31,3.18,3.26,9302231.0,34794097.0,1339808772.0,0.006942954244219562,3.342,3.3649999999999998,3.3920000000000003,3.5401666666666665,27.272726115702483,6078441.0,3.564833333333333,3.441,True,True,3.5,30325273.06,20621026.417
2024-01-19,3.27,3.3,3.25,3.26,3843912.0,14553002.0,1339808772.0,0.002869000472554004,3.314,3.349,3.3815000000000004,3.5328333333333335,28.124998769531274,5853731.6,3.5606666666666666,3.4314999999999998,True,True,3.47,12531153.12,19800923.722999997
2024-01-22,3.25,3.26,3.12,3.13,6907426.0,25437313.0,1339808772.0,0.005155531255172287,3.2619999999999996,3.325,3.3665,3.5225000000000004,12.195121534800691,5683167.9,3.5565,3.4225000000000003,True,True,3.44,21620243.38,19112278.842
2024-01-23,3.13,3.19,3.08,3.18,4835269.0,17540244.0,1339808772.0,0.003608924721982638,3.228,3.304,3.3560000000000003,3.5134999999999996,21.739129773156947,5572392.6,3.5533333333333332,3.414,True,True,3.44,15376155.42,18685980.2505
2024-01-24,3.18,3.23,3.12,3.22,4978802.0,18320313.0,1339808772.0,0.0037160541892615703,3.21,3.289,3.348,3.5061666666666667,27.999999216000035,5582593.7,3.5473333333333334,3.404,True,True,3.44,16031742.440000001,18680629.552500002
2024-01-25,3.23,3.33,3.22,3.3,7770214.0,29471865.0,1339808772.0,0.005799494795366215,3.218,3.28,3.3435,3.4998333333333336,39.28571330357144,5798002.4,3.5401666666666665,3.3920000000000003,True,True,3.44,25641706.2,19375899.0825
2024-01-26,3.3,3.34,3.29,3.32,5966691.0,22900374.0,1339808772.0,0.004453390009600564,3.2299999999999995,3.272,3.339,3.4939999999999998,45.283017671769315,5788451.95,3.5328333333333335,3.3815000000000004,True,True,3.44,19809414.119999997,19316481.9385
2024-01-29,3.33,3.37,3.3,3.32,10256200.0,39514139.0,1339808772.0,0.007654973018791371,3.268,3.2649999999999997,3.335,3.488166666666667,43.13725371780085,5949881.9,3.5225000000000004,3.3665,True,True,3.44,34050584.0,19824318.9685
2024-01-30,3.31,3.35,3.26,3.26,7211101.0,27585562.0,1339808772.0,0.005382186734929065,3.284,3.2559999999999993,3.3259999999999996,3.481333333333333,39.99999898181818,5851344.4,3.5134999999999996,3.3560000000000003,True,True,3.44,23508189.259999998,19420450.0595
2024-01-31,3.28,3.3,3.19,3.21,6050240.0,22581184.0,1339808772.0,0.004515748908680828,3.282,3.246,3.3145000000000002,3.473666666666667,34.4827577883472,5889501.7,3.5061666666666667,3.348,True,True,3.44,19421270.4,19482133.4115
2024-02-01,3.25,3.25,3.11,3.14,7932200.0,28881633.0,1339808772.0,0.005920397123657584,3.25,3.2339999999999995,3.2994999999999997,3.465333333333333,29.687499350585952,6044416.7,3.4998333333333336,3.3435,True,True,3.44,24907108.0,19896058.0115
2024-02-02,3.12,3.19,3.03,3.11,10313640.0,37167819.0,1339808772.0,0.007697844808557501,3.2079999999999997,3.219,3.2840000000000003,3.4566666666666666,28.787878177226816,6191481.2,3.4939999999999998,3.339,True,True,3.42,32075420.4,20239157.1815
2024-02-05,3.11,3.11,2.92,2.96,12702445.0,43822670.0,1339808772.0,0.009480789546584637,3.136,3.2020000000000004,3.2634999999999996,3.445,24.675324226682406,6533438.45,3.488166666666667,3.335,True,True,3.4,37599237.2,21131152.991499998
2024-02-06,2.94,3.12,2.87,3.08,9363072.0,32573802.0,1339808772.0,0.006988364455938941,3.1,3.192,3.2479999999999998,3.4346666666666668,36.4705876346021,6805985.05,3.481333333333333,3.3259999999999996,True,True,3.4,28838261.76,21909958.349499997
2024-02-07,3.08,3.13,3.04,3.06,8217791.0,29257331.0,1339808772.0,0.006133555154839664,3.0700000000000003,3.1759999999999997,3.2325000000000004,3.4245,37.80487740333138,7036093.95,3.473666666666667,3.3145000000000002,True,True,3.4,25146440.46,22558049.582
2024-02-08,3.06,3.18,3.02,3.17,11472036.0,40986822.0,1339808772.0,0.008562442820011631,3.0759999999999996,3.163,3.2215,3.416166666666667,45.16128964273329,7428431.85,3.465333333333333,3.2994999999999997,True,True,3.4,36366354.12,23761882.667000003
2024-02-19,3.19,3.21,3.17,3.19,11496134.0,42369625.0,1339808772.0,0.008580428968858848,3.092,3.15,3.211,3.4086666666666665,53.65853566924452,7769509.2,3.4566666666666666,3.2840000000000003,True,True,3.4,36672667.46,24800836.25
2024-02-20,3.19,3.19,3.15,3.18,5990534.0,21964881.0,1339808772.0,0.004471185832779426,3.136,3.136,3.2005000000000003,3.4010000000000002,49.99999910256412,7927251.9,3.445,3.2634999999999996,True,True,3.39,19049898.12,25272683.396
2024-02-21,3.18,3.25,3.16,3.21,8793420.0,32628927.0,1339808772.0,0.006563190347584917,3.162,3.131,3.1935,3.3938333333333333,49.35064845336482,7920212.9,3.4346666666666668,3.2479999999999998,True,True,3.35,28226878.2,25187548.806
2024-02-22,3.21,3.25,3.19,3.24,6080274.0,22678459.0,1339808772.0,0.004538165540537303,3.1980000000000004,3.134,3.19,3.3871666666666664,45.833332442129674,7974181.6,3.4245,3.2325000000000004,False,True,3.32,19700087.76,25344904.244
2024-02-23,3.25,3.29,3.24,3.28,4877460.0,18365874.0,1339808772.0,0.003640415036781085,3.2199999999999998,3.148,3.191,3.381333333333333,47.297296402483575,7752943.05,3.416166666666667,3.2215,False,False,3.32,15998068.799999999,24628544.031
2024-02-26,3.27,3.29,3.25,3.25,7636100.0,28780526.0,1339808772.0,0.005699395435813731,3.232,3.162,3.1905,3.375,45.45454462809919,7942552.45,3.4086666666666665,3.211,False,False,3.32,24817325.0,25242852.625
2024-02-27,3.25,3.29,3.23,3.28,4547400.0,17134698.0,1339808772.0,0.003394066448163246,3.252,3.194,3.1979999999999995,3.369333333333333,51.35135037983932,7824551.15,3.4010000000000002,3.2005000000000003,False,False,3.32,14915472.0,24907614.056
2024-02-28,3.28,3.32,3.22,3.22,10601476.0,40062427.0,1339808772.0,0.007912678451996282,3.254,3.2079999999999997,3.2,3.3631666666666664,50.66666572088892,8112861.5,3.3938333333333333,3.1935,False,False,3.32,34136752.72,25845643.921
2024-02-29,3.2,3.28,3.2,3.28,8248320.0,30889969.0,1339808772.0,0.006156341242405301,3.2620000000000005,3.2299999999999995,3.2030000000000003,3.3573333333333335,59.45945833455079,8276337.4,3.3871666666666664,3.19,False,False,3.32,27054489.599999998,26396781.279
2024-03-01,3.28,3.3,3.25,3.28,6068864.0,22950730.0,1339808772.0,0.004529649399847339,3.2619999999999996,3.2409999999999997,3.2020000000000004,3.3521666666666667,61.97182976393578,8191269.9,3.381333333333333,3.191,False,False,3.32,19905873.919999998,26109989.665
2024-03-04,3.3,3.3,3.25,3.28,5768554.0,21822670.0,1339808772.0,0.004305505472537688,3.268,3.25,3.2,3.3466666666666662,78.57142660714298,8181363.05,3.375,3.1905,False,False,3.32,18920857.119999997,26065561.815
2024-03-05,3.28,3.28,3.26,3.26,3794540.0,14340019.0,1339808772.0,0.0028321504376596215,3.2640000000000002,3.258,3.197,3.3408333333333338,69.56521527410219,7858280.05,3.369333333333333,3.1979999999999995,False,False,3.32,12370200.399999999,24981542.634999998
2024-03-06,3.28,3.31,3.26,3.3,5957068.0,22660702.0,1339808772.0,0.004446207641339431,3.28,3.2670000000000003,3.1990000000000003,3.3356666666666666,74.99999781250014,7795578.4,3.3631666666666664,3.2,False,False,3.28,19658324.4,24789049.392
2024-03-07,3.29,3.32,3.29,3.29,4740762.0,18098407.0,1339808772.0,0.003538387043789261,3.282,3.272,3.2030000000000003,3.3311666666666664,65.789471260388,7730104.5,3.3573333333333335,3.2030000000000003,False,False,3.3,15597106.98,24597841.220999997
2024-03-08,3.3,3.34,3.28,3.34,5628430.0,21585703.0,1339808772.0,0.004200920398213365,3.2939999999999996,3.278,3.213,3.3281666666666667,68.29268059488416,7614916.0,3.3521666666666667,3.2020000000000004,False,False,3.3,18798956.2,24292433.631
2024-03-11,3.33,3.37,3.32,3.36,5945856.0,23006935.0,1339808772.0,0.004437839282933132,3.3099999999999996,3.289,3.2255000000000003,3.3261666666666665,71.42856904761919,7396526.8,3.3466666666666662,3.2,False,False,3.34,19978076.16,23687566.419
2024-03-12,3.36,3.38,3.35,3.37,5252780.0,20431525.0,1339808772.0,0.003920544565594171,3.332,3.2979999999999996,3.246,3.3238333333333334,69.99999755000017,7024043.55,3.3408333333333338,3.197,False,False,3.36,17701868.6,22692697.989
2024-03-13,3.35,3.36,3.33,3.34,5371732.0,20750179.0,1339808772.0,0.0040093273848187646,3.34,3.31,3.2590000000000003,3.321,62.49999781250008,6824476.55,3.3356666666666666,3.1990000000000003,False,False,3.37,17941584.88,22147864.145000003
2024-03-14,3.32,3.35,3.31,3.32,7085994.0,27219904.0,1339808772.0,0.00528880997653298,3.346,3.314,3.272,3.3176666666666668,55.26315585872585,6767886.7,3.3311666666666664,3.2030000000000003,False,False,3.37,23525500.08,22066817.126
2024-03-15,3.32,3.33,3.27,3.31,12037269.0,45841811.0,1339808772.0,0.008984318696489323,3.34,3.3169999999999993,3.279,3.3138333333333336,58.33333106481494,6796148.35,3.3281666666666667,3.213,False,False,3.37,39843360.39,22240667.439499997
2024-03-18,3.32,3.32,3.3,3.32,6174640.0,23608510.0,1339808772.0,0.004608597979831707,3.332,3.321,3.2855,3.3093333333333335,55.882350640138526,6530073.65,3.3261666666666665,3.2255000000000003,False,False,3.37,20499804.8,21432024.3065
2024-03-19,3.32,3.32,3.3,3.3,5258854.0,20097041.0,1339808772.0,0.003925078048376892,3.318,3.325,3.2915,3.3048333333333337,63.333330377777884,6493489.65,3.3238333333333334,3.246,False,False,3.37,17354218.2,21347240.3105
2024-03-20,3.29,3.32,3.27,3.3,3764571.0,14328457.0,1339808772.0,0.002809782320189198,3.31,3.325,3.2960000000000003,3.3011666666666666,54.16666350694463,6242047.2,3.321,3.2590000000000003,False,False,3.37,12423084.299999999,20557050.6155
2024-03-21,3.3,3.32,3.28,3.29,3752391.0,14279342.0,1339808772.0,0.002800691470618316,3.304,3.325,3.2984999999999998,3.2975,51.99999708800021,6125653.05,3.3176666666666668,3.272,False,False,3.37,12345366.39,20189314.547
2024-03-22,3.29,3.3,3.25,3.25,7209400.0,27154089.0,1339808772.0,0.005380917150764855,3.2920000000000003,3.316,3.2969999999999997,3.2933333333333334,44.827584042806315,6242250.05,3.3138333333333336,3.279,True,False,3.37,23430550.0,20560938.607
2024-03-25,3.25,3.26,3.21,3.21,5856100.0,21868945.0,1339808772.0,0.004370847633172535,3.2699999999999996,3.3009999999999997,3.2949999999999995,3.289,41.93548197710728,6153250.05,3.3093333333333335,3.2855,True,True,3.37,18798081.0,20259976.406999998
2024-03-26,3.21,3.22,3.17,3.21,6086680.0,22510878.0,1339808772.0,0.004542946819876471,3.252,3.2849999999999993,3.2915,3.2853333333333334,33.333331604938365,6230214.05,3.3048333333333337,3.2915,True,True,3.37,19538242.8,20491114.947
2024-03-27,3.21,3.22,3.19,3.19,4075060.0,15066631.0,1339808772.0,0.003041523600354514,3.2299999999999995,3.2699999999999996,3.29,3.2819999999999996,32.14285553571433,5903893.25,3.3011666666666666,3.2960000000000003,True,True,3.37,12999441.4,19434249.380999997
2024-03-28,3.18,3.21,3.17,3.19,5126056.0,18894468.0,1339808772.0,0.0038259609185481583,3.21,3.257,3.2855,3.278833333333333,17.391303289225036,5747780.05,3.2975,3.2984999999999998,True,True,3.37,16352118.64,18899130.833
2024-03-29,3.19,3.23,3.19,3.23,3416346.0,12691623.0,1339808772.0,0.0025498758266078885,3.2060000000000004,3.249,3.283,3.2761666666666667,23.999998656000102,5615154.15,3.2933333333333334,3.2969999999999997,True,True,3.37,11034797.58,18455577.016
2024-04-01,3.23,3.25,3.23,3.25,4421380.0,16566575.0,1339808772.0,0.0033000082492369294,3.214,3.242,3.2815,3.2735,26.923075473372833,5547795.45,3.289,3.2949999999999995,True,True,3.37,14369485.0,18228008.41
2024-04-02,3.25,3.3,3.25,3.29,5230709.0,19833516.0,1339808772.0,0.0039040713192165905,3.2299999999999995,3.2410000000000005,3.283,3.271666666666667,40.740738628258015,5619603.9,3.2853333333333334,3.2915,True,True,3.37,17209032.61,18469950.0205
2024-04-03,3.29,3.33,3.29,3.32,6552840.0,25057719.0,1339808772.0,0.00489087706913446,3.2560000000000002,3.243,3.284,3.2696666666666667,49.99999750000012,5649392.5,3.2819999999999996,3.29,False,True,3.37,21755428.8,18574805.2405
2024-04-08,3.32,3.34,3.29,3.3,5141140.0,19688206.0,1339808772.0,0.0038372192416127873,3.278,3.2439999999999998,3.2845,3.2673333333333336,48.27585973840674,5669411.4,3.278833333333333,3.2855,False,False,3.37,16965762.0,18643237.9915
2024-04-09,3.3,3.35,3.29,3.33,5099488.0,19567776.0,1339808772.0,0.0038061312230309834,3.2980000000000005,3.2520000000000002,3.2840000000000003,3.2655000000000003,51.612900894901294,5642964.3,3.2761666666666667,3.283,False,False,3.37,16981295.04,18552354.9335
2024-04-10,3.33,3.35,3.31,3.35,7635100.0,29389461.0,1339808772.0,0.005698649060643708,3.318,3.2660000000000005,3.2835,3.264333333333333,58.06451350676395,5727426.5,3.2735,3.2815,False,False,3.37,25577585.0,18832330.3755
2024-04-11,3.32,3.42,3.29,3.42,12923122.0,50591595.0,1339808772.0,0.009645497379979835,3.344,3.287,3.286,3.2651666666666666,65.78947126038793,6110943.6,3.271666666666667,3.283,False,False,3.37,44197077.24,20157090.807499997
2024-04-12,3.39,3.4,3.32,3.34,10701490.0,41437354.0,1339808772.0,0.007987326418250977,3.348,3.3019999999999996,3.286,3.2643333333333335,55.55555382716053,6377431.5,3.2696666666666667,3.284,False,False,3.42,35742976.6,21047160.3935
2024-04-15,3.32,3.37,3.27,3.32,9519009.0,36467899.0,1339808772.0,0.007104751960826839,3.3519999999999994,3.315,3.286,3.2635,58.139532990805876,6499082.25,3.2673333333333336,3.2845,False,False,3.42,31603109.88,21451040.883500002
2024-04-16,3.32,3.32,3.23,3.24,9256171.0,34936472.0,1339808772.0,0.0069085762038882965,3.3340000000000005,3.316,3.2825,3.2610000000000006,53.19148777727486,6360027.35,3.2655000000000003,3.2840000000000003,False,False,3.42,29989994.040000003,20958372.566
2024-04-17,3.24,3.3,3.23,3.3,7401190.0,27983617.0,1339808772.0,0.005524064444623594,3.3240000000000003,3.321,3.2815,3.259333333333333,58.49056449270206,6421354.85,3.264333333333333,3.2835,True,False,3.42,24423927.0,21154578.676
2024-04-18,3.33,3.41,3.32,3.33,10705929.0,41415771.0,1339808772.0,0.00799063957763071,3.306,3.325,3.283,3.2583333333333333,62.96296133058991,6693708.6,3.2651666666666666,3.286,False,True,3.42,35650743.57,22069404.9445
2024-04-19,3.32,3.38,3.32,3.38,10208486.0,39656919.0,1339808772.0,0.007619360473928887,3.314,3.3310000000000004,3.287,3.2588333333333335,66.1016933467395,7015904.35,3.2643333333333335,3.286,False,False,3.42,34504682.68,23173484.8635
2024-04-22,3.38,3.39,3.34,3.35,6887620.0,26758510.0,1339808772.0,0.005140748548554808,3.3200000000000003,3.336,3.29,3.2595,60.34482612960767,7172665.8,3.2635,3.286,False,False,3.42,23073527.0,23709892.894
2024-04-23,3.35,3.36,3.3,3.32,6789640.0,26070109.0,1339808772.0,0.005067618709395941,3.336,3.335,3.2935000000000003,3.2605,55.93220206262571,7151677.8,3.2610000000000006,3.2825,False,False,3.42,22541604.8,23665445.634
2024-04-24,3.32,3.32,3.29,3.31,4697200.0,17920384.0,1339808772.0,0.0035058734486327126,3.3379999999999996,3.3310000000000004,3.2984999999999998,3.261333333333333,51.78571299107147,7093732.8,3.259333333333333,3.2815,False,False,3.42,15547732.0,23502928.184
2024-04-25,3.32,3.34,3.31,3.34,4178940.0,16089722.0,1339808772.0,0.003119057053016518,3.34,3.3229999999999995,3.3050000000000006,3.2648333333333333,51.78571299107147,6998345.8,3.2583333333333333,3.283,False,False,3.42,13957659.6,23223899.024
2024-04-26,3.32,3.36,3.32,3.34,5593700.0,21555060.0,1339808772.0,0.004174998788558462,3.332,3.3229999999999995,3.3125,3.2675,53.703702311385506,7074277.8,3.2588333333333335,3.287,False,False,3.42,18682958.0,23508074.854000002
2024-04-29,3.33,3.38,3.33,3.38,8755400.0,34007563.0,1339808772.0,0.0065348131636206366,3.338,3.3289999999999997,3.322,3.2701666666666664,54.545453157024824,7255745.0,3.2595,3.29,False,False,3.42,29593252.0,24170131.522
2024-04-30,3.32,3.32,3.25,3.27,16926739.0,64079922.0,1339808772.0,0.012633697699062385,3.3280000000000003,3.332,3.3239999999999994,3.2696666666666667,43.74999904296876,7931264.65,3.2605,3.2935000000000003,False,False,3.42,55350436.53,26385913.469499998
2024-05-06,3.3,3.35,3.28,3.33,14499929.0,55538381.0,1339808772.0,0.010822386972698519,3.332,3.335,3.3280000000000003,3.269833333333333,42.857141904761924,8435192.1,3.261333333333333,3.2984999999999998,True,False,3.42,48284763.57,28081677.398000002
2024-05-07,3.32,3.35,3.3,3.32,8158847.0,31268594.0,1339808772.0,0.00608956081681782,3.3280000000000003,3.3340000000000005,3.3295000000000003,3.269833333333333,48.2142845089286,8581599.0,3.2648333333333333,3.3050000000000006,False,True,3.42,27087372.04,28575594.3695
2024-05-08,3.32,3.35,3.3,3.32,10070829.0,38728046.0,1339808772.0,0.007516616707149011,3.3239999999999994,3.3280000000000003,3.3295000000000003,3.2708333333333335,49.99999870370374,8757498.45,3.2675,3.3125,True,False,3.42,33435152.279999997,29159580.5435
2024-05-09,3.32,3.38,3.31,3.36,14060909.0,54396754.0,1339808772.0,0.010494713345554959,3.3200000000000003,3.3289999999999997,3.3325000000000005,3.273333333333333,61.99999826400002,9203486.9,3.2701666666666664,3.322,True,True,3.42,47244654.239999995,30673525.155500002
2024-05-10,3.37,3.37,3.32,3.36,9697948.0,37521847.0,1339808772.0,0.007238307587375611,3.338,3.3329999999999997,3.3340000000000005,3.277,56.81818001033064,9433409.9,3.2696666666666667,3.3239999999999994,False,True,3.42,32585105.279999997,31453715.667499997
2024-05-13,3.36,3.44,3.34,3.42,21579705.0,84918460.0,1339808772.0,0.016106555988424295,3.3559999999999994,3.344,3.3375,3.2821666666666665,59.574466310547805,10130640.15,3.269833333333333,3.3280000000000003,False,False,3.42,73802591.1,33864965.9725
2024-05-14,3.43,3.43,3.37,3.38,13910680.0,54457379.0,1339808772.0,0.010382586150137551,3.368,3.3480000000000003,3.3354999999999997,3.2891666666666666,49.99999847826092,10180018.05,3.269833333333333,3.3295000000000003,False,False,3.42,47018098.4,34006017.0305
2024-05-15,3.38,3.39,3.34,3.34,8275717.0,32060549.0,1339808772.0,0.006176789682938425,3.372,3.3480000000000003,3.3355000000000006,3.2935,48.93616875509282,10058729.4,3.2708333333333335,3.3295000000000003,False,False,3.42,27640894.779999997,33600912.939500004
2024-05-16,3.34,3.35,3.32,3.35,8384633.0,32346183.0,1339808772.0,0.006258081880956666,3.37,3.3449999999999998,3.3369999999999997,3.298333333333333,53.33333167407415,10002010.6,3.273333333333333,3.3325000000000005,False,False,3.42,28088520.55,33425183.473
2024-05-17,3.34,3.36,3.32,3.34,7969160.0,30688784.0,1339808772.0,0.005947983149941639,3.3660000000000005,3.3519999999999994,3.342,3.3011666666666666,53.3333316740741,9937660.05,3.277,3.3340000000000005,False,False,3.42,26616994.4,33256533.490999997
2024-05-20,3.33,3.38,3.33,3.38,9499416.0,36862141.0,1339808772.0,0.0070901282321205765,3.3579999999999997,3.357,3.346,3.304333333333333,54.347824432892295,10042571.35,3.2821666666666665,3.3375,True,False,3.42,32108026.08,33640738.445
2024-05-21,3.37,3.38,3.34,3.36,4237177.0,16430845.0,1339808772.0,0.003162523703793156,3.354,3.3609999999999998,3.3474999999999993,3.3073333333333332,52.08333181423615,9719133.75,3.2891666666666666,3.3354999999999997,False,True,3.42,14236914.719999999,32570047.002499998
2024-05-22,3.36,3.37,3.34,3.34,4513700.0,17487165.0,1339808772.0,0.003368913604933466,3.354,3.3629999999999995,3.3455,3.3095,45.65217252362954,9434394.45,3.2935,3.3355000000000006,False,False,3.42,15075758.0,31598600.768499993
2024-05-23,3.35,3.35,3.29,3.3,7136300.0,27311256.0,1339808772.0,0.005326357125836164,3.344,3.357,3.343,3.3104999999999998,53.84615191321502,9446828.45,3.298333333333333,3.3369999999999997,True,False,3.42,23549790.0,31622413.918499995
2024-05-24,3.3,3.36,3.29,3.32,7286160.0,28061314.0,1339808772.0,0.005438208908815832,3.34,3.353,3.343,3.311166666666667,48.57142662857147,9471654.45,3.3011666666666666,3.342,True,True,3.42,24190051.2,31704836.2385
2024-05-27,3.34,3.36,3.31,3.34,5364725.0,20636310.0,1339808772.0,0.0040040975340024125,3.332,3.3449999999999998,3.3445,3.312666666666667,52.777775725308715,9505030.7,3.304333333333333,3.346,True,True,3.42,17918181.5,31823358.7135
2024-05-28,3.34,3.35,3.32,3.32,3784757.0,14565215.0,1339808772.0,0.002824848649371285,3.3239999999999994,3.339,3.3435,3.3133333333333335,49.99999815789481,9485321.55,3.3073333333333332,3.3474999999999993,True,True,3.42,12565393.24,31753745.395499997
2024-05-29,3.33,3.35,3.3,3.32,6735805.0,25864098.0,1339808772.0,0.005027437602117745,3.3199999999999994,3.3369999999999997,3.3425,3.315,44.11764524221462,9542426.8,3.3095,3.3455,True,True,3.42,22362872.599999998,31937741.1255
2024-05-30,3.32,3.32,3.28,3.28,5570380.0,21212177.0,1339808772.0,0.004157593319593522,3.316,3.3299999999999996,3.3375,3.315,39.473682756232755,9383175.8,3.3104999999999998,3.343,True,True,3.42,18270846.4,31371620.8455
2024-05-31,3.28,3.29,3.25,3.27,4726580.0,17877828.0,1339808772.0,0.003527801951127993,3.306,3.3229999999999995,3.3375,3.3148333333333335,27.272726115702582,8773167.85,3.311166666666667,3.343,True,True,3.42,15455916.6,29376894.849
2024-06-03,3.27,3.27,3.2,3.22,7145700.0,26650319.0,1339808772.0,0.005333373052434381,3.282,3.307,3.332,3.3138333333333336,26.470587145328835,8405456.4,3.312666666666667,3.3445,True,True,3.42,23009154.0,28113114.3705
2024-06-04,3.22,3.24,3.19,3.24,4206708.0,15648866.0,1339808772.0,0.0031397823987377206,3.2659999999999996,3.2950000000000004,3.3280000000000003,3.3134999999999994,34.374998496093895,8207849.45,3.3133333333333335,3.3435,True,True,3.42,13629733.920000002,27440232.4645
2024-06-05,3.23,3.24,3.19,3.19,5887100.0,21817929.0,1339808772.0,0.004393985263443252,3.2399999999999998,3.28,3.3214999999999995,3.3116666666666665,27.777776697530896,7998663.0,3.315,3.3425,True,True,3.42,18779849.0,26707467.300499998
2024-06-06,3.19,3.2,3.1,3.12,8563798.0,31025316.0,1339808772.0,0.006391806188293862,3.2079999999999997,3.2619999999999996,3.3095,3.3088333333333333,23.80952301587307,7723807.45,3.315,3.3375,True,True,3.42,26719049.76,25681187.076500002
2024-06-07,3.12,3.15,3.06,3.12,12053134.0,43158389.0,1339808772.0,0.00899615993856174,3.178,3.242,3.2975000000000003,3.3051666666666666,15.789473102493119,7841566.75,3.3148333333333335,3.3375,True,True,3.42,37605778.08,25932220.7165
2024-06-11,3.12,3.14,3.02,3.06,12402800.0,44188568.0,1339808772.0,0.009257141958763053,3.146,3.214,3.2795,3.3001666666666667,14.285713809523841,7382721.5,3.3138333333333336,3.332,True,True,3.42,37952568.0,24139719.5615
2024-06-12,3.08,3.11,3.06,3.08,8278586.0,29515045.0,1339808772.0,0.006178931033301221,3.114,3.19,3.2645000000000004,3.2953333333333332,19.047618412698455,7101116.8,3.3134999999999994,3.3280000000000003,True,True,3.38,25498044.88,23063716.8855
2024-06-13,3.09,3.09,3.01,3.02,8189683.0,28707657.0,1339808772.0,0.006112576041560653,3.08,3.16,3.2485,3.2899999999999996,18.18181760330583,7096815.1,3.3116666666666665,3.3214999999999995,True,True,3.38,24732842.66,22918314.2795
2024-06-14,3.02,3.06,2.99,3.05,4706263.0,16494043.0,1339808772.0,0.0035126378467986324,3.066,3.137,3.2335000000000003,3.2855,19.999999377777783,6912896.6,3.3088333333333333,3.3095,True,True,3.38,14354102.149999999,22231593.3595
2024-06-17,3.04,3.12,3.02,3.07,8496943.0,30106360.0,1339808772.0,0.006341907276301965,3.056,3.117,3.22,3.2815,19.999999377777783,6939285.75,3.3051666666666666,3.2975000000000003,True,True,3.38,26085615.009999998,22205024.39
2024-06-18,3.09,3.09,3.02,3.07,5863600.0,19932304.0,1339808772.0,0.0043764454469477085,3.058,3.1020000000000003,3.2045000000000003,3.277333333333333,20.9302318766901,6757494.95,3.3001666666666667,3.2795,True,True,3.38,18001252.0,21499685.686
2024-06-19,3.06,3.07,3.05,3.05,2143464.0,7292308.0,1339808772.0,0.0015998283074384887,3.052,3.0829999999999997,3.189,3.2731666666666666,19.999999377777783,6652809.3,3.2953333333333332,3.2645000000000004,True,True,3.36,6537565.199999999,21114718.21
2024-06-20,3.05,3.06,3.01,3.02,3558800.0,12000070.0,1339808772.0,0.0026561999550783655,3.052,3.066,3.1729999999999996,3.2685000000000004,20.454544803719017,6605064.3,3.2899999999999996,3.2485,True,True,3.34,10747576.0,20898309.11
2024-06-21,3.02,3.04,3.0,3.02,2435340.0,8191423.0,1339808772.0,0.001817677306564164,3.046,3.056,3.159,3.2640000000000002,20.9302318766901,6370016.3,3.2855,3.2335000000000003,True,True,3.34,7354726.8,20088555.95
2024-06-24,3.02,3.03,2.96,2.97,4790455.0,15904794.0,1339808772.0,0.003575476665113221,3.0260000000000002,3.041,3.1414999999999997,3.259333333333333,20.9302318766901,6245231.05,3.2815,3.22,True,True,3.34,14227651.350000001,19590435.9575
2024-06-25,2.96,3.02,2.96,2.99,3382698.0,11269951.0,1339808772.0,0.0025247617948869496,3.0100000000000002,3.0340000000000003,3.124,3.255666666666667,20.9302318766901,6146129.7,3.277333333333333,3.2045000000000003,True,True,3.34,10114267.020000001,19200240.2335
2024-06-26,2.99,3.05,2.99,3.05,4167812.0,13995399.0,1339808772.0,0.0031107513901245006,3.0100000000000002,3.0309999999999997,3.1105,3.253,34.09090800619833,6165282.45,3.2731666666666666,3.189,True,True,3.32,12711826.6,19207561.901499998
2024-06-27,3.03,3.04,3.0,3.01,2537600.0,8524695.0,1339808772.0,0.0018940016314507307,3.008,3.0300000000000002,3.0949999999999998,3.25,36.58536460440212,5955372.2,3.2685000000000004,3.1729999999999996,True,True,3.32,7638175.999999999,18471327.071499996
2024-06-28,3.01,3.05,3.0,3.03,2338100.0,7891285.0,1339808772.0,0.0017450997850311134,3.0100000000000002,3.0279999999999996,3.0825,3.247333333333333,39.53488243374797,5793758.2,3.2640000000000002,3.159,True,True,3.28,7084443.0,17912006.901499998
2024-07-01,2.99,3.04,2.94,3.04,6501332.0,21634763.0,1339808772.0,0.004852432776876908,3.024,3.025,3.0709999999999997,3.2441666666666666,47.368419307479286,5882495.8,3.259333333333333,3.1414999999999997,True,True,3.27,19764049.28,18127413.535499997
2024-07-02,3.03,3.05,3.02,3.05,4164360.0,14073941.0,1339808772.0,0.0031081749030375805,3.036,3.0229999999999997,3.0625,3.2408333333333337,45.945944207450715,5733428.8,3.255666666666667,3.124,True,True,3.24,12701298.0,17612020.7355
2024-07-03,3.05,3.06,3.03,3.03,2955638.0,10019338.0,1339808772.0,0.002206014814776866,3.0319999999999996,3.021,3.0520000000000005,3.2365,51.515149329660304,5670875.3,3.253,3.1105,True,True,3.24,8955583.139999999,17378313.1965
2024-07-04,3.03,3.05,2.99,3.0,2953440.0,9934829.0,1339808772.0,0.002204374282153155,3.03,3.0189999999999997,3.0424999999999995,3.2311666666666667,42.42424062442616,5524192.3,3.25,3.0949999999999998,True,True,3.19,8860320.0,16882336.7465
2024-07-05,2.98,3.03,2.96,3.03,2632844.0,8784501.0,1339808772.0,0.0019650893881444148,3.03,3.02,3.038,3.2266666666666666,44.117645242214586,5227644.6,3.247333333333333,3.0825,True,True,3.12,7977517.319999999,15945260.124499997
2024-07-08,3.02,3.03,2.98,2.99,2155256.0,7188694.0,1339808772.0,0.0016086295634434016,3.02,3.022,3.0315,3.2209999999999996,39.47368275623275,4732750.7,3.2441666666666666,3.0709999999999997,True,True,3.12,6444215.44,14387181.992499998
2024-07-09,2.98,3.0,2.93,2.98,4257326.0,14030970.0,1339808772.0,0.0031775624170939524,3.006,3.021,3.0275,3.2148333333333334,40.54053900657419,4325477.0,3.2408333333333337,3.0625,True,True,3.08,12686831.48,13123895.166499998
2024-07-10,2.96,2.98,2.93,2.94,2956981.0,9705969.0,1339808772.0,0.002207017196630207,2.988,3.0100000000000002,3.0205,3.2068333333333334,39.473682756232705,4059396.75,3.2365,3.0520000000000005,True,True,3.08,8693524.14,12283669.129499998
2024-07-11,2.96,3.0,2.96,2.99,4036580.0,13395513.0,1339808772.0,0.0030128030838120234,2.9859999999999998,3.008,3.019,3.2009999999999996,46.511626392644736,3851741.6,3.2311666666666667,3.0424999999999995,True,True,3.07,12069374.200000001,11650495.7065
2024-07-12,2.99,3.0,2.97,2.98,1872820.0,6229298.0,1339808772.0,0.001397826345922745,2.976,3.003,3.0155000000000003,3.195333333333333,51.28204944115718,3710069.45,3.2266666666666666,3.038,True,True,3.07,5581003.6,11211840.779000001
2024-07-15,2.98,2.99,2.96,2.97,1720880.0,5684707.0,1339808772.0,0.0012844221025894284,2.9720000000000004,2.9959999999999996,3.0105,3.190833333333333,47.368419307479286,3371266.3,3.2209999999999996,3.0315,True,True,3.07,5111013.600000001,10163110.7085
2024-07-16,2.98,2.98,2.96,2.97,1384065.0,4570825.0,1339808772.0,0.0010330317496980831,2.97,2.9880000000000004,3.0055,3.1853333333333333,37.49999835937512,3147289.55,3.2148333333333334,3.0275,True,True,3.07,4110673.0500000003,9468581.761
2024-07-17,2.97,2.98,2.96,2.96,1735820.0,5726427.0,1339808772.0,0.001295572947629574,2.974,2.9810000000000003,3.001,3.1791666666666667,41.379308347205836,3126907.35,3.2068333333333334,3.0205,True,True,3.05,5138027.2,9398604.861
2024-07-18,2.96,2.96,2.95,2.96,1856600.0,6108748.0,1339808772.0,0.0013857201406649695,2.968,2.977,2.998,3.1721666666666666,37.03703511659821,3041797.35,3.2009999999999996,3.019,True,True,3.05,5495536.0,9136002.861
2024-07-19,2.95,2.98,2.95,2.97,2331616.0,7689621.0,1339808772.0,0.0017402602884286833,2.966,2.971,2.9955,3.165833333333333,37.03703511659821,3036611.15,3.195333333333333,3.0155000000000003,True,True,3.05,6924899.5200000005,9114511.497
2024-07-22,2.97,2.98,2.96,2.98,2143276.0,7095951.0,1339808772.0,0.0015996879889065244,2.968,2.97,2.996,3.160166666666667,37.03703511659821,2904252.2,3.190833333333333,3.0105,True,True,3.05,6386962.4799999995,8722477.0535
2024-07-23,2.98,3.0,2.97,2.98,2227000.0,7407716.0,1339808772.0,0.001662177503641542,2.97,2.9699999999999998,2.9955,3.1546666666666665,39.99999776000016,2846467.3,3.1853333333333333,3.0055,True,True,3.05,6636460.0,8548586.702499999
2024-07-24,2.98,3.01,2.96,2.99,3155996.0,10496356.0,1339808772.0,0.002355557051092363,2.976,2.975,2.9925,3.1488333333333336,47.82608404536885,2795876.5,3.1791666666666667,3.001,True,True,3.05,9436428.040000001,8384816.7745
2024-07-25,2.98,3.03,2.98,3.03,2780520.0,9316476.0,1339808772.0,0.002075311087752753,2.99,2.979,2.9935,3.143666666666667,49.999997083333504,2808022.5,3.1721666666666666,2.998,True,True,3.05,8424975.6,8424156.7545
2024-07-26,3.05,3.05,3.03,3.04,2568040.0,8688607.0,1339808772.0,0.0019167212916262352,3.004,2.9850000000000003,2.994,3.138,61.90475777777796,2819519.5,3.165833333333333,2.9955,False,True,3.05,7806841.6,8460276.6845
2024-07-29,3.05,3.06,3.04,3.05,2634600.0,8943936.0,1339808772.0,0.0019664000229429757,3.018,2.993,2.9945,3.134333333333333,66.66666222222244,2626182.9,3.160166666666667,2.996,False,False,3.05,8035529.999999999,7873850.7205
2024-07-30,3.05,3.1,3.05,3.08,3741280.0,12817141.0,1339808772.0,0.0027923984961041887,3.038,3.004,2.996,3.1301666666666668,84.99999405000034,2605028.9,3.1546666666666665,2.9955,False,False,3.05,11523142.4,7814942.9405000005
2024-07-31,3.08,3.11,3.06,3.11,4156445.0,14322704.0,1339808772.0,0.0031022673435668474,3.062,3.0189999999999997,3.0,3.1266666666666665,83.33332685185223,2665069.25,3.1488333333333336,2.9925,False,False,3.08,12926543.95,8013490.981000001
2024-08-01,3.1,3.11,3.07,3.08,3141840.0,10810836.0,1339808772.0,0.0023449913641855153,3.072,3.031,3.004,3.1226666666666665,74.99999475000043,2674489.25,3.143666666666667,2.9935,False,False,3.11,9676867.200000001,8054318.341000001
2024-08-02,3.08,3.09,3.04,3.05,3449100.0,11766219.0,1339808772.0,0.0025743225989268265,3.0740000000000003,3.0389999999999997,3.005,3.1175,68.18181384297537,2715302.05,3.138,2.994,False,False,3.11,10519755.0,8181430.225
2024-08-05,3.02,3.06,3.0,3.02,3410400.0,11515907.0,1339808772.0,0.0025454378798469308,3.068,3.043,3.0065,3.111833333333333,59.99999664000015,2778059.25,3.134333333333333,2.9945,False,False,3.11,10299408.0,8374189.853
2024-08-06,3.02,3.05,3.02,3.05,2131500.0,7197302.0,1339808772.0,0.0015908986749043317,3.062,3.05,3.0100000000000002,3.1056666666666666,66.66666320987672,2671767.95,3.1301666666666668,2.996,False,False,3.11,6501075.0,8064902.029000001
2024-08-07,3.05,3.05,3.03,3.04,1709300.0,5787744.0,1339808772.0,0.0012757790781205603,3.048,3.0549999999999997,3.0149999999999997,3.1,64.28571107142878,2609383.9,3.1266666666666665,3.0,False,False,3.11,5196272.0,7890039.422
2024-08-08,3.04,3.05,3.02,3.04,1960348.0,6633149.0,1339808772.0,0.0014631550718045307,3.04,3.056,3.0174999999999996,3.095,62.96295969821692,2505572.3,3.1226666666666665,3.004,False,False,3.11,5959457.92,7584543.608
2024-08-09,3.05,3.07,3.05,3.05,2202208.0,7499840.0,1339808772.0,0.0016436733704263283,3.04,3.057,3.021,3.0900000000000003,62.96295969821692,2522041.7,3.1175,3.005,False,False,3.11,6716734.399999999,7641330.148
2024-08-12,3.05,3.07,3.05,3.06,1323600.0,4510490.0,1339808772.0,0.0009879021750426335,3.048,3.0580000000000003,3.0255,3.0853333333333333,64.28571107142878,2502177.7,3.111833333333333,3.0065,False,False,3.11,4050216.0,7588290.268000001
2024-08-13,3.07,3.08,3.05,3.08,1627300.0,5558002.0,1339808772.0,0.0012145763141786625,3.0540000000000003,3.058,3.031,3.080333333333334,65.5172382164092,2514339.45,3.1056666666666666,3.0100000000000002,False,False,3.11,5012084.0,7633360.8155000005
2024-08-14,3.08,3.1,3.05,3.07,1943240.0,6646798.0,1339808772.0,0.0014503860853957748,3.06,3.054,3.0365,3.0755,57.692304585799,2524710.45,3.1,3.0149999999999997,False,False,3.11,5965746.8,7674746.795500001
2024-08-15,3.06,3.09,3.06,3.07,2238718.0,7668465.0,1339808772.0,0.0016709235278838733,3.066,3.053,3.0420000000000003,3.0709999999999997,55.99999686400015,2543816.35,3.095,3.0174999999999996,False,False,3.11,6872864.26,7743613.208500001
2024-08-16,3.07,3.08,3.04,3.05,2404220.0,8173049.0,1339808772.0,0.0017944501112730437,3.066,3.053,3.0460000000000003,3.0668333333333337,49.99999730769245,2547446.55,3.0900000000000003,3.021,False,False,3.11,7332871.0,7764011.782500001
2024-08-19,3.05,3.05,3.04,3.05,1637821.0,5549119.0,1339808772.0,0.001222428927342476,3.0639999999999996,3.056,3.0494999999999997,3.062333333333333,43.478258223062475,2522173.8,3.0853333333333333,3.0255,False,False,3.11,4995354.05,7694431.361
2024-08-20,3.04,3.05,2.98,2.99,3095020.0,10356803.0,1339808772.0,0.0023100460787250318,3.046,3.05,3.05,3.0564999999999998,26.92307547337286,2565574.8,3.080333333333334,3.031,False,False,3.11,9254109.8,7825313.851000001
2024-08-21,3.0,3.01,2.96,2.96,2728800.0,9054576.0,1339808772.0,0.0020367085639591558,3.024,3.0420000000000003,3.0484999999999998,3.0505,26.923075473372833,2544215.0,3.0755,3.0365,True,False,3.11,8077248.0,7757354.848999999
2024-08-22,2.96,2.99,2.96,2.96,1630900.0,5393589.0,1339808772.0,0.0012172632647907459,3.002,3.034,3.045,3.0444999999999998,30.434780756143766,2486734.0,3.0709999999999997,3.0420000000000003,True,True,3.11,4827464.0,7577479.268999999
2024-08-23,2.96,2.96,2.92,2.92,3576158.0,11684214.0,1339808772.0,0.0026691555352796274,2.976,3.021,3.039,3.0385,29.166664965277846,2537139.9,3.0668333333333337,3.0460000000000003,True,True,3.11,10442381.36,7709256.256999999
2024-08-26,2.92,2.93,2.89,2.93,2634260.0,8539257.0,1339808772.0,0.0019661462553851677,2.9520000000000004,3.008,3.0330000000000004,3.0328333333333335,22.72727128099193,2537122.9,3.062333333333333,3.0494999999999997,True,True,3.11,7718381.800000001,7693398.847
2024-08-27,2.93,2.94,2.88,2.88,3067225.0,9918279.0,1339808772.0,0.0022893005808742382,2.93,2.9880000000000004,3.0229999999999997,3.0271666666666666,19.23076819526638,2503420.15,3.0564999999999998,3.05,True,True,3.11,8833608.0,7558922.126999999
2024-08-28,2.88,2.92,2.88,2.89,1767000.0,5706719.0,1339808772.0,0.0013188449254308958,2.916,2.9699999999999998,3.0119999999999996,3.021333333333333,22.222221069959005,2383947.9,3.0505,3.0484999999999998,True,True,3.11,5106630.0,7167926.429500001
2024-08-29,2.89,2.91,2.88,2.89,2724780.0,8779551.0,1339808772.0,0.002033708135775663,2.902,2.952,3.0025,3.0163333333333338,19.230768195266506,2363094.9,3.0444999999999998,3.045,True,True,3.08,7874614.2,7077813.7795
2024-08-30,2.89,2.93,2.88,2.92,5868767.0,19010003.0,1339808772.0,0.004380301967451218,2.902,2.939,2.996,3.013,24.999998750000103,2484078.25,3.0385,3.039,True,True,3.08,17136799.64,7408666.011500001
2024-09-02,2.92,2.93,2.89,2.9,2973120.0,9618751.0,1339808772.0,0.0022190629454992106,2.896,2.924,2.9899999999999998,3.009333333333333,17.857141964285816,2462214.25,3.0328333333333335,3.0330000000000004,True,True,3.08,8622048.0,7324798.011500001
2024-09-03,2.9,2.91,2.88,2.91,2361000.0,7618150.0,1339808772.0,0.0017621917764246433,2.902,2.916,2.983,3.0068333333333332,21.428570357143045,2473689.25,3.0271666666666666,3.0229999999999997,True,True,3.08,6870510.0,7343269.761500001
2024-09-04,2.9,2.91,2.89,2.89,1589320.0,5134859.0,1339808772.0,0.0011862289852211834,2.902,2.909,2.9755000000000003,3.0036666666666667,19.99999906666683,2467690.25,3.021333333333333,3.0119999999999996,True,True,3.08,4593134.8,7313112.9015
2024-09-05,2.89,2.91,2.89,2.9,1095232.0,3538168.0,1339808772.0,0.0008174539702147883,2.9040000000000004,2.9029999999999996,2.9685,3.0016666666666665,24.137929869203447,2424434.45,3.0163333333333338,3.0025,True,True,3.08,3176172.8,7173948.6455
2024-09-06,2.91,2.92,2.9,2.91,1957200.0,6344330.0,1339808772.0,0.0014608054827692978,2.902,2.902,2.9615,2.9993333333333334,26.66666542222238,2412184.05,3.013,2.996,True,True,3.08,5695452.0,7122884.525500001
2024-09-09,2.91,2.91,2.88,2.9,2559180.0,8234286.0,1339808772.0,0.00191010840761983,2.902,2.899,2.9535,2.9964999999999997,31.999998208000136,2473963.05,3.009333333333333,2.9899999999999998,True,True,3.08,7421622.0,7291454.825500001
2024-09-10,2.89,2.91,2.88,2.9,1620581.0,5215976.0,1339808772.0,0.001209561419411277,2.9,2.901,2.9445,2.993666666666667,36.36363404958698,2473627.1,3.0068333333333332,2.983,True,True,3.08,4699684.899999999,7275834.8705
2024-09-11,2.9,2.9,2.87,2.88,2217400.0,7097539.0,1339808772.0,0.0016550123020093199,2.898,2.9,2.9349999999999996,2.9908333333333332,33.333331388889064,2487335.1,3.0036666666666667,2.9755000000000003,True,True,3.07,6386112.0,7296853.130499999
2024-09-12,2.87,2.9,2.87,2.89,1403956.0,4516623.0,1339808772.0,0.0010478778982050134,2.896,2.9,2.9259999999999997,2.9886666666666666,42.857140000000285,2445597.0,3.0016666666666665,2.9685,True,True,3.07,4057432.8400000003,7156081.5594999995
2024-09-13,2.89,2.92,2.88,2.89,1527000.0,4929009.0,1339808772.0,0.001139714884625341,2.892,2.897,2.918,2.9865,39.99999720000024,2401736.0,2.9993333333333334,2.9615,True,True,3.05,4413030.0,7010089.5095
2024-09-18,2.91,2.91,2.87,2.89,1412357.0,4531973.0,1339808772.0,0.001054148196008378,2.8899999999999997,2.896,2.91,2.9851666666666667,53.33332835555608,2390462.8,2.9964999999999997,2.9535,True,True,3.05,4081711.73,6964407.3935
2024-09-19,2.9,2.93,2.89,2.93,2381400.0,7730271.0,1339808772.0,0.0017774178298931155,2.896,2.898,2.907,2.984166666666667,61.11110635802503,2354781.8,2.993666666666667,2.9445,True,True,2.99,6977502.0,6850577.0035
2024-09-20,2.93,2.93,2.9,2.92,1532700.0,4970167.0,1339808772.0,0.0011439692230944731,2.904,2.9010000000000002,2.9050000000000002,2.9819999999999998,57.89473257617752,2294976.8,2.9908333333333332,2.9349999999999996,False,True,2.96,4475484.0,6670488.803499999
2024-09-23,2.91,2.93,2.9,2.92,1911528.0,6214213.0,1339808772.0,0.0014267170360040007,2.9099999999999997,2.903,2.903,2.9804999999999997,49.99999562500038,2309008.2,2.9886666666666666,2.9259999999999997,False,False,2.96,5581661.76,6708198.6915
2024-09-24,2.93,2.98,2.93,2.98,4390981.0,14466148.0,1339808772.0,0.0032773191904433958,2.928,2.91,2.9059999999999997,2.9796666666666667,69.99999510000025,2349749.35,2.9865,2.918,False,False,2.93,13085123.38,6840335.7924999995
2024-09-25,3.01,3.05,2.98,3.0,6676101.0,22450332.0,1339808772.0,0.004982876018966683,2.95,2.92,2.9095,2.979,71.42856666666685,2551841.4,2.9851666666666667,2.91,False,False,2.98,20028303.0,7455831.852500001
2024-09-26,3.0,3.05,2.98,3.05,5629094.0,18930715.0,1339808772.0,0.004201415991326261,2.974,2.935,2.918,2.9789999999999996,83.33332847222235,2679934.85,2.984166666666667,2.907,False,False,3.0,17168736.7,7872588.2875
2024-09-27,3.09,3.13,3.06,3.12,8131157.0,28023367.0,1339808772.0,0.006068893688359879,3.0140000000000002,2.9590000000000005,2.9295,2.9804999999999997,86.6666626222223,2998142.7,2.9819999999999998,2.9050000000000002,False,False,3.05,25369209.84,8885717.2795
2024-09-30,3.18,3.37,3.14,3.33,30234167.0,109456437.0,1339808772.0,0.022566031535133136,3.096,3.003,2.9515000000000002,2.9859999999999998,91.99999742399999,4373612.05,2.9804999999999997,2.903,False,False,3.12,100679776.11,13525975.375
2024-10-08,3.64,3.67,3.34,3.46,37044613.0,144494492.0,1339808772.0,0.027649179326316577,3.192,3.06,2.9785,2.9931666666666663,95.16128817377732,5932404.35,2.9796666666666667,2.9059999999999997,False,False,3.33,128174360.98,19077853.442
2024-10-09,3.37,3.37,3.12,3.14,24315683.0,86959724.0,1339808772.0,0.018148622033353875,3.22,3.085,2.9905,2.9956666666666667,62.7659565119964,6999532.5,2.979,2.9095,False,False,3.46,76351244.62,22464313.273000002
2024-10-10,3.13,3.2,3.11,3.15,13771438.0,48329380.0,1339808772.0,0.010278659378713188,3.2399999999999998,3.107,3.0025,2.9985,64.51612806104754,7570054.4,2.9789999999999996,2.918,False,False,3.46,43380029.699999996,24289789.258
2024-10-11,3.16,3.17,3.06,3.09,9511878.0,33088239.0,1339808772.0,0.0070994295594894044,3.2340000000000004,3.1239999999999997,3.0125,3.001,60.20408077259475,7966182.3,2.9804999999999997,2.9295,False,False,3.46,29391703.02,25529717.669
2024-10-14,3.12,3.13,3.08,3.12,7847792.0,27114667.0,1339808772.0,0.005857397088306271,3.192,3.144,3.0235,3.0031666666666665,61.386137762964424,8303810.3,2.9859999999999998,2.9515000000000002,False,False,3.46,24485111.04,26595164.581
2024-10-15,3.12,3.12,3.09,3.1,5795331.0,20016263.0,1339808772.0,0.004325491160465398,3.12,3.1559999999999997,3.0330000000000004,3.0051666666666668,60.19417393910831,8495716.85,2.9931666666666663,2.9785,False,False,3.46,17965526.1,27208668.286000002
2024-10-16,3.07,3.16,3.06,3.16,8362428.0,29000576.0,1339808772.0,0.006241508620306302,3.124,3.1719999999999997,3.0460000000000003,3.0083333333333333,60.95238013968255,8785879.25,2.9956666666666667,2.9905,False,False,3.46,26425272.48,28158850.809999995
2024-10-17,3.15,3.15,3.08,3.11,6006900.0,20846755.0,1339808772.0,0.004483401008812025,3.116,3.178,3.0564999999999998,3.0106666666666664,58.71559557612996,9005195.2,2.9985,3.0025,False,False,3.46,18681459.0,28857939.514999997
2024-10-18,3.1,3.17,3.08,3.14,9379132.0,32686567.0,1339808772.0,0.0070003512411695125,3.1260000000000003,3.18,3.0695,3.0136666666666665,59.82142782366073,9363281.8,3.001,3.0125,False,False,3.46,29450474.48,30011157.639
2024-10-21,3.16,3.16,3.12,3.14,6041280.0,21122518.0,1339808772.0,0.004509061387157421,3.1300000000000003,3.161,3.082,3.0166666666666666,57.54716905126381,9595148.0,3.0031666666666665,3.0235,False,False,3.46,18969619.2,30756766.957
2024-10-22,3.14,3.17,3.13,3.17,8175871.0,28675295.0,1339808772.0,0.006102267107712294,3.1439999999999997,3.132,3.096,3.0200000000000005,57.943924475500054,9927591.55,3.0051666666666668,3.0330000000000004,False,False,3.46,25917511.07,31831991.010499995
2024-10-23,3.18,3.21,3.17,3.18,7830229.0,27766821.0,1339808772.0,0.005844288501195154,3.148,3.136,3.1105,3.023333333333333,56.31067884626263,10248485.15,3.0083333333333333,3.0460000000000003,False,False,3.46,24900128.220000003,32872911.834999997
2024-10-24,3.18,3.2,3.16,3.19,6380196.0,22563605.0,1339808772.0,0.0047620198742809846,3.164,3.1399999999999997,3.1235,3.0268333333333337,53.608246648953134,10448424.95,3.0106666666666664,3.0564999999999998,False,False,3.46,20352825.24,33541677.996999998
2024-10-25,3.22,3.22,3.17,3.21,8339552.0,28925892.0,1339808772.0,0.006224434541916852,3.178,3.152,3.138,3.0304999999999995,42.30769154832348,10788767.55,3.0136666666666665,3.0695,False,False,3.46,26769961.919999998,34656401.89299999
2024-10-28,3.21,3.29,3.19,3.29,11723360.0,41355047.0,1339808772.0,0.008750024813242527,3.2079999999999997,3.1689999999999996,3.1565,3.0348333333333333,38.356163647964,11279359.15,3.0166666666666666,3.082,False,False,3.46,38569854.4,36305811.525
2024-10-29,3.29,3.3,3.19,3.22,10821600.0,37935343.0,1339808772.0,0.008076973539922457,3.218,3.181,3.1685,3.0378333333333334,58.333331631944496,11600890.1,3.0200000000000005,3.096,False,False,3.46,34845552.0,37393832.956
2024-10-30,3.19,3.23,3.18,3.23,6977760.0,24253356.0,1339808772.0,0.005208026806380694,3.228,3.188,3.18,3.040833333333333,58.333331631944496,11615973.05,3.023333333333333,3.1105,False,False,3.46,22538164.8,37519326.046
2024-10-31,3.22,3.24,3.2,3.24,7840254.0,27454955.0,1339808772.0,0.005851770912274636,3.2380000000000004,3.2010000000000005,3.1895000000000002,3.0435000000000003,67.44185826933486,11726531.05,3.0268333333333337,3.1235,False,False,3.46,25402422.96,37931010.359000005
2024-11-01,3.23,3.26,3.19,3.24,8843768.0,30973734.0,1339808772.0,0.006600768844645242,3.2439999999999998,3.211,3.1955,3.0456666666666665,64.99999772500009,11762161.6,3.0304999999999995,3.138,False,False,3.46,28653808.32,38095240.283
2024-11-04,3.24,3.28,3.22,3.28,7592780.0,26815805.0,1339808772.0,0.005667062463448329,3.242,3.225,3.193,3.049,71.4285690476191,10630092.25,3.0348333333333333,3.1565,False,False,3.46,24904318.4,34306467.39749999
2024-11-05,3.28,3.34,3.27,3.34,13250493.0,47512245.0,1339808772.0,0.009889838965765481,3.2659999999999996,3.242,3.1870000000000003,3.053833333333333,71.4285690476191,9440386.25,3.0378333333333334,3.1685,False,False,3.46,44256646.62,30110581.679499995
2024-11-06,3.34,3.38,3.29,3.38,16672804.0,60450847.0,1339808772.0,0.012444166920262558,3.2960000000000003,3.2619999999999996,3.199,3.059833333333333,82.92682643664497,9058242.3,3.040833333333333,3.18,False,False,3.34,56354077.519999996,29110723.324500002
2024-11-07,3.36,3.48,3.35,3.48,18440528.0,68884108.0,1339808772.0,0.01376355222131655,3.344,3.2910000000000004,3.2155,3.067,85.41666417534731,9291696.8,3.0435000000000003,3.1895000000000002,False,False,3.38,64173037.44,30150373.7115
2024-11-08,3.49,3.51,3.4,3.42,16180824.0,60440432.0,1339808772.0,0.012076965264114572,3.38,3.3120000000000003,3.232,3.0733333333333333,75.92592395747604,9625144.1,3.0456666666666665,3.1955,False,False,3.48,55338418.08,31447709.464500003
2024-11-11,3.38,3.45,3.36,3.42,15913067.0,58726000.0,1339808772.0,0.011877118087714685,3.408,3.325,3.247,3.0796666666666668,74.50980187620152,10028407.85,3.049,3.193,False,False,3.48,54422689.14,32944588.3695
2024-11-12,3.41,3.43,3.36,3.37,14701096.0,54132884.0,1339808772.0,0.010972533026526565,3.414,3.34,3.2604999999999995,3.085,67.27272556033064,10473696.1,3.053833333333333,3.1870000000000003,False,False,3.48,49542693.52,34523446.740499996
2024-11-13,3.39,3.39,3.31,3.36,11923128.0,43202603.0,1339808772.0,0.008899126688207712,3.41,3.353,3.2704999999999997,3.0900000000000003,65.45454378842979,10651731.1,3.059833333333333,3.199,False,False,3.48,40061710.08,35205268.620500006
2024-11-14,3.36,3.36,3.26,3.26,13330600.0,47663035.0,1339808772.0,0.009949628841510526,3.3659999999999997,3.3549999999999995,3.278,3.0929999999999995,53.96825276895945,11017916.1,3.067,3.2155,False,False,3.48,43457756.0,36444083.47050001
2024-11-15,3.25,3.34,3.24,3.24,10309440.0,36705158.0,1339808772.0,0.007694710032843404,3.3299999999999996,3.3549999999999995,3.283,3.095833333333333,45.61403396737461,11064431.5,3.0733333333333333,3.232,True,False,3.48,33402585.6,36641689.0265
2024-11-18,3.27,3.36,3.26,3.29,16652987.0,59703311.0,1339808772.0,0.012429376003518209,3.304,3.3560000000000003,3.2905,3.0995,56.363634928925656,11595016.85,3.0796666666666668,3.247,True,True,3.48,54788327.230000004,38432624.427999996
2024-11-19,3.3,3.34,3.27,3.33,13197582.0,47269659.0,1339808772.0,0.009850347509144387,3.2960000000000003,3.3550000000000004,3.2984999999999998,3.1041666666666665,58.620688240190304,11846102.4,3.085,3.2604999999999995,True,True,3.48,43947948.06,39334146.2775
2024-11-20,3.34,3.39,3.32,3.38,14256155.0,51901184.0,1339808772.0,0.010640440112001296,3.3,3.3549999999999995,3.3085,3.109666666666667,61.290321196670156,12167398.7,3.0900000000000003,3.2704999999999997,False,True,3.48,48185803.9,40498430.0615
2024-11-21,3.39,3.4,3.35,3.37,10116656.0,37051365.0,1339808772.0,0.007550820842065662,3.322,3.3440000000000003,3.3175000000000003,3.116,60.31745897707235,12354221.7,3.0929999999999995,3.278,False,False,3.48,34093130.72,41185445.3355
2024-11-22,3.39,3.42,3.31,3.31,14568691.0,53356257.0,1339808772.0,0.010873709222139651,3.336,3.3329999999999997,3.3225000000000002,3.1218333333333335,52.30769118106514,12665678.65,3.095833333333333,3.283,False,False,3.48,48222367.21,42258065.6
2024-11-25,3.31,3.38,3.29,3.36,10023720.0,36332805.0,1339808772.0,0.007481455719264391,3.35,3.3269999999999995,3.3259999999999996,3.1285000000000003,51.56249887207035,12580696.65,3.0995,3.2905,True,False,3.48,33679699.199999996,42013557.839999996
2024-11-26,3.36,3.36,3.3,3.31,8067840.0,29153385.0,1339808772.0,0.006021635451719524,3.346,3.321,3.3305,3.135,44.6153836544379,12443008.65,3.1041666666666665,3.2984999999999998,False,True,3.48,26704550.400000002,41606507.76
2024-11-27,3.3,3.34,3.23,3.34,9635280.0,34327655.0,1339808772.0,0.007191533748220601,3.3379999999999996,3.319,3.336,3.141833333333333,37.931033567181906,12575884.65,3.109666666666667,3.3085,True,False,3.48,32181835.2,42088691.28
2024-11-28,3.33,3.4,3.31,3.36,10820332.0,39560138.0,1339808772.0,0.008076027136206868,3.336,3.3289999999999997,3.342,3.1498333333333335,44.444443292181084,12724888.55,3.116,3.3175000000000003,False,True,3.48,36356315.519999996,42636385.908
2024-11-29,3.36,3.4,3.34,3.37,9088660.0,33207840.0,1339808772.0,0.00678355015278255,3.348,3.342,3.3485,3.1578333333333335,45.4545442975207,12737133.15,3.1218333333333335,3.3225000000000002,False,False,3.48,30628784.2,42735134.702
2024-12-02,3.37,3.45,3.36,3.45,14847900.0,55130136.0,1339808772.0,0.011082103886986642,3.3660000000000005,3.3579999999999997,3.357,3.1671666666666667,56.896550350772934,13099889.15,3.1285000000000003,3.3259999999999996,False,False,3.48,51225255.0,44051181.532000005
2024-12-03,3.45,3.46,3.39,3.45,10560296.0,39288904.0,1339808772.0,0.00788194272249473,3.3939999999999997,3.37,3.3625,3.176,57.89473542012935,12965379.3,3.135,3.3305,False,False,3.48,36433021.2,43660000.261
2024-12-04,3.46,3.46,3.38,3.4,8431356.0,31259460.0,1339808772.0,0.006292954768025657,3.406,3.372,3.3634999999999997,3.1843333333333335,63.46153675295866,12553306.9,3.141833333333333,3.336,False,False,3.48,28666610.4,42275626.905
2024-12-05,3.37,3.4,3.37,3.38,8482500.0,31160842.0,1339808772.0,0.00633112737972132,3.41,3.373,3.3585000000000003,3.1921666666666666,63.46153675295861,12055405.5,3.1498333333333335,3.342,False,False,3.48,28670850.0,40500517.533
2024-12-06,3.39,3.48,3.38,3.46,20381632.0,76054458.0,1339808772.0,0.015212344049349156,3.428,3.3879999999999995,3.3604999999999996,3.2016666666666667,65.45454378842979,12265445.9,3.1578333333333335,3.3485,False,False,3.45,70520446.72,41259618.964999996
2024-12-09,3.46,3.48,3.42,3.46,16830590.0,63123060.0,1339808772.0,0.01256193447283983,3.4299999999999997,3.3979999999999997,3.3625,3.2110000000000003,62.74509631680127,12311322.05,3.1671666666666667,3.357,False,False,3.46,58233841.4,41450176.577999994
2024-12-10,3.51,3.54,3.41,3.43,20507940.0,77002092.0,1339808772.0,0.015306617204324439,3.4259999999999997,3.41,3.3655,3.2196666666666665,55.10203924198259,12601664.25,3.176,3.3625,False,False,3.46,70342234.2,42490153.612
2024-12-11,3.41,3.48,3.41,3.48,13352150.0,50086477.0,1339808772.0,0.009965713226424524,3.442,3.4240000000000004,3.3714999999999997,3.229333333333334,60.37735689569246,12673115.35,3.1843333333333335,3.3634999999999997,False,False,3.46,46465482.0,42810342.208
2024-12-12,3.48,3.54,3.46,3.52,16601780.0,63044581.0,1339808772.0,0.012391156370186835,3.47,3.44,3.3845000000000005,3.2396666666666665,70.58823335640145,12836674.35,3.1921666666666666,3.3585000000000003,False,False,3.48,58438265.6,43559367.688
2024-12-13,3.52,3.52,3.4,3.41,15413850.0,57563503.0,1339808772.0,0.011504514914461242,3.46,3.444,3.393,3.2485,54.38596357648514,13091894.85,3.2016666666666667,3.3604999999999996,False,False,3.52,52561228.5,44517299.833000004
2024-12-16,3.42,3.49,3.4,3.47,12675460.0,47618741.0,1339808772.0,0.009460648612621563,3.4620000000000006,3.446,3.402,3.258166666666667,63.793101908442374,12893018.5,3.2110000000000003,3.3625,False,False,3.52,43983846.2,43977075.7815
2024-12-17,3.47,3.47,3.34,3.36,15926156.0,58566517.0,1339808772.0,0.011886887392315118,3.4480000000000004,3.4370000000000003,3.4034999999999997,3.266,51.5151504224059,13029447.2,3.2196666666666665,3.3655,False,False,3.52,53511884.16,44455272.5865
2024-12-18,3.36,3.4,3.34,3.35,9211554.0,33666011.0,1339808772.0,0.006875275182927374,3.4219999999999997,3.432,3.4019999999999997,3.2736666666666663,49.230768170414244,12777217.15,3.229333333333334,3.3714999999999997,True,False,3.52,30858705.900000002,43588917.6865
2024-12-19,3.33,3.35,3.27,3.29,11236287.0,40202495.0,1339808772.0,0.008386485620053844,3.3760000000000003,3.4230000000000005,3.3979999999999997,3.2796666666666665,44.28571340000001,12833198.7,3.2396666666666665,3.3845000000000005,True,True,3.52,36967384.23,43732630.362
2024-12-20,3.3,3.33,3.28,3.29,8471466.0,30332373.0,1339808772.0,0.006322891876095285,3.3520000000000003,3.406,3.3970000000000007,3.2858333333333336,37.0967733558793,12528337.45,3.2485,3.393,True,True,3.52,27871123.14,42715068.1585
2024-12-23,3.3,3.3,3.22,3.23,11494980.0,40558564.0,1339808772.0,0.008579567651912642,3.304,3.383,3.3905000000000003,3.291,33.82352871539794,12601900.45,3.258166666666667,3.402,True,True,3.52,37128785.4,42887522.4685
2024-12-24,3.23,3.26,3.22,3.24,8495405.0,29862769.0,1339808772.0,0.0063407593512904694,3.2800000000000002,3.364,3.3870000000000005,3.2953333333333332,37.49999917968755,12623278.7,3.266,3.4034999999999997,True,True,3.52,27525112.200000003,42928550.5585
2024-12-25,3.24,3.24,3.18,3.22,7384300.0,25689538.0,1339808772.0,0.0055114581680019035,3.254,3.338,3.3810000000000002,3.299,37.49999917968755,12510729.7,3.2736666666666663,3.4019999999999997,True,True,3.52,23777446.0,42508331.0985
2024-12-26,3.21,3.24,3.2,3.21,6957200.0,24270384.0,1339808772.0,0.005192681332885018,3.2380000000000004,3.307,3.3735,3.301666666666667,28.070174749153608,12317573.1,3.2796666666666665,3.3979999999999997,True,True,3.52,22332612.0,41807145.9225
2024-12-27,3.21,3.28,3.17,3.26,10053801.0,35414201.0,1339808772.0,0.007503907430753857,3.232,3.2920000000000003,3.368,3.3040000000000003,33.87096697710719,12365830.15,3.2858333333333336,3.3970000000000007,True,True,3.52,32775391.259999998,41914476.2755
2024-12-30,3.26,3.26,3.2,3.23,9488364.0,33219159.0,1339808772.0,0.00708187929374148,3.232,3.268,3.357,3.302333333333333,33.87096697710719,12097853.35,3.291,3.3905000000000003,True,True,3.52,30647415.72,40885584.3115
2024-12-31,3.24,3.29,3.21,3.23,16844484.0,59419294.0,1339808772.0,0.012572304609452132,3.2299999999999995,3.255,3.346,3.2985,28.070174749153608,12412062.75,3.2953333333333332,3.3870000000000005,True,True,3.52,54407683.32,41784317.417500004
2025-01-02,3.21,3.24,3.12,3.13,16631160.0,57435476.0,1339808772.0,0.012413084872682114,3.2119999999999997,3.2329999999999997,3.3325000000000005,3.2983333333333333,19.04761862433864,12822052.95,3.299,3.3810000000000002,True,True,3.52,52055530.8,42953763.4375
2025-01-03,3.16,3.16,3.07,3.08,12194020.0,41206056.0,1339808772.0,0.009101313750765621,3.186,3.2119999999999997,3.3175000000000003,3.2971666666666666,21.052631061865213,13007628.95,3.301666666666667,3.3735,True,True,3.52,37557581.6,43398100.0175
2025-01-06,3.07,3.13,3.02,3.1,8892740.0,29734719.0,1339808772.0,0.006637320329471615,3.1540000000000004,3.193,3.2995000000000005,3.2973333333333334,15.094339223923114,12433184.35,3.3040000000000003,3.368,True,True,3.52,27567494.0,41250452.3815
2025-01-07,3.1,3.1,3.04,3.09,10140380.0,33728328.0,1339808772.0,0.007568527846599291,3.1260000000000003,3.179,3.281,3.2968333333333333,18.604650557057894,12098673.85,3.302333333333333,3.357,True,True,3.52,31333774.2,39905449.02150001
2025-01-08,3.08,3.09,3.02,3.08,9079420.0,30111926.0,1339808772.0,0.006776653646211535,3.096,3.163,3.2634999999999996,3.2965,18.604650557057894,11527247.85,3.2985,3.346,True,True,3.52,27964613.6,37786567.9915
2025-01-09,3.06,3.08,3.05,3.06,5404880.0,17955308.0,1339808772.0,0.004034068228954691,3.082,3.147,3.2424999999999997,3.2948333333333335,20.51281977646289,11129884.35,3.2983333333333333,3.3325000000000005,True,True,3.52,16538932.8,36290240.5315
2025-01-10,3.06,3.07,3.01,3.01,5573000.0,18358410.0,1339808772.0,0.004159548822538982,3.068,3.127,3.217,3.2931666666666666,18.181817603305802,10578445.35,3.2971666666666666,3.3175000000000003,True,True,3.52,16774729.999999998,34207063.751499996
2025-01-13,3.01,3.01,2.98,3.0,5769100.0,18767580.0,1339808772.0,0.004305912993380521,3.0479999999999996,3.101,3.1965,3.290833333333333,20.51281977646289,10096207.85,3.2973333333333334,3.2995000000000005,True,True,3.47,17307300.0,32444367.3265
2025-01-14,3.0,3.08,3.0,3.07,8911681.0,29442893.0,1339808772.0,0.006651457421567024,3.0439999999999996,3.085,3.1765,3.2896666666666667,31.111110143209842,9908018.9,3.2968333333333333,3.281,True,True,3.47,27358860.669999998,31613118.05
2025-01-15,3.07,3.07,3.03,3.04,7158682.0,23684168.0,1339808772.0,0.005343062494891622,3.036,3.066,3.1605,3.2875,30.434781682419654,9469645.2,3.2965,3.2634999999999996,True,True,3.36,21762393.28,30025643.506
2025-01-16,3.05,3.1,3.04,3.07,8908860.0,29718054.0,1339808772.0,0.006649351897212388,3.0380000000000003,3.06,3.1465,3.2856666666666663,35.41666563368055,9454510.5,3.2948333333333335,3.2424999999999997,True,True,3.35,27350200.2,29850218.220999997
2025-01-17,3.06,3.08,3.04,3.05,6434660.0,21365193.0,1339808772.0,0.004802670451541125,3.046,3.057,3.1345,3.283333333333333,26.66666583703703,9214429.15,3.2931666666666666,3.217,True,True,3.29,19625713.0,28983134.659500003
2025-01-20,3.06,3.08,3.01,3.03,10981092.0,36255827.0,1339808772.0,0.008196014408539789,3.052,3.05,3.1215,3.2803333333333335,27.27272640495866,9339910.45,3.290833333333333,3.1965,True,True,3.29,33272708.759999998,29253213.9405
2025-01-21,3.03,3.04,3.01,3.02,7649020.0,25058916.0,1339808772.0,0.00570903860301043,3.0420000000000003,3.043,3.1109999999999998,3.275833333333333,26.66666583703703,9147612.45,3.2896666666666667,3.1765,True,True,3.26,23100040.4,28551776.6905
2025-01-22,3.01,3.03,3.0,3.01,4764276.0,15568850.0,1339808772.0,0.0035559373095371853,3.036,3.036,3.0995,3.272333333333333,33.33333203703704,8961056.0,3.2875,3.1605,True,True,3.26,14340470.76,27892544.6185
2025-01-23,3.02,3.06,3.02,3.03,6971160.0,23025078.0,1339808772.0,0.005203100730258542,3.0279999999999996,3.033,3.09,3.2689999999999997,42.42424062442611,8940399.0,3.2856666666666663,3.1465,True,True,3.26,21122614.799999997,27759803.0585
2025-01-24,3.03,3.04,3.01,3.04,5276280.0,17344671.0,1339808772.0,0.0039380843820897155,3.026,3.036,3.0815,3.2656666666666667,40.62499822265631,8856353.0,3.283333333333333,3.1345,True,True,3.26,16039891.200000001,27445167.0185
2025-01-27,3.04,3.09,3.04,3.07,8929612.0,29772739.0,1339808772.0,0.006664840674740709,3.034,3.043,3.072,3.2628333333333335,47.05882159169558,8800143.55,3.2803333333333335,3.1215,True,True,3.26,27413908.84,27177092.8975
2025-02-05,3.09,3.1,3.03,3.05,6586800.0,21856357.0,1339808772.0,0.004916223969908446,3.04,3.0409999999999995,3.0629999999999997,3.2590000000000003,45.71428388571432,8655065.35,3.275833333333333,3.1109999999999998,True,True,3.23,20089740.0,26649209.1115
2025-02-06,3.05,3.06,3.02,3.05,7920220.0,26144194.0,1339808772.0,0.005911455549120707,3.048,3.042,3.054,3.254166666666667,48.48484642791557,8208852.15,3.272333333333333,3.0995,True,True,3.23,24156671.0,25136658.4955
2025-02-07,3.05,3.08,3.04,3.07,12118777.0,40254992.0,1339808772.0,0.009045154243847569,3.056,3.042,3.0509999999999997,3.249,59.99999720000015,7983233.0,3.2689999999999997,3.09,True,True,3.13,37204645.39,24394114.225
2025-02-10,3.07,3.1,3.06,3.09,9259221.0,30918664.0,1339808772.0,0.006910852648156867,3.066,3.046,3.0515,3.2424999999999997,64.51612611862656,7836493.05,3.2656666666666667,3.0815,False,True,3.1,28610992.889999997,23946784.789499998
2025-02-11,3.09,3.1,3.06,3.1,7081020.0,23674583.0,1339808772.0,0.005285097506437284,3.072,3.053,3.0515,3.2371666666666665,55.99999686400022,7745907.05,3.2628333333333335,3.072,False,False,3.1,21951162.0,23665968.189499997
2025-02-12,3.09,3.1,3.06,3.08,5339501.0,17805853.0,1339808772.0,0.003985270966713748,3.078,3.059,3.0509999999999997,3.2314999999999996,58.33332993055575,7505863.1,3.2590000000000003,3.0629999999999997,False,False,3.1,16445663.08,22921562.633500002
2025-02-13,3.08,3.09,3.07,3.08,5502240.0,18382715.0,1339808772.0,0.004106735315508145,3.084,3.066,3.0509999999999997,3.226666666666667,52.38094888888917,7327004.1,3.254166666666667,3.054,False,False,3.1,16946899.2,22370676.9135
2025-02-14,3.08,3.08,3.05,3.06,6581904.0,21854720.0,1339808772.0,0.004912569717076013,3.082,3.069,3.0509999999999997,3.2216666666666667,52.38094888888917,7385855.3,3.249,3.0509999999999997,False,False,3.1,20140626.240000002,22550761.5855
2025-02-17,3.07,3.08,3.04,3.08,7840110.0,26080243.0,1339808772.0,0.005851663434250153,3.08,3.0729999999999995,3.0545,3.2186666666666666,61.904757777778094,7499210.8,3.2424999999999997,3.0515,False,False,3.1,24147538.8,22919402.0255
2025-02-18,3.07,3.08,3.02,3.03,9559500.0,31660665.0,1339808772.0,0.007134973437836247,3.066,3.069,3.056,3.2151666666666667,51.999997088000114,7688730.8,3.2371666666666665,3.0515,False,False,3.1,28965284.999999996,23502301.2755
2025-02-19,3.03,3.04,3.02,3.03,6470780.0,21279580.0,1339808772.0,0.004829629522682361,3.056,3.067,3.054,3.2108333333333334,54.16666350694462,7566685.75,3.2314999999999996,3.0509999999999997,True,False,3.1,19606463.4,23114681.412
2025-02-20,3.03,3.06,3.01,3.05,6134053.0,20213596.0,1339808772.0,0.004578304850805978,3.05,3.0669999999999997,3.0545,3.206166666666667,54.16666350694462,7515454.3,3.226666666666667,3.0509999999999997,True,True,3.1,18708861.65,22962004.8305
2025-02-21,3.04,3.05,3.02,3.04,6157952.0,20260386.0,1339808772.0,0.004596142470994361,3.046,3.064,3.053,3.2005,49.999997083333504,7377908.9,3.2216666666666667,3.0509999999999997,True,True,3.1,18720174.080000002,22530503.5245
2025-02-24,3.03,3.07,3.03,3.06,6047037.0,20027573.0,1339808772.0,0.004513358269011243,3.042,3.061,3.0535,3.195333333333333,47.82608404536885,7358527.75,3.2186666666666666,3.0545,True,True,3.1,18503933.22,22474414.535499997
2025-02-25,3.04,3.06,3.03,3.04,4652848.0,15376078.0,1339808772.0,0.0034727702170918463,3.0439999999999996,3.0549999999999997,3.054,3.190833333333333,47.82608404536885,7042115.55,3.2151666666666667,3.056,False,True,3.1,14144657.92,21518011.9935
2025-02-26,3.04,3.08,3.03,3.08,7785780.0,25919985.0,1339808772.0,0.005811112871262796,3.054,3.055,3.0569999999999995,3.186166666666667,55.55555267489731,7048953.55,3.2108333333333334,3.054,True,False,3.1,23980202.400000002,21562020.0935
2025-02-27,3.07,3.09,3.05,3.08,6237020.0,20760113.0,1339808772.0,0.0046551568629377505,3.06,3.0549999999999997,3.0605,3.1823333333333332,51.99999708800021,7122590.75,3.206166666666667,3.0545,False,True,3.1,19210021.6,21805497.6355
2025-02-28,3.07,3.09,3.06,3.06,8816240.0,29428240.0,1339808772.0,0.006580222628964845,3.064,3.055,3.062,3.1776666666666666,43.99999753600019,7214844.75,3.2005,3.053,False,False,3.1,26977694.400000002,22098251.6155
2025-03-03,3.06,3.09,3.05,3.06,7022800.0,23394619.0,1339808772.0,0.005241643544038537,3.064,3.053,3.0629999999999997,3.1726666666666663,41.66666423611125,7302170.75,3.195333333333333,3.0535,True,False,3.1,21489768.0,22370745.4555
2025-03-04,3.06,3.07,3.04,3.06,4336124.0,14364115.0,1339808772.0,0.003236375287741436,3.0680000000000005,3.056,3.0625,3.1675,45.45454256198366,7072496.35,3.190833333333333,3.054,True,True,3.1,13268539.44,21663476.9855
2025-03-05,3.06,3.06,3.02,3.04,5844862.0,19248469.0,1339808772.0,0.004362459869011815,3.06,3.057,3.0620000000000003,3.1606666666666663,41.66666423611125,7035399.45,3.186166666666667,3.0569999999999995,True,True,3.1,17768380.48,21547409.0095
2025-03-06,3.04,3.05,3.02,3.04,6409131.0,21122824.0,1339808772.0,0.004783616239825604,3.052,3.056,3.0614999999999997,3.1538333333333335,45.45454256198366,6959845.0,3.1823333333333332,3.0605,True,True,3.1,19483758.240000002,21313763.3715
2025-03-07,3.04,3.06,3.03,3.04,5496599.0,18155880.0,1339808772.0,0.004102525013174044,3.048,3.056,3.06,3.1478333333333333,39.9999972000002,6628736.1,3.1776666666666666,3.062,True,True,3.1,16709660.96,20289014.15
2025-03-10,3.04,3.08,3.04,3.06,7528436.0,24990658.0,1339808772.0,0.0056190376995083596,3.048,3.056,3.0585,3.1425,58.82352456747452,6542196.85,3.1726666666666663,3.0629999999999997,True,True,3.1,23037014.16,20010315.2135
2025-03-11,3.06,3.08,3.04,3.08,6556916.0,21804067.0,1339808772.0,0.004893919294327475,3.052,3.06,3.0575,3.1361666666666665,63.15789008310291,6515991.65,3.1675,3.0625,False,True,3.1,20195301.28,19922522.177500002
2025-03-12,3.08,3.09,3.06,3.08,5594260.0,18646973.0,1339808772.0,0.004175416758653674,3.06,3.06,3.0575,3.129833333333333,58.82352456747452,6528729.6,3.1606666666666663,3.0620000000000003,False,False,3.08,17230320.8,19961755.0635
2025-03-13,3.08,3.13,3.07,3.13,13405225.0,45035063.0,1339808772.0,0.010005327088573502,3.0780000000000003,3.0650000000000004,3.06,3.1248333333333336,71.42856666666695,6923878.85,3.1538333333333335,3.0614999999999997,False,False,3.08,41958354.25,21212327.816
2025-03-14,3.14,3.15,3.1,3.13,11117703.0,37569993.0,1339808772.0,0.00829797746689182,3.096,3.072,3.0635,3.1189999999999998,68.42104759002802,7150668.8,3.1478333333333333,3.06,False,False,3.13,34798410.39,21945217.0235
2025-03-17,3.13,3.14,3.12,3.14,7690947.0,26160759.0,1339808772.0,0.005740331874763991,3.112,3.08,3.0665,3.112666666666667,77.77777172839554,7143210.65,3.1425,3.0585,False,False,3.13,24149573.580000002,21945318.7625
2025-03-18,3.15,3.15,3.12,3.13,5827795.0,19792968.0,1339808772.0,0.004349721483985029,3.122,3.087,3.0715,3.108,66.66666044444493,6956625.4,3.1361666666666665,3.0575,False,False,3.14,18240998.349999998,21409104.43
2025-03-19,3.13,3.14,3.12,3.13,7401956.0,25124823.0,1339808772.0,0.0055246361680038325,3.132,3.0959999999999996,3.0765000000000002,3.102333333333333,66.66666044444493,7003184.2,3.129833333333333,3.0575,False,False,3.14,23168122.279999997,21587187.374
2025-03-20,3.14,3.16,3.13,3.15,7407494.0,25321412.0,1339808772.0,0.00552876959369542,3.136,3.107,3.0815,3.0988333333333333,79.99999253333391,7066856.25,3.1248333333333336,3.06,False,False,3.14,23333606.099999998,21818424.5965
2025-03-21,3.14,3.18,3.13,3.16,10267960.0,35177925.0,1339808772.0,0.007663750390790844,3.1420000000000003,3.119,3.0875,3.095666666666667,81.24999289062553,7272356.65,3.1189999999999998,3.0635,False,False,3.15,32446753.6,22504753.572499998
2025-03-24,3.16,3.17,3.09,3.14,10808765.0,36707683.0,1339808772.0,0.00806739381461521,3.142,3.1270000000000002,3.0915,3.0931666666666664,72.22221660493865,7510443.05,3.112666666666667,3.0665,False,False,3.16,33939522.1,23276533.016500004
2025-03-25,3.13,3.16,3.12,3.15,11363486.0,38694551.0,1339808772.0,0.008481423795305618,3.146,3.134,3.097,3.0908333333333333,82.35293439446411,7845974.95,3.108,3.0715,False,False,3.16,35794980.9,24359049.1655
2025-03-26,3.15,3.17,3.14,3.17,9230320.0,31613151.0,1339808772.0,0.006889281659368028,3.154,3.143,3.1015,3.0898333333333334,84.21052011080369,7918201.95,3.102333333333333,3.0765000000000002,False,False,3.16,29260114.4,24623044.7655
2025-03-27,3.16,3.18,3.13,3.13,7925300.0,27010025.0,1339808772.0,0.005915247134984425,3.15,3.143,3.104,3.088,69.5652131569,8002615.95,3.0988333333333333,3.0815,False,False,3.17,24806189.0,24902853.1355
2025-03-28,3.13,3.14,3.09,3.12,7605700.0,25678875.0,1339808772.0,0.005676705630645027,3.1420000000000003,3.1420000000000003,3.107,3.0863333333333336,63.63635958677712,7942088.95,3.095666666666667,3.0875,False,False,3.17,23729784.0,24740457.6155
2025-03-31,3.11,3.13,3.07,3.08,7456400.0,25039740.0,1339808772.0,0.005565271817760572,3.13,3.136,3.1079999999999997,3.0841666666666665,49.999997083333504,7963768.95,3.0931666666666664,3.0915,False,False,3.17,22965712.0,24814254.8155
2025-04-01,3.08,3.17,3.08,3.16,11968336.0,40735429.0,1339808772.0,0.008932868816894117,3.132,3.1390000000000002,3.113,3.0825,62.49999726562512,8345379.55,3.0908333333333333,3.097,True,False,3.17,37819941.760000005,26041824.9315
2025-04-02,3.15,3.16,3.12,3.13,6550200.0,22247654.0,1339808772.0,0.004888906638685599,3.124,3.1390000000000002,3.1175,3.080833333333333,49.99999766666677,8380646.45,3.0898333333333334,3.1015,False,True,3.17,20502126.0,26178512.2075
2025-04-03,3.12,3.16,3.11,3.15,12925702.0,44112573.0,1339808772.0,0.009647423027918494,3.128,3.1390000000000002,3.123,3.0795,53.124997675781344,8706475.0,3.088,3.104,False,False,3.17,40715961.3,27240122.3605
2025-04-07,3.1,3.1,2.87,2.9,26729992.0,86000213.0,1339808772.0,0.019950602323717283,3.084,3.113,3.116,3.0756666666666663,28.57142785714288,9768144.65,3.0863333333333336,3.107,False,False,3.17,77516976.8,30280488.152499996
2025-04-08,2.91,3.02,2.91,3.0,15245747.0,49350458.0,1339808772.0,0.01137904700925484,3.068,3.0989999999999998,3.113,3.0743333333333336,39.999999138461575,10154010.2,3.0841666666666665,3.1079999999999997,True,False,3.17,45737241.0,31415499.494500004
2025-04-09,3.0,3.01,2.89,3.0,15126284.0,48459721.0,1339808772.0,0.011289882792318365,3.036,3.084,3.109,3.072666666666666,39.999999138461575,10582478.6,3.0825,3.113,True,True,3.17,45378852.0,32674677.030499995
2025-04-10,3.01,3.03,2.99,3.01,11778204.0,38486855.0,1339808772.0,0.008790959013067277,3.012,3.068,3.1055,3.0713333333333335,39.06249914550783,10891675.8,3.080833333333333,3.1175,True,True,3.17,35452394.04,33585780.6925
2025-04-11,2.99,3.01,2.98,2.98,8177621.0,26496975.0,1339808772.0,0.006103573264259835,2.978,3.053,3.098,3.069666666666667,36.3636355922865,10630295.6,3.0795,3.123,True,True,3.17,24369310.58,32706328.508999996
2025-04-14,3.0,3.01,2.99,3.01,7117801.0,23139511.0,1339808772.0,0.005312549931565906,3.0,3.042,3.0919999999999996,3.068833333333333,40.298506620628196,10430300.5,3.0756666666666663,3.116,True,True,3.17,21424581.009999998,32037637.04
2025-04-15,3.01,3.03,3.0,3.03,6548880.0,21388138.0,1339808772.0,0.004887921423461168,3.006,3.037,3.0865,3.069166666666667,41.176469740484436,10373197.15,3.0743333333333336,3.113,True,True,3.17,19843106.4,31822313.681
2025-04-16,3.02,3.05,2.99,3.01,6880680.0,22503774.0,1339808772.0,0.005135568704874848,3.008,3.022,3.0805,3.0693333333333332,38.23529333044983,10425841.4,3.072666666666666,3.109,True,True,3.17,20710846.799999997,31945806.103499997
2025-04-17,3.0,3.03,3.0,3.02,5185336.0,16987058.0,1339808772.0,0.0038702060386271303,3.01,3.011,3.075,3.0685000000000002,41.53846064378701,10315010.4,3.0713333333333335,3.1055,True,True,3.17,15659714.72,31570385.7255
2025-04-18,3.02,3.03,3.01,3.01,3498400.0,11460547.0,1339808772.0,0.0026111188948089678,3.0159999999999996,2.997,3.068,3.0679999999999996,41.538460643786976,10119555.7,3.069666666666667,3.098,True,True,3.17,10530184.0,30930214.6205
2025-04-21,3.01,3.03,3.01,3.02,4398700.0,14423186.0,1339808772.0,0.003283080460380804,3.018,3.009,3.061,3.0671666666666666,45.16128930280959,9826092.7,3.068833333333333,3.0919999999999996,True,True,3.17,13284074.0,29972080.6405
2025-04-22,3.02,3.05,3.01,3.03,6315037.0,20788086.0,1339808772.0,0.004713386814577446,3.018,3.0119999999999996,3.0555,3.0668333333333333,38.18181720991736,9601406.3,3.069166666666667,3.0865,True,True,3.17,19134562.11,29231832.641000003
2025-04-23,3.12,3.24,3.12,3.2,36113685.0,124459312.0,1339808772.0,0.02695435778203727,3.056,3.032,3.058,3.069666666666666,55.07246265070368,10838916.25,3.0693333333333332,3.0805,True,True,3.17,115563792.0,33220273.196000002
2025-04-24,3.18,3.32,3.18,3.3,32889022.0,116847945.0,1339808772.0,0.02454754938714493,3.112,3.061,3.0645,3.0743333333333336,59.740258654073216,12021851.35,3.0685000000000002,3.075,False,True,3.2,108533772.6,37183956.10599999
2025-04-25,3.27,3.3,3.23,3.27,15962300.0,56516486.0,1339808772.0,0.011913864376460434,3.164,3.09,3.0715,3.0786666666666664,83.6363615074381,12423701.35,3.0679999999999996,3.068,False,False,3.3,52196721.0,38553482.70599999
2025-04-28,3.27,3.29,3.24,3.25,15021560.0,53140967.0,1339808772.0,0.011211719399012861,3.21,3.114,3.0780000000000003,3.082333333333333,76.59574239927578,12794494.35,3.0671666666666666,3.061,False,False,3.3,48820070.0,39807997.006
2025-04-29,3.25,3.26,3.17,3.2,13733900.0,47793234.0,1339808772.0,0.010250641947580859,3.2439999999999998,3.131,3.084,3.085,69.23076736686399,13108369.35,3.0668333333333333,3.0555,False,False,3.3,43948480.0,40857135.405999996
2025-04-30,3.2,3.21,3.12,3.13,15398200.0,52641362.0,1339808772.0,0.01149283414305038,3.2299999999999995,3.143,3.0825,3.086,60.344826129607654,13279862.55,3.069666666666666,3.058,False,False,3.3,48196366.0,41375956.61799999
2025-05-06,3.14,3.27,3.13,3.27,20611593.0,71931172.0,1339808772.0,0.015383981229822848,3.224,3.168,3.0895,3.0896666666666666,71.01449131274944,13982932.2,3.0743333333333336,3.0645,False,False,3.3,67399909.11,43720845.773499995
2025-05-07,3.32,3.32,3.21,3.24,16615991.0,58692055.0,1339808772.0,0.012401763107728033,3.218,3.191,3.094,3.092833333333333,66.66666531400972,14167446.65,3.0786666666666664,3.0715,False,False,3.3,53835810.84,44376838.2505
2025-05-08,3.23,3.24,3.2,3.23,9478496.0,33144613.0,1339808772.0,0.007074514063563692,3.214,3.2119999999999997,3.1105,3.0955000000000004,64.70588102076127,13304871.85,3.082333333333333,3.0780000000000003,False,False,3.3,30615542.08,42031766.51450001
2025-05-09,3.23,3.27,3.23,3.26,10096292.0,35663129.0,1339808772.0,0.00753562165810331,3.2260000000000004,3.2350000000000003,3.1235,3.0983333333333336,68.11594064692294,13047399.1,3.085,3.084,False,False,3.3,32913911.919999998,41390600.060499996
2025-05-12,3.25,3.25,3.21,3.22,9792040.0,34257497.0,1339808772.0,0.007308535519873429,3.2439999999999998,3.2369999999999997,3.1345,3.1003333333333334,63.88888764660498,12780686.9,3.086,3.0825,False,False,3.3,31530368.8,40698175.9005
2025-05-13,3.23,3.24,3.2,3.23,7977300.0,27825686.0,1339808772.0,0.005954058643825628,3.2359999999999998,3.2300000000000004,3.1455,3.1028333333333333,65.2777765084877,12590641.7,3.0896666666666666,3.0895,False,False,3.3,25766679.0,40213890.1485
2025-05-14,3.23,3.24,3.18,3.24,9055980.0,31521721.0,1339808772.0,0.006759158612226193,3.2359999999999998,3.2269999999999994,3.1584999999999996,3.1054999999999997,65.2777765084877,12634559.65,3.092833333333333,3.094,False,False,3.3,29341375.200000003,40462493.3795
2025-05-15,3.23,3.24,3.22,3.23,7689775.0,26937016.0,1339808772.0,0.005739457123064723,3.2359999999999998,3.225,3.1695,3.108333333333333,63.88888764660498,12663158.35,3.0955000000000004,3.1105,False,False,3.3,24837973.25,40633162.9915
2025-05-16,3.23,3.24,3.21,3.22,5291448.0,18483183.0,1339808772.0,0.003949405400668626,3.228,3.2269999999999994,3.179,3.110666666666667,51.78571299107147,12600286.75,3.0983333333333336,3.1235,False,False,3.3,17038462.560000002,40492930.7995
2025-05-19,3.24,3.28,3.23,3.27,10332412.0,36519200.0,1339808772.0,0.007711855763249175,3.2380000000000004,3.2410000000000005,3.192,3.1146666666666665,47.05882223760097,12772873.35,3.1003333333333334,3.1345,False,False,3.3,33786987.24,41146737.8215
2025-05-20,3.26,3.28,3.24,3.25,5633640.0,19895711.0,1339808772.0,0.004204809012849186,3.242,3.239,3.2034999999999996,3.118333333333333,47.99999865600004,12795288.55,3.1028333333333333,3.1455,False,False,3.3,18309330.0,41279218.5855
2025-05-21,3.25,3.31,3.24,3.3,10866978.0,38790719.0,1339808772.0,0.008110842552387768,3.254,3.2449999999999997,3.218,3.1225,54.71697968672128,13163717.45,3.1054999999999997,3.1584999999999996,False,False,3.3,35861027.4,42545760.7555
2025-05-22,3.3,3.3,3.24,3.25,8846600.0,31335082.0,1339808772.0,0.0066028825791267474,3.258,3.247,3.2295000000000003,3.126,54.71697968672128,13386112.45,3.108333333333333,3.1695,False,False,3.3,28751450.0,43319129.5555
2025-05-23,3.25,3.27,3.23,3.24,9055400.0,31918153.0,1339808772.0,0.0067587257146275795,3.2619999999999996,3.245,3.2399999999999998,3.1289999999999996,61.702125821638866,13523130.6,3.110666666666667,3.179,False,False,3.3,29339496.000000004,43829376.25
2025-05-26,3.23,3.25,3.21,3.24,10431124.0,36528150.0,1339808772.0,0.007785531949032499,3.2560000000000002,3.247,3.242,3.1323333333333334,45.454543526170895,12239002.55,3.1146666666666665,3.192,False,False,3.3,33796841.760000005,39741028.738
2025-05-27,3.27,3.28,3.24,3.27,11336500.0,38452122.0,1339808772.0,0.008461282114967375,3.2600000000000002,3.2510000000000003,3.2405,3.1355,54.54545223140505,11161376.45,3.118333333333333,3.2034999999999996,True,False,3.3,37070355.0,36167857.858
2025-05-28,3.27,3.31,3.26,3.31,7745240.0,26497375.0,1339808772.0,0.0057808548218700575,3.2619999999999996,3.258,3.2424999999999997,3.1393333333333335,61.11110873456805,10750523.45,3.1225,3.218,False,True,3.3,25636744.400000002,34839859.028000005
2025-05-29,3.3,3.32,3.28,3.32,6854326.0,23539791.0,1339808772.0,0.005115898733644058,3.276,3.2670000000000003,3.246,3.143666666666667,58.82352698961952,10342161.75,3.126,3.2295000000000003,False,False,3.31,22756362.32,33536673.644
2025-05-30,3.3,3.33,3.27,3.28,7626212.0,26095811.0,1339808772.0,0.005692015278132542,3.284,3.2729999999999997,3.25,3.1473333333333335,58.823526989619445,10036777.35,3.1289999999999996,3.2399999999999998,False,False,3.32,25013975.36,32589948.412000008
2025-06-03,3.27,3.29,3.25,3.27,8303817.0,28199809.0,1339808772.0,0.006197762825216075,3.29,3.2730000000000006,3.257,3.1508333333333334,55.882350640138526,9682058.2,3.1323333333333334,3.242,False,False,3.32,27153481.59,31537804.191499997
2025-06-04,3.27,3.31,3.27,3.31,6039077.0,20666362.0,1339808772.0,0.004507417122657859,3.2979999999999996,3.279,3.2589999999999995,3.155333333333333,59.45945720964217,8953432.4,3.1355,3.2405,False,False,3.32,19989344.87,29167275.979500003
2025-06-05,3.31,3.32,3.27,3.28,6662280.0,22823261.0,1339808772.0,0.004972560367741793,3.2920000000000003,3.2769999999999997,3.261,3.159333333333333,56.410254385272914,8455746.85,3.1393333333333335,3.2424999999999997,False,False,3.32,21852278.4,27568099.357499998
2025-06-06,3.29,3.33,3.28,3.31,8031620.0,27623807.0,1339808772.0,0.005994601743061285,3.29,3.283,3.2649999999999997,3.1638333333333333,60.97560767400365,8383403.05,3.143666666666667,3.246,False,False,3.32,26584662.2,27366555.3635
2025-06-09,3.32,3.33,3.29,3.33,7690784.0,26444921.0,1339808772.0,0.005740210215611277,3.3,3.2920000000000003,3.2685000000000004,3.1683333333333334,57.894734709141375,8263127.65,3.1473333333333335,3.25,False,False,3.32,25610310.72,27001375.303500004
2025-06-10,3.33,3.33,3.28,3.32,6485500.0,22287918.0,1339808772.0,0.0048406161651851016,3.31,3.3,3.2735,3.1723333333333334,59.45945720964215,8097800.65,3.1508333333333334,3.257,False,False,3.33,21531860.0,26501449.8635
2025-06-11,3.31,3.34,3.3,3.32,7281740.0,25127995.0,1339808772.0,0.0054349099305643295,3.312,3.3049999999999997,3.278,3.176333333333333,53.12499767578136,8063022.65,3.155333333333333,3.2589999999999995,False,False,3.33,24175376.799999997,26421884.7535
2025-06-12,3.32,3.32,3.29,3.31,6679500.0,22936019.0,1339808772.0,0.004985412948169591,3.318,3.3049999999999997,3.2815,3.179333333333333,60.7142826785716,7944198.65,3.159333333333333,3.261,False,False,3.33,22109145.0,26060273.2435
2025-06-13,3.31,3.34,3.29,3.3,8367762.0,28809607.0,1339808772.0,0.006245489785463205,3.316,3.303,3.285,3.182166666666667,60.71428267857151,7978098.0,3.1638333333333333,3.2649999999999997,False,False,3.33,27613614.599999998,26199055.311
2025-06-16,3.32,3.37,3.31,3.36,15505056.0,53964119.0,1339808772.0,0.011572588808218372,3.322,3.311,3.2920000000000003,3.185833333333333,67.64705603806233,8488778.4,3.1683333333333334,3.2685000000000004,False,False,3.33,52096988.16,27951981.591000002
2025-06-17,3.36,3.44,3.33,3.42,20345776.0,71809575.0,1339808772.0,0.015185582021252806,3.3419999999999996,3.3259999999999996,3.2994999999999997,3.1906666666666665,70.27026761139524,8989446.6,3.1723333333333334,3.2735,False,False,3.36,69582553.92,29741759.925
2025-06-18,3.42,3.44,3.36,3.37,14775640.0,52038520.0,1339808772.0,0.01102817081720077,3.3520000000000003,3.332,3.3055,3.194666666666667,57.89473470914135,9446546.6,3.176333333333333,3.278,False,False,3.42,49793906.800000004,31315988.764999997
2025-06-19,3.37,3.46,3.31,3.42,28788490.0,101112605.0,1339808772.0,0.021487014118459585,3.374,3.346,3.3115,3.1991666666666663,61.90475984126991,10342622.2,3.179333333333333,3.2815,False,False,3.42,98456635.8,34445769.185
2025-06-20,3.38,3.41,3.35,3.39,16816584.0,59184636.0,1339808772.0,0.012551480742208486,3.3920000000000003,3.354,3.3185000000000002,3.2030000000000003,63.41463198096382,10741121.4,3.182166666666667,3.285,False,False,3.42,57008219.760000005,35858607.673
2025-06-23,3.37,3.46,3.37,3.45,17497311.0,62443621.0,1339808772.0,0.01305955847257283,3.41,3.3659999999999997,3.3289999999999997,3.2081666666666666,69.56521527410214,11163216.95,3.185833333333333,3.2920000000000003,False,False,3.42,60365722.95,37409919.020500004
2025-06-24,3.42,3.43,3.38,3.4,17890664.0,63288675.0,1339808772.0,0.013353147384826944,3.406,3.374,3.3370000000000006,3.2123333333333335,59.57446631054779,11536193.95,3.1906666666666665,3.2994999999999997,False,False,3.45,60828257.6,38761489.8125
2025-06-25,3.41,3.42,3.37,3.39,12125447.0,42818614.0,1339808772.0,0.009050132566231623,3.41,3.3810000000000002,3.343,3.2159999999999997,62.22222028641985,11575641.3,3.194666666666667,3.3055,False,False,3.45,41105265.33,38963235.329
2025-06-26,3.39,3.39,3.36,3.37,11257002.0,39482646.0,1339808772.0,0.008401946781700875,3.4,3.3869999999999996,3.346,3.2199999999999998,56.81818001033064,11751229.4,3.1991666666666663,3.3115,False,False,3.45,37936096.74,39578202.945999995
2025-06-27,3.37,3.4,3.36,3.37,9090065.0,31948212.0,1339808772.0,0.006784598809896432,3.396,3.3939999999999997,3.3485,3.2241666666666666,54.76190293650801,11863016.35,3.2030000000000003,3.3185000000000002,False,False,3.45,30633519.05,39972060.7825
2025-06-30,3.37,3.38,3.35,3.37,9481768.0,33129684.0,1339808772.0,0.0070769562031200075,3.3800000000000003,3.3950000000000005,3.353,3.229,56.09755906008339,11955794.15,3.2081666666666666,3.3289999999999997,False,False,3.45,31953558.16,40319039.9225
2025-07-01,3.37,3.38,3.36,3.37,9551060.0,33415295.0,1339808772.0,0.007128674031401251,3.374,3.3900000000000006,3.3579999999999997,3.2325000000000004,56.09755906008339,12018156.3,3.2123333333333335,3.3370000000000006,False,False,3.45,32187072.2,40570719.452999994
2025-07-02,3.37,3.39,3.36,3.38,7971060.0,28025140.0,1339808772.0,0.005949401262764683,3.372,3.3910000000000005,3.3615000000000004,3.236666666666667,58.536583367043484,12114755.45,3.2159999999999997,3.343,False,False,3.45,26942182.8,40918361.3495
2025-07-03,3.4,3.41,3.37,3.38,8280300.0,29198235.0,1339808772.0,0.006180210320342641,3.3739999999999997,3.3869999999999996,3.3665,3.2405,59.999997900000096,12195656.45,3.2199999999999998,3.346,False,False,3.45,27987414.0,41225118.1295
2025-07-04,3.39,3.41,3.37,3.39,8459284.0,29907249.0,1339808772.0,0.006313799533774063,3.378,3.3869999999999996,3.3705,3.2486666666666664,54.285712114285836,12217039.65,3.2241666666666666,3.3485,False,False,3.45,28676972.76,41329733.657500006
2025-07-07,3.4,3.5,3.38,3.5,22531924.0,80933199.0,1339808772.0,0.01681726860644856,3.404,3.3920000000000003,3.379,3.2569999999999997,59.999997900000096,12959096.65,3.229,3.353,False,False,3.45,78861734.0,43992304.8215
2025-07-08,3.5,3.51,3.46,3.5,16340471.0,59293958.0,1339808772.0,0.012196121820883256,3.4299999999999997,3.402,3.3880000000000003,3.265333333333333,68.57142582857153,13451845.2,3.2325000000000004,3.3579999999999997,False,False,3.5,57191648.5,45775294.2465
2025-07-09,3.5,3.53,3.49,3.51,9947711.0,36302977.0,1339808772.0,0.007424724488966102,3.4560000000000004,3.414,3.3974999999999995,3.2736666666666667,64.51612611862656,13585143.75,3.236666666666667,3.3615000000000004,False,False,3.5,34916465.61,46312348.687
2025-07-10,3.5,3.54,3.49,3.54,11839443.0,43312399.0,1339808772.0,0.008836666282104324,3.4880000000000004,3.431,3.409,3.283,74.19354503642053,13843140.9,3.2405,3.3665,False,False,3.51,41911628.22,47302472.848
2025-07-11,3.54,3.56,3.5,3.5,12044896.0,44052848.0,1339808772.0,0.00899001129991109,3.5100000000000002,3.4440000000000004,3.4189999999999996,3.291166666666667,58.620686825208196,14026997.6,3.2486666666666664,3.3705,False,False,3.54,42157136.0,48029648.918
2025-07-14,3.5,3.55,3.49,3.54,11357040.0,41724087.0,1339808772.0,0.00847661266095965,3.518,3.461,3.428,3.2996666666666665,74.99999625000022,13819596.8,3.2569999999999997,3.379,False,False,3.54,40203921.6,47434995.589999996
2025-07-15,3.55,3.55,3.46,3.47,14837888.0,53819525.0,1339808772.0,0.01107463117878437,3.5119999999999996,3.471,3.4305,3.3073333333333332,61.76470333910047,13544202.4,3.265333333333333,3.3880000000000003,False,False,3.54,51487471.36,46530241.462
2025-07-16,3.47,3.51,3.46,3.5,10422600.0,37774194.0,1339808772.0,0.007779169847083222,3.5100000000000002,3.4829999999999997,3.4370000000000003,3.3153333333333332,68.57142582857153,13326550.4,3.2736666666666667,3.3974999999999995,False,False,3.54,36479100.0,45864501.122
2025-07-17,3.51,3.53,3.47,3.5,10008800.0,36387864.0,1339808772.0,0.007470319801727646,3.5020000000000002,3.4949999999999997,3.4410000000000003,3.3235,68.57142582857153,12387565.9,3.283,3.409,False,False,3.54,35030800.0,42693209.332
2025-07-18,3.5,3.51,3.48,3.5,9688602.0,35190108.0,1339808772.0,0.007231331965036575,3.5020000000000002,3.5060000000000002,3.4465000000000003,3.3314999999999997,68.57142582857153,12031166.8,3.291166666666667,3.4189999999999996,False,False,3.54,33910107.0,41538303.694
2025-07-21,3.51,3.56,3.5,3.56,12418996.0,45706258.0,1339808772.0,0.009269230251016747,3.5060000000000002,3.5120000000000005,3.4520000000000004,3.340333333333333,73.17072920880437,11777251.05,3.2996666666666665,3.428,False,False,3.54,44211625.76,40730598.8345
2025-07-22,3.57,3.58,3.52,3.57,9193560.0,33918471.0,1339808772.0,0.006861844908117977,3.5260000000000007,3.5189999999999997,3.4604999999999997,3.3465000000000003,73.17072920880437,11342395.85,3.3073333333333332,3.4305,False,False,3.56,32821009.2,39330236.414500006
2025-07-23,3.57,3.6,3.55,3.56,12576040.0,46718942.0,1339808772.0,0.009386443993217862,3.5380000000000003,3.524,3.469,3.350833333333333,71.42856904761916,11364925.5,3.3153333333333332,3.4370000000000003,False,False,3.57,44770702.4,39513508.268
2025-07-24,3.56,3.59,3.55,3.59,9879400.0,36671763.0,1339808772.0,0.007373738854726651,3.556,3.529,3.4800000000000004,3.3561666666666667,72.72727041322324,11296045.4,3.3235,3.4410000000000003,False,False,3.57,35467046.0,39390055.731
2025-07-25,3.59,3.59,3.54,3.55,9816180.0,36423990.0,1339808772.0,0.007326553016477787,3.5660000000000003,3.5340000000000003,3.489,3.361166666666667,56.75675460920387,11332351.15,3.3314999999999997,3.4465000000000003,False,False,3.59,34847439.0,39600751.7285
2025-07-28,3.56,3.56,3.52,3.54,8272288.0,30378639.0,1339808772.0,0.006174230362480416,3.562,3.5340000000000003,3.4974999999999996,3.366833333333333,55.26315585872585,11271877.15,3.340333333333333,3.4520000000000004,False,False,3.59,29283899.52,39467268.7965
2025-07-29,3.54,3.54,3.49,3.53,8154272.0,29803263.0,1339808772.0,0.006086146150414964,3.554,3.54,3.5055,3.3735,52.63157700831033,11202037.75,3.3465000000000003,3.4604999999999997,False,False,3.59,28784580.16,39297144.1945
2025-07-30,3.52,3.56,3.52,3.53,7594252.0,27930559.0,1339808772.0,0.005668161127698602,3.5479999999999996,3.543,3.5129999999999995,3.3778333333333332,48.57142662857147,11183197.35,3.350833333333333,3.469,False,False,3.59,26807709.56,39290420.5325
2025-07-31,3.53,3.53,3.45,3.47,13968680.0,50515215.0,1339808772.0,0.010425875909998893,3.5239999999999996,3.54,3.5174999999999996,3.381666666666667,45.94594420745077,11467616.35,3.3561666666666667,3.4800000000000004,False,False,3.59,48471319.6,40314615.8125
2025-08-01,3.48,3.52,3.46,3.51,8231588.0,29989987.0,1339808772.0,0.006143852893060474,3.5159999999999996,3.5409999999999995,3.5235,3.386333333333333,45.94594420745071,11456231.55,3.361166666666667,3.489,True,False,3.59,28892873.88,40325410.8685
2025-08-04,3.5,3.55,3.48,3.54,8171020.0,29926478.0,1339808772.0,0.006098646441762511,3.5159999999999996,3.539,3.5254999999999996,3.391,60.606058034894524,10738186.35,3.366833333333333,3.4974999999999996,True,True,3.59,28925410.8,37828594.7085
2025-08-05,3.55,3.57,3.53,3.57,7930340.0,29298903.0,1339808772.0,0.005919008865841341,3.524,3.539,3.529,3.3968333333333334,60.606058034894524,10317679.8,3.3735,3.5055,False,True,3.59,28311313.799999997,36384577.9735
2025-08-06,3.57,3.57,3.53,3.54,6147450.0,22678028.0,1339808772.0,0.004588304038958778,3.526,3.537,3.5305,3.402,55.55555339506184,10127666.75,3.3778333333333332,3.5129999999999995,False,False,3.59,21761973.0,35726853.342999995
2025-08-07,3.54,3.57,3.53,3.55,8674400.0,31987838.0,1339808772.0,0.006474356774848762,3.5420000000000003,3.533,3.531,3.407166666666667,56.75675460920388,9969414.6,3.381666666666667,3.5174999999999996,False,False,3.59,30794120.0,35170977.932
2025-08-08,3.54,3.6,3.54,3.6,10631962.0,39597965.0,1339808772.0,0.007935432445429607,3.56,3.5380000000000003,3.536,3.4133333333333336,55.55555339506184,9898767.9,3.386333333333333,3.5235,False,False,3.59,38275063.2,34976874.292
2025-08-11,3.6,3.62,3.56,3.59,10702300.0,39906806.0,1339808772.0,0.007987930982138696,3.5700000000000003,3.543,3.5385,3.4194999999999998,52.777775725308736,9866030.9,3.391,3.5254999999999996,False,False,3.6,38421257.0,34887741.062
2025-08-12,3.6,3.62,3.59,3.61,7496980.0,28100014.0,1339808772.0,0.005595559722160111,3.5780000000000003,3.5509999999999997,3.5454999999999997,3.4251666666666667,56.75675460920387,9498985.5,3.3968333333333334,3.529,False,False,3.6,27064097.8,33666572.383999996
2025-08-13,3.61,3.62,3.58,3.6,8352560.0,31212069.0,1339808772.0,0.006234143390128513,3.59,3.558,3.5504999999999995,3.431,51.428569371428694,9395483.5,3.402,3.5305,False,False,3.61,30069216.0,33346078.183999997
2025-08-14,3.61,3.62,3.55,3.56,10838620.0,40468120.0,1339808772.0,0.008089676845316252,3.592,3.567,3.5534999999999997,3.4353333333333333,51.428569371428694,9436974.5,3.407166666666667,3.531,False,False,3.61,38585487.2,33523812.544
2025-08-15,3.55,3.6,3.54,3.57,9570929.0,35498526.0,1339808772.0,0.007143503759654442,3.586,3.5730000000000004,3.557,3.4406666666666665,54.28571211428578,9431090.85,3.4133333333333336,3.536,False,False,3.61,34168216.53,33536718.020499997
2025-08-18,3.58,3.6,3.55,3.55,14021628.0,52021530.0,1339808772.0,0.01046539498250128,3.5780000000000003,3.5740000000000003,3.5564999999999998,3.4458333333333333,52.777775725308736,9511222.45,3.4194999999999998,3.5385,False,False,3.61,49776779.4,33814975.7025
2025-08-19,3.55,3.59,3.54,3.58,10667380.0,39567431.0,1339808772.0,0.007961867561201487,3.572,3.575,3.557,3.4515000000000002,56.410254385272964,9584913.45,3.4251666666666667,3.5454999999999997,True,False,3.61,38189220.4,34083386.2625
2025-08-20,3.57,3.59,3.56,3.59,7360697.0,27361862.0,1339808772.0,0.005493841474863847,3.5700000000000003,3.5800000000000005,3.5585,3.4568333333333334,67.64705603806237,9324146.3,3.431,3.5504999999999995,False,True,3.61,26424902.23,33166096.253999997
2025-08-21,3.6,3.63,3.58,3.62,9647170.0,36254142.0,1339808772.0,0.0072004081489921755,3.582,3.5869999999999997,3.5599999999999996,3.462,66.66666383838401,9312534.8,3.4353333333333333,3.5534999999999997,False,False,3.61,34922755.4,33138881.724
2025-08-22,3.63,3.63,3.59,3.62,9533627.0,35766113.0,1339808772.0,0.007115662473062238,3.592,3.589,3.5635,3.467,63.33333037777793,9298407.15,3.4406666666666665,3.557,False,False,3.62,34511729.74,33122096.261
2025-08-25,3.63,3.65,3.61,3.64,13073348.0,49430929.0,1339808772.0,0.009757622336271731,3.6100000000000003,3.594,3.5685000000000002,3.473,62.06896252080875,9538460.15,3.4458333333333333,3.5564999999999998,False,False,3.62,47586986.72,34037250.621
2025-08-26,3.64,3.7,3.62,3.69,12310783.0,47020346.0,1339808772.0,0.009188462754743033,3.632,3.6020000000000003,3.5765000000000002,3.4799999999999995,74.19354503642053,9746285.7,3.4515000000000002,3.557,False,False,3.64,45426789.269999996,34869361.0765
2025-08-27,3.69,3.7,3.6,3.6,12906562.0,48981966.0,1339808772.0,0.009633137407164252,3.6340000000000003,3.6020000000000003,3.5800000000000005,3.4848333333333334,56.41025438527295,10011901.2,3.4568333333333334,3.5585,False,False,3.69,46463623.2,35852156.758499995
2025-08-28,3.58,3.63,3.53,3.62,12803901.0,47787412.0,1339808772.0,0.009556513785834506,3.6339999999999995,3.6079999999999997,3.5875,3.4905,52.777775725308736,9953662.25,3.462,3.5599999999999996,False,False,3.69,46350121.620000005,35746096.8595
2025-08-29,3.62,3.63,3.56,3.57,9189241.0,34306877.0,1339808772.0,0.006858621313758647,3.624,3.6079999999999997,3.5905,3.4948333333333332,47.49999833750005,10001544.9,3.467,3.5635,False,False,3.69,32805590.369999997,35941732.684
2025-09-01,3.59,3.83,3.59,3.72,33659350.0,129281476.0,1339808772.0,0.025122503079118518,3.6399999999999997,3.625,3.5995000000000004,3.501333333333333,60.377356895692486,11275961.4,3.473,3.5685000000000002,True,False,3.69,125212782.0,40756101.244
2025-09-02,3.75,3.75,3.62,3.69,27976363.0,106773574.0,1339808772.0,0.0208808626907542,3.6399999999999997,3.636,3.6055,3.5075,58.18181670082646,12278262.55,3.4799999999999995,3.5765000000000002,False,True,3.72,103232779.47,44502174.5275
2025-09-03,3.69,3.69,3.62,3.64,13955666.0,52807704.0,1339808772.0,0.010416162583536212,3.6480000000000006,3.6409999999999996,3.6105000000000005,3.5128333333333335,57.14285571428576,12668673.35,3.4848333333333334,3.5800000000000005,False,False,3.72,50798624.24,45954007.0895
2025-09-04,3.62,3.68,3.56,3.67,17082711.0,64515066.0,1339808772.0,0.012750111327081235,3.658,3.646,3.6165,3.5188333333333333,58.62068824019029,13089088.9,3.4905,3.5875,False,False,3.72,62693549.37,47548978.558000006
2025-09-05,3.67,3.68,3.62,3.65,10982480.0,41552435.0,1339808772.0,0.008197050377275781,3.6739999999999995,3.649,3.6189999999999998,3.5246666666666666,58.62068824019029,13106614.8,3.4948333333333332,3.5905,False,False,3.72,40086052.0,47639527.998
2025-09-08,3.66,3.7,3.65,3.7,13338660.0,51123789.0,1339808772.0,0.009955644625380912,3.6700000000000004,3.6550000000000002,3.6245,3.5303333333333335,59.99999860000003,13238432.8,3.501333333333333,3.5995000000000004,False,False,3.72,49353042.0,48186117.248
2025-09-09,3.7,3.74,3.68,3.73,13783537.0,53255007.0,1339808772.0,0.010287689771895299,3.678,3.659,3.6305,3.5355,61.29032119667016,13552760.65,3.5075,3.6055,False,False,3.72,51412593.01,49403542.0085
2025-09-10,3.71,3.74,3.69,3.72,11458163.0,44369187.0,1339808772.0,0.0085520883572779,3.694,3.6709999999999994,3.6365000000000003,3.541333333333333,58.333331972222254,13708040.8,3.5128333333333335,3.6105000000000005,False,False,3.73,42624366.36,50031299.5265
2025-09-11,3.71,3.75,3.68,3.74,12333808.0,47695457.0,1339808772.0,0.009205648043032815,3.7079999999999997,3.683,3.6454999999999997,3.546666666666667,59.67741800728412,13782800.2,3.5188333333333333,3.6165,False,False,3.73,46128441.92,50408447.2625
2025-09-12,3.77,3.77,3.72,3.75,9997329.0,37989680.0,1339808772.0,0.00746175813215231,3.728,3.7009999999999996,3.6544999999999996,3.5526666666666666,59.01639208814838,13804120.2,3.5246666666666666,3.6189999999999998,False,False,3.74,37489983.75,50574535.623500004
2025-09-15,3.74,3.76,3.71,3.76,8416700.0,31955252.0,1339808772.0,0.0062820158935337975,3.7400000000000007,3.7049999999999996,3.665,3.5578333333333334,56.140349498307195,13523873.8,3.5303333333333335,3.6245,False,False,3.75,31646792.0,49668036.2535
2025-09-16,3.75,3.82,3.74,3.81,11511091.0,44273416.0,1339808772.0,0.008591592502276885,3.7560000000000002,3.717,3.6765,3.5646666666666667,69.81131891064439,13566059.35,3.5355,3.6305,False,False,3.76,43857256.71,49951438.069
2025-09-17,3.81,3.88,3.8,3.84,13046933.0,50778163.0,1339808772.0,0.009737906836155571,3.78,3.7370000000000005,3.689,3.572166666666667,70.37036854595338,13850371.15,3.541333333333333,3.6365000000000003,False,False,3.81,50100222.72,51135204.0935
2025-09-18,3.84,3.84,3.7,3.73,17357028.0,66419122.0,1339808772.0,0.012954854724596473,3.778,3.743,3.6945,3.5781666666666667,63.333331855555606,14235864.05,3.546666666666667,3.6454999999999997,False,False,3.84,64741714.44,52626152.045499995
2025-09-19,3.74,3.84,3.73,3.84,20200511.0,77780288.0,1339808772.0,0.015077159832179395,3.7960000000000003,3.7620000000000005,3.7055,3.586,60.714284196428586,14769208.25,3.5526666666666666,3.6544999999999996,False,False,3.84,77569962.24,54779063.670499995
2025-09-22,3.81,3.89,3.78,3.87,17612877.0,68525158.0,1339808772.0,0.013145814065471726,3.818,3.779,3.717,3.594333333333333,66.07142691964293,14996184.7,3.5578333333333334,3.665,False,False,3.84,68161833.99,55807806.034
2025-09-23,3.86,3.87,3.76,3.82,16931956.0,65545461.0,1339808772.0,0.012637591538324396,3.8199999999999994,3.7880000000000003,3.7235,3.601833333333333,66.07142691964289,15227243.35,3.5646666666666667,3.6765,False,False,3.87,64680071.919999994,56770470.166499995
2025-09-24,3.82,3.92,3.81,3.89,21564640.0,84779244.0,1339808772.0,0.016095311846487895,3.8299999999999996,3.8049999999999997,3.7379999999999995,3.6103333333333336,68.33333173888894,15660147.25,3.572166666666667,3.689,False,False,3.87,83886449.60000001,58641611.4865
2025-09-25,3.89,3.89,3.79,3.84,16622924.0,64777908.0,1339808772.0,0.012406937726781803,3.8519999999999994,3.815,3.749,3.618,65.07936363315699,15851098.4,3.5781666666666667,3.6945,False,False,3.89,63832028.16,59515706.8135
2025-09-26,3.83,3.86,3.81,3.84,9887700.0,38534097.0,1339808772.0,0.007379933768637843,3.8519999999999994,3.8240000000000003,3.7625,3.6255,62.068964019024975,15886021.35,3.586,3.7055,False,False,3.89,37968768.0,59773865.69500001
2025-09-29,3.84,3.85,3.78,3.81,11968251.0,46190978.0,1339808772.0,0.008932805375004665,3.84,3.8290000000000006,3.7670000000000003,3.630666666666667,56.896550350772934,14801466.4,3.594333333333333,3.717,False,False,3.89,45599036.31,55793178.410500005
2025-09-30,3.81,3.81,3.74,3.75,13933122.0,53335810.0,1339808772.0,0.010399336301703211,3.8259999999999996,3.8230000000000004,3.7700000000000005,3.6348333333333334,52.38095121693122,14099304.35,3.601833333333333,3.7235,False,False,3.89,52249207.5,53243999.812
2025-10-09,3.75,3.78,3.72,3.77,13841720.0,52635687.0,1339808772.0,0.010331116118412755,3.8019999999999996,3.816,3.7765,3.6391666666666667,52.38095121693122,14093607.05,3.6103333333333336,3.7379999999999995,True,False,3.89,52183284.4,53313232.82
2025-10-10,3.76,3.87,3.73,3.86,21208329.0,82494989.0,1339808772.0,0.01582937016328178,3.8059999999999996,3.8289999999999997,3.786,3.6445,57.74647773457648,14299887.95,3.618,3.749,True,True,3.89,81864149.94,54271762.8485
2025-10-13,3.82,3.9,3.77,3.89,17305980.0,67335566.0,1339808772.0,0.012916753764917133,3.816,3.8339999999999996,3.7980000000000005,3.6510000000000002,58.904108459373276,14616062.95,3.6255,3.7625,False,True,3.89,67320262.2,55633473.35849999
2025-10-14,3.91,3.94,3.87,3.93,17711353.0,70314059.0,1339808772.0,0.013219314106714924,3.84,3.84,3.8095,3.6575,58.33333219907409,14834697.6,3.630666666666667,3.7670000000000003,False,False,3.89,69605617.29,56646102.123
2025-10-15,3.93,3.98,3.91,3.93,17846032.0,71546282.0,1339808772.0,0.013319835168238472,3.8760000000000003,3.851,3.8195,3.6651666666666665,56.52173798361693,15037822.35,3.6348333333333334,3.7700000000000005,False,False,3.93,70134905.76,57582217.7605
2025-10-16,3.94,3.95,3.86,3.89,14011694.0,55346069.0,1339808772.0,0.010457980491562269,3.9,3.851,3.8280000000000003,3.671666666666667,62.90322438605621,15165498.9,3.6391666666666667,3.7765,False,False,3.93,54505489.660000004,58176273.9255
2025-10-17,3.89,4.16,3.89,4.08,56667114.0,233625829.0,1339808772.0,0.04229492684647089,3.944,3.875,3.845,3.6813333333333333,67.14285580000002,17382164.2,3.6445,3.786,False,False,3.93,231201825.12,67429943.0855
2025-10-20,4.08,4.5,4.03,4.5,121356460.0,539058382.0,1339808772.0,0.0905774484659069,4.066,3.941,3.8825000000000003,3.698,78.89908155542462,22950120.75,3.6510000000000002,3.7980000000000005,False,False,4.08,546104070.0,92860647.398
2025-10-21,4.43,4.95,4.29,4.95,136462046.0,642878755.0,1339808772.0,0.10185188278495612,4.2700000000000005,4.055,3.942,3.721166666666667,87.91946226115941,29352388.05,3.6575,3.8095,False,False,4.5,675487127.7,125052664.183
2025-10-22,4.95,5.37,4.94,5.08,199558147.0,1043714148.0,1339808772.0,0.1489452458966286,4.5,4.188,4.0055,3.746333333333333,88.38709597585847,38754740.85,3.6651666666666665,3.8195,False,False,4.95,1013755386.76,173547570.6855
2025-10-23,4.8,5.28,4.72,5.01,152308103.0,772751845.0,1339808772.0,0.11367898627252755,4.724,4.312,4.064,3.7705,87.26114571869041,45717799.35,3.671666666666667,3.8280000000000003,False,False,5.08,763063596.03,209195739.351
2025-10-24,4.83,4.85,4.51,4.51,95032710.0,440078064.0,1339808772.0,0.07093005508401015,4.81,4.377000000000001,4.103,3.7858333333333336,66.18357443160866,49601583.45,3.6813333333333333,3.845,False,False,5.08,428597522.09999996,227388529.73400003
2025-10-27,4.39,4.5,4.23,4.33,109353375.0,482705940.0,1339808772.0,0.08161864385822964,4.776,4.421,4.1274999999999995,3.7988333333333335,61.71171132253876,54059226.65,3.698,3.8825000000000003,False,False,5.08,473500113.75,247185037.30950004
2025-10-28,4.31,4.33,4.2,4.22,74210673.0,320391330.0,1339808772.0,0.05538900367790695,4.63,4.45,4.145,3.810166666666667,60.352422535271394,56889116.45,3.721166666666667,3.942,False,False,5.08,313169040.06,259435397.61299998
2025-10-29,4.23,4.28,4.14,4.26,62424958.0,268182833.0,1339808772.0,0.046592438640937636,4.465999999999999,4.483,4.167,3.8223333333333334,60.69868958524818,59163766.55,3.746333333333333,4.0055,False,False,5.08,265930321.07999998,269497910.071
2025-10-30,4.27,4.49,4.25,4.35,97678457.0,431988729.0,1339808772.0,0.07290477495097338,4.334,4.529,4.1899999999999995,3.836,60.69868958524818,62969457.4,3.7705,4.064,False,False,5.08,424901287.95,286548651.9885
2025-10-31,4.31,4.31,4.13,4.15,86689360.0,369968356.0,1339808772.0,0.06470278580919755,4.2620000000000005,4.536,4.2055,3.8473333333333333,55.28455253090093,66472779.2,3.7858333333333336,4.103,False,False,5.08,359760844.00000006,301345092.78050005
2025-11-03,4.38,4.57,4.33,4.57,72540395.0,333059120.0,1339808772.0,0.054142349651671036,4.31,4.542999999999999,4.242,3.865,61.267605331779414,69605413.95,3.7988333333333335,4.1274999999999995,True,False,5.08,331509605.15000004,316022134.638
2025-11-04,4.63,4.96,4.5,4.74,189733817.0,903970660.0,1339808772.0,0.14161260992251512,4.414,4.522,4.2885,3.885,63.4551492065209,78493692.25,3.810166666666667,4.145,False,True,5.08,899338292.58,358709097.4515
2025-11-05,4.66,4.7,4.54,4.61,99751123.0,466640047.0,1339808772.0,0.07445176138912457,4.484,4.475,4.3315,3.902333333333333,61.61290294755464,82784592.3,3.8223333333333334,4.167,False,False,5.08,459852677.03000003,379089270.92800003
2025-11-06,4.58,4.61,4.53,4.55,78925169.0,365769901.0,1339808772.0,0.05890778643148039,4.524,4.429,4.3705,3.919166666666667,57.91245763946989,86038764.75,3.836,4.1899999999999995,False,False,5.08,359109518.95,394435582.65550005
2025-11-07,4.55,4.75,4.52,4.56,97032189.0,453634530.0,1339808772.0,0.07242241656259286,4.606,4.433999999999999,4.4055,3.936,51.1718747201538,89829957.75,3.8473333333333333,4.2055,False,False,5.08,442466781.84,412465714.2505
2025-11-10,4.53,4.6,4.45,4.46,81267213.0,370935079.0,1339808772.0,0.06065582992018207,4.5840000000000005,4.447,4.433999999999999,3.9503333333333335,38.91402690280705,93028019.4,3.865,4.242,False,False,5.08,362451769.98,427222289.6395
2025-11-11,4.5,4.9,4.45,4.9,146411223.0,700847562.0,1339808772.0,0.10927770145992148,4.616,4.515000000000001,4.4825,3.9721666666666664,46.428571170634925,99463012.9,3.885,4.2885,False,False,5.08,717414992.7,459612758.41
2025-11-12,5.25,5.39,5.17,5.39,122224880.0,665241174.0,1339808772.0,0.09122561559105839,4.772,4.627999999999999,4.5555,4.001833333333334,56.46258476514416,104681955.3,3.902333333333333,4.3315,False,False,5.08,658792103.1999999,489045618.28199995
2025-11-13,5.41,5.61,5.18,5.21,283908165.0,1541248158.0,1339808772.0,0.21190200492283387,4.904,4.714,4.621499999999999,4.028666666666667,63.35877828739585,118176778.85,3.919166666666667,4.3705,False,False,5.39,1479161539.65,560278420.7815001
2025-11-14,5.15,5.51,5.15,5.34,227586396.0,1239271970.0,1339808772.0,0.16986483500945462,5.0600000000000005,4.833,4.6845,4.058333333333334,69.64980506805554,126722742.95,3.936,4.4055,False,False,5.39,1215311354.6399999,609483897.2575
2025-11-17,5.07,5.29,4.93,5.03,162096267.0,831724248.0,1339808772.0,0.12098462884224197,5.174,4.8790000000000004,4.711,4.082666666666666,64.62093830155484,128759733.3,3.9503333333333335,4.433999999999999,False,False,5.39,815344223.01,622945904.9080001
2025-11-18,5.03,5.18,4.7,4.76,118464992.0,585986524.0,1339808772.0,0.08841932854579042,5.145999999999999,4.881,4.7015,4.102833333333334,58.33333306111112,127859880.6,3.9721666666666664,4.4825,False,False,5.39,563893361.92,617366216.6190001
2025-11-19,4.76,4.82,4.57,4.62,85233490.0,403756166.0,1339808772.0,0.06361616059041596,4.992,4.882,4.6785,4.120166666666667,54.42622925837142,122143647.75,4.001833333333334,4.5555,False,False,5.39,393778723.8,586367383.471
2025-11-20,4.64,4.65,4.45,4.5,72001559.0,331551737.0,1339808772.0,0.053740175840556445,4.85,4.877,4.653,4.1353333333333335,55.892255628790714,118128320.55,4.028666666666667,4.621499999999999,True,False,5.39,324007015.5,564414554.4445
2025-11-21,4.46,4.51,4.23,4.24,75031445.0,330922710.0,1339808772.0,0.05600160751895719,4.63,4.845000000000001,4.6395,4.145666666666666,44.12811365914819,117128257.3,4.058333333333334,4.6845,True,True,5.39,318133326.8,558891344.6795
2025-11-24,4.24,4.33,4.1,4.18,54041184.0,230228291.0,1339808772.0,0.04033499789625202,4.459999999999999,4.817,4.632,4.154999999999999,39.62962942414265,114362647.75,4.082666666666666,4.711,True,True,5.39,225892149.11999997,546510946.4480001
2025-11-25,4.23,4.32,4.19,4.29,52903788.0,229687891.0,1339808772.0,0.03948607376336837,4.3660000000000005,4.755999999999999,4.6355,4.1658333333333335,44.02985051626197,113297303.5,4.102833333333334,4.7015,True,True,5.39,226957250.52,542200356.971
2025-11-26,4.27,4.33,4.2,4.21,39454340.0,170780418.0,1339808772.0,0.02944773972565094,4.284000000000001,4.638,4.633,4.1745,43.703703477091906,112148772.6,4.120166666666667,4.6785,True,True,5.39,166102771.4,537208979.487
2025-11-27,4.22,4.25,4.13,4.14,39088820.0,166439177.0,1339808772.0,0.029174924673504077,4.212,4.531000000000001,4.6225000000000005,4.1835,42.391304132797735,109219290.75,4.1353333333333335,4.653,True,True,5.39,161827714.79999998,524055300.8295
2025-11-28,4.15,4.2,4.11,4.19,33935596.0,143525661.0,1339808772.0,0.02532868623433673,4.202,4.4159999999999995,4.624499999999999,4.1930000000000005,45.018449951934215,106581602.55,4.145666666666666,4.6395,True,True,5.39,142190147.24,513176765.9915
2025-12-01,4.2,4.27,4.19,4.25,40568124.0,174650656.0,1339808772.0,0.030279040448019996,4.215999999999999,4.337999999999999,4.608499999999999,4.2043333333333335,36.05150192930428,104982989.0,4.154999999999999,4.632,True,True,5.39,172414527.0,505222012.08399993
2025-12-02,4.26,4.27,4.14,4.25,33265900.0,142282295.0,1339808772.0,0.02482884176847291,4.208,4.287,4.584,4.213166666666667,19.02173898570419,97159593.15,4.1658333333333335,4.6355,True,True,5.39,141380075.0,467324101.2049999
2025-12-03,4.24,4.35,4.21,4.35,77593014.0,339233702.0,1339808772.0,0.0579134990168582,4.236,4.26,4.571,4.224166666666667,25.568181614798547,96051687.7,4.1745,4.633,True,True,5.39,337529610.9,461207947.8985001
2025-12-04,4.41,4.57,4.26,4.26,99142696.0,442585251.0,1339808772.0,0.0739976465835529,4.26,4.236,4.5565,4.2345,18.60465101135749,97062564.05,4.1835,4.6225000000000005,True,True,5.39,422347884.96,464369866.199
2025-12-05,4.25,4.26,4.11,4.19,56636282.0,240295637.0,1339808772.0,0.04227191460722874,4.26,4.231,4.538,4.243166666666666,21.621621417092783,95042768.7,4.1930000000000005,4.624499999999999,True,True,5.39,237306021.58,454111828.186
2025-12-08,4.2,4.25,4.15,4.19,42843634.0,182548517.0,1339808772.0,0.031977424611159364,4.248,4.232,4.524500000000001,4.252166666666667,26.446280685745535,93121589.75,4.2043333333333335,4.608499999999999,True,True,5.39,179514826.46,444964981.01000005
2025-12-09,4.19,4.19,4.05,4.05,51255791.0,213618439.0,1339808772.0,0.038256049722295744,4.208,4.208,4.482,4.258,26.44628068574552,88363818.15,4.213166666666667,4.584,True,True,5.39,207585953.54999998,419473529.0525
2025-12-10,4.05,4.08,4.03,4.07,28481619.0,117355676.0,1339808772.0,0.021257973223659413,4.151999999999999,4.194,4.4159999999999995,4.2636666666666665,30.630630244298388,83676655.1,4.224166666666667,4.571,True,True,5.39,115920189.33000001,392329933.359
2025-12-11,4.05,4.07,3.95,3.96,38647555.0,156680563.0,1339808772.0,0.028845575434103817,4.0920000000000005,4.176,4.3535,4.267666666666667,35.416666150173626,71413624.6,4.2345,4.5565,True,True,5.34,153044317.8,326024072.2665
2025-12-12,3.96,4.0,3.94,3.96,26463893.0,106635015.0,1339808772.0,0.019751992637349294,4.046,4.1530000000000005,4.2844999999999995,4.271333333333333,37.777777190123494,61357499.45,4.243166666666666,4.538,True,True,5.34,104797016.28,270498355.3485
2025-12-15,3.92,4.0,3.92,3.97,21166329.0,85357797.0,1339808772.0,0.015798022406140807,4.002,4.125,4.2315,4.275,29.99999947500004,54311002.55,4.252166666666667,4.524500000000001,True,True,5.03,84030326.13000001,233932660.5045
2025-12-16,3.97,3.98,3.87,3.89,28364613.0,112565305.0,1339808772.0,0.021170642850515686,3.97,4.089,4.188,4.277166666666667,29.99999947500004,49805983.6,4.258,4.482,True,True,4.76,110338344.57000001,211254909.63700002
2025-12-17,3.87,3.96,3.83,3.96,36555287.0,144705893.0,1339808772.0,0.02728395854986983,3.9480000000000004,4.05,4.155,4.2796666666666665,38.749999321875045,47372073.45,4.2636666666666665,4.4159999999999995,True,True,4.62,144758936.52,198803920.273
2025-12-18,3.96,4.07,3.92,3.96,50443723.0,203970940.0,1339808772.0,0.03764994233072539,3.9480000000000004,4.0200000000000005,4.128,4.281666666666666,34.666666019555535,46294181.65,4.267666666666667,4.3535,True,True,4.5,199757143.07999998,192591426.652
2025-12-19,3.97,4.03,3.94,4.03,34759039.0,140703197.0,1339808772.0,0.025943283643466097,3.9619999999999997,4.004,4.1175,4.286666666666666,35.5263151350416,44280561.35,4.271333333333333,4.2844999999999995,True,True,4.35,140078927.17000002,183688706.67049998
2025-12-22,4.01,4.08,4.01,4.07,33451000.0,137497089.0,1339808772.0,0.024966995812444194,3.982,3.992,4.112,4.2905,38.749999321875045,43251052.15,4.275,4.2315,True,True,4.35,136145570.0,179201377.7145
2025-12-23,4.09,4.11,4.01,4.04,31732580.0,130522333.0,1339808772.0,0.023684409792773024,4.0120000000000005,3.9910000000000005,4.0995,4.293333333333334,28.767122735973047,42192491.75,4.277166666666667,4.188,True,True,4.35,128199623.2,174263496.34849998
2025-12-24,4.04,4.05,3.99,4.04,23424466.0,95832472.0,1339808772.0,0.01748343979345136,4.0280000000000005,3.9880000000000004,4.091,4.297,32.81249928222664,41390998.05,4.2796666666666665,4.155,True,True,4.35,94634842.64,170690099.9105
2025-12-25,4.03,4.15,4.02,4.12,47308652.0,197681522.0,1339808772.0,0.03531000318006576,4.06,4.0040000000000004,4.090000000000001,4.300833333333333,44.615383654437885,41801989.65,4.281666666666666,4.128,True,True,4.35,194911646.24,172344296.48250002
2025-12-26,4.11,4.11,4.03,4.05,37002748.0,152991027.0,1339808772.0,0.02761793232982356,4.064,4.013,4.083,4.304333333333333,40.277776994598774,41955347.25,4.286666666666666,4.1175,False,True,4.35,149861129.4,172727845.5905
2025-12-29,4.03,4.06,4.01,4.04,26304336.0,107849703.0,1339808772.0,0.019632903254345913,4.058,4.0200000000000005,4.0725,4.307666666666667,49.15254120654989,41242157.85,4.2905,4.112,True,False,4.35,106269517.44,169420595.1125
2025-12-30,4.02,4.05,3.98,4.02,23644420.0,96487616.0,1339808772.0,0.01764760799759863,4.054,4.0329999999999995,4.061,4.311166666666667,45.7627107785119,40761083.85,4.293333333333334,4.0995,True,True,4.35,95050568.39999999,167104119.78249997
2025-12-31,4.08,4.42,4.08,4.25,123580638.0,536756865.0,1339808772.0,0.09223751969881863,4.095999999999999,4.062,4.056,4.319500000000001,70.42253382265422,43060465.05,4.297,4.091,True,True,4.35,525217711.5,176488524.8125
2026-01-05,4.28,4.37,4.27,4.3,84648525.0,370957747.0,1339808772.0,0.06317955723908338,4.132,4.096,4.058000000000001,4.328333333333333,72.36841971952906,42335756.5,4.300833333333333,4.090000000000001,False,True,4.26,363988657.5,173570563.4395
2026-01-06,4.14,4.25,4.14,4.22,67024530.0,286565869.0,1339808772.0,0.050025444974471325,4.1659999999999995,4.115,4.0595,4.334333333333333,65.06023986645374,42855168.9,4.304333333333333,4.083,False,False,4.3,282843516.59999996,175847438.19050002
2026-01-07,4.21,4.22,4.1,4.18,57565287.0,243161847.0,1339808772.0,0.04296530087205609,4.194,4.1259999999999994,4.058999999999999,4.339166666666667,68.35442916840246,43591251.55,4.307666666666667,4.0725,False,False,4.3,240622899.66,178902841.85050002
2026-01-08,4.14,4.18,4.13,4.16,37649227.0,159191578.0,1339808772.0,0.02810044820336495,4.2219999999999995,4.138,4.0645,4.343000000000001,63.51351231190652,42910923.35,4.311166666666667,4.061,False,False,4.3,156620784.32,176354583.389
2026-01-09,4.16,4.21,4.14,4.19,41144526.0,174678126.0,1339808772.0,0.030709252588771677,4.209999999999999,4.1530000000000005,4.070500000000001,4.347333333333334,64.9350637544274,43544068.7,4.319500000000001,4.056,False,False,4.3,172395563.94000003,179178352.1195
2026-01-12,4.19,4.19,4.13,4.15,54314822.0,229242589.0,1339808772.0,0.04053923450502681,4.180000000000001,4.156,4.08,4.3516666666666675,58.108107008765536,44327432.05,4.328333333333333,4.058000000000001,False,False,4.3,225406511.3,182796461.7945
2026-01-13,4.15,4.17,4.1,4.11,45060002.0,189529744.0,1339808772.0,0.03363166665399322,4.1579999999999995,4.162,4.0875,4.352166666666666,52.702701705624555,45257237.5,4.334333333333333,4.0595,False,False,4.3,185196608.22000003,186816441.39150003
2026-01-14,4.11,4.15,4.06,4.1,39053980.0,163419597.0,1339808772.0,0.029148920962580472,4.142,4.168,4.094,4.3454999999999995,54.16666561342592,46151620.05,4.339166666666667,4.058999999999999,False,False,4.3,160121318.0,190620990.985
2026-01-15,4.08,4.1,4.04,4.04,32011704.0,132010545.0,1339808772.0,0.023892741015730565,4.118,4.17,4.1015,4.330333333333333,49.99999910256412,46333974.6,4.343000000000001,4.0645,False,False,4.3,129327284.16,191570437.9645
2026-01-16,4.05,4.05,3.98,3.99,27337400.0,111288242.0,1339808772.0,0.0204039565729907,4.078,4.144,4.103,4.312166666666667,41.33333256177781,45873080.25,4.347333333333334,4.070500000000001,True,False,4.3,109076226.0,189786302.4385
2026-01-19,3.99,4.1,3.99,4.1,33472970.0,138194712.0,1339808772.0,0.024983393674929605,4.068,4.1240000000000006,4.11,4.297,53.16455601986862,45024542.6,4.3516666666666675,4.08,True,True,4.3,137239177.0,186660404.1345
2026-01-20,4.12,4.15,4.06,4.11,30706603.0,128192584.0,1339808772.0,0.02291864603495819,4.068,4.113,4.114,4.290333333333334,54.43037878224647,44821920.8,4.352166666666666,4.0875,True,True,4.3,126204138.33000001,185966664.6925
2026-01-21,4.1,4.13,4.07,4.1,19374055.0,80672988.0,1339808772.0,0.014460313594662747,4.0680000000000005,4.1049999999999995,4.1155,4.2865,55.128204138724534,44118073.55,4.3454999999999995,4.094,True,True,4.3,79433625.5,183131067.4675
2026-01-22,4.1,4.22,4.09,4.22,56794234.0,241520436.0,1339808772.0,0.042389806058084234,4.104,4.111000000000001,4.1245,4.2865,47.76119303185565,45371156.25,4.330333333333333,4.1015,True,True,4.3,239671667.48,188704669.68150002
2026-01-23,4.24,4.25,4.18,4.21,38311640.0,164013168.0,1339808772.0,0.02859485681886549,4.148000000000001,4.1129999999999995,4.133,4.285666666666667,42.857141904761946,46115514.95,4.312166666666667,4.103,False,True,4.3,161292004.4,192037527.7695
2026-01-26,4.21,4.24,4.17,4.23,41744346.0,178660409.0,1339808772.0,0.03115694334325496,4.1739999999999995,4.121,4.1385,4.283666666666666,50.87719173284096,45837299.65,4.297,4.11,False,False,4.3,176578583.58,191120874.6365
2026-01-27,4.23,4.24,4.05,4.11,35318445.0,147339879.0,1339808772.0,0.026360810391828065,4.174,4.121,4.1415,4.283,44.61538365443794,45753084.5,4.290333333333334,4.114,False,False,4.3,145158808.95000002,190885758.614
2026-01-28,4.1,4.21,4.08,4.18,37901783.0,160247334.0,1339808772.0,0.028288949730805316,4.19,4.129,4.1485,4.2765,51.428570399999984,46332956.85,4.2865,4.1155,True,False,4.3,158429452.94,193493755.389
2026-01-29,4.15,4.27,4.15,4.23,55157085.0,236364045.0,1339808772.0,0.04116787869485602,4.192,4.148000000000001,4.159,4.268,52.777776751543236,47908590.1,4.2865,4.1245,False,True,4.3,233314469.55,200406950.4465
2026-01-30,4.24,4.38,4.18,4.27,71650500.0,311165813.0,1339808772.0,0.05347815411974329,4.204,4.176,4.16,4.262333333333333,58.333332199074036,45312083.2,4.285666666666667,4.133,False,False,4.3,305947634.99999994,189443446.62150002
2026-02-02,4.29,4.29,4.05,4.06,50361670.0,211989424.0,1339808772.0,0.03758870000889948,4.17,4.172,4.148,4.254166666666666,47.19101049362452,43597740.45,4.283666666666666,4.1385,False,False,4.3,204468380.2,181467432.7565
2026-02-03,4.08,4.13,4.03,4.08,32279717.0,133531807.0,1339808772.0,0.024092779264173976,4.164,4.169,4.141,4.246166666666666,48.888888128395095,41860499.8,4.283,4.1415,True,False,4.27,131701245.36,173910319.1945
2026-02-04,4.08,4.17,4.06,4.17,32238144.0,135533085.0,1339808772.0,0.024061750209230605,4.162,4.176,4.1405,4.241333333333333,56.98924645392532,40594142.65,4.2765,4.1485,True,True,4.27,134433060.48,168600827.2355
2026-02-05,4.15,4.16,4.04,4.05,30541400.0,126692264.0,1339808772.0,0.022795342617744855,4.1259999999999994,4.159,4.135,4.227166666666666,52.99999925799999,40238751.3,4.268,4.159,False,True,4.27,123692670.0,166954421.5195
2026-02-06,4.04,4.12,4.02,4.08,23625517.0,98074944.0,1339808772.0,0.017633499267759683,4.087999999999999,4.145999999999999,4.129499999999999,4.205333333333333,48.91304273393198,39362800.85,4.262333333333333,4.16,True,False,4.27,96392109.36,163154248.7905
2026-02-09,4.1,4.12,4.08,4.11,18878638.0,78744661.0,1339808772.0,0.01409054664705539,4.098000000000001,4.134,4.1275,4.187,49.99999925531916,37590991.65,4.254166666666666,4.148,True,True,4.27,77591202.18,155763483.3345
2026-02-10,4.11,4.14,4.08,4.12,23340153.0,97674103.0,1339808772.0,0.017420510663741198,4.106,4.135,4.128,4.166666666666667,51.06382902670895,36504999.2,4.246166666666666,4.141,True,True,4.27,96161430.36,151311724.4415
2026-02-11,4.12,4.16,4.09,4.15,19736173.0,82920190.0,1339808772.0,0.014730589478481187,4.102,4.132,4.1305,4.151999999999999,45.88235218546718,35539108.85,4.241333333333333,4.1405,True,True,4.27,81905117.95,147400914.43899998
2026-02-12,4.12,4.15,4.05,4.06,28232400.0,117373936.0,1339808772.0,0.021071962350161417,4.104,4.115,4.131500000000001,4.140333333333333,41.93548323968089,35350143.65,4.227166666666666,4.135,False,True,4.27,114623543.99999999,146665727.431
2026-02-13,4.06,4.07,3.97,3.98,31768500.0,129400783.0,1339808772.0,0.023711219588880256,4.0840000000000005,4.086,4.130999999999999,4.129666666666667,37.373736845219874,35571698.65,4.205333333333333,4.129499999999999,True,False,4.27,126438630.0,147533847.63099998
2026-02-24,4.02,4.16,4.02,4.15,46267481.0,193460509.0,1339808772.0,0.034532898997917595,4.0920000000000005,4.095000000000001,4.1335,4.123833333333334,51.92307622411243,36211424.2,4.187,4.1275,True,True,4.27,192010046.15,150272391.0885
2026-02-25,4.15,4.22,4.13,4.18,33080900.0,140882402.0,1339808772.0,0.02469076236201863,4.104000000000001,4.1049999999999995,4.1370000000000005,4.122833333333333,49.99999930000001,36330139.05,4.166666666666667,4.128,False,True,4.27,138278162.0,150876092.272
2026-02-26,4.19,4.2,4.1,4.12,22408309.0,94065135.0,1339808772.0,0.01672500543980615,4.098,4.1,4.138,4.121833333333333,44.55445482795804,36481851.75,4.151999999999999,4.1305,False,False,4.27,92322233.08,151520522.651
2026-02-27,4.12,4.22,4.11,4.22,32243403.0,137363099.0,1339808772.0,0.024065675396249757,4.13,4.117,4.138,4.120666666666667,47.663550778233926,35254310.2,4.140333333333333,4.131500000000001,True,False,4.27,136067160.66,146340297.31
2026-03-02,4.28,4.33,4.18,4.26,54363532.0,234784320.0,1339808772.0,0.04057559043955864,4.186,4.135,4.1405,4.1215,61.11111016049385,36056904.8,4.129666666666667,4.130999999999999,False,True,4.27,231588646.32,149855129.406
2026-03-03,4.38,4.68,4.38,4.68,90399154.0,424005155.0,1339808772.0,0.06747168393669839,4.292,4.191999999999999,4.162999999999999,4.1305,73.07692228994082,38489645.2,4.123833333333334,4.1335,False,False,4.27,423068040.71999997,162179602.26299998
2026-03-04,4.65,4.68,4.29,4.61,175662232.0,808999052.0,1339808772.0,0.131109928275645,4.378,4.241,4.188,4.1375,67.18749926513675,45506834.55,4.122833333333333,4.1370000000000005,False,False,4.68,809802889.5200001,195411806.2915
2026-03-05,4.45,4.58,4.35,4.48,91842351.0,413687399.0,1339808772.0,0.06854885034295029,4.45,4.274,4.203,4.141333333333333,66.66666594315251,48203862.95,4.121833333333333,4.138,False,False,4.68,411453732.48,208063020.2685
2026-03-06,4.4,4.49,4.31,4.46,56811677.0,254293106.0,1339808772.0,0.04240282508017495,4.498,4.314,4.2145,4.144833333333334,64.8437492907715,48286592.55,4.120666666666667,4.138,False,False,4.68,253380079.42,209066300.762
2026-03-09,4.64,4.72,4.4,4.42,114356412.0,529465222.0,1339808772.0,0.08535278644973672,4.529999999999999,4.358,4.2219999999999995,4.146,62.01550320293252,50421888.15,4.1215,4.1405,False,False,4.68,505455341.04,219041686.06399998
2026-03-10,4.31,4.39,4.28,4.32,67529460.0,297312229.0,1339808772.0,0.05040231218907111,4.458,4.375,4.235,4.147,57.246376230833874,51280277.65,4.1305,4.162999999999999,False,False,4.68,291727267.20000005,223404630.41400003
2026-03-11,4.32,4.34,4.18,4.32,56572086.0,244958560.0,1339808772.0,0.04222400030681393,4.4,4.389,4.247,4.149166666666667,56.296295712482866,52494896.1,4.1375,4.188,False,False,4.68,244391411.52,229039138.72200003
2026-03-12,4.33,4.49,4.28,4.48,78301019.0,350754209.0,1339808772.0,0.058441936369110443,4.4,4.425,4.2625,4.154,64.7887317556041,54798039.85,4.141333333333333,4.203,False,False,4.68,350788565.12,239856913.954
2026-03-13,4.49,4.55,4.4,4.42,70545245.0,320051147.0,1339808772.0,0.05265321923119936,4.392,4.445,4.281000000000001,4.160166666666667,65.71428505714287,56798232.1,4.144833333333334,4.2145,False,False,4.68,311809982.9,249262779.59899998
2026-03-16,4.41,4.44,4.31,4.33,39358975.0,174087021.0,1339808772.0,0.02937656165756168,4.374,4.452,4.2935,4.1645,56.81818121556474,57584905.0,4.146,4.2219999999999995,False,False,4.68,170424361.75,252964392.21850005
2026-03-17,4.33,4.37,4.26,4.26,31359297.0,137611244.0,1339808772.0,0.023405800630181276,4.362,4.41,4.301,4.1695,52.94117592560555,58208937.95,4.147,4.235,False,False,4.68,133590605.22,255764362.3705
2026-03-18,4.23,4.27,4.17,4.25,29316869.0,125603476.0,1339808772.0,0.021881383084421245,4.348000000000001,4.3740000000000006,4.3075,4.174333333333333,54.96183147369035,58507773.75,4.149166666666667,4.247,True,False,4.68,124596693.25,257186125.51500002
2026-03-19,4.29,4.57,4.25,4.48,100027549.0,447185861.0,1339808772.0,0.07465807889187338,4.348,4.3740000000000006,4.324,4.182833333333333,59.02777720389663,62522342.55,4.154,4.2625,True,True,4.68,448123419.52000004,275497040.5935
2026-03-20,4.38,4.67,4.23,4.5,99904822.0,446677017.0,1339808772.0,0.07456647850638196,4.364,4.378,4.346,4.1930000000000005,58.45070364907758,66105963.65,4.160166666666667,4.281000000000001,False,True,4.68,449571699.0,292244448.3435
2026-03-23,4.45,4.67,4.4,4.66,147138362.0,682070314.0,1339808772.0,0.10982041995467694,4.430000000000001,4.401999999999999,4.380000000000001,4.204666666666666,49.13793044143879,71874456.75,4.1645,4.2935,False,False,4.68,685664766.9200001,320205755.1895
2026-03-24,4.49,5.02,4.47,4.88,155928271.0,749661770.0,1339808772.0,0.1163809897790399,4.554,4.458,4.4165,4.22,60.30534286696578,77357496.25,4.1695,4.301,False,False,4.68,760929962.48,348651751.006
2026-03-25,4.72,4.86,4.59,4.76,143564520.0,691306576.0,1339808772.0,0.10715299302429108,4.656000000000001,4.502000000000001,4.445500000000001,4.232166666666666,60.769230114792876,82881677.25,4.174333333333333,4.3075,False,False,4.88,683367115.1999999,375906198.666
2026-03-26,4.68,5.01,4.55,5.01,159374873.0,773455765.0,1339808772.0,0.11895344793279201,4.762,4.555,4.49,4.247833333333333,67.97385558716732,89730005.45,4.182833333333333,4.324,False,False,4.88,798468113.73,411213492.69850004
2026-03-27,4.95,5.26,4.77,4.78,178306699.0,898239063.0,1339808772.0,0.1330836927823906,4.818,4.590999999999999,4.518,4.260166666666667,60.46511578691186,97033170.25,4.1930000000000005,4.346,False,False,5.01,852306021.22,447025435.72650003
2026-03-30,4.67,4.77,4.42,4.45,114378955.0,526969320.0,1339808772.0,0.08536961198519455,4.776,4.603,4.5275,4.267,53.33333295042734,100033941.4,4.204666666666666,4.380000000000001,False,False,5.01,508986349.75,460895320.89800006
2026-03-31,4.41,4.47,4.27,4.35,84809378.0,375106881.0,1339808772.0,0.06329961392430711,4.67,4.612,4.511000000000001,4.270833333333333,50.73170697061273,99754452.6,4.22,4.4165,True,False,5.01,368920794.29999995,458187958.57699996
2026-04-01,4.34,4.37,4.28,4.31,49613478.0,217268611.0,1339808772.0,0.03703026807768952,4.58,4.618,4.496,4.275166666666666,45.595854591532635,93452014.9,4.232166666666666,4.445500000000001,True,True,5.01,213834090.17999998,428389518.61
2026-04-02,4.31,4.38,4.3,4.38,48022847.0,212147787.0,1339808772.0,0.03584306059462044,4.454,4.608,4.4910000000000005,4.280833333333334,48.969071811563396,91261039.7,4.247833333333333,4.49,True,True,5.01,210340069.85999998,418333835.479
2026-04-03,4.39,4.39,4.05,4.05,64891633.0,273925279.0,1339808772.0,0.04843350361345447,4.308,4.563,4.4704999999999995,4.281333333333333,43.577981371517545,91665037.5,4.260166666666667,4.518,True,True,5.01,262811113.64999998,418805387.1905
2026-04-07,4.02,4.09,3.96,4.08,29917562.0,122848261.0,1339808772.0,0.022329725424427956,4.234,4.505,4.4535,4.278499999999999,45.79439222377501,87443095.0,4.267,4.5275,True,True,5.01,122063652.96000001,399635802.78650004
2026-04-08,4.04,4.12,4.02,4.1,39459050.0,163525369.0,1339808772.0,0.029451255152701746,4.183999999999999,4.427,4.4425,4.275166666666666,46.51162760411032,86039574.5,4.270833333333333,4.511000000000001,True,True,5.01,161782105.0,393138544.6765
2026-04-09,4.08,4.12,4.02,4.03,30548814.0,125818309.0,1339808772.0,0.022800876243255407,4.128,4.354,4.428,4.272,38.69346706446807,84738410.9,4.275166666666666,4.496,True,True,5.01,123111720.42,387074560.1215
2026-04-10,4.04,4.07,4.01,4.05,21918191.0,90114451.0,1339808772.0,0.01635919353422475,4.062,4.258,4.406499999999999,4.269833333333334,38.69346706446807,81919269.5,4.280833333333334,4.4910000000000005,True,True,5.01,88768673.55,373973565.543
2026-04-13,4.06,4.08,4.01,4.06,27372369.0,112556083.0,1339808772.0,0.02043005656631124,4.064,4.186,4.3885,4.2681666666666676,33.695651917533056,79760625.7,4.281333333333333,4.4704999999999995,True,True,5.01,111131818.13999999,363939657.30499995
2026-04-14,4.04,4.05,4.01,4.03,24766039.0,101147146.0,1339808772.0,0.018484756569424818,4.054,4.144,4.3735,4.2655,24.242424036730938,79030978.9,4.278499999999999,4.4535,True,True,5.01,99807137.17,360408796.07600003
2026-04-15,4.03,4.03,3.93,3.93,35649500.0,143343081.0,1339808772.0,0.026607901623740077,4.0200000000000005,4.101999999999999,4.357,4.261833333333334,24.53987708984154,79245489.05,4.275166666666666,4.4425,True,True,5.01,140102535.0,360734392.565
2026-04-16,3.95,3.99,3.89,3.98,19790404.0,79302502.0,1339808772.0,0.014771066150326712,4.01,4.069,4.343500000000001,4.259666666666666,13.98601384908794,78769165.8,4.272,4.428,True,True,5.01,78765807.92,358442848.2985
2026-04-17,3.97,3.97,3.91,3.92,18331723.0,73026287.0,1339808772.0,0.013682342870942183,3.9840000000000004,4.023,4.315499999999999,4.256666666666667,15.873015696648991,74684374.5,4.269833333333334,4.406499999999999,True,True,5.01,71860354.16,339629695.0305
2026-04-20,3.92,3.94,3.91,3.94,16924821.0,67544393.0,1339808772.0,0.012632266151486281,3.96,4.0120000000000005,4.2875,4.255,23.157894395567823,70535374.45,4.2681666666666676,4.3885,True,True,5.01,66683794.74,320485299.8175
2026-04-21,3.94,3.99,3.89,3.99,25605059.0,102585170.0,1339808772.0,0.019110980264577637,3.9520000000000004,4.003,4.254,4.255,29.999999533333337,64458709.3,4.2655,4.3735,True,True,5.01,102164185.41000001,291310270.742
2026-04-22,3.97,3.98,3.94,3.95,12667283.0,50854173.0,1339808772.0,0.009454545502856284,3.9560000000000004,3.9880000000000004,4.2075000000000005,4.2525,29.999999533333337,57295659.9,4.261833333333334,4.357,True,True,5.01,50035767.85,255765561.0105
2026-04-23,3.95,3.99,3.91,3.98,22397431.0,89917322.0,1339808772.0,0.01671688637070664,3.9560000000000004,3.9829999999999997,4.1685,4.250333333333333,26.74418561114112,51237305.45,4.259666666666666,4.343500000000001,True,True,5.01,89141775.38,226054294.01950002
2026-04-24,3.98,3.98,3.93,3.94,16433234.0,65914481.0,1339808772.0,0.012265357820780113,3.96,3.9720000000000004,4.115,4.2476666666666665,40.350876201908285,44090223.5,4.256666666666667,4.315499999999999,True,True,5.01,64746941.96,189368235.431
2026-04-27,3.93,3.96,3.91,3.94,11563317.0,46164801.0,1339808772.0,0.008630572691906513,3.96,3.96,4.073,4.242999999999999,37.037036076817515,35753054.4,4.255,4.2875,True,True,4.78,45559468.98,149030907.819
2026-04-28,3.94,3.99,3.92,3.99,20953250.0,84307110.0,1339808772.0,0.015638985531287446,3.96,3.9560000000000004,4.05,4.239333333333334,40.35087620190833,31081769.15,4.255,4.254,True,True,4.45,83603467.5,127761763.70650001
2026-04-29,3.94,4.03,3.92,4.02,31903159.0,129411301.0,1339808772.0,0.0238117257229004,3.9739999999999993,3.965,4.033499999999999,4.235833333333334,49.056602477750054,28436458.2,4.2525,4.2075000000000005,True,True,4.38,128250699.17999999,115728258.95049998
2026-04-30,4.03,4.04,3.97,4.0,19803500.0,80243588.0,1339808772.0,0.014780840679553335,3.978,3.967,4.018,4.234,45.28301767176935,26945959.3,4.250333333333333,4.1685,True,True,4.38,79214000.0,108997254.4415
2026-05-06,4.0,4.05,3.99,4.03,23838035.0,97374256.0,1339808772.0,0.017792117426142662,3.996,3.978,4.0005,4.2315000000000005,47.272726069421566,25736718.7,4.2476666666666665,4.115,True,True,4.38,96067281.05000001,103283615.001
2026-05-07,4.02,4.04,3.98,4.01,18978380.0,76999509.0,1339808772.0,0.014164991599263838,4.01,3.9849999999999994,3.9985,4.227833333333333,48.148146899862816,23441056.05,4.242999999999999,4.073,False,True,4.1,76103303.8,93948224.50850001
2026-05-08,4.01,4.1,3.99,4.08,39881524.0,164690227.0,1339808772.0,0.029766579256282105,4.0280000000000005,3.9940000000000007,3.9985,4.224666666666667,64.7058805767013,23939254.15,4.239333333333334,4.05,False,False,4.1,162716617.92000002,95980872.7565
2026-05-11,4.09,4.1,4.03,4.05,28050704.0,115279418.0,1339808772.0,0.02093634896726889,4.034000000000001,4.004,3.996,4.2245,57.14285551020411,23368836.85,4.235833333333334,4.033499999999999,False,False,4.1,113605351.19999999,93572035.0665
2026-05-12,4.05,4.05,3.96,3.97,24684221.0,100165608.0,1339808772.0,0.018423689645763866,4.0280000000000005,4.003,3.993,4.222666666666666,54.90195927720114,23075607.2,4.234,4.018,False,False,4.08,97996357.37,92316266.914
2026-05-13,3.98,4.02,3.97,3.99,18027829.0,73150631.0,1339808772.0,0.013455523935023169,4.02,4.008,3.9900000000000007,4.219666666666667,54.90195927720114,22881089.1,4.2315000000000005,4.0005,True,False,4.08,71931037.71000001,91474385.12200001
2026-05-14,4.0,4.03,3.92,3.92,24174755.0,97443438.0,1339808772.0,0.018043436873392854,4.002000000000001,4.006,3.9830000000000005,4.217499999999999,43.396225268778934,22721208.4,4.227833333333333,3.9985,True,True,4.08,94765039.6,90656046.19500001
2026-05-15,3.93,3.95,3.84,3.89,22995151.0,90857451.0,1339808772.0,0.017163009737332875,3.964,3.996,3.9760000000000004,4.214333333333333,44.230768039940855,22632664.0,4.224666666666667,3.9985,True,True,4.08,89451137.39,90138246.206
2026-05-18,3.89,3.97,3.86,3.97,20570075.0,81602441.0,1339808772.0,0.015352993225513827,3.9480000000000004,3.9910000000000005,3.978,4.212,49.12280581101883,21878692.75,4.2245,3.996,True,True,4.08,81663197.75,87216279.3435
2026-05-19,3.95,4.04,3.92,4.04,27832971.0,112770050.0,1339808772.0,0.020773838462374242,3.9620000000000006,3.995,3.9810000000000003,4.210666666666667,58.333331972222254,22280821.1,4.222666666666666,3.993,True,True,4.08,112445202.84,88900249.0895
2026-05-20,4.05,4.06,3.96,3.99,27318304.0,111552934.0,1339808772.0,0.02038970379274394,3.9620000000000006,3.9910000000000005,3.9845000000000006,4.208,53.84615268639058,22730150.15,4.219666666666667,3.9900000000000007,False,True,4.08,109000032.96000001,90757233.02950001
2026-05-21,3.99,3.99,3.77,3.79,36625745.0,144495196.0,1339808772.0,0.027336546651599323,3.936,3.9690000000000003,3.9769999999999994,4.2035,37.49999934374999,23715196.35,4.217499999999999,3.9830000000000005,False,False,4.08,138811573.55,94363621.97
2026-05-22,3.8,3.82,3.77,3.81,12876353.0,49696896.0,1339808772.0,0.009610590159653022,3.9200000000000004,3.942,3.968,4.200666666666667,36.70886010895695,23078761.05,4.214333333333333,3.9760000000000004,True,False,4.08,49058904.93,91708357.94600001
2026-05-25,3.8,3.84,3.69,3.72,18446763.0,70343154.0,1339808772.0,0.013768205870501645,3.87,3.9090000000000003,3.9564999999999997,4.193499999999999,33.720929683612795,23367735.05,4.212,3.978,True,True,4.08,68621958.36,92637667.47150001
2026-05-26,3.72,3.72,3.65,3.69,17627433.0,65977334.0,1339808772.0,0.013156678302446581,3.8,3.8810000000000002,3.942,4.185333333333333,30.232557647376964,23129235.15,4.210666666666667,3.9810000000000003,True,True,4.08,65045227.769999996,91432840.09099999
2026-05-27,3.68,3.7,3.58,3.63,21113640.0,77605649.0,1339808772.0,0.015758696644807457,3.728,3.845,3.9265,4.1771666666666665,28.88888843950619,23363255.45,4.208,3.9845000000000006,True,True,4.08,76642513.2,92027618.653
2026-05-28,3.6,3.67,3.58,3.65,17213440.0,63411837.0,1339808772.0,0.012847684206683191,3.7,3.818,3.912,4.167666666666666,24.705881946020753,23645761.6,4.2035,3.9769999999999994,True,True,4.08,62829056.0,92891098.004
2026-05-29,3.64,3.76,3.63,3.68,17578300.0,65944402.0,1339808772.0,0.013120006651217835,3.6740000000000004,3.7969999999999997,3.8965000000000005,4.158,28.23529365259519,23477014.1,4.200666666666667,3.968,True,True,4.08,64688144.0,91945331.829
2026-06-01,3.66,3.88,3.61,3.85,31570320.0,121672984.0,1339808772.0,0.023563302957685068,3.7,3.785,3.8880000000000003,4.144166666666667,43.61702062698054,23460372.15,4.193499999999999,3.9564999999999997,True,True,4.08,121545732.0,91610083.47
2026-06-02,3.85,3.86,3.77,3.81,16975390.0,65718864.0,1339808772.0,0.01267000959745918,3.724,3.7619999999999996,3.8785000000000003,4.130833333333333,40.62499940755208,23318966.65,4.185333333333333,3.942,True,True,4.08,64676235.9,90883195.26500002
2026-06-03,3.8,3.81,3.69,3.74,21472378.0,81588088.0,1339808772.0,0.01602644978055122,3.746,3.7369999999999997,3.864,4.1185,40.6249994075521,23200683.8,4.1771666666666665,3.9265,True,True,4.08,80306693.72,90095165.8985
2026-06-04,3.73,3.78,3.67,3.72,12433775.0,46060242.0,1339808772.0,0.009280260929654519,3.7600000000000002,3.7299999999999995,3.8495,4.106166666666667,41.052630973961236,22873453.55,4.167666666666666,3.912,True,True,4.08,46253643.0,88602682.8585
2026-06-05,3.72,3.75,3.66,3.67,16742400.0,61589580.0,1339808772.0,0.01249611164659549,3.758,3.7159999999999997,3.8289999999999997,4.093666666666667,33.69565166115312,21716497.35,4.158,3.8965000000000005,True,True,4.08,61444608.0,83539082.3625
2026-06-08,3.63,3.66,3.56,3.6,15792133.0,56980843.0,1339808772.0,0.011786855952903106,3.7079999999999997,3.7039999999999997,3.8065000000000007,4.081666666666667,26.08695612476373,21103568.8,4.144166666666667,3.8880000000000003,True,True,4.05,56851678.800000004,80701398.7425
2026-06-09,3.63,3.63,3.52,3.55,13679041.0,48570978.0,1339808772.0,0.01020969655212856,3.656,3.69,3.7855000000000003,4.068833333333333,26.086956124763717,20553309.8,4.130833333333333,3.8785000000000003,True,True,4.04,48560595.55,78229610.6515
2026-06-10,3.54,3.54,3.45,3.5,15675400.0,54713311.0,1339808772.0,0.011699729340180794,3.6079999999999997,3.6769999999999996,3.761,4.0525,31.16883060212517,20435688.35,4.1185,3.864,True,True,4.04,54863900.0,77376253.766
2026-06-11,3.48,3.56,3.46,3.53,13122200.0,46061573.0,1339808772.0,0.009794084256077702,3.5700000000000003,3.665,3.7415,4.0376666666666665,32.05128147600263,19883060.6,4.106166666666667,3.8495,True,True,4.04,46321366.0,74954070.086
2026-06-12,3.53,3.6,3.47,3.56,14896172.0,52796414.0,1339808772.0,0.011118132909193999,3.5479999999999996,3.653,3.725,4.0248333333333335,38.88888813271606,19478111.65,4.093666666666667,3.8289999999999997,True,True,4.04,53030372.32,73133031.8325
2026-06-15,3.55,3.61,3.52,3.53,10878100.0,38686574.0,1339808772.0,0.008119143737028765,3.534,3.621,3.7030000000000003,4.012666666666667,38.88888813271606,18993512.9,4.081666666666667,3.8065000000000007,True,True,4.04,38399693.0,70969856.595
2026-06-16,3.53,3.53,3.45,3.46,12904431.0,44741764.0,1339808772.0,0.009631546881676932,3.5159999999999996,3.586,3.6740000000000004,3.9995000000000003,38.356163647964,18247085.9,4.068833333333333,3.7855000000000003,True,True,4.04,44649331.26,67580063.016
2026-06-17,3.45,3.46,3.39,3.41,12078840.0,41180752.0,1339808772.0,0.009015346258682356,3.498,3.553,3.6449999999999996,3.981666666666667,34.21052568559561,17485112.7,4.0525,3.761,True,True,3.99,41188844.4,64189503.588
2026-06-18,3.4,3.4,3.33,3.33,11148964.0,37426996.0,1339808772.0,0.008321309901081913,3.4579999999999997,3.5140000000000002,3.622,3.9621666666666666,28.395061237616233,16211273.65,4.0376666666666665,3.7415,True,True,3.85,37126050.12,59105227.416499995
2026-06-22,3.31,3.38,3.25,3.35,16058198.0,53056232.0,1339808772.0,0.011985440262515313,3.4160000000000004,3.482,3.599,3.9403333333333332,12.121211864095514,16370365.9,4.0248333333333335,3.725,True,True,3.85,53794963.300000004,59342030.33499999
2026-06-23,3.34,3.48,3.33,3.45,20505600.0,70366751.0,1339808772.0,0.015304870686426586,3.4,3.467,3.5855000000000006,3.9165,24.999999513888923,16473307.75,4.012666666666667,3.7030000000000003,True,True,3.85,70744320.0,59448148.41700001
2026-06-24,3.43,3.45,3.33,3.35,13938820.0,46937740.0,1339808772.0,0.010403589147422003,3.378,3.447,3.5685000000000002,3.8930000000000002,23.999999552000006,16288877.1,3.9995000000000003,3.6740000000000004,True,True,3.85,46695047.0,58530639.37850001
2026-06-25,3.32,3.34,3.26,3.28,12304480.0,40442104.0,1339808772.0,0.009183758352046377,3.3520000000000003,3.425,3.5509999999999997,3.8641666666666667,22.499999606250014,15848419.1,3.981666666666667,3.6449999999999996,True,True,3.85,40358694.4,56716448.4385
2026-06-26,3.27,3.29,3.21,3.22,10766667.0,34819572.0,1339808772.0,0.008035972912707575,3.3299999999999996,3.3939999999999997,3.5295,3.8381666666666665,22.22222183813446,15526080.45,3.9621666666666666,3.622,True,True,3.85,34668667.74,55308429.0255
2026-06-29,3.21,3.24,3.12,3.22,15744900.0,50304686.0,1339808772.0,0.011751602414497403,3.304,3.3600000000000003,3.5065,3.8176666666666668,24.324323864134442,15434410.45,3.9403333333333332,3.599,True,True,3.85,50698578.0,54608950.7255
2026-06-30,3.21,3.23,3.17,3.23,10739064.0,34359199.0,1339808772.0,0.008015370718889426,3.2600000000000002,3.3300000000000005,3.4755000000000003,3.799,27.142856600000016,14392847.65,3.9165,3.5855000000000006,True,True,3.85,34687176.72,50266022.961500004
2026-07-01,3.2,3.31,3.18,3.28,15503771.0,50626877.0,1339808772.0,0.011571629716124892,3.246,3.312,3.4490000000000003,3.781833333333333,34.285713599999994,14319266.7,3.8930000000000002,3.5685000000000002,True,True,3.81,50852368.879999995,49574829.6105
2026-07-02,3.26,3.34,3.25,3.31,13224483.0,43853066.0,1339808772.0,0.00987042574759318,3.2520000000000002,3.3020000000000005,3.4275000000000007,3.7640000000000002,34.28571360000004,13906871.95,3.8641666666666667,3.5509999999999997,True,True,3.74,43773038.730000004,47748146.861
2026-07-03,3.31,3.43,3.3,3.42,17543096.0,59484552.0,1339808772.0,0.01309373125973234,3.2920000000000003,3.311,3.4125,3.7535000000000003,41.025640289283366,14162338.0,3.8381666666666665,3.5295,True,True,3.72,59997388.32,48435334.127
2026-07-06,3.41,3.44,3.39,3.4,13717756.0,46781297.0,1339808772.0,0.010238592466836007,3.3280000000000003,3.3160000000000003,3.399,3.742166666666667,41.558440802833545,14011105.8,3.8176666666666668,3.5065,False,True,3.67,46640370.4,47695122.247
2026-07-07,3.4,3.4,3.25,3.28,13743101.0,45370014.0,1339808772.0,0.010257509345520242,3.3379999999999996,3.2990000000000004,3.383,3.7284999999999995,39.02438957763237,13908654.2,3.799,3.4755000000000003,False,False,3.6,45077371.279999994,47106406.87100001
2026-07-08,3.28,3.32,3.23,3.31,10853700.0,35653347.0,1339808772.0,0.0081009321828802,3.344,3.2950000000000004,3.371,3.7164999999999995,43.74999923437501,13767387.15,3.781833333333333,3.4490000000000003,True,False,3.56,35925747.0,46474664.4435
2026-07-09,3.3,3.47,3.25,3.38,27438848.0,92594316.0,1339808772.0,0.02047967484123921,3.3579999999999997,3.3049999999999997,3.3649999999999998,3.705333333333334,53.16455601986862,14355559.55,3.7640000000000002,3.4275000000000007,True,True,3.56,92743306.24,48368634.755499996
2026-07-10,3.37,3.41,3.28,3.38,19593673.0,65778152.0,1339808772.0,0.014624231016752889,3.35,3.321,3.3574999999999995,3.6940000000000004,51.94805100354191,14679133.2,3.7535000000000003,3.4125,False,True,3.56,66226614.739999995,49363897.192499995
2026-07-13,3.39,3.44,3.37,3.41,17026521.0,57942281.0,1339808772.0,0.012708172506277635,3.3520000000000003,3.34,3.35,3.683666666666667,47.14285620000002,14785650.65,3.742166666666667,3.399,False,False,3.56,58060436.61,49615400.407
2026-07-14,3.41,3.5,3.39,3.49,16578618.0,57462700.0,1339808772.0,0.012373868828498759,3.3939999999999997,3.3660000000000005,3.3480000000000003,3.6763333333333335,60.29411640570938,15070676.55,3.7284999999999995,3.383,False,False,3.53,57859376.82,50588384.598000005
2026-07-15,3.47,3.55,3.43,3.52,18388440.0,64474877.0,1339808772.0,0.013724675031460385,3.436,3.3899999999999997,3.351,3.6686666666666667,68.74999849609381,15344877.0,3.7164999999999995,3.371,False,False,3.49,64727308.8,51592283.475
2026-07-16,3.52,3.52,3.41,3.45,23068897.0,79711237.0,1339808772.0,0.0172180519206214,3.45,3.404,3.353,3.6608333333333336,67.69230623431956,15894379.85,3.705333333333334,3.3649999999999998,False,False,3.52,79587694.65,53512225.9875
2026-07-17,3.44,3.52,3.38,3.42,20333560.0,70086902.0,1339808772.0,0.015176464302175804,3.4579999999999997,3.404,3.3575000000000004,3.6521666666666666,64.70588102076124,16353609.65,3.6940000000000004,3.3574999999999995,False,False,3.52,69540775.2,55132962.2415
2026-07-20,3.4,3.47,3.37,3.42,22230694.0,76124697.0,1339808772.0,0.01659243801398249,3.46,3.406,3.3609999999999998,3.6426666666666665,64.17910313655605,16662234.45,3.683666666666667,3.35,False,False,3.52,76028973.48,56244662.7505
2026-07-21,3.42,3.43,3.34,3.35,21095400.0,71233025.0,1339808772.0,0.015745082761706237,3.432,3.4130000000000003,3.3560000000000003,3.6326666666666667,55.07246265070368,16691724.45,3.6763333333333335,3.3480000000000003,False,False,3.52,70669590.0,56240926.2505
2026-07-22,3.37,3.39,3.29,3.36,23785804.0,79522365.0,1339808772.0,0.017753133504637184,3.4,3.418,3.3564999999999996,3.622333333333333,53.73134216083762,17184073.65,3.6686666666666667,3.351,True,False,3.52,79920301.44,57902188.972500004
2026-07-23,3.35,3.46,3.33,3.44,22310180.0,76117051.0,1339808772.0,0.01665176439074695,3.3979999999999997,3.4240000000000004,3.3644999999999996,3.614,51.56249887207033,17684358.65,3.6608333333333336,3.353,False,True,3.52,76747019.2,59721605.2125
2026-07-24,3.45,3.49,3.31,3.31,20873457.0,70294078.0,1339808772.0,0.015579430017345788,3.376,3.4170000000000003,3.3689999999999998,3.6035,43.99999917866669,18189698.15,3.6521666666666666,3.3575000000000004,False,False,3.52,69091142.67,61442728.95899999
2026-07-27,3.29,3.38,3.28,3.37,14671340.0,49140642.0,1339808772.0,0.010950323886967355,3.3659999999999997,3.4129999999999994,3.3765,3.593166666666667,56.52173798361694,18136020.15,3.6426666666666665,3.3609999999999998,True,False,3.52,49442415.800000004,61379920.84899999
2026-07-28,3.35,3.4,3.34,3.38,12733300.0,42878369.0,1339808772.0,0.009503818952455702,3.372,3.402,3.3839999999999995,3.5825,55.22387944308311,18235731.95,3.6326666666666667,3.3560000000000003,True,True,3.52,43038554.0,61797489.713
2026-07-29,3.39,3.45,3.37,3.44,18631800.0,63842492.0,1339808772.0,0.013906312892837218,3.3880000000000003,3.3939999999999997,3.3919999999999995,3.5731666666666664,54.545453388429785,18392133.4,3.622333333333333,3.3564999999999996,True,True,3.52,64093392.0,62459540.868999995
2026-07-30,3.43,3.49,3.4,3.42,19414580.0,66848697.0,1339808772.0,0.014490560448427935,3.3839999999999995,3.3909999999999996,3.3974999999999995,3.563,52.94117538062287,18701638.25,3.614,3.3644999999999996,False,True,3.52,66397863.6,63590782.1125
2026-07-31,3.43,3.46,3.41,3.46,18967100.0,65278230.0,1339808772.0,0.014156572487345977,3.414,3.3950000000000005,3.3995000000000006,3.553833333333333,53.623187317790396,18772838.45,3.6035,3.3689999999999998,False,False,3.52,65626166.0,63872220.9965
2026-08-03,3.45,3.54,3.44,3.53,22595986.0,79053925.0,1339808772.0,0.016865082892590585,3.446,3.4059999999999997,3.406,3.544666666666666,52.94117538062283,19216749.95,3.593166666666667,3.3765,False,False,3.52,79763830.58,65528394.005499996
2026-08-04,3.51,3.54,3.45,3.46,22744820.0,79098245.0,1339808772.0,0.01697616889464581,3.4620000000000006,3.4170000000000003,3.415,3.5348333333333333,45.83333244212964,19666835.9,3.5825,3.3839999999999995,False,False,3.53,78697077.2,67209379.3015
2026-08-05,3.46,3.46,3.38,3.41,27016988.0,92077838.0,1339808772.0,0.020164809012013247,3.4560000000000004,3.4219999999999997,3.4199999999999995,3.5255,47.14285620000001,20475000.3,3.5731666666666664,3.3919999999999995,False,False,3.53,92127929.08,70019488.4055
2026-08-06,3.4,3.43,3.37,3.42,21061260.0,71596561.0,1339808772.0,0.015719601513401644,3.4560000000000004,3.4200000000000004,3.4219999999999997,3.516,49.99999897058826,20156120.9,3.563,3.3974999999999995,True,False,3.53,72029509.2,68983798.5535
2026-08-07,3.41,3.45,3.37,3.42,18350241.0,62477331.0,1339808772.0,0.01369616424634067,3.4480000000000004,3.431,3.4240000000000004,3.5076666666666667,49.99999897058826,20093949.3,3.553833333333333,3.3995000000000006,True,True,3.53,62757824.22,68810359.0275
