日期,开盘,最高,最低,收盘,成交量,amount,outstanding_share,turnover,MA5,MA10,MA20,MA60,RSI14,Vol_MA20,MA60_prev5,MA20_prev5,MA20_break_1,MA20_break_2,High_20,成交额估算,Amount_MA20
2021-04-12,11.56,11.82,11.53,11.56,9428009.0,114760714.0,1952765549.0,0.004828029153232465,11.680000000000001,11.735,11.811,12.194999999999999,39.490445507728495,9350893.95,12.333833333333333,11.925500000000001,True,True,12.15,108987784.04,110688088.91000001
2021-04-13,11.56,11.78,11.56,11.71,8468612.0,103225663.0,1952765549.0,0.004336727470605331,11.662,11.709,11.789,12.169666666666666,47.82608654064276,9167175.15,12.303500000000001,11.8935,True,True,12.15,99167446.52000001,108269596.026
2021-04-14,11.67,11.78,11.63,11.71,6690167.0,81537309.0,1952765549.0,0.003425996020580144,11.648,11.709,11.7735,12.145333333333333,55.79710088321783,9015921.3,12.274333333333335,11.870999999999999,True,True,12.05,78341855.57000001,106347827.1605
2021-04-15,11.68,11.68,11.56,11.56,5901031.0,71281089.0,1952765549.0,0.00302188401624654,11.620000000000001,11.689,11.750499999999999,12.1145,49.668873711679325,8874145.25,12.247499999999999,11.859,True,True,12.05,68215918.36,104507955.3265
2021-04-16,11.59,11.68,11.56,11.67,6041003.0,73235561.0,1952765549.0,0.0030935628719451565,11.642,11.683,11.738000000000001,12.080000000000002,33.33333292397657,8632923.05,12.223166666666666,11.8375,True,True,12.05,70498505.01,101557074.16499999
2021-04-19,11.68,11.84,11.65,11.83,10910882.0,133886147.0,1952765549.0,0.0055873998829953754,11.696000000000002,11.687999999999999,11.733500000000001,12.052166666666666,44.26229457403922,8677336.0,12.194999999999999,11.811,True,True,12.05,129075734.06,102037377.56000002
2021-04-20,11.86,11.87,11.66,11.67,10971891.0,134513548.0,1952765549.0,0.005618642240804915,11.687999999999999,11.675,11.7225,12.021333333333335,48.21428511160711,8811590.65,12.169666666666666,11.789,False,True,12.05,128041967.97,103512974.5475
2021-04-21,11.69,11.7,11.56,11.57,7760665.0,93728007.0,1952765549.0,0.0039741918859507695,11.66,11.654,11.712,11.993666666666666,41.88034137920961,8739548.75,12.145333333333333,11.7735,True,False,12.05,89790894.05,102582833.98300001
2021-04-22,11.58,11.64,11.54,11.56,7543319.0,91013596.0,1952765549.0,0.003862890250118807,11.66,11.64,11.7125,11.968166666666667,42.60869513345936,8570186.2,12.1145,11.750499999999999,True,True,12.05,87200767.64,100630468.19
2021-04-23,11.56,11.59,11.38,11.43,10783089.0,128558133.0,1952765549.0,0.005521957823109875,11.612,11.626999999999999,11.7055,11.940166666666666,35.77235731641224,8715532.1,12.080000000000002,11.738000000000001,True,True,12.05,123250707.27,102236638.63
2021-04-26,11.42,11.43,11.24,11.27,9312696.0,109842426.0,1952765549.0,0.004768978029527906,11.5,11.598,11.666500000000001,11.913666666666666,30.656933993286785,8169652.45,12.052166666666666,11.733500000000001,True,True,12.05,104954083.92,95295593.7035
2021-04-27,11.24,11.34,11.07,11.13,8036243.0,93506476.0,1952765549.0,0.004115313793873163,11.392,11.540000000000001,11.624500000000001,11.890333333333333,28.18791919823434,7976193.55,12.021333333333335,11.7225,True,True,11.97,89443384.59,92642368.4645
2021-04-28,11.12,11.35,10.96,11.34,8629246.0,100643934.0,1952765549.0,0.004418987217599669,11.346,11.503,11.606,11.8705,38.88888855281208,7898391.0,11.993666666666666,11.712,True,True,11.83,97855649.64,91571659.553
2021-04-29,11.27,11.37,11.22,11.23,7361081.0,86612023.0,1952765549.0,0.0037695672190497047,11.28,11.47,11.5795,11.849,39.62264116055535,7940629.75,11.968166666666667,11.7125,True,True,11.83,82664939.63000001,91873318.6065
2021-04-30,11.23,11.26,11.02,11.1,8130533.0,94286466.0,1952765549.0,0.004163599160259458,11.214,11.413,11.548,11.833,36.627906678610024,8038458.1,11.940166666666666,11.7055,True,True,11.83,90248916.3,92764733.3625
2021-05-06,11.1,11.24,11.05,11.11,5943970.0,69045704.0,1952765549.0,0.0030438728310440916,11.181999999999999,11.341,11.5145,11.821333333333335,31.01265795305234,8049994.3,11.913666666666666,11.666500000000001,True,True,11.83,66037506.699999996,92701506.8035
2021-05-07,11.12,11.36,11.11,11.25,9145387.0,107090220.0,1952765549.0,0.004683300053446406,11.206,11.299000000000001,11.487,11.810166666666667,36.627906678610024,8210866.1,11.890333333333333,11.624500000000001,True,True,11.83,102885603.75,94348295.901
2021-05-10,11.19,11.22,11.04,11.08,8196092.0,94848765.0,1952765549.0,0.004197171546884966,11.154,11.25,11.452000000000002,11.797500000000001,36.206896260404264,8286022.1,11.8705,11.606,True,True,11.83,90812699.36,94946770.361
2021-05-11,11.05,11.12,10.97,11.07,7612483.0,87598907.0,1952765549.0,0.0038983087364985055,11.122,11.200999999999999,11.4205,11.794833333333335,31.70731680249851,8270931.15,11.849,11.5795,True,True,11.83,84270186.81,94530413.03150001
2021-05-12,11.0,11.07,10.91,11.04,7121478.0,81537536.0,1952765549.0,0.003646867901600818,11.11,11.162,11.394499999999999,11.798333333333334,23.84105938160603,8199393.85,11.833,11.548,True,True,11.83,78621117.11999999,93518283.4155
2021-05-13,10.99,11.16,10.96,11.11,7118066.0,82293623.0,1952765549.0,0.0036451206360359647,11.11,11.146,11.372,11.793000000000001,30.281689842293176,8083896.7,11.821333333333335,11.5145,True,True,11.83,79081713.25999999,92022979.87650001
2021-05-14,11.12,11.21,11.05,11.2,8173119.0,94956581.0,1952765549.0,0.00418540720578843,11.1,11.152999999999999,11.3465,11.793166666666668,36.879432257934674,8069122.05,11.810166666666667,11.487,True,True,11.83,91538932.8,91641554.1905
2021-05-17,11.31,11.62,11.24,11.45,17351421.0,206897345.0,1952765549.0,0.008885562841317824,11.174,11.164,11.3335,11.7935,46.66666627070704,8602184.75,11.797500000000001,11.452000000000002,True,True,11.83,198673770.45,97658149.93450001
2021-05-18,11.51,11.52,11.32,11.42,8039221.0,95570800.0,1952765549.0,0.00411683881053557,11.244,11.183,11.3265,11.790666666666668,49.67741890613945,8709094.25,11.794833333333335,11.4205,False,True,11.83,91807903.82,98837749.20750001
2021-05-19,11.41,11.42,11.3,11.34,6660442.0,78772558.0,1952765549.0,0.0034107740191395603,11.303999999999998,11.206999999999999,11.309999999999999,11.782,52.380951882086194,8740066.2,11.798333333333334,11.394499999999999,False,False,11.83,75529412.28,99089294.57100001
2021-05-20,11.3,11.34,11.23,11.25,6754341.0,79325519.0,1952765549.0,0.003458859156675956,11.331999999999999,11.221,11.281,11.763666666666666,54.225351578059886,8532239.15,11.793000000000001,11.372,False,False,11.83,75986336.25,96434824.6805
2021-05-21,11.24,11.33,11.04,11.04,11194459.0,129958820.0,1952765549.0,0.005732618032785666,11.3,11.2,11.2495,11.742,39.4366193294981,8543367.55,11.793166666666668,11.3465,True,False,11.67,123586827.35999998,96212067.65
2021-05-24,11.25,11.37,11.12,11.14,10856496.0,127069859.0,1952765549.0,0.005559549125372244,11.238,11.206,11.228,11.721166666666669,46.80851017353253,8698159.1,11.7935,11.3335,True,True,11.57,120941365.44000001,97769591.21949999
2021-05-25,11.1,11.27,11.05,11.26,11039252.0,128650740.0,1952765549.0,0.005653137421260395,11.206,11.225,11.213,11.700666666666669,55.714285157142854,8872955.75,11.790666666666668,11.3265,True,True,11.56,124301977.52,99624651.7135
2021-05-26,11.21,11.36,11.2,11.27,8944724.0,105287919.0,1952765549.0,0.004580541685908246,11.191999999999998,11.248,11.205,11.684166666666668,55.714285157142854,8781037.5,11.782,11.309999999999999,False,True,11.45,100807039.47999999,98502468.324
2021-05-27,11.24,11.49,11.23,11.49,15801083.0,188088622.0,1952765549.0,0.008091643673297925,11.239999999999998,11.285999999999998,11.216,11.670666666666667,58.10810755843682,9105456.85,11.763666666666666,11.281,False,False,11.45,181554443.67000002,102332486.3115
2021-05-28,11.49,11.59,11.36,11.41,11101675.0,132436824.0,1952765549.0,0.005685103880332744,11.313999999999998,11.307,11.23,11.650166666666667,61.87050297396615,9258728.45,11.742,11.2495,False,False,11.49,126670111.75,104193822.66950001
2021-05-31,11.44,11.5,11.34,11.36,10760473.0,127709361.0,1952765549.0,0.0055103762996589,11.357999999999999,11.298,11.231,11.628333333333334,60.139859551078246,9365289.8,11.721166666666669,11.228,False,False,11.49,122238973.28,105412988.8515
2021-06-01,11.41,11.55,11.33,11.49,13745982.0,164266841.0,1952765549.0,0.007039238277753946,11.404,11.305,11.244,11.608333333333333,64.70588176086122,9684534.85,11.700666666666669,11.213,False,False,11.49,157941333.18,109176808.529
2021-06-02,11.47,11.49,11.24,11.26,12125646.0,143435076.0,1952765549.0,0.006209473536753797,11.402000000000001,11.297,11.251999999999999,11.588833333333334,54.437869371520605,9884290.5,11.684166666666668,11.205,False,False,11.49,136534773.96,111491101.41199999
2021-06-03,11.25,11.59,11.22,11.45,19360510.0,231813099.0,1952765549.0,0.009914405756448544,11.394,11.316999999999998,11.269,11.569666666666668,56.98323977778471,10555117.5,11.670666666666667,11.216,False,False,11.49,221677839.5,119273118.052
2021-06-04,11.41,11.59,11.39,11.55,15363309.0,184523930.0,1952765549.0,0.007867462127170086,11.422,11.368,11.284,11.554833333333333,53.04878003494947,10866013.6,11.650166666666667,11.23,False,False,11.49,177446218.95000002,123001148.812
2021-06-07,11.67,11.79,11.59,11.59,18692945.0,227563809.0,1952765549.0,0.009572549561606384,11.468,11.413,11.3095,11.544166666666667,55.151514683562894,11390856.25,11.628333333333334,11.231,False,False,11.55,216651232.55,129293075.4715
2021-06-08,11.61,11.72,11.55,11.64,15411097.0,187125094.0,1952765549.0,0.00789193408696294,11.498000000000001,11.450999999999999,11.338,11.539166666666667,59.259258747142205,11780786.95,11.608333333333333,11.244,False,False,11.59,179385169.08,134048824.585
2021-06-09,11.62,11.78,11.51,11.53,18491241.0,224246543.0,1952765549.0,0.0094692581039589,11.552000000000001,11.477,11.3625,11.5315,58.53658486615105,12349275.1,11.588833333333334,11.251999999999999,False,False,11.64,213204008.73,140777969.1655
2021-06-10,11.41,11.67,11.4,11.64,23308889.0,280868582.0,1952765549.0,0.01193634792048454,11.59,11.492,11.389,11.524,69.48051884887838,13158816.25,11.569666666666668,11.269,False,False,11.64,271315467.96000004,150389656.9005
2021-06-11,11.54,11.63,11.04,11.05,50325409.0,590525801.0,1952765549.0,0.025771352339645358,11.49,11.456,11.381499999999999,11.505666666666666,47.783250901987444,15266430.75,11.554833333333333,11.284,False,False,11.64,556095769.45,173617498.733
2021-06-15,11.08,11.17,10.86,10.93,18620287.0,213490507.0,1952765549.0,0.00953534181793372,11.358,11.413,11.3555,11.4875,41.87192089349416,15329874.05,11.544166666666667,11.3095,True,False,11.64,203519736.91,173859797.056
2021-06-16,10.91,11.24,10.89,10.99,22510834.0,258739150.0,2281482029.0,0.009866759287982101,11.228,11.363,11.334,11.470333333333334,43.2692304779956,16053454.7,11.539166666666667,11.338,True,True,11.64,247394065.66,181639105.14800003
2021-06-17,10.91,11.1,10.91,11.06,17648573.0,202946451.0,2281482029.0,0.007735573971509902,11.134,11.343,11.32,11.455999999999998,38.860103345056295,16602861.25,11.5315,11.3625,True,True,11.64,195193217.38,187622295.403
2021-06-18,11.06,11.14,10.98,11.09,13277158.0,153309730.0,2281482029.0,0.005819532142367798,11.024,11.306999999999999,11.312000000000001,11.442166666666667,41.48936139316435,16929002.1,11.524,11.389,True,True,11.64,147243682.22,191185162.7015
2021-06-21,11.09,11.11,10.94,10.97,15014591.0,172381968.0,2281482029.0,0.00658106915116972,11.008000000000001,11.248999999999999,11.3085,11.426833333333333,39.99999971282057,17120008.7,11.505666666666666,11.381499999999999,True,True,11.64,164710063.27,193241324.497
2021-06-22,10.94,11.05,10.94,10.99,12959530.0,148327637.0,2281482029.0,0.005680312110843281,11.02,11.189000000000002,11.300999999999998,11.413666666666668,36.413043201205134,17225160.4,11.4875,11.3555,True,True,11.64,142425234.7,194315517.95999998
2021-06-23,10.95,11.12,10.79,11.08,26704826.0,304021310.0,2281482029.0,0.011705034561111593,11.038,11.133,11.292,11.405833333333332,44.705881984775104,18008439.1,11.470333333333334,11.334,True,True,11.64,295889472.08,202894892.688
2021-06-24,11.05,11.28,11.01,11.22,25715967.0,299862538.0,2281482029.0,0.011271606207335153,11.07,11.102,11.2895,11.4,43.03030266519748,18847001.25,11.455999999999998,11.32,True,True,11.64,288533149.74,212281198.201
2021-06-25,11.22,11.25,11.07,11.12,16347173.0,189784840.0,2281482029.0,0.007165155277232297,11.076,11.05,11.271,11.3845,36.969696656014676,18874305.75,11.442166666666667,11.312000000000001,True,True,11.64,181780563.76,212292504.2055
2021-06-28,11.13,11.25,11.11,11.12,14046686.0,163460181.0,2281482029.0,0.006156825178306061,11.105999999999998,11.056999999999999,11.2565,11.370333333333333,35.40372640021606,19021556.3,11.426833333333333,11.3085,True,True,11.64,156199148.32,213768956.034
2021-06-29,11.12,11.14,10.9,10.91,14557931.0,166296096.0,2281482029.0,0.006380909783620303,11.09,11.055,11.234,11.357,29.378530841073797,19211429.2,11.413666666666668,11.300999999999998,True,True,11.64,158827027.21,215598358.73049998
2021-06-30,10.91,10.97,10.87,10.93,11932287.0,135793614.0,2281483491.0,0.005230056253779835,11.06,11.049000000000001,11.206,11.343166666666667,32.14285687500002,19120744.45,11.405833333333332,11.292,True,True,11.64,130419896.91,214222286.917
2021-07-01,10.93,10.95,10.71,10.72,18589216.0,209436401.0,2281483491.0,0.00814786347274954,10.959999999999999,11.015,11.178999999999998,11.326333333333334,24.15730318078525,19443922.95,11.4,11.2895,True,True,11.64,199276395.52,217359367.99500003
2021-07-02,10.72,10.78,10.56,10.6,18080416.0,200624917.0,2281483491.0,0.007924850682165203,10.856,10.966,11.136500000000002,11.306666666666667,32.82442713012058,19379918.25,11.3845,11.271,True,True,11.64,191652409.6,215858096.5
2021-07-05,10.6,10.67,10.56,10.64,9608109.0,106343694.0,2281483491.0,0.004211342767941159,10.760000000000002,10.933,11.091,11.287333333333333,38.21138167889489,19092158.25,11.370333333333333,11.2565,True,True,11.64,102230279.76,212097299.5405
2021-07-06,10.95,11.16,10.94,11.01,33546426.0,386597685.0,2281483491.0,0.014703777665862583,10.78,10.934999999999999,11.062000000000001,11.2745,50.649350188902,19834832.3,11.357,11.234,True,True,11.64,369346150.26,219732045.42600003
2021-07-07,11.03,11.49,11.02,11.35,42027930.0,494937814.0,2281483491.0,0.018421316729133413,10.864,10.962,11.047500000000001,11.268666666666666,58.01104927505265,21165673.95,11.343166666666667,11.206,True,True,11.64,477017005.5,234613637.24700004
2021-07-08,11.34,11.42,11.22,11.36,27946320.0,329436212.0,2281483491.0,0.012249187912269666,10.992,10.975999999999999,11.039,11.265333333333333,57.541898991292406,21638427.9,11.326333333333334,11.178999999999998,False,True,11.64,317470195.2,239826946.5705
2021-07-09,11.3,11.63,11.26,11.56,31233743.0,373764551.0,2281483491.0,0.013690102568443262,11.184000000000001,11.02,11.035,11.265333333333334,65.77540057708255,22034670.6,11.306666666666667,11.136500000000002,False,False,11.64,361062069.08000004,244314276.62649998
2021-07-12,11.63,11.76,11.51,11.57,29154440.0,352685575.0,2281483491.0,0.012778720562742832,11.37,11.065000000000001,11.061,11.263,65.59139735576366,20976122.15,11.287333333333333,11.091,False,False,11.56,337316870.8,233375331.694
2021-07-13,11.57,11.76,11.51,11.63,23650549.0,286889270.0,2281483491.0,0.010366302931095809,11.494,11.137,11.096,11.261666666666665,65.0273219068948,21227635.25,11.2745,11.062000000000001,False,False,11.57,275055884.87,236952139.092
2021-07-14,11.64,11.8,11.56,11.62,26503960.0,322577564.0,2281483491.0,0.011616985222357675,11.547999999999998,11.206,11.1275,11.262666666666666,61.76470537370236,21427291.55,11.268666666666666,11.047500000000001,False,False,11.63,307976015.2,239981236.569
2021-07-15,11.59,11.68,11.38,11.63,25977163.0,311558976.0,2281483491.0,0.011386084143266764,11.602,11.297,11.156,11.261999999999999,65.83850874426145,21843721.05,11.265333333333333,11.039,False,False,11.63,302114405.69,245327295.98450002
2021-07-16,11.63,11.77,11.56,11.59,17811492.0,216162688.0,2281483491.0,0.00780697825351917,11.608,11.396,11.181,11.258000000000001,64.242423697337,22070437.75,11.265333333333334,11.035,False,False,11.63,206435192.28,248286871.4875
2021-07-19,11.56,11.73,11.33,11.65,23013297.0,276400571.0,2281483491.0,0.010086988177114975,11.623999999999999,11.497,11.215,11.257666666666665,74.66666596977771,22470373.05,11.263,11.061,False,False,11.63,268104910.05,253456613.82650003
2021-07-20,11.56,11.75,11.53,11.62,16315341.0,197894206.0,2281483491.0,0.007151198360347898,11.622,11.558,11.246500000000001,11.2585,72.8476814437962,22638163.6,11.261666666666665,11.096,False,False,11.65,189584262.42,255814565.2125
2021-07-21,11.62,11.65,11.43,11.54,18545009.0,223240528.0,2281483491.0,0.008128487045011012,11.605999999999998,11.577000000000002,11.269499999999999,11.258166666666666,79.71014411888237,22230172.75,11.262666666666666,11.1275,False,False,11.65,214009403.85999998,251720561.8015
2021-07-22,11.58,11.67,11.46,11.65,19331662.0,231903125.0,2281483491.0,0.008473285945859162,11.61,11.606,11.291,11.261833333333334,88.3211669806594,21910957.5,11.261999999999999,11.156,False,False,11.65,225213862.3,248554597.4295
2021-07-23,11.62,11.72,11.48,11.48,17524005.0,209830735.0,2281483491.0,0.007680969452169488,11.588,11.598,11.309000000000001,11.265333333333334,77.99999927199987,21969799.1,11.258000000000001,11.181,False,False,11.65,201175577.4,249524348.11149997
2021-07-26,11.48,11.5,10.99,11.1,25104928.0,291567153.0,2281483491.0,0.011003773684549533,11.478,11.550999999999998,11.308,11.264833333333334,52.980131959124584,22522711.2,11.257666666666665,11.215,False,False,11.65,278664700.8,255647625.7355
2021-07-27,11.09,11.84,11.08,11.58,45496631.0,546649719.0,2281483491.0,0.01994168758155612,11.47,11.546000000000001,11.3415,11.268833333333333,56.969696486317694,24069646.2,11.2585,11.246500000000001,True,False,11.65,526850986.98,274048823.724
2021-07-28,11.54,12.22,11.26,12.11,85947336.0,1063609717.0,2281483491.0,0.037671688766999716,11.584,11.594999999999999,11.400500000000001,11.2835,67.2811055567117,27770398.65,11.258166666666666,11.269499999999999,False,True,11.65,1040822238.9599999,319568940.8265
2021-07-29,12.22,12.59,12.03,12.42,77276418.0,984260276.0,2281483491.0,0.03387112740672468,11.738,11.674,11.4855,11.305499999999999,68.85964869998453,30704758.75,11.261833333333334,11.291,False,False,12.11,959773111.56,357593776.6285
2021-07-30,12.11,12.4,11.93,12.29,55293919.0,699995176.0,2281483491.0,0.024235949643345456,11.9,11.744,11.569999999999999,11.325166666666666,64.99999962083325,32565433.9,11.265333333333334,11.309000000000001,False,False,12.42,679562264.51,381989269.374
2021-08-02,12.31,12.99,12.28,12.81,69297487.0,916684157.0,2281483491.0,0.03037387176955908,12.241999999999999,11.86,11.6785,11.351166666666666,70.62937028363237,35549902.8,11.264833333333334,11.308,False,False,12.42,887700808.47,421262795.8095
2021-08-03,12.88,13.11,12.61,12.64,53679469.0,712119075.0,2281483491.0,0.023528317961429422,12.453999999999999,11.962,11.760000000000002,11.377166666666666,66.88741690846891,36556554.95,11.268833333333333,11.3415,False,False,12.81,678508488.1600001,436720912.7045
2021-08-04,12.72,12.8,12.53,12.58,38896140.0,509125104.0,2281483491.0,0.017048617775862748,12.548,12.065999999999999,11.821499999999999,11.402333333333333,65.47231240501222,36399965.45,11.2835,11.400500000000001,False,False,12.81,489313441.2,437335734.4894999
2021-08-05,12.47,12.77,12.35,12.38,35521819.0,459873844.0,2281483491.0,0.015569614744146311,12.540000000000001,12.139,11.8725,11.424666666666667,62.229101897458996,36778740.4,11.305499999999999,11.4855,False,False,12.81,439760119.22,443450230.69049996
2021-08-06,12.38,12.81,12.36,12.71,42129055.0,551213839.0,2281483491.0,0.018465640959573353,12.624,12.262,11.93,11.451333333333334,65.1428568822857,37323506.0,11.325166666666666,11.569999999999999,False,False,12.81,535460289.05,452170141.689
2021-08-09,12.77,12.82,12.46,12.65,30423322.0,398034634.0,2281483491.0,0.013334885884563255,12.592,12.417,11.984,11.4755,64.58923487131747,37386950.1,11.351166666666666,11.6785,False,False,12.81,384855023.3,454547049.314
2021-08-10,12.6,12.66,12.27,12.44,34143635.0,440254673.0,2281483491.0,0.014965541120367458,12.552000000000001,12.503,12.0245,11.491999999999999,62.2950817289259,37911604.4,11.377166666666666,11.760000000000002,False,False,12.81,424746819.4,462031596.0405
2021-08-11,12.37,12.6,12.23,12.42,31847256.0,410084751.0,2281483491.0,0.013959012250420006,12.52,12.533999999999999,12.0645,11.508666666666667,60.784313487120315,38178769.2,11.402333333333333,11.821499999999999,False,False,12.81,395542919.52,466409941.25649995
2021-08-12,12.38,12.53,12.29,12.43,23258032.0,299931887.0,2281483491.0,0.010194258293670905,12.53,12.535,12.104499999999998,11.526833333333334,63.92961850586079,38042812.65,11.424666666666667,11.8725,False,False,12.81,289097337.76,465759087.86
2021-08-13,12.56,12.65,12.17,12.24,31225460.0,400175772.0,2281483491.0,0.013686472035926734,12.435999999999998,12.53,12.137,11.543333333333333,67.70186305968133,38713511.05,11.451333333333334,11.93,False,False,12.81,382199630.40000004,474547309.766
2021-08-16,12.16,12.35,12.03,12.18,24081854.0,304613140.0,2281483491.0,0.010555348787312352,12.341999999999999,12.467,12.1635,11.562333333333331,60.714285410714275,38766938.9,11.4755,11.984,False,False,12.81,293316981.71999997,475807913.3495
2021-08-17,12.16,12.4,11.85,11.85,29520303.0,370099446.0,2281483491.0,0.01293908245071759,12.224,12.388,12.175,11.574166666666665,44.99999975769232,39427187.0,11.491999999999999,12.0245,False,False,12.81,349815590.55,483819479.75600004
2021-08-18,11.81,12.03,11.64,12.02,21922531.0,270555071.0,2281483491.0,0.00960889311120595,12.144,12.331999999999999,12.199000000000002,11.586833333333333,41.86991846090291,39596063.1,11.508666666666667,12.0645,True,False,12.81,263508822.62,486294450.69399995
2021-08-19,12.01,12.13,11.94,12.02,15884952.0,198255443.0,2281483491.0,0.006962553997284217,12.062,12.296000000000001,12.2175,11.599333333333334,44.206008318075504,39423727.6,11.526833333333334,12.104499999999998,True,True,12.81,190937123.04,484580613.73100007
2021-08-20,11.95,11.98,11.76,11.9,16309217.0,200492740.0,2281483491.0,0.007148514141932925,11.994,12.215,12.2385,11.606166666666667,26.424870274638238,39362988.2,11.543333333333333,12.137,True,True,12.81,194079682.3,484225818.97599995
2021-08-23,11.93,12.28,11.9,12.27,22815136.0,287574745.0,2281483491.0,0.010000131971149994,12.012,12.177000000000001,12.297,11.6205,41.31455371905925,39248498.6,11.562333333333331,12.1635,True,True,12.81,279941718.71999997,484289669.87200004
2021-08-24,12.27,12.34,12.14,12.19,24713168.0,313527165.0,2281483491.0,0.01083206084878043,12.08,12.152000000000001,12.3275,11.634333333333332,40.93023229161708,38209325.45,11.574166666666665,12.175,True,True,12.81,301253517.92,473009796.419
2021-08-25,12.16,12.23,11.85,11.96,26791120.0,333239529.0,2281483491.0,0.011742850695911522,12.068,12.106,12.32,11.642166666666666,40.36697221782678,35251514.65,11.586833333333333,12.199000000000002,True,True,12.81,320421795.20000005,436989774.23100007
2021-08-26,11.86,12.1,11.82,11.86,15482538.0,191662739.0,2281483491.0,0.006786171392900954,12.036,12.049,12.292,11.652166666666666,28.205128002629806,32161820.65,11.599333333333334,12.2175,True,True,12.81,183622900.67999998,398182263.687
2021-08-27,11.82,12.03,11.68,12.0,20853131.0,256393558.0,2281483491.0,0.009140163004580776,12.056000000000001,12.025,12.2775,11.661333333333333,33.990147548836404,30439781.25,11.606166666666667,12.2385,True,True,12.81,250237572.0,376716029.06149995
2021-08-30,12.05,12.17,11.76,11.78,22098004.0,274198571.0,2281483491.0,0.009685804910345503,11.958,11.985,12.226,11.665166666666666,33.823529179642435,28079807.1,11.6205,12.297,True,True,12.81,260314487.11999997,345346712.994
2021-08-31,11.71,11.84,11.66,11.79,19015092.0,231569876.0,2281483491.0,0.00833452973690617,11.878,11.979,12.183499999999999,11.6685,34.482758382877506,26346588.25,11.634333333333332,12.3275,True,True,12.71,224187934.67999998,322630685.32
2021-09-01,11.75,12.13,11.68,12.11,32746241.0,406415342.0,2281483491.0,0.0143530475364724,11.908,11.988,12.16,11.676333333333332,43.16239290415662,26039093.3,11.642166666666666,12.32,True,True,12.71,396556978.51,317992862.1855
2021-09-02,12.1,12.48,11.98,12.45,43627221.0,557003142.0,2281483491.0,0.019122304050018656,12.026,12.030999999999999,12.163499999999999,11.691666666666666,54.216867165045706,26444363.4,11.652166666666666,12.292,True,True,12.71,543158901.4499999,323162801.297
2021-09-03,12.52,12.53,12.29,12.35,28900336.0,371509254.0,2281483491.0,0.01266734390759613,12.096,12.076,12.1455,11.7035,53.35968349919543,25782927.45,11.661333333333333,12.2775,False,True,12.71,356919149.59999996,314235744.32449996
2021-09-06,12.43,12.86,12.36,12.82,60524364.0,797300881.0,2281483491.0,0.026528512802637676,12.303999999999998,12.131,12.154,11.732999999999999,68.16479365007226,27287979.55,11.665166666666666,12.226,False,False,12.65,775922346.48,333789110.4835
2021-09-07,12.88,13.48,12.88,12.96,104355933.0,1423121348.0,2281483491.0,0.04574038489064833,12.538,12.208,12.18,11.766833333333333,67.8030299434688,30798594.45,11.6685,12.183499999999999,False,False,12.82,1352452891.68,380174414.09749997
2021-09-08,13.09,13.33,12.84,13.29,68540184.0,932997396.0,2281483491.0,0.03004193730543194,12.774,12.341,12.2235,11.805166666666667,71.38047104399779,32633240.85,11.676333333333332,12.16,False,False,12.96,910899045.3599999,405942220.3895
2021-09-09,13.29,13.86,13.07,13.37,86492931.0,1211059515.0,2281483491.0,0.037910829221950305,12.958000000000002,12.492,12.2705,11.843666666666667,75.08532387331243,35794985.8,11.691666666666666,12.163499999999999,False,False,13.29,1156410487.47,449307877.875
2021-09-10,13.3,13.44,13.08,13.14,50393409.0,690330680.0,2281483491.0,0.02208800072356079,13.116,12.606,12.3155,11.877833333333333,65.59139752032993,36753383.25,11.7035,12.1455,False,False,13.37,662169394.26,463306366.068
2021-09-13,13.23,13.26,12.92,13.01,42152973.0,570326004.0,2281483491.0,0.018476124489300545,13.154,12.729,12.357,11.911833333333334,64.43661940066457,37656939.2,11.732999999999999,12.154,False,False,13.37,548410178.73,476061025.91850007
2021-09-14,13.07,13.17,12.54,12.6,50181450.0,666921015.0,2281483491.0,0.02199509669824738,13.081999999999999,12.809999999999999,12.394499999999999,11.938666666666666,60.59602620915747,38689996.55,11.766833333333333,12.18,False,False,13.37,632286270.0,490184559.891
2021-09-15,12.58,13.06,12.54,12.87,39039954.0,519148534.0,2281483491.0,0.0171116530774844,12.998,12.886,12.437,11.9685,65.83072071422254,39545867.7,11.805166666666667,12.2235,False,False,13.37,502444207.97999996,502131329.15900004
2021-09-16,12.77,13.14,12.73,12.95,48348580.0,650152926.0,2281483491.0,0.021191729061694097,12.913999999999998,12.936000000000002,12.483500000000001,11.997333333333334,65.17571855831946,41169049.1,11.843666666666667,12.2705,False,False,13.37,626114111.0,523890178.557
2021-09-17,12.73,13.43,12.72,13.23,60732884.0,832464329.0,2281483491.0,0.026619909475382657,12.931999999999999,13.023999999999997,12.55,12.0325,72.7272724080935,43390232.45,11.877833333333333,12.3155,False,False,13.37,803496055.32,554360997.208
2021-09-22,13.14,13.54,13.14,13.47,57904650.0,801438109.0,2281483491.0,0.025380262547777515,13.024000000000001,13.088999999999999,12.61,12.071666666666665,74.56140320354983,45144708.15,11.911833333333334,12.357,False,False,13.37,779975635.5,579362693.0469999
2021-09-23,13.42,13.58,13.21,13.34,52091153.0,723617596.0,2281483491.0,0.022832141107086364,13.172,13.126999999999999,12.6675,12.112166666666667,69.04024737877293,46513607.4,11.938666666666666,12.394499999999999,False,False,13.47,694895981.02,599044816.2019999
2021-09-24,13.32,13.4,12.93,13.17,44739948.0,609835019.0,2281483491.0,0.019610024870436372,13.232,13.115,12.727999999999998,12.1495,61.764705599769336,47411048.8,11.9685,12.437,False,False,13.47,589225115.16,612484982.2
2021-09-27,13.3,13.4,12.59,12.84,41305260.0,553475753.0,2281483491.0,0.018104562300337065,13.209999999999999,13.062000000000001,12.777,12.184833333333332,57.4468082661838,48702184.9,11.997333333333334,12.483500000000001,False,False,13.47,530359538.4,629821814.086
2021-09-28,12.84,13.54,12.73,13.54,68279872.0,942165340.0,2281483491.0,0.029927839613720877,13.272,13.101999999999999,12.854,12.233833333333335,60.22727248773243,51073521.95,12.0325,12.55,False,False,13.47,924509466.88,663535408.83
2021-09-29,13.44,13.46,12.99,13.0,47581073.0,649347556.0,2281483491.0,0.02085532206903881,13.178,13.100999999999999,12.915000000000001,12.273166666666667,50.51020390123906,52347675.4,12.071666666666665,12.61,False,False,13.54,618553949.0,681447381.924
2021-09-30,13.13,13.44,12.82,13.3,40244985.0,549591017.0,2281486498.0,0.017639808535040474,13.169999999999998,13.171000000000001,12.9905,12.311333333333332,50.128534523959026,53409170.05,12.112166666666667,12.6675,False,False,13.54,535258300.5,697000900.215
2021-10-08,13.48,13.54,12.92,13.01,39913845.0,544434930.0,2281486498.0,0.01749466632171145,13.138,13.184999999999999,13.035499999999999,12.339,45.60975594182036,53767550.25,12.1495,12.727999999999998,False,False,13.54,519279123.45,703137007.462
2021-10-11,13.45,14.31,13.42,14.31,149254062.0,2165765006.0,2281486498.0,0.06541965605794263,13.431999999999999,13.321000000000002,13.128499999999999,12.388166666666669,61.31528029817912,59048892.3,12.184833333333332,12.777,True,False,13.54,2135825627.22,782770343.7505
2021-10-12,14.44,14.7,14.12,14.17,171541954.0,2565556550.0,2281486498.0,0.0751886781492581,13.557999999999998,13.415000000000001,13.2195,12.431666666666667,61.19691103151414,66180973.2,12.233833333333335,12.854,False,True,14.31,2430749488.18,886461860.6795
2021-10-13,14.24,14.53,13.8,14.18,76326587.0,1111956015.0,2281486498.0,0.03345476165075249,13.794,13.486,13.2875,12.475166666666667,66.52719645787013,66971084.35,12.273166666666667,12.915000000000001,False,False,14.31,1082311003.66,901781293.5385001
2021-10-14,13.99,14.38,13.82,13.97,48401196.0,706854670.0,2281486498.0,0.021214763288070967,13.928,13.549000000000001,13.338,12.514166666666666,61.652542190013655,64173347.5,12.311333333333332,12.9905,False,False,14.31,676164708.12,867966884.3605
2021-10-15,14.07,14.29,13.71,14.05,64736679.0,944107121.0,2281486498.0,0.028374780677750913,14.136,13.637,13.376,12.554666666666668,61.652542190013655,63983172.25,12.339,13.035499999999999,False,False,14.31,909550339.95,867899449.0899999
2021-10-18,14.12,14.39,13.85,14.09,54137864.0,791844748.0,2281486498.0,0.023729206395680366,14.092000000000002,13.762,13.412,12.595666666666666,59.59821409946986,62365418.9,12.388166666666669,13.128499999999999,False,False,14.31,762802503.76,848219049.9045
2021-10-19,14.34,14.34,13.65,13.8,67977748.0,980017414.0,2281486498.0,0.029795375979472485,14.018,13.788,13.444999999999999,12.6325,53.642383940178064,63244635.85,12.431666666666667,13.2195,False,False,14.31,938092922.4000001,862015226.3115
2021-10-20,13.87,14.6,13.81,14.18,78127303.0,1155007291.0,2281486498.0,0.03424403478542962,14.018,13.906,13.503499999999999,12.674666666666667,58.78661070648273,65043352.35,12.475166666666667,13.2875,False,False,14.31,1107845156.54,889986975.202
2021-10-21,14.11,14.16,13.74,13.81,49214770.0,709252493.0,2281486498.0,0.021571361497489783,13.986,13.956999999999999,13.563999999999998,12.711166666666667,56.42570265261852,64995018.35,12.514166666666666,13.338,False,False,14.31,679655973.7,892355460.3870001
2021-10-22,13.76,13.95,13.64,13.85,35150440.0,503433925.0,2281486498.0,0.015406814824814274,13.946000000000002,14.041,13.613,12.749666666666664,60.767590436941106,64800542.65,12.554666666666668,13.376,False,False,14.31,486833594.0,891574929.6880001
2021-10-25,13.88,13.99,13.52,13.93,34004089.0,486714052.0,2281486498.0,0.014904356887410342,13.914000000000001,14.003,13.662,12.787666666666667,54.79115460268401,64083318.1,12.595666666666666,13.412,False,False,14.31,473676959.77,883953072.1264999
2021-10-26,13.97,14.17,13.74,14.09,52870272.0,768977705.0,2281486498.0,0.023173607227720706,13.972,13.995000000000001,13.705000000000002,12.831166666666666,64.76964745073847,63690187.5,12.6325,13.444999999999999,False,False,14.31,744942132.48,881025375.9845002
2021-10-27,14.03,14.09,13.8,13.91,34484444.0,497261884.0,2281486498.0,0.015114901635503783,13.918000000000001,13.968,13.727,12.878000000000002,58.543417137364756,62519177.2,12.674666666666667,13.503499999999999,False,False,14.31,479678616.04,866010525.0115
2021-10-28,13.93,14.46,13.88,14.19,79865425.0,1174145940.0,2281486498.0,0.035005872298613974,13.994,13.99,13.769500000000003,12.9215,66.57303344606112,63907890.8,12.711166666666667,13.563999999999998,False,False,14.31,1133290380.75,887930244.9979999
2021-10-29,14.28,14.74,14.05,14.65,83345161.0,1251174542.0,2281486498.0,0.03653107790603282,14.154,14.05,13.8435,12.963833333333334,56.24999971047795,65838151.45,12.749666666666664,13.613,False,False,14.31,1221006608.65,919519319.6725
2021-11-01,14.9,15.6,14.89,15.36,175031741.0,2796709545.0,2281486498.0,0.07671828921776946,14.440000000000001,14.177000000000001,13.9695,13.012833333333333,68.0851060932549,72524475.5,12.787666666666667,13.662,False,False,14.65,2688487541.7599998,1027425719.8404999
2021-11-02,15.51,16.55,15.29,15.41,175197641.0,2868866434.0,2281486498.0,0.07679100496697307,14.703999999999999,14.338,14.062999999999999,13.064833333333333,68.46846818061309,77870363.95,12.831166666666666,13.705000000000002,False,False,15.36,2699795647.81,1116190028.887
2021-11-03,15.42,15.42,14.64,14.8,103615771.0,1604401957.0,2281486498.0,0.04541590366229728,14.882,14.4,14.153,13.098,61.12600513250294,80672098.85,12.878000000000002,13.727,False,False,15.41,1533513410.8000002,1161938001.977
2021-11-04,14.79,16.04,14.72,15.69,156503375.0,2540306808.0,2281486498.0,0.06859710769149596,15.181999999999999,14.588,14.272499999999999,13.148833333333334,68.06167379892877,86485018.35,12.9215,13.769500000000003,False,False,15.41,2455537953.75,1257951984.6395001
2021-11-05,15.56,15.65,15.14,15.2,94818060.0,1513629562.0,2281486498.0,0.041559772579464985,15.291999999999998,14.722999999999999,14.382,13.192499999999999,61.122244317492715,89230229.1,12.963833333333334,13.8435,False,False,15.69,1441234512.0,1304049754.067
2021-11-08,15.04,15.35,14.73,14.88,73749432.0,1146306021.0,2281486498.0,0.032325166975412885,15.196000000000002,14.818000000000001,14.410500000000003,13.234166666666665,60.756971942112045,85454997.6,13.012833333333333,13.9695,False,False,15.69,1097391548.16,1252128050.1139998
2021-11-09,14.94,15.61,14.89,15.04,72928986.0,1149498385.0,2281486498.0,0.03196555669469493,15.122,14.913,14.453999999999999,13.273,58.958333161371534,80524349.2,13.064833333333333,14.062999999999999,False,False,15.69,1096851949.4399998,1185433173.177
2021-11-10,14.9,15.34,14.66,15.31,62013228.0,966448727.0,2281486498.0,0.027181062896651866,15.224,15.053,14.510499999999999,13.317333333333332,65.95744661204166,79808681.25,13.098,14.153,False,False,15.69,949422520.6800001,1178788749.0279999
2021-11-11,15.13,15.61,14.88,15.33,64339878.0,1020839042.0,2281486498.0,0.02820085854393691,15.152000000000001,15.166999999999998,14.5785,13.3655,65.81196561509243,80605615.35,13.148833333333334,14.272499999999999,False,False,15.69,986330329.74,1194297030.109
2021-11-12,15.26,16.26,15.23,15.84,107117751.0,1770234699.0,2281486498.0,0.046950859053473126,15.279999999999998,15.285999999999998,14.668000000000001,13.422499999999998,68.68884521298557,82724668.95,13.192499999999999,14.382,False,False,15.69,1696745175.84,1233656771.9035
2021-11-15,15.92,16.19,15.66,15.93,70758923.0,1167435662.0,2281486498.0,0.031014394808835725,15.49,15.343,14.76,13.480833333333333,68.25396806437391,83555721.9,13.234166666666665,14.410500000000003,False,False,15.84,1127189643.3899999,1251876128.885
2021-11-16,16.01,16.49,15.82,16.36,104875783.0,1766218276.0,2281486498.0,0.04596818043496482,15.754000000000001,15.437999999999999,14.888,13.5495,73.15689961735416,85400623.65,13.273,14.453999999999999,False,False,15.93,1715767809.8799999,1290759873.259
2021-11-17,16.23,16.87,16.17,16.72,101389283.0,1748103841.0,2281486498.0,0.04444001009380508,16.036,15.63,15.015,13.625166666666667,73.556796828716,86563722.65,13.317333333333332,14.510499999999999,False,False,16.36,1695228811.76,1320129056.02
2021-11-18,16.72,17.29,16.32,16.43,119194891.0,2073634434.0,2281486498.0,0.05224439903742091,16.256,15.703999999999999,15.146,13.701500000000001,67.11538443468936,90062728.7,13.3655,14.5785,False,False,16.72,1958372059.1299999,1384064860.2914999
2021-11-19,16.18,16.52,16.0,16.18,66538993.0,1117974610.0,2281486498.0,0.02916475423296588,16.324,15.802000000000001,15.2625,13.770833333333334,58.64978885630865,91632156.35,13.422499999999998,14.668000000000001,False,False,16.72,1076600906.74,1413553225.9284997
2021-11-22,16.18,16.63,15.97,16.45,69953598.0,1180945541.0,2281486498.0,0.030661412224583764,16.428,15.958999999999998,15.388499999999999,13.844666666666665,60.48387079702134,93429631.8,13.480833333333333,14.76,False,False,16.72,1150736687.1,1447406212.295
2021-11-23,16.46,16.47,16.08,16.1,51539530.0,864947285.0,2281486498.0,0.022590328737505418,16.376,16.065,15.489,13.914666666666667,63.8297870439113,93363094.7,13.5495,14.888,False,False,16.72,829786433.0000001,1451648427.3209999
2021-11-24,15.98,16.33,15.86,16.04,38659483.0,645669717.0,2281486498.0,0.016944866004637647,16.24,16.137999999999998,15.595499999999998,13.9775,54.52196362705232,93571846.65,13.625166666666667,15.015,False,False,16.72,620098107.3199999,1458669401.885
2021-11-25,16.1,16.13,15.8,15.84,37356786.0,616767556.0,2281486498.0,0.016373879938692496,16.122,16.189,15.678,14.038333333333334,58.938547255547604,91446414.7,13.701500000000001,15.146,False,False,16.72,591731490.24,1431591457.3595
2021-11-26,15.83,16.11,15.77,15.86,38677426.0,639304608.0,2281486498.0,0.016952730613968334,16.058,16.191,15.738499999999998,14.103333333333333,64.93902411306513,89213027.95,13.770833333333334,15.2625,False,False,16.72,613423976.36,1401212325.745
2021-11-29,15.64,15.77,15.03,15.32,87171981.0,1389110786.0,2281486498.0,0.038208414152973,15.831999999999999,16.130000000000003,15.736500000000001,14.161,53.825136406133375,84820039.95,13.844666666666665,15.388499999999999,False,False,16.72,1335474748.92,1333561686.1030002
2021-11-30,15.46,15.97,15.37,15.88,77542837.0,1270928602.0,2281486498.0,0.03398785706949207,15.788,16.082,15.760000000000002,14.225666666666665,57.21518967062972,79937299.75,13.914666666666667,15.489,True,False,16.72,1231380251.56,1260140916.2905
2021-12-01,15.78,15.95,15.52,15.54,43820719.0,711239502.0,2281486498.0,0.01920709109539512,15.687999999999999,15.964000000000002,15.797,14.288333333333334,52.459016221445836,76947547.15,13.9775,15.595499999999998,False,True,16.72,680973973.26,1217513944.4135
2021-12-02,15.54,15.67,15.18,15.49,39592980.0,633124814.0,2281486498.0,0.01735402775107723,15.618,15.870000000000001,15.787,14.35,45.40682398013241,71102027.4,14.038333333333334,15.678,True,False,16.72,613295260.2,1125401809.736
2021-12-03,15.49,15.49,14.03,14.45,129419114.0,1953980065.0,2281486498.0,0.05672578562855909,15.336000000000002,15.697,15.749500000000001,14.389000000000001,34.453781411270384,72832080.1,14.103333333333333,15.738499999999998,True,True,16.72,1870106197.3,1146845394.001
2021-12-06,14.42,14.59,14.19,14.28,46560763.0,695276485.0,2281486498.0,0.020408081766346706,15.128,15.48,15.7195,14.4195,26.888888805234558,71472646.65,14.161,15.736500000000001,True,True,16.72,664887695.64,1125220201.375
2021-12-07,14.29,14.39,13.77,14.37,61769872.0,905476399.0,2281486498.0,0.027074397351967146,14.825999999999999,15.306999999999999,15.686000000000002,14.453166666666666,22.222222148673495,70914690.95,14.225666666666665,15.760000000000002,True,True,16.72,887633060.64,1114759256.935
2021-12-08,14.29,14.6,14.24,14.46,40623449.0,609097469.0,2281486498.0,0.01780569336509832,14.61,15.149000000000001,15.6435,14.480500000000001,25.558312566298696,69845202.0,14.288333333333334,15.797,True,True,16.72,587415072.5400001,1096658884.528
2021-12-09,14.44,14.86,14.26,14.59,58444350.0,883490370.0,2281486498.0,0.025616785394624763,14.430000000000001,15.023999999999997,15.6065,14.507666666666667,29.667519075359266,69550425.6,14.35,15.787,True,True,16.72,852703066.5,1089977521.366
2021-12-10,14.5,14.8,14.39,14.58,39082506.0,593820353.0,2281486498.0,0.017130281522270925,14.456,14.896,15.5435,14.529166666666667,24.383561550309636,66148663.35,14.389000000000001,15.749500000000001,True,True,16.72,569822937.48,1033631409.448
2021-12-13,14.5,14.77,14.48,14.61,31685865.0,480249432.0,2281486498.0,0.013888254446290394,14.522,14.824999999999998,15.477499999999997,14.549833333333334,27.627627511475424,64195010.45,14.4195,15.7195,True,True,16.72,462930487.65,1000418451.661
2021-12-14,14.57,15.19,14.57,15.1,63725803.0,987712144.0,2281486498.0,0.027931702885756023,14.668000000000001,14.747,15.414499999999999,14.582500000000001,37.49999986037234,62137511.45,14.453166666666666,15.686000000000002,True,True,16.72,962259625.3,962743042.4319999
2021-12-15,15.04,15.24,14.87,14.89,45144597.0,705783551.0,2281486498.0,0.019787361020797065,14.754,14.681999999999999,15.322999999999999,14.613833333333332,37.40053036509087,59325277.15,14.480500000000001,15.6435,True,True,16.72,672203049.33,911591754.3104999
2021-12-16,14.91,15.15,14.88,15.01,32500116.0,505190398.0,2281486498.0,0.014245149392069731,14.838,14.633999999999997,15.251999999999999,14.654,39.01808771414645,54990538.4,14.507666666666667,15.6065,True,True,16.45,487826741.15999997,838064488.412
2021-12-17,14.56,15.02,14.25,14.67,59811779.0,909083338.0,2281486498.0,0.026216144190391786,14.856,14.656,15.176499999999999,14.684000000000001,41.14441401198316,54654177.7,14.529166666666667,15.5435,True,True,16.45,877438797.93,828106382.9715
2021-12-20,14.49,14.6,13.72,13.75,73807129.0,1071364781.0,2281486498.0,0.032350456189287516,14.684000000000001,14.603,15.0415,14.697333333333335,23.5732009106638,54846854.25,14.549833333333334,15.477499999999997,True,True,16.45,1014848023.75,821311949.804
2021-12-21,13.84,14.34,13.84,14.29,49664709.0,731541433.0,2281486498.0,0.02176857458658517,14.522,14.594999999999999,14.950999999999999,14.715,35.22458617183351,54753113.2,14.582500000000001,15.414499999999999,True,True,16.1,709708691.61,815308062.7344999
2021-12-22,14.32,14.57,14.24,14.32,25554289.0,381098578.0,2281486498.0,0.011200718927068575,14.408000000000001,14.581,14.865,14.729166666666666,36.1045129440705,54097853.5,14.613833333333332,15.322999999999999,True,True,16.04,365937418.48,802600028.2925
2021-12-23,14.51,14.7,14.18,14.31,33386335.0,499265120.0,2281486498.0,0.014633588684073816,14.268,14.553,14.788499999999999,14.745333333333333,47.79874192793009,53899330.95,14.654,15.251999999999999,True,True,15.88,477758453.85,796901376.4729999
2021-12-24,14.27,14.41,13.77,13.92,43185933.0,624962447.0,2281486498.0,0.018928857583797983,14.118,14.487,14.691500000000001,14.757833333333332,44.70588216885814,54124756.3,14.684000000000001,15.176499999999999,True,True,15.88,601148187.36,796287587.023
2021-12-27,13.91,14.1,13.65,13.71,39399933.0,565605420.0,2281486498.0,0.01726941318063413,14.11,14.397000000000002,14.610999999999999,14.772333333333334,40.62499983842331,51736153.9,14.697333333333335,15.0415,True,True,15.88,540173081.4300001,756522503.6485
2021-12-28,13.71,13.88,13.53,13.77,39798853.0,565198866.0,2281486498.0,0.017444264094873464,14.006,14.264,14.505499999999998,14.776166666666665,40.114613019597506,49848954.7,14.715,14.950999999999999,True,True,15.88,548030205.81,722355001.361
2021-12-29,13.74,14.14,13.65,14.05,48662389.0,705140956.0,2281486498.0,0.021329246981149567,13.951999999999998,14.180000000000001,14.431000000000001,14.793666666666667,42.58241741863906,50091038.2,14.729166666666666,14.865,True,True,15.54,683706565.45,722491630.9705
2021-12-30,14.02,14.12,13.86,13.94,29133658.0,422529283.0,2281486498.0,0.01276959474690698,13.878,14.072999999999999,14.3535,14.804333333333334,41.44385011224227,49568072.1,14.745333333333333,14.788499999999999,True,True,15.49,406123192.52,712133027.5865
2021-12-31,13.97,14.73,13.94,14.57,56220859.0,838849259.0,2281502200.0,0.024642035848135495,14.008000000000001,14.062999999999999,14.3595,14.830333333333334,49.53917034710868,45908159.35,14.757833333333332,14.691500000000001,True,True,15.1,819137915.63,659584613.503
2022-01-04,14.57,15.15,14.47,15.06,68592252.0,1056329402.0,2281502200.0,0.030064512758304594,14.278,14.193999999999999,14.398499999999999,14.842833333333333,49.53917034710868,47009733.8,14.772333333333334,14.610999999999999,False,True,15.1,1032999315.12,677990194.477
2022-01-05,15.06,15.18,14.77,14.87,41593843.0,645662773.0,2281502200.0,0.018230901990802375,14.498000000000001,14.252,14.423499999999999,14.8545,49.76851835723164,46000932.35,14.776166666666665,14.505499999999998,False,False,15.1,618500445.41,664533563.7155001
2022-01-06,14.79,14.89,14.42,14.73,32334424.0,491303380.0,2281502200.0,0.014172427271821171,14.634,14.293000000000001,14.437000000000001,14.863666666666667,46.77419339750261,45586481.1,14.793666666666667,14.431000000000001,False,False,15.1,476286065.52000004,658977113.3644999
2022-01-07,14.73,14.94,14.64,14.73,29990287.0,460246296.0,2281502200.0,0.0131449739561943,14.792000000000002,14.335000000000003,14.444000000000003,14.876333333333333,50.749999822375,44163777.95,14.804333333333334,14.3535,False,False,15.1,441756927.51,638429806.415
2022-01-10,14.66,14.89,14.51,14.77,29337457.0,448509931.0,2281502200.0,0.012858833535203253,14.831999999999999,14.419999999999998,14.4535,14.888333333333332,66.34615354844674,43676525.5,14.830333333333334,14.3595,False,False,15.1,433314239.89,631604371.5355
2022-01-11,14.72,14.83,14.51,14.6,22707935.0,345297506.0,2281502200.0,0.00995306294247711,14.74,14.509,14.453,14.896833333333335,55.636363353123976,43227629.0,14.842833333333333,14.398499999999999,False,False,15.1,331535851.0,625034639.7030001
2022-01-12,14.73,14.88,14.26,14.47,34023199.0,510775898.0,2281502200.0,0.014912630371340427,14.66,14.578999999999999,14.4215,14.907999999999998,52.63157868882734,41742498.8,14.8545,14.423499999999999,False,False,15.1,492315689.53000003,601537442.9145
2022-01-13,14.61,15.06,14.24,14.26,46859283.0,709212886.0,2281502200.0,0.020538784928631672,14.565999999999999,14.6,14.39,14.909333333333334,49.18032764310668,41828233.1,14.863666666666667,14.437000000000001,False,False,15.06,668213375.58,601337959.227
2022-01-14,14.13,14.46,13.88,14.28,29884587.0,440849790.0,2281502200.0,0.013098644831462359,14.475999999999999,14.634,14.353500000000002,14.917166666666667,56.71641761416796,41697456.65,14.876333333333333,14.444000000000003,True,False,15.06,426751902.35999995,598284217.287
2022-01-17,14.29,14.81,14.26,14.8,41875695.0,638872409.0,2281502200.0,0.01835443989490784,14.482,14.657,14.36,14.933,68.22742442970434,40800652.45,14.888333333333332,14.4535,True,True,15.06,619760286.0,585400291.6905
2022-01-18,14.8,14.95,14.66,14.81,29213537.0,448661329.0,2281502200.0,0.012804518444032182,14.524000000000001,14.632,14.413,14.947666666666667,67.68707450761256,38570972.85,14.896833333333335,14.453,False,True,15.06,432652482.97,556290514.6515
2022-01-19,14.78,14.88,14.56,14.8,25297940.0,386624639.0,2281502200.0,0.011088282097646016,14.59,14.625,14.4385,14.959499999999998,64.04494348440852,37352634.4,14.907999999999998,14.4215,False,False,15.06,374409512.0,539525555.671
2022-01-20,14.8,14.87,14.42,14.44,25799086.0,390565849.0,2281502200.0,0.011307938252262041,14.626,14.596,14.4445,14.968333333333334,58.561643554841424,37364874.25,14.909333333333334,14.39,False,False,15.06,372538801.84,539855624.839
2022-01-21,14.31,14.41,13.97,14.06,28774476.0,422072976.0,2281502200.0,0.012612074623465188,14.581999999999999,14.529,14.431999999999999,14.966166666666668,40.44943799015276,37134281.3,14.917166666666667,14.353500000000002,True,False,15.06,404569132.56,536196158.7745001
2022-01-24,14.03,14.24,13.94,14.03,18653238.0,272737400.0,2281502200.0,0.008175857993912957,14.428,14.455000000000002,14.4375,14.955833333333333,26.696832410065298,35907646.55,14.933,14.36,True,True,15.06,261704929.14,519223995.8635
2022-01-25,14.03,14.04,12.87,12.9,52728273.0,727132928.0,2281502200.0,0.023111208483603478,14.046000000000001,14.285000000000002,14.397,14.914833333333336,18.730158646913594,36574063.55,14.947666666666667,14.413,True,True,15.06,680194721.7,526225077.87700003
2022-01-26,13.1,13.46,12.98,13.35,35778356.0,493278982.0,2281502200.0,0.01568192921312984,13.756,14.173000000000002,14.376000000000001,14.8805,30.05780334658691,36373038.7,14.959499999999998,14.4385,True,True,15.06,477641052.59999996,522705620.2165
2022-01-27,13.39,13.43,12.99,12.99,21871060.0,298567001.0,2281502200.0,0.009586254179373572,13.466,14.045999999999998,14.323000000000002,14.850333333333333,27.225130790274378,35033472.25,14.968333333333334,14.4445,True,True,15.06,284105069.4,502725545.4139999
2022-01-28,13.21,13.99,12.96,13.53,34707047.0,485101319.0,2281502200.0,0.015212366220817144,13.36,13.971,14.3025,14.814333333333332,35.648148032621734,35312141.7,14.966166666666668,14.431999999999999,True,True,15.06,469586345.90999997,505898703.0835
2022-02-07,13.78,14.21,13.53,13.62,41426391.0,591629597.0,2281502200.0,0.018157506488488157,13.278,13.853,14.255,14.788,38.443396099479344,34572418.3,14.955833333333333,14.4375,True,True,15.06,564227445.42,493153179.57299995
2022-02-08,13.63,13.76,13.17,13.75,38217540.0,535069507.0,2281502200.0,0.016751042361475697,13.447999999999999,13.747,14.1895,14.769166666666667,41.50943382520469,33053682.7,14.914833333333336,14.397,True,True,15.06,525491175.0,467777772.56700003
2022-02-09,13.74,13.97,13.62,13.92,33286783.0,478029927.0,2281502200.0,0.014589853562271384,13.562000000000001,13.659,14.142000000000001,14.750499999999999,45.95238079920635,32638329.7,14.8805,14.376000000000001,True,True,14.87,463352019.36,460020351.26449996
2022-02-10,13.97,13.97,13.55,13.67,26817287.0,381383385.0,2281502200.0,0.011754223598820111,13.697999999999999,13.581999999999999,14.088999999999999,14.723166666666666,43.1151240172434,32362472.85,14.850333333333333,14.323000000000002,True,True,14.81,366592313.29,454535663.65300006
2022-02-11,13.57,13.67,13.15,13.25,28572716.0,396408331.0,2281502200.0,0.012523641660306091,13.642,13.501,14.014999999999997,14.6885,32.10161652438275,32291594.3,14.814333333333332,14.3025,True,True,14.81,378588487.0,451377241.62750006
2022-02-14,13.16,13.28,13.01,13.13,20702729.0,281954639.0,2281502200.0,0.009074165696618657,13.544,13.410999999999998,13.932999999999998,14.643333333333334,31.08108098307767,31859857.9,14.788,14.255,True,True,14.81,271826831.77000004,443302871.22150004
2022-02-15,13.11,13.69,13.05,13.59,26159736.0,364823207.0,2281502200.0,0.01146601392713976,13.512,13.48,13.882500000000002,14.604333333333333,37.6278117532128,32032447.95,14.769166666666667,14.1895,True,True,14.81,355510812.24,444501619.2835
2022-02-16,13.6,14.24,13.6,13.73,47344173.0,686473504.0,2281502200.0,0.02075131595314701,13.474,13.518,13.845500000000001,14.5605,42.39828681079743,32698496.65,14.750499999999999,14.142000000000001,True,True,14.81,650035495.29,452387609.5715
2022-02-17,13.87,13.99,13.7,13.84,29887831.0,429635708.0,2281502200.0,0.013100066701666998,13.508,13.603,13.8245,14.5125,47.49999984886363,31849924.05,14.723166666666666,14.088999999999999,True,True,14.81,413647581.04,439659319.84449995
2022-02-18,13.97,14.27,13.88,14.13,38411547.0,562374525.0,2281502200.0,0.016836077124974938,13.684000000000001,13.663,13.816999999999998,14.474166666666667,51.0729612199525,32276272.05,14.6885,14.014999999999997,False,True,14.81,542755159.11,445459482.682
2022-02-21,14.43,14.62,14.19,14.53,57999891.0,869665581.0,2281502200.0,0.025421799286452582,13.964000000000002,13.754,13.803500000000003,14.446666666666667,70.73791323401252,33082481.85,14.643333333333334,13.932999999999998,False,False,14.81,842738416.23,456608389.19350004
2022-02-22,14.37,14.45,14.14,14.28,43313939.0,641091474.0,2281502200.0,0.018984833326042814,14.101999999999999,13.806999999999999,13.777000000000001,14.4105,62.466487701198176,33787501.95,14.604333333333333,13.882500000000002,False,False,14.81,618523048.92,465901917.49100006
2022-02-23,14.27,14.6,14.24,14.6,40800303.0,614166303.0,2281502732.0,0.01788308312225155,14.276,13.875,13.767000000000001,14.3855,71.81571788471003,34562620.1,14.5605,13.845500000000001,False,False,14.8,595684423.8,476965663.08100003
2022-02-24,14.49,14.73,14.21,14.37,49045148.0,736769877.0,2281502732.0,0.02149686139407174,14.382,13.944999999999999,13.763499999999999,14.357666666666667,62.426035244389205,35724923.2,14.5125,13.8245,False,False,14.6,704778776.76,493577661.827
2022-02-25,14.59,14.65,14.25,14.28,37404993.0,560110395.0,2281502732.0,0.016394892925335317,14.412,14.047999999999998,13.7745,14.331666666666667,59.76331336192712,36156449.05,14.474166666666667,13.816999999999998,False,False,14.6,534143300.03999996,500056370.2009999
2022-02-28,14.16,14.37,14.1,14.24,30431717.0,448328501.0,2281502732.0,0.013338453017464983,14.354,14.159,13.785,14.304666666666666,57.44680826618381,36745373.0,14.446666666666667,13.803500000000003,False,False,14.6,433347650.08,508638506.24799997
2022-03-01,14.26,15.12,14.26,14.54,59927753.0,912985237.0,2281502732.0,0.026266789936063947,14.406,14.254,13.866999999999999,14.291666666666666,59.064327243596324,37105347.0,14.4105,13.777000000000001,False,False,14.6,871349528.62,518196246.594
2022-03-02,14.39,14.57,14.16,14.49,38691259.0,576674822.0,2281502732.0,0.01695867309616704,14.384,14.330000000000002,13.923999999999998,14.2685,62.73291898190659,37250992.15,14.3855,13.767000000000001,False,False,14.6,560636342.91,522346011.10950005
2022-03-03,14.63,14.73,14.24,14.24,27158297.0,405379415.0,2281502732.0,0.011903688134614954,14.357999999999999,14.37,13.986500000000001,14.246833333333333,66.22950789271704,37515354.0,14.357666666666667,13.763499999999999,False,False,14.6,386734149.28000003,527477465.10350007
2022-03-04,14.16,14.28,13.97,14.07,26136018.0,383174075.0,2281502732.0,0.01145561547370525,14.315999999999999,14.363999999999999,14.013499999999999,14.223166666666666,65.16129002830385,37086802.55,14.331666666666667,13.7745,False,False,14.6,367733773.26,522384836.4709999
2022-03-07,13.97,13.97,13.31,13.45,43351947.0,608069549.0,2281502732.0,0.019001488094645858,14.158000000000001,14.256,14.004999999999999,14.2065,47.85276053069366,37183080.35,14.304666666666666,13.785,False,False,14.6,583083687.15,523327648.55750006
2022-03-08,13.38,13.53,12.91,12.95,37141069.0,508875472.0,2281502732.0,0.016279213028792462,13.839999999999998,14.123,13.965,14.184333333333335,39.22651918531178,37129256.8,14.291666666666666,13.866999999999999,True,False,14.6,480976843.54999995,521101931.985
2022-03-09,12.99,13.07,11.81,12.42,65705252.0,847054389.0,2281502732.0,0.028799111690040263,13.425999999999998,13.905000000000001,13.889999999999997,14.151833333333334,32.42574246189098,38750180.25,14.2685,13.923999999999998,True,True,14.6,816059229.84,538737292.5090001
2022-03-10,12.7,12.91,12.56,12.67,38087677.0,503438017.0,2281502732.0,0.01669411851486663,13.112,13.735,13.84,14.122000000000002,31.749999888874967,39313699.75,14.246833333333333,13.986500000000001,True,True,14.6,482570867.59,544536220.224
2022-03-11,12.65,13.44,12.54,13.39,57212039.0,779928946.0,2281502732.0,0.02507647183479244,12.975999999999999,13.646,13.847,14.102,36.805555436278304,40745665.9,14.223166666666666,14.013499999999999,True,True,14.6,766069202.21,563910255.9844999
2022-03-14,13.22,13.63,13.2,13.25,37565720.0,523094757.0,2281502732.0,0.016465340791886458,12.935999999999998,13.547,13.853,14.079833333333335,37.76722077702112,41588815.45,14.2065,14.004999999999999,True,True,14.6,497745790.0,575206203.8959999
2022-03-15,13.09,13.41,12.3,12.35,50545559.0,669293100.0,2281502732.0,0.02215450294713914,12.815999999999999,13.328,13.791,14.042166666666667,26.513569859876824,42808106.6,14.184333333333335,13.965,True,True,14.6,624237653.65,588642545.9665
2022-03-16,12.65,12.93,12.0,12.86,50506437.0,654535660.0,2281502732.0,0.02213735547698656,12.904,13.165000000000001,13.747499999999999,14.004833333333332,35.10848116538091,42966219.8,14.151833333333334,13.889999999999997,True,True,14.6,649512779.8199999,588616410.1930001
2022-03-17,13.11,13.88,13.03,13.44,75609002.0,1058316380.0,2281502732.0,0.03314000064059533,13.057999999999998,13.084999999999999,13.727500000000001,13.980666666666668,42.446043058589105,45252278.35,14.122000000000002,13.84,True,True,14.6,1016184986.88,618743280.4849999
2022-03-18,13.38,13.56,13.17,13.56,34634290.0,480539148.0,2281502732.0,0.01518047272713062,13.091999999999999,13.034,13.699000000000002,13.9565,43.97163109652433,45063415.5,14.102,13.847,True,True,14.6,469640972.40000004,615087571.1495
2022-03-21,13.4,13.62,13.16,13.2,42353973.0,585434471.0,2281502732.0,0.018564068500094174,13.081999999999999,13.009,13.632499999999999,13.931999999999999,38.24561394115114,44281119.6,14.079833333333335,13.853,True,True,14.6,559072443.6,600904272.5179999
2022-03-22,13.19,13.29,13.04,13.18,23422730.0,319842925.0,2281502732.0,0.010266360706685317,13.248,13.032,13.5775,13.922499999999998,38.44797168637186,43286559.15,14.042166666666667,13.791,True,True,14.6,308711581.4,585413699.142
2022-03-23,13.29,13.5,13.17,13.45,33759652.0,469332860.0,2281502732.0,0.014797112239443069,13.366,13.135,13.52,13.9085,43.05799637911916,42934526.6,14.004833333333332,13.747499999999999,True,True,14.6,454067319.4,578332843.9219999
2022-03-24,13.31,13.34,12.97,12.97,28497598.0,387078717.0,2281502732.0,0.012490713949318208,13.272,13.165000000000001,13.449999999999998,13.886000000000001,40.83333323805556,41907149.1,13.980666666666668,13.727500000000001,True,True,14.54,369613846.06,561574597.387
2022-03-25,13.04,13.09,12.49,12.49,39581382.0,520820138.0,2281502732.0,0.0173488207771298,13.058000000000002,13.075,13.360499999999998,13.855666666666668,41.808873620251845,42015968.55,13.9565,13.699000000000002,True,True,14.54,494371461.18,559586005.444
2022-03-28,12.36,12.63,12.28,12.62,21459195.0,277996258.0,2281502732.0,0.009405728382007478,12.941999999999998,13.012,13.279499999999999,13.834000000000001,46.99453539928534,41567342.45,13.931999999999999,13.632499999999999,True,True,14.54,270815040.9,551459374.985
2022-03-29,12.58,12.7,12.34,12.57,21884423.0,284928247.0,2281502732.0,0.009592109048589998,12.819999999999999,13.034,13.181000000000001,13.815,51.49700584412015,39665175.95,13.922499999999998,13.5775,True,True,14.54,275087197.11,521646258.40949994
2022-03-30,12.8,12.85,12.64,12.77,21091213.0,278938560.0,2281502732.0,0.00924443907262435,12.684000000000001,13.025,13.094999999999999,13.798333333333334,51.00806437215465,38785173.65,13.9085,13.52,True,True,14.49,269334790.01,507081180.76449996
2022-03-31,12.72,12.72,12.4,12.5,22043619.0,286570071.0,2281503733.0,0.00966188162708564,12.59,12.931000000000001,13.008000000000001,13.772499999999999,40.1330375694318,38529439.75,13.886000000000001,13.449999999999998,True,True,14.24,275545237.5,501521735.1754999
2022-04-01,12.43,12.46,12.26,12.42,25953755.0,332571800.0,2281503733.0,0.011375723223504363,12.576,12.816999999999998,12.9255,13.747166666666667,40.67415717540714,38520326.6,13.855666666666668,13.360499999999998,True,True,14.07,322345637.1,499252328.3675
2022-04-06,12.39,12.41,12.07,12.18,24970084.0,315989385.0,2281503733.0,0.010944572931803308,12.488000000000001,12.715,12.862,13.707333333333333,47.75725576026343,37601233.45,13.834000000000001,13.279499999999999,True,True,13.56,304135623.12,485304925.166
2022-04-07,12.14,12.17,11.72,11.72,31791436.0,392493489.0,2281503733.0,0.013934422083191919,12.318000000000001,12.568999999999999,12.8005,13.651666666666667,34.75935815865482,37333751.8,13.815,13.181000000000001,True,True,13.56,372595629.92,479885864.48450005
2022-04-08,11.81,11.83,11.29,11.55,37947176.0,451707857.0,2281503733.0,0.016632528560495675,12.074000000000002,12.379,12.757,13.596333333333332,21.621621530719906,35945848.0,13.798333333333334,13.094999999999999,True,True,13.56,438289882.8,460997397.1325
2022-04-11,11.43,11.52,11.06,11.11,30515708.0,355368188.0,2281503733.0,0.013375261043239328,11.796000000000001,12.193,12.679,13.536,16.43835610133229,35567249.55,13.772499999999999,13.008000000000001,True,True,13.56,339029515.88,453820329.54700005
2022-04-12,11.12,11.39,10.88,11.35,26360061.0,304863484.0,2281503733.0,0.011553810155435761,11.581999999999999,12.079,12.577,13.479666666666667,23.796033899959056,34024650.65,13.747166666666667,12.9255,True,True,13.56,299186692.34999996,430476204.054
2022-04-13,11.24,11.27,11.02,11.02,19931660.0,230542249.0,2281503733.0,0.008736194340471851,11.35,11.919,12.465499999999999,13.417166666666667,21.87499992024736,33142947.65,13.707333333333333,12.862,True,True,13.56,219646893.2,416571259.214
2022-04-14,11.13,11.21,10.94,11.01,19378364.0,222438072.0,2281503733.0,0.008493680601836648,11.208,11.763,12.3985,13.357333333333333,15.921787647233202,31584587.9,13.651666666666667,12.8005,True,True,13.56,213355787.64,396027165.9135
2022-04-15,10.94,10.94,10.75,10.78,23902644.0,268741792.0,2281503733.0,0.010476706066384508,11.053999999999998,11.563999999999998,12.294500000000001,13.295833333333333,17.117117045153222,30254398.25,13.596333333333332,12.757,True,True,13.56,257670502.32,376435052.0385
2022-04-18,10.75,11.05,10.62,11.04,23729457.0,268030087.0,2281503733.0,0.010400796920370412,11.04,11.418,12.1745,13.242166666666666,26.688102773751268,27660421.0,13.536,12.679,True,True,13.56,261973205.27999997,338724462.9585
2022-04-19,10.97,11.11,10.93,10.98,17740243.0,202646598.0,2281503733.0,0.007775680023399725,10.966,11.274000000000001,12.0455,13.187166666666666,23.026315683431434,26815718.65,13.479666666666667,12.577,True,True,13.56,194787868.14000002,324981807.74549997
2022-04-20,11.08,11.08,10.74,10.78,16439536.0,185939043.0,2281503733.0,0.007205570502566432,10.918,11.134,11.924499999999998,13.120166666666668,21.943573571407498,25519996.8,13.417166666666667,12.465499999999999,True,True,13.45,177218198.07999998,305889095.4695
2022-04-21,10.78,10.83,10.4,10.47,26154547.0,288565395.0,2281503733.0,0.011463731845666895,10.809999999999999,11.009,11.789,13.047833333333333,15.151515087236007,25656587.65,13.357333333333333,12.3985,True,True,13.45,273838107.09000003,304145421.754
2022-04-22,10.3,10.51,10.25,10.31,22199764.0,238794234.0,2281503733.0,0.009730321138159628,10.716,10.885,11.632,12.973,15.67398112243393,25078593.25,13.295833333333333,12.294500000000001,True,True,13.45,228879566.84,292886034.126
2022-04-25,10.15,10.2,9.49,9.5,41018231.0,418360460.0,2281503733.0,0.017978594734124855,10.408,10.724,11.458499999999999,12.890666666666666,12.755101995262393,25704624.9,13.242166666666666,12.1745,True,True,12.97,389673194.5,293889001.548
2022-04-26,9.66,9.73,9.18,9.23,46015814.0,452861850.0,2281503733.0,0.02016907241238338,10.058000000000002,10.511999999999999,11.2955,12.810166666666667,12.658227803236656,26026346.5,13.187166666666666,12.0455,True,True,12.77,424725963.22,290406726.65
2022-04-27,9.02,9.64,8.96,9.61,50958743.0,491887394.0,2281503733.0,0.02233559483726692,9.824000000000002,10.370999999999999,11.145,12.736500000000001,22.73901800559527,27501323.9,13.120166666666668,11.924499999999998,True,True,12.77,489713520.22999996,301351650.6165
2022-04-28,9.48,9.61,9.15,9.36,44429203.0,429641943.0,2281503733.0,0.019473649048813543,9.602,10.206,10.9845,12.6775,22.2784809336965,28628562.9,13.047833333333333,11.789,True,True,12.77,415857340.08,308390157.765
2022-04-29,9.41,9.77,9.39,9.73,39323363.0,391371807.0,2281503733.0,0.01723572152489658,9.486,10.101,10.8325,12.617166666666666,32.21649472911575,29540170.4,12.973,11.632,True,True,12.77,382616321.99,314054234.36399996
2022-05-05,9.71,9.94,9.69,9.79,36920596.0,376444419.0,2281503733.0,0.016182570935990664,9.544,9.975999999999999,10.697,12.563833333333333,28.918918809495963,30284019.25,12.890666666666666,11.458499999999999,True,True,12.5,361452634.84,318349604.231
2022-05-06,9.59,9.7,9.47,9.55,26583032.0,263919233.0,2281503733.0,0.01165153999772132,9.607999999999999,9.833,10.5535,12.4975,29.639889081728953,30315483.1,12.810166666666667,11.2955,True,True,12.42,253867955.60000002,314925720.156
2022-05-09,9.55,9.67,9.45,9.54,22884066.0,226872443.0,2281503733.0,0.010030255777801964,9.594,9.709,10.4215,12.4295,29.63988908172894,30211182.2,12.736500000000001,11.145,True,True,12.18,218313989.64,310634638.482
2022-05-10,9.45,9.77,9.31,9.7,34671728.0,345704873.0,2281503733.0,0.015196875419708112,9.661999999999999,9.632,10.3205,12.362,34.745762574451774,30355196.8,12.6775,10.9845,True,True,11.72,336315761.59999996,308820645.06600004
2022-05-11,9.7,10.17,9.7,9.83,51036501.0,526757069.0,2281503733.0,0.02236967674512238,9.681999999999999,9.584,10.2345,12.293833333333334,32.258064383691234,31009663.05,12.617166666666666,10.8325,True,True,11.55,501688804.83,311990591.1675
2022-05-12,9.81,9.99,9.76,9.93,24575521.0,252496986.0,2281503733.0,0.010771633043828116,9.709999999999999,9.627,10.1755,12.2315,34.782608554505345,30712653.7,12.563833333333333,10.697,True,True,11.35,244034923.53,307240861.55
2022-05-13,10.08,10.18,9.93,10.04,27168125.0,282491086.0,2281503932.0,0.011907989558529501,9.808,9.708,10.11,12.178,38.988095075644836,30753056.9,12.4975,10.5535,True,True,11.35,272767975.0,305919925.6825
2022-05-16,10.1,10.14,9.86,9.93,22526006.0,232749212.0,2281503932.0,0.009873314564158287,9.886,9.74,10.0555,12.124666666666666,41.45569601886716,30882774.2,12.4295,10.4215,True,True,11.04,223683239.57999998,306121743.0015
2022-05-17,9.94,10.03,9.81,10.03,22471735.0,231563701.0,2281503932.0,0.009849527184597463,9.952,9.806999999999999,10.006499999999999,12.065333333333333,45.48387076233089,31037442.75,12.362,10.3205,True,True,11.04,225391502.04999998,306723528.722
2022-05-18,10.05,10.07,9.86,9.92,26283542.0,271236455.0,2281503932.0,0.011520270305631014,9.97,9.825999999999999,9.9635,12.001833333333334,58.74999965729168,31156487.65,12.293833333333334,10.2345,False,True,11.04,260732736.64,306876640.43799996
2022-05-19,9.76,10.52,9.72,10.5,72472638.0,771409801.0,2281503932.0,0.03176529173739771,10.084,9.897,9.936499999999999,11.946166666666668,73.43173393799105,33593646.7,12.2315,10.1755,True,False,11.04,760962699.0,331826115.12399995
2022-05-20,10.49,11.03,10.36,11.0,68479588.0,761843029.0,2281503932.0,0.030015108472756295,10.276,10.041999999999998,9.9375,11.894,74.55830351808615,36130613.95,12.178,10.11,False,True,10.98,753275468.0,359750495.117
2022-05-23,11.06,11.37,10.82,11.24,55488085.0,635815046.0,2281503932.0,0.024320836892601068,10.538,10.212,9.9605,11.839166666666666,83.33333291962178,38083041.4,12.124666666666666,10.0555,False,False,11.0,623686075.4,382073888.983
2022-05-24,11.17,11.37,10.59,10.59,48389039.0,547470833.0,2281503932.0,0.021209272673740894,10.65,10.300999999999998,9.9665,11.777666666666667,63.870967453485946,39194766.0,12.065333333333333,10.006499999999999,False,False,11.24,512439923.01,394003979.779
2022-05-25,10.62,11.07,10.47,11.04,50395225.0,563318464.0,2281503932.0,0.02208859879361365,10.873999999999999,10.422,10.003,11.718333333333332,67.90830918317585,40604539.05,12.001833333333334,9.9635,False,False,11.24,556363284.0,410378165.637
2022-05-26,11.04,11.96,10.86,11.71,82303231.0,982242073.0,2281503932.0,0.03607411315213109,11.116,10.6,10.1135,11.674,77.55102013119533,42668789.05,11.946166666666668,9.936499999999999,False,False,11.24,963770835.0100001,439083047.6625
2022-05-27,11.76,12.02,11.49,11.58,44603090.0,540738892.0,2281503932.0,0.019549863304815906,11.232,10.754000000000001,10.230999999999998,11.629,75.2475244917165,42598152.85,11.894,9.9375,False,False,11.71,516503782.2,443671938.61149997
2022-05-30,11.64,11.81,11.42,11.7,39781383.0,478349721.0,2281503932.0,0.01743647356554282,11.324000000000002,10.931,10.3355,11.586666666666666,74.9999997375,42039284.85,11.839166666666666,9.9605,False,False,11.71,465442181.09999996,442458371.65500003
2022-05-31,11.81,12.11,11.72,11.82,62960835.0,782422596.0,2281503932.0,0.027596198330812255,11.57,11.110000000000001,10.458499999999999,11.541333333333334,74.93734309545795,42965866.45,11.777666666666667,9.9665,False,False,11.71,744197069.7,458875358.136
2022-06-01,11.82,12.22,11.8,12.13,49042065.0,614145786.0,2281503932.0,0.02149549878575445,11.788,11.331,10.5785,11.502,76.19047593650794,43451801.55,11.718333333333332,10.003,False,False,11.82,594880248.45,469488554.459
2022-06-02,12.14,12.9,12.03,12.77,74170335.0,963381208.0,2281503932.0,0.03250940485339475,12.0,11.558000000000002,10.727500000000001,11.4775,78.85835071796683,45314288.5,11.674,10.1135,False,False,12.13,947155177.9499999,498773681.6144999
2022-06-06,12.73,13.0,12.53,12.75,42218349.0,558744608.0,2281503932.0,0.018504613736514918,12.234,11.733,10.8875,11.455499999999999,80.38793079193297,46096054.35,11.629,10.230999999999998,False,False,12.77,538283949.75,512994481.3219999
2022-06-07,12.74,12.91,12.24,12.35,69233444.0,898829690.0,2281503932.0,0.030345529117413766,12.364,11.844,11.028,11.437166666666666,73.48178116827026,48413523.25,11.586666666666666,10.3355,False,False,12.77,855033033.4,544830433.51
2022-06-08,12.35,12.45,12.07,12.33,43642086.0,555570362.0,2281503932.0,0.019128648163995364,12.466,12.017999999999999,11.1595,11.426833333333333,74.8453606086938,48862041.15,11.541333333333334,10.458499999999999,False,False,12.77,538106920.38,554919991.449
2022-06-09,12.2,12.36,12.11,12.23,31817005.0,404001470.0,2281503932.0,0.013945627949064609,12.486,12.137,11.2795,11.423666666666666,69.79405011965292,47901066.35,11.502,10.5785,False,False,12.77,389121971.15000004,549291649.765
2022-06-10,12.23,12.4,12.1,12.33,32931865.0,421009006.0,2281503932.0,0.014434279309407739,12.398,12.199,11.3995,11.418,66.75062948752927,48318883.55,11.4775,10.727500000000001,False,False,12.77,406049895.45,557392398.3610001
2022-06-13,12.29,12.87,12.17,12.75,41164748.0,537867827.0,2281503932.0,0.018042812647670686,12.398,12.315999999999999,11.535,11.407333333333332,68.19277085428945,49018714.7,11.455499999999999,10.8875,False,False,12.77,524850537.0,569996526.4610001
2022-06-14,12.53,12.64,11.95,12.48,47080022.0,599277598.0,2281503932.0,0.02063552086834624,12.424,12.394000000000002,11.6625,11.394499999999999,75.06631271858664,50246415.5,11.437166666666666,11.028,False,False,12.77,587558674.5600001,588190298.2099999
2022-06-15,12.45,12.7,12.29,12.41,35205245.0,456644166.0,2281503932.0,0.015430718530096314,12.440000000000001,12.453,11.7815,11.3955,70.20648938557792,50883091.0,11.426833333333333,11.1595,False,False,12.77,436897090.45,598765577.63
2022-06-16,12.41,13.2,12.35,12.9,59680055.0,799327911.0,2362210685.0,0.02526449286635074,12.574,12.530000000000001,11.9305,11.396166666666666,68.5358252462612,52552916.65,11.423666666666666,11.2795,False,False,12.77,769872709.5,624222576.273
2022-06-17,12.72,13.64,12.68,13.62,65924958.0,915980793.0,2362210685.0,0.027908161798870196,12.831999999999999,12.614999999999998,12.086500000000001,11.399166666666666,76.84210498005541,52225532.65,11.418,11.3995,False,False,12.9,897897927.9599999,631069337.721
2022-06-20,13.91,14.23,13.71,13.73,62881391.0,910987211.0,2362210685.0,0.02661972168667927,13.028,12.713000000000001,12.223,11.402,76.78100235489869,51945622.8,11.407333333333332,11.535,False,False,13.62,863361498.4300001,636573639.2425001
2022-06-21,13.7,13.99,13.46,13.62,37334905.0,528966711.0,2362210685.0,0.01580506990213703,13.256,12.84,12.342,11.408999999999999,73.8095235361552,51037963.8,11.394499999999999,11.6625,False,False,13.73,508501406.09999996,630814405.7775
2022-06-22,13.6,13.93,13.48,13.51,31620522.0,448074513.0,2362210685.0,0.013385987202915391,13.475999999999999,12.958000000000002,12.488,11.4145,69.27374274585688,50199537.95,11.3955,11.7815,False,False,13.73,427193252.21999997,626552072.238
2022-06-23,13.58,14.1,13.53,13.97,36838679.0,531559112.0,2362210685.0,0.015595001425539653,13.690000000000001,13.132,12.6345,11.423166666666667,67.64705854498271,49521710.65,11.396166666666666,11.9305,False,False,13.73,514636345.63,624465725.3195001
2022-06-24,14.03,14.78,13.89,14.5,63634503.0,953588313.0,2362210685.0,0.026938538295537343,13.866,13.349,12.774,11.448666666666666,72.3785163648851,48588274.25,11.399166666666666,12.086500000000001,False,False,13.97,922700293.5,622412198.2440001
2022-06-27,14.5,14.62,14.22,14.34,42639879.0,636743238.0,2362210885.0,0.018050835033723078,13.988,13.508,12.912,11.4795,77.11171632709427,48490113.7,11.402,12.223,False,False,14.5,611455864.86,627159802.377
2022-06-28,14.39,14.45,14.12,14.33,23247687.0,344917571.0,2362210885.0,0.009841495163544638,14.13,13.693000000000001,13.0435,11.508,77.32240407581594,47663428.9,11.408999999999999,12.342,False,False,14.5,333139354.71,620544661.0575
2022-06-29,14.26,14.33,13.35,13.44,77696794.0,1112166500.0,2362210885.0,0.032891557012700835,14.116,13.796000000000001,13.124500000000001,11.5225,63.59550541790177,48400226.85,11.4145,12.488,False,False,14.5,1044244911.36,635547053.1405001
2022-06-30,13.64,14.17,13.64,14.01,46127665.0,667406208.0,2362210885.0,0.019527327256389303,14.124,13.907,13.2185,11.543166666666668,67.0731705408487,48254506.85,11.423166666666667,12.6345,False,False,14.5,646248586.65,638115470.0505
2022-07-01,13.96,14.06,13.43,13.63,51971526.0,737601593.0,2362210885.0,0.02200122196117981,13.95,13.908000000000001,13.261500000000002,11.562000000000001,59.01639327331363,47144566.4,11.448666666666666,12.774,False,False,14.5,708371899.38,626176306.122
2022-07-04,13.71,13.73,13.38,13.69,37829637.0,531634077.0,2362210885.0,0.016014504564439005,13.819999999999999,13.904,13.3085,11.583166666666667,62.955031931184045,46925130.8,11.4795,12.912,False,False,14.5,517887730.53,625156495.161
2022-07-05,13.73,13.86,13.47,13.71,30201884.0,427077381.0,2362210885.0,0.012785430882476016,13.696000000000002,13.913,13.376499999999998,11.608666666666666,64.06926387511479,44973552.8,11.508,13.0435,False,False,14.5,414067829.64000005,603108234.9729999
2022-07-06,13.61,14.61,13.61,14.35,82671730.0,1229792912.0,2362210885.0,0.03499760776015559,13.878,13.997,13.477500000000001,11.6525,65.19916123421629,46925035.0,11.5225,13.124500000000001,False,False,14.5,1186339325.5,635519855.229
2022-07-07,14.18,15.45,14.14,15.3,97686493.0,1519158763.0,2362210885.0,0.04135384085320562,14.136000000000001,14.13,13.631,11.715,66.79999981296001,50218509.4,11.543166666666668,13.2185,False,False,14.5,1494603342.9,690793923.8165
2022-07-08,15.33,15.97,15.3,15.48,83561784.0,1345193271.0,2362210885.0,0.03537439630416401,14.506,14.228,13.788500000000003,11.787833333333333,67.25838245727468,52750005.35,11.562000000000001,13.261500000000002,False,False,15.3,1293536416.32,735168249.86
2022-07-11,15.48,15.51,14.5,14.88,75334333.0,1162403130.0,2362210885.0,0.031891451130960306,14.744,14.282,13.895000000000001,11.846666666666666,61.33093509736817,54458484.6,11.583166666666667,13.3085,False,False,15.48,1120974875.04,764974466.762
2022-07-12,14.98,15.75,14.97,15.22,55159308.0,875664091.0,2362210885.0,0.023350712821730138,15.046000000000001,14.370999999999999,14.032,11.916666666666666,64.7668392216346,54862448.9,11.608666666666666,13.376499999999998,False,False,15.48,839524667.76,777572766.422
2022-07-13,15.22,16.05,15.14,15.92,74993757.0,1224496750.0,2362210885.0,0.03174727433363766,15.360000000000003,14.619,14.207500000000001,11.9985,66.16915407522916,56851874.5,11.6525,13.477500000000001,False,False,15.48,1193900611.44,815422942.4715
2022-07-14,15.93,16.96,15.88,16.57,95955071.0,1644044804.0,2362210885.0,0.04062087411810398,15.613999999999999,14.875,14.391,12.095,66.82926814055128,58665625.3,11.715,13.631,False,False,15.92,1589975526.47,856428083.3199999
2022-07-15,16.45,16.66,16.28,16.38,43792060.0,744531786.0,2362210885.0,0.018538590384998586,15.794,15.15,14.529,12.184,66.50485421827379,57558980.4,11.787833333333333,13.788500000000003,False,False,16.57,717313942.8,847398884.062
2022-07-18,16.62,17.37,16.28,17.27,69879045.0,1226807018.0,2362210885.0,0.02958205190050168,16.272,15.508000000000001,14.706,12.288833333333333,70.8215296046032,57908863.1,11.846666666666666,13.895000000000001,False,False,16.57,1206811107.1499999,864571364.4979999
2022-07-19,17.12,17.42,16.81,17.09,54931323.0,971485291.0,2362210885.0,0.023254199423435474,16.646,15.846,14.879500000000002,12.394,78.74015730671462,58788684.0,11.916666666666666,14.032,False,False,17.27,938776310.0699999,886085109.6965001
2022-07-20,17.1,18.08,16.65,17.9,74644729.0,1356388080.0,2362210885.0,0.031599519532313054,17.041999999999998,16.201,15.098999999999998,12.517833333333332,79.51441561256422,60939894.35,11.9985,14.207500000000001,False,False,17.27,1336140649.1,931532479.5404999
2022-07-21,17.84,17.92,17.12,17.2,48586899.0,877815261.0,2362210885.0,0.02056840026795491,17.168,16.391,15.260499999999999,12.632666666666667,75.83212719802464,61527305.35,12.095,14.391,False,False,17.9,835694662.8,947585395.3989999
2022-07-22,17.21,17.38,16.7,16.97,52454881.0,917422981.0,2362210885.0,0.02220584171086825,17.285999999999998,16.54,15.384,12.757166666666667,73.16384166323533,60968324.25,12.184,14.529,False,False,17.9,890159330.5699999,945958347.2524999
2022-07-25,16.85,17.0,15.55,16.03,95853207.0,1590110461.0,2362210885.0,0.04057775180389959,17.038,16.655,15.4685,12.8705,64.499999887125,63628990.65,12.288833333333333,14.706,False,False,17.9,1536526908.21,992211899.4200001
2022-07-26,16.26,16.77,15.87,16.58,56210661.0,951327480.0,2362210885.0,0.0237957844309908,16.936,16.791,15.581,12.986666666666666,64.0960807967958,65277139.35,12.394,14.879500000000002,False,False,17.9,931972759.3799999,1022153569.6535
2022-07-27,16.55,16.63,15.84,16.44,66154486.0,1110104512.0,2362210885.0,0.028005326035909786,16.644,16.842999999999996,15.731,13.104666666666667,58.02816889966278,64700023.95,12.517833333333332,15.098999999999998,False,False,17.9,1087579749.8400002,1024320311.5775
2022-07-28,16.46,16.78,14.96,15.17,139703661.0,2246162815.0,2362210885.0,0.05914106225109533,16.238,16.703,15.788999999999998,13.195333333333332,48.107448025213145,69378823.75,12.632666666666667,15.260499999999999,False,False,17.9,2119304537.37,1097973109.1135
2022-07-29,15.16,15.68,15.1,15.14,77690176.0,1232850232.0,2362210885.0,0.032888755400007394,15.872,16.579,15.864500000000001,13.2845,51.706036650408855,70664756.25,12.757166666666667,15.384,True,False,17.9,1176229264.64,1121365977.3765
2022-08-01,15.16,15.84,15.07,15.47,65456487.0,1046107798.0,2362210885.0,0.02770984056319764,15.76,16.398999999999997,15.9535,13.383166666666666,51.642575463469626,72046098.75,12.8705,15.4685,True,True,17.9,1012611853.89,1146102183.5444999
2022-08-02,15.2,15.54,14.91,15.13,54329999.0,852607119.0,2362210885.0,0.022999639593989932,15.470000000000002,16.203,16.0245,13.476333333333333,44.551724051900116,73252504.5,12.986666666666666,15.581,True,True,17.9,822012884.87,1166499436.306
2022-08-03,15.21,15.8,15.08,15.17,50251105.0,802564802.0,2362210885.0,0.021272912303932592,15.216000000000003,15.930000000000001,16.0655,13.567499999999999,39.45783124210697,71631473.25,13.104666666666667,15.731,True,True,17.9,762309262.85,1145297933.1735
2022-08-04,15.17,15.58,14.93,15.29,35684077.0,561114943.0,2362210885.0,0.015106219866563691,15.24,15.738999999999999,16.065,13.6585,41.704718328178664,68531352.45,13.195333333333332,15.788999999999998,True,True,17.9,545609537.3299999,1097848242.895
2022-08-05,15.3,15.46,14.73,15.13,47000445.0,731013179.0,2362210885.0,0.019896803159468974,15.238,15.554999999999998,16.0475,13.745166666666668,31.678082115840184,66703285.5,13.2845,15.864500000000001,True,True,17.9,711116732.85,1068727258.7215
2022-08-08,14.9,15.57,14.58,15.25,55354981.0,868304331.0,2362210885.0,0.02343354750903199,15.193999999999999,15.476999999999999,16.066,13.831999999999999,34.08304490014484,65704317.9,13.383166666666666,15.9535,True,True,17.9,844163460.25,1054886687.982
2022-08-09,15.23,16.21,15.13,15.78,70438926.0,1152470264.0,2362210885.0,0.029819067572368754,15.324000000000002,15.397,16.094,13.929499999999999,30.72727264905781,66468298.8,13.476333333333333,16.0245,True,True,17.9,1111526252.28,1068486767.208
2022-08-10,15.78,16.2,15.5,15.77,38871497.0,633364266.0,2362210885.0,0.016455557480847018,15.443999999999999,15.330000000000002,16.0865,14.025166666666667,35.13513503287068,64662185.8,13.567499999999999,16.0655,True,True,17.9,613003507.6899999,1039441912.0205
2022-08-11,15.95,16.55,15.8,16.07,44703563.0,746712445.0,2362210885.0,0.018924458981993048,15.6,15.419999999999998,16.061500000000002,14.127666666666666,40.77868840760211,62099610.4,13.6585,16.065,True,True,17.9,718386257.41,995862448.5674999
2022-08-12,16.0,16.0,15.45,15.64,40253008.0,654371181.0,2362210885.0,0.017040395612265582,15.701999999999998,15.470000000000002,16.0245,14.213333333333333,45.537757291183375,61922657.8,13.745166666666668,16.0475,False,True,17.9,629557045.12,991474603.6835
2022-08-15,15.61,16.46,15.58,16.25,46887914.0,785521478.0,2362210885.0,0.019849165160374747,15.901999999999997,15.548000000000002,15.973500000000001,14.300833333333333,46.27539488761727,60773101.25,13.831999999999999,16.066,True,False,17.9,761928602.5,969230478.451
2022-08-16,16.28,17.11,16.28,16.58,53155342.0,921392582.0,2362210885.0,0.022502369427528906,16.062,15.692999999999998,15.947999999999999,14.389833333333335,51.515151359044964,60684302.2,13.929499999999999,16.094,False,True,17.9,881315570.3599999,966357441.4654999
2022-08-17,16.48,17.03,16.48,16.56,30811754.0,529867645.0,2362210885.0,0.013043608509153069,16.22,15.831999999999999,15.881,14.489333333333333,70.62314510720358,58492653.45,14.025166666666667,16.0865,False,False,17.9,510242646.23999995,925062541.3225
2022-08-18,16.44,17.44,16.41,17.31,60402635.0,1073758167.0,2362210885.0,0.025570382129536245,16.468,16.034,15.886500000000002,14.59383333333333,76.52811709745879,59083440.25,14.127666666666666,16.061500000000002,False,False,17.2,1045569611.8499999,935556288.775
2022-08-19,17.34,17.35,16.71,16.91,41976450.0,734133437.0,2362210885.0,0.017769984156177487,16.721999999999998,16.212,15.883500000000002,14.6805,67.30769208117607,58559518.7,14.213333333333333,16.0245,False,False,17.31,709821769.5,926539410.7215
2022-08-22,16.64,16.85,16.11,16.34,60458781.0,1021585971.0,2362210885.0,0.02559415054088196,16.74,16.321,15.899000000000001,14.759833333333331,63.78132098110742,56789797.4,14.300833333333333,15.973500000000001,False,False,17.31,987896481.54,899107889.3880001
2022-08-23,16.17,16.8,16.16,16.51,33512492.0,574104148.0,2362210885.0,0.014186917947421109,16.726000000000003,16.394,15.895499999999998,14.840000000000002,64.82300864877833,55654888.95,14.389833333333335,15.947999999999999,False,False,17.31,553291242.9200001,880173813.5649999
2022-08-24,16.51,16.6,15.71,15.77,33723401.0,556548090.0,2362210885.0,0.01427620252456842,16.568,16.394,15.862,14.905833333333334,54.66926055148452,54033334.7,14.489333333333333,15.881,False,False,17.31,531818033.77,852385727.7615
2022-08-25,15.92,15.93,15.3,15.47,32615681.0,521020191.0,2362210885.0,0.013807268947539373,16.2,16.334,15.877,14.961500000000001,53.21969682858414,48678935.7,14.59383333333333,15.886500000000002,True,False,17.31,504564585.07,771648730.1465
2022-08-26,15.48,16.17,15.3,15.8,30602833.0,501267299.0,2362210885.0,0.012955165516477586,15.978,16.35,15.91,15.012,55.00910732784563,46324568.55,14.6805,15.883500000000002,True,True,17.31,483524761.40000004,737013504.9844999
2022-08-29,15.54,16.23,15.21,16.02,24029682.0,395540426.0,2362210885.0,0.01017253885018822,15.913999999999998,16.326999999999998,15.9375,15.0665,52.3166021752061,44253228.3,14.759833333333331,15.899000000000001,True,True,17.31,384955505.64,705630687.5719999
2022-08-30,16.65,17.63,16.47,17.63,158837426.0,2866679707.0,2362210885.0,0.06724100164325507,16.137999999999998,16.432,16.0625,15.1545,63.716814027723395,49478599.65,14.840000000000002,15.895499999999998,False,True,17.31,2800303820.3799996,804545234.3475001
2022-08-31,17.61,17.73,16.07,16.29,123955201.0,2134698512.0,2362210885.0,0.05247423157141196,16.241999999999997,16.405,16.1185,15.220499999999998,51.40664952433591,53163804.45,14.905833333333334,15.862,False,False,17.63,2019230224.29,867391282.4195
2022-09-01,16.36,17.92,16.36,17.66,130844843.0,2373231090.0,2362210885.0,0.05539083907828153,16.68,16.44,16.237,15.311000000000002,61.5296802669617,57921842.75,14.961500000000001,15.877,False,False,17.63,2310719927.38,955646801.9219999
2022-09-02,17.58,17.89,16.98,17.43,88341342.0,1594649348.0,2362210885.0,0.03739773724732456,17.006,16.492,16.351999999999997,15.395999999999999,57.04057269706825,59988887.6,15.012,15.91,False,False,17.66,1539789591.06,997080444.8324999
2022-09-05,17.59,18.64,17.47,18.21,93502313.0,1755733221.0,2362210885.0,0.03958254260605526,17.444,16.679,16.5,15.487,59.22989798083596,61896254.2,15.0665,15.9375,False,False,17.66,1702677119.73,1040006127.8064998
2022-09-06,18.33,19.24,18.01,18.78,89088938.0,1713183013.0,2362210885.0,0.037714218728612796,17.674,16.906,16.65,15.592,61.83368860707126,62828754.8,15.1545,16.0625,False,False,18.21,1673090255.64,1068084327.9745
2022-09-07,18.78,19.22,18.6,18.99,56567163.0,1109122120.0,2362210885.0,0.02394670321739712,18.214000000000002,17.228,16.811,15.701666666666666,59.502262349204564,63713538.1,15.220499999999998,16.1185,False,False,18.78,1074210425.37,1091144673.8585
2022-09-08,18.81,19.13,18.55,18.73,40402946.0,782394434.0,2362210885.0,0.017103869200060857,18.427999999999997,17.554,16.944,15.798833333333334,60.459770017650946,63498507.25,15.311000000000002,16.237,False,False,18.99,756747178.58,1093062719.917
2022-09-09,18.88,18.95,18.09,18.57,41534807.0,794256974.0,2362210885.0,0.017583022440437194,18.656,17.831,17.0905,15.881333333333334,63.449939579216036,63562597.2,15.395999999999999,16.351999999999997,False,False,18.99,771301365.99,1100149935.9605
2022-09-13,18.64,18.76,17.92,18.32,39001198.0,735273371.0,2362210885.0,0.01651046409431815,18.677999999999997,18.061,17.194,15.957833333333333,60.81242522683704,63168261.4,15.487,16.5,False,False,18.99,714501947.36,1097778603.2035
2022-09-14,18.03,18.5,17.71,18.07,28699170.0,533890010.0,2362210885.0,0.012149283614870821,18.535999999999998,18.105,17.2685,16.032,64.59390851468089,61945452.8,15.592,16.65,False,False,18.99,518594001.90000004,1079642524.7805
2022-09-15,18.15,18.23,16.65,16.97,60938658.0,1076298108.0,2362210885.0,0.025797297941076925,18.131999999999998,18.173,17.288999999999998,16.089666666666666,58.640552900810164,63451798.0,15.701666666666666,16.811,False,False,18.99,1034129026.2599999,1105836843.7814999
2022-09-16,16.78,17.17,16.36,16.5,41142441.0,710991241.0,2362210885.0,0.01741692126695962,17.686,18.057,17.2485,16.131833333333333,53.96825388259007,62488788.3,15.798833333333334,16.944,True,False,18.99,678850276.5,1087500877.014
2022-09-19,16.47,17.08,16.28,16.76,41953332.0,727234181.0,2362210885.0,0.01776019756170076,17.324,17.99,17.241,16.1695,54.176072149157456,62487632.4,15.881333333333334,17.0905,True,True,18.99,703137844.32,1087166680.755
2022-09-20,16.99,17.81,16.99,17.41,53536987.0,966218291.0,2362210885.0,0.022663932056176263,17.142000000000003,17.910000000000004,17.2945,16.220666666666666,48.60759485056882,62141542.7,15.957833333333333,17.194,True,True,18.99,932078943.67,1084375803.8615
2022-09-21,17.26,18.03,17.13,17.52,44830518.0,817584279.0,2362210885.0,0.018978203125162553,17.032,17.784,17.345000000000002,16.273833333333336,59.220389680796785,62707444.0,16.032,17.2685,False,True,18.99,785430675.36,1095982775.4835
2022-09-22,17.42,17.99,16.86,17.62,34252389.0,620514243.0,2362210885.0,0.014500140193876044,17.162,17.647,17.4375,16.3435,49.62962950096023,62733893.4,16.089666666666666,17.288999999999998,False,False,18.99,603527094.1800001,1099568228.5040002
2022-09-23,17.55,17.76,16.92,17.25,31517099.0,560109695.0,2362210885.0,0.013342203780421577,17.312,17.499000000000002,17.5265,16.3975,48.37545114128948,62678964.3,16.131833333333333,17.2485,False,False,18.99,543669957.75,1101523497.138
2022-09-26,17.15,18.38,17.07,18.01,53766026.0,998244015.0,2362210885.0,0.0227608916466406,17.562,17.443,17.637,16.4705,48.18840567488448,63837123.95,16.1695,17.241,True,False,18.99,968326128.2600001,1125763565.481
2022-09-27,18.39,19.52,18.39,19.16,76936836.0,1523579468.0,2362210885.0,0.03256984229839412,17.912,17.526999999999997,17.794,16.561666666666664,53.114753976457926,66482481.65,16.220666666666666,17.2945,False,True,18.99,1474109777.76,1180221279.0870001
2022-09-28,19.17,19.49,18.47,18.59,42911118.0,836229909.0,2362210885.0,0.01816565924426345,18.126,17.579,17.842000000000002,16.643,46.904024666152274,60686166.25,16.273833333333336,17.345000000000002,False,False,19.16,797717683.62,1080091972.249
2022-09-29,18.7,18.85,18.1,18.44,32335666.0,615804408.0,2362210885.0,0.013688729573354751,18.29,17.726,17.9495,16.711166666666667,47.71653532786906,56105189.5,16.3435,17.4375,False,False,19.16,596269681.0400001,1008943945.0864999
2022-09-30,18.42,18.69,17.57,17.62,37772956.0,701921860.0,2362214913.0,0.015990482403664345,18.364,17.838,17.9475,16.749833333333335,43.22396567687083,51451595.15,16.3975,17.5265,False,False,19.16,665559484.72,926685922.9535
2022-10-10,17.62,18.23,17.38,17.53,32306815.0,592279833.0,2362214913.0,0.013676492694295338,18.268,17.915,17.9525,16.784000000000002,44.23357655193138,48649868.8,16.4705,17.637,True,False,19.16,566338466.95,878013366.7479999
2022-10-11,17.67,18.89,17.44,18.76,47143036.0,895762139.0,2362214913.0,0.01995713249482817,18.188,18.050000000000004,17.979999999999997,16.848666666666666,54.40613017092135,46331904.95,16.561666666666664,17.794,True,True,19.16,884403355.36,837099678.5295
2022-10-12,18.63,19.58,18.29,19.4,63295539.0,1241261727.0,2362214913.0,0.02679499593862737,18.35,18.238,18.011000000000003,16.918333333333333,66.48575292662137,45042235.0,16.643,17.842000000000002,False,True,19.16,1227933456.6,814841838.5775
2022-10-13,19.25,19.67,19.11,19.29,42508174.0,852103631.0,2362214913.0,0.01799504937762621,18.52,18.405,18.026,16.9745,69.9001425137515,44339285.55,16.711166666666667,17.9495,False,False,19.4,819982676.4599999,802130451.132
2022-10-14,19.36,19.46,18.78,19.03,46714595.0,918854188.0,2362214913.0,0.01977575992045225,18.802,18.583000000000002,18.041,17.0155,66.19115535996062,44654868.0,16.749833333333335,17.9475,False,False,19.4,888978742.85,808742029.3455
2022-10-17,18.78,18.98,18.33,18.74,37219913.0,714787141.0,2362214913.0,0.01575636187679931,19.044,18.656,18.049500000000002,17.05483333333333,59.9999998736842,44439123.3,16.784000000000002,17.9525,False,False,19.4,697501169.6199999,805052019.5270001
2022-10-18,18.7,20.14,18.63,19.99,64312166.0,1301510624.0,2362214913.0,0.027225366179034025,19.29,18.738999999999997,18.133,17.100166666666667,65.85365841823476,45704671.7,16.848666666666666,17.979999999999997,False,False,19.4,1285600198.34,833606932.076
2022-10-19,19.75,19.79,19.16,19.26,50820489.0,1019107227.0,2362214913.0,0.021513914216830618,19.262,18.806,18.192500000000003,17.136333333333333,59.738717240339426,46810737.65,16.918333333333333,18.011000000000003,False,False,19.99,978802618.1400001,856617362.888
2022-10-20,19.22,19.45,18.62,18.94,37203153.0,729085813.0,2362214913.0,0.01574926684073474,19.192,18.856,18.291,17.153666666666666,60.09557934989988,45623962.4,16.9745,18.026,False,False,19.99,704627717.82,840142297.466
2022-10-21,19.31,20.28,19.17,20.11,71142843.0,1471795576.0,2362214913.0,0.030117006970229045,19.408,19.105,18.471500000000002,17.202166666666663,61.958997623300014,47123982.5,17.0155,18.041,False,False,19.99,1430682572.73,877733912.2774999
2022-10-24,20.11,20.76,19.63,20.05,52714224.0,1102647363.0,2362214913.0,0.022315591909058446,19.669999999999998,19.357000000000003,18.636,17.2535,55.78673591924393,47662027.1,17.05483333333333,18.049500000000002,False,False,20.11,1056920191.2,895423029.6215
2022-10-25,19.99,20.69,19.64,20.31,41736180.0,872489197.0,2362214913.0,0.017668239993877306,19.734,19.512,18.781,17.324833333333334,61.65311641420819,47071986.75,17.100166666666667,18.133,False,False,20.11,847661815.8,891202173.228
2022-10-26,20.02,20.31,19.25,20.05,56062689.0,1147493585.0,2362214913.0,0.023733102645093665,19.892,19.577,18.9075,17.38266666666667,60.74766343785485,47633595.3,17.136333333333333,18.192500000000003,False,False,20.31,1124056914.45,908133485.1825001
2022-10-27,19.85,19.89,18.04,18.54,113257606.0,2186929403.0,2362214913.0,0.0479455130761847,19.812,19.502,18.9535,17.417666666666666,55.62347178744149,51583856.15,17.153666666666666,18.291,False,False,20.31,2099796015.24,982946931.2355
2022-10-28,18.22,19.28,18.21,18.8,55247057.0,1081085242.0,2362214913.0,0.023387819921023418,19.55,19.479,19.031,17.478166666666663,57.6047903225788,52770354.05,17.202166666666663,18.471500000000002,True,False,20.31,1038644671.6,1007695666.9280001
2022-10-31,18.21,19.7,18.19,18.83,57470544.0,1138624575.0,2362214913.0,0.024329092024490153,19.306,19.488,19.072,17.53966666666667,50.489510390649876,52955579.95,17.2535,18.636,True,True,20.31,1082170343.52,1013387877.691
2022-11-01,18.86,19.0,17.36,18.01,94304611.0,1735375421.0,2362214913.0,0.03992211313247263,18.846,19.29,19.0145,17.582,40.51841738509443,53823968.7,17.324833333333334,18.781,True,True,20.31,1698426044.1100001,1024603691.0084999
2022-11-02,17.92,17.92,16.65,17.47,89306568.0,1594153150.0,2362214913.0,0.037806284055069805,18.330000000000002,19.111,18.958499999999997,17.621,38.27319580723907,56143741.2,17.38266666666667,18.9075,True,True,20.31,1560185742.9599998,1062727093.9754999
2022-11-03,17.37,17.45,16.73,17.24,85447244.0,1511953118.0,2362214913.0,0.036172510608479085,18.07,18.941000000000003,18.8985,17.655500000000004,38.42173343623486,58799320.1,17.417666666666666,18.9535,True,True,20.31,1473110486.56,1106569134.2515
2022-11-04,17.23,17.81,17.13,17.6,66472301.0,1207513764.0,2406145654.0,0.02762605035547029,17.830000000000002,18.69,18.8975,17.694000000000003,42.692307615680484,60234287.35,17.478166666666663,19.031,True,True,20.31,1169912497.6000001,1131786784.8954997
2022-11-07,17.6,17.62,15.93,16.51,137371612.0,2335778957.0,2406145654.0,0.057091976860017636,17.366,18.336,18.8465,17.717,27.22513084016336,65487527.2,17.53966666666667,19.072,True,True,20.31,2268005314.1200004,1216870127.2540002
2022-11-08,16.65,17.52,16.45,17.23,109923504.0,1934338984.0,2406145654.0,0.04568447625656497,17.21,18.028000000000002,18.770000000000003,17.75,36.69724763908761,68626550.6,17.582,19.0145,True,True,20.31,1893981973.92,1267349058.182
2022-11-09,17.28,17.28,16.47,16.63,56019892.0,972241850.0,2406145654.0,0.023282003692034182,17.041999999999998,17.686,18.6315,17.764166666666664,35.398230025843816,68262768.25,17.621,18.958499999999997,True,True,20.31,931610803.9599999,1252532925.5500002
2022-11-10,16.54,16.86,16.21,16.39,42155733.0,720203207.0,2406145654.0,0.017520025410731017,16.872,17.471,18.4865,17.7745,23.35243548324725,68245146.2,17.655500000000004,18.8985,True,True,20.31,690932463.87,1246080414.9205
2022-11-11,16.94,17.16,16.44,16.51,44149482.0,762200040.0,2406145654.0,0.01834863235590309,16.654,17.242,18.3605,17.781833333333335,24.857954496021108,68116890.55,17.694000000000003,18.8975,True,True,20.31,728907947.82,1238076875.1690001
2022-11-14,16.9,17.38,16.51,16.86,83800019.0,1471235811.0,2406145654.0,0.034827492201351166,16.724,17.045,18.2665,17.80216666666667,25.806451562231373,70445895.85,17.717,18.8465,True,True,20.31,1412868320.34,1273845232.7050002
2022-11-15,16.86,17.31,16.6,17.22,62517050.0,1096532040.0,2406145654.0,0.025982238396944527,16.722,16.966,18.128000000000004,17.81833333333333,30.428768959059084,70356140.05,17.75,18.770000000000003,True,True,20.31,1076543601.0,1263392402.838
2022-11-16,17.12,17.19,16.55,16.67,44510785.0,772393642.0,2406145654.0,0.01849879076356198,16.73,16.886000000000003,17.9985,17.819833333333335,35.08771921989984,70040654.85,17.764166666666664,18.6315,True,True,20.31,741994785.95,1251552011.2285001
2022-11-17,16.59,16.67,15.66,15.95,75614974.0,1246755046.0,2406145654.0,0.031425767544162146,16.642000000000003,16.756999999999998,17.848999999999997,17.809666666666665,28.82615150021303,71961245.9,17.7745,18.4865,True,True,20.31,1206058835.3,1276623567.1025
2022-11-18,15.89,15.91,15.52,15.61,50401269.0,816999109.0,2406145654.0,0.020946890274997458,16.462,16.558,17.624000000000002,17.781333333333333,27.130681764228754,70924167.2,17.781833333333335,18.3605,True,True,20.31,786763809.0899999,1244427628.9205
2022-11-21,15.61,15.92,15.49,15.8,32122252.0,523789933.0,2406145654.0,0.013350086245443893,16.25,16.487000000000002,17.4115,17.762833333333333,32.76131038086453,69894568.6,17.80216666666667,18.2665,True,True,20.31,507531581.6,1216958198.4404998
2022-11-22,15.73,15.97,15.39,15.62,33379009.0,538341241.0,2406145654.0,0.01387239751862503,15.930000000000001,16.326,17.177,17.750833333333333,34.710743721330516,69476710.05,17.81833333333333,18.128000000000004,True,True,20.31,521380120.58,1200644113.6795
2022-11-23,15.62,16.52,15.41,16.3,70071127.0,1165335489.0,2406145654.0,0.029121731215029763,15.856,16.293,16.9895,17.747333333333334,42.769230677112446,70177131.95,17.819833333333335,17.9985,True,True,20.05,1142159370.1000001,1201549236.462
2022-11-24,16.45,16.97,16.32,16.4,44453329.0,764101903.0,2406145654.0,0.018474911909883904,15.945999999999998,16.294,16.8825,17.757833333333334,40.38461529400885,66736918.1,17.809666666666665,17.848999999999997,True,True,18.83,729034595.5999999,1133011165.48
2022-11-25,15.97,16.15,15.24,15.51,81499369.0,1311261008.0,2406145654.0,0.03387133645235261,15.925999999999998,16.194000000000003,16.718,17.7585,41.72185420792946,68049533.7,17.781333333333333,17.624000000000002,True,True,18.83,1264055213.19,1144281692.5595
2022-11-28,15.2,16.31,15.2,16.02,71672364.0,1182022015.0,2406145654.0,0.029787209216055214,15.969999999999999,16.11,16.5775,17.762166666666666,39.62264141428524,68759624.7,17.762833333333333,17.4115,True,True,18.83,1148191271.28,1147582738.9475
2022-11-29,15.72,15.83,15.55,15.61,67600107.0,1090932411.0,2406145654.0,0.028094769278668115,15.968,15.949000000000002,16.4575,17.755333333333333,40.957446706843214,67424399.5,17.750833333333333,17.177,True,True,18.01,1055237670.27,1115423320.2555
2022-11-30,15.52,15.92,15.34,15.88,55494937.0,897727698.0,2406145654.0,0.02306383111419073,15.884,15.87,16.378,17.726166666666664,45.502645390293296,65733817.95,17.747333333333334,16.9895,True,True,17.6,881259599.5600001,1081477013.0855002
2022-12-01,15.89,16.5,15.7,16.18,78710408.0,1315387577.0,2406145654.0,0.032712237461248884,15.84,15.893,16.325,17.724333333333334,47.17948706657899,65396976.15,17.757833333333334,16.8825,True,True,17.6,1273534401.44,1071498208.8295
2022-12-02,16.1,16.77,16.02,16.46,52792441.0,901561409.0,2406145654.0,0.0219406671878892,16.03,15.978000000000003,16.268,17.704333333333334,46.539792274817124,64712983.15,17.7585,16.718,True,True,17.6,868963578.86,1056450762.8924999
2022-12-05,16.49,16.59,16.02,16.15,52180794.0,872210249.0,2466734657.0,0.021153792870231683,16.056,16.012999999999998,16.25,17.683,40.66317616591894,60453442.25,17.762166666666666,16.5775,False,True,17.23,842719823.0999999,985186488.3414999
2022-12-06,16.05,16.05,15.4,15.6,69219925.0,1115750971.0,2466734657.0,0.028061358283336432,16.054000000000002,16.011,16.1685,17.639499999999998,40.663176165918934,58418263.3,17.755333333333333,16.4575,True,False,17.23,1079830830.0,944478931.1455
2022-12-07,15.49,15.78,15.41,15.56,35539525.0,572908539.0,2466734657.0,0.014407518416765002,15.99,15.937000000000001,16.115000000000002,17.585833333333333,46.13861373347713,57394244.95,17.726166666666664,16.378,True,True,17.22,552995009.0,925548141.3974998
2022-12-08,15.5,15.76,15.37,15.42,33858475.0,542246641.0,2466734657.0,0.013726030444303277,15.838,15.839000000000002,16.066499999999998,17.526333333333334,48.04123697472633,56979382.05,17.724333333333334,16.325,True,True,17.22,522097684.5,917106402.4289999
2022-12-09,15.35,15.45,14.69,14.71,91667894.0,1409333798.0,2466734657.0,0.03716163541946782,15.488,15.759,15.976500000000001,17.459333333333333,39.85102410467145,59355302.65,17.704333333333334,16.268,True,True,17.22,1348434720.74,948082741.075
2022-12-12,14.72,14.9,14.37,14.85,50616737.0,765169195.0,2466734657.0,0.020519733185067907,15.228,15.642000000000001,15.876,17.397333333333336,42.77673534730314,57696138.55,17.683,16.25,True,True,17.22,751658544.4499999,915022252.2805
2022-12-13,14.85,14.93,14.46,14.49,29519787.0,445705550.0,2466734657.0,0.011967151357860863,15.006,15.529999999999998,15.739499999999998,17.333500000000004,31.936127655268294,56046275.4,17.639499999999998,16.1685,True,True,17.22,427741713.63,882582157.912
2022-12-14,14.53,14.61,14.08,14.22,45519651.0,672375419.0,2466734657.0,0.018453403924425422,14.738,15.363999999999999,15.617,17.269333333333332,28.957528879265382,56096718.7,17.585833333333333,16.115000000000002,True,True,16.67,647289437.22,877846890.4755001
2022-12-15,14.18,14.53,14.05,14.41,32382819.0,480110631.0,2466734657.0,0.013127808014577224,14.536000000000001,15.187000000000001,15.540000000000001,17.22666666666667,37.723214167829234,53935110.95,17.526333333333334,16.066499999999998,True,True,16.46,466636421.79,840875769.8
2022-12-16,14.33,14.33,13.79,14.04,49365850.0,712827677.0,2466734657.0,0.020012630811308215,14.402000000000001,14.945000000000002,15.461500000000001,17.18566666666667,27.18894000445964,53883340.0,17.459333333333333,15.976500000000001,True,True,16.46,693096534.0,836192406.0455
2022-12-19,13.99,14.15,13.81,13.91,25397957.0,366713005.0,2466734657.0,0.010296185253621302,14.213999999999999,14.721,15.367,17.138166666666667,29.064039308646173,53547125.25,17.397333333333336,15.876,True,True,16.46,353285581.87,828480106.059
2022-12-20,13.86,14.57,13.79,14.45,78486742.0,1166244797.0,2466734657.0,0.031818072437290124,14.206,14.606,15.3085,17.088833333333334,33.48729781320502,55802511.9,17.333500000000004,15.739499999999998,True,True,16.46,1134133421.8999999,859117771.125
2022-12-21,14.56,15.1,14.38,14.89,72933837.0,1112916667.0,2466734657.0,0.029566956783548367,14.34,14.539000000000001,15.238,17.044999999999998,35.57046968725132,55945647.4,17.269333333333332,15.617,True,True,16.46,1085984832.93,856309044.2665
2022-12-22,14.89,14.94,13.47,13.85,101969558.0,1478483953.0,2466734657.0,0.041337870577459516,14.228,14.382,15.110500000000002,16.982166666666664,25.047801080177962,58821458.85,17.22666666666667,15.540000000000001,True,True,16.46,1412278378.3,890471233.4015
2022-12-23,13.53,14.0,13.36,13.6,54358101.0,762782511.0,2466734657.0,0.022036460567716423,14.139999999999997,14.270999999999997,15.015,16.921333333333333,25.338491227323217,57464395.45,17.18566666666667,15.461500000000001,True,True,16.46,739270173.6,864231981.4219999
2022-12-26,13.51,14.52,13.48,14.43,63674073.0,931894515.0,2466734657.0,0.025813101875107762,14.244,14.229,14.9355,16.861666666666668,39.266054945004626,57064480.9,17.138166666666667,15.367,True,True,16.46,918816873.39,852763261.5275
2022-12-27,14.42,14.73,13.97,14.53,76896741.0,1140886866.0,2466734657.0,0.0311734952041905,14.26,14.232999999999999,14.881499999999999,16.7845,40.653357428466954,57529312.6,17.088833333333334,15.3085,True,True,16.46,1117309646.73,855866860.3505
2022-12-28,14.41,14.72,14.19,14.53,49996687.0,747973659.0,2466734657.0,0.02026836849197437,14.187999999999999,14.264,14.814000000000002,16.716833333333334,41.713221492740196,57254400.1,17.044999999999998,15.238,True,True,16.46,726451862.11,848126473.4779999
2022-12-29,14.43,14.76,14.43,14.62,36739755.0,553957928.0,2466734657.0,0.014894084734951693,14.341999999999999,14.285,14.736,16.653166666666667,49.05263143437117,55155867.45,16.982166666666664,15.110500000000002,True,True,16.46,537135218.1,811306514.3110001
2022-12-30,14.63,15.08,14.5,14.58,51363241.0,786994733.0,2466734657.0,0.020822361600281357,14.538,14.339000000000002,14.642,16.602500000000003,47.096774051751645,55084407.45,16.921333333333333,15.015,True,True,16.46,748876053.78,805302138.0569999
2023-01-03,14.66,15.86,14.52,15.69,84719006.0,1342749127.0,2466734657.0,0.03434459631058729,14.790000000000001,14.517000000000001,14.619,16.571833333333334,61.11111095267489,56711318.05,16.861666666666668,14.9355,True,True,16.15,1329241204.1399999,829628207.109
2023-01-04,15.69,15.78,15.25,15.42,46856204.0,750122927.0,2466734657.0,0.018995234800400343,14.968,14.613999999999999,14.61,16.516166666666667,61.11111095267489,55593132.0,16.7845,14.881499999999999,False,True,15.69,722522665.68,811762798.8929999
2023-01-05,15.51,15.64,15.26,15.6,35673942.0,571074442.0,2466734657.0,0.014462010293148446,15.181999999999999,14.684999999999999,14.611999999999998,16.452833333333334,61.03896088041828,55599852.85,16.716833333333334,14.814000000000002,False,False,15.69,556513495.1999999,811938723.203
2023-01-06,15.59,15.96,15.51,15.6,44121584.0,715008651.0,2466734657.0,0.0178866356277087,15.378,14.86,14.621,16.391333333333332,65.53784842280282,56113008.3,16.653166666666667,14.736,False,False,15.69,688296710.4,820248674.4979999
2023-01-09,15.64,15.9,15.42,15.76,41708934.0,679240975.0,2466734657.0,0.016908561235656244,15.613999999999999,15.075999999999999,14.673499999999999,16.336833333333335,68.31683149377513,53615060.3,16.602500000000003,14.642,False,False,15.69,657332799.84,785693578.453
2023-01-10,15.95,16.22,15.66,15.71,37965590.0,622999029.0,2466734657.0,0.015391031172429829,15.618,15.203999999999999,14.716500000000002,16.286333333333335,63.81578927775856,52982502.95,16.571833333333334,14.619,False,False,15.76,596439418.9,777932622.1755
2023-01-11,15.68,15.81,15.41,15.5,38742512.0,623127076.0,2466734657.0,0.01570599086936978,15.634,15.301000000000002,14.767000000000001,16.2115,57.043879723183764,53443639.2,16.516166666666667,14.61,False,False,15.76,600508936.0,786570983.2939999
2023-01-12,15.54,15.85,15.49,15.6,30746498.0,498532694.0,2466734657.0,0.012464452920685582,15.634,15.408000000000001,14.835999999999999,16.1505,75.8112091264434,52704981.55,16.452833333333334,14.611999999999998,False,False,15.76,479645368.8,778188779.873
2023-01-13,15.59,15.71,15.11,15.35,42840419.0,677226322.0,2466734657.0,0.01736725872741488,15.584,15.481,14.883000000000001,16.090666666666667,75.8112091264434,53227861.55,16.391333333333332,14.621,False,False,15.76,657600431.65,787736980.3659999
2023-01-16,15.57,15.59,15.18,15.28,42194234.0,669971440.0,2466734657.0,0.01710529905608733,15.488,15.550999999999998,14.944999999999999,16.010166666666667,66.15969546530962,52869280.75,16.336833333333335,14.673499999999999,False,False,15.76,644727895.52,785318548.442
2023-01-17,15.34,15.36,15.01,15.14,35092329.0,548664101.0,2466734657.0,0.014226227738121896,15.374,15.495999999999999,15.006499999999999,15.928333333333335,61.42322065171349,53353999.35,16.286333333333335,14.716500000000002,False,False,15.76,531297861.06,794219162.4015
2023-01-18,15.19,15.3,15.05,15.2,27250922.0,427705104.0,2466734657.0,0.011047366575350305,15.313999999999998,15.474,15.044,15.843166666666665,62.27106195172351,50792208.35,16.2115,14.767000000000001,False,False,15.76,414214014.4,758223192.0265
2023-01-19,15.05,15.11,14.02,14.38,125306324.0,1864177724.0,2466734657.0,0.05079846089015321,15.070000000000002,15.352,15.0185,15.748666666666667,46.53179171923554,53410832.7,16.1505,14.835999999999999,False,False,15.76,1801904939.1200001,794019197.3360001
2023-01-20,14.41,14.7,14.4,14.62,53214033.0,801047832.0,2466734657.0,0.021572662000345827,14.924000000000001,15.254,15.056999999999999,15.683333333333334,50.546447894084615,50973056.45,16.090666666666667,14.883000000000001,True,False,15.76,777989162.4599999,762304736.5439999
2023-01-30,14.81,14.94,14.63,14.7,54205207.0,825746219.0,2466734657.0,0.021974478222121965,14.807999999999998,15.148,15.112,15.615,31.17870705836424,50965411.75,16.010166666666667,14.944999999999999,True,True,15.76,796816542.9,765182055.009
2023-01-31,14.75,15.13,14.68,15.0,49472182.0,764113148.0,2466734657.0,0.020055737190706687,14.780000000000001,15.076999999999998,15.1405,15.551166666666667,42.10526293628808,50255317.2,15.928333333333335,15.006499999999999,True,True,15.76,742082730.0,756345347.8395
2023-02-01,15.15,15.44,14.96,15.24,62542397.0,983637188.0,2466734657.0,0.025354326953050954,14.788,15.050999999999998,15.176000000000002,15.505,43.38235271788495,49537600.0,15.843166666666665,15.044,True,True,15.76,953146130.28,748137172.017
2023-02-02,15.2,15.22,14.63,14.72,88207476.0,1353660292.0,2466734657.0,0.03575880192451522,14.856,14.963,15.1855,15.459166666666668,36.41975292905044,51448139.45,15.748666666666667,15.0185,False,True,15.76,1298414046.72,776735281.2475
2023-02-03,14.61,14.7,13.86,14.05,118911064.0,1733077417.0,2466734657.0,0.048205859378737385,14.741999999999999,14.833000000000002,15.157,15.406,27.199999898453314,55556704.9,15.683333333333334,15.056999999999999,True,False,15.76,1670700449.2,833413542.8025
2023-02-06,13.96,14.1,13.76,13.91,56570707.0,813520654.0,2466734657.0,0.022933438276170455,14.584,14.696000000000002,15.123500000000002,15.3445,26.56249990315753,55817078.2,15.615,15.112,True,True,15.76,786898534.37,835314666.832
2023-02-07,13.96,14.03,13.77,13.9,46516253.0,667637350.0,2466734657.0,0.018857420626088847,14.364,14.572,15.034,15.301,28.02197791420116,53906940.55,15.551166666666667,15.1405,True,True,15.76,646575916.7,801181402.46
2023-02-08,13.95,14.04,13.8,13.83,42228237.0,605639346.0,2466734657.0,0.017119083676132903,14.081999999999999,14.434999999999999,14.9545,15.244333333333334,25.48476444410339,53675542.2,15.505,15.176000000000002,True,True,15.76,584016517.71,794256095.0615001
2023-02-09,13.78,14.18,13.58,14.18,76367604.0,1100616484.0,2466734657.0,0.030958986116843615,13.974,14.415000000000001,14.883500000000002,15.2035,34.23180580074249,55710225.3,15.459166666666668,15.1855,True,True,15.76,1082892624.72,820575051.5375
2023-02-10,14.17,14.3,13.97,14.03,49366000.0,719614293.0,2466734657.0,0.020012691620442905,13.970000000000002,14.356,14.805000000000001,15.164166666666667,33.50923470471521,55972446.1,15.406,15.157,True,True,15.76,692604980.0,820790465.0175
2023-02-13,14.09,14.38,14.04,14.29,58225321.0,857168193.0,2466734657.0,0.023604209246734557,14.046000000000001,14.315000000000001,14.7315,15.127166666666666,39.130434642499694,56798265.45,15.3445,15.123500000000002,True,True,15.76,832039837.0899999,829525816.88
2023-02-14,14.28,14.47,14.19,14.31,49161066.0,726330838.0,2466734657.0,0.019929612559053612,14.128,14.246,14.661499999999998,15.084666666666667,38.501291850382934,57358039.25,15.301,15.034,True,True,15.71,703494854.46,834878588.658
2023-02-15,14.3,14.61,14.24,14.55,72862838.0,1088409205.0,2466734657.0,0.02953817419852305,14.272,14.177000000000001,14.613999999999999,15.040166666666666,52.58358640237987,59064055.55,15.244333333333334,14.9545,True,True,15.6,1060154292.9000001,857860856.503
2023-02-16,14.54,14.54,13.97,14.13,79034217.0,1166247172.0,2466734657.0,0.032040015644049874,14.262,14.118,14.5405,14.997833333333334,42.93948109476869,61478441.5,15.2035,14.883500000000002,True,True,15.6,1116753486.21,889716262.3735001
2023-02-17,14.07,14.16,13.75,13.77,52547161.0,754106713.0,2466734657.0,0.021302315938556176,14.209999999999999,14.09,14.461499999999997,14.9615,37.599999859626685,61963778.6,15.164166666666667,14.805000000000001,True,True,15.35,723574406.97,893014961.1395
2023-02-20,13.75,13.88,13.59,13.87,54679761.0,774559179.0,2466734657.0,0.02216685967614392,14.126,14.086000000000002,14.391,14.9325,34.084506907835745,62588054.95,15.127166666666666,14.7315,True,True,15.28,758408285.0699999,898698980.617
2023-02-21,13.84,14.26,13.76,14.03,52427083.0,759124670.0,2466734657.0,0.021253637010054786,14.069999999999999,14.099,14.3355,14.902999999999999,32.56484136717356,63454792.65,15.084666666666667,14.661499999999998,True,True,15.24,735551974.49,908911686.2885001
2023-02-22,13.95,14.18,13.88,13.95,35351400.0,510750895.0,2466734657.0,0.01433125362700898,13.95,14.111,14.273,14.875166666666667,37.29372920062303,63859816.55,15.040166666666666,14.613999999999999,True,True,15.24,493152030.0,912858587.0684999
2023-02-23,13.91,14.46,13.87,14.41,94970303.0,1398388634.0,2466734657.0,0.03850041297733305,14.006,14.134,14.2745,14.843666666666667,56.382978443488746,62343015.5,14.997833333333334,14.5405,True,True,15.24,1368522066.23,891189443.424
2023-02-24,14.25,14.29,14.07,14.14,62739335.0,917976798.0,2466734657.0,0.025434164482167083,14.079999999999998,14.145,14.250499999999999,14.806,53.8983048289572,62819280.6,14.9615,14.461499999999997,False,True,15.24,887134196.9,896646695.1460001
2023-02-27,14.04,14.44,13.93,14.26,67853695.0,999054062.0,2466734657.0,0.027507496522760373,14.157999999999998,14.142000000000001,14.2285,14.785166666666665,55.882352685505566,63501705.0,14.9325,14.391,True,False,15.24,967593690.6999999,905185552.536
2023-02-28,14.39,14.54,13.97,14.26,75259840.0,1108197728.0,2466734657.0,0.030509904981644728,14.203999999999999,14.137,14.1915,14.755833333333333,57.19063518372277,64791087.9,14.902999999999999,14.3355,False,True,15.24,1073205318.4,921741681.956
2023-03-01,14.18,14.5,14.15,14.38,68819514.0,1022830923.0,2466734657.0,0.027899033973802882,14.290000000000001,14.12,14.148499999999999,14.735333333333333,53.62318813379543,65104943.75,14.875166666666667,14.273,False,False,15.24,989624611.32,923565606.0080001
2023-03-02,14.44,15.23,14.42,15.07,194411048.0,2994624730.0,2466734657.0,0.07881311735265412,14.422,14.213999999999999,14.166,14.721833333333333,65.75757547860422,70415122.35,14.843666666666667,14.2745,False,False,14.72,2929774493.36,1005133628.3400002
2023-03-03,15.11,15.19,14.84,15.05,107403113.0,1665873914.0,2466734657.0,0.043540602429700245,14.604,14.342000000000002,14.216,14.703000000000001,62.418300368020866,69839724.8,14.806,14.250499999999999,False,False,15.07,1616416850.65,1002419448.4125
2023-03-06,14.99,15.47,14.82,15.37,133498721.0,2102048462.0,2466734657.0,0.05411961137415519,14.825999999999999,14.492,14.288999999999998,14.684833333333334,65.77380924975196,73686125.5,14.785166666666665,14.2285,False,False,15.07,2051875341.77,1065668288.7825
2023-03-07,15.19,15.23,14.62,14.69,106822541.0,1645920879.0,2466734657.0,0.04330524189006844,14.912,14.558000000000002,14.3285,14.6605,51.84210507216065,76701439.9,14.755833333333333,14.1915,False,False,15.37,1569223127.29,1111800649.312
2023-03-08,14.57,14.98,14.52,14.91,72375354.0,1109046258.0,2466734657.0,0.02934055099709089,15.018,14.654,14.382500000000002,14.649,60.833333096759254,78208795.75,14.735333333333333,14.148499999999999,False,False,15.37,1079116528.14,1136555649.8335001
2023-03-09,14.81,14.88,14.59,14.72,54142734.0,824084701.0,2466734657.0,0.021949152028312383,14.947999999999999,14.684999999999999,14.4095,14.635,63.84839624085205,77097552.25,14.721833333333333,14.166,False,False,15.37,796981044.48,1122260070.8215
2023-03-10,14.58,14.67,14.04,14.09,92385101.0,1361090940.0,2466734657.0,0.037452386999888,14.756,14.680000000000001,14.4125,14.612833333333333,52.77777759118968,79248507.3,14.703000000000001,14.216,False,False,15.37,1301706073.09,1152715125.476
2023-03-13,14.0,14.23,13.87,14.17,56309522.0,816651489.0,2466734657.0,0.022827555383878487,14.516,14.671000000000001,14.4065,14.603833333333334,51.80412352441812,79152717.35,14.684833333333334,14.288999999999998,True,False,15.37,797905926.74,1151008429.9585001
2023-03-14,14.17,14.17,13.58,13.8,68588616.0,978364463.0,2466734657.0,0.02780542925659312,14.338,14.625,14.381,14.586333333333334,48.20143868709351,80124094.85,14.6605,14.3285,True,True,15.37,946522900.8000001,1163159832.2755
2023-03-15,13.89,14.07,13.77,13.93,46629502.0,671140959.0,2466734657.0,0.018903331117384955,14.142000000000001,14.580000000000002,14.35,14.577,43.74999984049479,78812428.05,14.649,14.382500000000002,True,True,15.37,649548962.86,1142629565.7735
2023-03-16,13.82,13.85,13.46,13.48,54874500.0,772787176.0,2466734657.0,0.022245805743345504,13.894,14.421000000000001,14.3175,14.564666666666666,41.79104463057844,77604442.2,14.635,14.4095,True,True,15.37,739708260.0,1123777304.463
2023-03-17,13.58,13.68,13.45,13.49,56989688.0,797172029.0,2466734657.0,0.023103290756578524,13.774000000000001,14.265,14.303500000000003,14.549333333333333,40.15345254165004,77826568.55,14.612833333333333,14.4125,True,True,15.37,768790891.12,1126038128.6705
2023-03-20,13.65,14.7,13.65,14.53,172344057.0,2543925551.0,2466734657.0,0.06986728649996017,13.846,14.181000000000001,14.336500000000001,14.557500000000001,52.72727257814508,83709783.35,14.603833333333334,14.4065,True,True,15.37,2504159148.21,1213325671.8274999
2023-03-21,14.52,14.53,14.3,14.49,60993317.0,908264395.0,2466734657.0,0.024726338857288775,13.984,14.161000000000001,14.3595,14.567166666666667,51.12936330270819,84138095.05,14.586333333333334,14.381,False,True,15.37,883793163.33,1220737731.2695003
2023-03-22,14.54,15.16,14.46,14.94,109942790.0,1687921977.0,2466734657.0,0.04457017283476712,14.185999999999998,14.163999999999998,14.409,14.575333333333333,48.59611216407222,87867664.55,14.577,14.35,False,False,15.37,1642545282.6,1278207393.8995001
2023-03-23,14.81,15.22,14.76,15.06,92605312.0,1440001298.0,2466734657.0,0.03754165926894828,14.502,14.197999999999999,14.4415,14.578166666666668,50.1057080969387,87749415.0,14.564666666666666,14.3175,False,False,15.37,1394635998.72,1279513090.5240002
2023-03-24,14.98,15.36,14.92,15.24,106538349.0,1670461650.0,2466734657.0,0.04319003209269784,14.851999999999999,14.312999999999999,14.496500000000001,14.601333333333335,48.58387784745659,89939365.7,14.549333333333333,14.303500000000003,False,False,15.37,1623644438.76,1316338602.617
2023-03-27,15.3,15.74,15.11,15.38,136818307.0,2179240350.0,2466734657.0,0.0554653523887308,15.022,14.434000000000001,14.5525,14.631,58.5185183162323,93387596.3,14.557500000000001,14.336500000000001,False,False,15.37,2104265561.66,1373172196.165
2023-03-28,15.25,15.31,14.75,14.78,91239736.0,1412195157.0,2466734657.0,0.03698806263619946,15.080000000000002,14.532,14.5785,14.636833333333334,48.53273122359858,94186591.1,14.567166666666667,14.3595,False,False,15.38,1348523298.08,1386938095.1490002
2023-03-29,14.84,15.1,14.72,14.82,65758295.0,1012334161.0,2466734657.0,0.026658033450575547,15.056000000000001,14.620999999999999,14.6005,14.641666666666667,51.16822413169272,94033530.15,14.575333333333333,14.409,False,False,15.38,974537931.9,1386183761.178
2023-03-30,14.79,14.85,14.43,14.55,62732217.0,946853063.0,2466734657.0,0.025431278886028964,14.954000000000002,14.728,14.5745,14.642,55.867346739249285,87449588.6,14.578166666666668,14.4415,False,False,15.38,912753757.35,1285332724.3775
2023-03-31,14.6,14.65,14.3,14.62,50580907.0,758449986.0,2466734657.0,0.020505207909761815,14.830000000000002,14.841,14.553,14.642,55.75447550369241,84608478.3,14.601333333333335,14.496500000000001,True,False,15.38,739492860.3399999,1241486524.862
2023-04-03,14.63,15.43,14.63,15.27,107458601.0,1671405727.0,2466734657.0,0.043563096944804466,14.807999999999998,14.914999999999997,14.547999999999998,14.6535,67.54176588410866,83306472.3,14.631,14.5525,False,True,15.38,1640892837.27,1220937399.6369998
2023-04-04,15.29,15.4,14.96,15.09,83526978.0,1305072345.0,2466734657.0,0.0338613550358854,14.87,14.975,14.568000000000001,14.6435,63.67924507275721,82141694.15,14.636833333333334,14.5785,False,False,15.38,1260422098.02,1205497348.1734998
2023-04-06,15.23,16.22,14.91,16.09,206664426.0,3338884733.0,2466734657.0,0.08378056610731764,15.124,15.09,14.626999999999999,14.654666666666667,77.24425864688526,88856147.75,14.641666666666667,14.6005,False,False,15.38,3325230614.34,1317803052.4835
2023-04-07,17.04,17.6,16.38,16.75,260820706.0,4544774760.0,2466734657.0,0.10573520960588668,15.563999999999998,15.259,14.7285,14.673833333333334,79.96323508832991,99190046.35,14.642,14.5745,False,False,16.09,4368746825.5,1496391341.5345001
2023-04-10,16.68,16.93,15.89,15.99,165558695.0,2798363263.0,2466734657.0,0.06711653988814087,15.838,15.334,14.8235,14.680333333333333,64.14728664766241,102848726.05,14.642,14.553,False,False,16.75,2647283533.05,1563670214.5325
2023-04-11,16.02,16.08,15.44,15.67,116432564.0,1888485800.0,2466734657.0,0.047201089776556376,15.918000000000001,15.363,14.898500000000002,14.678833333333333,60.8455880787062,105854878.15,14.6535,14.547999999999998,False,False,16.75,1824498277.8799999,1614999832.0895
2023-04-12,15.66,16.05,15.51,15.93,121123670.0,1982628855.0,2466734657.0,0.04910283708719142,16.086,15.478,15.005,14.6825,59.42857127009524,108481630.85,14.6435,14.568000000000001,False,False,16.75,1929500063.1,1664148690.2045
2023-04-13,15.78,15.79,15.15,15.31,121954470.0,1941447972.0,2466734657.0,0.04943963861452327,15.930000000000001,15.527000000000001,15.074000000000002,14.679333333333334,52.17391291644611,112247879.25,14.654666666666667,14.626999999999999,False,False,16.75,1867122935.7,1725027388.8465
2023-04-14,15.24,15.39,15.01,15.37,75400006.0,1187019419.0,2466734657.0,0.030566727469463692,15.654,15.609,15.1685,14.6755,51.154529180077546,113274154.55,14.673833333333334,14.7285,False,False,16.75,1158898092.22,1745986880.4575
2023-04-17,15.48,15.52,14.71,14.96,107487432.0,1665058303.0,2466734657.0,0.043574784865885965,15.447999999999999,15.643,15.241999999999999,14.669000000000002,46.44067785590347,115799041.75,14.680333333333333,14.8235,False,False,16.75,1608011982.72,1787947935.0375
2023-04-18,14.97,15.61,14.85,15.46,110205758.0,1739886070.0,2466734657.0,0.044676778544973435,15.406,15.662,15.288499999999999,14.671999999999999,55.862068830677785,112692126.8,14.678833333333333,14.898500000000002,True,False,16.75,1703781018.68,1747929028.561
2023-04-19,15.48,15.69,15.25,15.44,113004986.0,1810218410.0,2466734657.0,0.0458115694281584,15.308000000000002,15.697,15.335999999999999,14.677,55.36332166520994,115292710.25,14.6825,15.005,False,True,16.75,1744796983.84,1790979219.5864997
2023-04-20,15.57,15.85,15.44,15.76,125119313.0,2024075189.0,2466734657.0,0.050722647709570814,15.398000000000001,15.664000000000001,15.377,14.686333333333334,60.37735834557753,116051536.4,14.679333333333334,15.074000000000002,False,False,16.75,1971880372.8799999,1807445974.1005
2023-04-21,15.88,15.96,14.7,14.8,135503176.0,2142513691.0,2466734657.0,0.05493220586797796,15.284,15.469,15.363999999999999,14.693333333333333,51.33928560732889,118196429.6,14.6755,15.1685,False,False,16.75,2005447004.8000002,1837986524.4044998
2023-04-24,14.62,15.58,14.58,15.16,108201957.0,1704646599.0,2466734657.0,0.04386444917897791,15.324000000000002,15.386000000000001,15.36,14.702333333333335,49.144634418658654,118279610.0,14.669000000000002,15.241999999999999,True,False,16.75,1640341668.1200001,1838821385.8725
2023-04-25,15.05,15.08,13.98,14.17,124117091.0,1831192767.0,2466734657.0,0.050316352692327704,15.065999999999999,15.236,15.2995,14.6935,43.646408755379866,117644549.2,14.671999999999999,15.288499999999999,True,True,16.75,1758739179.47,1821545066.763
2023-04-26,14.35,14.81,14.23,14.36,81059965.0,1214282565.0,2466734657.0,0.03286124219723889,14.85,15.078999999999999,15.2785,14.682833333333333,36.54743382400246,117135560.65,14.677,15.335999999999999,True,True,16.75,1164021097.3999999,1812319956.729
2023-04-27,14.13,14.2,13.8,13.87,72591880.0,1047744521.0,2466734657.0,0.02942832938840896,14.472,14.934999999999999,15.231,14.66,26.996805051444824,117477239.9,14.686333333333334,15.377,True,True,16.75,1006849375.5999999,1813935528.914
2023-04-28,13.94,14.18,13.89,14.09,54057604.0,786064459.0,2466734657.0,0.02191464081740511,14.330000000000002,14.806999999999999,15.208000000000002,14.649499999999998,33.39160830988067,117043509.25,14.693333333333333,15.363999999999999,True,True,16.75,761671640.36,1806381423.0645
2023-05-04,14.03,14.45,13.95,14.31,54777386.0,809258200.0,2466734657.0,0.0222064362879708,14.16,14.741999999999999,15.1925,14.653833333333333,37.90035577747243,117253333.2,14.702333333333335,15.36,True,True,16.75,783864393.6600001,1808599999.7305
2023-05-05,14.31,14.31,13.82,13.94,50180219.0,723898705.0,2466734657.0,0.020342771306026207,14.113999999999999,14.59,15.126000000000001,14.654333333333334,32.63525297436412,114389414.1,14.6935,15.2995,True,True,16.75,699512252.86,1761530970.5099998
2023-05-08,13.95,14.18,13.9,14.09,35977282.0,522919563.0,2466734657.0,0.014584982579259232,14.059999999999999,14.455000000000002,15.075999999999999,14.657499999999999,38.40304172288163,112011929.3,14.682833333333333,15.2785,True,True,16.75,506919903.38,1723855860.7780004
2023-05-09,14.06,14.07,13.65,13.67,61529165.0,876657286.0,2466734657.0,0.024943568545321655,14.02,14.245999999999999,14.955000000000002,14.654833333333332,34.87544475297932,104755166.25,14.66,15.231,True,True,16.75,841103685.55,1599649514.3385
2023-05-10,13.71,13.95,13.65,13.91,43498221.0,621394946.0,2466734657.0,0.017633927863526994,13.984,14.157,14.813000000000002,14.650333333333332,40.366972373369244,93889042.0,14.649499999999998,15.208000000000002,True,True,16.75,605060254.11,1411465185.7689998
2023-05-11,13.84,14.37,13.75,14.15,54944147.0,804039100.0,2466734657.0,0.022274040235370156,13.952000000000002,14.056000000000001,14.721,14.652333333333333,37.37957600706858,88358314.6,14.653833333333333,15.1925,True,True,15.99,777459680.0500001,1317973993.119
2023-05-12,14.05,14.18,13.91,13.93,33722791.0,488902540.0,2466734657.0,0.013671024933428824,13.95,14.032,14.634,14.646333333333333,35.992578756234494,84222825.95,14.654333333333334,15.126000000000001,True,True,15.93,469758478.63,1250237003.1565
2023-05-15,14.04,14.47,14.04,14.39,56971835.0,841375371.0,2466734657.0,0.023096053253367818,14.01,14.035,14.556999999999999,14.647666666666668,37.61301979627809,81015234.2,14.657499999999999,15.075999999999999,True,True,15.93,819824705.65,1194753235.284
2023-05-16,14.39,14.67,14.28,14.37,54883726.0,820022708.0,2466734657.0,0.02224954591052312,14.15,14.084999999999999,14.51,14.644666666666666,45.315904001215095,77661697.0,14.654833333333332,14.955000000000002,True,True,15.76,788679142.62,1140831045.6299999
2023-05-17,14.3,14.53,14.25,14.39,29231574.0,434246002.0,2466734657.0,0.011850311470286364,14.246,14.115,14.460999999999999,14.649000000000001,40.941176335723206,75353275.4,14.650333333333332,14.813000000000002,True,True,15.76,420642349.86,1103918258.512
2023-05-18,14.39,14.86,14.35,14.76,69877670.0,1062761590.0,2466734657.0,0.02832800431197736,14.368,14.16,14.450999999999999,14.665500000000002,58.126721538905194,73472787.3,14.652333333333333,14.721,True,True,15.76,1031394409.1999999,1075087379.836
2023-05-19,14.64,14.71,14.48,14.68,35978062.0,542897483.0,2466734657.0,0.014585298786759618,14.518,14.234,14.412,14.679,54.5454543285124,69761402.5,14.646333333333333,14.634,False,True,15.76,528157950.15999997,1016306226.4100001
2023-05-22,14.69,14.69,14.26,14.41,41141267.0,614069708.0,2466734657.0,0.016678432308578864,14.522,14.266,14.360500000000002,14.685333333333334,58.18181793498622,66168216.55,14.647666666666668,14.556999999999999,False,False,15.76,592845657.47,958708660.0914999
2023-05-23,14.39,14.4,14.07,14.1,36621905.0,535848363.0,2466734657.0,0.014846309024797555,14.468,14.309000000000001,14.277499999999998,14.687833333333334,50.14749241826994,61743346.15,14.644666666666666,14.51,False,False,15.76,516368860.5,885933084.4724998
2023-05-24,14.05,14.23,13.98,14.01,25619195.0,373400470.0,2466734657.0,0.010385873862557078,14.392,14.318999999999999,14.238000000000003,14.681166666666666,45.39877281117091,56249147.1,14.649000000000001,14.460999999999999,True,False,15.16,358924921.95,803606980.3299999
2023-05-25,14.03,14.26,13.93,14.11,29577864.0,430043701.0,2466734657.0,0.011990695438629823,14.262,14.315000000000001,14.1855,14.680666666666667,52.84280911712396,52317942.45,14.665500000000002,14.450999999999999,True,True,15.16,417343661.03999996,742457079.9760001
2023-05-26,14.08,14.15,13.9,14.04,25231725.0,365271516.0,2466734657.0,0.010228795759770282,14.134,14.325999999999999,14.178999999999998,14.676999999999998,49.1408932343737,47373674.15,14.679,14.412,True,True,14.76,354253419.0,672232791.9525
2023-05-29,14.05,14.27,13.99,14.11,30767967.0,449345591.0,2466734657.0,0.012473156329436531,14.074000000000002,14.297999999999998,14.166500000000003,14.674499999999998,58.59374967956541,44859074.25,14.685333333333334,14.360500000000002,True,True,14.76,434136014.37,635738537.8009999
2023-05-30,14.02,14.09,13.68,14.04,53499015.0,765163772.0,2466734657.0,0.02168819205915912,14.062000000000001,14.265,14.175,14.668833333333334,52.71966496314838,43904431.0,14.687833333333334,14.277499999999998,True,True,14.76,751126170.5999999,622952377.5509999
2023-05-31,13.96,14.08,13.89,14.0,28570184.0,412363200.0,2466734657.0,0.011582187779672485,14.059999999999999,14.225999999999999,14.170499999999999,14.651000000000002,46.5753421680115,42630060.0,14.681166666666666,14.238000000000003,True,True,14.76,399982576.0,604867924.333
2023-06-01,14.04,14.3,13.98,14.12,43350776.0,635682786.0,2466734657.0,0.01757415451109868,14.061999999999998,14.162,14.160999999999998,14.6355,54.54545418007827,42058729.5,14.680666666666667,14.1855,True,True,14.76,612112957.12,596280352.506
2023-06-02,14.18,14.76,14.15,14.48,68364936.0,1025818876.0,2466734657.0,0.027714750674944607,14.15,14.142,14.187999999999999,14.620666666666665,52.26130616499583,42967965.35,14.676999999999998,14.178999999999998,True,True,14.76,989924273.28,610800953.527
2023-06-05,14.49,14.55,14.33,14.4,35910187.0,534623257.0,2466734657.0,0.01455778265331276,14.208000000000002,14.141,14.2035,14.615833333333335,50.73170697061277,42964610.6,14.674499999999998,14.166500000000003,False,True,14.76,517106692.8,611310292.998
2023-06-06,14.37,14.38,13.91,13.99,40791939.0,595558873.0,2466734657.0,0.016536816752560832,14.197999999999999,14.129999999999999,14.2195,14.600500000000002,41.8032784486697,41927749.3,14.668833333333334,14.175,False,False,14.76,570679226.61,597789070.051
2023-06-07,14.01,14.11,13.65,13.74,61178411.0,874156247.0,2466734657.0,0.024801374897129847,14.145999999999997,14.103,14.210999999999999,14.584166666666667,28.017241210240797,42811758.8,14.651000000000002,14.170499999999999,True,False,14.76,840591367.14,609565625.7025
2023-06-08,13.69,13.77,13.02,13.07,103108725.0,1416671932.0,2466734657.0,0.04179968230770271,13.936000000000002,13.999,14.157,14.567166666666667,22.336769651988064,45219987.7,14.6355,14.160999999999998,True,True,14.76,1347631035.75,638074193.4875
2023-06-09,13.09,13.49,12.83,13.46,82275052.0,1119409513.0,2466734657.0,0.03335383145751943,13.732,13.940999999999999,14.133499999999998,14.555333333333333,34.32343218464422,47647600.75,14.620666666666665,14.187999999999999,True,True,14.76,1107422199.92,669957379.552
2023-06-12,13.29,13.36,13.14,13.26,39422734.0,539146590.0,2466734657.0,0.01598174894414677,13.504,13.856,14.077000000000002,14.546333333333333,35.61643818540065,46770145.7,14.615833333333335,14.2035,True,True,14.76,522745452.84,655103416.9115
2023-06-13,13.3,13.55,13.19,13.51,47538151.0,658719044.0,2466734657.0,0.019271692180226258,13.408000000000001,13.803,14.034,14.539333333333333,41.88311669273909,46402866.95,14.600500000000002,14.2195,True,True,14.76,642240420.01,647781480.7809999
2023-06-14,13.52,13.83,13.42,13.73,58712940.0,827405217.0,2466734657.0,0.02380188717638794,13.406,13.776,14.001,14.5435,44.062499807226594,47876935.25,14.584166666666667,14.210999999999999,True,True,14.76,806128666.2,667055796.5979999
2023-06-15,13.75,15.0,13.73,14.59,177741225.0,2671346118.0,2466734657.0,0.072055267272308,13.709999999999999,13.822999999999999,13.992500000000001,14.561833333333333,56.89223037681925,53270113.0,14.567166666666667,14.157,True,True,14.76,2593244472.75,745148299.7755
2023-06-16,14.39,15.05,14.28,14.99,128942397.0,1963064942.0,2466734657.0,0.052272503908798,14.016,13.874,14.008000000000001,14.5695,60.185184990140606,57918329.75,14.555333333333333,14.133499999999998,False,True,14.68,1932846531.03,815382728.819
2023-06-19,15.15,15.29,14.85,15.17,134196669.0,2093069880.0,2466734657.0,0.054402555467075515,14.398000000000001,13.950999999999999,14.045999999999998,14.580833333333334,62.75395014028097,62571099.85,14.546333333333333,14.077000000000002,False,False,14.99,2035763468.73,887528619.382
2023-06-20,15.1,15.54,14.96,15.11,96699659.0,1516870648.0,2466734657.0,0.03920148392353009,14.718,14.062999999999999,14.0965,14.583666666666668,62.47190991581869,65574987.55,14.539333333333333,14.034,False,False,15.17,1461131847.49,934766768.7314999
2023-06-21,15.1,15.11,14.46,14.47,84946841.0,1291439088.0,2466734657.0,0.0344369593052667,14.866,14.136000000000001,14.119499999999999,14.573833333333333,53.52112660979966,68541369.85,14.5435,14.001,False,False,15.17,1229180789.27,978279562.0974998
2023-06-26,14.4,14.67,14.19,14.35,74699509.0,1112992082.0,2466734657.0,0.03028275002664788,14.818000000000001,14.264000000000001,14.131499999999999,14.559,48.62579266791519,70797452.1,14.561833333333333,13.992500000000001,False,False,15.17,1071937954.15,1011009276.753
2023-06-27,14.35,14.37,13.92,14.16,58888718.0,858596401.0,2466734657.0,0.023873146563570577,14.652000000000001,14.334,14.1375,14.538666666666666,47.52066101956833,72480301.75,14.5695,14.008000000000001,False,False,15.17,833864246.88,1034989818.1470001
2023-06-28,14.19,14.19,13.47,13.95,62453141.0,888203828.0,2466734657.0,0.0253181430855455,14.407999999999998,14.403,14.129499999999998,14.524833333333333,49.56896536767984,74064560.45,14.580833333333334,14.045999999999998,False,False,15.17,871221316.9499999,1056844083.2759998
2023-06-29,13.88,14.16,13.84,13.97,46092486.0,666696362.0,2466734657.0,0.01868562792888996,14.180000000000001,14.448999999999998,14.126000000000001,14.510666666666667,52.60770958355829,73694234.0,14.583666666666668,14.0965,True,False,15.17,643912029.4200001,1051483376.217
2023-06-30,13.9,14.33,13.82,14.19,53438150.0,781073900.0,2466734657.0,0.021663517739273407,14.124,14.495,14.135500000000002,14.504666666666667,64.14141391465155,74937632.3,14.573833333333333,14.119499999999999,True,True,15.17,758287348.5,1069398614.842
2023-07-03,14.21,14.49,14.09,14.39,55937720.0,826818552.0,2466734657.0,0.02267682899790709,14.132,14.475,14.149000000000001,14.500833333333333,62.33421727515144,75566979.5,14.559,14.131499999999999,False,True,15.17,804943790.8000001,1079040156.526
2023-07-04,14.39,14.89,14.35,14.61,66295904.0,1001625317.0,2466734657.0,0.026875977037849677,14.222,14.436999999999998,14.1555,14.489833333333333,67.81002613473868,75463527.9,14.538666666666666,14.1375,False,False,15.17,968583157.4399999,1077973100.734
2023-07-05,14.6,14.61,14.18,14.23,50162922.0,743681968.0,2466734657.0,0.020335759202008082,14.278,14.343,14.147,14.4755,59.1836732580175,76176164.65,14.524833333333333,14.129499999999998,False,False,15.17,713818380.0600001,1087808685.097
2023-07-06,14.15,14.4,14.13,14.19,29285689.0,431838432.0,2466734657.0,0.011872249379111067,14.322,14.251,14.157,14.443833333333334,56.149732410134675,75600852.15,14.510666666666667,14.126000000000001,False,False,15.17,415563926.90999997,1080052920.112
2023-07-07,14.13,14.19,13.8,13.93,32794661.0,469851251.0,2466734657.0,0.01329476638556832,14.270000000000001,14.197,14.1665,14.396833333333332,39.490445683800566,74181664.65,14.504666666666667,14.135500000000002,False,False,15.17,456829627.73,1060864833.1414999
2023-07-10,14.07,14.18,13.93,13.98,24674631.0,355968840.0,2466734657.0,0.010002953065900027,14.187999999999999,14.16,14.212,14.363333333333333,31.89964141699106,70259959.95,14.500833333333333,14.149000000000001,True,False,15.17,344951341.38,1010730848.423
2023-07-11,13.98,14.16,13.92,14.02,28050666.0,403562847.0,2466734657.0,0.011371578179436103,14.070000000000002,14.146,14.239999999999998,14.335833333333333,28.301886642933425,67548740.65,14.489833333333333,14.1555,True,True,15.17,393270337.32,975023255.293
2023-07-12,14.01,14.01,13.7,13.72,42921629.0,608553750.0,2466734657.0,0.017400180792935607,13.968,14.123000000000001,14.263,14.299000000000001,25.951556967708726,67723685.4,14.4755,14.147,True,True,15.17,588884749.88,978330220.1450001
2023-07-13,13.84,14.05,13.78,14.0,33415814.0,478731769.0,2466734657.0,0.01354657822849894,13.930000000000001,14.126,14.2875,14.277166666666666,40.711462225312054,67017568.55,14.443833333333334,14.157,True,True,15.17,467821396.0,969609268.9445
2023-07-14,14.59,15.4,14.59,15.4,220895935.0,3437963801.0,2466734657.0,0.08954993775806021,14.224,14.247,14.370999999999999,14.277666666666667,63.77952732469466,75126718.3,14.396833333333332,14.1665,True,True,15.17,3401797399.0,1099392705.5844998
2023-07-17,15.53,15.55,15.26,15.47,170515444.0,2698839525.0,2466734657.0,0.06912597733855085,14.522,14.355,14.415000000000001,14.286166666666666,67.75067724972644,74765429.25,14.363333333333333,14.212,False,True,15.4,2637873918.6800003,1101624177.881
2023-07-18,15.39,15.39,14.89,14.94,94886113.0,1468816470.0,2466734657.0,0.03846628283700317,14.706,14.388,14.4125,14.2775,62.34413943321248,73062615.05,14.335833333333333,14.239999999999998,False,False,15.47,1417598528.22,1075861777.7405
2023-07-19,15.07,15.21,14.92,14.95,72421988.0,1118712430.0,2466734657.0,0.029359456151671525,14.952000000000002,14.459999999999999,14.401500000000002,14.269333333333332,62.24999978212499,69973881.0,14.299000000000001,14.263,False,False,15.47,1082708720.6,1028209040.334
2023-07-20,15.01,15.04,14.61,14.64,68983572.0,1048708749.0,2466734657.0,0.02796554214059514,15.080000000000002,14.505,14.378,14.250666666666666,55.50122230390782,68588076.65,14.277166666666666,14.2875,False,False,15.47,1009919494.08,1005648422.6635001
2023-07-21,14.6,14.79,14.51,14.56,54393837.0,818321670.0,2466734657.0,0.022050947735964777,14.912,14.568000000000001,14.382499999999999,14.246666666666668,52.14105775063606,67060426.45,14.277666666666667,14.370999999999999,False,False,15.47,791974266.72,983788096.536
2023-07-24,14.53,14.82,14.4,14.63,49729488.0,749003596.0,2466734657.0,0.020160047558775592,14.744,14.633000000000001,14.3965,14.237833333333334,50.261779920506584,65811925.4,14.286166666666666,14.415000000000001,False,False,15.47,727542409.44,966568319.3005002
2023-07-25,14.83,14.92,14.68,14.9,63071553.0,959961539.0,2466734657.0,0.02556884374288823,14.736,14.721,14.4335,14.25,59.02964937293394,66021067.15,14.2775,14.4125,False,False,15.47,939766139.7,971863413.9415
2023-07-26,14.82,14.84,14.58,14.75,43324300.0,653423682.0,2466734657.0,0.017563421293431806,14.696000000000002,14.824000000000002,14.473500000000001,14.256499999999999,57.32984272182781,65064625.1,14.269333333333332,14.401500000000002,False,False,15.47,639033425.0,960254019.3440001
2023-07-27,14.69,14.82,14.51,14.57,36103615.0,543533690.0,2466734657.0,0.01463619724867716,14.681999999999999,14.881,14.503499999999999,14.268166666666666,58.55614951342619,64565181.55,14.250666666666666,14.378,False,False,15.47,526029670.55,954359901.4005
2023-07-28,14.62,14.91,14.54,14.85,48373243.0,733656553.0,2466734657.0,0.01961023365959868,14.74,14.825999999999999,14.536499999999998,14.280833333333334,60.95717862634748,64311936.2,14.246666666666668,14.382499999999999,False,False,15.47,718342658.55,952362666.9030001
2023-07-31,14.85,14.99,14.79,14.96,48829852.0,747446330.0,2466734657.0,0.019795340314140646,14.806000000000001,14.775,14.565000000000001,14.291666666666666,61.63366315275466,63956542.8,14.237833333333334,14.3965,False,False,15.47,730494585.9200001,948640206.659
2023-08-01,14.9,14.93,14.71,14.89,38327201.0,583972525.0,2466734657.0,0.015537626185790441,14.803999999999998,14.770000000000001,14.578999999999999,14.307500000000001,65.35433046851426,62558107.65,14.25,14.4335,False,False,15.47,570692022.89,928745649.9314998
2023-08-02,14.99,15.11,14.7,14.77,38612518.0,588794505.0,2466734657.0,0.015653292051671208,14.807999999999998,14.752,14.606,14.318833333333334,60.547944973240746,61980587.45,14.256499999999999,14.473500000000001,False,False,15.47,570306890.86,921570075.4715
2023-08-03,14.66,14.74,14.56,14.69,28459824.0,428427344.0,2466734657.0,0.011537448472310493,14.831999999999999,14.757,14.631,14.335833333333335,34.763948288971974,61939294.2,14.268166666666666,14.503499999999999,False,False,15.47,418074814.56,921695619.8540001
2023-08-04,14.72,14.88,14.69,14.77,36051322.0,547724373.0,2466734657.0,0.014614997968141816,14.815999999999999,14.778,14.673000000000002,14.350166666666667,35.042734833077645,62102127.25,14.280833333333334,14.536499999999998,False,False,15.47,532478025.94,925478039.7645
2023-08-07,14.8,14.87,14.5,14.56,41418290.0,624289599.0,2466734657.0,0.01679073583470555,14.736,14.771,14.702000000000002,14.357,40.59405912459566,62939310.2,14.291666666666666,14.565000000000001,False,False,15.47,603050302.4,938382987.8155
2023-08-08,14.5,14.62,14.38,14.44,34711944.0,516054317.0,2466734657.0,0.014072021853463585,14.646,14.725,14.723000000000003,14.3655,38.028168764134115,63272374.1,14.307500000000001,14.578999999999999,True,False,15.47,501240471.35999995,943781494.5175002
2023-08-09,14.41,14.47,14.11,14.14,42101967.0,616685691.0,2466734657.0,0.017067894546551547,14.52,14.663999999999998,14.744,14.361333333333333,38.20754691749734,63231391.0,14.318833333333334,14.606,True,True,15.47,595321813.38,944103347.6924999
2023-08-10,14.14,14.28,14.12,14.25,21890097.0,319673430.0,2466734657.0,0.00887411904554921,14.431999999999999,14.632,14.756499999999999,14.359333333333334,42.79069739578149,62655105.15,14.335833333333335,14.631,True,True,15.47,311933882.25,936308972.0049999
2023-08-11,14.24,14.31,14.0,14.01,28998760.0,420263536.0,2466734657.0,0.011755930017729507,14.280000000000001,14.548000000000002,14.687000000000001,14.353,36.637930813391776,53060246.4,14.350166666666667,14.673000000000002,True,True,15.47,406272627.59999996,786532733.4350001
2023-08-14,13.8,14.13,13.77,14.09,22344933.0,320837670.0,2466734657.0,0.009058506936119154,14.186000000000002,14.461000000000002,14.618,14.341833333333334,30.985915289294454,45651720.85,14.357,14.702000000000002,True,True,15.47,314840105.96999997,670381042.7995
2023-08-15,14.08,14.25,13.88,14.02,22228651.0,320824389.0,2466734657.0,0.009011366884119631,14.102,14.373999999999999,14.572,14.330833333333334,32.19512173135038,42018847.75,14.3655,14.723000000000003,True,True,14.96,311645687.02,615083400.7395
2023-08-16,13.92,13.96,13.73,13.79,20060386.0,285172800.0,2466734657.0,0.008132364761273957,14.032,14.276,14.514,14.320500000000001,31.428571219047612,39400767.65,14.361333333333333,14.744,True,True,14.96,276632722.94,574779600.8564999
2023-08-17,13.74,13.98,13.69,13.94,22838256.0,325259765.0,2466734657.0,0.009258497234467648,13.969999999999999,14.200999999999999,14.479000000000003,14.317833333333335,26.903553108299647,37093501.85,14.359333333333334,14.756499999999999,True,True,14.96,318365288.64,540201890.5845001
2023-08-18,13.91,14.05,13.78,13.78,19770289.0,282814769.0,2466734657.0,0.008014761110967761,13.923999999999998,14.101999999999999,14.440000000000001,14.314,20.79207906381724,35362324.45,14.353,14.687000000000001,True,True,14.96,272434582.42,514224906.36950004
2023-08-21,13.87,14.0,13.78,13.8,19157746.0,273215279.0,2466734657.0,0.0077664397123683015,13.866,14.026,14.398500000000002,14.308833333333332,22.335025221984637,33833737.35,14.341833333333334,14.618,True,True,14.96,264376894.8,491066630.6375
2023-08-22,13.84,13.95,13.55,13.94,30231686.0,427376334.0,2466734657.0,0.012255751105701516,13.85,13.975999999999999,14.3505,14.307166666666667,29.14572843817075,32191744.0,14.330833333333334,14.572,True,True,14.96,421429702.84,465149808.7945
2023-08-23,13.92,13.92,13.65,13.69,16419222.0,232202510.0,2466734657.0,0.006656257880597816,13.829999999999998,13.931000000000001,14.2975,14.300166666666666,26.85185167781208,30846490.1,14.320500000000001,14.514,True,True,14.96,224779149.17999998,444437095.0035
2023-08-24,13.76,13.89,13.59,13.81,22102019.0,312577160.0,2466734657.0,0.008960031001826558,13.803999999999998,13.887,14.2595,14.296333333333333,28.18181800247936,30146410.3,14.317833333333335,14.479000000000003,True,True,14.96,305228882.39,433397055.5955
2023-08-25,13.66,13.7,13.27,13.42,41503727.0,571963681.0,2466734657.0,0.016825371501641817,13.732,13.828,14.188000000000002,14.286666666666665,26.05042001482947,29802934.5,14.314,14.440000000000001,True,True,14.96,556980016.34,425328923.485
2023-08-28,14.22,14.23,13.51,13.56,38327309.0,543764924.0,2466734657.0,0.015537669968367416,13.684000000000001,13.775,14.118,14.277333333333333,31.666666481944475,29277807.35,14.308833333333332,14.398500000000002,True,True,14.96,519718310.04,414790109.691
2023-08-29,13.56,13.93,13.5,13.88,32581673.0,461752623.0,2466734657.0,0.01320842227904045,13.672,13.761000000000001,14.0675,14.267333333333335,44.62809891537464,28990530.95,14.307166666666667,14.3505,True,True,14.89,452233621.24,408867189.60849994
2023-08-30,13.89,14.09,13.8,13.88,33524202.0,480146228.0,2466734657.0,0.013590518098436885,13.709999999999999,13.77,14.023000000000001,14.258666666666667,41.991341736849044,28736115.15,14.300166666666666,14.2975,True,True,14.77,465315923.76000005,403617641.2535
2023-08-31,13.87,13.9,13.72,13.76,21689155.0,307726569.0,2466734657.0,0.008792658317931112,13.7,13.752,13.976500000000001,14.254833333333332,44.29223715977567,28397581.7,14.296333333333333,14.2595,True,True,14.77,298442772.8,397636039.1655
2023-09-01,13.78,13.83,13.68,13.74,19102672.0,269253152.0,2466734657.0,0.007744113030475819,13.764000000000001,13.748,13.925,14.254833333333332,41.78403728404861,27550149.2,14.286666666666665,14.188000000000002,True,True,14.77,262470713.28,384135673.53249997
2023-09-04,13.81,13.95,13.72,13.94,27942124.0,397348372.0,2466734657.0,0.011327575878786545,13.84,13.762,13.894,14.269333333333332,48.23008819680476,26876340.9,14.277333333333333,14.118,True,True,14.56,389513208.56,373458818.8405
2023-09-05,13.96,13.98,13.75,13.8,23133715.0,328755054.0,2466734657.0,0.009378274608641865,13.824000000000002,13.748000000000001,13.862,14.275,50.23041442247663,26297429.45,14.267333333333335,14.0675,False,True,14.44,319245267.0,364359058.6225
2023-09-06,13.75,13.92,13.65,13.89,23645403.0,335574464.0,2466734657.0,0.009585709972047472,13.826000000000002,13.768,13.8495,14.2855,48.81516555288518,25374601.25,14.258666666666667,14.023000000000001,True,False,14.25,328434647.67,351014700.337
2023-09-07,13.88,13.88,13.63,13.68,23501778.0,331296211.0,2466734657.0,0.009527485225582574,13.809999999999999,13.755,13.821000000000002,14.288333333333332,47.685184876114555,25455185.3,14.254833333333332,13.976500000000001,False,True,14.25,321504323.04,351493222.3765
2023-09-08,13.62,13.75,13.59,13.69,16735422.0,235154662.0,2466734657.0,0.0067844435365226234,13.8,13.782,13.805000000000001,14.287666666666667,47.44186015619251,24842018.4,14.254833333333332,13.925,True,False,14.09,229107927.17999998,342634987.3555
2023-09-11,13.77,14.06,13.7,13.93,36312927.0,518976747.0,2466734657.0,0.014721051126010916,13.797999999999998,13.818999999999999,13.797,14.276666666666667,49.777777468049386,25540418.1,14.269333333333332,13.894,True,True,14.09,505839073.11,352184935.7125
2023-09-12,13.92,14.01,13.88,13.93,23152699.0,331883119.0,2466734657.0,0.009385970612728129,13.824000000000002,13.824000000000002,13.792499999999999,14.259000000000002,55.99999960800001,25586620.5,14.275,13.862,False,True,14.02,322517097.07,352728506.21500003
2023-09-13,13.98,13.98,13.59,13.67,32481800.0,456961648.0,2466734657.0,0.013167934340981693,13.780000000000001,13.803,13.7865,14.234,46.72897165691325,26207691.2,14.2855,13.8495,False,False,13.94,444026206.0,361098180.368
2023-09-14,13.66,13.85,13.66,13.72,19051667.0,268899315.0,2466734657.0,0.007723435897710339,13.788,13.799000000000001,13.7755,14.210833333333333,58.33333287962966,26018361.75,14.288333333333332,13.821000000000002,True,False,13.94,261388871.24,358249359.498
2023-09-15,13.76,13.78,13.5,13.52,27498595.0,383662657.0,2466734657.0,0.011147771780789474,13.754000000000001,13.776999999999997,13.7625,14.195,48.924730814545015,26404777.05,14.287666666666667,13.805000000000001,True,True,13.94,371781004.4,363216680.597
2023-09-18,13.48,13.61,13.38,13.52,21030162.0,291724534.0,2466734657.0,0.008525506357289566,13.672,13.735,13.748499999999998,14.181166666666666,38.31168796340021,26498397.85,14.276666666666667,13.797,True,True,13.94,284327790.24,364214225.369
2023-09-19,13.45,13.51,13.19,13.25,28257444.0,385580270.0,2466734657.0,0.011455404787787843,13.536000000000001,13.680000000000001,13.713999999999999,14.166,32.596684830743854,26399685.75,14.259000000000002,13.792499999999999,True,True,13.94,374411133.0,361863296.877
2023-09-20,13.17,13.35,13.16,13.2,15607931.0,212543830.0,2466734657.0,0.006327365189323644,13.442000000000002,13.611,13.689499999999999,14.153500000000001,33.908045704188126,26359121.2,14.234,13.7865,True,True,13.94,206024689.2,360925573.87799996
2023-09-21,13.17,13.3,13.13,13.14,15934162.0,216077610.0,2466734657.0,0.006459617354782233,13.325999999999999,13.556999999999999,13.656,14.139666666666667,33.146067155030934,26050728.35,14.210833333333333,13.7755,True,True,13.94,209374888.68,356132874.1925
2023-09-22,13.09,13.47,13.09,13.45,29832857.0,408736518.0,2466734657.0,0.012094068129841823,13.312000000000001,13.532999999999998,13.657499999999999,14.127333333333333,37.037036762688594,25467184.85,14.195,13.7625,True,True,13.94,401251926.65,348346469.708
2023-09-25,13.47,13.55,13.38,13.4,19834099.0,273993365.0,2466734657.0,0.008040629316864542,13.288,13.48,13.6495,14.110833333333336,38.88888858641974,24542524.35,14.181166666666666,13.748499999999998,True,True,13.94,265776926.6,335649400.536
2023-09-26,13.41,13.61,13.37,13.44,21628259.0,299506907.0,2466734657.0,0.008767971430824228,13.325999999999999,13.431000000000001,13.627499999999998,14.091333333333333,37.14285684571424,23994853.65,14.166,13.713999999999999,True,True,13.94,290683800.96,327571909.522
2023-09-27,13.36,13.8,13.34,13.7,37637384.0,529946273.0,2466734657.0,0.015257978353364498,13.425999999999998,13.434000000000001,13.618500000000001,14.082500000000001,50.55555516234567,24200512.75,14.153500000000001,13.689499999999999,True,True,13.94,515632160.79999995,330087721.37399995
2023-09-28,13.68,13.87,13.64,13.74,26388791.0,373223100.0,2466734657.0,0.010697863641358812,13.546000000000001,13.435999999999998,13.617499999999998,14.075,51.366119825614405,24435494.55,14.139666666666667,13.656,False,True,13.94,362581988.34000003,333294682.15099996
2023-10-09,13.74,13.87,13.67,13.83,28887950.0,409914001.0,2466734657.0,0.011711008282963448,13.622,13.466999999999999,13.622,14.073333333333332,47.023809131944454,24924758.45,14.127333333333333,13.657499999999999,False,False,13.94,399520348.5,340147163.912
2023-10-10,13.87,13.91,13.73,13.75,17834456.0,252631527.0,2466734657.0,0.0072299855800826,13.691999999999998,13.49,13.6125,14.0695,44.88636327931302,24419375.05,14.110833333333336,13.6495,False,False,13.94,245223770.0,332932691.98399997
2023-10-11,13.83,13.87,13.72,13.77,22329745.0,316795771.0,2466734657.0,0.009052349808534758,13.758,13.542000000000002,13.610999999999999,14.065333333333335,53.28947319338643,24379176.55,14.091333333333333,13.627499999999998,False,False,13.93,307480588.65,332344458.0665
2023-10-12,13.86,14.07,13.78,13.94,38172778.0,546650279.0,2466734657.0,0.015475023992416384,13.806000000000001,13.616,13.613499999999998,14.068999999999999,56.70731658908386,25105545.3,14.082500000000001,13.618500000000001,False,False,13.93,532128525.32,342529151.949
2023-10-13,13.83,13.9,13.74,13.79,22855976.0,324490360.0,2466734657.0,0.009265680820245597,13.815999999999999,13.681000000000001,13.619,14.065499999999998,58.49056552272459,25073255.2,14.075,13.617499999999998,False,False,13.94,315183909.03999996,342213131.24899995
2023-10-16,13.76,13.82,13.54,13.66,24848758.0,348574418.0,2466734657.0,0.010073543147206853,13.782,13.701999999999998,13.617499999999998,14.0365,54.06976700175774,25478922.0,14.073333333333332,13.622,False,False,13.94,339434034.28000003,347729436.604
2023-10-17,13.75,13.81,13.62,13.67,16660672.0,234401828.0,2466734657.0,0.006754140317735845,13.766,13.729,13.604499999999998,14.006499999999999,64.38356102645903,24496309.25,14.0695,13.6125,False,False,13.94,227751386.24,333825052.2605
2023-10-18,13.63,13.65,13.35,13.45,19793403.0,273721832.0,2466734657.0,0.008024131393229134,13.701999999999998,13.73,13.5805,13.981666666666667,57.66871116112765,24328344.45,14.065333333333335,13.610999999999999,False,False,13.94,266221270.35,331010260.9245
2023-10-19,13.37,13.49,13.2,13.22,22760137.0,311052358.0,2466734657.0,0.00922682824251575,13.558000000000002,13.681999999999999,13.558000000000002,13.952833333333333,52.22222181604939,23842261.3,14.068999999999999,13.613499999999998,True,False,13.94,300889011.14,323853401.1815
2023-10-20,13.19,13.31,13.0,13.04,27162544.0,366139906.0,2466734657.0,0.011011538643979898,13.408000000000001,13.612,13.523999999999997,13.926166666666667,37.72455058194986,24247805.15,14.065499999999998,13.619,True,True,13.94,354199573.76,328493936.3075
2023-10-23,12.99,13.0,12.46,12.58,36902357.0,479340243.0,2466734657.0,0.014960002647743234,13.191999999999998,13.487,13.477,13.893166666666666,30.288461334596875,24717993.25,14.0365,13.617499999999998,True,True,13.94,464231651.06,333116468.64049995
2023-10-24,12.58,12.68,12.3,12.62,27104192.0,349331622.0,2466734657.0,0.010987883079797343,12.982,13.373999999999999,13.431999999999999,13.859666666666666,30.288461334596875,25021694.75,14.006499999999999,13.604499999999998,True,True,13.94,342054903.03999996,336002824.2805
2023-10-25,12.8,12.84,12.59,12.62,25070358.0,327396512.0,2466734657.0,0.010163378508854347,12.815999999999999,13.259,13.4005,13.821666666666665,20.32967017328822,24862340.45,13.981666666666667,13.5805,True,True,13.94,316387917.96,333101663.52849996
2023-10-26,12.53,12.79,12.43,12.73,22271568.0,289075560.0,2466734657.0,0.00902876518834267,12.718,13.138,13.377,13.788,23.280423107975693,25195522.3,13.952833333333333,13.558000000000002,True,True,13.94,283517060.64,336976282.1005
2023-10-27,12.65,12.98,12.58,12.9,27234265.0,358625026.0,2466734657.0,0.011040613923640186,12.690000000000001,13.048999999999998,13.365,13.760166666666667,26.395938898709062,25760527.45,13.926166666666667,13.523999999999997,True,True,13.94,351322018.5,344073638.5915
2023-10-30,12.9,13.18,12.82,13.17,30953020.0,415125792.0,2466734657.0,0.01254817574811412,12.808000000000002,13.0,13.350999999999999,13.732166666666668,36.57407383701988,25816535.6,13.893166666666666,13.477,True,True,13.94,407651273.4,344393605.929
2023-10-31,13.07,13.07,12.72,12.83,40566720.0,534532774.0,2466734657.0,0.016445514269190404,12.85,12.916,13.3225,13.696666666666665,31.048386921501034,26853166.65,13.859666666666666,13.431999999999999,True,True,13.94,520471017.6,357128310.479
2023-11-01,12.84,12.89,12.65,12.74,24167016.0,316499578.0,2466734657.0,0.009797168873198347,12.874,12.845000000000002,13.2875,13.660833333333333,24.99999985416666,26980104.5,13.821666666666665,13.4005,True,True,13.94,307887783.84000003,357988509.623
2023-11-02,12.81,12.85,12.58,12.59,23444656.0,305095113.0,2466734657.0,0.00950432829630447,12.845999999999998,12.782,13.232,13.624500000000001,24.99999985416666,26270468.1,13.788,13.377,True,True,13.94,295168219.04,346965312.53499997
2023-11-03,12.59,12.83,12.59,12.78,23868145.0,312793355.0,2466734657.0,0.009676008293907065,12.822,12.756,13.184000000000001,13.592666666666666,32.11382095544978,26144435.8,13.760166666666667,13.365,True,True,13.94,305034893.09999996,344087957.773
2023-11-06,12.85,13.04,12.85,12.97,34219070.0,455581326.0,2466734657.0,0.013872213577124927,12.782,12.795,13.141,13.562666666666667,36.74242404757807,26410991.8,13.732166666666668,13.350999999999999,True,True,13.94,443821337.90000004,346303007.24300003
2023-11-07,12.95,13.02,12.82,12.96,33971425.0,449923366.0,2466734657.0,0.013771819722724234,12.807999999999998,12.828999999999999,13.101500000000001,13.536000000000001,39.91769524327256,27217840.25,13.696666666666665,13.3225,True,True,13.94,440269668.0,356055302.143
2023-11-08,12.97,13.02,12.83,12.94,33013682.0,438590597.0,2466734657.0,0.01338355623549339,12.848000000000003,12.860999999999999,13.059999999999999,13.511,43.693693418147866,27752037.1,13.660833333333333,13.2875,True,True,13.94,427197045.08,362041124.9645
2023-11-09,12.87,12.99,12.86,12.92,21436840.0,284578114.0,2466734657.0,0.00869037127247043,12.913999999999998,12.88,13.009,13.490666666666666,47.0873783207654,26915240.2,13.624500000000001,13.232,True,True,13.94,276963972.8,349282897.3385
2023-11-10,12.86,12.86,12.72,12.79,21008717.0,275923150.0,2466734657.0,0.00851681267800017,12.916,12.869,12.959,13.466333333333333,56.06936370810916,26822877.25,13.592666666666666,13.184000000000001,True,True,13.79,268701490.43,346958776.408
2023-11-13,12.81,12.95,12.8,12.89,21485859.0,284227558.0,2466734657.0,0.008710243292292625,12.9,12.841,12.9205,13.447666666666667,57.54189899129243,26654732.3,13.562666666666667,13.141,True,True,13.67,276952722.51,343834710.8195
2023-11-14,12.95,13.08,12.91,13.02,27180498.0,363423373.0,2466734657.0,0.011018817092007962,12.912,12.86,12.888,13.429833333333333,60.41666622612846,27180723.6,13.536000000000001,13.101500000000001,True,True,13.67,353890083.96,350141645.7055
2023-11-15,13.14,13.16,13.0,13.04,23429493.0,314505167.0,2466734657.0,0.009498181303575855,12.931999999999999,12.89,12.867500000000001,13.413499999999999,58.46994490788016,27362528.1,13.511,13.059999999999999,False,True,13.45,305520588.71999997,352106611.624
2023-11-16,13.01,13.02,12.9,12.91,16494834.0,219457609.0,2466734657.0,0.0066869105492119415,12.930000000000001,12.922,12.852,13.398833333333334,50.27932921569239,27049262.95,13.490666666666666,13.009,False,False,13.22,212948306.94,347709576.414
2023-11-17,12.9,13.08,12.86,13.04,21411478.0,285663628.0,2466734657.0,0.008680089663977182,12.98,12.947999999999999,12.851999999999999,13.383833333333333,46.06060566978878,26761709.65,13.466333333333333,12.959,False,False,13.17,279205673.12,343959881.38199997
2023-11-20,13.04,13.07,12.94,13.02,20509334.0,274049478.0,2466734657.0,0.008314365690610233,13.006,12.953,12.874,13.371166666666666,57.14285654135337,25942058.5,13.447666666666667,12.9205,False,False,13.17,267031528.67999998,334099875.263
2023-11-21,13.04,13.06,12.82,12.85,27401572.0,364377280.0,2466734657.0,0.011108439216289812,12.972,12.941999999999998,12.885499999999999,13.355333333333334,53.900708684673795,25956927.5,13.429833333333333,12.888,False,False,13.17,352110200.2,334602640.121
2023-11-22,12.85,12.85,12.61,12.61,27998924.0,365146472.0,2466734657.0,0.011350602271122183,12.886,12.909,12.885,13.333166666666667,50.66666619377777,26103355.8,13.413499999999999,12.867500000000001,True,False,13.17,353066431.64,336436565.805
2023-11-23,12.58,12.68,12.46,12.67,24095075.0,311389737.0,2466734657.0,0.00976800440680718,12.838,12.884,12.882,13.316166666666668,45.98540098993023,26194531.15,13.398833333333334,12.852,True,True,13.17,305284600.25,337524942.7855
2023-11-24,12.65,12.66,12.43,12.49,22553852.0,289777067.0,2466734657.0,0.009143201493520022,12.728,12.854,12.861500000000001,13.294166666666666,32.352940843425586,25960510.5,13.383833333333333,12.851999999999999,True,True,13.17,281697611.48,334043722.4345
2023-11-27,12.41,12.51,12.27,12.36,26200018.0,332682517.0,2466734657.0,0.010621336156140932,12.596,12.800999999999998,12.821000000000002,13.2765,29.72972944850251,25722860.4,13.371166666666666,12.874,True,True,13.17,323832222.47999996,329852769.88850003
2023-11-28,12.36,12.41,12.24,12.35,18376801.0,232817614.0,2466734657.0,0.007449849114435984,12.496,12.734,12.797,13.256333333333334,29.931972504049227,24613364.45,13.355333333333334,12.885499999999999,True,True,13.04,226953492.35,315176893.626
2023-11-29,12.31,12.35,12.06,12.08,29461308.0,368084555.0,2466734657.0,0.011943444308610936,12.39,12.638,12.764,13.226333333333333,25.581395140616536,24878079.05,13.333166666666667,12.885,True,True,13.04,355892600.64,317577134.46599996
2023-11-30,12.09,12.19,12.03,12.12,17596941.0,218816912.0,2466734657.0,0.0071336983692445845,12.28,12.559000000000001,12.7405,13.197,29.447852507809827,24585693.3,13.316166666666668,12.882,True,True,13.04,213274924.92,313482469.76
2023-12-01,12.12,12.26,12.04,12.23,19494409.0,243867840.0,2466734657.0,0.007902920950447407,12.228,12.478,12.713000000000001,13.1715,29.87804852543124,24367006.5,13.294166666666666,12.861500000000001,True,True,13.04,238416622.07000002,310151556.2085
2023-12-04,12.26,12.45,12.21,12.34,29968708.0,380181469.0,2466734657.0,0.012149141341552894,12.224,12.41,12.6815,13.148166666666667,29.01234542828834,24154488.4,13.2765,12.821000000000002,True,True,13.04,369813856.71999997,306451182.1495
2023-12-05,12.29,12.3,12.07,12.08,19044041.0,237740053.0,2466734657.0,0.007720344361302741,12.169999999999998,12.333,12.6375,13.117166666666668,24.193548204994784,23408119.2,13.256333333333334,12.797,True,True,13.04,230052015.28,295940299.5135
2023-12-06,12.09,12.11,11.89,11.95,24196785.0,297426605.0,2466734657.0,0.009809237054068764,12.144,12.267,12.588,13.086333333333332,24.19354820499477,22967274.35,13.226333333333333,12.764,True,True,13.04,289151580.75,289038026.297
2023-12-07,11.95,11.95,11.75,11.79,28944098.0,351116229.0,2466734657.0,0.011733770358260304,12.078,12.178999999999998,12.5315,13.051333333333332,16.93121680580053,23342637.25,13.197,12.7405,True,True,13.04,341250915.41999996,292252373.428
2023-12-08,11.81,11.91,11.64,11.77,46431588.0,561411783.0,2466734657.0,0.018823097923499114,11.985999999999999,12.107000000000001,12.4805,13.0195,16.93121680580053,24613780.8,13.1715,12.713000000000001,True,True,13.04,546499790.76,306142288.4445
2023-12-11,11.64,11.82,11.46,11.81,36499313.0,435709302.0,2466734657.0,0.014796610935198776,11.879999999999999,12.052000000000001,12.426499999999999,12.988166666666666,20.454545291838897,25364453.5,13.148166666666667,12.6815,True,True,13.04,431056886.53000003,313847496.6455
2023-12-12,11.76,11.82,11.65,11.74,21774478.0,262129971.0,2466734657.0,0.008827247769925016,11.812000000000001,11.991,12.3625,12.951666666666666,22.64150923460312,25094152.5,13.117166666666668,12.6375,True,True,13.04,255632371.72,308934611.0335
2023-12-13,11.7,11.7,11.54,11.54,17804869.0,212264163.0,2466734657.0,0.007217991180962274,11.73,11.937,12.2875,12.911833333333332,17.34104032209565,24812921.3,13.086333333333332,12.588,True,True,13.04,205468188.26,303931991.01049995
2023-12-14,11.59,11.7,11.51,11.51,16759546.0,199659213.0,2466734657.0,0.00679422326695757,11.674,11.876000000000001,12.217499999999998,12.875833333333333,18.987341603909655,24826156.9,13.051333333333332,12.5315,True,True,13.04,192902374.46,302929694.3865
2023-12-15,11.51,11.61,11.44,11.47,17525399.0,207509848.0,2466734657.0,0.007104695655151693,11.614,11.8,12.139,12.838333333333333,20.134227998738837,24631852.95,13.0195,12.4805,True,True,13.04,201016326.53,299020227.05700004
2023-12-18,11.45,11.46,11.17,11.25,22815657.0,264451315.0,2466734657.0,0.009249335730235375,11.501999999999999,11.690999999999999,12.050500000000001,12.8005,17.64705867820072,24747169.1,12.988166666666666,12.426499999999999,True,True,13.02,256676141.25,298502457.6855
2023-12-19,11.25,11.31,11.15,11.26,15014402.0,173085939.0,2466734657.0,0.006086751956637385,11.406,11.609,11.971,12.762833333333333,21.527777568479948,24127810.6,12.951666666666666,12.3625,True,True,12.85,169062166.52,289350056.0015
2023-12-20,11.26,11.64,11.1,11.24,35920576.0,416825311.0,2466734657.0,0.014561994293981332,11.346,11.538,11.9025,12.729333333333333,19.014084319579524,24523893.2,12.911833333333332,12.2875,True,True,12.67,403747274.24,291884098.13149995
2023-12-21,11.15,11.35,11.11,11.29,25367780.0,292873623.0,2466734657.0,0.010283951671904532,11.302,11.488000000000001,11.833499999999999,12.697499999999998,15.44117631163489,24587528.45,12.875833333333333,12.217499999999998,True,True,12.67,286402236.2,290939979.929
2023-12-22,11.23,11.47,11.15,11.39,27833646.0,323372320.0,2466734657.0,0.011283599523367787,11.286,11.45,11.7785,12.668333333333333,14.814814661179753,24851518.15,12.838333333333333,12.139,True,True,12.49,317025227.94,292706360.752
2023-12-25,11.33,11.4,11.29,11.35,16055000.0,187192345.0,2466734657.0,0.006508604382899381,11.306000000000001,11.404,11.728,12.633333333333333,17.69911482496677,24344267.25,12.8005,12.050500000000001,True,True,12.36,182224250.0,285625962.12799996
2023-12-26,11.34,11.35,10.89,10.99,29256102.0,332812184.0,2466734657.0,0.01186025497999074,11.251999999999999,11.328999999999999,11.66,12.593166666666665,14.70588220155716,24888232.3,12.762833333333333,11.971,True,True,12.35,321524560.98,290354515.55950004
2023-12-27,10.99,11.12,10.89,11.08,23767658.0,268856470.0,2466734657.0,0.009635271443790316,11.22,11.283000000000001,11.610000000000001,12.553833333333333,22.4806199110631,24603549.8,12.729333333333333,11.9025,True,True,12.34,263345650.64000002,285727168.0595
2023-12-28,11.18,11.73,11.16,11.62,64444412.0,764214907.0,2466734657.0,0.026125392861823322,11.286,11.294,11.585,12.519166666666667,45.856353236470184,26945923.35,12.697499999999998,11.833499999999999,True,True,12.34,748844067.4399999,312505625.1855
2023-12-29,11.58,11.83,11.55,11.62,40217459.0,482303999.0,2466734657.0,0.01630392587458587,11.331999999999999,11.309000000000001,11.554499999999999,12.483833333333333,44.63276800855434,27982075.85,12.668333333333333,11.7785,False,True,12.34,467326873.58,323951137.76100004
2024-01-02,11.58,11.61,11.4,11.44,30369859.0,358156366.0,2466734657.0,0.012311765642817578,11.35,11.328,11.5095,12.443999999999999,42.02127628282026,28002133.4,12.633333333333333,11.728,False,False,12.34,347431186.96,322832004.273
2024-01-03,11.42,11.5,11.26,11.39,22213110.0,259357909.0,2466734657.0,0.009005066652371602,11.43,11.341,11.475,12.404666666666666,45.66473951485186,28160586.85,12.593166666666665,11.66,True,False,12.08,253007322.9,323979769.654
2024-01-04,11.37,11.37,11.19,11.24,21609177.0,249599194.0,2466734657.0,0.0087602356981033,11.462,11.341,11.4395,12.3625,42.70270237954712,28031206.45,12.553833333333333,11.610000000000001,True,True,11.95,242887149.48000002,321666548.0905
2024-01-05,11.25,11.29,11.01,11.08,26368303.0,301606986.0,2466734657.0,0.010689557924348732,11.354000000000001,11.319999999999999,11.404,12.314833333333333,40.10152255765413,27902416.7,12.519166666666667,11.585,True,True,11.81,292160797.24,319212042.1815
2024-01-08,11.07,11.08,10.83,10.87,25403735.0,284626960.0,2466734657.0,0.01029852762148953,11.204,11.267999999999999,11.359,12.266166666666667,40.3061221610787,26851024.05,12.483833333333333,11.554499999999999,True,True,11.81,276138599.45,305693982.616
2024-01-09,10.88,10.96,10.72,10.78,25481660.0,283703999.0,2466734657.0,0.010330117966960562,11.072,11.211,11.307500000000001,12.218166666666665,38.23529385524797,26300141.4,12.443999999999999,11.5095,True,True,11.81,274692294.8,297875753.0295
2024-01-10,10.76,10.83,10.54,10.66,20761414.0,227734829.0,2466734657.0,0.008416557468426568,10.925999999999998,11.178,11.253499999999999,12.168000000000001,36.44859789239234,26249488.2,12.404666666666666,11.475,True,True,11.74,221316673.24,296159968.1055
2024-01-11,10.66,10.89,10.63,10.85,19555678.0,216970559.0,2466734657.0,0.007927759049602552,10.848,11.154999999999998,11.219,12.124666666666664,40.35087694521392,26337028.65,12.3625,11.4395,True,True,11.62,212179106.29999998,296495514.00750005
2024-01-12,10.84,10.9,10.77,10.78,14644828.0,162942611.0,2466734657.0,0.00593692878901324,10.788,11.071,11.182500000000001,12.084000000000001,36.444444217678985,26231292.75,12.314833333333333,11.404,True,True,11.62,157871245.84,294743957.57650006
2024-01-15,10.74,10.84,10.67,10.76,11245300.0,124163070.0,2466734657.0,0.0045587797488021425,10.766,10.985,11.147,12.046,36.77130021757927,25917287.8,12.266166666666667,11.359,True,True,11.62,120999428.0,290743112.65
2024-01-16,10.9,11.04,10.73,10.9,30472722.0,341101866.0,2466734657.0,0.012353465709627804,10.79,10.931000000000001,11.129499999999998,12.018,47.76119369718572,26300141.05,12.218166666666665,11.307500000000001,True,True,11.62,332152669.8,294516939.0775
2024-01-17,10.88,10.88,10.67,10.67,16666768.0,184576897.0,2466734657.0,0.0067566116009696135,10.792,10.859,11.1,11.9855,40.46511601557598,26382759.35,12.168000000000001,11.253499999999999,True,True,11.62,177834414.56,294955551.4795
2024-01-18,10.62,10.81,10.42,10.78,34741153.0,377058582.0,2466734657.0,0.014083863013564495,10.778,10.812999999999999,11.077,11.954833333333333,25.581395140616536,26323788.2,12.124666666666664,11.219,True,True,11.62,374509629.34,293493669.23450005
2024-01-19,10.78,10.9,10.75,10.79,21801834.0,242374560.0,2466734657.0,0.0088383377345154,10.78,10.784,11.052,11.922500000000001,26.011560483143413,26145490.9,12.084000000000001,11.182500000000001,True,True,11.62,235241788.85999998,290935646.86749995
2024-01-22,10.78,10.8,10.26,10.39,26431213.0,285698819.0,2466734657.0,0.010715061275437377,10.706,10.736,11.001999999999999,11.880666666666666,23.076922911242605,26075369.25,12.046,11.147,True,True,11.62,274620303.07,288815400.62399995
2024-01-23,10.3,10.7,10.24,10.62,24307498.0,263784243.0,2466734657.0,0.00985411946559439,10.65,10.719999999999999,10.9655,11.838166666666666,31.92488241927302,26487994.15,12.018,11.129499999999998,True,True,11.62,258145628.76,292611469.562
2024-01-24,10.73,10.85,10.47,10.82,27418350.0,300764657.0,2466734657.0,0.011115240920701914,10.68,10.736,10.956999999999999,11.804666666666666,40.36697221782678,26396106.55,11.9855,11.1,True,True,11.62,296666547.0,291368568.863
2024-01-25,10.83,11.04,10.75,11.02,32509149.0,365684828.0,2466734657.0,0.013179021467812458,10.728,10.752999999999998,10.953999999999999,11.776000000000002,48.64864834185536,26833181.1,11.954833333333333,11.077,True,True,11.62,358250821.97999996,296113827.43
2024-01-26,11.01,11.13,10.9,10.98,23146635.0,261685737.0,2466734657.0,0.009383512302109761,10.766,10.773,10.922,11.749166666666666,52.682926469482496,24768292.25,11.922500000000001,11.052,False,True,11.62,254150052.3,271379126.673
2024-01-29,11.0,11.1,10.83,10.92,24365907.0,274593954.0,2466734657.0,0.009877798137248128,10.872,10.789,10.887,11.718166666666667,53.46534616410159,23975714.65,11.880666666666666,11.001999999999999,False,False,11.62,266075704.44,261316568.216
2024-01-30,10.87,10.87,10.55,10.59,21537657.0,236610591.0,2466734657.0,0.008731241902683496,10.866,10.758,10.8445,11.678499999999998,48.43049296949465,23534104.55,11.838166666666666,10.9655,False,False,11.44,228083787.63,255349198.24949998
2024-01-31,10.7,11.01,10.69,10.7,32547652.0,362327489.0,2466734657.0,0.01319463036189871,10.842,10.761,10.809999999999999,11.640833333333331,46.511627604110316,24050831.65,11.804666666666666,10.956999999999999,True,False,11.39,348259876.4,260111825.9245
2024-02-01,10.6,10.93,10.42,10.79,26982725.0,298159527.0,2466734657.0,0.010938641058708731,10.796,10.762,10.787499999999998,11.604999999999999,50.230414422476585,24319509.05,11.776000000000002,10.953999999999999,True,True,11.24,291143602.75,262524648.58799997
2024-02-02,10.78,10.92,10.25,10.66,30452759.0,332916557.0,2466734657.0,0.012345372824589135,10.732,10.748999999999999,10.7665,11.567333333333334,47.807017250307794,24523731.85,11.749166666666666,10.922,False,True,11.08,324626410.94,264147929.273
2024-02-05,10.55,10.67,9.84,10.36,41688753.0,441170584.0,2466734657.0,0.01690037997467516,10.62,10.745999999999999,10.741,11.526833333333334,38.93442600611391,25337982.75,11.718166666666667,10.887,True,False,11.02,431895481.08,271935773.3545
2024-02-06,10.2,11.0,10.05,10.89,37671732.0,412477778.0,2466734657.0,0.01527190283441986,10.68,10.773,10.746500000000001,11.493500000000001,54.014598264159,25947486.35,11.678499999999998,10.8445,True,True,11.02,410245161.48,278713416.6885
2024-02-07,10.96,11.17,10.86,11.03,40302425.0,457117593.0,2466734657.0,0.016338370600839213,10.745999999999999,10.794,10.765,11.460333333333333,54.51263510354626,26924536.9,11.640833333333331,10.809999999999999,False,True,11.02,444535747.75,289874370.414
2024-02-08,11.19,11.43,11.11,11.41,54120707.0,628874786.0,2466734657.0,0.021940222409580393,10.87,10.833,10.793000000000001,11.433166666666667,59.87261119802023,28652788.35,11.604999999999999,10.787499999999998,False,False,11.03,617517266.87,310141278.4425
2024-02-19,11.58,11.63,11.31,11.53,46479705.0,548336640.0,2466734657.0,0.01884260427772471,11.044,10.888,10.8305,11.410166666666665,69.9300695877549,30244532.2,11.567333333333334,10.7665,False,False,11.41,535910998.65,329043266.083
2024-02-20,11.48,11.5,11.35,11.46,28832380.0,338151873.0,2466734657.0,0.011688480525532261,11.264,10.942,10.8655,11.383833333333333,65.5555552156379,31123886.2,11.526833333333334,10.741,False,False,11.53,330419074.8,339514248.423
2024-02-21,11.37,11.72,11.34,11.51,47362825.0,562429671.0,2466734657.0,0.01920061603123615,11.388,11.033999999999999,10.896,11.358666666666666,63.52941141591697,31968391.35,11.493500000000001,10.746500000000001,False,False,11.53,545146115.75,350163920.7205
2024-02-22,11.48,11.66,11.48,11.6,34943563.0,414630341.0,2466734657.0,0.014165918859914084,11.501999999999999,11.124,10.942499999999999,11.337833333333332,61.885245546560085,32882231.1,11.460333333333333,10.765,False,False,11.53,405345330.8,361539466.53249997
2024-02-23,11.62,11.66,11.5,11.61,37379316.0,444794606.0,2466734657.0,0.015153359074891369,11.541999999999998,11.206,10.983999999999998,11.321166666666667,63.070539052702266,33014139.25,11.433166666666667,10.793000000000001,False,False,11.6,433973858.76,364512678.0035
2024-02-26,11.58,11.68,11.51,11.58,33355452.0,397757285.0,2466734657.0,0.013522107821911548,11.552000000000001,11.298,11.0235,11.302999999999999,63.86554584280774,33591820.15,11.410166666666665,10.8305,False,False,11.61,386256134.16,372063395.2685
2024-02-27,11.54,12.1,11.51,12.09,79094853.0,968128470.0,2466734657.0,0.032064597128656634,11.678,11.471,11.108500000000001,11.296333333333333,79.29687456634528,36225002.15,11.383833333333333,10.8655,False,False,11.61,956256772.77,406145218.7535
2024-02-28,12.14,12.2,11.54,11.54,79989079.0,978297728.0,2466734657.0,0.03242711119050046,11.684,11.536,11.1545,11.282666666666668,63.999999701333344,39009081.2,11.358666666666666,10.896,False,False,12.09,923073971.66,439391635.89849997
2024-02-29,11.51,11.94,11.51,11.91,54136042.0,657053403.0,2466734657.0,0.021946439130116784,11.746,11.623999999999999,11.209,11.275333333333332,67.07317044541941,40344965.8,11.337833333333332,10.942499999999999,False,False,12.09,644760260.22,456796321.55950004
2024-03-01,11.89,12.21,11.88,12.19,68364030.0,847954369.0,2466734657.0,0.02771438338777108,11.862,11.702,11.2675,11.277166666666666,72.30320670196943,42137709.85,11.321166666666667,10.983999999999998,False,False,12.09,833357525.6999999,480551656.74549997
2024-03-04,12.24,12.31,11.98,12.31,66322589.0,831146636.0,2466734657.0,0.026886794982910883,12.008000000000001,11.78,11.334,11.280333333333335,79.99999965538464,44296507.55,11.302999999999999,11.0235,False,False,12.19,816431070.59,508665707.65999997
2024-03-05,12.18,12.29,12.01,12.06,49631588.0,617972999.0,2466734657.0,0.020120359463535117,12.001999999999999,11.84,11.391,11.2775,69.69696936843181,45559791.6,11.296333333333333,11.108500000000001,False,False,12.31,598556951.28,525289770.00200003
2024-03-06,12.05,12.74,11.98,12.52,105701051.0,1352417121.0,2466734657.0,0.042850596313651255,12.198,11.940999999999999,11.4875,11.280499999999998,72.64437659057106,49767961.3,11.282666666666668,11.1545,False,False,12.31,1323377158.52,580054438.5465
2024-03-07,12.44,12.44,12.07,12.09,65936443.0,830921331.0,2466734657.0,0.026730253622086277,12.233999999999998,11.989999999999998,11.557,11.280666666666665,60.17964046631289,51437400.85,11.275333333333332,11.209,False,False,12.52,797171595.87,602500024.52
2024-03-08,12.08,12.73,12.08,12.68,99431959.0,1278156792.0,2466734657.0,0.0403091425816052,12.331999999999999,12.097,11.6515,11.292833333333334,65.09186327787768,55059862.55,11.277166666666666,11.2675,False,False,12.52,1260797240.12,650982706.3885
2024-03-11,12.65,12.8,12.51,12.8,68555641.0,891211497.0,2466734657.0,0.027792061381817283,12.43,12.219,11.7585,11.309666666666667,67.35751270906601,56965006.65,11.280333333333335,11.334,False,False,12.68,877512204.8000001,678626996.0814999
2024-03-12,12.8,13.01,12.63,12.69,68123520.0,895271624.0,2466734657.0,0.02761688202121044,12.556000000000001,12.279,11.875,11.325,65.05102017583818,58286745.0,11.2775,11.391,False,False,12.8,864487468.8,700256595.4675
2024-03-13,12.82,13.22,12.72,13.02,94479009.0,1263002771.0,2466734657.0,0.03830124522387979,12.656,12.427,11.9815,11.345166666666668,67.0673074666004,61127108.85,11.280499999999998,11.4875,False,False,12.8,1230116697.18,741250172.2524999
2024-03-14,12.93,13.01,12.65,12.88,61551606.0,811669636.0,2466734657.0,0.024952665997265387,12.814000000000002,12.524000000000001,12.074000000000002,11.364166666666668,64.8018645903902,62189567.9,11.280666666666665,11.557,False,False,13.02,792784685.2800001,758662619.129
2024-03-15,12.8,12.85,12.55,12.74,51589760.0,671183631.0,2466734657.0,0.02091419109615242,12.825999999999999,12.579,12.1405,11.384166666666667,63.18181798078512,62063020.55,11.292833333333334,11.6515,False,False,13.02,657253542.4,760649432.9054999
2024-03-18,12.8,12.89,12.68,12.87,60185325.0,789773921.0,2466734657.0,0.024398783561583537,12.84,12.635000000000002,12.2075,11.406833333333335,59.70149232939778,62748301.55,11.309666666666667,11.7585,False,False,13.02,774585132.75,772583139.6105
2024-03-19,12.84,12.84,12.68,12.68,40744350.0,533079614.0,2466734657.0,0.01651752444648934,12.838,12.697,12.2685,11.427,65.57377024097465,63343900.05,11.325,11.875,False,False,13.02,516638358.0,781894103.7705
2024-03-20,12.69,12.75,12.48,12.6,47808670.0,617901145.0,2466734657.0,0.01938135902227282,12.754000000000001,12.705000000000002,12.322999999999999,11.4495,60.237388473791256,63366192.3,11.345166666666668,11.9815,False,False,13.02,602389242.0,784756260.083
2024-03-21,12.57,12.78,12.55,12.75,47463312.0,618194292.0,2466734657.0,0.019241352881352897,12.728,12.771,12.3805,11.474333333333334,58.64197505525073,63992179.75,11.364166666666668,12.074000000000002,False,False,13.02,605157228.0,794746854.943
2024-03-22,12.67,12.82,12.54,12.81,53928998.0,703462826.0,2466734657.0,0.021862504686899528,12.742,12.783999999999999,12.4405,11.500499999999999,57.86163496538903,64819663.85,11.384166666666667,12.1405,False,False,13.02,690830464.38,807589685.224
2024-03-25,12.79,13.0,12.53,12.55,52569649.0,690733000.0,2466734657.0,0.021311432444028777,12.678,12.759,12.489,11.521500000000001,57.6802505305569,65780373.7,11.406833333333335,12.2075,False,False,13.02,659749094.95,821264333.2635
2024-03-26,12.35,12.48,12.06,12.27,58485956.0,737188854.0,2466734657.0,0.023709869172199336,12.596,12.717,12.498,11.536166666666666,45.84717586649155,64749928.85,11.427,12.2685,False,False,13.02,717622680.12,809332628.631
2024-03-27,12.26,12.31,11.76,11.77,42476185.0,522160932.0,2466734657.0,0.017219600364985668,12.43,12.592,12.5095,11.543166666666668,44.80519460153483,62874284.15,11.4495,12.322999999999999,True,False,13.02,499944697.45,788176164.9205
2024-03-28,11.68,12.07,11.67,11.91,58718289.0,718136698.0,2466734657.0,0.023804055630130955,12.262,12.495,12.5095,11.5585,35.36121654180343,63103396.5,11.474333333333334,12.3805,True,True,13.02,699334821.99,790904893.0090001
2024-03-29,11.96,12.04,11.78,12.02,33890243.0,414981029.0,2466734657.0,0.013738909008241984,12.104,12.423,12.501000000000001,11.574166666666665,35.11450362915912,61379707.15,11.500499999999999,12.4405,True,True,13.02,407360720.86,769605052.767
2024-04-01,12.22,12.61,12.22,12.46,50156402.0,639483275.0,2466734657.0,0.02033311603162026,12.086,12.382,12.508500000000002,11.588166666666666,46.10169469646655,60571397.8,11.521500000000001,12.489,True,True,13.02,624948768.9200001,760030937.6835
2024-04-02,12.44,12.46,12.17,12.22,30527637.0,385280016.0,2466734657.0,0.012375727933837514,12.075999999999999,12.336,12.5165,11.598166666666666,36.0139858376938,59616200.25,11.536166666666666,12.498,True,True,13.02,373047724.14000005,748755476.3265
2024-04-03,12.24,12.24,11.99,12.03,24162493.0,299800694.0,2466734657.0,0.009795335275090352,12.128,12.279,12.492,11.608,35.395188833150286,55539272.35,11.543166666666668,12.5095,True,True,13.02,290674790.78999996,697120357.9399999
2024-04-08,11.96,12.06,11.69,11.71,31910383.0,389335773.0,2466734657.0,0.012936285185537084,12.088,12.175,12.472999999999999,11.613333333333335,33.333333182308536,53837969.35,11.5585,12.5095,True,True,13.02,373670584.93,675945307.393
2024-04-09,11.78,11.85,11.65,11.8,29127621.0,351330761.0,2466734657.0,0.011808169523764064,12.044,12.074000000000002,12.429,11.622666666666667,32.45901624445045,50322752.45,11.574166666666665,12.501000000000001,True,True,13.02,343705927.8,630090741.7770001
2024-04-10,11.81,11.81,11.45,11.55,33254592.0,395826756.0,2466734657.0,0.01348121975974654,11.862,11.974,12.3665,11.630500000000001,31.832797284354,48557700.0,11.588166666666666,12.508500000000002,True,True,13.02,384090537.6,605419658.417
2024-04-11,11.49,11.72,11.45,11.57,21820983.0,260385956.0,2466734657.0,0.00884610062864982,11.732000000000001,11.904,12.310500000000001,11.642166666666666,33.11475394635853,46242573.15,11.598166666666666,12.5165,True,True,13.02,252468773.31,574818723.6425
2024-04-12,11.59,12.48,11.58,12.18,99390521.0,1238821029.0,2466734657.0,0.0402923438554502,11.762,11.945,12.2685,11.665500000000002,41.88034171329779,46488148.75,11.608,12.492,True,True,13.02,1210576545.78,573841716.0725
2024-04-15,12.19,12.58,11.99,12.51,75853239.0,963342034.0,2466734657.0,0.030750465513080923,11.922,12.005,12.25,11.696333333333333,46.03174586125808,47203230.4,11.613333333333335,12.472999999999999,True,True,12.88,948924019.89,581648682.8030001
2024-04-16,12.51,12.95,12.44,12.49,103756207.0,1356464279.0,2466734657.0,0.0420621677753482,12.059999999999999,12.052,12.2375,11.723666666666668,49.152542178492766,49811552.75,11.622666666666667,12.429,False,True,12.87,1295915025.43,613581756.9545
2024-04-17,12.49,12.87,12.49,12.79,58651734.0,766426703.0,2466734657.0,0.023777074617069363,12.308,12.085,12.233500000000001,11.757166666666667,57.30337056116652,49734873.2,11.630500000000001,12.3665,False,False,12.87,750155677.8599999,612360284.21
2024-04-18,12.71,13.13,12.6,12.94,79031438.0,1051661264.0,2466734657.0,0.0320388890534812,12.581999999999999,12.157,12.246500000000001,11.793499999999998,68.2242987678691,51649227.6,11.642166666666666,12.310500000000001,False,False,12.81,1022666807.7199999,637661706.696
2024-04-19,12.85,12.99,12.52,12.59,61744714.0,805366143.0,2466734657.0,0.025030950866475787,12.664,12.213,12.246,11.821666666666665,59.94152022246162,52346029.8,11.665500000000002,12.2685,False,False,12.94,777365949.26,646410542.059
2024-04-22,12.53,12.73,12.34,12.69,36451440.0,470228536.0,2466734657.0,0.014777203497165605,12.7,12.311,12.243,11.855333333333334,59.824046675209196,51795436.2,11.696333333333333,12.25,False,False,12.94,462568773.59999996,639281119.339
2024-04-23,12.66,12.73,12.39,12.44,30175741.0,387122794.0,2466734657.0,0.012233071325433605,12.690000000000001,12.375,12.2245,11.883000000000001,49.689440777747755,50607773.35,11.723666666666668,12.2375,False,False,12.94,375386218.03999996,623508907.0220001
2024-04-24,12.46,13.09,12.44,13.08,69385638.0,920376180.0,2466734657.0,0.028128537377581427,12.748000000000001,12.528,12.251,11.921166666666666,61.87845279936509,51448572.8,11.757166666666667,12.233500000000001,False,False,12.94,907564145.04,635899659.5265
2024-04-25,13.02,13.21,12.86,13.18,60772315.0,817386593.0,2466734657.0,0.024636745921391576,12.796,12.688999999999998,12.2965,11.967666666666666,66.28895157845744,51562890.75,11.793499999999998,12.246500000000001,False,False,13.08,800979111.6999999,640067481.1055
2024-04-26,13.19,13.63,12.77,13.46,125556077.0,1708435335.0,2466734657.0,0.05089970931559341,12.969999999999999,12.816999999999998,12.381,12.014999999999999,75.0716329366754,55716885.35,11.821666666666665,12.246,False,False,13.18,1689984796.42,699569486.054
2024-04-29,13.57,14.07,13.53,13.84,113495030.0,1611706511.0,2466734657.0,0.04601023043882259,13.2,12.95,12.477500000000001,12.065333333333335,76.9841266990006,58455722.4,11.855333333333334,12.243,False,False,13.46,1570771215.2,743141305.7145
2024-04-30,13.64,13.99,13.59,13.78,55395028.0,783016356.0,2466734657.0,0.02245682479175546,13.468,13.078999999999999,12.5655,12.111333333333333,81.05849550562147,59530961.65,11.883000000000001,12.2245,False,False,13.84,763343485.8399999,760940443.9635
2024-05-06,13.95,14.02,13.66,13.72,54068870.0,764710126.0,2466734657.0,0.021919207988814502,13.596,13.172,12.628499999999999,12.157000000000002,79.61432476181805,59726585.05,11.921166666666666,12.251,False,False,13.84,741824896.4,766784250.3375
2024-05-07,13.69,13.7,13.32,13.48,76572818.0,1060330709.0,2466734657.0,0.031042178688617663,13.656,13.225999999999999,12.6915,12.199666666666667,69.93865000639846,62028844.1,11.967666666666666,12.2965,False,False,13.84,1032201586.64,799741943.4625
2024-05-08,13.47,13.59,13.34,13.47,34777503.0,481748374.0,2466734657.0,0.014098599093870842,13.657999999999998,13.313999999999998,12.763499999999999,12.247666666666667,66.32653029640431,62559594.6,12.014999999999999,12.381,False,False,13.84,468452965.41,808630852.1935
2024-05-09,13.49,13.87,13.43,13.8,71475191.0,1007858281.0,2466734657.0,0.028975630109696067,13.65,13.425,12.868,12.299333333333333,70.15384585164499,64537835.0,12.065333333333335,12.477500000000001,False,False,13.84,986357635.8000001,839265204.737
2024-05-10,13.77,14.31,13.73,14.12,77084766.0,1112641548.0,2466734657.0,0.031249719454523397,13.718,13.593,12.984,12.354833333333335,70.33639113617448,66935692.25,12.111333333333333,12.5655,False,False,13.84,1088436895.9199998,876501753.143
2024-05-13,13.99,15.38,13.97,15.04,183021933.0,2802807221.0,2466734657.0,0.07419603583248313,13.982,13.788999999999998,13.158499999999998,12.427833333333332,75.99009874656898,74424059.3,12.157000000000002,12.628499999999999,False,False,14.12,2752649872.3199997,994929719.8790001
2024-05-14,15.0,15.17,14.84,15.04,65709541.0,1013564331.0,2466734657.0,0.026638268860224638,14.294,13.975,13.331999999999999,12.505833333333332,83.19783166266407,76618487.2,12.199666666666667,12.6915,False,False,15.04,988271496.64,1031719856.0455
2024-05-15,14.94,15.12,14.7,14.84,44714609.0,684673686.0,2466734657.0,0.018127044541702404,14.568000000000001,14.113,13.465,12.571666666666665,78.36411580551517,73884691.6,12.247666666666667,12.763499999999999,False,False,15.04,663564797.56,1004369268.6344999
2024-05-16,14.88,15.48,14.71,14.78,98121948.0,1519151298.0,2466734657.0,0.03977807167931642,14.764,14.206999999999999,13.5785,12.634166666666665,82.49999967916668,74998127.05,12.299333333333333,12.868,False,False,15.04,1450242391.4399998,1029435187.2120001
2024-05-17,14.51,14.75,14.5,14.6,52619045.0,788877354.0,2466734657.0,0.02133145729747616,14.86,14.288999999999998,13.684000000000001,12.687333333333333,74.20382132520591,72441268.95,12.354833333333335,12.984,False,False,15.04,768238057.0,1003051338.7905
2024-05-20,14.56,14.98,14.47,14.83,47858910.0,726916935.0,2466734657.0,0.019401726028451385,14.818000000000001,14.4,13.786000000000001,12.742333333333335,75.22935747608228,71901627.75,12.427833333333332,13.158499999999998,False,False,15.04,709747635.3,1001030936.6625
2024-05-21,14.84,14.84,14.58,14.63,28089161.0,423339097.0,2466734657.0,0.011387183830368505,14.735999999999999,14.515,13.870500000000002,12.795166666666667,68.33855769381199,69354513.9,12.505833333333332,13.331999999999999,False,False,15.04,410944425.43,970444817.548
2024-05-22,14.65,14.78,14.44,14.5,33862285.0,507304416.0,2466734657.0,0.013727574996324382,14.668000000000001,14.618,13.966,12.845,61.224489504373196,67960392.45,12.571666666666665,13.465,False,False,15.04,491003132.5,956126676.71
2024-05-23,14.41,14.49,14.21,14.29,39234924.0,576767386.0,2466734657.0,0.015905611853573597,14.569999999999999,14.666999999999998,14.046000000000001,12.889833333333334,58.252426920539165,68099566.65,12.634166666666665,13.5785,False,False,15.04,560667063.9599999,961031591.2279999
2024-05-24,14.21,14.81,14.2,14.38,39666710.0,592404206.0,2466734657.0,0.016080655407112968,14.526,14.692999999999998,14.143,12.936,60.57692280510355,68574115.1,12.687333333333333,13.684000000000001,False,False,15.04,570407289.8000001,970782644.816
2024-05-27,14.36,15.1,14.34,15.04,70390346.0,1073218296.0,2466734657.0,0.028535840204883454,14.568000000000001,14.693000000000001,14.241,12.993666666666666,72.03389802020492,68624350.5,12.742333333333335,13.786000000000001,False,False,15.04,1058670803.8399999,978337977.7559999
2024-05-28,15.08,15.44,14.8,14.83,54741896.0,850016041.0,2466734657.0,0.022192048846703335,14.607999999999999,14.672,14.323500000000001,13.039333333333333,68.18181792659213,68322829.55,12.795166666666667,13.870500000000002,False,False,15.04,811822317.68,978880138.055
2024-05-29,14.85,15.09,14.66,14.87,28908885.0,441152711.0,2466734657.0,0.011719495211194902,14.681999999999999,14.675,14.394,13.094833333333332,65.50724611098508,63490469.95,12.845,13.966,False,False,15.04,429875119.95,915874654.2315
2024-05-30,14.78,15.07,14.65,14.85,25944047.0,396574949.0,2466734657.0,0.010517566989370758,14.794,14.681999999999999,14.4445,13.143833333333333,61.58730131358026,59112920.8,12.889833333333334,14.046000000000001,False,False,15.04,385269097.95,856599548.369
2024-05-31,14.82,14.9,14.5,14.56,33434042.0,502894507.0,2466734657.0,0.01355396775454637,14.830000000000002,14.678,14.483500000000001,13.183333333333334,40.47619025132277,58014871.5,12.936,14.143,False,False,15.04,486799651.52000004,842772356.653
2024-06-03,14.28,14.44,14.05,14.18,66923657.0,976365878.0,2466734657.0,0.02713046448270662,14.657999999999998,14.613,14.506499999999999,13.2145,35.17241362330559,58657610.85,12.993666666666666,14.241,False,False,15.04,948977456.26,853129984.646
2024-06-04,14.27,14.7,14.12,14.63,41184332.0,610026414.0,2466734657.0,0.01669589061114813,14.618,14.613,14.563999999999998,13.257333333333333,46.66666645925928,56888186.55,13.039333333333333,14.323500000000001,True,False,15.04,602526777.1600001,831646244.1719999
2024-06-05,14.69,14.71,14.29,14.32,22442240.0,333699572.0,2466734657.0,0.009097954632580492,14.508000000000001,14.594999999999999,14.6065,13.287333333333333,43.235293939619396,56271423.4,13.094833333333332,14.394,False,True,15.04,321372876.8,824292239.7414999
2024-06-06,14.38,14.56,14.2,14.25,30369290.0,448623612.0,2466734657.0,0.01231153497349999,14.388,14.591,14.629,13.323333333333332,44.68085087369852,54216128.35,13.143833333333333,14.4445,True,False,15.04,432762382.5,796612477.0764999
2024-06-07,14.31,14.38,13.87,14.0,33292235.0,479265463.0,2466734657.0,0.013496480014793906,14.276,14.553,14.623,13.345333333333333,37.46223549109628,52026501.8,13.183333333333334,14.483500000000001,True,True,15.04,466091290.0,765495196.7804999
2024-06-11,13.97,14.34,13.89,14.24,26565277.0,386389834.0,2466734657.0,0.010769410047657186,14.288,14.472999999999999,14.583000000000002,13.369333333333334,44.17910429298284,44203669.0,13.2145,14.506499999999999,True,True,15.04,378289544.48,646777180.3885
2024-06-12,14.16,14.29,14.04,14.13,19083397.0,277177966.0,2466734657.0,0.007736299056668258,14.187999999999999,14.403,14.5375,13.393333333333334,44.44444425759094,41872361.8,13.257333333333333,14.563999999999998,True,True,15.04,269648399.61,610846025.537
2024-06-13,14.07,14.39,14.04,14.14,26802870.0,390568507.0,2466734657.0,0.010865728879245239,14.152000000000001,14.330000000000002,14.502499999999998,13.411999999999999,47.603833652890216,40976774.85,13.287333333333333,14.6065,True,True,15.04,378992581.8,596617414.749
2024-06-14,14.06,14.43,13.97,14.37,37382208.0,547737998.0,2466734657.0,0.015154531475008177,14.175999999999998,14.282,14.482,13.436833333333333,49.84709458781058,37939787.85,13.323333333333332,14.629,True,True,15.04,537182328.9599999,550964411.625
2024-06-17,14.34,14.79,14.24,14.6,40325378.0,605100321.0,2466734657.0,0.016347675614629353,14.296000000000001,14.286000000000001,14.482,13.467833333333333,42.25352091846856,37325104.5,13.345333333333333,14.623,True,True,15.04,588750518.8,541990034.715
2024-06-18,14.58,14.89,14.58,14.76,33011182.0,500712100.0,2466734657.0,0.013382542749915238,14.4,14.344,14.4785,13.499333333333333,48.74551946866047,36582718.1,13.369333333333334,14.583000000000002,False,True,15.04,487245046.32,530864905.266
2024-06-19,14.97,15.33,14.91,15.14,74491412.0,1159578940.0,2466734657.0,0.030198388703305108,14.601999999999999,14.395,14.504,13.540333333333333,54.313098798599576,38902830.65,13.393333333333334,14.5375,False,False,15.04,1127799977.68,566707682.8785001
2024-06-20,15.18,15.24,14.81,14.86,39622892.0,610967804.0,2466734657.0,0.01606289184268756,14.745999999999999,14.449000000000002,14.522,13.578,50.14749241826994,39190861.0,13.411999999999999,14.502499999999998,False,False,15.14,588796175.12,571597335.0095
2024-06-21,14.8,15.32,14.73,15.28,47318851.0,735165518.0,2466734657.0,0.019182789225310665,14.928,14.552000000000001,14.571499999999997,13.620166666666666,60.227272487732414,39595057.35,13.436833333333333,14.482,False,False,15.14,723032043.28,579715583.9755
2024-06-24,15.24,15.57,15.01,15.07,56597165.0,891989269.0,2466734657.0,0.022944164196741165,15.022,14.659,14.606,13.657833333333334,63.283581825083544,40441580.1,13.467833333333333,14.482,False,False,15.28,852919276.5500001,593841183.313
2024-06-25,14.93,15.07,14.64,14.78,36978961.0,563379964.0,2466734657.0,0.014991057467434772,15.026,14.713,14.593,13.694999999999999,52.35109694892933,38771010.85,13.499333333333333,14.4785,False,False,15.28,546549043.5799999,568235095.3
2024-06-26,14.81,15.08,14.65,14.84,28704580.0,437254450.0,2466734657.0,0.011636671142777073,14.966,14.784,14.5935,13.737833333333333,58.843537134758655,37469145.05,13.540333333333333,14.504,False,False,15.28,425975967.2,548942777.776
2024-06-27,14.77,14.92,14.44,14.78,29825459.0,451878612.0,2466734657.0,0.012091069023318952,14.95,14.847999999999999,14.588999999999999,13.788,59.044368318559314,37514973.75,13.578,14.522,False,False,15.28,440820284.02,549490035.9795
2024-06-28,14.69,15.53,14.65,15.35,65274828.0,1026893356.0,2466734657.0,0.026462038717770364,14.963999999999999,14.946000000000002,14.614,13.845333333333334,70.76923046437868,39481512.8,13.620166666666666,14.571499999999997,False,False,15.28,1001968609.8,580325011.572
2024-07-01,15.53,15.56,15.17,15.49,35263977.0,557948827.0,2466734657.0,0.014295812847129427,15.047999999999998,15.035,14.660499999999999,13.903166666666667,69.84126953086418,39573009.55,13.657833333333334,14.606,False,False,15.35,546239003.73,583296979.1825
2024-07-02,15.44,15.55,14.44,14.93,62577881.0,958200773.0,2466734657.0,0.02536871196195303,15.078,15.052000000000001,14.697999999999999,13.944333333333333,61.11111087345677,39355720.75,13.694999999999999,14.593,False,False,15.49,934287763.3299999,582562494.536
2024-07-03,14.89,14.99,14.7,14.84,22413155.0,341985279.0,2466734657.0,0.009086163741364258,15.078,15.021999999999997,14.7085,13.988,59.51086933881733,38417161.9,13.737833333333333,14.5935,False,False,15.49,332611220.2,569066716.688
2024-07-04,14.81,15.23,14.81,14.87,31608142.0,488123614.0,2466734657.0,0.012813758427686452,15.095999999999998,15.023,14.736,14.035333333333334,57.1839078159268,38875457.0,13.788,14.588999999999999,False,False,15.49,470013071.53999996,576498726.425
2024-07-05,14.8,15.05,14.42,14.99,31425456.0,475419312.0,2466734657.0,0.012739698577154259,15.024000000000001,14.994,14.773,14.09,55.78634991661457,38928265.3,13.845333333333334,14.614,False,False,15.49,471067585.44,578413986.572
2024-07-08,14.89,15.44,14.8,15.17,43343317.0,680241526.0,2466734657.0,0.0175711306755277,14.959999999999999,15.004,14.8315,14.146166666666666,56.04719740865464,39430819.4,13.903166666666667,14.660499999999999,False,False,15.49,657518118.89,587985328.0165
2024-07-09,15.16,16.06,15.14,16.0,75092508.0,1217749319.0,2466734657.0,0.03044206955413932,15.174000000000001,15.126,14.9195,14.220333333333333,61.197916443549246,41857180.95,13.944333333333333,14.697999999999999,False,False,15.49,1201480128.0,629144857.1924999
2024-07-10,15.96,16.06,15.7,15.82,37294852.0,606685174.0,2466734657.0,0.01511911785654212,15.37,15.224,15.004,14.291166666666667,62.83422436372216,42767753.7,13.988,14.7085,False,False,16.0,590004558.64,645162665.144
2024-07-11,15.96,16.03,15.6,15.9,48731517.0,790093171.0,2466734657.0,0.019755475872409573,15.575999999999999,15.335999999999999,15.092000000000002,14.353166666666665,59.11764681539794,43864186.05,14.035333333333334,14.736,False,False,16.0,774831120.3000001,664954592.069
2024-07-12,15.76,15.91,15.49,15.81,31283963.0,506111421.0,2466734657.0,0.01268233813119041,15.74,15.382,15.164000000000001,14.408166666666666,61.28048754331498,43559273.8,14.09,14.773,False,False,16.0,494599455.03000003,662825448.3725001
2024-07-15,15.8,15.8,15.5,15.6,23240507.0,372870144.0,2466734657.0,0.009421567469386716,15.825999999999999,15.393,15.213999999999999,14.459999999999999,62.8124997251953,42705030.25,14.146166666666666,14.8315,False,False,16.0,362551909.2,651515517.8924999
2024-07-16,15.61,15.61,14.94,15.23,48269975.0,746309431.0,2466734657.0,0.01956836940812479,15.672,15.422999999999998,15.2375,14.500666666666666,55.55555533396645,43467969.9,14.220333333333333,14.9195,False,False,16.0,735151719.25,663910851.5389999
2024-07-17,15.21,15.21,14.79,14.83,33862756.0,515272245.0,2466734657.0,0.013727765937007306,15.474,15.422000000000002,15.222,14.532166666666667,50.64935046517121,41436537.1,14.291166666666667,15.004,True,False,16.0,502184671.48,632630086.229
2024-07-18,14.72,14.84,14.26,14.71,39080413.0,579937415.0,2466734657.0,0.01584297398550719,15.236,15.406,15.214500000000001,14.5675,40.588235126989645,41409413.15,14.353166666666665,15.092000000000002,True,True,16.0,574872875.23,631933921.2345
2024-07-19,14.65,15.09,14.6,14.79,26164481.0,395494250.0,2466734657.0,0.010606929661344602,15.032,15.386000000000001,15.190000000000001,14.6025,39.520957918175604,40351694.65,14.408166666666666,15.164000000000001,True,True,16.0,386972673.98999995,615130952.77
2024-07-22,14.73,15.64,14.7,15.46,42936099.0,668794338.0,2466734657.0,0.017406046847461956,15.004000000000001,15.415000000000001,15.2095,14.652833333333335,57.6811591862214,39668641.35,14.459999999999999,15.213999999999999,True,True,16.0,663792090.5400001,605674593.4695
2024-07-23,15.47,15.47,14.89,15.13,35955317.0,555198060.0,2466734657.0,0.01457607809496958,14.984,15.328,15.227,14.687000000000001,53.92953909078225,39617459.15,14.500666666666666,15.2375,False,True,16.0,544003946.21,605547338.6010001
2024-07-24,15.17,15.6,15.15,15.3,29821373.0,467372923.0,2466734657.0,0.012089412582490019,15.078,15.276,15.250000000000004,14.722333333333333,55.613576820211485,39673298.8,14.532166666666667,15.222,True,False,16.0,456267006.90000004,607061890.586
2024-07-25,15.17,15.71,14.94,15.61,42192366.0,663313422.0,2466734657.0,0.01710454177966333,15.258000000000001,15.247000000000003,15.2915,14.758166666666666,57.71144258508453,40291644.15,14.5675,15.214500000000001,False,True,16.0,658622833.26,617952018.048
2024-07-26,15.5,15.99,15.46,15.86,40075706.0,644858851.0,2466734657.0,0.016246460026121894,15.472,15.252,15.316999999999998,14.791833333333333,58.43520762393816,39031688.05,14.6025,15.190000000000001,False,False,16.0,635600697.16,599633622.416
2024-07-29,15.92,16.14,15.17,15.23,45578152.0,718494293.0,2466734657.0,0.01847711989234844,15.425999999999998,15.214999999999998,15.304000000000002,14.816,40.1028276191672,39547396.8,14.652833333333335,15.2095,False,False,16.0,694155254.96,607029434.9775001
2024-07-30,15.26,15.41,15.08,15.12,16445820.0,254522475.0,2466734657.0,0.006667040556360903,15.424000000000001,15.203999999999999,15.313500000000001,14.839333333333334,40.837696185411566,37240793.75,14.687000000000001,15.227,True,False,16.0,248660798.39999998,572748086.7310001
2024-07-31,15.12,15.4,14.79,15.28,27602740.0,425019916.0,2466734657.0,0.011189991563004176,15.419999999999998,15.248999999999999,15.3355,14.869333333333334,42.05128190032872,37500273.0,14.722333333333333,15.250000000000004,True,True,16.0,421769867.2,577206019.081
2024-08-01,15.13,15.68,15.08,15.46,25926604.0,407945230.0,2466734657.0,0.010510495697794869,15.39,15.324000000000002,15.364999999999998,14.9025,45.61403492767006,37216196.1,14.758166666666666,15.2915,True,True,16.0,400825297.84000003,573746630.396
2024-08-02,15.33,15.45,15.01,15.13,23607888.0,364934708.0,2466734657.0,0.009570501607461706,15.244,15.357999999999999,15.372000000000003,14.924666666666667,44.282238291982665,36825317.7,14.791833333333333,15.316999999999998,False,True,16.0,357187345.44,568052618.396
2024-08-05,14.96,15.37,14.55,14.57,26741305.0,405976317.0,2466734657.0,0.01084077078339764,15.112,15.269,15.342000000000002,14.932166666666665,42.32558125754462,35995217.1,14.816,15.304000000000002,True,False,16.0,389620813.85,554657753.144
2024-08-06,14.73,14.91,13.87,14.05,57735846.0,834491236.0,2466734657.0,0.023405778905387958,14.898000000000001,15.161000000000001,15.244499999999999,14.915666666666668,41.176470457812094,35127384.0,14.839333333333334,15.313500000000001,True,True,16.0,811188636.3000001,535143178.559
2024-08-07,14.19,14.6,14.16,14.17,40625738.0,593098688.0,2466734657.0,0.016469439825930982,14.675999999999998,15.047999999999998,15.162,14.901166666666667,43.89140257590957,35293928.3,14.869333333333334,15.3355,True,True,15.9,575666707.46,534426286.0
2024-08-08,14.26,14.32,13.83,13.99,28061873.0,401218913.0,2466734657.0,0.011376121432585849,14.382,14.886,15.0665,14.887,41.150442350419,34260446.1,14.9025,15.364999999999998,True,True,15.9,392585603.27,515314010.1485001
2024-08-09,13.96,14.28,13.76,13.88,25462882.0,360749957.0,2466734657.0,0.010322505474085938,14.132000000000001,14.687999999999999,14.969999999999999,14.872000000000002,30.050504944265896,33969392.05,14.924666666666667,15.372000000000003,True,True,15.86,353424802.16,508255277.505
2024-08-12,13.86,14.0,13.64,13.72,21185081.0,297136822.0,2466734657.0,0.008588309626202328,13.962,14.537,14.876000000000001,14.857333333333335,31.398416770559933,33866620.75,14.932166666666665,15.342000000000002,True,True,15.86,290659311.32,504660647.61100006
2024-08-13,13.76,13.85,13.59,13.8,15251123.0,213042582.0,2466734657.0,0.00618271728445578,13.912,14.405000000000001,14.8045,14.840166666666667,29.72972961723886,32215678.15,14.915666666666668,15.244499999999999,True,True,15.86,210465497.4,478426336.51850003
2024-08-14,13.8,13.82,13.27,13.34,31895018.0,435397507.0,2466734657.0,0.012930056303173754,13.746,14.211000000000002,14.73,14.818666666666667,20.519480444864243,32117291.25,14.901166666666667,15.162,True,True,15.86,425479540.12,474591079.9505
2024-08-15,13.28,13.59,13.25,13.49,18908140.0,258943414.0,2466734657.0,0.007665250879880106,13.646,14.014000000000001,14.669,14.801833333333333,18.39999993130668,31108677.6,14.887,15.0665,True,True,15.86,255070808.6,458600976.61899996
2024-08-16,13.56,13.78,13.43,13.45,18284432.0,252587256.0,2466734657.0,0.007412403254688614,13.559999999999999,13.846,14.602,14.787833333333333,21.8354429412354,30714675.15,14.872000000000002,14.969999999999999,True,True,15.86,245925610.39999998,451548623.43950003
2024-08-19,13.36,13.62,13.16,13.23,24594002.0,333985960.0,2466734657.0,0.009970266534427664,13.462,13.712,14.4905,14.768666666666666,21.100917340852376,29797570.3,14.857333333333335,14.876000000000001,True,True,15.86,325378646.46000004,434627951.23550004
2024-08-20,13.24,13.27,12.97,13.11,18417388.0,245166612.0,2466734657.0,0.007466302850100184,13.324000000000002,13.618,14.389499999999998,14.736500000000001,16.408668659529013,28920673.85,14.840166666666667,14.8045,True,True,15.86,241451956.67999998,419500351.759
2024-08-21,13.02,13.15,12.87,12.9,16941951.0,223841955.0,2466734657.0,0.006868169201710778,13.235999999999999,13.491,14.269499999999999,14.704333333333333,10.736196272912025,28276702.75,14.818666666666667,14.73,True,True,15.86,218551167.9,407614559.809
2024-08-22,12.97,13.02,12.64,12.68,22982437.0,297752599.0,2466734657.0,0.009316947380125125,13.074000000000002,13.36,14.123000000000001,14.667833333333334,11.111111061728394,27316206.3,14.801833333333333,14.669,True,True,15.86,291417301.15999997,389254283.204
2024-08-23,12.67,12.73,12.48,12.62,23070064.0,295858999.0,2466734657.0,0.009352470860427856,12.907999999999998,13.234,13.961000000000002,14.630666666666666,13.207547100035583,26465924.2,14.787833333333333,14.602,True,True,15.86,291144207.68,372031458.73
2024-08-26,12.65,12.68,12.35,12.41,26974163.0,341706054.0,2466734657.0,0.010935170073300672,12.744,13.103,13.819999999999999,14.594833333333334,14.957264867777027,25535724.75,14.768666666666666,14.4905,True,True,15.46,334749362.83,354061164.1235
2024-08-27,12.38,12.38,11.97,12.11,32642905.0,402039873.0,2466734657.0,0.013233245378609038,12.544,12.934000000000001,13.6695,14.560333333333334,9.126984076278674,26345579.0,14.736500000000001,14.389499999999998,True,True,15.46,395305579.54999995,361393403.181
2024-08-28,12.09,12.68,12.01,12.67,34948988.0,444315894.0,2466734657.0,0.014168118123618676,12.498,12.866999999999999,13.539000000000001,14.527666666666667,27.241379178834734,26712891.4,14.704333333333333,14.269499999999999,True,True,15.46,442803677.96,362445093.719
2024-08-29,13.09,13.93,13.08,13.93,78965952.0,1092955400.0,2466734657.0,0.03201234140685282,12.748000000000001,12.911000000000001,13.4625,14.521166666666666,50.61728377564394,29364858.8,14.667833333333334,14.123000000000001,True,True,15.46,1099995711.36,397403614.395
2024-08-30,13.93,14.09,13.62,13.89,67407262.0,951551654.0,2466734657.0,0.02732651515991572,13.001999999999999,12.955000000000002,13.4005,14.515166666666667,52.162849686951674,31554827.5,14.630666666666666,13.961000000000002,False,True,15.13,936286869.1800001,426358590.582
2024-09-02,13.84,14.09,13.77,13.88,34901980.0,495653643.0,2466734657.0,0.014149061351595547,13.296000000000001,13.02,13.366,14.513166666666669,51.036269244946176,31962861.25,14.594833333333334,13.819999999999999,False,False,14.57,484439482.40000004,431099524.0095
2024-09-03,13.87,14.39,13.83,14.31,43315954.0,627176238.0,2466734657.0,0.017560037873177697,13.736,13.14,13.379,14.514333333333333,62.66318514953406,31241866.65,14.560333333333334,13.6695,False,False,14.17,619851301.74,421532657.2815
2024-09-04,14.16,14.49,14.11,14.33,32196560.0,470454882.0,2466734657.0,0.013052299690456735,14.068000000000001,13.283000000000001,13.387,14.517666666666667,61.35135111921111,30820407.75,14.527666666666667,13.539000000000001,False,False,14.31,461376704.8,415818157.14849997
2024-09-05,14.39,14.43,14.14,14.24,23550166.0,341989653.0,2466734657.0,0.009547101441644845,14.13,13.438999999999998,13.3995,14.519333333333334,60.53333310734224,30594822.4,14.521166666666666,13.4625,False,False,14.33,335354363.84000003,412956595.177
2024-09-06,14.28,14.32,13.85,13.91,24219469.0,346448428.0,2466734657.0,0.009818433016810693,14.134,13.568000000000001,13.401,14.511666666666667,58.8082899421461,30532651.75,14.515166666666667,13.4005,False,False,14.33,336892813.79,412129995.7585
2024-09-09,13.95,14.24,13.88,14.12,24232887.0,346258793.0,2466734657.0,0.009823872596605757,14.181999999999999,13.738999999999999,13.421000000000001,14.503666666666668,62.78480990405385,30685042.05,14.513166666666669,13.366,False,False,14.33,342168364.44,414705448.4145
2024-09-10,14.04,14.17,13.91,14.08,15469080.0,220810554.0,2466734657.0,0.006271075794918789,14.136,13.935999999999998,13.434999999999999,14.492333333333335,65.60846536547129,30695939.9,14.514333333333333,13.379,False,False,14.33,217804646.4,415072405.8645
2024-09-11,14.02,14.7,13.97,14.51,40310163.0,592699543.0,2466734657.0,0.016341507541400714,14.172,14.120000000000001,13.493500000000001,14.481833333333334,72.93233057116477,31116697.15,14.517666666666667,13.387,False,False,14.33,584900465.13,423043452.115
2024-09-12,14.58,14.81,14.27,14.32,27036803.0,398895482.0,2466734657.0,0.010960563967946877,14.187999999999999,14.159,13.535,14.472833333333334,70.6310677211566,31523130.3,14.519333333333334,13.3995,False,False,14.51,387167018.96,429648262.633
2024-09-13,14.4,14.79,14.33,14.41,26983980.0,399290991.0,2466734657.0,0.010939149828468964,14.288,14.211000000000002,13.583000000000002,14.458333333333336,74.99999973750002,31958107.7,14.511666666666667,13.401,False,False,14.51,388839151.8,436793939.70299995
2024-09-18,14.39,14.7,14.18,14.64,24448379.0,361515119.0,2466734657.0,0.009911231810288705,14.392000000000001,14.287,13.6535,14.451166666666667,82.18829487261172,31950826.55,14.503666666666668,13.421000000000001,False,False,14.51,357924268.56,438421220.80799997
2024-09-19,14.7,14.73,14.46,14.54,21377078.0,316987265.0,2466734657.0,0.008666144102421796,14.484,14.309999999999999,13.725,14.447166666666668,76.94524464633044,32098811.05,14.492333333333335,13.434999999999999,False,False,14.64,310822714.12,441889758.68
2024-09-20,14.59,14.64,14.27,14.37,22473734.0,329229456.0,2466734657.0,0.009110722118499833,14.456,14.313999999999998,13.798499999999999,14.439333333333334,59.243697130499264,32375400.2,14.481833333333334,13.493500000000001,False,False,14.64,322947557.58,447109578.16400003
2024-09-23,14.42,14.57,14.11,14.18,23143712.0,336584956.0,2466734657.0,0.009382327334771784,14.428,14.308000000000002,13.873499999999998,14.429333333333334,55.731224988048545,32383463.95,14.472833333333334,13.535,False,False,14.64,328177836.15999997,448947604.91400003
2024-09-24,14.26,14.53,14.01,14.47,34871223.0,508649063.0,2466734657.0,0.014136592641224646,14.440000000000001,14.364,13.966,14.414666666666667,60.49822033915477,32973521.9,14.458333333333336,13.583000000000002,False,False,14.64,504586596.81,459619724.37049997
2024-09-25,14.49,14.94,14.35,14.41,44469518.0,663055919.0,2466734657.0,0.018027686064168352,14.394,14.393,14.065999999999999,14.396666666666667,52.04918002922601,33848289.65,14.451166666666667,13.6535,False,False,14.64,640805754.38,474922543.94799995
2024-09-26,14.31,14.49,14.02,14.49,58606450.0,850383201.0,2466734657.0,0.02375871674470093,14.384,14.434000000000001,14.184999999999999,14.389333333333333,53.199999702080014,35146466.9,14.447166666666668,13.725,False,False,14.64,849207460.5,497617637.99549997
2024-09-27,14.69,15.3,14.69,15.29,46756698.0,713646718.0,2466734657.0,0.01895489564202446,14.568000000000001,14.512,14.315999999999999,14.396833333333335,66.35513989751651,35736852.4,14.439333333333334,13.798499999999999,False,False,14.64,714909912.42,511222949.71849996
2024-09-30,16.06,16.7,15.42,16.62,102920956.0,1692854961.0,2466734657.0,0.04172356183829301,15.056000000000001,14.742,14.4505,14.426,82.1852728858447,36934602.6,14.429333333333334,13.873499999999998,False,False,15.29,1710546288.72,541750478.5864999
2024-10-08,18.28,18.28,16.71,17.69,116954699.0,2091272698.0,2466734657.0,0.04741276029349597,15.7,15.069999999999999,14.6405,14.471,85.2071003564301,39411974.45,14.414666666666667,13.966,False,False,16.62,2068928625.3100002,598382566.393
2024-10-09,17.34,17.75,16.62,16.62,82092015.0,1434573653.0,2466734657.0,0.033279629313612065,16.142000000000003,15.268,14.7775,14.495166666666668,70.81967196861058,41771476.2,14.396666666666667,14.065999999999999,False,False,17.69,1364369289.3000002,642379056.738
2024-10-10,16.7,17.47,16.55,16.85,67365501.0,1163981538.0,2466734657.0,0.027309585491424017,16.613999999999997,15.499,14.904499999999999,14.509333333333334,69.83050830887676,42973953.55,14.389333333333333,14.184999999999999,False,False,17.69,1135108691.8500001,668141926.2435
2024-10-11,17.0,17.08,16.33,16.75,41770523.0,711353961.0,2466734657.0,0.01693352906096539,16.906,15.737,15.0255,14.524833333333333,70.91222013893783,43452651.7,14.396833333333335,14.315999999999999,False,False,17.69,699656260.25,680055904.016
2024-10-14,16.74,17.14,16.6,17.03,45994670.0,791255393.0,2466734657.0,0.01864597388676491,16.988,16.022,15.165000000000001,14.543666666666667,71.83333316572221,44574876.9,14.426,14.4505,False,False,17.69,783289230.1,702452647.329
2024-10-15,16.93,16.93,16.29,16.3,47799982.0,808603806.0,2466734657.0,0.019377836957191624,16.71,16.205000000000002,15.2845,14.551833333333333,62.76923063403549,45753902.55,14.471,14.6405,False,False,17.69,779139706.6,724564991.9695
2024-10-16,16.1,16.33,15.91,16.07,39348835.0,643420107.0,2466734657.0,0.015951790715850796,16.6,16.371000000000002,15.382000000000001,14.559666666666667,61.53846140851606,46509699.95,14.495166666666668,14.7775,False,False,17.69,632335778.45,739073362.6700001
2024-10-17,16.14,16.53,16.06,16.23,34548593.0,573512332.0,2466734657.0,0.014005800300392827,16.476000000000003,16.544999999999998,15.489499999999998,14.576333333333334,64.0483382331304,47463675.6,14.509333333333334,14.904499999999999,False,False,17.69,560723664.39,756219313.5695
2024-10-18,16.12,17.07,16.09,16.77,60801287.0,1037266829.0,2466734657.0,0.02464849100305968,16.48,16.693,15.602500000000001,14.608666666666666,68.57962683499069,48488231.8,14.524833333333333,15.0255,False,False,17.69,1019637582.99,777956169.4625
2024-10-21,16.92,17.39,16.79,17.05,55773924.0,970767496.0,2466734657.0,0.02261042704440342,16.484,16.736,15.739,14.647666666666668,68.53448262076395,49925087.85,14.543666666666667,15.165000000000001,False,False,17.69,950945404.2,806145088.7245001
2024-10-22,17.24,17.8,16.95,17.63,89064467.0,1588702226.0,2466734657.0,0.036106221132158035,16.75,16.73,15.9,14.695,71.5240640372544,53029112.2,14.551833333333333,15.2845,False,False,17.69,1570206553.2099998,865213458.7950001
2024-10-23,17.61,18.23,17.08,17.18,95520242.0,1720162953.0,2466734657.0,0.03872335507547864,16.972,16.786,16.026999999999997,14.723666666666666,67.13375784205444,56582705.35,14.559666666666667,15.382000000000001,False,False,17.69,1641037757.56,929369133.2450001
2024-10-24,17.0,17.55,16.92,17.33,43745339.0,770083178.0,2466734657.0,0.01773410807516781,17.192,16.834,16.166500000000003,14.760333333333334,64.16666654189814,57701118.4,14.576333333333334,15.489499999999998,False,False,17.69,758106724.8699999,951733333.7825
2024-10-25,17.33,17.64,17.18,17.52,40849297.0,724614046.0,2466734657.0,0.016560069354877516,17.342,16.911,16.324,14.797333333333334,57.42574244159068,58619896.55,14.608666666666666,15.602500000000001,False,False,17.69,715679683.4399999,971369940.0754999
2024-10-28,17.74,17.75,17.09,17.56,53958455.0,953833738.0,2466734657.0,0.02187444638476979,17.444,16.964,16.493000000000002,14.829833333333333,48.707753343556924,60160633.7,14.647666666666668,15.739,False,False,17.69,947510469.8,1002336571.7575
2024-10-29,17.67,17.98,17.46,17.57,62405254.0,1123635814.0,2466734657.0,0.025298729971993093,17.432,17.091,16.648,14.858333333333333,61.96473529785734,61537335.25,14.695,15.9,False,False,17.69,1096460312.78,1031930257.556
2024-10-30,17.57,18.05,17.43,17.6,45566317.0,823460313.0,2466734657.0,0.01847232205162146,17.516,17.244,16.8075,14.897833333333333,59.94694937950734,61592175.2,14.723666666666666,16.026999999999997,False,False,17.69,801967179.2,1039988328.7970002
2024-10-31,17.53,17.54,16.84,17.01,71550648.0,1247932652.0,2466734657.0,0.029006219942204346,17.452,17.322,16.933500000000002,14.929333333333334,53.05164301814016,62239385.1,14.760333333333334,16.166500000000003,False,False,17.69,1217076522.48,1058381781.8960001
2024-11-01,16.94,17.1,16.64,16.73,43908205.0,753508025.0,2466734657.0,0.017800133012036406,17.294,17.318,17.0055,14.9535,46.47887308668914,62096960.45,14.797333333333334,16.324,False,False,17.69,734584269.65,1059365499.7574999
2024-11-04,16.76,17.13,16.7,16.85,36547988.0,628236864.0,2466734657.0,0.014816343499405417,17.152,17.298,17.017,14.976666666666667,57.53424635466317,58778312.05,14.829833333333333,16.493000000000002,True,False,17.69,615833597.8000001,1004629865.2115002
2024-11-05,16.85,17.78,16.65,17.6,66689511.0,1181071769.0,2466734657.0,0.027035543045033725,17.157999999999998,17.294999999999998,17.0125,15.017833333333332,68.34532351155048,56265052.65,14.858333333333333,16.648,True,True,17.69,1173735393.6000001,959870203.626
2024-11-06,17.69,18.42,17.54,18.37,95359418.0,1759935288.0,2466734657.0,0.03865815795363028,17.312,17.413999999999998,17.1,15.081166666666666,72.38493702648763,56928422.8,14.897833333333333,16.8075,False,True,17.63,1751752508.66,979239364.5940001
2024-11-07,18.38,18.58,18.1,18.57,63960287.0,1197324209.0,2466734657.0,0.02592913137961397,17.624000000000002,17.538,17.186,15.1565,70.27027004869734,56758162.1,14.929333333333334,16.933500000000002,False,False,18.37,1187742529.59,981871056.481
2024-11-08,18.67,18.77,18.16,18.26,52692343.0,988226031.0,2466734657.0,0.021361171883839146,17.93,17.612000000000002,17.2615,15.224666666666668,63.534675416222505,57304253.1,14.9535,17.0055,False,False,18.57,962162183.1800001,994996352.6274999
2024-11-11,18.23,18.84,17.83,18.84,71305385.0,1332278240.0,2466734657.0,0.02890679173686252,18.328,17.740000000000002,17.352,15.3055,63.534675416222505,58569788.85,14.976666666666667,17.017,False,False,18.57,1343393453.4,1023001563.7925001
2024-11-12,18.77,19.11,18.21,18.37,56509430.0,1068622985.0,2466734657.0,0.02290859693386146,18.482,17.82,17.4555,15.380333333333333,63.251670181397934,59005261.25,15.017833333333332,17.0125,False,False,18.84,1038078229.1,1035948489.9174999
2024-11-13,18.26,18.44,18.02,18.32,29514938.0,547382345.0,2466734657.0,0.011965185601233478,18.472,17.892000000000003,17.568,15.456999999999999,61.27562622827821,58513566.4,15.081166666666666,17.1,False,False,18.84,540713664.16,1031367384.2030001
2024-11-14,18.36,18.36,17.35,17.43,50448295.0,910524455.0,2466734657.0,0.0204514477699658,18.244,17.934000000000005,17.628000000000004,15.5175,49.115913420899254,59308551.5,15.1565,17.186,False,False,18.84,879313781.85,1047296890.0759999
2024-11-15,17.55,17.58,17.1,17.12,35571595.0,627466338.0,2466734657.0,0.01442051940976155,18.016000000000002,17.973,17.6455,15.580499999999999,45.895522268183356,58047066.9,15.224666666666668,17.2615,True,False,18.84,608985706.4,1026764296.2465
2024-11-18,17.12,17.69,17.12,17.25,47206300.0,836712005.0,2466734657.0,0.01913716169918798,17.698,18.012999999999998,17.655499999999996,15.643166666666666,47.080291850524794,57618685.7,15.3055,17.352,True,True,18.84,814308675.0,1019932459.7865
2024-11-19,17.23,17.49,16.91,17.3,28817576.0,503363727.0,2466734657.0,0.011682479069332669,17.484,17.983,17.639,15.707333333333334,47.27272715239669,54606341.15,15.380333333333333,17.4555,True,True,18.84,498544064.8,966349335.3659999
2024-11-20,17.27,17.37,17.03,17.22,23416522.0,409785360.0,2466734657.0,0.009492922935002165,17.264,17.868000000000002,17.641000000000002,15.773833333333334,52.10420827064949,51001155.15,15.456999999999999,17.568,True,True,18.84,403232508.84,904459072.93
2024-11-21,17.23,17.32,16.82,16.98,30605559.0,531000911.0,2466734657.0,0.012407317063125853,17.174,17.709,17.6235,15.838333333333333,52.52525237669625,50344166.15,15.5175,17.628000000000004,True,True,18.84,519682391.82,892537856.2774999
2024-11-22,16.98,17.14,16.41,16.46,35342260.0,605262330.0,2466734657.0,0.014327548323735251,17.041999999999998,17.529,17.570500000000003,15.897666666666668,46.35514006561271,50068814.3,15.580499999999999,17.6455,True,True,18.84,581733599.6,885840552.0855
2024-11-25,16.47,16.74,16.22,16.46,32558280.0,546428892.0,2466734657.0,0.013198938891788555,16.884,17.291,17.5155,15.960666666666667,37.60869553771264,48998805.55,15.643166666666666,17.655499999999996,True,True,18.84,535909288.8,865260493.0354999
2024-11-26,16.49,16.7,16.41,16.43,21852950.0,367917940.0,2466734657.0,0.008859059866040549,16.71,17.097,17.4585,16.024166666666666,24.870466231039714,46971190.35,15.707333333333334,17.639,True,True,18.84,359043968.5,828389675.8215001
2024-11-27,16.43,17.15,16.38,17.15,43089351.0,739188878.0,2466734657.0,0.017468174324191205,16.696,16.979999999999997,17.436,16.103166666666667,33.78995422989509,46847342.05,15.773833333333334,17.641000000000002,True,True,18.84,738982369.65,825240435.3440001
2024-11-28,17.13,17.24,16.65,16.83,31205514.0,536197470.0,2466734657.0,0.012650535359142198,16.666,16.92,17.427,16.181833333333334,33.712983947156715,44830085.35,15.838333333333333,17.6235,True,True,18.84,525188800.61999995,790646049.251
2024-11-29,16.96,17.42,16.79,17.35,43508965.0,762348396.0,2466734657.0,0.017638283419147666,16.844,16.943,17.458,16.259833333333333,32.794457168793926,44810123.35,15.897666666666668,17.570500000000003,True,True,18.84,754880542.7500001,791660862.906
2024-12-02,17.57,18.57,17.45,18.4,87343916.0,1625001917.0,2466734657.0,0.03540871968216726,17.232,17.058,17.535500000000003,16.334333333333333,50.30549883823277,47349919.75,15.960666666666667,17.5155,True,True,18.84,1607128054.3999999,841225585.7360001
2024-12-03,18.28,18.63,18.11,18.28,34029089.0,635394720.0,2466734657.0,0.013795196375675684,17.602,17.156,17.569499999999998,16.4075,49.598393434863965,45716898.65,16.024166666666666,17.4585,False,True,18.84,622051746.9200001,813641403.4020001
2024-12-04,18.16,18.26,17.6,18.0,34013184.0,619417447.0,2466734657.0,0.013788748580427473,17.772,17.234,17.551,16.476166666666664,56.52173894935829,42649586.95,16.103166666666667,17.436,False,False,18.84,612237312.0,756665643.569
2024-12-05,17.92,17.97,17.52,17.78,28980452.0,524285066.0,2466734657.0,0.011748508060143577,17.962,17.314,17.5115,16.534000000000002,57.71028018505984,40900595.2,16.181833333333334,17.427,False,False,18.84,515272436.56000006,723042138.9175
2024-12-06,17.81,17.96,17.62,17.8,26306338.0,476631030.0,2466734657.0,0.010664437670808628,18.052,17.448,17.4885,16.591833333333334,56.59472403061725,39581294.95,16.259833333333333,17.458,False,False,18.84,468252816.40000004,698346670.5785
2024-12-09,17.78,17.79,17.43,17.65,29599373.0,529613367.0,2466734657.0,0.011999415063150021,17.901999999999997,17.567,17.429,16.648666666666667,54.098360478366,37495994.35,16.334333333333333,17.535500000000003,False,False,18.84,522428933.4499999,657298444.5810001
2024-12-10,18.04,18.13,17.39,17.43,43016850.0,772458547.0,2466734657.0,0.017438782837030535,17.732,17.666999999999998,17.382,16.707333333333334,52.38095221466365,36821365.35,16.4075,17.569499999999998,False,False,18.4,749783695.5,642883717.901
2024-12-11,17.49,17.71,17.31,17.42,26414970.0,468623397.0,2466734657.0,0.010708476456939,17.616,17.694,17.337,16.762333333333334,55.263157709644936,36666366.95,16.476166666666664,17.551,False,False,18.4,460148777.40000004,638855473.563
2024-12-12,17.46,17.75,17.36,17.58,36513635.0,651186213.0,2466734657.0,0.0148024169913789,17.576,17.769,17.344500000000004,16.820666666666668,64.65968562690168,35969633.95,16.534000000000002,17.5115,False,False,18.4,641909703.3,626985269.6355
2024-12-13,17.42,18.08,17.4,17.72,113138374.0,2054778456.0,2466734657.0,0.04586564415387788,17.56,17.806,17.3745,16.874166666666664,65.90909067607897,39847972.9,16.591833333333334,17.4885,False,False,18.4,2004811987.28,696776583.6795
2024-12-16,17.69,17.92,17.39,17.77,57651751.0,1036644234.0,2466734657.0,0.023371687277510045,17.584,17.743000000000002,17.4005,16.93166666666667,66.83417061917632,40370245.45,16.648666666666667,17.429,False,False,18.4,1024471615.27,707284730.6930001
2024-12-17,17.78,18.35,17.71,17.93,57376235.0,1056176805.0,2466734657.0,0.02325999468048987,17.684,17.708,17.432,16.990333333333332,61.40350852057047,41798178.4,16.707333333333334,17.382,False,False,18.4,1028755893.55,733795322.1305
2024-12-18,18.03,18.06,17.6,17.87,34952412.0,633377892.0,2466734657.0,0.014169506193466515,17.774,17.695,17.464499999999997,17.044166666666666,66.45569590810776,42374972.9,16.762333333333334,17.337,False,False,18.4,624599602.44,744863676.8105
2024-12-19,17.68,18.22,17.56,18.16,51279048.0,938938268.0,2466734657.0,0.020788230243768777,17.89,17.732999999999997,17.523500000000002,17.104499999999998,63.82252529231561,43408647.35,16.820666666666668,17.344500000000004,False,False,18.4,931227511.6800001,765440932.8034999
2024-12-20,18.18,18.52,17.92,17.99,50430562.0,932824537.0,2445181125.0,0.020624468872423512,17.944,17.752,17.6,17.164833333333334,39.99999972682924,44163062.45,16.874166666666664,17.3745,False,False,18.4,907245810.3799999,781716543.3425
2024-12-23,17.87,18.13,17.8,17.86,29300139.0,534840470.0,2445181125.0,0.011982809248946742,17.962,17.773000000000003,17.669999999999998,17.226166666666668,39.80582497219336,44000155.4,16.93166666666667,17.4005,False,False,18.4,523300482.53999996,781086103.0295
2024-12-24,17.84,18.05,17.67,18.03,29140891.0,530706091.0,2445181125.0,0.011917681967220322,17.982,17.833,17.75,17.285500000000003,50.76923040473376,44364552.45,16.990333333333332,17.432,False,False,18.4,525410264.73,789404417.841
2024-12-25,17.96,18.03,17.52,17.62,28031451.0,505591906.0,2445181125.0,0.011463956887856314,17.932,17.852999999999998,17.773500000000002,17.339000000000002,46.261681940344126,43611657.45,17.044166666666666,17.464499999999997,False,False,18.4,493914166.62,777151007.6895001
2024-12-26,17.58,18.35,17.49,18.35,59593539.0,1099950370.0,2445181125.0,0.024371830123627345,17.97,17.93,17.8495,17.403333333333332,59.649122514004326,45031058.7,17.104499999999998,17.523500000000002,True,False,18.4,1093541440.65,805568639.691
2024-12-27,18.28,18.3,17.56,17.66,74891633.0,1355314708.0,2445181125.0,0.030628255810701957,17.904000000000003,17.924,17.865000000000002,17.442833333333336,50.14749241826996,46600192.1,17.164833333333334,17.6,False,True,18.4,1322586238.78,833953924.4925
2024-12-30,17.56,17.68,16.87,16.96,67233954.0,1178521052.0,2445181125.0,0.027496512758334007,17.724,17.843,17.793,17.4485,43.92764841989999,45594694.0,17.226166666666668,17.669999999999998,True,False,18.4,1140287859.8400002,810611914.7644999
2024-12-31,17.09,17.34,16.76,16.92,42095450.0,729638890.0,2445181125.0,0.017215677632060895,17.502000000000002,17.742,17.725,17.435666666666666,43.589743433267586,45998012.05,17.285500000000003,17.75,True,True,18.35,712255014.0000001,815122078.1185
2025-01-02,16.84,16.93,16.15,16.32,46779490.0,786834107.0,2445181125.0,0.01913129850452285,17.242,17.587,17.641,17.430666666666664,35.48387085327788,46636327.35,17.339000000000002,17.773500000000002,True,True,18.35,763441276.8000001,822682276.3585
2025-01-03,16.4,16.65,16.02,16.04,34890393.0,579110002.0,2445181125.0,0.014269042339348174,16.78,17.375,17.554,17.41716666666667,31.249999902343774,46931824.4,17.403333333333332,17.8495,True,True,18.35,559641903.72,824900749.7165
2025-01-06,16.08,16.15,15.61,15.76,45639565.0,737978368.0,2445181125.0,0.018665106046080737,16.400000000000002,17.152,17.451999999999998,17.40066666666667,28.662420296969458,47898485.75,17.442833333333336,17.865000000000002,True,True,18.35,719279544.4,837452086.1165
2025-01-07,15.84,16.01,15.5,15.97,44000323.0,707976644.0,2445181125.0,0.017994709083156365,16.202,16.963,17.368000000000002,17.383,29.411764619377195,48618533.25,17.4485,17.793,True,True,18.35,702685158.3100001,846464897.3595
2025-01-08,15.92,15.92,15.23,15.54,55636581.0,879550238.0,2445181125.0,0.02275356227445114,15.925999999999998,16.714000000000002,17.2735,17.370333333333335,27.290448268603072,49249519.8,17.435666666666666,17.725,True,True,18.35,864592468.74,852205336.0215
2025-01-09,15.38,15.64,15.25,15.37,42465909.0,667958671.0,2445181125.0,0.017367183381967258,15.735999999999999,16.489,17.171,17.358666666666668,22.15568856084242,50052066.75,17.430666666666664,17.641,True,True,18.35,652701021.3299999,861832948.218
2025-01-10,15.38,15.45,15.03,15.13,45860608.0,710086403.0,2445181125.0,0.018755505484281863,15.553999999999998,16.166999999999998,17.048499999999997,17.340333333333334,21.85039364056982,50519415.4,17.41716666666667,17.554,True,True,18.35,693870999.0400001,864431013.0050001
2025-01-13,15.03,15.21,14.79,14.92,40904480.0,623202015.0,2445181125.0,0.016728609419476032,15.386000000000001,15.893,16.9085,17.3095,21.511627848611894,46907720.7,17.40066666666667,17.451999999999998,True,True,18.35,610294841.6,794705155.721
2025-01-14,14.98,15.71,14.84,15.67,53954739.0,848275286.0,2445181125.0,0.022065743289262467,15.325999999999999,15.764000000000001,16.8035,17.2865,29.44250863899039,46722870.1,17.383,17.368000000000002,True,True,18.35,845470760.13,785755112.964
2025-01-15,15.67,15.67,15.22,15.31,36915205.0,576627478.0,2445181125.0,0.015097124962470827,15.279999999999998,15.603,16.672500000000003,17.247833333333332,29.70123015539241,45699818.6,17.370333333333335,17.2735,True,True,18.35,565171788.5500001,762575907.714
2025-01-16,15.38,15.75,15.34,15.49,33422459.0,528163214.0,2445181125.0,0.013668704808115186,15.303999999999998,15.520000000000001,16.553500000000003,17.21966666666667,22.17898826643855,45623320.95,17.358666666666668,17.171,True,True,18.35,517713889.91,757231622.0875
2025-01-17,15.52,16.06,15.49,15.91,54354123.0,880900045.0,2445181125.0,0.022229078428699225,15.460000000000003,15.507000000000001,16.441,17.196,32.03285411735935,45777074.7,17.340333333333334,17.048499999999997,True,True,18.35,864774096.9300001,753908951.35
2025-01-20,15.72,15.77,14.87,15.18,100046483.0,1555720152.0,2445181125.0,0.04091577592232559,15.512,15.449000000000002,16.3005,17.157,31.836734602915456,48257870.75,17.3095,16.9085,True,True,18.35,1518705611.94,784481941.4280001
2025-01-21,15.36,15.72,15.15,15.55,56701920.0,890525186.0,2445181125.0,0.023189251471095008,15.488,15.407,16.185,17.1235,36.90248556087289,49627959.8,17.2865,16.8035,True,True,18.35,881714856.0,802402660.1010001
2025-01-22,15.44,15.87,15.33,15.58,49519438.0,784304145.0,2445181125.0,0.02025184862327939,15.541999999999998,15.411000000000001,16.0625,17.090333333333334,42.0600857105491,50646887.15,17.247833333333332,16.672500000000003,True,True,18.35,771512844.04,814707789.0665
2025-01-23,15.79,15.96,15.43,15.44,46063207.0,734654491.0,2445181125.0,0.018838361922984336,15.532,15.418000000000001,15.9535,17.054333333333332,43.36283172409743,51548474.95,17.21966666666667,16.553500000000003,True,True,18.35,711215916.0799999,825572876.5395
2025-01-24,15.44,16.42,15.38,16.16,108647358.0,1789951316.0,2445181125.0,0.04443325563459026,15.581999999999999,15.521,15.844,17.040166666666668,54.03225791200572,54001165.9,17.196,16.441,True,True,18.35,1755741305.28,858682869.771
2025-01-27,16.13,16.15,15.38,15.38,82375772.0,1308266461.0,2445181125.0,0.03368902661556411,15.622,15.566999999999998,15.73,17.017666666666667,44.665461008080214,54375372.85,17.157,16.3005,False,True,17.66,1266939373.3600001,855900526.5000001
2025-02-05,15.51,15.61,14.85,15.03,68354894.0,1043549229.0,2445181125.0,0.02795494096577406,15.518,15.503,15.633499999999998,16.987333333333332,45.32110080101002,54431419.85,17.1235,16.185,True,False,16.96,1027374056.8199999,850254836.3490001
2025-02-06,15.03,15.36,14.82,15.25,70387839.0,1082925992.0,2445181125.0,0.02878634972286562,15.451999999999998,15.497,15.55,16.948166666666665,48.909090784595044,55846039.3,17.090333333333334,16.0625,True,True,16.92,1073414544.75,868312812.8865
2025-02-07,15.29,16.0,15.24,15.75,86318293.0,1375360068.0,2445181125.0,0.03530139019865042,15.514,15.523,15.5215,16.9045,55.38194430983554,57822979.45,17.054333333333332,15.9535,True,True,16.32,1359513114.75,898116404.784
2025-02-10,15.75,15.82,15.62,15.74,53891136.0,861767844.0,2445181125.0,0.022039731719260675,15.430000000000001,15.506,15.506499999999999,16.857333333333333,57.37410057495731,58773016.6,17.040166666666668,15.844,False,True,16.16,848246480.64,912546633.6299999
2025-02-11,15.72,15.87,15.58,15.78,55457705.0,887648365.0,2445181125.0,0.022680407775518063,15.51,15.565999999999999,15.507500000000002,16.816,51.134020470953345,59263923.6,17.017666666666667,15.73,False,False,16.16,875122584.9,920338785.6550001
2025-02-12,15.75,15.87,15.62,15.87,53868787.0,863651585.0,2445181125.0,0.022030591701054456,15.678,15.597999999999999,15.502499999999998,16.766499999999997,56.11353694637782,59757346.8,16.987333333333332,15.633499999999998,False,False,16.16,854897649.6899999,927949410.224
2025-02-13,15.89,15.89,15.38,15.5,61797306.0,979657584.0,2445181125.0,0.025273099554128122,15.728,15.589999999999998,15.500499999999999,16.718666666666664,50.10482165587683,60065383.05,16.948166666666665,15.55,False,False,16.16,957858243.0,932612698.937
2025-02-14,15.44,15.94,15.42,15.72,70052505.0,1120810509.0,2445181125.0,0.028649208961974135,15.722,15.618,15.518,16.675333333333334,47.92122523612754,61444712.85,16.9045,15.5215,True,False,16.16,1101225378.6000001,955038916.8005002
2025-02-17,15.81,15.9,15.5,15.62,71247680.0,1135518029.0,2445181125.0,0.029137996883564197,15.697999999999999,15.563999999999998,15.5425,16.645166666666665,55.58375614767192,62714066.45,16.857333333333333,15.506499999999999,False,True,16.16,1112888761.6,975989804.9284999
2025-02-18,15.62,15.66,15.13,15.19,56585853.0,887397558.0,2445181125.0,0.023141783821842645,15.579999999999998,15.544999999999998,15.556000000000001,16.613000000000003,45.49999984074999,63498135.1,16.816,15.507500000000002,False,False,16.16,859539107.0699999,988452018.202
2025-02-19,15.16,15.56,15.16,15.5,48825310.0,766980388.0,2445181125.0,0.01996797272022129,15.506,15.591999999999999,15.5475,16.583833333333335,49.065420400253295,63241663.65,16.766499999999997,15.502499999999998,True,False,16.16,756792305.0,984018095.4455
2025-02-20,15.56,15.57,15.24,15.4,47169448.0,736820542.0,2445181125.0,0.019290778714807885,15.485999999999999,15.607,15.551999999999998,16.55216666666667,49.52830172325562,63754375.8,16.718666666666664,15.500499999999999,True,True,16.16,726409499.2,992079980.978
2025-02-21,15.41,16.31,15.38,16.21,140775228.0,2293791873.0,2445181125.0,0.05757251541028479,15.584,15.653,15.588,16.535333333333334,50.577367042013144,69122014.25,16.675333333333334,15.518,True,True,16.16,2281966445.88,1080292608.7765
2025-02-24,16.31,16.69,16.07,16.56,109991014.0,1840896055.0,2445181125.0,0.04498276748312459,15.772,15.735,15.620500000000002,16.528333333333332,65.12820489441154,71903858.8,16.645166666666665,15.5425,False,True,16.21,1821451191.84,1128126463.5219998
2025-02-25,16.31,16.51,16.13,16.19,71450108.0,1187005483.0,2445181125.0,0.029220783388797016,15.972000000000003,15.776,15.671000000000001,16.523833333333336,64.79591813593298,70474040.05,16.613000000000003,15.556000000000001,False,False,16.56,1156777248.52,1110030045.351
2025-02-26,16.31,16.51,16.14,16.41,58493038.0,975175514.0,2445181125.0,0.02392176080616523,16.154000000000003,15.830000000000002,15.713999999999999,16.523,64.79591813593296,70563595.95,16.583833333333335,15.5475,False,False,16.56,959870753.58,1113937840.23
2025-02-27,16.41,16.45,15.76,15.98,80668847.0,1315446627.0,2445181125.0,0.0329909494945901,16.27,15.878000000000004,15.734,16.5155,52.98701279433295,72121066.4,16.55216666666667,15.551999999999998,False,False,16.56,1289088175.06,1139816606.7810001
2025-02-28,15.87,15.89,15.28,15.29,79993571.0,1262399616.0,2445181125.0,0.03271478344983544,16.086,15.834999999999999,15.726500000000001,16.4845,45.03311244360626,73817584.6,16.535333333333334,15.588,False,False,16.56,1223101700.59,1165410896.0064998
2025-03-03,15.33,15.57,15.19,15.3,49147318.0,768836759.0,2445181125.0,0.020099663578091786,15.834,15.803,15.683499999999999,16.459,44.66666652770372,70842582.6,16.528333333333332,15.620500000000002,True,False,16.56,751953965.4,1115221529.0125
2025-03-04,15.2,15.45,15.14,15.45,32686175.0,509987652.0,2445181125.0,0.013367588464433283,15.686000000000002,15.829000000000002,15.687000000000001,16.427333333333333,45.39473670273545,68358102.75,16.523833333333336,15.671000000000001,True,True,16.56,505001403.75,1077124630.532
2025-03-05,15.57,15.68,15.42,15.56,40050876.0,633003206.0,2445181125.0,0.016379512990065306,15.516,15.835000000000003,15.713500000000002,16.380000000000003,50.69767425354246,66942901.85,16.523,15.713999999999999,True,True,16.56,623191630.5600001,1056915509.2190001
2025-03-06,15.67,16.09,15.59,16.02,80600321.0,1300898016.0,2445181125.0,0.0329629245768041,15.524000000000001,15.897,15.752,16.342333333333336,53.303964593335785,67453525.95,16.5155,15.734,True,True,16.56,1291217142.42,1067805639.1025
2025-03-07,15.98,16.06,15.67,15.77,59002924.0,951681272.0,2445181125.0,0.0241302876898332,15.62,15.853,15.753,16.30516666666667,51.599146967507885,66087757.5,16.4845,15.726500000000001,False,True,16.56,930476111.48,1046353788.9389999
2025-03-10,15.72,15.76,15.44,15.59,45220984.0,716075388.0,2445181125.0,0.01849391995449826,15.678,15.756,15.745500000000002,16.268666666666668,54.504504332643464,65654249.9,16.459,15.683499999999999,False,False,16.56,704995140.56,1039191221.9350001
2025-03-11,15.43,15.64,15.34,15.64,35943191.0,567835629.0,2445181125.0,0.014699602672583202,15.716,15.700999999999999,15.738499999999998,16.232666666666667,51.6746409752524,64678524.2,16.427333333333333,15.687000000000001,True,False,16.56,562151507.24,1023542668.052
2025-03-12,15.73,15.96,15.62,15.8,55767725.0,897321028.0,2445181125.0,0.02280719592909503,15.764,15.64,15.735000000000003,16.201833333333333,54.71698095140621,64773471.1,16.380000000000003,15.713500000000002,True,True,16.56,881130055.0,1024854288.3174999
2025-03-13,15.82,16.06,15.67,15.87,56515860.0,912292463.0,2445181125.0,0.023113158948501206,15.734,15.629000000000001,15.753500000000003,16.175833333333333,45.142856962285684,64509398.8,16.342333333333336,15.752,False,True,16.56,896906698.1999999,1021806711.0775
2025-03-14,16.06,16.82,16.06,16.61,158133456.0,2667195900.0,2445181125.0,0.06467146927612571,15.902000000000001,15.761,15.797999999999998,16.162333333333333,50.64267333958935,68913446.35,16.30516666666667,15.753,False,False,16.56,2626596704.16,1098075277.3554997
2025-03-17,17.24,17.29,16.58,16.62,136294849.0,2338302276.0,2445181125.0,0.05574018530017894,16.108,15.893,15.847999999999999,16.146333333333335,56.090651335617814,72165804.8,16.268666666666668,15.745500000000002,False,False,16.61,2265220390.38,1155691858.7944999
2025-03-18,16.57,17.13,16.51,16.64,77355039.0,1311173487.0,2445181125.0,0.031635709195162384,16.308,16.012,15.9205,16.128333333333334,53.45345322872422,73204264.1,16.232666666666667,15.738499999999998,False,False,16.62,1287187848.96,1177074295.889
2025-03-19,16.66,16.67,16.34,16.44,56150851.0,939604225.0,2445181125.0,0.022963882072335233,16.436,16.1,15.967500000000001,16.106166666666667,57.419354579396476,73570541.15,16.201833333333333,15.735000000000003,False,False,16.64,923119990.44,1185390680.161
2025-03-20,16.41,16.95,16.31,16.74,95039298.0,1620710516.0,2445181125.0,0.0388679991957651,16.61,16.172,16.0345,16.086333333333332,76.75276713116654,75964033.65,16.175833333333333,15.753500000000003,False,False,16.64,1590957848.5199997,1228618097.6269999
2025-03-21,17.0,17.96,16.92,17.28,210804431.0,3747419461.0,2445181125.0,0.08621219460787388,16.744,16.323,16.088,16.0765,80.55555520747602,79465493.8,16.162333333333333,15.797999999999998,False,False,16.74,3642700567.6800003,1296654803.7169998
2025-03-24,17.63,17.74,16.89,17.69,161153822.0,2835435047.0,2445181125.0,0.06590670128782382,16.958,16.532999999999998,16.1445,16.068666666666665,81.99999967200003,82023634.2,16.146333333333335,15.847999999999999,False,False,17.28,2850811111.1800003,1348122799.684
2025-03-25,17.43,17.67,16.81,16.91,124297282.0,2178407427.0,2445181125.0,0.050833568413055696,17.012,16.660000000000004,16.180500000000002,16.050666666666668,66.1870501375015,84665992.9,16.128333333333334,15.9205,False,False,17.69,2101867038.6200001,1395377289.1890001
2025-03-26,16.79,17.16,16.71,16.73,69312734.0,1190905776.0,2445181125.0,0.028346666548066047,17.07,16.753,16.1965,16.03183333333333,59.125963797490115,85206977.7,16.106166666666667,15.967500000000001,False,False,17.69,1159602039.82,1405363853.501
2025-03-27,16.74,16.89,16.33,16.61,65338086.0,1106991676.0,2445181125.0,0.02672116406100591,17.044,16.826999999999998,16.228,16.008166666666668,61.17021253819601,84440439.65,16.086333333333332,16.0345,False,False,17.69,1085265608.46,1395172725.171
2025-03-28,16.57,17.1,16.53,16.83,66998431.0,1146148272.0,2445181125.0,0.027400191468433654,16.954,16.849,16.305,15.995000000000001,66.31578922936285,83790682.65,16.0765,16.088,False,False,17.69,1127583593.7299998,1390396819.828
2025-03-31,16.68,16.81,16.21,16.35,58242829.0,975252866.0,2445181125.0,0.023819433417227937,16.686,16.822,16.3575,15.961666666666668,58.39243479491867,84245458.2,16.068666666666665,16.1445,False,False,17.69,952270254.1500001,1400412634.2655
2025-04-01,16.46,16.51,16.16,16.17,51841293.0,861035950.0,2445181125.0,0.02120141222667094,16.538,16.775,16.3935,15.936833333333334,54.35294099742563,85203214.1,16.050666666666668,16.180500000000002,True,False,17.69,838273707.8100001,1417076249.4685
2025-04-02,16.14,16.42,16.11,16.21,35659899.0,590329661.0,2445181125.0,0.01458374540659028,16.434000000000005,16.752,16.426,15.924333333333333,54.02843583971611,84983665.25,16.03183333333333,16.1965,True,True,17.69,578046962.7900001,1414819016.08
2025-04-03,16.06,16.2,15.66,15.81,53128957.0,860631353.0,2445181125.0,0.021728025158054498,16.273999999999997,16.659,16.4155,15.905833333333334,39.6907215062706,83610097.05,16.008166666666668,16.228,True,True,17.69,839968810.1700001,1392256599.4675002
2025-04-07,14.73,15.03,14.23,14.23,69122740.0,1016366930.0,2445181125.0,0.028268965146702577,15.754,16.354000000000003,16.338500000000003,15.871,28.073394423297685,84116087.85,15.995000000000001,16.305,True,True,17.69,983616590.2,1394913623.4035
2025-04-08,14.1,14.46,14.04,14.34,65297425.0,946802113.0,2445181125.0,0.026704535027031996,15.352,16.019000000000002,16.276,15.842666666666668,29.24187718242122,85119909.9,15.961666666666668,16.3575,True,True,17.69,936365074.5,1406482120.1005
2025-04-09,14.06,14.86,13.62,14.72,65889406.0,959565484.0,2445181125.0,0.02694663611064804,15.062000000000001,15.8,16.23,15.825333333333335,34.965034879456184,86617220.65,15.936833333333334,16.3935,True,True,17.69,969892056.32,1426869147.5545
2025-04-10,15.08,15.24,14.91,15.0,56239125.0,863043752.0,2445181125.0,0.022999983283446948,14.819999999999999,15.627,16.19,15.809166666666668,34.7368420199446,86640790.65,15.924333333333333,16.426,True,True,17.69,843586875.0,1424991988.5545
2025-04-11,14.84,15.12,14.78,14.95,38338109.0,583712223.0,2445181125.0,0.015679046680028664,14.648,15.461000000000002,16.144,15.799333333333333,27.639155395979202,85731903.1,15.905833333333334,16.4155,True,True,17.69,573154729.55,1408804390.1220002
2025-04-14,15.17,15.28,15.02,15.09,36376102.0,559883001.0,2445181125.0,0.01487664927071609,14.819999999999999,15.287,16.068,15.794666666666668,23.684210459194517,79644035.4,15.871,16.338500000000003,True,True,17.69,548915379.18,1304920323.8730001
2025-04-15,15.06,15.07,14.78,14.89,28506610.0,431096393.0,2445181125.0,0.011658281551637612,14.930000000000001,15.141000000000002,15.9815,15.790666666666668,26.834862299154096,74254623.45,15.842666666666668,16.276,True,True,17.69,424463422.90000004,1212882475.499
2025-04-16,14.79,14.84,14.44,14.63,34831478.0,517572748.0,2445181125.0,0.014244948009730772,14.912,14.987,15.881,15.785833333333333,26.35135126826148,72128445.4,15.825333333333335,16.23,True,True,17.69,509584523.14000005,1174002309.2080002
2025-04-17,14.53,14.76,14.47,14.54,26474401.0,393826771.0,2445181125.0,0.010827173794742915,14.819999999999999,14.820000000000002,15.785999999999998,15.767,26.53061216067377,70644622.9,15.809166666666668,16.19,True,True,17.69,384937790.53999996,1147093199.2129998
2025-04-18,14.49,14.93,14.45,14.84,39232967.0,589251134.0,2445181125.0,0.016045014661234962,14.797999999999998,14.723000000000003,15.691000000000003,15.759166666666665,27.839643565756134,67854306.35,15.799333333333333,16.144,True,True,17.69,582217230.28,1096656168.301
2025-04-21,14.89,15.1,14.74,14.99,29932743.0,455960172.0,2445181125.0,0.012241523825765668,14.778,14.799000000000001,15.5765,15.750833333333333,33.65384604058802,58810721.95,15.794666666666668,16.068,True,True,17.69,448691817.57,936955730.7955002
2025-04-22,15.01,15.07,14.91,14.97,27392702.0,417904623.0,2445181125.0,0.011202729204774145,14.794,14.862,15.4405,15.735166666666666,34.99999987749999,52122665.95,15.790666666666668,15.9815,True,True,17.69,410068748.94,814918612.6835
2025-04-23,15.01,15.22,14.97,15.21,39149016.0,602583107.0,2445181125.0,0.016010681417312184,14.91,14.910999999999998,15.355499999999997,15.735666666666667,38.09523796825398,47865252.65,15.785833333333333,15.881,True,True,16.91,595456533.36,739598087.4205
2025-04-24,15.19,15.19,14.89,14.98,33171157.0,507746063.0,2445181125.0,0.01356593041752684,14.998,14.909,15.268,15.726166666666666,39.702233112696966,46058173.8,15.767,15.785999999999998,True,True,16.83,496903931.86,706463182.0224999
2025-04-25,15.12,15.65,15.08,15.43,65904025.0,1033850893.0,2445181125.0,0.02695261480885184,15.116,14.956999999999999,15.209,15.723666666666668,70.68965483115336,46086470.75,15.759166666666665,15.691000000000003,True,True,16.83,1016899105.75,703044856.887
2025-04-28,15.43,15.51,15.24,15.3,34288614.0,536023518.0,2445181125.0,0.01402293419061134,15.178,14.978,15.132500000000002,15.721333333333332,66.43835584584349,44450979.9,15.750833333333333,15.5765,False,True,16.83,524615794.20000005,672896466.9105
2025-04-29,15.28,15.39,15.13,15.27,22692139.0,353211512.0,2445181125.0,0.009280350959686065,15.238,15.016,15.0785,15.7065,60.70038877439474,42673445.4,15.735166666666666,15.4405,False,False,16.35,346508962.53,642608402.3295
2025-04-30,15.34,15.35,15.13,15.14,32727957.0,507038483.0,2445181125.0,0.013384675951152699,15.224,15.066999999999998,15.026999999999997,15.702499999999999,52.89256167748106,41717778.6,15.735666666666667,15.355499999999997,False,False,16.21,495501268.98,625469780.388
2025-05-06,15.27,15.57,15.26,15.49,34983429.0,549618987.0,2445181125.0,0.014307091054451028,15.325999999999999,15.162,14.991,15.710166666666668,59.926470279790244,41683955.1,15.726166666666666,15.268,False,False,16.21,541893315.21,623662098.0090001
2025-05-07,15.67,15.71,15.41,15.49,34070747.0,537475933.0,2445181125.0,0.013933833633694518,15.338,15.227,14.975,15.714166666666667,57.751937671113524,40731044.6,15.723666666666668,15.209,False,False,15.81,527755871.03000003,608051451.0519999
2025-05-08,15.49,15.66,15.41,15.62,30605912.0,485573096.0,2445181125.0,0.012516828175663266,15.402000000000001,15.290000000000001,15.0445,15.712,64.5418323093284,38805203.2,15.721333333333332,15.132500000000002,False,False,15.49,478064345.44,582773838.814
2025-05-09,15.6,15.6,15.3,15.42,31373843.0,491920728.0,2445181125.0,0.01283088711884278,15.431999999999999,15.334999999999999,15.098500000000001,15.706666666666669,66.12244860174926,37109024.1,15.7065,15.0785,False,False,15.62,483784659.06,560144818.042
2025-05-12,15.49,15.7,15.48,15.66,30920586.0,491399494.0,2445181125.0,0.012645519664724224,15.535999999999998,15.38,15.145499999999998,15.704666666666666,71.53846115325447,35360583.1,15.702499999999999,15.026999999999997,False,False,15.62,484216376.76,535861034.064
2025-05-13,15.87,15.89,15.52,15.57,31806391.0,507964822.0,2445181125.0,0.01300778526171553,15.552000000000001,15.438999999999998,15.173999999999998,15.699666666666667,65.27196614485044,34138946.4,15.710166666666668,14.991,False,False,15.66,495225507.87,518442965.7075001
2025-05-14,15.57,15.76,15.42,15.59,27280014.0,431678415.0,2445181125.0,0.01115664345724082,15.572,15.455000000000002,15.206,15.701166666666667,63.274335891220936,33586041.65,15.714166666666667,14.975,False,False,15.66,425295418.26,511050000.14299995
2025-05-15,15.54,15.55,15.1,15.12,33759001.0,524329537.0,2445181125.0,0.013806339601938486,15.472,15.437000000000001,15.207500000000001,15.691166666666668,52.76752740267696,33455186.6,15.712,15.0445,False,False,15.66,510436095.11999995,509126035.94000006
2025-05-16,15.1,15.22,15.06,15.09,21524453.0,331408575.0,2445181125.0,0.008802805150068382,15.406,15.419,15.217499999999998,15.682333333333334,47.59999973343997,33106078.75,15.706666666666669,15.098500000000001,True,False,15.66,324803995.77,504143064.5835
2025-05-19,15.08,15.09,14.88,15.02,24724796.0,377053953.0,2445181125.0,0.010111641934091897,15.278,15.407,15.236999999999998,15.679499999999999,50.85470055044195,32600744.65,15.704666666666666,15.145499999999998,True,True,15.66,371366435.92,497232160.2225
2025-05-20,14.99,15.11,14.9,15.08,21985160.0,335910590.0,2445181125.0,0.008991219413244898,15.179999999999998,15.366,15.264000000000001,15.672500000000001,41.02564073109796,32376282.6,15.699666666666667,15.173999999999998,True,True,15.66,331536212.8,494562081.33549994
2025-05-21,15.03,15.1,14.89,14.92,23195254.0,353367860.0,2445181125.0,0.009486108723336394,15.046000000000001,15.308999999999997,15.267999999999997,15.6645,40.40404011835525,31574396.95,15.701166666666667,15.206,True,True,15.66,346073189.68,482754879.30550003
2025-05-22,14.85,14.95,14.77,14.78,25165160.0,379798428.0,2445181125.0,0.01029173656818572,14.978,15.225,15.257500000000002,15.640666666666666,38.277511705318084,31336017.8,15.691166666666668,15.207500000000001,True,True,15.66,371941064.8,478917341.667
2025-05-23,14.78,14.9,14.58,14.62,29523134.0,442469075.0,2445181125.0,0.01207400699201782,14.884,15.145,15.24,15.608333333333333,37.73584880740473,31442539.4,15.682333333333334,15.217499999999998,True,True,15.66,431628219.08,479995315.17399997
2025-05-26,14.56,14.69,14.56,14.65,21967251.0,327031962.0,2445181125.0,0.008983895211443693,14.809999999999999,15.044,15.212,15.582666666666665,26.666666459259275,30583451.15,15.679499999999999,15.236999999999998,True,True,15.66,321820227.15000004,466313499.8635
2025-05-27,14.64,14.7,14.52,14.66,19769878.0,293902964.0,2445181125.0,0.008085240720153195,14.725999999999999,14.953,15.196000000000002,15.553500000000001,27.071822995024576,29913387.2,15.672500000000001,15.264000000000001,True,True,15.66,289826411.48,455959623.84450006
2025-05-28,14.67,14.9,14.66,14.87,26018885.0,392250308.0,2445181125.0,0.01064088248268316,14.716,14.881,15.168000000000001,15.535,30.158729935332175,27919130.2,15.6645,15.267999999999997,True,True,15.66,386900819.95,424459709.5545
2025-05-29,14.84,15.09,14.82,15.04,29219970.0,446745103.0,2445181125.0,0.011950022720709493,14.768,14.873,15.154999999999998,15.530833333333334,39.78494593710255,27665698.0,15.640666666666666,15.257500000000002,True,True,15.66,439468348.79999995,420202337.2845
2025-05-30,15.03,15.03,14.74,14.74,24966820.0,377191283.0,2445181125.0,0.010210621922742021,14.791999999999998,14.838,15.128499999999999,15.521500000000001,26.041666476779525,27779432.05,15.608333333333333,15.24,True,True,15.66,368010926.8,421277435.498
2025-06-03,14.75,14.92,14.68,14.77,20552105.0,309449900.0,2445181125.0,0.008405146264982722,14.815999999999999,14.812999999999999,15.11,15.510166666666667,28.494623441438293,27170639.45,15.582666666666665,15.212,True,True,15.66,303554590.84999996,411680101.5915
2025-06-04,14.85,14.98,14.83,14.9,22486965.0,341511438.0,2445181125.0,0.00919644142926222,14.863999999999999,14.794999999999998,15.0805,15.499166666666666,32.487309413795785,26545816.25,15.553500000000001,15.196000000000002,True,True,15.66,335055778.5,401338224.756
2025-06-05,14.89,15.02,14.82,14.98,20393245.0,310094908.0,2445181125.0,0.00834017766270791,14.886,14.801000000000002,15.055000000000001,15.481833333333332,45.56961984938315,25861941.15,15.535,15.168000000000001,True,True,15.66,305490810.1,390224971.7095
2025-06-06,14.98,15.18,14.89,15.09,27013684.0,413301882.0,2445181125.0,0.011047723100676234,14.896,14.831999999999999,15.0285,15.4705,49.99999957831326,25682329.75,15.530833333333334,15.154999999999998,True,True,15.66,407636491.56,386703579.01549995
2025-06-09,15.09,15.19,15.0,15.12,30850156.0,474033073.0,2445181125.0,0.012616716072515896,14.972,14.882,15.013499999999999,15.462666666666667,53.08641929431489,25656145.4,15.521500000000001,15.128499999999999,False,True,15.66,466454358.71999997,385837063.9985
2025-06-10,15.12,15.12,14.84,14.96,25116310.0,382962521.0,2445181125.0,0.010271758498054005,15.01,14.913,14.9785,15.451333333333332,46.511627528393745,25365931.6,15.510166666666667,15.11,False,False,15.66,375739997.6,380413245.0405
2025-06-11,14.98,15.14,14.93,15.1,25865158.0,396104969.0,2445181125.0,0.0105780131114009,15.05,14.956999999999999,14.955000000000002,15.439666666666666,55.29411719169551,25068869.95,15.499166666666666,15.0805,True,False,15.59,390563885.8,375180163.937
2025-06-12,15.05,15.23,14.97,15.01,28425069.0,437029560.0,2445181125.0,0.011624933919772507,15.056000000000001,14.971,14.925999999999998,15.425333333333333,56.96969648631776,25126122.7,15.481833333333332,15.055000000000001,False,True,15.59,426660285.69,375248407.3085
2025-06-13,14.94,15.01,14.58,14.61,44389800.0,665163549.0,2445181125.0,0.018153992579997526,14.959999999999999,14.928,14.9005,15.392,49.735449367039,25657662.65,15.4705,15.0285,False,False,15.12,648534978.0,382153351.4525
2025-06-16,14.53,15.0,14.52,14.89,34743096.0,526155709.0,2445181125.0,0.01420880263011191,14.914000000000001,14.943000000000001,14.8905,15.363166666666666,55.6074762717268,26318594.8,15.462666666666667,15.013499999999999,True,False,15.12,517324699.44,391779386.63600004
2025-06-17,14.93,14.93,14.7,14.74,19516028.0,293338081.0,2445181125.0,0.007981424279970261,14.87,14.940000000000001,14.876500000000002,15.3315,51.7543856471222,26058156.4,15.451333333333332,14.9785,True,True,15.12,287666252.72,387594377.476
2025-06-18,14.75,14.87,14.68,14.78,19407704.0,292051070.0,2445181125.0,0.007937123267299881,14.806000000000001,14.928,14.861499999999998,15.303833333333332,47.86729826059613,25929283.6,15.439666666666666,14.955000000000002,True,True,15.12,286845865.12,385359860.092
2025-06-19,14.76,14.85,14.54,14.56,22119483.0,329826185.0,2445181125.0,0.009046153176076066,14.716,14.886,14.8435,15.267500000000002,38.88888863683128,25875495.05,15.425333333333333,14.925999999999998,True,True,15.12,322059672.48,384159184.232
2025-06-20,14.56,14.67,14.43,14.45,19178020.0,283199540.0,2445181125.0,0.007843189939559181,14.684000000000001,14.821999999999997,14.826999999999998,15.220333333333334,42.63959360560691,25576138.05,15.392,14.9005,True,True,15.12,277122389.0,379418250.44200003
2025-06-23,14.44,14.55,14.36,14.5,18698850.0,275922454.0,2445181125.0,0.007647224906498491,14.606,14.760000000000002,14.820999999999998,15.167166666666667,43.21608009797733,25034923.85,15.363166666666666,14.8905,True,True,15.12,271133325.0,371393505.73800004
2025-06-24,14.56,14.84,14.54,14.83,26655901.0,400006303.0,2445181125.0,0.01090140142481265,14.624,14.747,14.830000000000002,15.132499999999999,48.40182617460019,25269356.35,15.3315,14.876500000000002,True,True,15.12,395307011.83,375067844.972
2025-06-25,14.83,15.0,14.77,14.97,29147068.0,441722325.0,2445181125.0,0.011920208160448646,14.662,14.734,14.845499999999998,15.103166666666668,49.777777468049386,25738215.85,15.303833333333332,14.861499999999998,True,True,15.12,436331607.96000004,382393104.796
2025-06-26,15.02,15.22,14.93,15.04,35230225.0,540018247.0,2445181125.0,0.014408022636768882,14.758,14.736999999999998,14.854,15.077,48.86877797096701,26198782.85,15.267500000000002,14.8435,False,True,15.12,529862583.99999994,389541192.9985
2025-06-27,15.18,15.21,15.05,15.1,28164536.0,426864703.0,2445181125.0,0.011518384348725905,14.888,14.786000000000001,14.857000000000003,15.048166666666667,49.553571118861626,26146011.15,15.220333333333334,14.826999999999998,False,False,15.12,425284493.59999996,388832000.2385
2025-06-30,15.1,15.32,15.06,15.26,35706894.0,543017579.0,2445181125.0,0.014602964841714947,15.040000000000001,14.822999999999999,14.883000000000001,15.03,56.696428217075876,26683014.85,15.167166666666667,14.820999999999998,False,False,15.12,544887202.4399999,397675814.0205
2025-07-01,15.21,15.24,15.11,15.21,22559040.0,343215305.0,2445181125.0,0.00922591777326925,15.116,14.870000000000001,14.905000000000001,15.014000000000001,52.5581391926447,26783361.6,15.132499999999999,14.830000000000002,False,False,15.26,343122998.40000004,399654234.398
2025-07-02,15.51,15.66,15.33,15.36,71643760.0,1111220347.0,2445181125.0,0.029299980793856324,15.193999999999999,14.928,14.928,14.999833333333333,57.91855166929424,29241201.35,15.103166666666668,14.845499999999998,False,False,15.26,1100448153.6,437923853.153
2025-07-03,15.33,15.85,15.33,15.74,70948505.0,1115132861.0,2445181125.0,0.02901564398424677,15.334,15.046000000000001,14.966,14.998666666666669,75.79908627343053,31768964.35,15.077,14.854,False,False,15.36,1116729468.7,478485786.083
2025-07-04,15.75,15.78,15.34,15.37,61387640.0,955489968.0,2445181125.0,0.025105559409223724,15.388,15.138,14.98,15.017666666666667,60.52631541782085,33487662.15,15.048166666666667,14.857000000000003,False,False,15.74,943528026.8,505280362.84499997
2025-07-07,15.34,15.37,15.1,15.14,39303165.0,597805054.0,2445181125.0,0.016073723372946453,15.363999999999999,15.201999999999998,14.981,15.031,58.47457592430338,33910312.6,15.03,14.883000000000001,False,False,15.74,595049918.1,511710140.814
2025-07-08,15.12,15.76,15.12,15.66,65632667.0,1020229193.0,2445181125.0,0.026841638162898872,15.454000000000002,15.285,15.016,15.046666666666665,65.49295742362628,35936130.45,15.014000000000001,14.905000000000001,False,False,15.74,1027807565.22,544313519.1949999
2025-07-09,15.62,15.67,15.38,15.41,30926275.0,480857862.0,2445181125.0,0.01264784628173506,15.464000000000002,15.328999999999999,15.0315,15.053499999999998,64.80836205319963,36189186.3,14.999833333333333,14.928,False,False,15.74,476573897.75,548614019.7924999
2025-07-10,15.37,15.48,15.33,15.4,23678540.0,365376338.0,2445181125.0,0.00968375706728065,15.396,15.365,15.050999999999998,15.061,67.148014101057,35951859.85,14.998666666666669,14.966,False,False,15.74,364649516.0,545513481.308
2025-07-11,15.36,15.51,15.32,15.36,36173029.0,558963811.0,2445181125.0,0.014793598981343355,15.394,15.391,15.0885,15.065499999999998,65.57970981227683,35541021.3,15.017666666666667,14.98,False,False,15.74,555617725.4399999,540867618.6800001
2025-07-14,15.36,15.45,15.26,15.3,30163725.0,463916835.0,2445181125.0,0.012335987993527473,15.425999999999998,15.395,15.109,15.072333333333335,59.437750669827935,35312052.75,15.031,14.981,False,False,15.74,461504992.5,538076633.333
2025-07-15,15.34,15.57,15.29,15.44,46601204.0,722017122.0,2445181125.0,0.019058385296508454,15.382,15.417999999999997,15.144,15.085833333333333,59.437750669827906,36666311.55,15.046666666666665,15.016,False,False,15.74,719522589.76,559669450.1850001
2025-07-16,15.48,15.56,15.29,15.32,33626940.0,519363357.0,2445181125.0,0.013752330923951492,15.364,15.414000000000001,15.171000000000001,15.098833333333335,55.51181071765147,37377273.35,15.053499999999998,15.0315,False,False,15.74,515164720.8,571085392.969
2025-07-17,15.31,15.99,15.29,15.77,93022965.0,1466948756.0,2445181125.0,0.0380433842094213,15.437999999999999,15.416999999999998,15.2315,15.114333333333333,61.43344680543748,40922447.45,15.061,15.050999999999998,False,False,15.74,1466972158.05,628331017.2475001
2025-07-18,15.84,15.91,15.6,15.67,44385425.0,699970974.0,2445181125.0,0.018152203346490335,15.5,15.447,15.292499999999999,15.125666666666666,57.14285686411152,42182817.7,15.065499999999998,15.0885,False,False,15.77,695519609.75,649250878.2850001
2025-07-21,15.75,15.86,15.69,15.83,40546116.0,641477613.0,2445181125.0,0.016582050133402693,15.606,15.516,15.359,15.139999999999999,60.40268427998739,43275181.0,15.072333333333335,15.109,False,False,15.77,641845016.28,667786462.849
2025-07-22,15.86,16.12,15.76,16.06,62312616.0,996957347.0,2445181125.0,0.025483844678377353,15.73,15.556000000000001,15.420499999999999,15.154166666666667,61.43790821564357,45058016.75,15.085833333333333,15.144,False,False,15.83,1000740612.9599999,698058142.9055
2025-07-23,16.11,16.12,15.76,15.81,55014716.0,877372964.0,2445181125.0,0.02249923960131992,15.828,15.596,15.4625,15.168000000000001,51.19453900453122,46351399.15,15.098833333333335,15.171000000000001,False,False,16.06,869782659.96,719730695.5055
2025-07-24,15.8,15.89,15.77,15.85,37718120.0,598230783.0,2445181125.0,0.015425491230225328,15.844,15.641,15.503,15.175,59.23076891183437,46475793.9,15.114333333333333,15.2315,False,False,16.06,597832202.0,723129176.4054999
2025-07-25,16.06,16.11,15.7,15.75,55690863.0,885665007.0,2445181125.0,0.022775761856905385,15.86,15.679999999999998,15.535499999999999,15.182500000000001,62.34817778426137,47852110.25,15.125666666666666,15.292499999999999,False,False,16.06,877131092.25,745721506.3379999
2025-07-28,15.77,15.91,15.73,15.86,41317159.0,655357295.0,2445181125.0,0.016897381783936353,15.866,15.736,15.5655,15.192333333333334,54.85436855924216,48132623.5,15.139999999999999,15.359,False,False,16.06,655290141.74,751241653.303
2025-07-29,15.81,16.01,15.68,16.01,53000184.0,842742569.0,2445181125.0,0.021675361165729594,15.856,15.793000000000001,15.605500000000001,15.206833333333334,65.30612198250738,49654680.7,15.154166666666667,15.420499999999999,False,False,16.06,848532945.84,776512150.675
2025-07-30,16.02,16.51,15.86,16.29,103063479.0,1679786383.0,2445181125.0,0.042149629713013594,15.952000000000002,15.889999999999997,15.651999999999997,15.220166666666668,69.95515651149233,51225666.65,15.168000000000001,15.4625,False,False,16.06,1678904072.9099998,805434946.6405
2025-07-31,16.21,16.51,15.82,15.89,92209473.0,1495037635.0,2445181125.0,0.03771069229073981,15.959999999999999,15.902000000000001,15.6595,15.226833333333333,60.231659906083756,52288715.05,15.175,15.503,False,False,16.29,1465208525.97,822858899.504
2025-08-01,15.78,16.24,15.63,15.74,70309833.0,1116807859.0,2445181125.0,0.02875444779167433,15.958000000000002,15.909,15.678,15.228833333333334,58.20895491980398,52734824.7,15.182500000000001,15.535499999999999,False,False,16.29,1106676771.42,831016336.735
2025-08-04,15.66,15.89,15.55,15.76,38368570.0,604041099.0,2445181125.0,0.015691504243882954,15.937999999999999,15.902000000000001,15.709,15.234499999999999,56.24999969238284,52688094.95,15.192333333333334,15.5655,False,False,16.29,604688663.2,831498273.99
2025-08-05,15.76,16.16,15.75,16.1,64870354.0,1039983646.0,2445181125.0,0.02652987680002642,15.956,15.906,15.731,15.241833333333334,64.02877665597023,52649979.3,15.206833333333334,15.605500000000001,False,False,16.29,1044412699.4000001,832328530.6990001
2025-08-06,16.23,16.3,16.06,16.16,52881346.0,857461054.0,2445181125.0,0.021626760267094734,15.930000000000001,15.940999999999999,15.7685,15.251666666666667,58.158995475219314,53747732.85,15.220166666666668,15.651999999999997,False,False,16.29,854562551.36,851227963.3795
2025-08-07,16.06,16.18,15.86,16.02,43652412.0,699489027.0,2445181125.0,0.017852424736020323,15.956,15.958000000000002,15.7995,15.258833333333333,57.20164576097819,54746426.45,15.226833333333333,15.6595,False,False,16.29,699311640.24,867961069.5915
2025-08-08,16.02,17.23,15.99,16.93,175451591.0,2949328015.0,2445181125.0,0.0717540264016229,16.194,16.076,15.878,15.289,67.29559718800684,61710354.55,15.228833333333334,15.678,False,False,16.29,2970395435.63,988699955.1010001
2025-08-11,17.21,18.08,17.21,17.61,158597760.0,2808244767.0,2445181125.0,0.06486135459597088,16.564,16.250999999999998,15.993500000000001,15.331,71.34986198377467,68132056.3,15.234499999999999,15.709,False,False,16.93,2792906553.6,1105270033.156
2025-08-12,17.51,17.91,17.46,17.86,93089551.0,1650752374.0,2445181125.0,0.03807061572994925,16.916,16.436,16.1145,15.378333333333334,78.2369142988108,70456473.65,15.241833333333334,15.731,False,False,17.61,1662579380.86,1152422872.711
2025-08-13,17.86,18.15,17.71,18.09,104794391.0,1885694797.0,2445181125.0,0.04285751674121892,17.302,16.616000000000003,16.253,15.428499999999998,79.31937143704944,74014846.2,15.251666666666667,15.7685,False,False,17.86,1895730533.19,1221451163.3305001
2025-08-14,18.21,18.27,17.44,17.52,104283479.0,1853787713.0,2445181125.0,0.04264857025673303,17.602,16.779,16.3405,15.471833333333333,70.6293703988785,74577871.9,15.258833333333333,15.7995,False,False,18.09,1827046552.08,1239454883.032
2025-08-15,17.45,18.39,17.44,18.1,101759227.0,1837975092.0,2445181125.0,0.04161623282610608,17.836,17.014999999999997,16.462,15.527166666666666,73.52941154844292,77446562.0,15.289,15.878,False,False,18.09,1841842008.7,1296771002.9795
2025-08-18,18.16,18.2,17.85,17.98,106316808.0,1920521243.0,2445181125.0,0.04348013605740556,17.91,17.237000000000002,16.5695,15.583166666666667,70.82452410326778,80735096.6,15.331,15.993500000000001,False,False,18.1,1911576207.8400002,1360257562.5575001
2025-08-19,17.99,18.95,17.94,18.61,143686479.0,2676896322.0,2445181125.0,0.058763122915894424,18.06,17.488,16.697,15.649166666666668,72.83464546856592,84803789.75,15.378333333333334,16.1145,False,False,18.1,2674005374.19,1443920800.619
2025-08-20,18.41,18.49,18.08,18.43,78754244.0,1442236091.0,2445181125.0,0.03220793878817464,18.128000000000004,17.715,16.828,15.711999999999998,76.13168702348894,85990766.15,15.428499999999998,16.253,False,False,18.61,1451440716.92,1473003703.467
2025-08-21,18.45,18.51,18.07,18.19,65090899.0,1189732603.0,2445181125.0,0.02662007257233347,18.262,17.932,16.945,15.767333333333333,74.74747453606776,87359405.1,15.471833333333333,16.3405,False,False,18.61,1184003452.8100002,1502312266.0075
2025-08-22,18.21,18.81,18.14,18.68,87507739.0,1623557903.0,2445181125.0,0.03578783514452329,18.378,18.107,17.0915,15.828,76.93726917396278,88950248.9,15.527166666666666,16.462,False,False,18.61,1634644564.52,1540187939.6209998
2025-08-25,19.23,20.28,19.17,20.17,162979984.0,3233506476.0,2445181125.0,0.06665354248552856,18.816,18.363,17.307,15.9185,80.97412463719364,95033390.15,15.583166666666667,16.5695,False,False,18.68,3287306277.28,1671788746.3980002
2025-08-26,19.7,19.75,19.3,19.31,154039555.0,3009255963.0,2445181125.0,0.06299719616885231,18.956,18.508,17.472,15.994166666666667,71.3704204885772,100085358.7,15.649166666666668,16.697,False,False,20.17,2974503807.0499997,1778087289.4585
2025-08-27,19.42,19.73,18.84,18.85,129606312.0,2513848370.0,2445181125.0,0.05300478998258258,19.04,18.584000000000003,17.6,16.06,68.40052003152053,101412500.35,15.711999999999998,16.828,False,False,20.17,2443078981.2000003,1816296034.873
2025-08-28,18.83,20.74,18.83,20.46,246738048.0,4992318826.0,2445181125.0,0.10090788182409187,19.494,18.878,17.8285,16.151333333333334,71.0369486299741,109138929.1,15.767333333333333,16.945,False,False,20.17,5048260462.08,1995448631.6785
2025-08-29,20.73,20.92,20.15,20.43,172651844.0,3543324778.0,2445181125.0,0.0706090204258386,19.844,19.111,18.063,16.240333333333332,68.21705414017586,114256029.65,15.828,17.0915,False,False,20.46,3527277172.92,2116478651.7535
2025-09-01,20.75,21.1,20.32,20.66,143528866.0,2976863393.0,2445181125.0,0.058698664296290115,19.942,19.378999999999998,18.308,16.332666666666665,68.13471490234637,119514044.45,15.9185,17.307,False,False,20.46,2965306371.56,2234509537.1715
2025-09-02,20.86,21.96,19.94,20.19,180921917.0,3774626897.0,2445181125.0,0.0739912128186414,20.118000000000002,19.537,18.5125,16.419833333333333,63.19095466272948,125316622.6,15.994166666666667,17.472,False,False,20.66,3652813504.23,2364929577.413
2025-09-03,20.41,21.41,19.96,20.85,165648024.0,3452242718.0,2445181125.0,0.06774468455787708,20.518,19.779000000000003,18.747,16.515666666666668,70.68322969073725,130954956.5,16.06,17.6,False,False,20.66,3453761300.4,2494889514.8650002
2025-09-04,21.53,21.63,18.77,19.24,210352581.0,4171832551.0,2445181125.0,0.08602740257125124,20.274,19.884,18.908,16.586166666666667,56.27753295287602,139289964.95,16.151333333333334,17.8285,False,False,20.85,4047183658.4399996,2662283115.775
2025-09-05,19.24,20.12,19.24,20.05,138363468.0,2750564166.0,2445181125.0,0.056586183569530046,20.198,20.021,19.064,16.676833333333335,60.59365395616058,137435558.8,16.240333333333332,18.063,False,False,20.85,2774187533.4,2652472720.6635003
2025-09-08,20.06,20.07,19.34,19.66,103291107.0,2029595410.0,2445181125.0,0.042242722203247825,19.997999999999998,19.970000000000002,19.1665,16.756333333333334,55.50891912097325,134670226.15,16.332666666666665,18.308,False,False,20.85,2030703163.6200001,2614362551.1645
2025-09-09,19.63,20.13,19.27,19.75,109891014.0,2173045376.0,2445181125.0,0.044941870717245945,19.91,20.014000000000003,19.261,16.839833333333335,56.99152533920748,135510299.3,16.419833333333333,18.5125,False,False,20.85,2170347526.5,2639750958.4465
2025-09-10,19.96,20.81,19.75,20.34,129815820.0,2644751415.0,2445181125.0,0.05309047197883961,19.808,20.163000000000004,19.3735,16.9325,60.980592354062466,136761370.75,16.515666666666668,18.747,False,False,20.85,2640453778.8,2676987120.727
2025-09-11,20.4,21.04,19.98,20.9,134243058.0,2779121713.0,2445181125.0,0.054901069138589886,20.139999999999997,20.207,19.5425,17.038166666666665,61.257606403893845,138259349.7,16.586166666666667,18.908,False,False,20.85,2805679912.2,2725918788.733
2025-09-12,20.8,21.09,20.45,20.51,103425162.0,2141548082.0,2445181125.0,0.04229754636274644,20.232,20.215,19.663,17.139166666666664,51.94063918639623,138342646.45,16.676833333333335,19.064,False,False,20.9,2121250072.6200001,2739889191.929
2025-09-15,20.52,20.58,19.96,20.03,79971166.0,1614562390.0,2445181125.0,0.03270562052944033,20.306,20.152,19.7655,17.231333333333332,54.29594263005452,137025364.35,16.756333333333334,19.1665,False,False,20.9,1601822454.98,2724401504.2860003
2025-09-16,20.04,20.16,19.48,20.09,96193182.0,1918892655.0,2445181125.0,0.03933990043375621,20.374000000000002,20.142000000000003,19.8395,17.319000000000003,57.76942345754737,134650699.5,16.839833333333335,19.261,False,False,20.9,1932521026.3799999,2687327286.8955
2025-09-17,20.03,20.23,19.75,20.15,66740415.0,1340361282.0,2445181125.0,0.027294671268984216,20.336000000000002,20.071999999999996,19.9255,17.40533333333333,47.58942446870108,134050008.05,16.9325,19.3735,False,False,20.9,1344819362.25,2681996219.162
2025-09-18,20.29,22.17,20.28,22.17,189319721.0,4151055443.0,2445181125.0,0.07742564305946865,20.589999999999996,20.365000000000002,20.1245,17.524166666666666,60.33254146738058,140261449.15,17.038166666666665,19.5425,False,False,20.9,4197218214.57,2832656957.25
2025-09-19,23.14,23.79,22.63,22.84,296449672.0,6896776018.0,2445181125.0,0.12123832830584279,21.056,20.644,20.332500000000003,17.653166666666664,62.302482971531056,150708545.8,17.139166666666664,19.663,False,False,22.17,6770910508.48,3089470254.448
2025-09-22,22.62,23.0,21.92,22.81,170396943.0,3868771765.0,2445181125.0,0.06968683884307343,21.612000000000002,20.959,20.4645,17.779,65.55819466534265,151079393.75,17.231333333333332,19.7655,False,False,22.84,3886754269.83,3119442654.0755
2025-09-23,23.04,23.24,21.51,21.99,161644551.0,3579084467.0,2445181125.0,0.06610739357805243,21.991999999999997,21.183,20.598499999999998,17.892,56.64335655093156,151459643.55,17.319000000000003,19.8395,False,False,22.84,3554563676.49,3148445647.5474997
2025-09-24,21.83,22.78,21.53,22.55,141738777.0,3148563019.0,2445181125.0,0.05796657578894079,22.472,21.404,20.7835,18.011833333333335,71.97875152620153,152066266.8,17.40533333333333,19.9255,False,False,22.84,3196209421.35,3186102169.555
2025-09-25,22.56,22.94,22.05,22.87,141080468.0,3196383893.0,2445181125.0,0.057697348698452756,22.612,21.601,20.904,18.130666666666666,70.02840895164806,146783387.8,17.524166666666666,20.1245,False,False,22.84,3226510303.1600003,3095014661.609
2025-09-26,22.67,23.5,22.57,22.72,136834221.0,3156353961.0,2445181125.0,0.05596077100423389,22.588,21.822,21.0185,18.25316666666667,72.49999985073529,144992506.65,17.653166666666664,20.332500000000003,False,False,22.87,3108873501.12,3074094478.019
2025-09-29,22.64,23.44,22.6,23.07,113962708.0,2634106382.0,2445181125.0,0.04660706187972067,22.64,22.125999999999998,21.139000000000003,18.38533333333333,73.51274772957811,143514198.75,17.779,20.4645,False,False,22.87,2629119673.56,3057285143.119
2025-09-30,23.14,23.63,22.73,22.91,116902832.0,2706109689.0,2445181125.0,0.04780947750854244,22.824,22.407999999999998,21.275,18.50616666666667,69.38159864685635,140313244.5,17.892,20.598499999999998,False,False,23.07,2678243881.12,3008556661.9635
2025-10-09,22.93,24.42,22.92,24.05,147279294.0,3499377503.0,2445181125.0,0.06023246805489716,23.124,22.798000000000002,21.435,18.650166666666667,71.84466005467057,139394808.0,18.011833333333335,20.7835,False,False,23.07,3542067020.7000003,3012971947.9785
2025-10-10,23.75,23.75,22.4,22.5,129935734.0,2988912958.0,2445181125.0,0.05313951292667532,23.05,22.831,21.598,18.7685,61.88769404224278,135373965.65,18.130666666666666,20.904,False,False,24.05,2923554015.0,2956790465.8065
2025-10-13,21.05,22.24,21.05,22.1,90777827.0,1976220331.0,2445181125.0,0.037125195377908864,22.926000000000002,22.756999999999998,21.700499999999998,18.880833333333335,62.48492148675646,132994683.6,18.25316666666667,21.0185,False,False,24.05,2006189976.7,2918390587.9714994
2025-10-14,22.21,22.48,20.71,20.78,115496198.0,2483312681.0,2445181125.0,0.04723420969479306,22.468,22.554,21.7565,18.97216666666667,53.612565366431845,133604938.15,18.38533333333333,21.139000000000003,False,False,24.05,2400010994.44,2936855979.5125
2025-10-15,20.92,21.74,20.79,21.7,82249122.0,1758426398.0,2445181125.0,0.03363723086157881,22.226,22.525,21.854000000000003,19.076500000000003,57.44476457212039,132222843.55,18.50616666666667,21.275,True,False,24.05,1784805947.3999999,2917578900.5575
2025-10-16,21.83,21.83,21.25,21.33,48632480.0,1046021586.0,2445181125.0,0.0198891114865775,21.682,22.403,21.9035,19.17666666666667,45.20547937980858,128163676.55,18.650166666666667,21.435,True,True,24.05,1037330798.4,2837422751.5375
2025-10-17,21.74,21.82,20.27,20.35,70825397.0,1476060793.0,2445181125.0,0.028965296793708892,21.252000000000002,22.151,21.875999999999998,19.253,36.27342883044897,124992793.5,18.7685,21.598,True,True,24.05,1441296828.95,2769203597.375
2025-10-20,20.71,21.12,20.46,20.55,50142165.0,1042615820.0,2445181125.0,0.020506523826532484,20.942,21.934,21.878,19.334333333333333,37.77056271333466,122328643.65,18.880833333333335,21.700499999999998,True,True,24.05,1030421490.75,2714662168.2815
2025-10-21,20.72,21.09,20.65,20.94,63819447.0,1336987763.0,2445181125.0,0.026100089824634156,20.974,21.721,21.923499999999997,19.419500000000003,44.04086258608717,121521057.7,18.97216666666667,21.7565,True,True,24.05,1336379220.18,2701390006.5415
2025-10-22,21.25,21.31,20.57,20.89,53833578.0,1128532224.0,2445181125.0,0.022016192358756244,20.812,21.519,21.9635,19.5,39.999999932530116,119403077.5,19.076500000000003,21.854000000000003,True,True,24.05,1124583444.42,2660993127.4434996
2025-10-23,20.66,21.01,20.17,20.99,53663939.0,1106374077.0,2445181125.0,0.021946815494087377,20.744,21.213,22.0055,19.586333333333336,38.36633656718701,118749253.7,19.17666666666667,21.9035,True,True,24.05,1126406079.61,2650072463.3114996
2025-10-24,21.25,21.45,21.1,21.41,69805903.0,1491302142.0,2445181125.0,0.028548356719382086,20.956,21.104,21.9675,19.679,42.1556885520743,112773562.8,19.253,21.875999999999998,True,True,24.05,1494544383.23,2514938771.7445
2025-10-27,21.7,22.4,21.68,21.84,98562054.0,2168478796.0,2445181125.0,0.04030869246956092,21.214000000000002,21.078,21.917499999999997,19.780500000000004,42.70462626359848,102879181.9,19.334333333333333,21.878,True,True,24.05,2152595259.36,2284023009.2885003
2025-10-28,21.96,22.03,21.25,21.47,86998627.0,1881173295.0,2445181125.0,0.035579624801823216,21.32,21.147,21.8505,19.874000000000002,41.66666659915122,98709266.1,19.419500000000003,21.923499999999997,True,True,24.05,1867860521.6899998,2183078321.8815
2025-10-29,21.63,22.68,21.55,22.42,119506165.0,2671480212.0,2445181125.0,0.048874156510593875,21.626,21.219,21.872000000000003,19.980833333333333,40.355029518938416,96602346.8,19.5,21.9635,True,True,24.05,2679328219.3,2139316549.022
2025-10-30,22.42,23.02,22.14,22.47,119914233.0,2711395479.0,2445181125.0,0.04904104312517953,21.922,21.333000000000002,21.868000000000002,20.083833333333335,49.784172561585834,95511119.6,19.586333333333336,22.0055,False,True,24.05,2694472815.5099998,2114229718.7300003
2025-10-31,22.54,23.04,22.25,22.31,88911172.0,2010207369.0,2445181125.0,0.0363617938527969,22.101999999999997,21.529000000000003,21.84,20.19083333333333,51.564828506422096,92902654.8,19.679,21.9675,False,False,24.05,1983608247.32,2052084615.9380002
2025-11-03,22.1,22.18,21.43,21.96,71270324.0,1556573222.0,2445181125.0,0.029147257547229757,22.125999999999998,21.669999999999998,21.802,20.294499999999996,60.27874549757798,89624459.95,19.780500000000004,21.917499999999997,False,False,24.05,1565096315.04,1974895756.634
2025-11-04,21.98,21.98,20.85,21.07,79679401.0,1696551827.0,2445181125.0,0.03258629808047451,22.046,21.683,21.701999999999998,20.383,44.483362412825386,87910294.6,19.874000000000002,21.8505,False,False,24.05,1678844979.07,1927382021.9095001
2025-11-05,20.72,22.03,20.61,21.63,77809833.0,1654659415.0,2445181125.0,0.031821705232572495,21.887999999999998,21.757,21.638,20.475166666666667,52.54237275667913,85955644.65,19.980833333333333,21.872000000000003,True,False,24.05,1683026687.79,1877621162.243
2025-11-06,21.66,22.44,21.65,22.18,93781744.0,2077893957.0,2445181125.0,0.0383537002805876,21.83,21.875999999999998,21.5445,20.575499999999998,66.72760494804633,83280767.15,20.083833333333335,21.868000000000002,True,True,24.05,2080079081.92,1804521765.3040001
2025-11-07,21.93,22.12,21.65,21.92,48259171.0,1060502096.0,2445181125.0,0.0197364401788436,21.752000000000002,21.927,21.5155,20.67383333333333,62.38697995055739,79196939.0,20.19083333333333,21.84,False,True,22.5,1057841028.32,1711236115.97
2025-11-10,21.97,22.24,21.18,21.31,65356467.0,1403602253.0,2445181125.0,0.026728681295542064,21.622,21.874000000000002,21.476,20.746833333333335,53.217391174775024,77925871.0,20.294499999999996,21.802,False,False,22.47,1392746311.77,1680563932.7235
2025-11-11,21.41,21.64,20.85,20.91,56270690.0,1189570075.0,2445181125.0,0.023012892347596542,21.589999999999996,21.818,21.4825,20.80183333333333,50.16393431109916,74964595.6,20.383,21.701999999999998,True,False,22.47,1176620127.9,1619394389.3965
2025-11-12,20.92,21.02,20.32,20.52,50906205.0,1052162681.0,2445181125.0,0.02081899147655166,21.368000000000002,21.627999999999997,21.4235,20.846166666666665,46.32237861525615,73397449.75,20.475166666666667,21.638,True,True,22.47,1044595326.6,1582383858.3565001
2025-11-13,20.55,20.85,20.45,20.67,35520342.0,735565528.0,2445181125.0,0.014526671107033023,21.066000000000003,21.448,21.3905,20.889166666666664,43.95424826546415,72741842.85,20.575499999999998,21.5445,True,True,22.47,734205469.1400001,1567227591.8935
2025-11-14,20.47,20.59,20.25,20.25,37203679.0,761064813.0,2445181125.0,0.015215101498871581,20.732,21.242,21.3855,20.934666666666665,36.9885432867693,71060756.95,20.67383333333333,21.5155,True,True,22.47,753374499.75,1532831475.4335
2025-11-17,20.25,20.39,19.8,20.08,43481102.0,874234671.0,2445181125.0,0.01778236448639362,20.486,21.054000000000002,21.362000000000002,20.967666666666666,38.24027063699428,70727703.8,20.746833333333335,21.476,True,True,22.47,873100528.16,1524965427.3040001
2025-11-18,19.95,20.23,19.89,19.96,30537619.0,613293714.0,2445181125.0,0.012488898547341764,20.296,20.943,21.313,21.000666666666667,25.787401503735495,69063612.4,20.80183333333333,21.4825,True,True,22.47,609530875.24,1488623010.057
2025-11-19,20.07,20.32,19.89,19.95,33007928.0,663709828.0,2445181125.0,0.013499175035550792,20.182000000000002,20.775,21.266000000000002,21.023000000000003,24.999999930555575,68022329.9,20.846166666666665,21.4235,True,True,22.47,658508163.6,1465319246.016
2025-11-20,20.16,20.23,19.51,19.59,44376152.0,877280872.0,2445181125.0,0.018148410989390407,19.966,20.516000000000002,21.196,21.042333333333332,24.045801462473065,67557940.55,20.889166666666664,21.3905,True,True,22.47,869328817.68,1452465382.9194999
2025-11-21,19.26,19.39,18.89,18.93,56383886.0,1078037071.0,2445181125.0,0.023059185850700527,19.702,20.217,21.072,21.054666666666666,22.702702645434627,66886839.7,20.934666666666665,21.3855,True,True,22.47,1067346961.98,1431105511.8569999
2025-11-24,19.04,19.21,18.86,19.03,33573682.0,640601967.0,2445181125.0,0.013730550124379846,19.492,19.988999999999997,20.9315,21.060499999999998,28.571428487394996,63637421.1,20.967666666666666,21.362000000000002,True,True,22.47,638907168.46,1355421107.3119998
2025-11-25,19.15,19.86,19.15,19.57,50986290.0,1001974691.0,2445181125.0,0.02085174365150557,19.413999999999998,19.855,20.8365,21.050500000000003,28.270042110594858,61836804.25,21.000666666666667,21.313,True,True,22.47,997801695.3000001,1311918165.9924998
2025-11-26,19.48,20.12,19.44,19.93,57290339.0,1138986071.0,2445181125.0,0.023429895811910458,19.41,19.796,20.711999999999996,21.06083333333333,25.274725196956908,58726012.95,21.023000000000003,21.266000000000002,True,True,22.47,1141796456.27,1235041577.841
2025-11-27,19.85,20.08,19.62,19.83,48858175.0,971693428.0,2445181125.0,0.019981413442327303,19.458000000000002,19.712,20.580000000000002,21.077166666666667,26.195899688669115,55173210.05,21.042333333333332,21.196,True,True,22.47,968857610.2499999,1148760817.578
2025-11-28,19.75,19.82,19.51,19.73,29829406.0,588655556.0,2445181125.0,0.012199262334809655,19.618000000000002,19.66,20.451,21.064999999999998,29.639175150786514,52219121.75,21.054666666666666,21.072,True,True,22.31,588534180.38,1079007114.2310002
2025-12-01,19.78,20.2,19.78,20.02,47684971.0,957338252.0,2445181125.0,0.019501610949168437,19.816,19.654,20.354000000000003,21.05816666666667,38.196286330305576,51039854.1,21.060499999999998,20.9315,True,True,22.18,954653119.42,1048484954.45
2025-12-02,19.95,19.96,19.71,19.79,32892889.0,653675254.0,2445181125.0,0.01345212780505166,19.859999999999996,19.637,20.29,21.04366666666667,39.889196521205335,48700528.5,21.050500000000003,20.8365,True,True,22.18,650950273.31,997090219.1620001
2025-12-03,19.86,19.98,19.63,19.65,28394625.0,562945097.0,2445181125.0,0.011612483308368414,19.804,19.607,20.191,21.034666666666666,35.833333193981446,46229768.1,21.06083333333333,20.711999999999996,True,True,22.18,557954381.25,940836603.835
2025-12-04,19.58,19.87,19.45,19.77,24285828.0,479592831.0,2445181125.0,0.009932118218849739,19.791999999999998,19.625,20.070500000000003,21.016666666666666,42.7272725460055,42754972.3,21.077166666666667,20.580000000000002,True,True,22.18,480130819.56,860839190.717
2025-12-05,19.77,20.0,19.65,19.97,36837072.0,735395169.0,2445181125.0,0.015065171092386868,19.839999999999996,19.729,19.973,21.028833333333335,48.34834814508203,42183867.35,21.064999999999998,20.451,True,True,21.92,735636327.8399999,844728955.6930001
2025-12-08,20.0,20.59,20.0,20.33,52465565.0,1071156980.0,2445181125.0,0.021456719284956856,19.901999999999997,19.859,19.924,21.0335,55.18207261273133,41539322.25,21.05816666666667,20.354000000000003,True,True,21.31,1066624936.4499999,828422886.927
2025-12-09,20.43,20.59,20.25,20.35,44059363.0,901096720.0,2445181125.0,0.018018854533731116,20.014000000000003,19.936999999999998,19.895999999999997,21.045,55.58659196139324,40928755.9,21.04366666666667,20.29,False,True,20.91,896608037.0500001,814422282.3845
2025-12-10,20.3,20.75,20.23,20.7,61450052.0,1264351553.0,2445181125.0,0.0251310838987439,20.224,20.014,19.905,21.060833333333335,65.54621823035095,41455948.25,21.034666666666666,20.191,False,False,20.67,1272016076.3999999,825793319.8745
2025-12-11,20.74,21.04,20.42,20.54,66106600.0,1375706033.0,2445181125.0,0.027035461432330498,20.378,20.085,19.8985,21.064166666666665,76.2214980237456,42985261.15,21.016666666666666,20.070500000000003,False,False,20.7,1357829564.0,856974524.6175001
2025-12-12,20.58,21.05,20.37,20.87,64931560.0,1354268035.0,2445181125.0,0.0265549080745501,20.558,20.199,19.929499999999997,21.063666666666666,77.87878754839302,44371655.2,21.028833333333335,19.973,False,False,20.7,1355121657.2,887061882.49
2025-12-15,20.69,20.75,20.35,20.37,46812259.0,962700702.0,2445181125.0,0.019144699965733623,20.566000000000003,20.233999999999998,19.944,21.061333333333334,62.26993838288984,44538213.05,21.0335,19.924,False,False,20.87,953565715.83,891085141.8735001
2025-12-16,20.27,20.33,19.66,19.86,47681641.0,951373148.0,2445181125.0,0.01950024908686468,20.468,20.241,19.939,21.0585,48.973606837058504,45395414.15,21.045,19.895999999999997,False,False,20.87,946957390.26,907956467.6244999
2025-12-17,19.83,21.85,19.83,21.62,174406990.0,3726459953.0,2445181125.0,0.07132681837628695,20.652,20.438,20.0225,21.084,67.65285977373965,52465367.25,21.060833333333335,19.905,True,False,20.87,3770679123.8,1063565015.6345001
2025-12-18,21.75,22.89,21.72,22.54,218978208.0,4950401031.0,2445181125.0,0.08955500505100619,21.052,20.715,20.169999999999998,21.123833333333334,73.85398963769848,61195470.05,21.064166666666665,19.8985,False,True,21.62,4935768808.32,1266887015.1665
2025-12-19,22.52,24.23,22.44,23.7,200209171.0,4729228169.0,2445181125.0,0.08187907593144046,21.618000000000002,21.088,20.408499999999997,21.149333333333335,77.21893475132171,68386734.3,21.063666666666666,19.929499999999997,False,False,22.54,4744957352.7,1450767534.7024999
2025-12-22,24.34,26.08,24.19,26.08,184672154.0,4773594570.0,2445181125.0,0.07552493846442562,22.759999999999998,21.663,20.761000000000003,21.203333333333333,85.29741849672682,75941657.9,21.061333333333334,19.944,False,False,23.7,4816249776.32,1659634665.0954998
2025-12-23,25.86,26.61,25.5,26.15,227875648.0,5978054241.0,2445181125.0,0.09319377025699886,24.018,22.243000000000002,21.089999999999996,21.259,86.76470574494276,84786125.8,21.0585,19.939,False,False,26.08,5958948195.2,1907691990.0904999
2025-12-24,26.13,27.01,26.13,26.86,148761486.0,3977055457.0,2445181125.0,0.06083863664700913,25.066,22.859,21.436500000000002,21.34016666666667,87.59278884132564,89359683.15,21.084,20.0225,False,False,26.15,3995733513.96,2050388842.975
2025-12-25,26.66,26.84,25.37,25.44,164680633.0,4245046667.0,2445181125.0,0.06734905292547602,25.645999999999997,23.348999999999997,21.717,21.388333333333332,75.68075107422248,95150806.05,21.123833333333334,20.169999999999998,False,False,26.86,4189475303.52,2211419727.6385
2025-12-26,25.34,25.86,24.95,25.39,117262760.0,2988035484.0,2445181125.0,0.04795667642003412,25.984,23.801,22.0,21.430333333333333,74.46808500555579,99522473.75,21.149333333333335,20.408499999999997,False,False,26.86,2977301476.4,2330858092.4395
2025-12-29,25.39,25.69,24.64,24.89,106314518.0,2676816835.0,2445181125.0,0.04347919952146694,25.746,24.252999999999997,22.243499999999997,21.4665,70.979667190969,102453951.1,21.203333333333333,20.761000000000003,False,False,26.86,2646168353.02,2415433854.1195
2025-12-30,24.75,24.94,24.32,24.4,82713612.0,2037464669.0,2445181125.0,0.03382719224940852,25.396,24.707,22.474,21.48866666666667,66.87956195836551,104944987.25,21.259,21.089999999999996,False,False,26.86,2018212132.8,2483796947.094
2025-12-31,24.49,25.33,24.25,24.67,101633766.0,2527828281.0,2445181125.0,0.04156492333466708,24.958000000000002,25.012,22.725,21.517999999999997,68.65401978670675,108606944.3,21.34016666666667,21.436500000000002,False,False,26.86,2507305007.2200003,2581264478.3925
2026-01-05,24.9,24.9,24.45,24.74,85578747.0,2119359029.0,2445181125.0,0.03499893980246555,24.818,25.232,22.973499999999998,21.5295,67.9000924190008,111671590.25,21.388333333333332,21.717,False,False,26.86,2117218200.78,2663118847.4535
2026-01-06,24.74,24.74,24.14,24.53,102666635.0,2509498604.0,2445181125.0,0.04198733335143015,24.646,25.315,23.201500000000003,21.563333333333333,69.77186302501843,114963068.4,21.430333333333333,22.0,False,False,26.86,2518412556.55,2752257658.889
2026-01-07,24.57,25.32,24.47,24.86,112667313.0,2817220569.0,2445181125.0,0.04607728721936703,24.64,25.193,23.428,21.609333333333332,74.17794960943024,117973155.8,21.4665,22.243499999999997,False,False,26.86,2800909401.18,2838971882.1255
2026-01-08,24.87,24.93,24.29,24.52,83079513.0,2048154493.0,2445181125.0,0.03397683392472613,24.663999999999998,25.029999999999998,23.6365,21.671666666666667,66.2556052771773,119924163.3,21.48866666666667,22.474,False,False,26.86,2037109658.76,2895996963.211
2026-01-09,24.42,24.85,24.09,24.53,79833338.0,1961392436.0,2445181125.0,0.032649253334965114,24.636,24.797,23.827999999999996,21.718833333333333,62.42197242523003,120843327.6,21.517999999999997,22.725,False,False,26.86,1958311781.14,2930311748.448
2026-01-12,24.53,25.04,24.22,24.98,115234267.0,2848557337.0,2445181125.0,0.047127088386959476,24.684,24.751,24.05,21.779666666666667,58.767123174967175,123299710.95,21.5295,22.973499999999998,False,False,26.86,2878551989.66,3006347869.731
2026-01-13,25.05,25.05,23.72,23.99,143626992.0,3488544331.0,2445181125.0,0.05873879465677619,24.576,24.610999999999997,24.206,21.840333333333334,32.31810483038012,127234482.55,21.563333333333333,23.201500000000003,False,False,26.86,3445611538.08,3110872363.775
2026-01-14,23.98,25.27,23.98,24.89,144673926.0,3580776718.0,2445181125.0,0.059166956803660097,24.582,24.611,24.432,21.912666666666667,40.65281890665588,132127565.9,21.609333333333332,23.428,True,False,26.86,3600934018.14,3243240778.8905
2026-01-15,24.74,25.04,24.34,24.85,72336005.0,1791984045.0,2445181125.0,0.02958308661081293,24.648000000000003,24.656,24.6815,21.977833333333333,33.443163020065214,133360284.1,21.671666666666667,23.6365,False,True,26.86,1797549724.25,3285770395.5899997
2026-01-16,25.23,25.94,25.11,25.57,144045818.0,3686666102.0,2445181125.0,0.058910080945435074,24.856,24.746,24.878999999999998,22.055833333333332,51.21042817189087,131842225.5,21.718833333333333,23.827999999999996,False,False,26.86,3683251566.26,3281399017.7130003
2026-01-19,26.84,28.07,26.84,27.01,195830557.0,5370564994.0,2445181125.0,0.08008836441513101,25.262,24.973000000000003,25.1025,22.156166666666664,61.98224839234446,130684842.95,21.779666666666667,24.05,False,False,26.86,5289383344.570001,3299079744.5255003
2026-01-20,27.33,28.13,27.01,27.71,168272319.0,4666453522.0,2445181125.0,0.06881793633999199,26.006,25.291000000000004,25.303000000000004,22.261166666666668,70.25862054833036,129088000.35,21.840333333333334,24.206,False,False,27.01,4662825959.49,3294973174.865
2026-01-21,27.2,29.1,27.2,27.9,142227689.0,4026300329.0,2445181125.0,0.058166524984933375,26.608000000000004,25.595,25.394,22.362166666666667,76.27627611593577,126965777.1,21.912666666666667,24.432,False,False,27.71,3968152523.1,3252568312.2039995
2026-01-22,27.65,28.13,26.51,26.92,127680225.0,3467890432.0,2445181125.0,0.052217082691573616,27.022000000000002,25.835,25.4325,22.452999999999996,65.26458603613241,121956005.95,21.977833333333333,24.6815,False,False,27.9,3437151657.0,3126478485.2939997
2026-01-23,27.63,29.29,27.6,28.34,145320871.0,4161310016.0,2445181125.0,0.05943153638567368,27.576,26.216,25.5065,22.55166666666667,70.64220172144604,121783975.2,22.055833333333332,24.878999999999998,False,False,27.9,4118393484.14,3132611483.803
2026-01-26,28.93,31.17,28.93,30.93,243638686.0,7512997254.0,2445181125.0,0.09964034300322026,28.360000000000003,26.811,25.781,22.692666666666664,78.82882872940509,125731877.85,22.156166666666664,25.1025,False,False,28.34,7535744557.98,3299924946.526
2026-01-27,30.62,31.85,30.01,31.78,188414592.0,5840277219.0,2445181125.0,0.07705547457143895,29.174,27.590000000000003,26.1005,22.8505,79.77624775242106,129289469.45,22.261166666666668,25.303000000000004,False,False,30.93,5987815733.76,3450450659.394
2026-01-28,33.91,34.91,33.06,33.54,196801330.0,6666185714.0,2445181125.0,0.08048537917615407,30.302,28.455000000000002,26.533000000000005,23.0435,84.58588947973908,133813810.05,22.362166666666667,25.394,False,False,31.78,6600716608.2,3648178072.153
2026-01-29,32.92,33.39,31.42,31.75,140671783.0,4542674499.0,2445181125.0,0.057530209750821626,31.268,29.145,26.9005,23.2215,74.35897428872971,136711718.6,22.452999999999996,25.4325,False,False,33.54,4466329110.25,3770583921.0255
2026-01-30,31.92,34.92,31.92,34.92,176270673.0,5917296931.0,2445181125.0,0.072089004449517,32.584,30.079999999999995,27.413,23.442999999999998,78.33523368890005,140443563.95,22.55166666666667,25.5065,False,False,33.54,6155371901.16,3952987265.7225
2026-02-02,35.63,37.07,33.72,34.76,277225310.0,9805374702.0,2445181125.0,0.11337618598704012,33.35,30.855,27.913999999999998,23.652666666666665,82.2262117803012,150025892.1,22.692666666666664,25.781,False,False,34.92,9636351775.6,4328943944.463499
2026-02-03,35.41,37.71,35.07,36.19,172531463.0,6250586325.0,2445181125.0,0.07055978849010623,34.232,31.703000000000003,28.497000000000003,23.8905,82.77262174252803,153519133.5,22.8505,26.1005,False,False,34.92,6243913645.969999,4515218998.9345
2026-02-04,36.31,37.93,36.25,37.26,152216834.0,5654139613.0,2445181125.0,0.062251762228861474,34.976,32.638999999999996,29.117,24.156333333333333,83.96278045016535,155496609.55,23.0435,26.533000000000005,False,False,36.19,5671599234.84,4658753490.6175
2026-02-05,35.72,36.15,34.12,34.64,142259760.0,4970831931.0,2445181125.0,0.058179640986718316,35.553999999999995,33.411,29.623,24.38516666666667,72.48388691052185,158455621.9,23.2215,26.9005,False,False,37.26,4927878086.4,4803291911.9995
2026-02-06,34.09,37.71,34.09,36.61,180696440.0,6571228189.0,2445181125.0,0.07389900001784122,35.891999999999996,34.238,30.226999999999997,24.653333333333332,73.18840574760205,163498777.0,23.442999999999998,27.413,False,False,37.26,6615296668.4,5036141156.3625
2026-02-09,37.98,39.05,35.54,38.6,205927059.0,7717938527.0,2445181125.0,0.08421750720000344,36.66,35.004999999999995,30.907999999999998,24.952166666666667,74.76125506836483,168033416.6,23.652666666666665,27.913999999999998,False,False,37.26,7948784477.400001,5289652780.7495
2026-02-10,38.9,41.78,38.66,41.41,182255957.0,7414325973.0,2445181125.0,0.07453679203416884,37.70399999999999,35.968,31.779000000000003,25.30483333333333,77.44819174789619,169964864.85,23.8905,28.497000000000003,False,False,38.6,7547219179.369999,5494733162.814
2026-02-11,39.6,43.44,39.6,41.0,161804170.0,6746635637.0,2445181125.0,0.06617267258678025,38.452,36.714,32.5845,25.6535,79.28452574417707,170821377.05,24.156333333333333,29.117,False,False,41.41,6633970970.0,5646385010.407
2026-02-12,41.0,41.95,40.3,41.75,120767531.0,5004871028.0,2445181125.0,0.04939001441048667,39.874,37.714,33.429500000000004,26.016666666666666,78.69062896441298,173242953.35,24.38516666666667,29.623,False,False,41.41,5042044419.25,5808609745.157
2026-02-13,40.87,41.1,38.29,38.41,143495674.0,5613152208.0,2445181125.0,0.05868508984175968,40.233999999999995,38.063,34.0715,26.324333333333335,65.50580427375284,173215446.15,24.653333333333332,30.226999999999997,False,False,41.75,5511668838.339999,5900030608.761
2026-02-24,40.76,42.25,40.31,42.13,148405770.0,6202456523.0,2445181125.0,0.060693160307296254,40.94,38.8,34.8275,26.7,69.17376802636412,170844206.8,24.952166666666667,30.907999999999998,False,False,41.75,6252335090.1,5948178196.0375
2026-02-25,42.13,42.66,39.05,40.2,152111316.0,6123083938.0,2445181125.0,0.06220860877944165,40.698,39.201,35.452,27.0545,62.26067743476991,170036156.65,25.30483333333333,31.779000000000003,False,False,42.13,6114874903.200001,6020780643.223
2026-02-26,41.12,44.22,41.1,44.22,130808142.0,5710686316.0,2445181125.0,0.053496299583941864,41.342,39.897,36.268,27.474333333333334,71.2146988432458,169465179.3,25.6535,32.5845,False,False,42.13,5784336039.24,6111589819.030001
2026-02-27,42.14,47.48,42.14,47.38,187329451.0,8447789591.0,2445181125.0,0.0766116869972158,42.468,41.171,37.291000000000004,27.937833333333334,71.2049012594667,172447640.6,26.016666666666666,33.429500000000004,False,False,44.22,8875669388.380001,6383515705.599001
2026-03-02,45.89,52.06,45.89,49.48,178803640.0,8960722810.0,2445181125.0,0.07312490603329028,44.682,42.458,38.348,28.430333333333333,73.4993613975418,174121779.05,26.324333333333335,34.0715,False,False,47.38,8847204107.199999,6619956236.752001
2026-03-03,49.95,50.83,47.18,47.4,162607416.0,7946660106.0,2445181125.0,0.0665011742228298,45.736000000000004,43.338,39.1715,28.889833333333332,67.53206127790276,170070215.55,26.7,34.8275,False,False,49.48,7707591518.4,6628548584.773
2026-03-04,46.78,48.83,45.88,48.26,147598604.0,7027113379.0,2445181125.0,0.060363055518024254,47.348,44.023,39.9955,29.365333333333336,67.31738032297093,168029416.15,27.0545,35.452,False,False,49.48,7123108629.04,6685313229.537
2026-03-05,48.78,51.75,47.92,50.78,169785688.0,8494866116.0,2445181125.0,0.06943685531680194,48.660000000000004,45.001,40.8575,29.877999999999997,75.48957671961927,166678634.05,27.474333333333334,36.268,False,False,49.48,8621717236.64,6786363260.959
2026-03-06,49.25,50.17,47.21,48.31,140507830.0,6831599287.0,2445181125.0,0.05746315827626062,48.846000000000004,45.657,41.685500000000005,30.35333333333333,68.19029847777786,166670436.4,27.937833333333334,37.291000000000004,False,False,50.78,6787933267.3,6902443468.811501
2026-03-09,45.7,46.05,43.48,45.61,160204750.0,7118930754.0,2445181125.0,0.06551856153396407,48.071999999999996,46.377,42.220000000000006,30.786,60.66321871465515,165867140.25,28.430333333333333,38.348,False,False,50.78,7306938647.5,6960021806.1285
2026-03-10,46.61,50.08,46.61,49.87,153667766.0,7447926525.0,2445181125.0,0.06284514649195977,48.566,47.150999999999996,42.9755,31.287666666666667,62.325174799750805,159689263.05,28.889833333333332,39.1715,False,False,50.78,7663411490.42,6861374791.869499
2026-03-11,50.87,54.17,50.51,50.68,168100591.0,8775463958.0,2445181125.0,0.06874770514188391,49.05,48.199,43.7,31.799500000000002,63.94009214011632,159467719.45,29.365333333333336,39.9955,False,False,50.78,8519337951.88,6975146007.165001
2026-03-12,49.78,54.17,49.78,51.29,150679865.0,7829262023.0,2445181125.0,0.06162319161530416,49.152,48.906,44.4015,32.3155,63.79410061037833,159390871.0,29.877999999999997,40.8575,False,False,50.78,7728370275.849999,7077984559.2155
2026-03-13,50.92,52.87,49.33,49.56,130784094.0,6660754105.0,2445181125.0,0.05348646472968337,49.402,49.124,45.1475,32.80233333333333,66.90931146688717,158817087.7,30.35333333333333,41.685500000000005,False,False,51.29,6481659698.64,7155673639.827499
2026-03-16,49.16,50.08,46.56,47.11,125450079.0,5972946848.0,2445181125.0,0.05130502510320171,49.702,48.887,45.6725,33.2425,57.8548895643543,156054769.65,30.786,42.220000000000006,False,False,51.29,5909953221.69,7120406467.492
2026-03-17,47.77,48.17,42.98,43.11,160718227.0,7153846251.0,2445181125.0,0.06572855702049475,48.35,48.458000000000006,45.897999999999996,33.61866666666666,54.30855786910513,153794328.05,31.287666666666667,42.9755,False,False,51.29,6928562765.97,7069395381.9205
2026-03-18,42.99,44.54,42.32,44.4,137891286.0,5998952383.0,2445181125.0,0.05639307640246896,47.093999999999994,48.072,46.0475,34.01083333333334,50.289948430925925,151576094.5,31.799500000000002,43.7,True,False,51.29,6122373098.4,6998153077.872
2026-03-19,42.77,44.29,42.76,43.0,90545645.0,3945107464.0,2445181125.0,0.03703024044895652,45.436,47.294,46.1475,34.388,42.52049178294785,148013168.25,32.3155,44.4015,True,True,51.29,3893462735.0,6861127666.122
2026-03-20,44.39,45.29,42.78,42.87,128651148.0,5679526220.0,2445181125.0,0.0526141587977455,44.098,46.75,46.203500000000005,34.771499999999996,37.898205765998725,148407349.1,32.80233333333333,45.1475,True,True,51.29,5515274714.759999,6884789180.897501
2026-03-23,41.93,42.86,40.82,41.26,106727762.0,4453621103.0,2445181125.0,0.04364820295265448,42.928,46.315,46.346000000000004,35.09883333333334,38.56184796796327,146568953.5,33.2425,45.6725,True,True,51.29,4403587460.12,6829385111.986501
2026-03-24,42.69,44.29,41.5,44.26,138690856.0,5946857916.0,2445181125.0,0.05672007467340482,43.158,45.754,46.4525,35.46083333333333,43.09868873004204,146083207.8,33.61866666666666,45.897999999999996,True,True,51.29,6138457286.559999,6823691221.8095
2026-03-25,45.97,48.48,45.89,48.05,180209572.0,8519398088.0,2445181125.0,0.07369988675174319,43.88799999999999,45.491,46.845,35.86666666666667,45.487603284733005,147488120.6,34.01083333333334,46.0475,True,True,51.29,8659069934.6,6950900973.379499
2026-03-26,47.69,49.76,47.05,47.76,138967101.0,6746968966.0,2445181125.0,0.056833049944306276,44.839999999999996,45.138,47.022,36.227999999999994,49.020306352465816,147896068.55,34.388,46.1475,False,True,51.29,6637068743.759999,6993537608.605499
2026-03-27,46.76,50.09,46.41,48.83,139297170.0,6744220350.0,2445181125.0,0.05696803749047425,46.032,45.065,47.0945,36.605999999999995,56.089258669241694,145494454.5,34.771499999999996,46.203500000000005,False,False,51.29,6801880811.099999,6889848179.741499
2026-03-30,47.98,53.72,47.98,53.72,135108699.0,6944960560.0,2445181125.0,0.05525508831170942,48.523999999999994,45.726,47.30649999999999,37.053666666666665,57.111193173270905,143309707.45,35.09883333333334,46.346000000000004,False,False,51.29,7258039310.28,6810389939.895499
2026-03-31,53.18,54.53,51.21,52.53,176089922.0,9334560461.0,2445181125.0,0.0720150831362237,50.178,46.66799999999999,47.563,37.505166666666675,53.36976317860924,143983832.75,35.46083333333333,46.4525,False,False,53.72,9250003602.66,6887510544.1085
2026-04-01,54.53,54.57,50.46,51.83,128739639.0,6686306032.0,2445181125.0,0.05265034875483918,50.934000000000005,47.411,47.741499999999995,37.94583333333333,50.98039213094678,143040884.5,35.86666666666667,46.845,False,False,53.72,6672575489.37,6864983887.125
2026-04-02,51.9,55.66,51.9,53.26,146987529.0,7954717996.0,2445181125.0,0.06011314560593134,52.034000000000006,48.437,47.8655,38.41866666666667,56.79148308388102,141900976.55,36.227999999999994,47.022,False,False,53.72,7828555794.54,6825325815.0199995
2026-04-03,54.32,58.59,53.88,57.91,169832639.0,9806984504.0,2445181125.0,0.06945605675734962,53.85,49.940999999999995,48.3455,38.97716666666666,68.34239127184804,143367217.0,36.605999999999995,47.0945,False,False,53.72,9835008124.49,6977679557.879499
2026-04-07,58.21,61.35,57.86,58.56,166875408.0,9947552532.0,2445181125.0,0.068246644918789,54.818,51.67100000000001,48.992999999999995,39.542,79.60904556862681,143700749.9,37.053666666666665,47.30649999999999,False,False,57.91,9772223892.48,7100943820.1285
2026-04-08,60.65,60.72,56.41,58.42,195107878.0,11309217308.0,2445181125.0,0.0797928120764469,55.996,53.087,49.420500000000004,40.10333333333333,78.10745785511209,145772755.5,37.505166666666675,47.563,False,False,58.56,11398202232.76,7287683357.245501
2026-04-09,57.07,60.65,55.97,59.39,194181874.0,11401581735.0,2445181125.0,0.07941410638854003,57.508,54.221000000000004,49.856,40.684333333333335,83.43533246968198,147076819.65,37.94583333333333,47.741499999999995,False,False,58.56,11532461496.86,7438339534.494501
2026-04-10,59.06,59.06,55.57,55.84,208927553.0,11924256297.0,2445181125.0,0.08544461220638615,58.024,55.028999999999996,50.0835,41.20066666666666,73.21876115198488,149989204.05,38.41866666666667,47.8655,False,False,59.39,11666514559.52,7635246748.6779995
2026-04-13,54.86,55.81,52.97,53.36,203511870.0,10991182404.0,2445181125.0,0.08322977300914672,57.114,55.482000000000006,50.2735,41.681333333333335,71.00694440992717,153625592.85,38.97716666666666,48.3455,False,False,59.39,10859393383.2,7854133432.906
2026-04-14,53.38,54.28,52.02,52.54,156956401.0,8321295205.0,2445181125.0,0.06419009184851286,55.910000000000004,55.364,50.545,42.14816666666666,65.55221634418741,155200908.95,39.542,48.992999999999995,False,False,59.39,8246489308.54,7970960237.2485
2026-04-15,52.73,53.86,51.6,52.0,130152540.0,6872018676.0,2445181125.0,0.053228179568906166,54.626,55.311,50.98950000000001,42.598499999999994,58.45100552767164,153672624.6,40.10333333333333,49.420500000000004,False,False,59.39,6767932080.0,7962928702.95
2026-04-16,51.68,53.31,50.77,53.01,142840210.0,7505347572.0,2445181125.0,0.058417026264260895,53.35,55.428999999999995,51.419999999999995,43.08216666666667,60.89663757357606,153920070.8,40.684333333333335,49.856,False,False,59.39,7571959532.099999,8035408024.635
2026-04-17,52.46,55.96,52.46,55.51,213417354.0,11580699229.0,2445181125.0,0.08728079560977307,53.28399999999999,55.653999999999996,52.04549999999999,43.592499999999994,63.087774260061565,160063656.25,41.20066666666666,50.0835,False,False,59.39,11846797320.539999,8433074753.912001
2026-04-20,58.21,60.84,57.36,60.74,221872593.0,13239760047.0,2445181125.0,0.09073871490808273,54.760000000000005,55.937,52.939,44.190666666666665,63.57308581245077,164724728.5,41.681333333333335,50.2735,False,False,59.39,13476541298.82,8831138083.115
2026-04-21,59.35,60.25,57.13,59.65,183209207.0,10811839421.0,2445181125.0,0.07492664045490699,56.181999999999995,56.04600000000001,53.85849999999999,44.75866666666666,63.819875741712785,168548800.75,42.14816666666666,50.545,False,False,60.74,10928429197.55,9157380169.9865
2026-04-22,59.55,65.62,59.4,65.62,203696367.0,13095647409.0,2445181125.0,0.08330522631528983,58.90599999999999,56.766,54.9265,45.402166666666666,72.22043180757055,171799076.3,42.598499999999994,50.98950000000001,False,False,60.74,13366555602.54,9518785085.785501
2026-04-23,66.61,70.13,65.87,69.35,273438882.0,18775907731.0,2445181125.0,0.11182765939271677,62.174,57.762,55.991499999999995,46.09616666666667,74.1374137102333,176460541.8,43.08216666666667,51.419999999999995,False,False,65.62,18962986466.699997,10033980912.3905
2026-04-24,67.83,71.12,66.39,69.37,221203009.0,15309618265.0,2445181125.0,0.09046487670724188,64.946,59.114999999999995,57.072,46.78733333333333,69.96515676029574,180572337.2,43.592499999999994,52.04549999999999,False,False,69.35,15344852734.330002,10469370111.919
2026-04-27,69.37,74.31,68.73,71.2,249512238.0,17920805105.0,2445181125.0,0.10204243581342057,67.038,60.899,58.19050000000001,47.525333333333336,71.15127172034411,186083090.6,44.190666666666665,52.939,False,False,69.37,17765271345.600002,11017539638.644
2026-04-28,69.83,71.42,67.51,68.12,176584323.0,12142025886.0,2445181125.0,0.07221727715569537,68.732,62.45700000000001,58.9105,48.18833333333334,64.77757462197178,188156871.8,44.75866666666666,53.85849999999999,False,False,71.2,12028924082.76,11256083877.268
2026-04-29,66.84,68.03,65.19,67.21,123763734.0,8317628140.0,2445181125.0,0.05061536453664552,69.05,63.977999999999994,59.64450000000001,48.793,61.935286908818846,185540562.4,45.402166666666666,54.9265,False,False,71.2,8318160562.139999,11209491725.242
2026-04-30,67.53,67.83,63.14,65.54,160934768.0,10576815341.0,2445181125.0,0.06581711528629602,68.288,65.23100000000001,60.33,49.35566666666667,65.70595851943384,187150318.85,46.09616666666667,55.991499999999995,False,False,71.2,10547664694.720001,11403246185.5095
2026-05-06,67.33,72.09,67.33,71.62,191574699.0,13541236056.0,2445181125.0,0.07834785613274355,68.738,66.84200000000001,61.248000000000005,49.99033333333333,76.47911829841335,189379677.35,46.78733333333333,57.072,False,False,71.2,13720579942.380001,11697847392.9015
2026-05-07,74.37,76.44,71.62,75.77,190890446.0,14195232326.0,2445181125.0,0.07806801878531595,69.652,68.345,62.141000000000005,50.724000000000004,80.71938637582461,190432567.7,47.525333333333336,58.19050000000001,False,False,71.62,14463769093.42,11929285441.348
2026-05-08,74.07,79.29,74.07,77.08,163302292.0,12666073983.0,2445181125.0,0.06678535603369669,71.444,70.088,63.06699999999999,51.42666666666666,82.50388799494415,190253911.9,48.18833333333334,58.9105,False,False,75.77,12587340667.36,12070041280.092001
2026-05-11,79.11,79.7,73.65,74.81,238897082.0,18066147740.0,2445181125.0,0.09770118031644792,72.96400000000001,71.007,63.8865,52.09416666666666,77.35943772381948,192443372.1,48.793,59.64450000000001,False,False,77.08,17871890704.420002,12393725703.675
2026-05-12,75.31,78.31,74.48,74.92,177002325.0,13523270711.0,2445181125.0,0.07238822645500341,74.84,71.564,64.663,52.73966666666666,75.91455270860338,191584394.65,49.35566666666667,60.33,False,False,77.08,13261014189.0,12480153338.282001
2026-05-13,73.16,76.81,73.15,75.24,152332907.0,11489160886.0,2445181125.0,0.062299232331919786,75.564,72.151,65.63300000000001,53.37266666666667,72.28027040528815,188754662.35,49.99033333333333,61.248000000000005,False,False,77.08,11461527922.679998,12469904006.439999
2026-05-14,76.69,77.01,73.5,73.82,143096362.0,10748420520.0,2445181125.0,0.05852178414799435,75.174,72.413,66.65599999999999,54.025666666666666,71.55460903554109,185733886.95,50.724000000000004,62.141000000000005,False,False,77.08,10563373442.839998,12455103009.421999
2026-05-15,73.8,74.33,67.8,69.63,158376933.0,11115658480.0,2445181125.0,0.06477104349478405,73.684,72.564,67.51050000000001,54.576,56.44901895174375,185804913.55,51.42666666666666,63.06699999999999,False,False,77.08,11027785844.789999,12594167836.2345
2026-05-18,68.84,72.77,68.84,71.62,129168578.0,9263930935.0,2445181125.0,0.05282577093343136,73.046,73.00500000000001,68.4915,55.126333333333335,53.86712092830872,185755715.45,52.09416666666666,63.8865,False,False,77.08,9251053556.36,12718323910.052502
2026-05-19,70.23,75.92,66.36,75.28,194173310.0,13790836807.0,2445181125.0,0.07941060398951018,73.11800000000001,73.979,69.60499999999999,55.69083333333333,58.957259750669856,188322370.45,52.73966666666666,64.663,False,False,77.08,14617366776.800001,13070594272.2875
2026-05-20,74.52,77.94,73.82,75.59,171065316.0,13006915425.0,2445181125.0,0.06996018178407949,73.188,74.376,70.60900000000001,56.26733333333333,56.974896701695315,186204768.55,53.37266666666667,65.63300000000001,False,False,77.08,12930827236.44,13124795768.0825
2026-05-21,75.8,75.81,69.21,69.73,163020418.0,11822591674.0,2445181125.0,0.06667007868384392,72.37,73.772,71.05850000000001,56.733666666666664,52.35036494210496,183262159.8,54.025666666666666,66.65599999999999,False,False,77.08,11367413747.140001,13019339390.4985
2026-05-22,70.49,73.12,69.52,72.87,131991938.0,9418532411.0,2445181125.0,0.053980433862542594,73.018,73.351,71.71950000000001,57.308,57.757675416430736,180701296.35,54.576,67.51050000000001,True,False,77.08,9618252522.060001,12953830556.724
2026-05-25,72.92,73.56,69.5,73.23,146251848.0,10447795702.0,2445181125.0,0.05981227586974769,73.34,73.193,72.1,57.82633333333333,60.93261299820709,177829070.4,55.126333333333335,68.4915,False,True,77.08,10710022829.04,12821003918.049
2026-05-26,71.83,71.9,67.5,69.24,159662162.0,11077089473.0,2445181125.0,0.06529666058991847,72.132,72.625,72.09450000000001,58.31033333333333,46.40266019801579,172140234.4,55.69083333333333,69.60499999999999,False,False,77.08,11055008096.88,12425604999.558
2026-05-27,68.47,71.42,67.85,68.52,133268843.0,9318643453.0,2445181125.0,0.05450264671088527,70.718,71.953,72.05199999999999,58.71533333333333,37.77403033629556,167743526.1,56.26733333333333,70.60900000000001,True,False,77.08,9131581122.359999,12114941418.959501
2026-05-28,67.33,70.81,65.46,70.31,160320211.0,10896059959.0,2445181125.0,0.06556578134881522,70.83399999999999,71.602,72.0075,59.0975,38.76535013134037,163283924.75,56.733666666666664,71.05850000000001,True,True,77.08,11272114035.41,11790283553.45
2026-05-29,70.32,77.34,69.31,76.93,323928166.0,24318139898.0,2445181125.0,0.13247614366399954,71.646,72.332,72.44800000000001,59.555,53.07424591812531,170651116.9,57.308,71.71950000000001,True,True,77.08,24919793810.38,12434827039.831
2026-06-01,75.06,80.61,73.22,75.37,237217082.0,18218873693.0,2445181125.0,0.09701411464968673,72.074,72.707,72.856,60.021166666666666,50.62621762569533,176323784.3,57.82633333333333,72.1,False,True,77.08,17879051470.34,12912871585.241001
2026-06-02,74.43,82.92,74.43,82.92,191393332.0,15481292596.0,2445181125.0,0.07827368289537243,74.81,73.471,73.725,60.59883333333333,58.8971269503114,177846712.5,58.31033333333333,72.09450000000001,False,False,77.08,15870335089.44,13179005104.977
2026-06-03,89.78,91.21,87.9,91.21,69916280.0,6333266041.0,2445181125.0,0.028593497342655955,79.348,75.03299999999999,74.7045,61.272666666666666,67.37957223779104,171763791.55,58.71533333333333,72.05199999999999,False,False,82.92,6377063898.799999,12811829302.798
2026-06-04,92.77,98.75,92.17,97.63,265385062.0,25729176064.0,2445181125.0,0.1085339074830295,84.81200000000001,77.823,75.79749999999999,62.09466666666667,76.78913124617206,175488522.35,59.0975,72.0075,False,False,91.21,25909543603.059998,13384118028.28
2026-06-05,95.76,102.71,94.77,95.88,250990648.0,24741726780.0,2445181125.0,0.102647057689847,88.602,80.124,76.7375,62.9325,73.31795461310165,179872940.15,59.555,72.44800000000001,False,False,97.63,24064983330.239998,13958000161.424
2026-06-08,92.32,102.08,92.32,95.24,244205900.0,23688740828.0,2445181125.0,0.09987231518483114,92.576,82.325,77.759,63.68866666666667,70.36734691867053,180138381.05,60.021166666666666,72.856,False,False,97.63,23258169916.0,14227314122.003
2026-06-09,99.53,104.76,97.46,104.76,172943017.0,17494277102.0,2445181125.0,0.07072810076595042,96.944,85.877,79.251,64.58999999999999,75.055832313163,179935415.65,60.59883333333333,73.725,False,False,97.63,18117510460.920002,14470138935.598999
2026-06-10,105.74,109.72,104.16,106.62,212989149.0,22674388390.0,2445181125.0,0.08710567361344244,100.026,89.687,80.82000000000001,65.51216666666667,84.02508760051002,182968227.75,61.272666666666666,74.7045,False,False,104.76,22708903066.38,15032507692.784
2026-06-11,104.84,107.73,97.76,102.15,224922901.0,23106596441.0,2445181125.0,0.09198619222942023,100.92999999999999,92.87100000000001,82.2365,66.38866666666667,76.35938060732748,187059554.7,62.09466666666667,75.79749999999999,False,False,106.62,22975874337.15,15653132737.4995
2026-06-12,104.82,105.23,96.76,96.76,215530121.0,21531247168.0,2445181125.0,0.0881448489833243,101.106,94.85400000000001,83.59299999999999,67.21616666666667,69.42380714921688,189917214.1,62.9325,76.7375,False,False,106.62,20854694507.960003,16144478170.658
2026-06-15,98.7,99.67,92.65,99.04,220543981.0,21446293512.0,2445181125.0,0.09019535556900718,101.86600000000001,97.221,84.964,68.14833333333334,75.31430511290519,194485984.25,63.68866666666667,77.759,False,False,106.62,21842675878.24,16774059286.752003
2026-06-16,97.97,108.39,97.94,107.24,225899315.0,23769931050.0,2445181125.0,0.0923855139770065,102.36200000000001,99.65299999999999,86.562,69.19566666666667,79.18299666704007,196072284.5,64.58999999999999,79.251,False,False,106.62,24225442540.6,17254463074.941998
2026-06-17,103.85,111.14,103.74,110.73,216953138.0,23269773515.0,2445181125.0,0.08872681691422757,103.18400000000001,101.605,88.31899999999999,70.3245,79.70311579782711,198366675.6,65.51216666666667,80.82000000000001,False,False,107.24,24023220970.74,17809082761.657
2026-06-18,110.76,116.37,108.51,110.74,198467805.0,22505074474.0,2445181125.0,0.08116691355533018,104.902,102.91600000000001,90.36949999999999,71.45566666666667,77.51912744448529,200139044.95,66.38866666666667,82.2365,False,False,110.73,21978324725.7,18339628310.585
2026-06-22,114.92,121.69,114.89,119.84,181255520.0,21613245292.0,2445181125.0,0.07412764565651553,109.518,105.31200000000001,92.718,72.76533333333333,82.23865447076496,202602224.05,67.21616666666667,83.59299999999999,False,False,110.74,21721661516.8,18944798760.322
2026-06-23,120.9,124.85,115.36,117.02,183423327.0,21913201658.0,2445181125.0,0.07501420861000635,113.11399999999999,107.49000000000001,94.9075,73.978,76.54109587373014,204460798.0,68.14833333333334,84.964,False,False,119.84,21464197725.54,19482507505.147
2026-06-24,114.68,120.25,113.38,118.73,164810573.0,19383070424.0,2445181125.0,0.06740219418305873,115.41199999999999,108.88700000000001,97.382,75.156,73.86403050582558,204718218.55,69.19566666666667,86.562,False,False,119.84,19567959332.29,19908155066.9175
2026-06-25,121.7,124.46,116.86,122.7,161583190.0,19622701344.0,2445181125.0,0.06608229891354163,117.806,110.495,100.091,76.405,72.70422023151858,206133935.9,70.3245,88.31899999999999,False,False,119.84,19826257413.0,20442888881.4495
2026-06-26,119.21,119.71,110.43,110.54,198822735.0,22720438835.0,2445181125.0,0.08131206844646324,117.766,111.33399999999999,102.1025,77.43350000000001,61.17037487265491,208059062.1,71.45566666666667,90.36949999999999,False,False,122.7,21977865126.9,20978176436.024002
2026-06-29,108.92,112.12,102.0,108.04,148882549.0,15897938406.0,2445181125.0,0.060888147498684785,115.40599999999999,112.46199999999999,103.65799999999999,78.33883333333333,59.48429162962686,199306781.25,72.76533333333333,92.718,False,False,122.7,16085270593.960001,20536450275.203
2026-06-30,112.0,113.44,107.8,109.34,126872267.0,13975574951.0,2445181125.0,0.051886653999915856,113.87,113.492,105.35650000000001,79.28566666666667,53.86432668319102,193789540.5,73.978,94.9075,False,False,122.7,13872213673.78,20336108385.375
2026-07-01,107.61,109.55,100.0,101.93,173351553.0,18064810011.0,2445181125.0,0.07089517877740038,110.50999999999999,112.96100000000001,106.30699999999999,80.12066666666668,46.38173120429958,192887451.55,75.156,97.382,False,False,122.7,17669723797.29,20426077820.767498
2026-07-02,96.8,98.9,91.93,93.84,153584987.0,14660074216.0,2445181125.0,0.06281129255813309,104.73800000000001,111.272,106.4385,80.797,43.92810170078922,197070886.9,76.405,100.091,True,False,122.7,14412415180.08,20827845384.8315
2026-07-03,93.0,95.0,89.22,89.42,172639294.0,15934708533.0,2445181125.0,0.07060388788172083,100.514,109.14000000000001,106.02799999999999,81.32216666666666,44.55973909540711,192433598.5,77.43350000000001,102.1025,True,True,122.7,15437405669.48,20304238488.1525
2026-07-06,91.5,92.63,82.61,84.6,198775807.0,17132304683.0,2445181125.0,0.08129287641217171,95.826,105.61600000000001,105.46400000000001,81.75616666666666,39.68571427777714,189822856.45,78.33883333333333,103.65799999999999,True,True,122.7,16816433272.199999,19941810985.2505
2026-07-07,84.6,85.24,78.55,80.89,170351427.0,13866392537.0,2445181125.0,0.06966822427111612,90.136,102.003,104.7465,82.13066666666667,29.888566624661294,186130132.8,79.28566666666667,105.35650000000001,True,True,122.7,13779726930.03,19467888835.952003
2026-07-08,81.78,82.5,76.7,76.96,161693443.0,12790253122.0,2453646257.0,0.06589924792080573,85.142,97.826,103.35650000000001,82.42350000000002,24.397270654411486,185567654.1,80.12066666666668,106.30699999999999,True,True,122.7,12443927373.279999,19184209681.57
2026-07-09,78.18,80.58,74.0,80.06,238197174.0,18587446731.0,2453646257.0,0.09707885695439919,82.386,93.562,102.02850000000001,82.82716666666667,27.7809965181209,186828055.35,80.797,106.4385,True,True,122.7,19070065750.440002,19002267815.773003
2026-07-10,80.8,86.39,77.39,77.79,259314841.0,21320396181.0,2453646257.0,0.1056855038741634,80.06,90.287,100.8105,83.23433333333332,16.203182764397297,188547652.35,81.32216666666666,106.02799999999999,True,True,122.7,20172101481.390003,18862079172.985
2026-07-13,75.08,76.33,70.01,70.01,160105457.0,11589705828.0,2453646257.0,0.06525205356853525,77.142,86.48400000000001,99.473,83.5255,15.00669941625587,185776419.15,81.75616666666666,105.46400000000001,True,True,122.7,11208983044.570002,18379793599.8155
2026-07-14,69.0,74.39,68.2,74.38,222459127.0,15911827997.0,2453646257.0,0.09066471027164043,75.84,82.988,98.24000000000001,83.8985,18.244307600523825,185872176.45,82.13066666666667,104.7465,True,True,122.7,16546509866.259998,18114985299.2165
2026-07-15,75.88,77.0,70.4,71.05,214913792.0,15902878109.0,2453646257.0,0.08758955835091269,74.658,79.9,96.43050000000001,84.19916666666668,12.675242084442061,185322900.3,82.42350000000002,103.35650000000001,True,True,122.7,15269624921.599998,17667194418.266502
2026-07-16,68.5,69.82,63.95,64.85,205642671.0,13703536039.0,2453646257.0,0.08381105076305219,71.61600000000001,77.001,94.1365,84.35483333333333,13.869998415401213,184757376.95,82.82716666666667,102.02850000000001,True,True,122.7,13335927214.349998,17132829730.447
2026-07-17,64.08,65.2,58.37,58.39,206526234.0,12574511954.0,2453646257.0,0.0841711527938479,67.736,73.898,91.519,84.31566666666667,13.052537577277334,185160298.4,83.23433333333332,100.8105,True,True,122.7,12059066803.26,16636866834.325
2026-07-20,60.39,60.89,54.52,56.56,233169654.0,13526623920.0,2453646257.0,0.0950298574355578,65.046,71.09400000000001,88.35499999999999,84.26416666666665,11.030714705339179,187756005.1,83.5255,99.473,True,True,122.7,13188075630.24,16210187539.997
2026-07-21,57.0,60.26,50.9,59.96,335881880.0,18720185558.0,2453646257.0,0.13689091450805657,62.162,69.001,85.502,84.16983333333333,17.06168575986716,195378932.75,83.8985,98.24000000000001,True,True,122.7,20139477524.8,16143951529.960001
2026-07-22,57.61,59.38,55.05,55.12,261473881.0,15032868893.0,2453646257.0,0.10656543511683558,58.976,66.817,82.32149999999999,83.93266666666668,17.97882897367343,200212098.15,84.19916666666668,96.43050000000001,True,True,122.7,14412440320.72,15886175579.3815
2026-07-23,56.11,58.18,55.0,55.67,183746677.0,10358384696.0,2453646257.0,0.07488719145059711,57.14,64.378,78.97,83.70433333333332,20.180243854346642,201320272.5,84.35483333333333,94.1365,True,True,122.7,10229177508.59,15406321584.161001
2026-07-24,55.0,55.66,52.3,52.43,144395460.0,7755244212.0,2453646257.0,0.05884933885153763,55.948,61.842,76.0645,83.3915,20.759861838017855,198598908.75,84.31566666666667,91.519,True,True,110.54,7570653967.8,14685961026.206
2026-07-27,52.87,55.83,51.32,55.55,156117915.0,8419560601.0,2453646257.0,0.06362690406353877,55.746,60.395999999999994,73.44,83.182,26.718118331972548,198960677.05,84.26416666666665,88.35499999999999,True,True,109.34,8672350178.25,14315315005.420502
2026-07-28,53.4,54.72,50.0,50.01,170244442.0,8845444753.0,2453646257.0,0.06938426495437561,53.75599999999999,57.95899999999999,70.4735,82.89533333333334,25.950383716521415,201129285.8,84.16983333333333,85.502,True,True,109.34,8513924544.42,14047400548.9525
2026-07-29,50.01,51.0,47.27,49.75,174294429.0,8549584188.0,2453646257.0,0.07103486433822967,52.681999999999995,55.82899999999999,67.86449999999999,82.63216666666668,21.507802212801096,201176429.6,83.93266666666668,82.32149999999999,True,True,101.93,8671147842.75,13597471751.2255
2026-07-30,49.7,50.5,45.6,47.2,176301508.0,8468141359.0,2453646257.0,0.07185286285544625,50.988,54.064,65.5325,82.22516666666667,21.395174858808062,202312255.65,83.70433333333332,78.97,True,True,93.84,8321431177.6,13292922551.1015
2026-07-31,50.5,51.26,47.58,47.61,216925691.0,10766686297.0,2453646257.0,0.0884095212914793,50.024,52.986000000000004,63.44199999999999,81.75583333333333,25.7049891462067,204526575.5,83.3915,76.0645,True,True,89.42,10327832148.51,13037443875.053
2026-08-03,47.33,48.5,46.33,47.37,153426594.0,7274093461.0,2453646257.0,0.06253003812684478,48.388,52.06699999999999,61.58050000000001,81.26066666666665,17.822253985000913,202259114.85,83.182,73.44,True,True,84.6,7267817757.78,12560013099.332
2026-08-04,48.5,50.86,48.2,50.27,225754445.0,11177252487.0,2453646257.0,0.09200773923948728,48.44,51.098,60.0495,80.85166666666667,24.987963400341087,205029265.75,82.89533333333334,70.4735,True,True,80.89,11348675950.150002,12438460550.338001
2026-08-05,48.15,55.3,48.08,54.41,347605671.0,18223584577.0,2453646257.0,0.14166902421582445,49.372,51.027,58.92199999999999,80.50983333333333,36.77811548847787,214324877.15,82.63216666666668,67.86449999999999,True,True,80.06,18913224559.11,12761925409.629501
2026-08-06,53.87,57.18,53.68,56.15,288933861.0,16026986041.0,2453646257.0,0.11775693426699202,51.162,51.075,57.7265,80.19166666666666,46.77790561982477,216861711.5,82.22516666666667,65.5325,True,True,80.06,16223636295.15,12619603936.865002
2026-08-07,56.1,60.29,55.8,59.52,281966629.0,16505374914.0,2453646257.0,0.11491739210392625,53.544000000000004,51.784000000000006,56.813,79.95333333333333,54.07713496536971,217994300.9,81.75583333333333,63.44199999999999,True,True,77.79,16782653758.080002,12450131550.6995
