日期,开盘,最高,最低,收盘,成交量,amount,outstanding_share,turnover,MA5,MA10,MA20,MA60,RSI14,Vol_MA20,MA60_prev5,MA20_prev5,MA20_break_1,MA20_break_2,High_20,成交额估算,Amount_MA20
2023-07-03,14.4,14.8,14.32,14.61,9253817.0,141005226.0,42322061.0,0.2186523241389402,14.707999999999998,14.180000000000001,14.107499999999998,13.917166666666667,59.04935999512046,11928761.9,13.507666666666667,14.479,False,False,15.38,135198266.37,171184546.55949998
2023-07-04,14.74,14.74,14.18,14.54,8677170.0,131078693.0,42322061.0,0.20502711340073915,14.77,14.286000000000001,14.1155,13.944166666666666,56.249999850852255,11256519.05,13.611166666666668,14.458000000000002,False,False,15.37,126166051.8,161587111.7365
2023-07-05,14.45,15.28,14.41,14.9,12826736.0,198230650.0,42322061.0,0.30307446511170616,14.675999999999998,14.405000000000001,14.127500000000001,13.955666666666668,61.439114232445085,11023019.25,13.720333333333333,14.4205,False,False,15.37,191118366.4,158317925.50050002
2023-07-06,14.52,14.73,14.32,14.46,8209104.0,124497328.0,42322061.0,0.19396749132798613,14.606,14.491,14.089499999999997,13.936,58.93805295130395,10370344.85,13.805333333333333,14.2745,False,False,15.37,118703643.84,148072275.18049997
2023-07-07,14.43,15.74,14.33,14.95,17706408.0,279299254.0,42322061.0,0.4183730088192066,14.691999999999998,14.678,14.110500000000002,13.898333333333333,63.98659951493929,10529376.8,13.869333333333334,14.145999999999997,False,False,15.37,264710799.6,150754843.98200002
2023-07-10,14.95,16.45,14.76,16.45,17513150.0,285292921.0,42322061.0,0.4138066433012324,15.059999999999999,14.884,14.249500000000001,13.914333333333332,70.42640976809219,10754549.1,13.917166666666667,14.107499999999998,False,False,15.37,288091317.5,156267277.173
2023-07-11,16.57,17.09,15.84,16.05,22051828.0,375040934.0,42322061.0,0.5210480652159166,15.362,15.065999999999999,14.371,13.9495,65.72580632793532,11461163.2,13.944166666666666,14.1155,False,False,16.45,353931839.40000004,168570658.317
2023-07-12,16.2,16.2,15.6,15.66,12946620.0,214197667.0,42322061.0,0.30590712489167293,15.514,15.095000000000002,14.459999999999999,13.975999999999999,63.34196879704825,11711632.1,13.955666666666668,14.127500000000001,False,False,16.45,202744069.2,173199415.829
2023-07-13,15.56,16.12,15.41,15.61,11691720.0,192199666.0,42322061.0,0.27625592241360836,15.744,15.175,14.5575,14.002999999999998,67.44827573182403,11961948.15,13.936,14.089499999999997,False,False,16.45,182507749.2,177758675.772
2023-07-14,15.29,15.91,14.95,15.66,12633240.0,205072779.0,42322061.0,0.2985024760490752,15.886,15.288999999999998,14.667999999999997,14.033999999999999,60.60100152781068,12282747.55,13.898333333333333,14.110500000000002,False,False,16.45,197836538.4,183469400.722
2023-07-17,15.57,17.19,15.22,16.18,19169872.0,325545862.0,42322061.0,0.45295223217035674,15.831999999999999,15.445999999999998,14.812999999999999,14.063500000000001,65.35433056457313,12914204.85,13.914333333333332,14.249500000000001,False,False,16.45,310168528.96,194634785.106
2023-07-18,15.99,16.66,15.53,16.18,15265264.0,256469354.0,42322061.0,0.36069283109818306,15.858,15.61,14.947999999999999,14.102666666666666,57.773512320762165,13344820.6,13.9495,14.371,False,False,16.45,246991971.51999998,202500296.056
2023-07-19,16.18,16.92,16.18,16.41,14393872.0,248120992.0,42322061.0,0.3401032856126737,16.008,15.761,15.083000000000002,14.136666666666665,66.39344243247783,13671375.55,13.975999999999999,14.459999999999999,False,False,16.45,236203439.52,208920537.1405
2023-07-20,16.08,16.2,14.98,15.18,13738100.0,223741801.0,42322061.0,0.32460848255948593,15.922,15.833000000000002,15.162,14.157333333333334,55.670102958869165,14081061.7,14.002999999999998,14.5575,False,False,16.45,208544358.0,215577578.68050003
2023-07-21,15.08,16.7,14.88,16.7,16431330.0,283160120.0,42322061.0,0.38824503371893915,16.130000000000003,16.008,15.343,14.222666666666665,64.41379297906302,14593682.8,14.033999999999999,14.667999999999997,False,False,16.45,274403211.0,225256733.39849997
2023-07-24,17.28,17.28,16.07,16.33,19946807.0,343386460.0,42322061.0,0.4713099156489567,16.16,15.996,15.440000000000001,14.287166666666668,61.854304521064854,14990853.7,14.063500000000001,14.812999999999999,False,False,16.7,325731358.30999994,232906862.9285
2023-07-25,16.32,16.71,16.2,16.31,15504838.0,266805413.0,42322061.0,0.3663535667603711,16.186,16.022,15.544,14.346499999999999,59.77808587560426,14787498.9,14.102666666666666,14.947999999999999,False,False,16.7,252883907.77999997,231625627.2765
2023-07-26,16.23,17.04,16.11,16.52,14796954.0,257322256.0,42322061.0,0.3496274437107399,16.208000000000002,16.107999999999997,15.601499999999998,14.411833333333334,64.75644686152002,14447347.6,14.136666666666665,15.083000000000002,False,False,16.7,244445680.07999998,227248326.65049997
2023-07-27,16.14,16.41,15.75,16.15,10512216.0,176888779.0,42322061.0,0.24838620217479485,16.401999999999997,16.162,15.6685,14.479833333333334,58.74635556524067,14230740.35,14.157333333333334,15.162,False,False,16.7,169772288.39999998,224744691.75
2023-07-28,15.98,16.1,15.35,15.61,9725211.0,158424374.0,42322061.0,0.22979058132353242,16.183999999999997,16.157,15.722999999999999,14.518833333333333,42.88135583045102,14149712.85,14.222666666666665,15.343,False,False,16.7,151810543.71,224098196.4495
2023-07-31,15.38,15.95,15.38,15.69,8448366.0,138504357.0,42322061.0,0.1996208549484393,16.055999999999997,16.107999999999997,15.776999999999997,14.5635,46.77419343103248,14109440.3,14.287166666666668,15.440000000000001,True,False,16.7,132554862.53999999,223966026.258
2023-08-01,15.44,16.05,15.0,15.97,13381427.0,217878782.0,42322061.0,0.31618089204115085,15.988,16.087,15.848499999999998,14.611333333333333,52.833637890370944,14344653.15,14.346499999999999,15.544,True,True,16.7,213701389.19,228342793.1275
2023-08-02,15.64,15.7,15.34,15.4,7294829.0,118197907.0,42322061.0,0.17236469178568595,15.764000000000001,15.985999999999999,15.873499999999998,14.651,48.2470783513424,14068057.8,14.411833333333334,15.601499999999998,False,True,16.7,112340366.60000001,224403893.1375
2023-08-03,15.28,15.55,15.13,15.24,5480808.0,87897856.0,42322061.0,0.12950238883687634,15.581999999999999,15.991999999999999,15.9125,14.694999999999999,46.55737694232734,13931643.0,14.479833333333334,15.6685,True,False,16.7,83527513.92,222645086.6415
2023-08-04,15.18,15.28,14.92,14.94,7063511.0,111045084.0,42322061.0,0.16689903168940662,15.447999999999999,15.815999999999999,15.911999999999997,14.73,39.45578221898284,13399498.15,14.518833333333333,15.722999999999999,True,True,16.7,105528854.34,214685989.37849998
2023-08-07,14.91,15.12,14.72,15.02,4364365.0,68343090.0,42322061.0,0.10312269527705657,15.313999999999998,15.684999999999999,15.8405,14.769166666666667,40.268456281248596,12742058.9,14.5635,15.776999999999997,True,True,16.7,65552762.3,203559061.6185
2023-08-08,15.01,15.12,14.92,15.05,4000723.0,62982903.0,42322061.0,0.09453043886496927,15.13,15.559000000000001,15.790499999999998,14.804333333333334,38.194444351610734,11839503.65,14.611333333333333,15.848499999999998,True,True,16.7,60210881.150000006,188873013.706
2023-08-09,15.27,16.56,15.26,16.56,22247428.0,379919235.0,42322061.0,0.5256697683035805,15.362,15.562999999999999,15.8355,14.863166666666668,61.42384091722949,12304544.05,14.651,15.873499999999998,True,True,16.7,368417407.67999995,197156680.63
2023-08-10,16.25,18.14,16.11,16.86,29211116.0,515682440.0,42322061.0,0.6902101483195726,15.686000000000002,15.634,15.898,14.933833333333334,51.65975088729533,13180513.85,14.694999999999999,15.9125,False,True,16.7,492499415.76,212656263.958
2023-08-11,16.81,17.5,16.51,16.56,17747619.0,313128888.0,42322061.0,0.4193467562933667,16.009999999999998,15.729000000000003,15.943000000000001,14.997166666666667,52.421052477074795,13436232.8,14.73,15.911999999999997,False,False,16.86,293900570.64,217459465.57
2023-08-14,16.56,16.79,16.12,16.43,11067477.0,189909338.0,42322061.0,0.2615060972574091,16.292,15.803,15.9555,15.053833333333332,51.23456775364529,13031113.05,14.769166666666667,15.8405,False,False,16.86,181838647.10999998,211042971.4775
2023-08-15,16.34,16.43,15.95,16.23,8667523.0,146672623.0,42322061.0,0.20479917081542887,16.528,15.829000000000002,15.958000000000002,15.108833333333333,47.01030914265067,12701226.0,14.804333333333334,15.790499999999998,False,False,16.86,140673898.29,205727067.81599998
2023-08-16,16.1,16.46,15.59,15.68,8911812.0,148247844.0,42322061.0,0.21057131409550212,16.351999999999997,15.857,15.921499999999998,15.152,45.32803168298363,12427123.0,14.863166666666668,15.8355,False,False,16.86,139737212.16,200903756.44799998
2023-08-17,15.61,16.08,15.19,15.95,9056436.0,149263000.0,42322061.0,0.21398853897970613,16.17,15.928,15.959999999999999,15.199166666666665,53.57142841386555,12193039.8,14.933833333333334,15.898,True,False,16.86,144450154.2,197699046.258
2023-08-18,15.96,17.54,15.96,17.54,19346237.0,344415945.0,42322061.0,0.4571194441593948,16.366,16.188,16.002,15.256833333333335,64.75279092399694,12338785.15,14.997166666666667,15.943000000000001,True,True,16.86,339332996.97999996,200945535.55699998
2023-08-21,18.03,19.3,17.04,19.3,31163454.0,589714734.0,42322061.0,0.7363406522191819,16.939999999999998,16.616,16.1505,15.3565,71.48387083860977,12899617.5,15.053833333333332,15.9555,False,True,17.54,601454662.2,214731700.75149998
2023-08-22,18.83,21.23,18.43,21.23,32036791.0,661401437.0,42322061.0,0.75697615482384,17.94,17.234,16.3965,15.466166666666668,81.99780448430633,13726215.15,15.108833333333333,15.958000000000002,False,False,19.3,680141072.9300001,236094559.009
2023-08-23,20.2,21.68,19.39,19.59,28234649.0,601128345.0,42322061.0,0.6671378551247776,18.722,17.537,16.55,15.524000000000001,70.53824353281063,14398099.9,15.152,15.921499999999998,False,False,21.23,553116773.91,251528113.7005
2023-08-24,18.62,21.01,17.66,19.86,27172549.0,536771005.0,42322061.0,0.6420421963854738,19.503999999999998,17.837,16.7355,15.559499999999998,73.29545444828254,15231116.55,15.199166666666665,15.959999999999999,False,False,21.23,539646823.14,270021840.4375
2023-08-25,19.06,21.22,18.14,19.54,26047267.0,544228469.0,42322061.0,0.61545365193817,19.904000000000003,18.134999999999998,16.932000000000002,15.600333333333333,70.9259258339849,16047219.35,15.256833333333335,16.002,False,False,21.23,508963597.18,287879493.11099994
2023-08-28,19.93,20.61,18.43,19.58,19855852.0,408951638.0,42322061.0,0.4691608000848541,19.959999999999997,18.45,17.1265,15.670333333333332,70.9528213697188,16617593.65,15.3565,16.1505,False,False,21.23,388777582.15999997,300690629.09199995
2023-08-29,19.17,20.18,18.74,20.0,17974145.0,369695229.0,42322061.0,0.42469918938966605,19.714,18.826999999999998,17.328,15.764,67.69547315352504,16847229.55,15.466166666666668,16.3965,False,False,21.23,359482900.0,307979704.6325
2023-08-30,19.92,20.42,18.14,18.54,18832066.0,375920629.0,42322061.0,0.4449704375219345,19.503999999999998,19.113,17.485000000000003,15.828666666666667,57.72058816102129,17424091.4,15.524000000000001,16.55,False,False,21.23,349146503.64,319820011.4845
2023-08-31,18.24,18.45,17.67,17.86,11614512.0,217935767.0,42322061.0,0.27443162562428136,19.104,19.304,17.616,15.872666666666667,55.77264646706776,17730776.6,15.559499999999998,16.7355,False,False,21.23,207435184.32,326015395.0045
2023-09-01,17.93,18.01,17.08,17.36,10490924.0,190583259.0,42322061.0,0.24788310758306406,18.668,19.286,17.737000000000002,15.919833333333335,53.99828024454205,17902147.25,15.600333333333333,16.932000000000002,False,False,21.23,182122440.64,329845074.3195
2023-09-04,17.51,18.21,17.25,18.05,11815010.0,220615673.0,42322061.0,0.27916906031584804,18.362,19.160999999999998,17.8885,15.992833333333333,57.50825075865383,18274679.5,15.670333333333332,17.1265,True,False,21.23,213260930.5,337230482.7295
2023-09-05,18.05,18.25,17.39,18.02,10328842.0,192770131.0,42322061.0,0.24405337915844882,17.966,18.84,18.037,16.066166666666668,60.08620682403388,18591085.45,15.764,17.328,False,True,21.23,186125732.84,343526225.314
2023-09-06,17.64,17.76,17.24,17.3,8358028.0,152384542.0,42322061.0,0.19748631806943429,17.718,18.610999999999997,18.074,16.123166666666666,55.601659686437905,17896615.45,15.828666666666667,17.485000000000003,True,False,21.23,144593884.4,332335049.15
2023-09-07,17.27,17.44,16.53,16.61,7356240.0,129653070.0,42322061.0,0.1738157317055046,17.468,18.286,18.061500000000002,16.17233333333333,45.82959635501217,16803871.65,15.872666666666667,17.616,True,True,21.23,122187146.39999999,313819435.68200004
2023-09-08,16.71,17.37,16.7,16.9,6868400.0,122380934.0,42322061.0,0.16228888285946189,17.375999999999998,18.022,18.0785,16.229833333333335,37.60330573073902,16259910.7,15.919833333333335,17.737000000000002,True,True,21.23,116075959.99999999,304928205.15
2023-09-11,16.76,17.55,16.62,17.45,9578127.0,173223315.0,42322061.0,0.2263152307256492,17.256,17.809,18.1295,16.299333333333333,27.22891561672232,16185443.2,15.992833333333333,17.8885,True,True,21.23,167138316.15,304193188.602
2023-09-12,17.33,17.37,16.9,16.96,6961500.0,124422764.0,42322061.0,0.1644886812104921,17.044,17.505000000000003,18.166,16.357333333333333,31.608391546501068,16100142.05,16.066166666666668,18.037,True,True,21.23,118067040.0,303062845.6875
2023-09-13,16.94,18.51,16.72,17.83,15266203.0,281678881.0,42322061.0,0.3607150181084045,17.15,17.433999999999997,18.2735,16.426,36.903225739787715,16417861.6,16.123166666666666,18.074,True,True,21.23,272196399.48999995,309685805.054
2023-09-14,17.62,17.72,17.19,17.48,8786360.0,160068450.0,42322061.0,0.20760709172457362,17.323999999999998,17.396,18.35,16.490666666666666,36.7609253837207,16404357.8,16.17233333333333,18.061500000000002,True,True,21.23,153585572.8,310142575.984
2023-09-15,17.5,17.5,16.94,17.16,6244760.0,112136365.0,42322061.0,0.14755330559161567,17.375999999999998,17.376,18.331,16.558666666666667,34.9875929913367,15749283.95,16.229833333333335,18.0785,True,True,21.23,107160081.6,298533930.21500003
2023-09-18,17.08,17.32,16.67,17.27,6219072.0,110709824.0,42322061.0,0.14694634082210695,17.34,17.298,18.229499999999998,16.606666666666666,32.38709671568782,14502064.85,16.299333333333333,18.1295,True,True,21.23,107403373.44,273831365.777
2023-09-19,17.37,18.61,17.32,17.86,14147740.0,265858859.0,42322061.0,0.33428759530401886,17.520000000000003,17.282,18.061,16.667166666666667,45.05813944319564,13607612.3,16.357333333333333,18.166,True,True,21.23,252678636.4,252458243.9505
2023-09-20,17.76,17.79,17.0,17.05,8656653.0,157127553.0,42322061.0,0.2045423307716512,17.364,17.256999999999998,17.934,16.69516666666667,44.222539141352996,12628712.5,16.426,18.2735,True,True,20.0,147595933.65,232182201.9375
2023-09-21,17.04,17.35,16.81,16.92,5186644.0,92208137.0,42322061.0,0.1225517821544655,17.252000000000002,17.288,17.787,16.73033333333333,46.6867468895159,11529417.25,16.490666666666666,18.35,True,True,20.0,87758016.48,209587761.6045
2023-09-22,16.71,16.99,16.1,16.94,6488309.0,112724169.0,42322061.0,0.15330796390090737,17.208,17.291999999999998,17.657,16.770666666666667,40.703517492487556,10551469.35,16.558666666666667,18.331,True,True,20.0,109911954.46000001,189635179.4685
2023-09-25,16.96,17.13,16.62,16.65,4579337.0,80623388.0,42322061.0,0.1082021265457748,17.084,17.212,17.5105,16.804666666666666,39.00481532165849,9787643.6,16.606666666666666,18.229499999999998,True,True,20.0,76245961.05,174008598.413
2023-09-26,16.52,16.52,15.91,15.94,7577136.0,128009876.0,42322061.0,0.1790351372538308,16.7,17.11,17.307499999999997,16.828,39.067524027822266,9267793.15,16.667166666666667,18.061,True,True,20.0,120779547.84,162073430.805
2023-09-27,15.69,16.41,15.69,16.0,5451368.0,91952839.0,42322061.0,0.12880677053983736,16.490000000000002,16.927,17.180500000000002,16.846333333333334,44.54382815319972,8598758.25,16.69516666666667,17.934,True,True,18.54,87221888.0,148977200.023
2023-09-28,16.0,16.27,15.91,16.15,3469199.0,58633611.0,42322061.0,0.0819714096626816,16.336000000000002,16.794,17.095000000000002,16.8745,43.11926594428078,8191492.6,16.73033333333333,17.787,True,True,18.05,56027563.849999994,141406818.99949998
2023-10-09,16.25,16.41,16.0,16.2,3584868.0,60884529.0,42322061.0,0.0847044759942102,16.188,16.698,17.037,16.895333333333333,37.373737268033864,7846189.8,16.770666666666667,17.657,True,True,18.05,58074861.599999994,135204440.04749998
2023-10-10,16.03,16.2,15.71,15.82,4417471.0,73387206.0,42322061.0,0.10437750184236065,16.022,16.553,16.9255,16.884833333333333,38.223140385304944,7476312.85,16.804666666666666,17.5105,True,True,18.05,69884391.22,128035613.0835
2023-10-11,15.8,16.07,15.78,16.04,3571642.0,59651546.0,42322061.0,0.08439196758399833,16.041999999999998,16.371000000000002,16.826500000000003,16.884666666666664,28.63961804273157,7138452.85,16.828,17.307499999999997,True,True,18.02,57289137.68,121593783.32549998
2023-10-12,15.9,15.99,15.55,15.69,3706727.0,61011800.0,42322061.0,0.08758380174349259,15.979999999999999,16.235000000000003,16.746000000000002,16.885166666666667,28.639618042731556,6905887.8,16.846333333333334,17.180500000000002,True,True,17.86,58158546.629999995,117272016.43699999
2023-10-13,15.65,15.67,15.35,15.4,3772248.0,61031851.0,42322061.0,0.08913195413616554,15.830000000000002,16.083,16.685499999999998,16.881666666666668,28.846153749075413,6726688.2,16.8745,17.095000000000002,True,True,17.86,58092619.2,114067290.07699999
2023-10-16,15.54,15.56,15.28,15.36,2740060.0,44246371.0,42322061.0,0.06474306626985864,15.662,15.925,16.6085,16.87666666666667,26.65036665694248,6520271.2,16.895333333333333,17.037,True,True,17.86,42087321.6,110367858.15700002
2023-10-17,15.31,15.37,15.1,15.15,2944130.0,46757095.0,42322061.0,0.06956490138795461,15.528,15.775,16.4935,16.8595,13.477088897930088,6188571.35,16.884833333333333,16.9255,True,True,17.86,44603569.5,104241120.8245
2023-10-18,15.22,15.23,14.73,14.77,3631838.0,56604873.0,42322061.0,0.08581429907206078,15.273999999999997,15.657999999999998,16.383999999999997,16.836,15.243902373958903,6022088.25,16.884666666666664,16.826500000000003,True,True,17.86,53642247.26,101019881.1875
2023-10-19,14.75,14.98,14.57,14.71,2717565.0,42124522.0,42322061.0,0.0642115467864384,15.078,15.529,16.228,16.807666666666666,15.576323919604775,5394656.35,16.885166666666667,16.746000000000002,True,True,17.86,39975381.150000006,89408830.2705
2023-10-20,14.7,14.78,14.51,14.54,2178730.0,33296325.0,42322061.0,0.05147977079849679,14.906,15.367999999999999,16.080999999999996,16.797,14.28571422619045,5064274.85,16.881666666666668,16.685499999999998,True,True,17.86,31678734.2,83313488.34050001
2023-10-23,14.56,14.69,13.99,14.1,2844166.0,42219966.0,42322061.0,0.06720291811875607,14.654,15.158000000000001,15.928,16.753666666666668,13.675213620668629,4894245.15,16.87666666666667,16.6085,True,True,17.86,40102740.6,79960621.2905
2023-10-24,14.33,14.61,14.21,14.54,3190139.0,48276753.0,42322061.0,0.07537768541092552,14.532,15.030000000000001,15.791500000000003,16.72383333333333,28.39506160570032,4742798.5,16.8595,16.4935,True,True,17.86,46384621.059999995,76909683.6715
2023-10-25,15.81,15.84,14.92,15.25,9803948.0,156111855.0,42322061.0,0.2316510058430283,14.628,14.950999999999999,15.661000000000001,16.706166666666665,40.35989702698237,4525608.9,16.836,16.383999999999997,True,True,17.86,149510207.0,71751262.2015
2023-10-26,15.04,15.35,14.67,14.93,6235029.0,97690909.0,42322061.0,0.1473233782258383,14.672,14.875,15.555000000000001,16.679666666666666,34.97536933752336,4404527.7,16.807666666666666,16.228,True,True,17.05,93088982.97,69025914.66749999
2023-10-27,14.76,15.04,14.62,14.97,4206572.0,65505020.0,42322061.0,0.09939430879795765,14.758,14.832000000000003,15.4575,16.66,34.81481469446733,4355524.1,16.797,16.080999999999996,True,True,16.94,62972382.84,67786632.9855
2023-10-30,14.97,14.97,14.71,14.86,3014300.0,46727445.0,42322061.0,0.0712229019281457,14.91,14.782,15.3535,16.647499999999997,37.301587163433275,4181823.65,16.753666666666668,15.928,True,True,16.94,44792498.0,64530660.1625
2023-10-31,14.93,14.93,14.56,14.71,2715812.0,41762395.0,42322061.0,0.06417012630835724,14.943999999999999,14.738,15.256499999999999,16.631166666666665,32.07547157707371,4088647.4,16.72383333333333,15.791500000000003,True,True,16.65,39949594.52,62715841.83599999
2023-11-01,14.66,14.78,14.5,14.58,2212900.0,33826685.0,42322061.0,0.05228715113850434,14.809999999999999,14.719,15.1885,16.608,34.09742106665793,3820435.6,16.706166666666665,15.661000000000001,True,True,16.2,32264082.0,58290068.54399999
2023-11-02,14.58,14.63,14.3,14.32,2514691.0,37875245.0,42322061.0,0.05941797116165964,14.687999999999999,14.680000000000001,15.104500000000002,16.59,34.393063444652356,3673601.75,16.679666666666666,15.555000000000001,True,True,16.2,36010375.12,55729492.9
2023-11-03,14.39,14.55,14.31,14.51,2054612.0,31179925.0,42322061.0,0.04854706863165289,14.596,14.677000000000001,15.022499999999999,16.577833333333334,38.22714666615512,3602872.4,16.66,15.4575,True,True,16.2,29812420.12,54418735.7135
2023-11-06,14.56,14.84,14.52,14.83,2950848.0,45444269.0,42322061.0,0.06972363656864443,14.59,14.75,14.953999999999999,16.576,45.69892455919759,3571171.4,16.647499999999997,15.3535,True,True,16.2,43761075.84,53703046.4255
2023-11-07,14.75,14.86,14.58,14.86,2649212.0,40873736.0,42322061.0,0.06259647893801769,14.62,14.782,14.906,16.573333333333334,51.335311359437874,3482758.45,16.631166666666665,15.256499999999999,True,True,16.04,39367290.32,52177191.3805
2023-11-08,14.83,14.83,14.64,14.7,2098836.0,32292289.0,42322061.0,0.049592008290900574,14.644,14.726999999999999,14.838999999999999,16.5675,49.85590757983205,3409118.15,16.608,15.1885,True,True,16.04,30852889.2,50855378.9565
2023-11-09,14.76,15.07,14.55,14.56,4481900.0,69418766.0,42322061.0,0.10589985208896135,14.691999999999998,14.689999999999998,14.782499999999999,16.534166666666668,50.29069746974718,3447876.8,16.59,15.104500000000002,True,True,15.69,65256464.0,51210274.825
2023-11-10,14.45,14.91,14.43,14.91,4571048.0,70756211.0,42322061.0,0.10800627124468253,14.772,14.684000000000001,14.758000000000001,16.501666666666665,62.089551979327254,3487816.8,16.577833333333334,15.022499999999999,True,True,15.4,68154325.68,51713360.149000004
2023-11-13,14.92,15.4,14.83,15.22,4718060.0,74622917.0,42322061.0,0.11147992060216538,14.85,14.720000000000002,14.751,16.479333333333333,60.559005947880124,3586716.8,16.576,14.953999999999999,False,True,15.36,71808873.2,53199437.729
2023-11-14,15.35,15.35,14.94,15.08,3512136.0,55320219.0,42322061.0,0.08298593964977273,14.894,14.757,14.747499999999999,16.456833333333336,46.79245258298327,3615117.1,16.573333333333334,14.906,False,False,15.25,52963010.88,53617409.798
2023-11-15,15.08,15.23,14.95,15.13,2514626.0,39674474.0,42322061.0,0.059416435319631526,14.98,14.812000000000001,14.7655,16.4385,54.20168035343551,3559256.5,16.5675,14.838999999999999,False,False,15.25,38046291.38,52837612.004
2023-11-16,15.11,15.11,14.91,15.04,2063900.0,32403665.0,42322061.0,0.04876652864330024,15.075999999999999,14.884,14.782,16.427833333333332,51.440328921742925,3526573.25,16.534166666666668,14.782499999999999,False,False,15.25,31041056.0,52390895.7465
2023-11-17,14.94,15.14,14.92,15.07,1786713.0,28152559.0,42322061.0,0.0422170602702926,15.108,14.940000000000001,14.8085,16.41316666666667,54.46808478189228,3506972.4,16.501666666666665,14.758000000000001,False,False,15.25,26925764.91,52153247.282
2023-11-20,15.23,15.26,14.93,15.13,2807977.0,44405906.0,42322061.0,0.06634783216252158,15.09,14.969999999999999,14.86,16.373,59.29203503093429,3505162.95,16.479333333333333,14.751,False,False,15.25,42484692.010000005,52272344.8525
2023-11-21,15.16,15.16,14.89,14.93,2320390.0,36478208.0,42322061.0,0.05482696128621902,15.059999999999999,14.977,14.879499999999998,16.300166666666666,57.51072926817586,3461675.5,16.456833333333336,14.747499999999999,False,False,15.25,34643422.7,51685284.9345
2023-11-22,14.9,14.96,14.75,14.78,1838175.0,28597717.0,42322061.0,0.04343302184645497,14.99,14.985,14.856,16.192666666666664,60.3603599797094,3063386.85,16.4385,14.7655,False,False,15.25,27168226.5,45568185.9095
2023-11-23,14.86,15.0,14.71,14.96,1792226.0,27951493.0,42322061.0,0.042347323302615154,14.974,15.025,14.857499999999998,16.1155,60.18099509387605,2841246.7,16.427833333333332,14.782,True,False,15.22,26811700.96,42254321.809
2023-11-24,14.86,14.93,14.59,14.68,1843912.0,28430870.0,42322061.0,0.04356857762668978,14.896,15.001999999999999,14.843,16.029166666666665,46.54377850156088,2723113.7,16.41316666666667,14.8085,False,True,15.22,27068628.16,40459134.075
2023-11-27,14.72,14.77,14.57,14.66,1249600.0,19189579.0,42322061.0,0.02952597228192644,14.802000000000001,14.945999999999998,14.832999999999998,15.947833333333334,45.37037007630319,2634878.7,16.373,14.86,True,False,15.22,18319136.0,39135465.975
2023-11-28,14.66,16.13,14.57,16.13,15709741.0,260023866.0,42322061.0,0.37119508428476583,15.042000000000002,15.050999999999998,14.904000000000002,15.890333333333334,70.60518703502225,3284575.15,16.300166666666666,14.879499999999998,True,True,15.22,253398122.32999998,49807892.365499996
2023-11-29,15.95,16.44,15.81,16.12,14855626.0,251356322.0,42322061.0,0.35101376561032793,15.309999999999999,15.15,14.980999999999998,15.825666666666669,73.35329310570474,3916711.45,16.192666666666664,14.856,False,True,16.13,239472691.12,60168322.8215
2023-11-30,16.07,16.23,15.7,15.85,6814900.0,113534022.0,42322061.0,0.16102476672863356,15.488,15.231,15.0575,15.780833333333334,64.41717763747221,4131721.9,16.1155,14.857499999999998,False,False,16.13,108016165.0,63768612.315500006
2023-12-01,15.76,15.99,15.43,15.76,4735000.0,78170473.0,42322061.0,0.11188018466302953,15.703999999999999,15.3,15.12,15.745833333333334,58.88157867620323,4265741.3,16.029166666666665,14.843,False,False,16.13,74623600.0,66009171.3095
2023-12-04,15.62,15.99,15.59,15.83,3332200.0,55144730.0,42322061.0,0.07873435086254424,15.937999999999999,15.37,15.169999999999998,15.720333333333334,62.626262331054626,4284808.9,15.947833333333334,14.832999999999998,False,False,16.13,52748726.0,66458553.81750001
2023-12-05,15.83,15.92,15.41,15.42,3942146.0,64598118.0,42322061.0,0.09314636165757617,15.796000000000001,15.419,15.197999999999999,15.6765,54.35435412583753,4349455.6,15.890333333333334,14.904000000000002,False,False,16.13,60787891.32,67529583.86749999
2023-12-06,15.37,15.49,14.9,15.22,4912177.0,78087369.0,42322061.0,0.1160665828632495,15.616,15.463,15.224,15.629833333333332,52.616278855631435,4490122.65,15.825666666666669,14.980999999999998,False,False,16.13,74763333.94,69725106.10450001
2023-12-07,15.18,15.18,14.78,14.95,3998700.0,62342614.0,42322061.0,0.09448263873538673,15.436000000000002,15.462,15.243500000000001,15.590666666666667,48.36956503337664,4465962.65,15.780833333333334,15.0575,True,False,16.13,59780565.0,69451311.15450001
2023-12-08,14.98,15.2,14.64,14.83,4812388.0,74804780.0,42322061.0,0.11370873455335741,15.25,15.477,15.239499999999998,15.561000000000002,45.98930464068174,4478029.65,15.745833333333334,15.12,True,True,16.13,71367714.04,69611980.5725
2023-12-11,14.67,15.16,14.28,15.09,4913500.0,76168975.0,42322061.0,0.11609784315560624,15.101999999999999,15.520000000000001,15.233,15.530833333333332,52.105262965927984,4487801.65,15.720333333333334,15.169999999999998,True,True,16.13,74144715.0,69728772.6625
2023-12-12,14.99,15.81,14.85,15.22,6793400.0,108485341.0,42322061.0,0.16051675744241284,15.062000000000001,15.428999999999998,15.24,15.493666666666666,55.8201056133647,4651864.85,15.6765,15.197999999999999,True,True,16.13,103395548.0,72250399.5185
2023-12-13,15.17,15.68,15.12,15.27,6542220.0,105202645.0,42322061.0,0.15458179127902114,15.072,15.344,15.247,15.465499999999999,54.246575134396686,4853244.55,15.629833333333332,15.224,True,True,16.13,99899699.39999999,75343069.9195
2023-12-14,15.25,15.35,14.86,15.18,4639700.0,73327953.0,42322061.0,0.10962840396643254,15.118,15.276999999999997,15.254,15.421333333333335,57.22543329446356,4982034.55,15.590666666666667,15.243500000000001,False,True,16.13,70430646.0,77312549.4195
2023-12-15,15.09,15.23,14.82,14.88,2967500.0,46370835.0,42322061.0,0.0701170956679071,15.128,15.188999999999998,15.244499999999999,15.378000000000002,52.94117627241272,5041073.9,15.561000000000002,15.239499999999998,True,False,16.13,44156400.0,78174081.174
2023-12-18,14.78,14.88,14.49,14.51,2275300.0,34816547.0,42322061.0,0.05376155948548914,15.012,15.057000000000002,15.213500000000002,15.333833333333333,19.318181715736912,5014440.05,15.530833333333332,15.233,True,True,16.13,33014603.0,77700576.72349998
2023-12-19,14.51,14.54,14.08,14.27,2771100.0,41402749.0,42322061.0,0.06547648990912801,14.822,14.941999999999998,15.1805,15.283833333333332,17.770034756522463,5036975.55,15.493666666666666,15.24,True,True,16.13,39543597.0,77945585.4385
2023-12-20,14.27,14.47,14.13,14.13,1960365.0,29395591.0,42322061.0,0.04632016857591127,14.594,14.832999999999998,15.148,15.221666666666666,18.613138591027763,5043085.05,15.465499999999999,15.247,True,True,16.13,27699957.450000003,77972171.986
2023-12-21,13.94,14.05,13.55,13.97,3597095.0,52050017.0,42322061.0,0.08499337969386699,14.352,14.735000000000003,15.098500000000001,15.170333333333334,18.149466101746427,5133328.5,15.421333333333335,15.254,True,True,16.13,50251417.150000006,79144157.79550001
2023-12-22,13.97,14.38,13.76,14.03,4053972.0,59737213.0,42322061.0,0.09578862428273519,14.181999999999999,14.655000000000001,15.065999999999999,15.122166666666667,17.8571427678571,5243831.5,15.378000000000002,15.244499999999999,True,True,16.13,56877227.16,80634587.7455
2023-12-25,13.95,14.12,13.65,13.71,2173600.0,31311707.0,42322061.0,0.05135855741997064,14.022,14.517,15.0185,15.068333333333333,18.450184406530383,5290031.5,15.333833333333333,15.213500000000002,True,True,16.13,29800056.0,81208633.7455
2023-12-26,13.67,15.09,13.56,15.09,7923372.0,121042114.0,42322061.0,0.18721611879912936,14.186000000000002,14.504,14.966500000000002,15.042333333333334,48.32904866925277,4900713.05,15.283833333333332,15.1805,True,True,16.13,119563683.48,74516911.803
2023-12-27,14.99,15.25,14.44,14.61,10912499.0,168604592.0,42322061.0,0.2578442245522967,14.282,14.438000000000002,14.891000000000002,15.020166666666665,45.85365838001189,4703556.7,15.221666666666666,15.148,False,True,16.12,159431610.39,70514857.7665
2023-12-28,14.6,14.66,14.32,14.53,6149028.0,93381923.0,42322061.0,0.1452913174526165,14.394,14.373000000000001,14.825,14.995666666666667,46.305418559537955,4670263.1,15.170333333333334,15.098500000000001,True,False,15.85,89345376.83999999,69581318.35849999
2023-12-29,14.42,14.75,14.4,14.51,5186584.0,79073999.0,42322061.0,0.12255036445413185,14.49,14.336000000000002,14.7625,14.968333333333334,42.408376807927404,4692842.3,15.122166666666667,15.065999999999999,True,True,15.83,75257333.84,69613005.0505
2024-01-02,14.51,15.17,14.51,14.8,7836251.0,121713651.0,42322061.0,0.18515759428634632,14.707999999999998,14.364999999999998,14.711000000000002,14.945,44.72361793313299,4918044.85,15.068333333333333,15.0185,True,True,15.83,115976514.80000001,72774394.4905
2024-01-03,14.66,14.79,14.54,14.75,3787684.0,58174669.0,42322061.0,0.08949668117533312,14.639999999999997,14.413,14.6775,14.927166666666666,43.4673365305169,4910321.75,15.042333333333334,14.966500000000002,False,True,15.42,55868339.0,72528416.8745
2024-01-04,14.72,14.98,14.66,14.66,3553032.0,54934049.0,42322061.0,0.08395224419718122,14.65,14.466000000000003,14.6495,14.904166666666667,43.4673365305169,4842364.5,15.020166666666665,14.891000000000002,False,False,15.27,52087449.12,71394622.6335
2024-01-05,14.47,14.65,14.14,14.21,3637596.0,54673799.0,42322061.0,0.08595035104741236,14.586000000000002,14.489999999999998,14.6125,14.8795,41.888619712726225,4824309.3,14.995666666666667,14.825,False,False,15.27,51690239.160000004,70990106.3415
2024-01-08,14.21,14.53,14.16,14.19,3063765.0,46002678.0,42322061.0,0.07239167771153678,14.522,14.506,14.5805,14.859333333333332,45.76719559768763,4736878.15,14.968333333333334,14.7625,True,False,15.27,43474825.35,69595461.90699999
2024-01-09,14.24,14.41,13.98,14.06,2530900.0,37633904.0,42322061.0,0.05980096290679227,14.374,14.541,14.529,14.837666666666667,47.138964397835025,4617748.15,14.945,14.711000000000002,True,True,15.27,35584454.0,67667448.857
2024-01-10,14.04,14.09,13.79,13.85,2145612.0,31212811.0,42322061.0,0.05069724747100572,14.193999999999999,14.417000000000002,14.460500000000001,14.816,46.25668431882523,4385358.75,14.927166666666666,14.6775,True,True,15.27,29716726.2,63983507.767
2024-01-11,13.86,14.81,13.81,14.54,9140760.0,138365529.0,42322061.0,0.2159809750286027,14.170000000000002,14.41,14.424000000000001,14.812166666666666,56.67447288209773,4515285.75,14.904166666666667,14.6495,True,True,15.27,132906650.39999999,65633855.31700001
2024-01-12,14.49,15.05,14.4,14.4,7586900.0,117497352.0,42322061.0,0.1792658443547917,14.207999999999998,14.397,14.385000000000002,14.806999999999999,54.25287338861146,4662645.75,14.8795,14.6125,False,True,15.18,109251360.0,67574891.017
2024-01-15,14.32,14.59,14.06,14.08,4113400.0,61300264.0,42322061.0,0.09719280920652706,14.185999999999998,14.354,14.345000000000002,14.799333333333333,54.25287338861144,4719940.75,14.859333333333332,14.5805,False,False,15.09,57916672.0,68262904.61700001
2024-01-16,14.08,14.2,13.67,13.82,2857000.0,41322619.0,42322061.0,0.06750616422012151,14.138,14.256,14.3105,14.794666666666666,30.340557144034747,4749025.75,14.837666666666667,14.529,True,False,15.09,39483740.0,68586361.46700001
2024-01-17,13.75,13.9,13.38,13.39,2726773.0,38881011.0,42322061.0,0.06442911653097423,14.046000000000001,14.12,14.266499999999999,14.775500000000001,30.817609927218086,4746809.4,14.816,14.460500000000001,True,True,15.09,36511490.47,68434756.14050001
2024-01-18,13.29,13.29,12.82,13.17,3201124.0,43756893.0,42322061.0,0.07563724271367597,13.772,13.971,14.2185,14.740833333333335,29.51807216468285,4808847.35,14.812166666666666,14.424000000000001,True,True,15.09,42158803.08,69157698.422
2024-01-19,13.11,13.42,13.0,13.02,2436200.0,33543040.0,42322061.0,0.05756335921353169,13.495999999999999,13.851999999999999,14.170999999999998,14.709,28.405796986179382,4750802.6,14.806999999999999,14.385000000000002,True,True,15.09,31719324.0,68231093.76449999
2024-01-22,12.88,13.02,12.15,12.34,2577036.0,34087495.0,42322061.0,0.06089107995000527,13.148,13.666999999999998,14.086500000000001,14.665166666666666,17.968749934488926,4676955.8,14.799333333333333,14.345000000000002,True,True,15.09,31800624.24,66977263.618499994
2024-01-23,12.28,12.54,12.07,12.5,2006521.0,25997186.0,42322061.0,0.047410758185902145,12.884,13.511,14.026000000000002,14.625833333333334,21.518987265502318,4668601.85,14.794666666666666,14.3105,True,True,15.09,25081512.5,66741336.4435
2024-01-24,12.45,12.66,12.13,12.55,2068300.0,26960164.0,42322061.0,0.04887049333443379,12.716,13.381,13.899000000000001,14.589833333333333,23.0179027308822,4375848.25,14.775500000000001,14.266499999999999,True,True,15.09,25957165.0,62061010.519499995
2024-01-25,12.51,12.86,12.51,12.86,2686336.0,35773717.0,42322061.0,0.06347365739111807,12.654,13.213,13.811499999999999,14.561166666666667,32.09549059699286,3964540.1,14.740833333333335,14.2185,True,True,14.8,34546280.96,55816744.048
2024-01-26,12.78,13.12,12.73,12.76,2155136.0,29146111.0,42322061.0,0.05092228377063206,12.602,13.049000000000001,13.722999999999999,14.535166666666667,31.428571314285705,3764845.5,14.709,14.170999999999998,True,True,14.8,27499535.36,52724451.974
2024-01-29,12.8,12.85,12.53,12.63,1499272.0,19860930.0,42322061.0,0.03542530691026602,12.66,12.904000000000002,13.629000000000001,14.503833333333334,31.428571314285705,3580479.9,14.665166666666666,14.086500000000001,True,True,14.8,18935805.36,49908375.55
2024-01-30,12.52,12.7,12.32,12.32,1500108.0,19618891.0,42322061.0,0.03544506020158139,12.623999999999999,12.754,13.505,14.462,30.632911283832712,3263672.75,14.625833333333334,14.026000000000002,True,True,14.8,18481330.56,45033616.338
2024-01-31,12.43,12.43,11.76,11.8,1973600.0,24975872.0,42322061.0,0.046632889641173195,12.474,12.595,13.357499999999998,14.411,13.756613705663327,3172968.55,14.589833333333333,13.899000000000001,True,True,14.75,23288480.0,43404623.388
2024-02-01,11.8,11.97,11.49,11.72,1556548.0,19127910.0,42322061.0,0.03677864364875803,12.246,12.45,13.2105,14.361333333333334,13.978494571048671,3073144.35,14.561166666666667,13.811499999999999,True,True,14.66,18242742.560000002,41712388.059999995
2024-02-02,11.7,11.85,10.56,11.01,2816023.0,32913235.0,42322061.0,0.0665379457772626,11.896,12.249,13.0505,14.302166666666666,12.6520680834236,3032065.7,14.535166666666667,13.722999999999999,True,True,14.54,31004413.23,40678096.7635
2024-02-05,10.79,10.85,9.91,9.93,3056900.0,32364106.0,42322061.0,0.07222946916502956,11.356,12.008,12.8375,14.219166666666668,10.547667312846357,3031722.45,14.503833333333334,13.629000000000001,True,True,14.54,30355017.0,40022106.346
2024-02-06,9.84,10.65,9.37,10.32,2890200.0,30345036.0,42322061.0,0.06829062507140189,10.956,11.790000000000001,12.6505,14.1375,18.60940689968676,3049687.45,14.462,13.505,True,True,14.54,29826864.0,39734226.846
2024-02-07,10.32,10.43,9.54,9.56,3810100.0,39817742.0,42322061.0,0.09002633401998074,10.508000000000001,11.491,12.436,14.0455,16.75874765476567,3132911.85,14.411,13.357499999999998,True,True,14.54,36424556.0,40069618.335999995
2024-02-08,9.62,10.19,8.62,10.1,4975226.0,49357312.0,42322061.0,0.1175563260021765,10.184000000000001,11.215,12.214,13.961666666666666,24.91408928714823,2924635.15,14.361333333333334,13.2105,True,True,14.54,50249782.6,35936774.945999995
2024-02-19,10.28,10.72,10.28,10.66,4355185.0,47973325.0,42322061.0,0.10290578712600977,10.114,11.004999999999999,12.027000000000001,13.888666666666667,35.26315780812557,2763049.4,14.302166666666666,13.0505,True,True,14.4,46426272.1,32795520.551
2024-02-20,10.65,10.89,10.32,10.85,2930305.0,32832303.0,42322061.0,0.06923823960274525,10.298,10.827,11.8655,13.818333333333332,35.60209415385178,2703894.65,14.219166666666668,12.8375,True,True,14.08,31793809.25,31489377.4135
2024-02-21,10.85,11.36,10.61,11.08,3131536.0,36410337.0,42322061.0,0.07399299386672119,10.45,10.703,11.7285,13.750833333333333,37.56345168766695,2717621.45,14.1375,12.6505,True,True,13.82,34697418.88,31250061.357499998
2024-02-22,10.99,11.3,10.99,11.26,2211449.0,25892586.0,42322061.0,0.05225286641876916,10.79,10.649,11.622000000000002,13.689666666666666,36.15916946259025,2691855.25,14.0455,12.436,True,True,13.39,24900915.74,30669532.621000003
2024-02-23,11.41,11.51,11.18,11.46,2255300.0,26780281.0,42322061.0,0.053288992707609395,11.062,10.623000000000001,11.5365,13.634333333333334,38.94557813856497,2644564.05,13.961666666666666,12.214,True,True,13.17,25845738.000000004,29853879.367000002
2024-02-26,11.66,11.82,11.46,11.57,3352200.0,40797445.0,42322061.0,0.07920691764042398,11.244,10.678999999999998,11.464,13.577833333333333,40.955631301471186,2690364.05,13.888666666666667,12.027000000000001,True,True,13.02,38784954.0,30207160.867000002
2024-02-27,11.56,11.85,11.44,11.84,2562012.0,31507459.0,42322061.0,0.06053608778646201,11.442,10.870000000000001,11.439,13.5305,45.87628854943848,2689612.85,13.818333333333332,11.8655,False,True,12.86,30334222.08,30133840.758999996
2024-02-28,11.82,12.14,10.87,10.91,4443812.0,53696873.0,42322061.0,0.10499989591716717,11.408,10.928999999999998,11.3595,13.467999999999998,42.85714276083466,2811477.4,13.750833333333333,11.7285,False,False,12.86,48481988.92,31303864.580000002
2024-02-29,10.89,11.32,10.79,11.27,2810812.0,32769842.0,42322061.0,0.06641481850328602,11.41,11.1,11.2955,13.387,46.54377870174917,2848603.0,13.689666666666666,11.622000000000002,True,False,12.86,31677851.24,31589898.892
2024-03-01,11.24,11.46,11.19,11.37,2142600.0,25393841.0,42322061.0,0.050626078914257036,11.392,11.227,11.221,13.307833333333333,53.05084733174375,2821416.2,13.634333333333334,11.5365,True,True,12.86,24361362.0,31080652.944
2024-03-04,11.37,11.53,10.93,11.27,2436044.0,28532192.0,42322061.0,0.057559673192664224,11.331999999999999,11.288,11.1465,13.2315,63.61788599783529,2835461.6,13.577833333333333,11.464,False,True,12.76,27454215.88,31078386.97
2024-03-05,11.25,11.26,10.94,10.98,2107100.0,24363713.0,42322061.0,0.049787272883520486,11.16,11.301,11.064,13.151833333333332,56.84647286393142,2865853.0,13.5305,11.439,False,False,12.63,23135958.0,31288394.602000006
2024-03-06,10.93,11.34,10.93,11.11,2209100.0,25771508.0,42322061.0,0.052197363450707183,11.2,11.304,11.003499999999999,13.073166666666667,68.49641981886639,2901302.6,13.467999999999998,11.3595,True,False,12.32,24543101.0,31591483.124
2024-03-07,11.12,11.75,11.03,11.29,5969200.0,71060597.0,42322061.0,0.14104228052598855,11.203999999999999,11.306999999999999,10.978,13.004333333333333,65.53524780222104,3101082.6,13.387,11.2955,False,True,11.84,67392268.0,33796672.524000004
2024-03-08,11.08,11.35,10.89,11.09,3898840.0,45157887.0,42322061.0,0.09212311281343316,11.148,11.27,10.9465,12.9355,56.195965191140196,3218197.2,13.307833333333333,11.221,False,False,11.84,43238135.6,35046442.17600001
2024-03-11,11.02,11.97,10.94,11.6,6481136.0,78121434.0,42322061.0,0.1531384778260208,11.214,11.273,10.976,12.879666666666667,59.89445888165636,3401452.85,13.2315,11.1465,False,False,11.84,75181177.6,37255280.3945
2024-03-12,11.56,11.61,11.42,11.49,4387936.0,52835482.0,42322061.0,0.10367963885312674,11.315999999999999,11.238,11.053999999999998,12.824,55.585830850626266,3468004.65,13.151833333333332,11.064,False,False,11.84,50417384.64,38258398.7765
2024-03-13,11.51,11.54,11.32,11.38,2760700.0,32992822.0,42322061.0,0.06523075518463053,11.370000000000001,11.285,11.107000000000001,12.762166666666667,51.66666646574076,3461529.65,13.073166666666667,11.003499999999999,False,False,11.84,31416766.000000004,38337893.876499996
2024-03-14,11.38,11.64,11.28,11.51,3578900.0,43037463.0,42322061.0,0.08456346206769089,11.414,11.309000000000001,11.2045,12.700333333333333,50.70821509634134,3449969.65,13.004333333333333,10.978,False,False,11.84,41193139.0,38576323.0265
2024-03-15,11.67,12.59,11.58,11.9,8411500.0,105686870.0,42322061.0,0.19874977260677357,11.576,11.362,11.294500000000001,12.644166666666667,54.330708461776936,3621783.35,12.9355,10.9465,False,False,11.84,100096850.0,41068676.3965
2024-03-18,11.9,12.18,11.76,11.95,5759072.0,71850756.0,42322061.0,0.1360773049308728,11.646,11.43,11.359,12.590333333333332,51.532033225223266,3691977.7,12.879666666666667,10.976,False,False,11.9,68820910.39999999,42188408.3115
2024-03-19,11.88,11.96,11.72,11.76,3858736.0,47738000.0,42322061.0,0.0911755219104287,11.7,11.508,11.404499999999999,12.538333333333332,64.91228038288708,3738399.25,12.824,11.053999999999998,False,False,11.95,45378735.36,42867654.617
2024-03-20,11.76,11.84,11.71,11.82,2726836.0,33671309.0,42322061.0,0.06443060511632456,11.788,11.578999999999999,11.441500000000001,12.493500000000001,60.78431339177244,3718164.25,12.762166666666667,11.107000000000001,False,False,11.95,32231201.52,42744343.749
2024-03-21,11.83,12.18,11.63,11.93,5774040.0,71756342.0,42322061.0,0.13643097390743802,11.872,11.643,11.475,12.4545,60.93749966674809,3896293.8,12.700333333333333,11.2045,False,False,11.95,68884297.2,44943512.822
2024-03-22,11.79,11.84,11.51,11.52,3802860.0,46299323.0,42322061.0,0.08985526484638827,11.796000000000001,11.686,11.478,12.411,54.35540043171583,3973671.8,12.644166666666667,11.294500000000001,False,False,11.95,43808947.199999996,45841673.282
2024-03-25,11.46,11.51,11.11,11.14,3068100.0,36400644.0,42322061.0,0.07249410656064222,11.634,11.639999999999999,11.4565,12.363833333333332,52.70270245343317,3959466.8,12.590333333333332,11.359,False,False,11.95,34178634.0,45611357.282
2024-03-26,11.15,11.28,10.92,11.19,2708000.0,31393257.0,42322061.0,0.06398554172491741,11.52,11.61,11.424000000000001,12.3165,51.38888863908179,3966766.2,12.538333333333332,11.404499999999999,True,False,11.95,30302520.0,45609772.178
2024-03-27,11.17,11.6,10.98,11.02,3572448.0,42420265.0,129943077.0,0.02749240731001006,11.36,11.574000000000002,11.429499999999999,12.271666666666667,45.29616702642984,3923198.0,12.493500000000001,11.441500000000001,True,True,11.95,39368376.96,45154091.58
2024-03-28,10.69,11.08,10.59,11.0,2860719.0,32714561.0,129943077.0,0.02201517053501819,11.174,11.523,11.416,12.2035,48.3271372949517,3925693.35,12.4545,11.475,True,True,11.95,31467909.0,45143594.467999995
2024-03-29,10.72,11.33,10.72,11.19,2452936.0,28681964.0,129943077.0,0.018877004120812068,11.107999999999999,11.452,11.407,12.146500000000001,41.35021072620126,3941210.15,12.411,11.478,True,True,11.95,27448353.84,45297944.059999995
2024-04-01,11.18,12.11,11.14,11.97,8046872.0,99257255.0,129943077.0,0.06192613093193106,11.274,11.454,11.441999999999998,12.103833333333332,57.89473657548478,4221751.55,12.363833333333332,11.4565,True,True,11.95,96321057.84,48741286.158
2024-04-02,11.94,12.51,11.89,12.31,7451500.0,95669105.0,129943077.0,0.057344340091315525,11.498,11.509,11.5085,12.067166666666667,64.22018321128975,4488971.55,12.3165,11.424000000000001,False,True,11.97,91727965.0,52170886.508
2024-04-03,12.31,12.44,12.01,12.39,5315760.0,68236583.0,129943077.0,0.04090837405674178,11.772,11.566,11.572500000000002,12.027,63.66459599648936,4644304.55,12.271666666666667,11.429499999999999,False,False,12.31,65862266.400000006,54236844.778
2024-04-08,12.39,12.66,12.25,12.44,4694217.0,61323927.0,129943077.0,0.036125179643083254,12.06,11.617,11.629999999999999,11.988499999999998,59.37499971137153,4580555.4,12.2035,11.416,False,False,12.39,58396059.48,53787034.352
2024-04-09,12.65,12.77,12.34,12.51,3547700.0,46446908.0,129943077.0,0.02730195468589681,12.324,11.716,11.700999999999999,11.952666666666667,59.655172125802636,4562998.4,12.146500000000001,11.407,False,False,12.44,44381727.0,53844213.92199999
2024-04-10,12.54,12.88,12.51,12.81,6842400.0,91533557.0,129943077.0,0.05265690299145371,12.492,11.883,11.7615,11.929333333333334,67.44186015143323,4581061.6,12.103833333333332,11.441999999999998,False,False,12.51,87651144.0,54467712.242000006
2024-04-11,12.6,13.23,12.59,12.93,6110136.0,82921131.0,129943077.0,0.04702163548120382,12.616000000000001,12.057,11.8335,11.908333333333333,68.07817558531126,4667171.6,12.067166666666667,11.5085,False,False,12.81,79004058.48,55897045.934
2024-04-12,12.87,13.08,12.7,13.0,3618836.0,48928884.0,129943077.0,0.02784939439290021,12.738,12.254999999999999,11.9145,11.890666666666666,67.65676536396217,4710078.4,12.027,11.572500000000002,False,False,12.93,47044868.0,56678451.034
2024-04-15,13.02,13.17,12.17,12.88,4549765.0,60895628.0,129943077.0,0.03501352365236049,12.825999999999999,12.443,11.983,11.874500000000001,74.81751786589595,4758621.65,11.988499999999998,11.629999999999999,False,False,13.0,58600973.2,57548842.744
2024-04-16,12.46,12.88,12.27,12.56,3297260.0,43290436.0,129943077.0,0.02537464923968208,12.836000000000002,12.58,12.016,11.8415,76.49253691384497,4502909.65,11.952666666666667,11.700999999999999,False,False,13.0,41413585.6,54614679.524000004
2024-04-17,12.56,13.41,12.56,13.28,4214975.0,58017270.0,129943077.0,0.03243708781807591,12.930000000000001,12.711,12.0825,11.822833333333334,81.19402951142796,4425704.8,11.929333333333334,11.7615,False,False,13.0,55974868.0,53972377.404
2024-04-18,13.18,13.43,12.92,12.93,3652200.0,50309249.0,129943077.0,0.02810615297342851,12.930000000000001,12.773,12.141,11.803666666666667,77.05382405701036,4415378.0,11.908333333333333,11.8335,False,False,13.28,47222946.0,54064587.936000004
2024-04-19,12.93,13.26,12.75,12.96,2356632.0,32069198.0,129943077.0,0.01813587960519051,12.922,12.830000000000002,12.197999999999999,11.789333333333333,77.68361551198572,4396867.8,11.890666666666666,11.9145,False,False,13.28,30541950.720000003,53980125.396000005
2024-04-22,12.98,13.51,12.98,13.21,4636908.0,64462650.0,129943077.0,0.035684148067388,12.988,12.907,12.261999999999999,11.786333333333333,78.0555552520062,4340011.2,11.874500000000001,11.983,False,False,13.28,61253554.68000001,53598588.27
2024-04-23,13.11,13.45,13.11,13.34,3888500.0,54268893.0,129943077.0,0.0299246415413112,13.144,12.99,12.353,11.789166666666667,73.2203386355645,4344293.2,11.8415,12.016,False,False,13.28,51872590.0,54001770.410000004
2024-04-24,13.33,13.85,13.19,13.85,4646096.0,66152555.0,129943077.0,0.03575485595127165,13.258000000000001,13.094,12.488499999999998,11.803,74.67948684438693,4423193.0,11.822833333333334,12.0825,False,False,13.34,64348429.6,55510260.19
2024-04-25,13.85,14.94,13.66,14.57,9266380.0,140186560.0,129943077.0,0.07131107107768427,13.586000000000002,13.258000000000001,12.6575,11.840166666666667,78.98936140801834,4751112.0,11.803666666666667,12.141,False,False,13.85,135011156.6,60745692.02
2024-04-26,14.31,14.31,13.45,13.63,8837831.0,127599459.0,129943077.0,0.06801309622674243,13.719999999999999,13.321000000000002,12.788,11.859,62.795698735668886,5014381.15,11.789333333333333,12.197999999999999,False,False,14.57,120459636.53,64800254.998500004
2024-04-29,13.66,13.83,13.45,13.57,4108673.0,58561118.0,129943077.0,0.03161902191988266,13.792000000000002,13.39,12.916500000000003,11.876000000000001,61.42241360777721,5076778.85,11.786333333333333,12.261999999999999,False,False,14.57,55754692.61,66014594.179
2024-04-30,13.69,13.94,13.54,13.76,4962464.0,71505575.0,129943077.0,0.03818952201662887,13.876,13.51,13.045000000000002,11.891,60.48565102719666,5202255.25,11.789166666666667,12.353,False,False,14.57,68283504.64,68056351.71900001
2024-05-06,13.92,14.71,13.74,14.4,7300408.0,109192886.0,129943077.0,0.056181584802705575,13.986,13.622,13.166500000000003,11.918333333333333,64.55445526658171,5164932.05,11.803,12.488499999999998,False,False,14.57,105125875.2,68496592.58700001
2024-05-07,13.6,13.76,13.08,13.43,7220028.0,101681745.0,129943077.0,0.055563006253884537,13.758000000000001,13.672,13.2225,11.931666666666667,53.61344525200198,5153358.45,11.840166666666667,12.6575,False,False,14.57,96964976.03999999,68758443.13900001
2024-05-08,13.43,13.53,13.25,13.45,3402048.0,47764047.0,129943077.0,0.026181063882302864,13.722,13.721,13.2755,11.9505,54.871794740477746,5057672.85,11.859,12.788,False,False,14.57,45757545.599999994,67753207.099
2024-05-09,13.4,14.18,13.36,13.83,6613700.0,95804365.0,129943077.0,0.050896901571755145,13.774000000000001,13.782999999999998,13.344999999999999,11.984333333333334,60.74450070212808,5153647.0,11.876000000000001,12.916500000000003,False,False,14.57,91467471.0,69406777.675
2024-05-10,13.66,13.9,13.43,13.7,4107736.0,58625718.0,129943077.0,0.031611811070165745,13.762,13.818999999999999,13.404500000000002,12.017333333333333,53.94736827908587,5181648.8,11.891,13.045000000000002,False,False,14.57,56275983.199999996,70001490.485
2024-05-13,15.08,15.08,14.03,14.03,13797436.0,210862425.0,129943077.0,0.10618061630170571,13.687999999999999,13.837,13.4655,12.067666666666668,60.37735833107867,5529400.6,11.918333333333333,13.166500000000003,False,False,14.57,193578027.07999998,75297834.639
2024-05-14,13.23,13.87,13.23,13.57,8043112.0,113629043.0,129943077.0,0.06189719518493471,13.716,13.737,13.497499999999999,12.128333333333334,55.32286199397555,5626049.4,11.931666666666667,13.2225,False,False,14.57,109145029.84,76804883.20699999
2024-05-15,13.47,13.75,13.35,13.53,4628579.0,65687515.0,129943077.0,0.03562005077038464,13.732,13.727,13.524000000000001,12.181833333333334,52.89855059047468,5676536.55,11.9505,13.2755,False,False,14.57,62624673.87,77583873.5005
2024-05-16,13.53,13.66,13.42,13.48,2571536.0,36348858.0,129943077.0,0.019789711459580105,13.662,13.718,13.553999999999998,12.247166666666665,51.28676457389436,5577625.1,11.984333333333334,13.344999999999999,False,False,14.57,34664305.28,76387040.1045
2024-05-17,13.43,13.84,13.38,13.75,3479000.0,49773409.0,129943077.0,0.026773261649021902,13.672,13.716999999999999,13.613499999999998,12.308,49.03846140643491,5586712.1,12.017333333333333,13.404500000000002,True,False,14.57,47836250.0,76708173.3245
2024-05-20,13.87,14.2,13.57,14.09,4403172.0,64600791.0,129943077.0,0.03388539121634006,13.684000000000001,13.686000000000002,13.654000000000002,12.365166666666665,45.020746757201145,5596121.95,12.067666666666668,13.4655,False,True,14.57,62040693.48,77011464.5985
2024-05-21,13.99,14.35,13.86,13.98,2045036.0,29967826.0,129943077.0,0.015737937312351007,13.766,13.741,13.7065,12.417333333333335,54.385964721452744,5515763.75,12.128333333333334,13.497499999999999,False,False,14.57,28589603.28,76079797.4625
2024-05-22,14.11,15.22,14.05,14.94,10256472.0,157823305.0,129943077.0,0.07893049969872577,14.048000000000002,13.89,13.8055,12.481666666666666,64.00817977584569,5910755.75,12.181833333333334,13.524000000000001,False,False,14.57,153231691.68,82214284.5105
2024-05-23,14.94,15.27,14.49,14.61,7416236.0,115531207.0,129943077.0,0.05707295972374119,14.274000000000001,13.968,13.875499999999999,12.5375,58.449304012268335,6049722.15,12.247166666666665,13.553999999999998,False,False,14.94,108351207.96,84569167.1745
2024-05-24,14.44,14.61,13.24,13.33,8190400.0,117931840.0,129943077.0,0.06303067611674303,14.190000000000001,13.931000000000001,13.875,12.568666666666667,40.56437379754827,6264817.15,12.308,13.613499999999998,False,False,14.94,109178032.0,87434439.2745
2024-05-27,13.31,13.47,13.04,13.12,3906200.0,53904812.0,129943077.0,0.030060855031161068,13.996,13.84,13.8385,12.594500000000002,46.843177055844286,6227822.35,12.365166666666665,13.654000000000002,True,False,14.94,51249344.0,86779484.99450001
2024-05-28,13.09,13.45,12.89,13.33,3101472.0,43026770.0,129943077.0,0.02386792795433034,13.866,13.815999999999999,13.776500000000002,12.619333333333334,48.82352927773934,5919576.95,12.417333333333335,13.7065,True,True,14.94,41342621.76,82096058.2525
2024-05-29,13.18,13.45,13.09,13.35,1718900.0,23929551.0,129943077.0,0.013228099870222405,13.547999999999998,13.797999999999998,13.7625,12.66,44.936708728035036,5563630.4,12.481666666666666,13.8055,True,True,14.94,22947315.0,77220442.176
2024-05-30,13.31,13.58,13.17,13.24,2549600.0,35598736.0,129943077.0,0.019620899080294983,13.274000000000001,13.774000000000001,13.745999999999999,12.692833333333333,45.127118510216185,5485676.75,12.5375,13.875499999999999,True,True,14.94,33756704.0,76120542.7455
2024-05-31,13.09,13.3,13.02,13.27,1881600.0,25943171.0,129943077.0,0.014480186582006211,13.262,13.725999999999999,13.721499999999997,12.7245,41.40271480098687,5331633.55,12.568666666666667,13.875,True,True,14.94,24968832.0,73954809.1135
2024-06-03,13.18,13.45,13.08,13.21,2324928.0,32303494.0,129943077.0,0.017891895849134,13.279999999999998,13.638,13.662,12.756833333333333,45.522387901165814,5082859.55,12.594500000000002,13.8385,True,True,14.94,30712298.880000003,70234130.29749998
2024-06-04,13.08,13.26,12.95,13.07,1701472.0,23281401.0,129943077.0,0.013093979604623338,13.228,13.547,13.644,12.791666666666666,44.41747557722217,4806931.75,12.619333333333334,13.776500000000002,True,True,14.94,22238239.04,66497793.44749999
2024-06-05,13.07,13.33,12.79,12.8,2117100.0,28900908.0,129943077.0,0.016292518607974784,13.118,13.333000000000002,13.611500000000001,12.819833333333333,42.16589848149249,4742684.35,12.66,13.7625,True,True,14.94,27098880.0,65564860.1675
2024-06-06,12.64,13.03,12.18,12.46,2354700.0,30697811.0,129943077.0,0.018121011556467913,12.962,13.118,13.543000000000001,12.839333333333334,35.374149547565054,4529734.35,12.692833333333333,13.745999999999999,True,True,14.94,29339562.000000004,62458464.717499994
2024-06-07,12.46,12.75,12.41,12.68,1516412.0,20029873.0,129943077.0,0.011669817546339925,12.844,13.053,13.491999999999999,12.865833333333335,33.56643345689274,4400168.15,12.7245,13.721499999999997,True,True,14.94,19228104.16,60606070.765499994
2024-06-11,12.87,12.87,12.43,12.77,1272612.0,16776063.0,129943077.0,0.009793611398012377,12.756,13.018,13.428999999999998,12.885333333333334,35.83138161554112,3773926.95,12.756833333333333,13.662,True,True,14.94,16251255.24,51739732.1735
2024-06-12,12.76,13.2,12.6,13.08,1945800.0,26475930.0,129943077.0,0.014974249070614204,12.758,12.993,13.404500000000002,12.911833333333334,24.30939217117914,3469061.35,12.791666666666666,13.644,True,True,14.94,25451064.0,47555033.8815
2024-06-13,13.13,13.49,12.97,13.23,2430736.0,33580070.0,129943077.0,0.018706160082695288,12.844,12.981,13.389500000000002,12.942666666666668,29.941860343259876,3359169.2,12.819833333333333,13.611500000000001,True,True,14.94,32158637.28,46031732.052
2024-06-14,13.12,13.35,12.84,13.25,2028700.0,27685255.0,129943077.0,0.015612220726464713,13.002,12.982,13.378,12.971666666666668,48.165137305361505,3332027.4,12.839333333333334,13.543000000000001,True,True,14.94,26880275.0,45642530.538
2024-06-17,13.03,13.25,12.55,12.71,2702700.0,35987282.0,129943077.0,0.02079910728910937,13.008000000000001,12.925999999999998,13.325999999999999,12.985166666666666,41.83266908937955,3293212.4,12.865833333333335,13.491999999999999,True,True,14.94,34351317.0,44968283.888
2024-06-18,12.71,12.74,12.4,12.45,2286036.0,29558899.0,129943077.0,0.01759259556397914,12.943999999999999,12.85,13.244,12.993500000000001,32.81249982055661,3187355.6,12.885333333333334,13.428999999999998,True,True,14.94,28461148.2,43289306.624
2024-06-19,12.37,12.59,12.36,12.45,2136400.0,27593570.0,129943077.0,0.016441045181652885,12.818000000000001,12.788,13.1675,13.005,32.28346438898876,3191923.8,12.911833333333334,13.404500000000002,True,True,14.94,26598180.0,43189735.46
2024-06-20,12.45,12.46,12.02,12.02,2017100.0,25399292.0,129943077.0,0.015522950868709997,12.575999999999999,12.709999999999999,13.0215,13.008333333333333,28.67132853097948,2779955.2,12.942666666666668,13.389500000000002,True,True,14.94,24245542.0,36740427.975999996
2024-06-21,12.02,12.3,11.9,12.23,1470500.0,18564687.0,129943077.0,0.011316493605888676,12.372,12.687,12.9025,13.013333333333334,32.894736690616355,2482668.4,12.971666666666668,13.378,True,True,14.61,17984215.0,32222078.328
2024-06-24,12.23,12.23,11.56,11.67,1680600.0,20484047.0,129943077.0,0.012933355426083992,12.164,12.586,12.8195,13.015833333333335,28.248587458903884,2157178.4,12.985166666666666,13.325999999999999,True,True,13.35,19612602.0,27743806.827999998
2024-06-25,11.58,11.9,11.57,11.69,1163600.0,14146647.0,129943077.0,0.00895469021408505,12.012,12.478,12.748000000000001,13.025,29.824561281419918,2020048.4,12.993500000000001,13.244,True,True,13.35,13602484.0,25861463.828
2024-06-26,11.69,12.03,11.58,12.03,1095200.0,13420093.0,129943077.0,0.008428305880427936,11.927999999999999,12.373,12.683000000000002,13.039,38.96848121903759,1919734.8,13.005,13.1675,True,True,13.35,13175256.0,24453095.54
2024-06-27,11.92,12.04,11.85,11.9,1779336.0,21989344.0,129943077.0,0.01369319582912447,11.904,12.24,12.610499999999998,13.053666666666667,41.463414457168334,1922756.6,13.008333333333333,13.0215,True,True,13.35,21174098.400000002,24364434.71
2024-06-28,11.8,11.97,11.77,11.84,1456336.0,17898834.0,129943077.0,0.011207492031299213,11.825999999999999,12.099,12.5405,13.067666666666668,36.53846137450691,1868093.4,13.013333333333334,12.9025,True,True,13.27,17243018.24,23538750.422
2024-07-01,11.85,12.11,11.78,12.08,1526284.0,18961955.0,129943077.0,0.011745789273560145,11.908,12.036,12.481,13.0825,39.44954111550656,1850327.6,13.015833333333335,12.8195,True,True,13.27,18437510.72,23212184.358000003
2024-07-02,12.08,12.12,11.99,12.09,994800.0,12429748.0,129943077.0,0.00765565987020609,11.988,11.999999999999998,12.425,13.0845,33.33333317620651,1783821.2,13.025,12.748000000000001,True,True,13.25,12027132.0,22277926.014000002
2024-07-03,12.08,12.14,11.86,11.88,673800.0,8338095.0,129943077.0,0.005185347427166128,11.958000000000002,11.943000000000001,12.3655,13.077333333333334,27.722772149135707,1732437.6,13.039,12.683000000000002,True,True,13.25,8004744.000000001,21566251.262000002
2024-07-04,11.88,11.97,11.5,11.55,1028500.0,12408888.0,129943077.0,0.007915004198338323,11.888,11.895999999999999,12.303,13.063333333333333,24.55089810068486,1678007.6,13.053666666666667,12.610499999999998,True,True,13.25,11879175.0,20805266.012000002
2024-07-05,11.55,11.72,11.32,11.69,743300.0,8921689.0,129943077.0,0.005720197005955154,11.858,11.842,12.264500000000002,13.050833333333335,32.65306106899901,1597437.6,13.067666666666668,12.5405,True,True,13.25,8689177.0,19772746.762000002
2024-07-08,11.59,11.7,11.36,11.37,779400.0,9246445.0,129943077.0,0.0059980109598297415,11.716,11.812000000000001,12.199,13.031833333333333,31.999999850666654,1560587.0,13.0825,12.481,True,True,13.25,8861778.0,19254430.454000004
2024-07-09,11.29,11.58,11.1,11.57,953300.0,11223810.0,129943077.0,0.007336289258411204,11.612,11.8,12.139,13.011166666666666,36.249999841406265,1544621.4,13.0845,12.425,True,True,13.25,11029681.0,18993351.742000002
2024-07-10,11.56,11.82,11.43,11.64,881700.0,10641897.0,129943077.0,0.006785278757097618,11.564000000000002,11.761,12.067,12.989666666666668,43.309858941430285,1491416.4,13.077333333333334,12.3655,True,True,13.25,10262988.0,18233947.942
2024-07-11,11.76,11.88,11.68,11.81,1070800.0,13099938.0,129943077.0,0.008240531352047328,11.616,11.751999999999999,11.995999999999999,12.969833333333334,42.499999787499995,1423419.6,13.063333333333333,12.303,True,True,13.25,12646148.0,17258323.478
2024-07-12,11.83,12.11,11.82,11.95,2051036.0,25456839.0,129943077.0,0.015784111376706895,11.668000000000001,11.763000000000002,11.931,12.954333333333333,55.88235261245674,1424536.4,13.050833333333335,12.264500000000002,True,True,13.25,24509880.2,17139803.737999998
2024-07-15,11.85,11.96,11.8,11.83,906300.0,11122310.0,129943077.0,0.006974592420956755,11.76,11.738,11.887,12.942166666666667,52.82258034696932,1334716.4,13.031833333333333,12.199,False,True,12.71,10721529.0,15958314.338
2024-07-16,11.78,11.98,11.78,11.91,824512.0,10144144.0,129943077.0,0.006345178358366872,11.828,11.72,11.86,12.919333333333334,47.297296999026074,1261640.2,13.011166666666666,12.139,True,False,12.45,9819937.92,15026253.823999997
2024-07-17,11.91,11.98,11.83,11.85,765712.0,9430987.0,129943077.0,0.005892672527679178,11.870000000000001,11.717,11.83,12.901333333333332,48.837208984315836,1193105.8,12.989666666666668,12.067,False,True,12.45,9073687.2,14150029.184
2024-07-18,11.85,11.87,11.65,11.73,1645926.0,20038441.0,129943077.0,0.01266651550817132,11.854000000000001,11.735,11.8155,12.880833333333333,47.51131191621795,1174547.1,12.969833333333334,11.995999999999999,False,False,12.23,19306711.98,13903087.682999998
2024-07-19,11.7,11.98,11.67,11.86,1627212.0,19979486.0,129943077.0,0.012522498601445308,11.836,11.751999999999999,11.797,12.858333333333333,44.761904463492044,1182382.7,12.954333333333333,11.931,True,False,12.23,19298734.32,13968813.649
2024-07-22,11.85,12.02,11.65,11.71,2848600.0,34772894.0,129943077.0,0.021921906620696693,11.812000000000001,11.786,11.799,12.831166666666666,41.51785688337054,1240782.7,12.942166666666667,11.887,False,True,12.09,33357106.000000004,14656038.849000001
2024-07-23,12.24,12.5,11.32,11.33,4876095.0,59070207.0,129943077.0,0.037524854055903265,11.696000000000002,11.762,11.781,12.789166666666665,38.589211394087535,1426407.45,12.919333333333334,11.86,True,False,12.09,55246156.35,16738222.4665
2024-07-24,11.33,11.49,11.16,11.23,3982109.0,46673017.0,129943077.0,0.030645026206359574,11.572,11.721,11.741,12.7335,42.66055018474874,1570752.9,12.901333333333332,11.83,True,True,12.09,44719084.07,18315413.869999997
2024-07-25,11.39,11.92,11.12,11.27,4363936.0,51426001.0,129943077.0,0.03358344361816213,11.48,11.667,11.7095,12.694166666666666,39.90384588526256,1699982.9,12.880833333333333,11.8155,True,True,12.09,49181558.72,19715786.886
2024-07-26,11.1,11.28,10.87,11.1,3374400.0,38744884.0,129943077.0,0.025968293793750936,11.328,11.581999999999999,11.672500000000001,12.652999999999999,43.00518103519557,1795886.1,12.858333333333333,11.797,True,True,12.09,37455840.0,20726427.974
2024-07-29,11.05,11.24,10.73,10.77,3542512.0,40091866.0,129943077.0,0.027262029511583755,11.139999999999999,11.476,11.607,12.603166666666665,30.5825240640022,1896697.5,12.831166666666666,11.799,True,True,12.09,38152854.24,21712195.15
2024-07-30,10.95,11.38,10.82,10.95,5226900.0,59544742.0,129943077.0,0.04022453616363109,11.064,11.379999999999999,11.55,12.545666666666667,34.101382268470275,2108302.5,12.789166666666665,11.781,True,True,12.09,57234555.0,23972566.3
2024-07-31,10.81,11.02,10.48,10.97,5440495.0,60649681.0,129943077.0,0.04186829437631372,11.012,11.291999999999998,11.5045,12.504666666666669,29.20792058964804,2346637.25,12.7335,11.741,True,True,11.95,59682230.150000006,26556440.607499998
2024-08-01,11.02,11.03,10.69,10.7,3801084.0,42467149.0,129943077.0,0.029251916206355495,10.898,11.189,11.462,12.458833333333333,20.930232421849638,2485266.45,12.694166666666666,11.7095,True,True,11.95,40671598.8,27996061.797500003
2024-08-02,10.57,10.64,10.43,10.48,3012200.0,32865902.0,129943077.0,0.023180919442133883,10.774,11.051,11.401499999999999,12.402999999999999,19.999999875555545,2598711.45,12.652999999999999,11.672500000000001,True,True,11.95,31567856.0,29139995.747500002
2024-08-05,10.38,10.53,9.73,9.74,5694336.0,59112317.0,129943077.0,0.04382177282134084,10.568000000000001,10.854,11.32,12.337,12.714776571131651,2844458.25,12.603166666666665,11.607,True,True,11.95,55462832.64,31470048.479500003
2024-08-06,9.7,9.93,9.7,9.84,3246000.0,32997429.0,129943077.0,0.02498016881653495,10.346,10.705,11.2335,12.267166666666666,15.932203314220018,2959093.25,12.545666666666667,11.55,True,True,11.95,31940640.0,32515596.429500002
2024-08-07,9.84,10.03,9.77,9.95,2550100.0,26216705.0,129943077.0,0.019624746918991305,10.142,10.577,11.149,12.206833333333332,19.7278910625202,3042513.25,12.504666666666669,11.5045,True,True,11.95,25373495.0,33271121.7795
2024-08-08,9.96,9.98,9.75,9.93,1773100.0,18150334.0,129943077.0,0.01364520558490392,9.988000000000001,10.443,11.055,12.146833333333335,15.901059992008868,3077628.25,12.458833333333333,11.462,True,True,11.95,17606883.0,33519158.5295
2024-08-09,9.94,10.0,9.81,9.83,1426636.0,14634933.0,129943077.0,0.010978930412737571,9.858,10.315999999999999,10.949000000000002,12.086,16.187050278194675,3046408.25,12.402999999999999,11.401499999999999,True,True,11.95,14023831.88,32994856.113500006
2024-08-12,9.86,9.98,9.79,9.81,1415136.0,14453616.0,129943077.0,0.01089043012272212,9.872,10.219999999999999,10.848,12.020333333333333,18.595041214739425,3071850.05,12.337,11.32,True,True,11.91,13882484.16,33152903.871500004
2024-08-13,9.75,9.89,9.65,9.89,1413400.0,14330421.0,129943077.0,0.010877070426768484,9.882000000000001,10.114,10.747,11.950333333333333,22.083333204513877,3101294.45,12.267166666666666,11.2335,True,True,11.91,13978526.0,33360833.2755
2024-08-14,9.86,9.94,9.81,9.81,1022700.0,10454744.0,129943077.0,0.007870369269460966,9.854,9.998,10.645,11.880833333333333,20.08196709789037,3114143.85,12.206833333333332,11.149,True,True,11.86,10032687.0,33408783.2655
2024-08-15,9.77,9.89,9.72,9.8,1387773.0,14089252.0,129943077.0,0.010679853302227097,9.828,9.908000000000001,10.5485,11.795166666666667,21.49122793821178,3101236.2,12.146833333333335,11.055,True,True,11.86,13600175.4,33123456.4365
2024-08-16,9.84,9.84,9.63,9.64,1715712.0,17208511.0,129943077.0,0.013203566050694645,9.790000000000001,9.824000000000002,10.4375,11.712333333333333,23.22274866108131,3105661.2,12.086,10.949000000000002,True,True,11.86,16539463.680000002,32985492.9045
2024-08-19,9.64,9.64,9.47,9.51,1271612.0,12583171.0,129943077.0,0.00978591572061973,9.73,9.801,10.3275,11.648666666666665,15.048543587048755,3026811.8,12.020333333333333,10.848,True,True,11.71,12093030.12,31922289.1105
2024-08-20,9.55,9.59,9.22,9.25,1803000.0,17387661.0,129943077.0,0.01387530633894409,9.602,9.742,10.223500000000001,11.584166666666667,12.608695575425301,2873157.05,11.950333333333333,10.747,True,True,11.33,16677750.0,29993868.793
2024-08-21,9.32,9.32,9.1,9.14,1401500.0,13350575.0,129943077.0,0.010785491865795974,9.468,9.661,10.119,11.514333333333333,13.551401780504833,2744126.6,11.880833333333333,10.645,True,True,11.27,12809710.0,28398400.089500003
2024-08-22,9.17,9.22,9.08,9.1,1155273.0,10935635.0,129943077.0,0.00889060830843647,9.328,9.578,10.0105,11.4435,14.795918261661768,2583693.45,11.795166666666667,10.5485,True,True,11.27,10512984.299999999,26464971.3685
2024-08-23,9.09,9.09,8.9,8.93,1340900.0,12446128.0,129943077.0,0.010319133815801514,9.186,9.488,9.902,11.371666666666666,20.863309142383898,2482018.45,11.712333333333333,10.4375,True,True,11.1,11974237.0,25190891.2185
2024-08-26,8.94,9.06,8.92,9.05,1066400.0,9961277.0,129943077.0,0.008206670371519677,9.094,9.412,9.816,11.301333333333334,21.98581538453803,2358212.85,11.648666666666665,10.3275,True,True,10.97,9650920.0,23765794.5065
2024-08-27,9.06,9.07,8.9,8.95,821100.0,7639522.0,129943077.0,0.006318920707103157,9.034,9.318000000000001,9.716,11.230333333333332,14.285714142857202,2137922.85,11.584166666666667,10.223500000000001,True,True,10.97,7348844.999999999,21271509.0065
2024-08-28,8.99,9.05,8.79,8.94,1107000.0,10236601.0,129943077.0,0.00851911487366118,8.994,9.231,9.6145,11.1615,14.38848906371311,1921248.1,11.514333333333333,10.119,True,True,10.97,9896580.0,18782226.499
2024-08-29,8.99,9.06,8.86,9.04,1233436.0,11494739.0,129943077.0,0.009492125540478005,8.982,9.155,9.5315,11.098833333333333,21.582733595569607,1792865.7,11.4435,10.0105,True,True,10.7,11150261.44,17306159.631
2024-08-30,9.01,9.32,9.01,9.25,1901800.0,18134265.0,129943077.0,0.014635639265337699,9.046,9.116,9.469999999999999,11.045333333333332,32.27848072664639,1737345.7,11.371666666666666,9.902,True,True,10.48,17591650.0,16607349.331
2024-09-02,9.16,9.27,9.02,9.02,1281600.0,12144853.0,129943077.0,0.009862780146417496,9.04,9.067,9.434000000000001,10.984333333333332,24.855491128337093,1516708.9,11.301333333333334,9.816,True,True,9.95,11560032.0,14412209.299
2024-09-03,9.02,9.15,8.96,9.05,925200.0,8678333.0,129943077.0,0.007120040723677799,9.059999999999999,9.047,9.3945,10.922333333333334,27.38095215277785,1400668.9,11.230333333333332,9.716,True,True,9.95,8373060.000000001,13233830.299
2024-09-04,8.99,9.26,8.93,9.1,1653636.0,15607603.0,129943077.0,0.012725849180868635,9.092,9.043000000000001,9.352,10.856,29.651162549351014,1355845.7,11.1615,9.6145,True,True,9.95,15048087.6,12717559.929000001
2024-09-05,9.03,9.18,9.03,9.14,1065600.0,10069491.0,129943077.0,0.00820051382960556,9.112,9.047,9.3125,10.787833333333333,34.374999699218804,1320470.7,11.098833333333333,9.5315,True,True,9.93,9739584.0,12324194.978999998
2024-09-06,9.18,9.22,9.04,9.04,857700.0,8101035.0,129943077.0,0.006600582499674068,9.07,9.058,9.273,10.717666666666666,35.0318468213721,1292023.9,11.045333333333332,9.469999999999999,True,True,9.89,7753607.999999999,12010683.785
2024-09-09,9.04,9.16,8.91,8.99,781500.0,7274180.0,129943077.0,0.006014171882354302,9.064,9.052,9.232,10.655666666666667,40.44117605428205,1260342.1,10.984333333333332,9.434000000000001,True,True,9.89,7025685.0,11667843.827
2024-09-10,9.06,9.14,8.93,9.12,1048900.0,9813153.0,129943077.0,0.00807199601714834,9.078,9.068999999999999,9.1935,10.600166666666667,49.275361818945555,1242117.1,10.922333333333334,9.3945,True,True,9.89,9565968.0,11447215.927
2024-09-11,9.12,9.16,9.06,9.08,724800.0,6830112.0,129943077.0,0.005577826974191168,9.074,9.083,9.157,10.544,49.27536181894561,1227222.1,10.856,9.352,True,True,9.81,6581184.0,11274640.776999999
2024-09-12,9.06,9.19,9.05,9.06,886700.0,8388774.0,129943077.0,0.006823757144060857,9.058,9.084999999999999,9.12,10.494666666666665,55.28455221627341,1202168.45,10.787833333333333,9.3125,True,True,9.8,8033502.0,10996307.106999999
2024-09-13,9.11,9.11,8.79,8.83,1487690.0,13699889.0,129943077.0,0.011448782300268294,9.016,9.043,9.0795,10.437999999999999,41.791044339496544,1190767.35,10.717666666666666,9.273,True,True,9.64,13136302.7,10826149.058
2024-09-18,8.87,8.9,8.68,8.79,1188000.0,10784552.0,129943077.0,0.009142464742465656,8.975999999999999,9.02,9.043499999999998,10.389999999999999,43.74999952148438,1186586.75,10.655666666666667,9.232,True,True,9.51,10442519.999999998,10743623.552
2024-09-19,8.8,9.26,8.8,9.25,2336400.0,22010691.0,129943077.0,0.01798018066018246,9.001999999999999,9.040000000000001,9.043499999999998,10.349333333333334,58.959537095125135,1213256.75,10.600166666666667,9.1935,True,True,9.25,21611700.0,10990321.052
2024-09-20,9.25,9.25,9.03,9.05,1789290.0,16777676.0,129943077.0,0.013769798601890888,8.996,9.035,9.039,10.299666666666665,50.27322365911199,1232646.25,10.544,9.157,False,True,9.25,16193074.500000002,11159489.276999999
2024-09-23,8.97,9.1,8.95,9.07,774799.0,7232741.0,129943077.0,0.005962603148146168,8.998000000000001,9.028,9.0375,10.2525,44.512194741969076,1213622.55,10.494666666666665,9.12,False,False,9.25,7027426.930000001,10985211.408499999
2024-09-24,9.07,9.38,9.01,9.38,2399400.0,23029885.0,129943077.0,0.018465008335919273,9.108,9.062000000000001,9.059999999999999,10.2115,60.46511578691189,1266547.55,10.437999999999999,9.0795,False,False,9.25,22506372.000000004,11511818.158499999
2024-09-25,9.45,9.67,9.41,9.45,2393200.0,23563310.0,129943077.0,0.018417295136084855,9.24,9.108,9.08,10.167666666666667,61.36363587551651,1332887.55,10.389999999999999,9.043499999999998,False,False,9.38,22615740.0,12160059.158499999
2024-09-26,9.47,9.68,9.46,9.67,2281000.0,22577937.0,129943077.0,0.017553840132629766,9.324000000000002,9.163,9.116,10.127333333333333,64.76683890842709,1405882.55,10.349333333333334,9.043499999999998,False,False,9.45,22057270.0,12895480.408499999
2024-09-27,9.8,10.17,9.8,10.12,2136800.0,21974571.0,129943077.0,0.016444123452609944,9.538,9.267,9.175,10.098,70.94017051574255,1457372.55,10.299666666666665,9.039,False,False,9.67,21624416.0,13481872.208500002
2024-09-30,10.62,10.94,10.13,10.87,8339809.0,91613005.0,129943077.0,0.06418047958030115,9.898,9.448,9.2665,10.086666666666668,80.60200631156255,1812691.2,10.2525,9.0375,False,False,10.12,90653723.83,17457045.328
2024-10-08,11.94,11.94,10.66,11.34,8746741.0,101457341.0,129943077.0,0.06731209697304613,10.290000000000001,9.699,9.371,10.080833333333334,84.45747765911887,2154938.25,10.2115,9.059999999999999,False,False,10.87,99188042.94,21536864.975
2024-10-09,11.13,11.13,10.2,10.2,4882521.0,52996179.0,129943077.0,0.037574306478828416,10.44,9.84,9.43,10.061333333333332,62.217194373067706,2334984.3,10.167666666666667,9.08,False,False,11.34,49801714.199999996,23448949.085
2024-10-10,10.17,10.47,10.01,10.28,3032272.0,32204750.0,129943077.0,0.02333538707875911,10.562,9.943,9.491499999999998,10.039833333333336,63.45291459902671,2440337.9,10.127333333333333,9.116,False,False,11.34,31171756.159999996,24588883.893
2024-10-11,10.28,10.32,9.8,9.86,2211172.0,22842838.0,129943077.0,0.017016466371655953,10.51,10.024,9.529499999999999,10.010166666666665,58.23045250715507,2468214.7,10.098,9.175,False,False,11.34,21802155.919999998,24926587.308999997
2024-10-14,10.06,10.18,9.87,10.13,2328809.0,24179089.0,129943077.0,0.017921762773094867,10.362,10.129999999999999,9.579,9.982166666666666,63.26530594169097,2531375.15,10.086666666666668,9.2665,False,False,11.34,23590835.17,25619149.8675
2024-10-15,10.23,10.23,9.95,9.98,1907500.0,19810599.0,129943077.0,0.01467950462647579,10.09,10.19,9.626000000000001,9.949333333333332,61.87624733208236,2583865.15,10.080833333333334,9.371,False,False,11.34,19036850.0,26183311.9675
2024-10-16,10.97,10.97,10.39,10.5,8514769.0,93707344.0,129943077.0,0.06552691529691881,10.15,10.294999999999998,9.7015,9.927166666666666,62.32741600146276,2970528.6,10.061333333333332,9.43,False,False,11.34,89405074.5,30302281.442500003
2024-10-17,10.31,10.37,10.04,10.26,6087336.0,63902459.0,129943077.0,0.04684617403665145,10.146,10.354000000000001,9.7585,9.899666666666665,61.83953016325763,3222450.4,10.039833333333336,9.491499999999998,False,False,11.34,62456067.36,32946786.4105
2024-10-18,10.09,10.35,9.92,10.2,4736212.0,49389583.0,129943077.0,0.036448359615187505,10.214,10.362,9.814499999999999,9.872166666666667,60.97087362066169,3423021.0,10.010166666666665,9.529499999999999,False,False,11.34,48309362.4,35033195.3305
2024-10-21,10.18,10.27,10.09,10.19,3471412.0,36493499.0,129943077.0,0.02671486684896649,10.225999999999999,10.294,9.871,9.846499999999999,58.350515295483035,3552256.6,9.982166666666666,9.579,False,False,11.34,35373688.28,36400204.6445
2024-10-22,10.16,10.76,10.11,10.73,7203924.0,78129098.0,129943077.0,0.05543907506515334,10.376000000000001,10.233,9.966,9.827666666666666,62.03007502473289,3838068.3,9.949333333333332,9.626000000000001,False,False,11.34,77298104.52,39608294.7355
2024-10-23,10.53,10.71,10.48,10.5,4965400.0,54109265.0,129943077.0,0.03821211652545368,10.376000000000001,10.263,10.0515,9.8075,57.78611617091827,4026938.3,9.927166666666666,9.7015,False,False,11.34,52136700.0,41693003.7355
2024-10-24,10.47,10.58,10.35,10.38,2623600.0,28212825.0,129943077.0,0.020190379207350923,10.4,10.273,10.108,9.791666666666666,52.59999985272001,4041298.3,9.899666666666665,9.7585,False,False,11.34,27232968.000000004,41974067.1355
2024-10-25,10.38,10.7,10.35,10.61,4001400.0,43507512.0,129943077.0,0.030793483518941143,10.482,10.348,10.186,9.781333333333333,47.09821413853237,4151903.8,9.872166666666667,9.814499999999999,False,False,11.34,42454854.0,43287156.1105
2024-10-28,10.65,10.74,10.54,10.71,3812311.0,41938879.0,129943077.0,0.02933831557644275,10.586000000000002,10.406,10.268,9.772,42.33576627914825,4303779.4,9.846499999999999,9.871,False,False,11.34,40829850.81,44977277.3045
2024-10-29,10.71,10.76,10.38,10.38,2786000.0,30232627.0,129943077.0,0.021440157215916935,10.516,10.446000000000002,10.318000000000001,9.76,52.72727250358129,4323109.4,9.827666666666666,9.966,False,False,11.34,28918680.000000004,45297892.704500005
2024-10-30,10.48,10.53,10.29,10.4,2068300.0,22223279.0,129943077.0,0.015916969551213567,10.496,10.436,10.3655,9.753833333333334,51.85185162780066,4306864.4,9.8075,10.0515,False,False,11.34,21510320.0,45242621.704500005
2024-10-31,10.41,10.61,10.39,10.56,2480736.0,26892705.0,129943077.0,0.01909094395232768,10.532,10.466,10.41,9.747333333333334,61.744966152876,4316851.2,9.791666666666666,10.108,False,False,11.34,26196572.16,45449586.8125
2024-11-01,10.55,10.56,10.15,10.23,2304828.0,24537117.0,129943077.0,0.01773721273354178,10.456,10.469000000000001,10.4155,9.734999999999998,51.644736604267656,4325252.6,9.781333333333333,10.186,False,False,11.34,23578390.44,45547285.5345
2024-11-04,10.12,10.32,10.03,10.31,1758036.0,18529316.0,129943077.0,0.013529277900661071,10.376000000000001,10.481,10.3875,9.7285,55.55555529367752,3996163.95,9.772,10.268,True,False,11.34,18125351.16,41920866.901
2024-11-05,10.21,11.05,10.21,10.7,4535300.0,49354121.0,129943077.0,0.034902205678875836,10.440000000000001,10.478,10.3555,9.732166666666668,53.521126496726836,3785591.9,9.76,10.318000000000001,True,True,11.34,48527710.0,39387850.25399999
2024-11-06,10.7,11.08,10.56,10.66,5111136.0,56715294.0,129943077.0,0.039333653765948606,10.491999999999999,10.494000000000002,10.378499999999999,9.7475,57.5757572704316,3797022.65,9.753833333333334,10.3655,False,True,10.73,54484709.76,39622000.032
2024-11-07,10.64,11.04,10.58,10.98,6266964.0,70507208.0,129943077.0,0.048228533175338,10.576,10.553999999999998,10.4135,9.7665,63.448275555766976,3958757.25,9.747333333333334,10.41,False,False,10.73,68811264.72,41503975.46
2024-11-08,11.05,11.08,10.78,10.82,3210800.0,36100684.0,129943077.0,0.024709280972313747,10.693999999999999,10.575,10.461500000000001,9.781,60.32786857554423,4008738.65,9.734999999999998,10.4155,False,False,10.98,34740856.0,42150910.464
2024-11-11,10.76,10.87,10.7,10.85,3072212.0,34173383.0,129943077.0,0.023642752433821464,10.802,10.589,10.497499999999999,9.796333333333333,52.362204435798866,4045908.8,9.7285,10.3875,False,False,10.98,33333500.2,42638043.715500005
2024-11-12,10.85,10.93,10.64,10.74,3257800.0,36364229.0,129943077.0,0.025070977809768195,10.809999999999999,10.625,10.5355,9.8115,54.958677368007656,4113423.8,9.732166666666668,10.3555,False,False,10.98,34988772.0,43435639.815500006
2024-11-13,10.74,10.88,10.59,10.87,3616136.0,40105712.0,129943077.0,0.02782861606394006,10.852,10.672,10.554,9.829166666666667,60.08230418059576,3868492.15,9.7475,10.378499999999999,False,False,10.98,39307398.32,40930756.0065
2024-11-14,10.85,10.89,10.63,10.76,2769312.0,30647506.0,129943077.0,0.021311731751588427,10.808,10.692,10.579,9.843666666666667,53.24675292404566,3702590.95,9.7665,10.4135,False,False,10.98,29797797.12,39297842.4945
2024-11-15,10.66,10.86,10.38,10.49,2854300.0,31389287.0,129943077.0,0.021965771981834786,10.742,10.718,10.5935,9.854999999999999,45.56451587181319,3608495.35,9.781,10.461500000000001,False,False,10.98,29941607.0,38379454.7245
2024-11-18,10.49,10.58,10.23,10.39,2018200.0,21686009.0,129943077.0,0.01553141611384191,10.65,10.725999999999999,10.6035,9.864833333333333,50.2222219097284,3535834.75,9.796333333333333,10.497499999999999,True,False,10.98,20969098.0,37659225.2105
2024-11-19,10.39,10.85,10.29,10.85,5798840.0,63972087.0,129943077.0,0.04462600189158211,10.672,10.741000000000001,10.6095,9.885,58.364311963903205,3465580.55,9.8115,10.5355,True,True,10.98,62917414.0,36940190.6845
2024-11-20,10.86,11.4,10.8,11.36,8191073.0,94277892.0,129943077.0,0.06303585530762827,10.77,10.811,10.6525,9.915833333333333,63.15789444598339,3626864.2,9.829166666666667,10.554,False,True,10.98,93050589.28,38985885.1485
2024-11-21,11.29,11.43,11.11,11.24,5908648.0,68722189.0,129943077.0,0.045471048834713985,10.866,10.837,10.695500000000001,9.949000000000002,67.84452263257131,3791116.6,9.843666666666667,10.579,False,False,11.36,66413203.52,40944896.9245
2024-11-22,11.24,11.43,10.84,10.87,3638100.0,41864788.0,129943077.0,0.027997643922192176,10.941999999999998,10.842,10.708499999999999,9.977833333333335,58.97435870973044,3772951.6,9.854999999999999,10.5935,False,False,11.36,39546147.0,40799461.5745
2024-11-25,10.79,10.99,10.7,10.92,2228200.0,24921998.0,129943077.0,0.01714750836629796,11.047999999999998,10.849,10.719,10.008166666666666,53.95683426064905,3693746.05,9.864833333333333,10.6035,False,False,11.36,24331944.0,39974566.234000005
2024-11-26,10.92,10.96,10.47,10.54,3066673.0,33695288.0,129943077.0,0.02360012607674359,10.986,10.828999999999999,10.727,10.034999999999998,48.076922861193275,3707779.7,9.885,10.6095,False,False,11.36,32322733.419999998,40144768.905
2024-11-27,10.56,11.06,10.19,11.02,3803800.0,42023405.0,129943077.0,0.029272817666153927,10.918,10.844,10.758,10.067833333333333,50.609755881543705,3794554.7,9.915833333333333,10.6525,True,False,11.36,41917876.0,41165146.705
2024-11-28,11.04,11.48,10.95,11.29,5031200.0,58409087.0,129943077.0,0.03871849209788991,10.928,10.897,10.7945,10.106833333333332,56.93215315721234,3922077.9,9.949000000000002,10.695500000000001,False,True,11.36,56802247.99999999,42695430.497
2024-11-29,11.22,11.45,10.81,10.87,11122513.0,127809417.0,129943077.0,0.08559527184353191,10.927999999999999,10.934999999999999,10.8265,10.139000000000001,50.26455007838527,4362962.15,9.977833333333335,10.708499999999999,False,False,11.36,120901716.30999999,47561596.7905
2024-12-02,10.87,11.96,10.82,11.26,14358349.0,168104372.0,129943077.0,0.11049722179504799,10.995999999999999,11.022,10.873999999999999,10.176,56.40394069220316,4992977.8,10.008166666666666,10.719,False,False,11.36,161675009.74,54739079.719500005
2024-12-03,11.15,11.48,11.07,11.29,9515307.0,110792400.0,129943077.0,0.07322673296400392,11.145999999999999,11.065999999999999,10.9035,10.21,55.303030107514545,5241978.15,10.034999999999998,10.727,False,False,11.36,107427816.02999999,57684085.021000005
2024-12-04,11.09,11.62,10.96,11.01,8392300.0,97665347.0,129943077.0,0.06458443338231863,11.144,11.030999999999999,10.921000000000001,10.243166666666667,53.02663420281528,5406036.35,10.067833333333333,10.758,False,False,11.36,92399223.0,59579810.683000006
2024-12-05,10.85,11.34,10.85,11.08,4920508.0,56012496.0,129943077.0,0.03786664217594293,11.102,11.014999999999999,10.925999999999998,10.277,57.506361118297946,5338713.55,10.106833333333332,10.7945,False,False,11.36,54519228.64,58865208.87899999
2024-12-06,11.1,11.44,11.03,11.28,5969608.0,69366831.0,129943077.0,0.0459401773285698,11.184000000000001,11.056,10.949,10.313333333333333,61.04218341077156,5476653.95,10.139000000000001,10.8265,False,False,11.36,67337178.24,60495024.991
2024-12-09,11.31,11.38,11.04,11.16,3622998.0,41749100.0,129943077.0,0.02788142380220841,11.164,11.079999999999998,10.9645,10.347,54.200541799781156,5504193.25,10.176,10.873999999999999,False,False,11.36,40432657.68,60849982.864999995
2024-12-10,11.37,11.53,11.14,11.17,6056100.0,70606103.0,129943077.0,0.0466057918576147,11.14,11.142999999999999,10.986,10.3825,47.02194336730182,5644108.25,10.21,10.9035,False,False,11.36,67646637.0,62482876.114999995
2024-12-11,11.15,11.21,11.08,11.19,3632254.0,41815548.0,129943077.0,0.027952654992154758,11.175999999999998,11.16,11.001999999999999,10.419166666666666,49.19093828845528,5644914.15,10.243166666666667,10.921000000000001,False,False,11.36,40644922.26,62549752.312
2024-12-12,11.14,11.19,11.03,11.16,2939973.0,33725843.0,129943077.0,0.022625083751095103,11.191999999999998,11.147,11.022,10.453166666666666,55.27272699133887,5653447.2,10.277,10.925999999999998,False,False,11.36,32810098.68,62700367.39
2024-12-13,11.09,11.14,10.76,10.76,4595836.0,51896744.0,129943077.0,0.03536807120551717,11.088,11.136,11.035499999999999,10.481166666666667,47.41935462455775,5740524.0,10.313333333333333,10.949,False,False,11.36,49451195.36,63675846.80799999
2024-12-16,10.76,10.86,10.59,10.66,4015400.0,44476685.0,129943077.0,0.030901223002438215,10.988,11.076,11.049,10.507833333333334,52.12765931567831,5840384.0,10.347,10.9645,True,False,11.36,42804164.0,64767600.107999995
2024-12-17,10.57,10.72,10.31,10.33,4120700.0,44596107.0,129943077.0,0.03171157783188403,10.819999999999999,10.98,11.023,10.532833333333333,37.07865149097336,5756477.0,10.3825,10.986,True,True,11.36,42566831.0,63750070.95799999
2024-12-18,10.36,10.42,10.18,10.26,2411210.0,25667944.0,129943077.0,0.018555894285926446,10.634,10.905,10.968,10.557333333333334,29.14979740562866,5467483.85,10.419166666666666,11.001999999999999,True,True,11.36,24739014.599999998,60334492.22399999
2024-12-19,10.26,10.45,10.14,10.32,2807973.0,29684864.0,129943077.0,0.021609254335265587,10.466000000000001,10.829,10.921999999999999,10.575166666666666,36.96682439927226,5312450.1,10.453166666666666,11.022,True,True,11.29,28978281.36,58462746.116
2024-12-20,10.27,10.47,10.25,10.42,2143500.0,22962116.0,129943077.0,0.016495684491140687,10.398,10.743,10.8995,10.598,26.923076715976293,5237720.1,10.481166666666667,11.035499999999999,True,True,11.29,22335270.0,57602202.265999995
2024-12-23,10.43,10.54,10.19,10.27,3752388.0,40080795.0,129943077.0,0.028877167500043117,10.32,10.654,10.866999999999999,10.618,23.71134003507278,5313929.5,10.507833333333334,11.049,True,True,11.29,38537024.76,58312456.304
2024-12-24,10.22,10.6,10.18,10.51,3568906.0,38297228.0,129943077.0,0.0274651492206853,10.355999999999998,10.588000000000001,10.8655,10.636833333333334,36.842104991689745,5339041.15,10.532833333333333,11.023,True,True,11.29,37509202.06,58571779.736
2024-12-25,10.5,10.85,10.37,10.65,4797008.0,52495551.0,129943077.0,0.03691622601795092,10.434000000000001,10.533999999999999,10.847,10.656833333333333,39.08629413847304,5388701.55,10.557333333333334,10.968,True,True,11.29,51088135.2,59030292.696
2024-12-26,10.64,10.95,10.59,10.9,4775700.0,53471205.0,129943077.0,0.03675224652406838,10.55,10.508,10.827499999999999,10.677333333333333,40.59405912459566,5375926.55,10.575166666666666,10.921999999999999,True,True,11.29,52055130.0,58792936.796000004
2024-12-27,10.81,11.12,10.81,11.07,4797720.0,54518934.0,129943077.0,0.03692170534025449,10.68,10.539,10.8375,10.693166666666666,47.826086633060285,5059686.9,10.598,10.8995,False,True,11.29,53110760.4,55403389.0005
2024-12-30,10.96,11.29,10.96,11.2,4302094.0,49509806.0,129943077.0,0.033107527536845996,10.866,10.593,10.8345,10.698666666666666,50.68493118283604,4556874.15,10.618,10.866999999999999,False,False,11.29,48183452.8,49728811.153500006
2024-12-31,11.21,11.41,11.05,11.27,7104476.0,82451046.0,129943077.0,0.05467375533980929,11.018,10.687,10.8335,10.697499999999998,51.78571396205357,4436332.6,10.636833333333334,10.8655,False,False,11.29,80067444.52,48360792.578
2025-01-02,11.27,11.4,11.12,11.19,5444490.0,63298413.0,129943077.0,0.041899038607497344,11.126,10.780000000000001,10.8425,10.714,50.65502152437977,4288942.1,10.656833333333333,10.847,False,False,11.28,60923843.099999994,46787023.583000004
2025-01-03,11.29,11.58,11.07,11.36,7854288.0,91843307.0,129943077.0,0.060444066596945366,11.218,10.884,10.8565,10.732,64.5631063573381,4435631.1,10.677333333333333,10.827499999999999,False,False,11.28,89224711.67999999,48522297.735
2025-01-06,11.38,11.5,11.04,11.29,6354969.0,73940037.0,129943077.0,0.04890579126427797,11.261999999999999,10.971,10.857,10.755833333333333,65.51724092746727,4454899.15,10.693166666666666,10.8375,False,False,11.36,71747600.00999999,48742818.8235
2025-01-07,11.33,12.3,11.22,12.21,13666584.0,167084660.0,129943077.0,0.10517362152352296,11.464,11.165000000000001,10.9095,10.790500000000002,85.87786213653048,4957078.45,10.698666666666666,10.8345,False,False,11.36,166868990.64000002,55064635.471499994
2025-01-08,11.82,12.68,11.69,12.42,12172700.0,153091207.0,129943077.0,0.0936771721974846,11.693999999999999,11.355999999999998,10.972,10.831166666666666,89.13043433049778,5262908.45,10.697499999999998,10.8335,False,False,12.21,151184934.0,59241550.32149999
2025-01-09,12.31,12.87,12.21,12.75,9895600.0,128971378.0,129943077.0,0.07615334520668615,12.006,11.565999999999999,11.05,10.868666666666666,90.09900948469102,5576075.75,10.714,10.8425,False,False,12.42,126168900.0,63517749.208500005
2025-01-10,12.8,13.57,12.5,13.2,11429890.0,154394613.0,129943077.0,0.08796074607345183,12.373999999999999,11.796,11.152,10.917666666666667,91.1242599775918,6000571.6,10.732,10.8565,False,False,12.75,150874548.0,69420971.67449999
2025-01-13,12.96,14.52,12.89,14.18,14432685.0,204000996.0,129943077.0,0.11106928766970786,12.952000000000002,12.107000000000001,11.323,10.984,96.43705431113568,6492414.05,10.755833333333333,10.857,False,False,13.2,204655473.29999998,77181185.5715
2025-01-14,13.77,15.58,13.69,15.21,17483380.0,265213655.0,129943077.0,0.13454645221307174,13.552000000000001,12.508,11.550500000000001,11.067666666666668,96.9999997284,7165813.05,10.790500000000002,10.9095,False,False,14.18,265922209.8,88337087.8615
2025-01-15,15.31,15.6,14.25,14.5,17060844.0,261137590.0,129943077.0,0.13129475147029188,13.968,12.831,11.759,11.130500000000001,84.56014341403194,7812820.25,10.831166666666666,10.972,False,False,15.21,247382238.0,98577858.2115
2025-01-16,14.28,14.88,13.88,14.65,10824082.0,161572136.0,129943077.0,0.08329864314356662,14.347999999999999,13.177000000000001,11.9785,11.199666666666667,84.27787912616263,8233463.85,10.868666666666666,11.05,False,False,15.21,158572801.3,105269547.5465
2025-01-17,14.4,15.29,14.4,15.12,10084596.0,156041109.0,129943077.0,0.07760779745118702,14.732,13.553,12.2185,11.278666666666668,85.09532041744635,8597295.0,10.917666666666667,11.152,False,False,15.21,152479091.51999998,111444588.05450001
2025-01-20,15.21,15.56,15.05,15.49,9456300.0,149510821.0,129943077.0,0.07277263412809595,14.994,13.972999999999999,12.472,11.360000000000001,85.6905156073765,8962935.0,10.984,11.323,False,False,15.21,146478087.0,117651728.90450001
2025-01-21,15.46,15.54,14.83,14.85,10065200.0,157218254.0,129943077.0,0.07745853209247923,14.922,14.237,12.701,11.429,77.20364725215028,9278575.6,11.067666666666668,11.550500000000001,False,False,15.49,149468220.0,123198288.66650002
2025-01-22,14.87,14.94,13.94,14.19,11329984.0,168030334.0,129943077.0,0.08719190172786197,14.86,14.414000000000001,12.885,11.4925,70.94972053166255,9666629.5,11.130500000000001,11.759,False,False,15.49,160772472.96,129361452.21149997
2025-01-23,14.18,14.43,13.52,13.54,9039662.0,129053693.0,129943077.0,0.06956632249057793,14.638,14.493,13.029499999999999,11.544833333333335,64.26701558903949,9878762.2,11.199666666666667,11.9785,False,False,15.49,122397023.47999999,132926896.6255
2025-01-24,13.56,13.76,13.04,13.32,6936586.0,94658440.0,129943077.0,0.05338172806235764,14.278,14.504999999999999,13.1505,11.590833333333332,63.029524918817295,9986806.5,11.278666666666668,12.2185,False,False,15.49,92395325.52,134943906.4015
2025-01-27,13.67,13.68,13.02,13.51,5734600.0,79056157.0,129943077.0,0.04413163157587841,13.882,14.437999999999999,13.272499999999999,11.6455,59.20679874944827,10033650.5,11.360000000000001,12.472,False,False,15.49,77474446.0,136162090.6815
2025-02-05,13.49,13.69,13.01,13.19,5270836.0,71958810.0,129943077.0,0.04056265344555447,13.55,14.236,13.372,11.6935,55.36959542884598,10082087.6,11.429,12.701,False,False,15.49,69522326.84,137229034.3835
2025-02-06,13.19,13.54,12.95,13.09,8012236.0,108833994.0,129943077.0,0.06165958344975931,13.330000000000002,14.094999999999999,13.463,11.73333333333333,52.44956761753689,10127475.6,11.4925,12.885,True,False,15.49,104880169.24,138469670.6195
2025-02-07,13.09,13.4,13.02,13.32,6521636.0,88910877.0,129943077.0,0.050188406728278415,13.285999999999998,13.962,13.569500000000001,11.777666666666667,50.892857036830364,10181332.9,11.544833333333335,13.029499999999999,True,True,15.49,86868191.52,139766888.0405
2025-02-10,13.43,13.59,13.29,13.58,5852172.0,81098167.0,129943077.0,0.045036427758286805,13.338,13.808000000000002,13.6805,11.821,44.999999895,10081227.1,11.590833333333332,13.1505,True,True,15.49,79472495.76,139279277.24449998
2025-02-11,13.39,13.6,12.83,12.86,8352700.0,111839482.0,129943077.0,0.06427968455756977,13.207999999999998,13.544999999999998,13.759,11.855,29.349736307399596,10181113.65,11.6455,13.272499999999999,True,True,15.49,107415722.0,141062683.344
2025-02-12,12.78,12.98,12.45,12.92,6450000.0,85026024.0,129943077.0,0.04963711918257869,13.154,13.352,13.7945,11.8895,34.32539673004851,9820284.45,11.6935,13.372,True,True,15.49,83334000.0,136885933.81199998
2025-02-13,12.82,13.02,12.77,12.79,5272100.0,70009306.0,129943077.0,0.04057238078177878,13.094,13.212,13.812999999999999,11.923666666666666,31.47410349788099,9475254.45,11.73333333333333,13.463,True,True,15.49,67430159.0,132698195.06199999
2025-02-14,12.79,13.08,12.79,13.01,6443808.0,86113363.0,129943077.0,0.049589467548163416,13.032,13.159,13.825999999999999,11.959333333333332,27.882599498877084,9302664.85,11.777666666666667,13.569500000000001,True,True,15.49,83833942.08,130581447.16599998
2025-02-17,12.93,13.23,12.7,13.23,5658200.0,76295589.0,129943077.0,0.04354368182308012,12.962,13.15,13.8275,12.000499999999999,25.541125463728207,9014080.35,11.821,13.6805,True,True,15.49,74857986.0,126780619.06599998
2025-02-18,13.17,13.35,13.1,13.25,5346400.0,73035673.0,129943077.0,0.041144169612052514,13.040000000000001,13.124,13.781,12.0465,29.999999895000016,8559766.1,11.855,13.759,True,True,15.49,70839800.0,120089835.401
2025-02-19,13.23,13.6,13.2,13.34,5748000.0,79315547.0,129943077.0,0.04423475365293989,13.123999999999999,13.139,13.6875,12.095666666666666,37.60932929255669,7972997.1,11.8895,13.7945,True,True,15.49,76678320.0,110627640.91099998
2025-02-20,13.27,13.45,13.09,13.22,4164261.0,56898016.0,129943077.0,0.032046809234785166,13.210000000000003,13.151999999999997,13.623500000000002,12.135166666666667,44.48275840594533,7328167.95,11.923666666666666,13.812999999999999,True,True,15.49,55051530.42,101011105.53199999
2025-02-21,13.15,13.58,13.03,13.57,6125300.0,84500664.0,129943077.0,0.047138332733185934,13.322,13.177000000000001,13.5695,12.171999999999999,54.12541229116971,7093228.85,11.959333333333332,13.825999999999999,True,True,15.49,83120321.0,97238481.51699999
2025-02-24,13.55,14.7,13.48,14.33,10345098.0,151663053.0,129943077.0,0.07961253680332658,13.542000000000002,13.252,13.529999999999998,12.2235,61.38888865015433,7106253.95,12.000499999999999,13.8275,False,True,15.49,148245254.34,97026789.658
2025-02-25,14.34,14.71,14.12,14.42,6405400.0,95640101.0,129943077.0,0.049293891970866595,13.776,13.408000000000001,13.476499999999998,12.282666666666666,68.24925787670932,6953708.95,12.0465,13.781,False,False,15.49,92365868.0,94321178.708
2025-02-26,14.57,14.57,13.88,14.04,5576910.0,81845427.0,129943077.0,0.04291810020783177,13.916,13.52,13.436000000000002,12.334666666666665,63.013698388440595,6729294.45,12.095666666666666,13.6875,False,False,14.85,78299816.39999999,90762758.528
2025-02-27,14.0,14.28,13.63,13.94,4865398.0,69723930.0,129943077.0,0.03744253339483411,14.059999999999999,13.635,13.4235,12.391333333333334,58.806817947927414,6406065.15,12.135166666666667,13.623500000000002,False,False,14.42,67823648.12,86115317.286
2025-02-28,13.94,14.13,13.52,13.74,3853000.0,54775324.0,129943077.0,0.029651444993872202,14.094,13.708000000000002,13.4335,12.436666666666667,52.312138516656084,6146732.05,12.171999999999999,13.5695,False,False,14.42,52940220.0,82642477.112
2025-03-03,13.74,13.88,13.49,13.56,3507510.0,49462443.0,129943077.0,0.026992665411486292,13.940000000000001,13.741,13.4455,12.474499999999999,61.98630107266843,5975278.25,12.2235,13.529999999999998,False,False,14.42,47561835.6,80400802.616
2025-03-04,13.37,13.56,13.25,13.44,2626800.0,36346719.0,129943077.0,0.020215005375007398,13.744,13.76,13.441999999999998,12.517333333333333,58.72483193887662,5819888.25,12.282666666666666,13.476499999999998,False,False,14.42,35304192.0,78292289.916
2025-03-05,13.44,13.5,13.28,13.44,1615200.0,22289379.0,129943077.0,0.012430058124604822,13.624,13.77,13.4545,12.553666666666665,61.40350847029856,5637106.45,12.334666666666665,13.436000000000002,True,False,14.42,21708288.0,75901587.974
2025-03-06,13.54,13.65,13.28,13.57,3050200.0,42425569.0,129943077.0,0.0234733551830545,13.55,13.805000000000001,13.4785,12.591666666666667,60.14492723114893,5389004.65,12.391333333333334,13.4235,True,True,14.42,41391214.0,72727140.212
2025-03-07,13.57,14.05,13.46,13.77,5481082.0,77592452.0,129943077.0,0.04218063883464911,13.556000000000001,13.825,13.501,12.637666666666666,59.854014292716705,5336976.95,12.436666666666667,13.4335,False,True,14.42,75474499.14,72157455.59300001
2025-03-10,13.86,14.62,13.86,14.57,5632560.0,83263549.0,129943077.0,0.04334636465473263,13.758,13.848999999999998,13.5505,12.695833333333333,68.7499997265625,5325996.35,12.474499999999999,13.4455,False,False,14.42,82066399.2,72287150.76500002
2025-03-11,14.58,14.83,14.1,14.42,5509852.0,82169331.0,129943077.0,0.04240204347323559,13.953999999999999,13.849,13.628499999999999,12.748166666666666,65.08379862816392,5183853.95,12.517333333333333,13.441999999999998,False,False,14.57,79452065.84,70888967.957
2025-03-12,14.42,14.71,14.26,14.36,2664400.0,39628075.0,129943077.0,0.020504362844970956,14.138,13.881,13.7005,12.8015,66.19318155491345,4994573.95,12.553666666666665,13.4545,False,False,14.57,38260784.0,68635307.157
2025-03-13,14.48,14.65,14.26,14.43,3398300.0,50511369.0,129943077.0,0.02615222048343522,14.309999999999999,13.930000000000001,13.782500000000002,12.855833333333331,63.27160466487577,4900883.95,12.591666666666667,13.4785,False,False,14.57,49037469.0,67715672.657
2025-03-14,14.51,14.55,14.15,14.48,3109036.0,46115178.0,129943077.0,0.023926138058128328,14.451999999999998,14.004,13.856,12.910666666666666,52.96442658438658,4734145.35,12.637666666666666,13.501,False,False,14.57,45018841.28,65774917.617
2025-03-17,14.48,14.89,14.36,14.79,4150736.0,62676866.0,129943077.0,0.0319427251980496,14.495999999999999,14.127,13.934000000000001,12.971166666666669,56.727272438479325,4658772.15,12.695833333333333,13.5505,False,False,14.57,61389385.44,65101487.589
2025-03-18,14.83,15.14,14.74,14.93,3280508.0,50498210.0,129943077.0,0.025245731252000442,14.597999999999999,14.276,14.018,13.040666666666665,67.72908328756687,4555477.55,12.748166666666666,13.628499999999999,False,False,14.79,48977984.44,64008396.811000004
2025-03-19,14.87,15.01,14.65,14.96,2474800.0,38026172.0,129943077.0,0.019045262411324922,14.718,14.428,14.098999999999998,13.112333333333334,70.90163893744962,4391817.55,12.8015,13.7005,False,False,14.93,37023008.0,62025631.211
2025-03-20,14.96,15.06,14.66,14.82,4201700.0,64423988.0,129943077.0,0.03233492770068851,14.796000000000001,14.552999999999997,14.179000000000002,13.187166666666666,72.68907520266927,4393689.5,12.855833333333331,13.782500000000002,False,False,14.96,62269194.0,62386514.39000001
2025-03-21,14.72,14.83,13.84,14.01,4633500.0,69154728.0,129943077.0,0.035657921198833854,14.702000000000002,14.577000000000002,14.201000000000002,13.249666666666664,57.47508278915242,4319099.5,12.910666666666666,13.856,False,False,14.96,64915335.0,61476265.09000001
2025-03-24,14.02,14.59,13.91,14.34,4152800.0,60981734.0,129943077.0,0.03195860907618803,14.612,14.554000000000002,14.2015,13.316666666666666,63.975155001350245,4009484.6,12.971166666666669,13.934000000000001,True,False,14.96,59551152.0,57041559.973000005
2025-03-25,14.34,14.57,13.81,13.94,3638200.0,52948775.0,129943077.0,0.027998413489931442,14.413999999999998,14.506,14.1775,13.375333333333336,56.906077127987544,3871124.6,13.040666666666665,14.018,False,True,14.96,50716508.0,54959091.973000005
2025-03-26,13.95,13.98,13.57,13.66,5197700.0,73595192.0,129943077.0,0.03999982238376578,14.154,14.436000000000002,14.1585,13.431833333333334,51.19363376214566,3852164.1,13.112333333333334,14.098999999999998,True,False,14.96,71000582.0,54594130.253
2025-03-27,13.57,13.63,13.3,13.39,2822700.0,39058646.0,129943077.0,0.021722588576227112,13.868,14.331999999999999,14.131,13.479833333333334,45.052083169080966,3750029.2,13.187166666666666,14.179000000000002,True,True,14.96,37795953.0,53092745.496999994
2025-03-28,13.4,14.0,13.4,13.51,4592900.0,64768855.0,129943077.0,0.03534547669669235,13.768,14.235,14.119499999999999,13.5275,33.22784795405384,3787024.2,13.249666666666664,14.201000000000002,True,True,14.96,62050079.0,53548238.447
2025-03-31,13.31,13.55,12.16,12.66,8180127.0,105974153.0,129943077.0,0.06295161842288835,13.431999999999999,14.022,14.0745,13.556833333333334,27.202072440199743,4020655.05,13.316666666666666,14.2015,True,True,14.96,103560407.82000001,56348167.058000006
2025-04-01,12.66,13.14,12.65,12.78,5298027.0,70408336.0,129943077.0,0.04077190660953796,13.2,13.806999999999999,14.0415,13.585333333333333,29.846938668913992,4154216.4,13.375333333333336,14.1775,True,True,14.96,67708785.06,57968396.711
2025-04-02,12.78,12.97,12.64,12.84,2172000.0,28732790.0,129943077.0,0.016715011296831152,13.036000000000001,13.594999999999999,14.011500000000002,13.612666666666666,29.667519075359266,4182056.4,13.431833333333334,14.1585,True,True,14.96,27888480.0,58277406.311000004
2025-04-03,12.7,13.13,12.6,12.9,3266000.0,43115566.0,129943077.0,0.025134082364387907,12.937999999999999,13.403,13.978,13.639833333333334,29.846938668913992,4192846.4,13.479833333333334,14.131,True,True,14.96,42131400.0,58314415.611
2025-04-07,12.6,12.6,11.61,11.61,3712600.0,44708265.0,129943077.0,0.02857097188794444,12.558,13.163,13.870000000000001,13.646833333333332,17.55102035801751,4104422.3,13.5275,14.119499999999999,True,True,14.96,43103286.0,56695854.953999996
2025-04-08,11.5,11.59,10.47,10.69,6133388.0,68679180.0,129943077.0,0.04720057537193767,12.164,12.798,13.676000000000002,13.635666666666667,12.676056306784389,4129463.7,13.556833333333334,14.0745,True,True,14.96,65565917.72,55870830.879999995
2025-04-09,10.53,10.93,9.73,10.82,5759800.0,61457614.0,129943077.0,0.04432556264617314,11.772,12.485999999999999,13.496,13.627833333333333,14.18685117671005,4141961.1,13.585333333333333,14.0415,True,True,14.96,62321036.0,55014279.388
2025-04-10,10.93,11.72,10.87,11.29,6557600.0,75910327.0,129943077.0,0.0504651740700276,11.462,12.248999999999999,13.342500000000001,13.6125,21.112929575191302,4336621.1,13.612666666666666,14.011500000000002,True,True,14.96,74035304.0,56803005.388
2025-04-11,11.12,11.43,11.02,11.28,4696700.0,54319217.0,129943077.0,0.0361442880100492,11.138,12.038,13.184999999999999,13.5935,24.293785246683044,4401541.1,13.639833333333334,13.978,True,True,14.96,52978776.0,57000070.738
2025-04-14,11.28,11.72,11.28,11.57,4491600.0,53589771.0,129943077.0,0.03456590457681712,11.129999999999999,11.844,13.0395,13.573833333333335,23.719165022377922,4470669.3,13.646833333333332,13.870000000000001,True,True,14.96,51967812.0,57347519.274000004
2025-04-15,11.58,11.58,11.24,11.27,3714000.0,43381042.0,129943077.0,0.02858174583629415,11.245999999999999,11.705,12.863499999999998,13.541666666666666,24.177949644392413,4448832.5,13.635666666666667,13.676000000000002,True,True,14.96,41856780.0,56370889.002
2025-04-16,11.4,11.46,10.95,11.17,4969600.0,57690434.0,129943077.0,0.0382444383705028,11.315999999999999,11.544,12.6755,13.4915,25.050100130119944,4533287.1,13.627833333333333,13.496,True,True,14.96,55510432.0,56697511.379999995
2025-04-17,11.15,11.29,10.72,10.73,6031100.0,68249353.0,129943077.0,0.046413399922798505,11.203999999999999,11.333,12.464,13.416833333333333,24.224806135824167,4711102.1,13.6125,13.342500000000001,True,True,14.96,64713703.0,58082046.129999995
2025-04-18,10.81,10.81,10.56,10.71,3054400.0,33712624.0,129943077.0,0.023505677028103623,11.09,11.114,12.2585,13.353666666666667,22.3320157484885,4653737.1,13.5935,13.184999999999999,True,True,14.82,32712624.000000004,56604217.629999995
2025-04-21,10.79,10.9,10.62,10.83,2608480.0,29116064.0,129943077.0,0.020074020565174086,10.942,11.036,12.0995,13.29,28.86836018379745,4552486.1,13.573833333333335,13.0395,True,True,14.34,28249838.4,54770942.8
2025-04-22,10.85,11.05,10.64,10.78,4826400.0,53934409.0,129943077.0,0.03714241736787563,10.844,11.045,11.9215,13.217666666666666,26.52582150907007,4586166.1,13.541666666666666,12.863499999999998,True,True,14.34,52028592.0,54394814.8
2025-04-23,10.78,10.99,10.75,10.96,3640600.0,40836516.0,129943077.0,0.028016883115673796,10.802000000000001,11.059,11.7725,13.142166666666666,28.5388126941682,4586286.1,13.4915,12.6755,True,True,13.94,39900976.0,53854038.2
2025-04-24,10.97,10.97,10.74,10.82,2690300.0,30116746.0,129943077.0,0.020703680889440537,10.819999999999999,11.012,11.630500000000001,13.075,26.681614266021853,4460916.1,13.416833333333333,12.464,True,True,13.66,29109046.0,51759461.4
2025-04-25,10.88,10.88,10.43,10.67,4701500.0,51405914.0,129943077.0,0.03618122726153391,10.812000000000001,10.951,11.494499999999999,13.016333333333334,35.84337334282917,4554856.1,13.353666666666667,12.2585,True,True,13.51,50165005.0,52377914.0
2025-04-28,10.72,10.72,10.4,10.48,2715900.0,29406431.0,129943077.0,0.020900690230692322,10.742,10.842,11.343,12.965333333333332,45.9459456975895,4461006.1,13.29,12.0995,True,True,13.51,28462632.0,50698541.65
2025-04-29,10.48,10.66,10.37,10.47,2410435.0,26129561.0,129943077.0,0.01854993013594714,10.680000000000001,10.762,11.233500000000001,12.917833333333334,42.914979513842226,4172521.5,13.217666666666666,11.9215,True,True,12.9,25237254.450000003,46782383.9815
2025-04-30,10.4,10.67,10.39,10.41,3676535.0,39745119.0,129943077.0,0.0282934272827786,10.569999999999999,10.686000000000002,11.115,12.866166666666667,28.640776504383126,4091446.9,13.142166666666666,11.7725,True,True,12.9,38272729.35,45310581.196
2025-05-06,10.55,10.67,10.42,10.62,4944800.0,53995069.0,129943077.0,0.03805358557116514,10.530000000000001,10.675,11.004000000000001,12.823333333333332,35.39822986921452,4230086.9,13.075,11.630500000000001,True,True,12.9,52513775.99999999,46541845.99600001
2025-05-07,10.69,10.87,10.55,10.69,4966200.0,54891392.0,129943077.0,0.038218273067367796,10.534,10.672999999999998,10.8935,12.783333333333333,28.431372353902333,4315096.9,13.016333333333334,11.494499999999999,True,True,12.9,53088678.0,47089709.896000005
2025-05-08,10.66,11.01,10.62,10.93,6088900.0,68289043.0,129943077.0,0.04685821007609355,10.623999999999999,10.683,10.8595,12.743500000000001,41.41414112131416,4433911.9,12.965333333333332,11.343,True,True,11.61,66551677.0,48262129.446
2025-05-09,11.01,11.33,10.88,11.19,9203500.0,105976368.0,129943077.0,0.07082716688323457,10.767999999999999,10.724,10.884500000000001,12.703666666666665,50.467289389466316,4587417.5,12.917833333333334,11.233500000000001,False,True,11.57,102987165.0,50133191.81
2025-05-12,11.3,12.32,11.12,12.32,15186436.0,183675442.0,129943077.0,0.11686991220009359,11.149999999999999,10.860000000000001,10.9595,12.694666666666667,78.0918724051992,5058749.3,12.866166666666667,11.115,False,False,11.57,187096891.52,56371984.586
2025-05-13,12.32,13.55,11.81,12.83,26271136.0,343486222.0,129943077.0,0.2021741873943773,11.591999999999999,11.061,11.0365,12.693166666666666,81.92771049789516,6044426.1,12.823333333333332,11.004000000000001,False,False,12.32,337058674.88,69523153.13
2025-05-14,12.5,12.67,12.19,12.34,14623172.0,186450491.0,129943077.0,0.11253521416920118,11.922,11.228,11.0895,12.685666666666666,70.46070433971546,6540749.7,12.783333333333333,10.8935,False,False,12.83,180449942.48,75896711.454
2025-05-15,12.21,12.21,11.88,11.88,8858200.0,109543046.0,129943077.0,0.06816984947955326,12.112,11.368,11.105,12.666833333333333,63.414633929803706,6759079.7,12.743500000000001,10.8595,False,False,12.83,105235416.0,78560091.654
2025-05-16,11.74,12.57,11.74,12.16,12241174.0,153638825.0,129943077.0,0.09420412601126876,12.306000000000001,11.537,11.1495,12.649000000000001,64.28571407142857,7185438.4,12.703666666666665,10.884500000000001,False,False,12.83,148852675.84,83909886.44600001
2025-05-19,12.4,12.43,11.65,11.73,13357736.0,162541327.0,129943077.0,0.10279682695215844,12.188,11.669,11.1775,12.623666666666667,60.13363010203323,7604845.2,12.694666666666667,10.9595,False,False,12.83,156686243.28,88968677.01
2025-05-20,11.62,11.77,11.33,11.69,9789590.0,116784829.0,129943077.0,0.07533752644629156,11.959999999999999,11.776,11.2255,12.596166666666667,61.64383541940327,7792769.7,12.693166666666666,11.0365,False,False,12.83,114440307.1,91455007.215
2025-05-21,11.7,11.71,11.44,11.47,5951500.0,70829823.0,129943077.0,0.04580082400234373,11.786,11.854,11.2635,12.567,61.22448960155492,7937624.7,12.685666666666666,11.0895,False,False,12.83,68263705.0,93232561.265
2025-05-22,11.46,11.62,11.34,11.52,5815708.0,68902175.0,129943077.0,0.044755812577841295,11.714,11.913,11.298,12.532833333333334,61.79775261456887,8097986.1,12.666833333333333,11.105,False,False,12.83,66996956.16,95169917.153
2025-05-23,11.59,11.8,11.3,11.35,9304500.0,110960758.0,129943077.0,0.07160443029989201,11.552000000000001,11.929,11.3265,12.483166666666667,60.30701735870653,8321891.1,12.649000000000001,11.1495,False,False,12.83,105606075.0,97848791.303
2025-05-26,11.22,11.65,11.22,11.51,5717754.0,67194528.0,129943077.0,0.04400199019452187,11.508,11.847999999999999,11.354,12.434666666666667,59.866962120146916,8425748.8,12.623666666666667,11.1775,False,False,12.83,65811348.54,99144309.92999999
2025-05-27,11.45,11.99,11.45,11.71,9132400.0,111042177.0,129943077.0,0.07028000422061731,11.512,11.736,11.3985,12.395833333333332,60.99137912631914,8747853.8,12.596166666666667,11.2255,False,False,12.83,106940404.00000001,103035877.83
2025-05-28,11.66,11.89,11.58,11.59,6155300.0,74248003.0,129943077.0,0.047369203054965364,11.536,11.661000000000001,11.444500000000001,12.356666666666666,57.300884778271595,8820543.8,12.567,11.2635,False,False,12.83,71339927.0,104094623.92999999
2025-05-29,11.59,11.9,11.5,11.81,6547836.0,79382255.0,129943077.0,0.05039003347596579,11.594,11.654,11.511,12.3245,56.91964267926898,9012140.6,12.532833333333334,11.298,False,False,12.83,77329943.16,106537989.488
2025-05-30,11.93,12.06,11.77,11.78,9130900.0,111597346.0,129943077.0,0.07026846070452834,11.680000000000001,11.616,11.5765,12.294833333333335,42.0118341455131,9348163.85,12.483166666666667,11.3265,False,False,12.83,107562002.0,110654226.8655
2025-06-03,11.78,12.09,11.39,12.09,13516637.0,164415423.0,129943077.0,0.10401967778552758,11.796,11.652,11.6605,12.272333333333334,38.364779705312294,9840168.95,12.434666666666667,11.354,False,False,12.83,163416141.32999998,116911397.4645
2025-06-04,12.0,12.18,11.91,11.94,8969200.0,111190210.0,129943077.0,0.06902406967013718,11.841999999999999,11.677,11.7265,12.247333333333334,42.9577462671097,10041388.95,12.395833333333332,11.3985,False,False,12.83,107092248.0,119640321.0645
2025-06-05,11.92,12.11,11.69,11.71,6484500.0,78887506.0,129943077.0,0.049902620052625045,11.866,11.701,11.7775,12.216333333333333,46.74329476842677,10117303.95,12.356666666666666,11.444500000000001,False,False,12.83,75933495.0,120782561.9145
2025-06-06,11.75,11.8,11.57,11.7,3971300.0,47285621.0,129943077.0,0.030561843629422443,11.844,11.719,11.816,12.181833333333334,40.17093993060121,10011423.95,12.3245,11.511,True,False,12.83,46464210.0,119778188.5645
2025-06-09,11.7,11.91,11.7,11.82,4275655.0,51531691.0,129943077.0,0.03290406152226178,11.852,11.766,11.8475,12.136,52.21674840835739,9765031.7,12.294833333333335,11.5765,True,True,12.83,50538242.1,117155742.41950002
2025-06-10,11.82,11.89,11.38,11.54,5537500.0,65529859.0,129943077.0,0.04261481356178752,11.742,11.769,11.808499999999999,12.088,46.69603495429758,9282584.9,12.272333333333334,11.6605,True,True,12.83,63902749.99999999,110996035.34349999
2025-06-11,11.55,11.63,11.43,11.45,4048136.0,47466610.0,129943077.0,0.031153148697563936,11.644,11.742999999999999,11.739500000000001,12.0395,49.532709956328034,8171434.9,12.247333333333334,11.7265,True,True,12.83,46351157.199999996,96460659.4595
2025-06-12,11.45,11.49,11.28,11.33,4084700.0,47197184.0,129943077.0,0.03143453344574871,11.568000000000001,11.716999999999999,11.689,11.987833333333334,45.70135717655251,7644511.3,12.216333333333333,11.7775,True,True,12.34,46279651.0,89752144.8855
2025-06-13,11.19,11.28,10.92,10.96,5069800.0,57171339.0,129943077.0,0.039015545245246114,11.42,11.632,11.643,11.929166666666667,41.90871344949299,7455091.3,12.181833333333334,11.816,True,True,12.16,55565008.00000001,87268624.48550001
2025-06-16,10.85,11.09,10.83,10.98,3164000.0,35458884.0,129943077.0,0.024349123270337825,11.251999999999999,11.552000000000001,11.584,11.865666666666666,38.3259909530556,7001232.6,12.136,11.8475,True,True,12.16,34740720.0,81563026.6935
2025-06-17,10.98,11.03,10.89,11.01,2094562.0,23405427.0,129943077.0,0.016119073430899286,11.146,11.443999999999999,11.548,11.800333333333333,33.333333111111116,6438073.9,12.088,11.808499999999999,True,True,12.09,23061127.62,74881770.9105
2025-06-18,11.01,11.05,10.81,10.95,2536800.0,28201912.0,129943077.0,0.01952239440966909,11.046,11.345,11.511,11.7335,34.31372525470974,6075434.4,12.0395,11.739500000000001,True,True,12.09,27777960.0,70548653.5555
2025-06-19,11.01,11.01,10.75,10.76,3333500.0,36829949.0,129943077.0,0.02565354058839164,10.931999999999999,11.25,11.4755,11.665833333333333,23.880596848592873,5944534.4,11.987833333333334,11.689,True,True,12.09,35868460.0,68928891.3055
2025-06-20,10.8,11.82,10.8,11.27,13560300.0,155523236.0,129943077.0,0.10435569414752277,10.994,11.207,11.463,11.620166666666668,39.75903592103354,6331764.0,11.929166666666667,11.643,True,True,12.09,152824581.0,73220272.5475
2025-06-23,11.07,11.32,11.03,11.17,7508600.0,85459228.0,129943077.0,0.05778376327043572,11.032,11.142,11.453999999999999,11.567333333333332,29.8245612203755,6241969.0,11.865666666666666,11.584,True,True,12.09,83871062.0,72133521.89750001
2025-06-24,11.24,11.25,11.13,11.21,5321700.0,60693800.0,129943077.0,0.04095408638045411,11.072,11.108999999999998,11.439,11.521833333333332,33.17972328824145,6222166.3,11.800333333333333,11.548,True,True,12.09,59656257.00000001,71825767.3205
2025-06-25,11.16,11.27,11.09,11.27,5249782.0,59799397.0,129943077.0,0.04040062865372966,11.136,11.091,11.417,11.482,38.99999972699997,6028035.4,11.7335,11.511,True,True,12.09,59165043.14,69436999.2775
2025-06-26,11.21,11.43,11.18,11.24,4680000.0,53768916.0,129943077.0,0.03601577019759198,11.232000000000001,11.082,11.3995,11.446166666666667,38.61386111851781,5954270.4,11.665833333333333,11.4755,True,True,12.09,52603200.0,68500162.9275
2025-06-27,11.32,11.48,11.26,11.29,4413000.0,50979701.0,129943077.0,0.033961024333755,11.236,11.114999999999998,11.3735,11.409166666666666,36.410256148849385,5847528.6,11.620166666666668,11.463,True,True,12.09,49822769.99999999,67124804.26949999
2025-06-30,11.29,11.43,11.01,11.34,6119400.0,70447973.0,129943077.0,0.04709292823656931,11.27,11.151,11.3515,11.387166666666667,44.18604615197405,5696953.6,11.567333333333332,11.453999999999999,True,True,12.09,69393996.0,65216403.96949999
2025-07-01,11.46,11.47,11.33,11.45,4375700.0,50855655.0,129943077.0,0.03367397556700924,11.318000000000001,11.195,11.3195,11.365,49.999999597701155,5239906.75,11.521833333333332,11.439,True,True,12.09,50101765.0,59550685.153
2025-07-02,11.48,11.77,11.41,11.69,8713783.0,103177609.0,129943077.0,0.06705846283753925,11.402,11.269,11.306999999999999,11.345833333333333,59.67741890565384,5227135.9,11.482,11.417,False,True,11.94,101864123.27,59289278.916499995
2025-07-03,11.68,11.7,11.5,11.55,5126099.0,60435094.0,129943077.0,0.0394488041867748,11.463999999999999,11.347999999999999,11.299000000000001,11.323333333333334,68.09815892431034,5159215.85,11.446166666666667,11.3995,False,False,11.82,59206443.45,58452926.339
2025-07-04,11.55,11.7,11.4,11.43,5511000.0,64576215.0,129943077.0,0.04241087811088235,11.491999999999999,11.364,11.285499999999999,11.320333333333334,63.00577983694745,5236200.85,11.409166666666666,11.3735,False,False,11.82,62990730.0,59279252.339
2025-07-07,11.33,11.48,11.33,11.45,4178100.0,48568242.0,129943077.0,0.03215330971422202,11.514,11.392,11.267,11.333,62.790697163331544,5231323.1,11.387166666666667,11.3515,False,False,11.82,47839245.0,59144302.484000005
2025-07-08,11.45,11.58,11.41,11.47,4448300.0,52057996.0,129943077.0,0.03423268174571547,11.517999999999999,11.418000000000001,11.2635,11.343833333333333,65.47618993055562,5176863.1,11.365,11.3195,False,False,11.69,51022001.0,58500265.034
2025-07-09,11.46,11.53,11.38,11.41,3387200.0,39514254.0,129943077.0,0.026066798464376827,11.462,11.431999999999999,11.2615,11.345833333333333,70.96774129448494,5143816.3,11.345833333333333,11.306999999999999,False,False,11.69,38647952.0,58115104.774000004
2025-07-10,11.38,11.47,11.33,11.4,2948406.0,34204286.0,129943077.0,0.022689981398547304,11.432,11.447999999999999,11.265,11.347833333333334,56.190475441269896,5087001.6,11.323333333333334,11.299000000000001,False,False,11.69,33611828.4,57481713.64400001
2025-07-11,11.36,11.48,11.32,11.37,4167700.0,48376501.0,129943077.0,0.03207327466933848,11.42,11.456,11.2855,11.3445,60.20408077259472,5041896.6,11.320333333333334,11.285499999999999,False,False,11.69,47386749.0,57072800.694000006
2025-07-14,11.38,11.58,11.38,11.5,6335836.0,74171959.0,129943077.0,0.048758549868724445,11.43,11.472,11.3115,11.348333333333333,63.55140103764518,5200488.4,11.333,11.267,False,False,11.69,72862114.0,58978870.39400001
2025-07-15,11.48,11.76,11.24,11.66,9390299.0,110148063.0,129943077.0,0.0722647117245038,11.468,11.492999999999999,11.344,11.3565,66.66666586894587,5565275.25,11.343833333333333,11.2635,False,False,11.69,109490886.34,63300358.33
2025-07-16,11.74,11.97,11.55,11.55,6263699.0,74613981.0,129943077.0,0.048203406788651,11.495999999999999,11.479000000000001,11.373999999999999,11.370166666666668,62.399999301120005,5751620.2,11.345833333333333,11.2615,False,False,11.69,72345723.45,65528746.5025
2025-07-17,11.6,11.73,11.51,11.63,4238100.0,50135022.0,129943077.0,0.032615050357780895,11.542,11.487,11.4175,11.3855,63.281249307861366,5796850.2,11.347833333333334,11.265,False,False,11.69,49289103.0,66199778.652499996
2025-07-18,11.59,11.68,11.49,11.52,3686800.0,43348521.0,129943077.0,0.028372423411214126,11.572,11.495999999999999,11.43,11.397,56.71641731788815,5303175.2,11.3445,11.2855,False,False,11.69,42471936.0,60682146.402499996
2025-07-21,11.57,11.84,11.57,11.73,6890500.0,82361583.0,129943077.0,0.05302706507404007,11.618,11.524,11.458000000000002,11.412833333333335,59.72222164158953,5272270.2,11.348333333333333,11.3115,False,False,11.69,80825565.0,60529871.552499995
2025-07-22,11.71,11.87,11.65,11.74,4517600.0,54008546.0,129943077.0,0.03476599218902597,11.634,11.550999999999998,11.4845,11.425833333333335,52.06611510006151,5232065.2,11.3565,11.344,False,False,11.73,53036624.0,60198889.902499996
2025-07-23,11.74,12.91,11.64,12.09,26866789.0,340045875.0,129943077.0,0.20675814072034018,11.742,11.619,11.5255,11.447,69.0140838266216,6312915.55,11.370166666666668,11.373999999999999,False,False,11.74,324819479.01,73481611.69600001
2025-07-24,11.76,12.17,11.74,12.02,17625854.0,214914835.0,129943077.0,0.13564288615391185,11.82,11.681,11.5645,11.4695,71.53284598433581,6960208.25,11.3855,11.4175,False,False,12.09,211862765.07999998,81444589.95
2025-07-25,12.06,12.1,11.84,11.9,8300698.0,100989201.0,129943077.0,0.0638794939417973,11.895999999999999,11.734,11.594999999999999,11.493166666666667,65.30612182701651,7154593.15,11.397,11.43,False,False,12.09,98778306.2,83892366.76
2025-07-28,11.89,11.98,11.78,11.97,8487500.0,102793365.0,129943077.0,0.06531706187009871,11.943999999999999,11.781,11.6265,11.518166666666666,66.44736780903736,7272998.15,11.412833333333335,11.458000000000002,False,False,12.09,101595375.0,85502435.71000001
2025-07-29,11.92,12.02,11.69,11.73,7941700.0,95283568.0,129943077.0,0.061116761149191505,11.942,11.788,11.6405,11.540166666666666,59.411764216609,7451298.15,11.425833333333335,11.4845,False,False,12.09,93156141.0,87655154.51
2025-07-30,11.69,11.79,11.48,11.57,6753799.0,80171926.0,129943077.0,0.05197505827878772,11.838000000000001,11.79,11.6345,11.556000000000001,54.594594181446304,7353298.95,11.447,11.5255,False,False,12.09,78141454.43,86469021.068
2025-07-31,11.62,11.67,11.41,11.46,4839499.0,56914311.0,129943077.0,0.03724322304604192,11.726,11.773,11.629999999999999,11.568833333333334,52.33160583800912,7338968.95,11.4695,11.5645,True,False,12.09,55460658.54000001,86281731.8225
2025-08-01,11.48,11.63,11.47,11.52,4066000.0,47813936.0,129943077.0,0.03129062427850619,11.65,11.773,11.634500000000001,11.578666666666667,50.53763402821134,7266718.95,11.493166666666667,11.594999999999999,True,True,12.09,46840320.0,85474211.3225
2025-08-04,11.46,11.64,11.36,11.63,3938100.0,46294617.0,129943077.0,0.030306347139986534,11.582,11.763,11.6435,11.586000000000002,49.171270337901795,7254718.95,11.518166666666666,11.6265,True,True,12.09,45800103.0,85372254.2225
2025-08-05,11.67,11.76,11.61,11.69,3574210.0,42515529.0,129943077.0,0.027505967093575903,11.574,11.758000000000001,11.6545,11.5755,53.97727229790803,7211014.45,11.540166666666666,11.6405,True,True,12.09,41782514.9,84910279.9175
2025-08-06,11.64,11.91,11.6,11.83,7029154.0,84320771.0,129943077.0,0.05409410152724027,11.626,11.732000000000001,11.6755,11.558833333333332,55.49450506762467,7393112.15,11.556000000000001,11.6345,False,True,12.09,83154891.82000001,87135626.9085
2025-08-07,11.82,11.82,11.71,11.75,3884600.0,46519815.0,129943077.0,0.029894628399479872,11.684000000000001,11.705000000000002,11.693,11.549000000000001,56.42458056427704,7439921.85,11.568833333333334,11.629999999999999,False,False,12.09,45644050.0,87737237.9885
2025-08-08,11.71,11.79,11.65,11.72,3076365.0,36712051.0,129943077.0,0.02367471258203313,11.724,11.687000000000001,11.7105,11.546333333333335,49.68944056170673,7385355.1,11.578666666666667,11.634500000000001,False,False,12.09,36054997.800000004,87170650.4285
2025-08-11,11.72,12.17,11.68,11.88,7151527.0,86648281.0,129943077.0,0.055035844656810766,11.774000000000001,11.678,11.7295,11.541666666666666,53.97727229790809,7426139.65,11.586000000000002,11.6435,False,False,12.09,84960140.76,87775551.7665
2025-08-12,11.88,12.15,11.88,12.08,8703962.0,106716412.0,129943077.0,0.06698288358986605,11.852,11.713,11.750499999999999,11.547500000000001,49.68944056170673,7391822.8,11.5755,11.6545,False,False,12.09,105143860.96,87558200.4975
2025-08-13,12.02,12.13,11.97,12.05,5225900.0,64044013.0,129943077.0,0.04021684048623845,11.896,11.761000000000001,11.775500000000001,11.553500000000001,50.9554135583594,7339932.85,11.558833333333332,11.6755,False,False,12.09,62972095.0,87089519.075
2025-08-14,12.04,12.13,11.81,11.81,5337600.0,65054946.0,129943077.0,0.041076447650997217,11.908000000000001,11.796000000000001,11.7845,11.559166666666666,47.33727771436575,7394907.85,11.549000000000001,11.693,False,False,12.09,63037056.0,87776916.725
2025-08-15,11.82,11.93,11.82,11.92,3527636.0,42776609.0,129943077.0,0.027147548614690722,11.948,11.836,11.8045,11.565833333333334,48.55491290186773,7386949.65,11.546333333333335,11.7105,False,False,12.09,42049421.12,87755790.98099999
2025-08-18,11.98,12.07,11.92,12.07,5131700.0,62791172.0,129943077.0,0.03949190767585102,11.986,11.879999999999999,11.8215,11.577833333333333,60.365853143218345,7299009.65,11.541666666666666,11.7295,False,False,12.09,61939619.0,86811493.681
2025-08-19,12.07,12.25,11.98,12.02,4544300.0,55889208.0,129943077.0,0.03497146677540967,11.974,11.913,11.8355,11.586333333333332,64.70588176086122,7300344.65,11.547500000000001,11.750499999999999,False,False,12.09,54622486.0,86890786.78099999
2025-08-20,11.99,12.17,11.94,12.16,4985986.0,61436403.0,129943077.0,0.03837053974025873,11.996,11.946,11.839,11.593833333333334,72.43589678583169,6206304.5,11.553500000000001,11.775500000000001,False,False,12.09,60629589.76,73681292.3185
2025-08-21,12.15,12.44,12.11,12.3,7824286.0,98121157.0,129943077.0,0.06021318088381115,12.094,12.001000000000001,11.853,11.605666666666668,73.78048717504466,5716226.1,11.559166666666666,11.7845,False,False,12.16,96238717.80000001,67900089.9545
2025-08-22,12.27,12.27,12.1,12.17,5939586.0,73666524.0,129943077.0,0.045709137701887725,12.144,12.046000000000001,11.8665,11.611666666666666,66.26505968210188,5598170.5,11.565833333333334,11.8045,False,False,12.3,72284761.62,66575412.7255
2025-08-25,12.2,12.38,12.13,12.26,5562086.0,69589949.0,129943077.0,0.04280401948616316,12.181999999999999,12.084,11.881,11.619666666666665,66.86390477154161,5451899.8,11.577833333333333,11.8215,False,False,12.3,68191174.36,64905202.693500005
2025-08-26,12.28,12.61,12.13,12.29,7798900.0,97954876.0,129943077.0,0.060017818417521386,12.236,12.105,11.909,11.623,64.55696145329271,5444759.8,11.586333333333332,11.8355,False,False,12.3,95848481.0,65039819.693500005
2025-08-27,12.31,12.46,11.93,11.93,8464700.0,105364018.0,129943077.0,0.06514160042554633,12.19,12.093,11.927000000000001,11.622833333333334,54.838709264654874,5530304.85,11.593833333333334,11.839,False,False,12.3,100983871.0,66181940.522
2025-08-28,11.89,12.07,11.53,11.8,6479236.0,77829372.0,129943077.0,0.04986211000683014,12.09,12.092,11.943999999999999,11.624333333333334,52.040815954810505,5612291.7,11.605666666666668,11.853,False,False,12.3,76454984.80000001,67231656.83500001
2025-08-29,11.93,11.93,11.6,11.63,4365712.0,51911548.0,129943077.0,0.03359711114121147,11.982,12.063,11.949499999999999,11.623166666666668,43.654822024788054,5627277.3,11.611666666666666,11.8665,True,False,12.3,50773230.56,67428302.363
2025-09-01,11.62,11.7,11.53,11.58,3468400.0,40984580.0,129943077.0,0.026691687468659835,11.846,12.014,11.947,11.619166666666667,36.26373598478445,5603792.3,11.619666666666665,11.881,True,True,12.3,40164072.0,67146500.813
2025-09-02,11.58,11.64,11.25,11.44,5252300.0,61071676.0,129943077.0,0.04042000636940435,11.676,11.956,11.9345,11.617500000000001,34.19689094364948,5687696.8,11.623,11.909,True,True,12.3,60086312.0,68061690.668
2025-09-03,11.48,11.48,11.01,11.07,4398300.0,50247886.0,129943077.0,0.033847897876083076,11.504000000000001,11.847,11.8965,11.611166666666666,32.038834733716655,5556154.1,11.622833333333334,11.927000000000001,True,True,12.3,48689181.0,66338405.127
2025-09-04,11.09,11.34,11.03,11.31,5842778.0,66936136.0,129943077.0,0.04496413456486027,11.406,11.748,11.874500000000001,11.610833333333334,36.07305913012658,5654063.0,11.624333333333334,11.943999999999999,True,True,12.3,66081819.18,67360293.586
2025-09-05,11.32,11.38,11.21,11.31,3382578.0,38919437.0,129943077.0,0.02603122904346801,11.342000000000002,11.662,11.854000000000001,11.616666666666667,31.37254880430605,5669373.65,11.623166666666668,11.949499999999999,True,True,12.3,38256957.18,67470391.555
2025-09-08,11.14,11.38,11.14,11.33,3633400.0,41828094.0,129943077.0,0.02796147423844673,11.292,11.568999999999999,11.8265,11.6225,32.83582066681518,5493467.3,11.619166666666667,11.947,True,True,12.3,41166422.0,65280705.617000006
2025-09-09,11.3,11.43,11.25,11.26,3207000.0,36940085.0,129943077.0,0.024680037398221683,11.256,11.466,11.7855,11.626666666666667,26.804123517908366,5218619.2,11.617500000000001,11.9345,True,True,12.3,36110820.0,61829053.569000006
2025-09-10,11.26,11.31,11.19,11.23,1993039.0,22847324.0,129943077.0,0.015337785174965497,11.288,11.396,11.744499999999999,11.631333333333334,20.765027163546208,5056976.15,11.611166666666666,11.8965,True,True,12.3,22381827.970000003,59799540.217499994
2025-09-11,11.25,11.26,11.07,11.23,2834640.0,32328175.0,129943077.0,0.021814474964295328,11.272,11.339000000000002,11.7155,11.639166666666666,22.35294099238753,4931828.15,11.610833333333334,11.874500000000001,True,True,12.3,31833007.200000003,58239337.777499996
2025-09-12,11.23,11.26,11.09,11.11,2601000.0,29589176.0,129943077.0,0.020016456898277083,11.232,11.287,11.675,11.636500000000002,16.7630056446924,4885496.35,11.616666666666667,11.854000000000001,True,True,12.3,28897110.0,57581722.2215
2025-09-15,11.13,11.19,10.99,11.02,2771900.0,31193614.0,129943077.0,0.0213316481646806,11.169999999999998,11.231,11.6225,11.634000000000002,14.525139551200013,4767506.35,11.6225,11.8265,True,True,12.3,30546338.0,56012058.171500005
2025-09-16,10.99,11.11,10.99,11.11,2217600.0,25008203.0,129943077.0,0.017065934185935893,11.14,11.198,11.577,11.632333333333333,23.026315577389184,4651171.35,11.626666666666667,11.7855,True,True,12.3,24637536.0,54512810.671500005
2025-09-17,11.13,11.48,11.07,11.19,3943936.0,45083669.0,129943077.0,0.030351259113250026,11.132,11.209999999999999,11.5285,11.631,29.251700401684445,4599068.85,11.631333333333334,11.744499999999999,True,True,12.3,44132643.839999996,53687963.3755
2025-09-18,11.2,11.28,10.8,10.92,3724295.0,41907708.0,129943077.0,0.02866097283505146,11.069999999999999,11.171000000000001,11.4595,11.625666666666666,27.388534787618127,4394069.3,11.639166666666666,11.7155,True,True,12.3,40669301.4,50909492.5555
2025-09-19,10.95,11.01,10.74,10.76,3573001.0,39431234.0,129943077.0,0.027496663019608195,11.0,11.116,11.389,11.616833333333336,25.595237881944428,4275740.05,11.636500000000002,11.675,True,True,12.29,38445490.76,49217529.0125
2025-09-22,10.76,10.8,10.6,10.65,2734301.0,29729990.0,129943077.0,0.021042298390394433,10.926,11.048,11.308499999999999,11.605333333333334,26.060605839485774,4134350.8,11.634000000000002,11.6225,True,True,12.29,29120305.650000002,47263985.57700001
2025-09-23,10.6,10.69,10.31,10.69,3607800.0,38585888.0,129943077.0,0.027764464897194946,10.841999999999999,10.991,11.2285,11.592666666666666,35.60606022842053,3924795.8,11.632333333333333,11.577,True,True,12.29,38567382.0,44399930.627000004
2025-09-24,10.7,10.87,10.66,10.73,3068700.0,33643963.0,129943077.0,0.023615725214818487,10.75,10.940999999999999,11.168499999999998,11.576666666666666,24.107142555803563,3654995.8,11.631,11.5285,True,True,11.93,32927151.0,40997094.627000004
2025-09-25,10.65,10.78,10.63,10.65,1979300.0,21576183.0,129943077.0,0.015232054263267908,10.696,10.883000000000001,11.111,11.561666666666666,22.499999737499977,3429999.0,11.625666666666666,11.4595,True,True,11.8,21079545.0,38228322.637
2025-09-26,10.67,10.7,10.5,10.66,2020100.0,21848724.0,129943077.0,0.015546037900887941,10.675999999999998,10.838,11.0625,11.548833333333334,21.84873923875432,3312718.4,11.616833333333336,11.389,True,True,11.63,21534266.0,36766374.409
2025-09-29,10.7,10.76,10.48,10.66,2190000.0,23788965.0,129943077.0,0.016853533489898813,10.678,10.802,11.016499999999999,11.535666666666666,23.214285424107146,3248798.4,11.605333333333334,11.308499999999999,True,True,11.58,23345400.0,35925440.809
2025-09-30,10.68,10.71,10.5,10.5,2097700.0,22552093.0,129943077.0,0.016143222466557413,10.64,10.741,10.9695,11.5195,20.799999767039978,3091068.4,11.592666666666666,11.2285,True,True,11.44,22025850.0,34022417.70900001
2025-10-09,10.53,10.55,10.37,10.4,2556100.0,27141902.0,129943077.0,0.019670920983347193,10.574,10.662,10.936,11.502666666666666,19.25925905953359,2998958.4,11.576666666666666,11.168499999999998,True,True,11.33,26583440.0,32917130.659
2025-10-10,10.39,10.54,10.32,10.49,2148600.0,22939265.0,129943077.0,0.01653493244584319,10.542,10.619,10.895,11.4875,26.51515123393021,2814249.5,11.561666666666666,11.111,True,True,11.33,22538814.0,30739980.4
2025-10-13,10.3,10.39,10.06,10.34,2787900.0,29142840.0,129943077.0,0.021454779002962967,10.478,10.577000000000002,10.8465,11.470333333333334,25.362318583280825,2784515.6,11.548833333333334,11.0625,True,True,11.33,28826886.0,30268476.841000002
2025-10-14,10.37,10.51,10.36,10.48,2967098.0,31590494.0,129943077.0,0.02283382900037068,10.442,10.559999999999999,10.803999999999998,11.453333333333335,27.972027698175978,2751200.5,11.535666666666666,11.016499999999999,True,True,11.33,31095187.040000003,29764915.093000002
2025-10-15,10.54,10.57,10.38,10.54,2092000.0,22414054.0,129943077.0,0.01609935710541932,10.45,10.545,10.768,11.434666666666667,26.950354342336865,2695450.5,11.5195,10.9695,True,True,11.26,22049680.0,29061858.093000002
2025-10-16,10.56,10.65,10.47,10.52,3287495.0,35407186.0,129943077.0,0.025299500949942873,10.474,10.524,10.7325,11.417499999999999,32.75862029429247,2760173.3,11.502666666666666,10.936,True,True,11.23,34584447.4,29671989.064499997
2025-10-17,10.56,10.95,10.41,10.44,7040765.0,76220682.0,129943077.0,0.0541834560374463,10.464,10.503,10.693,11.397666666666668,35.185184729080916,2970479.55,11.4875,10.895,True,True,11.23,73505586.6,31755618.034499995
2025-10-20,10.48,10.57,10.32,10.44,3909900.0,41454288.0,129943077.0,0.030089329037513865,10.484,10.481,10.6595,11.379666666666667,39.17525716654262,3035924.55,11.470333333333334,10.8465,True,True,11.19,40819356.0,32351730.334499996
2025-10-21,10.48,10.83,10.44,10.78,5419070.0,58930339.0,129943077.0,0.04170341448817624,10.544,10.492999999999999,10.647499999999999,11.363833333333332,53.543306496373,3168283.05,11.453333333333335,10.803999999999998,True,True,11.19,58417574.599999994,33745292.1645
2025-10-22,10.73,10.84,10.7,10.72,3014436.0,33089043.0,129943077.0,0.02319812697678384,10.58,10.515,10.628,11.346833333333333,49.61240256234603,3208124.85,11.434666666666667,10.768,False,True,11.19,32314753.92,34129153.060499996
2025-10-23,10.77,10.8,10.63,10.78,3567736.0,39040451.0,129943077.0,0.0274561452781359,10.632,10.552999999999999,10.6075,11.325,55.11810962861924,3189314.85,11.417499999999999,10.7325,False,False,11.19,38460194.08,33845530.572500005
2025-10-24,10.74,10.79,10.57,10.61,3885600.0,42126341.0,129943077.0,0.029902324076872523,10.666,10.565,10.592,11.3015,48.25174777935349,3197380.1,11.397666666666668,10.693,False,False,10.92,41226216.0,33873376.3025
2025-10-27,10.73,10.75,10.63,10.7,3252400.0,35407002.0,129943077.0,0.0250294211518479,10.718,10.600999999999999,10.589,11.2815,51.315789001038766,3181350.05,11.379666666666667,10.6595,False,False,10.78,34800680.0,33691135.7645
2025-10-28,10.67,10.73,10.64,10.66,2161000.0,23507473.0,129943077.0,0.016630358845512023,10.693999999999999,10.619,10.5895,11.259666666666668,55.71428515714289,3152685.0,11.363833333333332,10.647499999999999,False,False,10.78,23036260.0,33386933.482
2025-10-29,10.66,10.7,10.6,10.6,2489100.0,26968743.0,129943077.0,0.019155310598039786,10.669999999999998,10.625,10.584999999999999,11.240833333333335,57.35294058607266,3096750.0,11.346833333333333,10.628,False,False,10.78,26384460.0,32777787.382
2025-10-30,10.56,10.65,10.46,10.47,2636400.0,28239680.0,129943077.0,0.020288883877976817,10.608,10.620000000000001,10.572,11.2225,49.28571379285716,3075135.0,11.325,10.6075,False,False,10.78,27603108.0,32511585.232
2025-10-31,10.51,10.58,10.44,10.52,1829700.0,19642912.0,129943077.0,0.014080780925327788,10.59,10.628,10.5655,11.206833333333334,56.9230763100592,3067655.0,11.3015,10.592,True,False,10.78,19248444.0,32420030.182
2025-11-03,10.52,10.63,10.45,10.54,2674100.0,28664797.0,129943077.0,0.02057901091567964,10.558,10.638000000000002,10.5595,11.190499999999998,52.54237225797182,3100355.0,11.2815,10.589,True,True,10.78,28185013.999999996,32752567.582
2025-11-04,10.53,10.66,10.42,10.66,6840600.0,73508765.0,129943077.0,0.05264305077214695,10.558,10.626000000000001,10.559499999999998,11.174333333333331,54.838709058272705,3332885.0,11.259666666666668,10.5895,True,True,10.78,72920796.0,35231337.382
2025-11-05,10.66,10.81,10.55,10.76,4520000.0,49322673.0,129943077.0,0.034784461814768325,10.59,10.629999999999999,10.572500000000002,11.158833333333332,59.09090846418738,3454000.0,11.240833333333335,10.584999999999999,False,True,10.78,48635200.0,36561804.882
2025-11-06,10.73,10.93,10.65,10.93,4135740.0,45681079.0,129943077.0,0.031827320819869456,10.681999999999999,10.645,10.599,11.143833333333333,67.37588585584234,3532982.0,11.2225,10.572,False,False,10.78,45203638.199999996,37492814.791999996
2025-11-07,10.89,10.99,10.86,10.9,4067700.0,45249380.0,129943077.0,0.0313037069300737,10.758,10.674000000000001,10.619499999999999,11.129666666666667,65.97222158082572,3628937.0,11.206833333333334,10.5655,False,False,10.93,44337930.0,38582770.59199999
2025-11-10,10.95,10.95,10.73,10.76,5878836.0,64811192.0,129943077.0,0.04524162530028437,10.802000000000001,10.68,10.6405,11.113666666666665,49.19354783168576,3783483.8,11.190499999999998,10.5595,False,False,10.93,63256275.36,40304240.059999995
2025-11-11,10.77,10.89,10.65,10.82,4136200.0,45513211.0,129943077.0,0.031830860831470076,10.834,10.696000000000002,10.6575,11.096,54.03225745447451,3841938.9,11.174333333333331,10.559499999999998,False,False,10.93,44753684.0,40987164.908
2025-11-12,10.77,10.84,10.68,10.7,2391803.0,26207713.0,129943077.0,0.018406544274767327,10.822,10.706,10.6655,11.073,46.923076417751474,3856929.05,11.158833333333332,10.572500000000002,False,False,10.93,25592292.099999998,41164295.513
2025-11-13,10.72,10.8,10.61,10.75,3074600.0,33533820.0,129943077.0,0.023661129711435108,10.786,10.734,10.677,11.051333333333332,55.93220272622813,3846284.3,11.143833333333333,10.599,False,False,10.93,33051950.0,41087670.643
2025-11-14,10.73,10.84,10.7,10.75,2687900.0,29515301.0,129943077.0,0.02068521126369818,10.756,10.757,10.692499999999999,11.033666666666667,52.29357730999079,3628641.05,11.129666666666667,10.619499999999999,False,False,10.93,28894925.0,38857137.563
2025-11-17,10.8,10.82,10.66,10.78,2401400.0,26348728.0,129943077.0,0.018480399690704568,10.76,10.780999999999999,10.7095,11.014666666666667,55.55555483539092,3553216.05,11.113666666666665,10.6405,False,False,10.93,25887092.0,38110524.363
2025-11-18,10.77,10.81,10.64,10.69,3231400.0,35300437.0,129943077.0,0.02486781192660229,10.734,10.784,10.705,10.991666666666667,54.05405337229122,3443832.55,11.096,10.6575,False,False,10.93,34543666.0,36916828.933
2025-11-19,10.73,10.73,10.4,10.43,3358300.0,35909370.0,129943077.0,0.025844393387729307,10.68,10.751000000000001,10.6905,10.965166666666669,48.38709622788759,3461025.75,11.073,10.6655,True,False,10.93,35027069.0,37052444.687
2025-11-20,10.47,10.48,10.26,10.29,2403900.0,25386562.0,129943077.0,0.01849963888418619,10.588,10.687000000000001,10.666,10.934,41.353383023347845,3402833.95,11.051333333333332,10.677,True,True,10.93,24736130.999999996,36366241.533
2025-11-21,10.23,10.43,9.96,10.04,3824000.0,39633451.0,129943077.0,0.029428270349485412,10.446,10.600999999999999,10.6375,10.896333333333333,33.9743586694609,3399753.95,11.033666666666667,10.692499999999999,True,True,10.93,38392960.0,36224578.732999995
2025-11-24,10.08,11.04,10.01,11.04,18045703.0,199101621.0,129943077.0,0.13887390861153764,10.498,10.629,10.6545,10.8775,57.78688491433752,4139419.1,11.014666666666667,10.7095,True,True,10.93,199224561.11999997,44445772.789
2025-11-25,10.99,11.04,10.79,10.8,22090338.0,244832341.0,129943077.0,0.17000011474254992,10.52,10.626999999999999,10.6615,10.853166666666668,50.77519352292533,5135886.0,10.991666666666667,10.705,False,True,11.04,238575650.4,55222742.30899999
2025-11-26,10.82,10.86,10.56,10.61,11189400.0,121577083.0,129943077.0,0.08611001261729395,10.556000000000001,10.617999999999999,10.662,10.825166666666666,43.84615361005917,5570901.0,10.965166666666669,10.6905,False,False,11.04,118719534.0,59839496.00899999
2025-11-27,10.61,10.72,10.32,10.53,9528600.0,102197017.0,129943077.0,0.0733290316035844,10.604,10.596,10.665000000000001,10.801833333333333,43.0188676972588,5915511.0,10.934,10.666,True,False,11.04,100336158.0,63476148.50899999
2025-11-28,10.5,10.52,10.33,10.45,6822712.0,72337576.0,129943077.0,0.05250539049494726,10.686,10.565999999999999,10.6615,10.779333333333334,44.01544377752269,6165161.6,10.896333333333333,10.6375,True,True,11.04,71297340.39999999,66078593.328999996
2025-12-01,10.42,10.87,10.42,10.6,9358400.0,101486503.0,129943077.0,0.07201922731135572,10.597999999999999,10.548,10.6645,10.762166666666666,45.89552214830696,6499376.6,10.8775,10.6545,True,True,11.04,99199040.0,69629294.629
2025-12-02,10.59,10.94,10.39,10.53,9607400.0,103587192.0,129943077.0,0.07393545098212505,10.544,10.532,10.658,10.744666666666667,46.76806058754645,6637716.6,10.853166666666668,10.6615,True,True,11.04,101165922.0,71041550.92899999
2025-12-03,10.5,10.55,10.14,10.18,7462100.0,78166592.0,129943077.0,0.05742591427167759,10.458,10.507,10.629,10.723666666666666,40.27303735023121,6784821.6,10.825166666666666,10.662,True,True,11.04,75964178.0,72407999.829
2025-12-04,10.21,10.4,10.18,10.22,5619700.0,58732618.0,129943077.0,0.04324739824346317,10.396,10.5,10.593499999999999,10.7095,41.077440883810056,6859019.6,10.801833333333333,10.665000000000001,True,True,11.04,57433334.0,73019484.61899999
2025-12-05,10.18,10.27,10.1,10.22,4420266.0,45831111.0,129943077.0,0.03401694112568998,10.35,10.517999999999999,10.5595,10.691333333333334,40.47619028344673,6876647.9,10.779333333333334,10.6615,True,True,11.04,45175118.52,73061344.04499999
2025-12-08,10.28,10.29,10.18,10.21,3586800.0,37349887.0,129943077.0,0.027602855671949342,10.272000000000002,10.434999999999999,10.532,10.673,41.60839140471419,6762046.1,10.762166666666666,10.6645,True,True,11.04,36621228.0,71729591.677
2025-12-09,10.18,10.35,10.18,10.23,3311300.0,34581639.0,129943077.0,0.025482696550274856,10.212,10.378,10.5025,10.654666666666666,46.18320586008975,6720801.1,10.744666666666667,10.658,True,True,11.04,33874599.0,71185637.427
2025-12-10,10.21,10.25,10.08,10.18,3172400.0,32852374.0,129943077.0,0.024413766960436067,10.212,10.334999999999999,10.4765,10.636666666666667,47.826086691871474,6759830.95,10.723666666666666,10.629,True,True,11.04,32295032.0,71520774.422
2025-12-11,10.16,10.19,9.85,9.88,5457600.0,55523698.0,129943077.0,0.04199992893811496,10.144000000000002,10.27,10.433,10.614166666666668,46.899224551709665,6878980.95,10.7095,10.593499999999999,True,True,11.04,53921088.00000001,72564231.322
2025-12-12,9.88,9.95,9.81,9.81,2521662.0,25414257.0,129943077.0,0.019405897245299186,10.062000000000001,10.206,10.386,10.590499999999999,12.727272619283795,6870669.05,10.691333333333334,10.5595,True,True,11.04,24737504.220000003,72356360.283
2025-12-15,9.8,9.87,9.71,9.81,2044862.0,20408444.0,129943077.0,0.015736598264484685,9.982,10.126999999999999,10.3375,10.568833333333334,14.893616873396752,6852842.15,10.673,10.532,True,True,11.04,20060096.220000003,72065010.494
2025-12-16,9.81,9.83,9.59,9.59,2614698.0,25778801.0,129943077.0,0.02012187228720157,9.854000000000001,10.033,10.2825,10.544999999999998,14.583333191550963,6822007.05,10.654666666666666,10.5025,True,True,11.04,25074953.82,71591574.885
2025-12-17,9.55,9.6,9.2,9.46,4677900.0,44644021.0,129943077.0,0.03599960927506742,9.71,9.961000000000002,10.234,10.5175,14.093959599117213,6887987.05,10.636666666666667,10.4765,True,True,11.04,44252934.00000001,72052868.13499999
2025-12-18,9.42,9.54,9.35,9.47,2499500.0,24171991.0,129943077.0,0.019235345642923323,9.628,9.886000000000001,10.193000000000001,10.488833333333334,15.492957593731461,6892767.05,10.614166666666668,10.433,True,True,11.04,23670265.0,71999574.83500001
2025-12-19,9.47,9.79,9.46,9.73,4406900.0,43404497.0,129943077.0,0.03391408070165985,9.612,9.837,10.177499999999998,10.469000000000001,21.56862725362042,6921912.05,10.590499999999999,10.386,True,True,11.04,42879137.0,72223883.68499999
2025-12-22,9.73,9.86,9.59,9.61,4895200.0,48260102.0,129943077.0,0.0376718799724898,9.572,9.777,10.106,10.449833333333332,20.8860757643006,6264386.9,10.568833333333334,10.3375,True,True,11.04,47042872.0,64614799.228999995
2025-12-23,9.53,9.65,9.43,9.45,2913400.0,28230181.0,129943077.0,0.022420586515740273,9.544,9.699,10.0385,10.429833333333333,23.74100695512655,5305540.0,10.544999999999998,10.2825,True,True,10.8,27531629.999999996,54062598.20900001
2025-12-24,9.42,9.56,9.4,9.52,2229100.0,21606351.0,129943077.0,0.017154434475951344,9.556000000000001,9.633,9.984,10.410333333333334,25.352112426105904,4857525.0,10.5175,10.234,True,True,10.61,21221032.0,49187673.109000005
2025-12-25,9.5,9.56,9.45,9.53,2778200.0,26913363.0,129943077.0,0.02138013093225428,9.568000000000001,9.597999999999999,9.934000000000001,10.390333333333333,25.874125620812706,4520005.0,10.488833333333334,10.193000000000001,True,True,10.6,26476246.0,45494677.509
2025-12-26,9.53,9.57,9.45,9.47,2451000.0,23721524.0,129943077.0,0.018862105289379903,9.516,9.564,9.885000000000002,10.370666666666667,24.999999763513486,4301419.4,10.469000000000001,10.177499999999998,True,True,10.6,23210970.0,43090358.98900001
2025-12-29,9.44,9.51,9.38,9.48,2470200.0,23780527.0,129943077.0,0.01900986229531874,9.489999999999998,9.531,9.829,10.350999999999999,24.48979568513117,3957009.4,10.449833333333332,10.106,True,True,10.6,23417496.0,39301281.789000005
2025-12-30,9.42,9.47,9.34,9.43,2440087.0,23429697.0,129943077.0,0.018778122361993936,9.486,9.515,9.774000000000001,10.330499999999999,24.48979568513117,3598643.75,10.429833333333333,10.0385,True,True,10.53,23010020.41,35393486.7095
2025-12-31,9.51,9.51,9.38,9.46,2417572.0,23303356.0,129943077.0,0.01860485418549847,9.474,9.514999999999999,9.738000000000001,10.313166666666666,32.49999962083335,3346417.35,10.410333333333334,9.984,True,True,10.23,22870231.12,32738789.365500003
2026-01-05,9.5,9.65,9.46,9.63,4177000.0,40782499.0,129943077.0,0.032144844469090106,9.494000000000002,9.531,9.7085,10.300333333333333,43.07692261301778,3274282.35,10.390333333333333,9.934000000000001,True,True,10.23,40224510.0,31878348.165500004
2026-01-06,9.64,10.08,9.62,10.06,9296400.0,93823221.0,129943077.0,0.07154209531301156,9.612,9.564,9.700500000000002,10.293166666666668,57.22543306291556,3518089.05,10.370666666666667,9.885000000000002,True,True,10.23,93521784.0,34295681.439500004
2026-01-07,10.0,10.35,9.96,10.29,10660487.0,111041410.0,129943077.0,0.0820396688005164,9.774000000000001,9.632000000000001,9.7045,10.292333333333334,70.11494196459242,3871773.4,10.350999999999999,9.829,False,True,10.23,109696411.22999999,37949440.600999996
2026-01-08,10.35,10.51,10.22,10.43,7459882.0,79049664.0,129943077.0,0.0574088452592207,9.974,9.73,9.714500000000001,10.291499999999997,77.7142850925714,4079202.5,10.330499999999999,9.774000000000001,False,False,10.29,77806569.25999999,40146039.114
2026-01-09,10.53,10.59,10.41,10.54,6804086.0,72788712.0,129943077.0,0.0523620508078318,10.190000000000001,9.832,9.7325,10.291500000000001,78.91891832169463,4260786.8,10.313166666666666,9.738000000000001,False,False,10.43,71715066.44,42117040.836
2026-01-12,10.6,10.67,10.41,10.66,6006900.0,64599353.0,129943077.0,0.046227164529896426,10.395999999999999,9.945,9.7715,10.293833333333334,77.192981824151,4288251.8,10.300333333333333,9.7085,False,False,10.54,64033554.0,42622664.136
2026-01-13,10.67,10.82,10.53,10.61,5523500.0,60341510.0,129943077.0,0.04250707407829045,10.505999999999998,10.059000000000001,9.8115,10.296666666666665,80.48780419095776,4438343.7,10.293166666666668,9.700500000000002,False,False,10.66,58604335.0,44316005.675
2026-01-14,10.57,11.09,10.57,11.03,10987500.0,122567953.0,129943077.0,0.08455625535171836,10.654,10.214,9.872499999999999,10.3065,91.57894669362881,4885475.6,10.292333333333334,9.7045,False,False,10.66,121192125.0,49372607.114
2026-01-15,10.92,11.18,10.88,11.06,5149100.0,57728532.0,129943077.0,0.03962581246248309,10.78,10.376999999999999,9.946,10.311166666666669,91.39784877442479,5012195.7,10.291499999999997,9.714500000000001,False,False,11.03,56949046.0,50966311.723000005
2026-01-16,11.06,11.5,11.06,11.46,9074800.0,104953371.0,129943077.0,0.06983673320280079,10.964,10.577,10.046,10.3235,92.88888831091359,5232040.7,10.291500000000001,9.7325,False,False,11.06,103997208.00000001,53953525.423
2026-01-19,11.34,11.51,11.28,11.36,5443131.0,63166351.0,129943077.0,0.04188858018192074,11.104000000000001,10.749999999999998,10.1405,10.333166666666667,91.26637498789106,5379222.25,10.293833333333334,9.7715,False,False,11.46,61833968.16,55861710.58099999
2026-01-20,11.48,11.7,11.37,11.62,6937294.0,81720490.0,129943077.0,0.053387176601951636,11.306000000000001,10.906,10.235,10.35,92.1259837441874,5505741.95,10.296666666666665,9.8115,False,False,11.46,80611356.28,57748321.544999994
2026-01-21,11.56,11.8,11.45,11.62,7426400.0,88227939.0,129943077.0,0.05715117858876006,11.424,11.039,10.3355,10.365333333333332,93.97590308607919,5632301.95,10.3065,9.872499999999999,False,False,11.62,86294768.0,59710916.34499999
2026-01-22,11.61,11.61,11.24,11.26,8281000.0,95769241.0,129943077.0,0.06372790448851692,11.463999999999999,11.122,10.426,10.375333333333334,81.91489321035155,5900681.95,10.311166666666669,9.946,False,False,11.62,93244060.0,62996537.84499999
2026-01-23,11.26,11.64,11.12,11.53,7479700.0,86949222.0,129943077.0,0.057561358193788194,11.477999999999998,11.221,10.5265,10.390833333333331,82.53424617963029,6163211.95,10.3235,10.046,False,False,11.62,86240941.0,66247533.294999994
2026-01-26,11.63,11.65,11.35,11.47,5583600.0,65513588.0,129943077.0,0.04296958428958859,11.5,11.302,10.6235,10.407499999999999,77.64705839723183,6303481.95,10.333166666666667,10.1405,False,False,11.62,64043892.0,68125915.595
2026-01-27,11.43,11.6,11.23,11.45,4628000.0,53869468.0,129943077.0,0.03561559497317429,11.466,11.386,10.7225,10.423,74.78632433888521,6412331.95,10.35,10.235,False,False,11.62,52990600.0,69614897.095
2026-01-28,11.35,11.57,11.24,11.49,4763800.0,55283396.0,129943077.0,0.036660667963095875,11.440000000000001,11.431999999999999,10.823,10.438833333333333,73.6607138253348,6527011.95,10.365333333333332,10.3355,False,False,11.62,54736062.0,71180825.395
2026-01-29,11.58,11.6,11.2,11.4,4995400.0,58001021.0,129943077.0,0.038442986847233115,11.468,11.466,10.9215,10.451166666666667,69.36936893190487,6654777.6,10.375333333333334,10.426,False,False,11.62,56947560.0,72877702.3745
2026-01-30,11.33,11.71,11.23,11.63,5155900.0,60766824.0,129943077.0,0.0396781430687531,11.488000000000001,11.483,11.03,10.465666666666667,70.81545021827625,6791694.0,10.390833333333331,10.5265,False,False,11.62,59963117.00000001,74732346.66849999
2026-02-02,11.63,12.56,11.59,12.47,21527900.0,268361737.0,129943077.0,0.16567177334118385,11.687999999999999,11.594,11.172,10.491333333333333,79.80769194958086,7659239.0,10.407499999999999,10.6235,False,False,11.63,268452913.0,86143766.8185
2026-02-03,12.54,12.56,11.89,12.47,15241200.0,188871461.0,129943077.0,0.11729135827682455,11.892,11.679,11.2925,10.5175,76.6666662691358,7956479.0,10.423,10.7225,False,False,12.47,190057764.0,90970565.8185
2026-02-04,12.72,12.73,11.23,11.23,16812800.0,195698184.0,129943077.0,0.12938588486710992,11.84,11.639999999999999,11.3395,10.525333333333332,52.17391285666629,8264094.65,10.438833333333333,10.823,False,False,12.47,188807744.0,94926132.45699999
2026-02-05,10.57,11.41,10.24,11.23,22665141.0,248084290.0,129943077.0,0.1744236131948761,11.806000000000001,11.637,11.3795,10.532166666666665,46.723646537284594,9024357.6,10.451166666666667,10.9215,True,False,12.47,254529533.43,103762280.6655
2026-02-06,10.86,11.11,10.61,10.73,16031890.0,177190775.0,129943077.0,0.12337625343441729,11.626000000000001,11.557,11.389,10.532666666666668,41.94373386516311,9485747.8,10.465666666666667,11.03,True,True,12.47,172022179.70000002,108777636.32849999
2026-02-09,10.8,11.48,10.68,10.74,21153312.0,236373617.0,129943077.0,0.16278906493802667,11.280000000000001,11.484,11.393,10.5325,37.97814193123117,10243068.4,10.491333333333333,11.172,True,True,12.47,227186570.88,116935287.17249998
2026-02-10,10.73,10.88,10.57,10.81,10394000.0,113361090.0,129943077.0,0.07998887081918185,10.948,11.42,11.403,10.5335,39.142091005901015,10486593.4,10.5175,11.2925,True,True,12.47,112359140.0,119623027.42249998
2026-02-11,10.84,10.99,10.71,10.73,6937700.0,76452460.0,129943077.0,0.05339030104697305,10.848,11.344000000000001,11.388000000000002,10.532666666666666,42.31884040798153,10284103.4,10.525333333333332,11.3395,True,True,12.47,74441521.0,117285497.2225
2026-02-12,10.71,11.05,10.63,10.71,8691412.0,95670329.0,129943077.0,0.06688630283858832,10.744000000000002,11.275,11.370500000000002,10.533,37.18749983730471,10461219.0,10.532166666666665,11.3795,True,True,12.47,93085022.52000001,119092296.04849999
2026-02-13,10.64,10.9,10.64,10.68,5059600.0,55355493.0,129943077.0,0.038937049335841106,10.734,11.180000000000001,11.3315,10.537166666666666,37.53943201086687,10260459.0,10.532666666666668,11.389,True,True,12.47,54036528.0,116594262.04849999
2026-02-24,10.68,10.73,10.51,10.69,5359700.0,58090525.0,129943077.0,0.04124652212137473,10.724,11.002,11.297999999999998,10.543833333333334,37.974683376061535,10256287.45,10.5325,11.393,True,True,12.47,57295193.0,116367323.2905
2026-02-25,10.68,10.84,10.64,10.74,5783500.0,63254074.0,129943077.0,0.04450795020037889,10.71,10.828999999999999,11.254,10.5555,38.17034683457892,10198597.75,10.5335,11.403,True,True,12.47,62114790.0,115442494.97649999
2026-02-26,10.83,10.83,10.66,10.73,3884200.0,42402623.0,129943077.0,0.029891550128522813,10.709999999999999,10.779,11.209500000000002,10.550333333333334,39.15857587436244,10021487.75,10.532666666666666,11.388000000000002,True,True,12.47,41677466.0,113211629.87649998
2026-02-27,10.67,10.78,10.61,10.71,3200023.0,34839363.0,129943077.0,0.02462634465705318,10.709999999999999,10.727,11.181999999999999,10.548833333333333,34.02777761236497,9767438.9,10.533,11.370500000000002,True,True,12.47,34272246.330000006,110263039.19299999
2026-03-02,10.6,10.96,10.42,10.91,7705899.0,84122390.0,129943077.0,0.05930211272432775,10.756,10.745000000000001,11.151,10.553833333333333,15.17857133370535,9778748.85,10.537166666666666,11.3315,True,True,12.47,84071358.09,110154560.04750001
2026-03-03,10.98,11.21,10.87,10.91,8644000.0,97424699.0,129943077.0,0.06652143538204809,10.8,10.762,11.123000000000001,10.560166666666667,15.17857133370535,9931768.85,10.543833333333334,11.297999999999998,True,True,12.47,94306040.0,111667667.44750002
2026-03-04,10.79,11.23,10.74,11.22,7017400.0,79010157.0,129943077.0,0.05400364653516709,10.896,10.803,11.111500000000001,10.573,49.61832008041491,10051238.85,10.5555,11.254,True,True,12.47,78735228.0,112954898.84750001
2026-03-05,11.36,12.11,11.34,11.87,18296587.0,219798602.0,129943077.0,0.14080463093851472,11.124,10.917,11.1305,10.594166666666668,66.32653013848395,10727878.2,10.550333333333334,11.209500000000002,False,True,12.47,217180487.69,121077120.13200001
2026-03-06,11.85,12.02,11.36,11.59,10861127.0,129481156.0,129943077.0,0.08358372951257727,11.3,11.005,11.139999999999999,10.611833333333331,74.71264307702472,11021164.55,10.548833333333333,11.181999999999999,False,False,12.47,125880461.92999999,124523765.22850001
2026-03-09,11.46,11.58,11.14,11.27,8816600.0,101498710.0,129943077.0,0.06784970930001911,11.372,11.064,11.122,10.629999999999999,62.92682883854848,11204199.55,10.553833333333333,11.151,False,False,12.47,99363082.0,126493763.47850001
2026-03-10,11.33,11.77,11.28,11.49,7051000.0,83110747.0,129943077.0,0.054262221295560055,11.488,11.144,11.073,10.651166666666665,65.45454503801653,10480354.55,10.560166666666667,11.123000000000001,False,False,12.47,81015990.0,117121917.3285
2026-03-11,11.65,11.7,11.35,11.52,6687700.0,78475990.0,129943077.0,0.05146638169881109,11.548,11.222,11.0255,10.672833333333333,68.37209257804219,10052679.55,10.573,11.111500000000001,False,False,12.47,77042304.0,111471144.3285
2026-03-12,11.43,11.72,11.36,11.39,5761300.0,67629044.0,129943077.0,0.04433710616226211,11.452,11.288,11.0335,10.6925,65.04424738468165,9500104.55,10.594166666666668,11.1305,False,False,11.87,65621207.0,105311817.47850001
2026-03-13,11.35,11.65,11.24,11.27,7820900.0,91311352.0,129943077.0,0.060187123320159644,11.388,11.344,11.035499999999999,10.709833333333334,62.5531911167044,8757892.5,10.611833333333331,11.139999999999999,False,False,11.87,88141543.0,96992417.957
2026-03-16,11.27,11.42,11.18,11.22,4463273.0,51324956.0,129943077.0,0.03434790912331559,11.378,11.375,11.059999999999999,10.727166666666667,61.08786575094978,8179461.65,10.629999999999999,11.122,False,False,11.87,50077923.06,90895205.125
2026-03-17,11.26,11.26,11.05,11.1,3399200.0,38640494.0,129943077.0,0.026159146593088604,11.3,11.394,11.078,10.747499999999999,57.31707284453699,7291756.05,10.651166666666665,11.073,False,False,11.87,37731120.0,81422432.581
2026-03-18,11.1,11.78,11.09,11.78,10060800.0,118549426.0,129943077.0,0.07742467111195159,11.352,11.45,11.1265,10.780333333333335,66.77316264063123,7275096.05,10.672833333333333,11.0255,False,False,11.87,118516224.0,81730286.781
2026-03-19,11.6,12.01,11.39,11.57,9086800.0,107900129.0,129943077.0,0.06992908133151257,11.388,11.42,11.1685,10.809666666666665,62.95180696345624,7382551.05,10.6925,11.0335,False,False,11.87,105134276.0,83264924.531
2026-03-20,11.61,11.98,11.44,11.68,9088276.0,108644549.0,129943077.0,0.06994044015134411,11.47,11.428999999999998,11.217,10.844500000000002,61.919504375581106,7402394.25,10.709833333333334,11.035499999999999,False,False,11.87,106151063.67999999,83918226.589
2026-03-23,11.57,11.58,10.51,10.51,8985000.0,99692848.0,129943077.0,0.06914566137294101,11.328,11.353,11.2085,10.862,45.45454530991735,7598664.25,10.727166666666667,11.059999999999999,False,False,11.87,94432350.0,85938017.68900001
2026-03-24,10.7,11.28,10.51,11.28,8288100.0,91883755.0,129943077.0,0.06378254379800471,11.364,11.332,11.238000000000001,10.892166666666666,50.61728380480617,7745084.25,10.747499999999999,11.078,True,False,11.87,93489768.0,87747746.43900001
2026-03-25,11.27,12.16,11.15,12.16,13157705.0,159401291.0,129943077.0,0.1012574529076297,11.440000000000001,11.396,11.309000000000001,10.932666666666666,52.84872284088761,8113794.5,10.780333333333335,11.1265,False,True,11.87,159997692.8,92641891.57900001
2026-03-26,12.17,12.23,11.86,11.93,7772100.0,94974458.0,129943077.0,0.05981157426339843,11.512,11.45,11.369,10.971333333333336,53.373015724757494,8308189.5,10.809666666666665,11.1685,False,False,12.16,92721153.0,95194075.92899999
2026-03-27,11.77,12.07,11.77,11.95,5206915.0,63204661.0,423220604.0,0.012303075395639292,11.565999999999999,11.517999999999999,11.431000000000001,11.013,57.17299561172533,8408534.1,10.844500000000002,11.217,False,False,12.16,62222634.25,96591595.325
2026-03-30,11.78,11.91,11.63,11.8,5136100.0,61647343.0,423220604.0,0.012135751311389368,11.824,11.575999999999999,11.4755,11.051,53.31905765600283,8280044.15,10.862,11.2085,False,False,12.16,60605980.0,95418326.42050001
2026-03-31,11.78,11.94,11.65,11.69,4508412.0,53975110.0,423220604.0,0.01065262881199423,11.906,11.635,11.5145,11.087,51.78947353156787,8073264.75,10.892166666666666,11.238000000000001,False,False,12.16,52703336.28,93338191.2345
2026-04-01,11.73,12.22,11.72,11.95,6302105.0,76770159.0,423220604.0,0.014890827479656449,11.863999999999999,11.652,11.550999999999998,11.128333333333334,55.73770475812952,8037500.0,10.932666666666666,11.309000000000001,False,False,12.16,75310154.75,93166937.572
2026-04-02,11.83,11.99,11.57,11.7,4731800.0,56708633.0,423220604.0,0.011180457556362261,11.818,11.665,11.5425,11.165333333333333,54.291417013956114,7359260.65,10.971333333333336,11.369,False,False,12.16,55362060.0,85076016.1875
2026-04-03,11.7,11.7,10.98,11.28,5234812.0,60266743.0,423220604.0,0.012368991373586338,11.684000000000001,11.625,11.527,11.196166666666668,50.55762068628128,7077944.9,11.013,11.431000000000001,False,False,12.16,59048679.36,81734427.05899999
2026-04-07,11.33,11.58,11.15,11.22,3819312.0,43887915.0,423220604.0,0.009024399955726164,11.568,11.696,11.5245,11.2255,51.127819414325295,6828080.5,11.051,11.4755,True,False,12.16,42852680.64,78908906.991
2026-04-08,11.36,11.85,11.36,11.78,5554500.0,66222999.0,423220604.0,0.013124361024729315,11.586,11.745999999999999,11.538999999999998,11.261333333333335,49.999999865384616,6753255.5,11.087,11.5145,True,True,12.16,65432010.0,78129707.991
2026-04-09,11.69,11.82,11.52,11.73,3960100.0,47050696.0,423220604.0,0.009357058618062934,11.542,11.703,11.5495,11.289166666666665,51.587301444003536,6616875.5,11.128333333333334,11.550999999999998,False,True,12.16,46451973.0,76600191.441
2026-04-10,11.72,11.85,11.6,11.63,4137300.0,49300493.0,423220604.0,0.009775752789200216,11.528,11.673,11.561499999999999,11.3115,49.502981969574215,6535675.5,11.165333333333333,11.5425,False,False,12.16,48116799.0,75724971.041
2026-04-13,11.53,11.65,11.31,11.4,3610200.0,42220614.0,423220604.0,0.008530303028441403,11.552,11.618,11.568000000000001,11.327666666666667,60.880195390630156,6325140.5,11.196166666666668,11.527,False,False,12.16,41156280.0,73375707.891
2026-04-14,11.5,11.5,11.21,11.31,3535000.0,40651183.0,423220604.0,0.008352617917439577,11.57,11.568999999999999,11.572500000000002,11.340499999999999,50.43988249086267,6278726.85,11.2255,11.5245,True,False,12.16,39980850.0,72870854.238
2026-04-15,11.34,11.69,11.3,11.41,3608312.0,42229065.0,423220604.0,0.008525841997994974,11.496,11.541,11.588,11.353,35.74144467666149,6289182.45,11.261333333333335,11.538999999999998,True,True,12.16,41170839.92,73042840.234
2026-04-16,11.4,11.6,10.79,11.58,6215310.0,71579060.0,423220604.0,0.014685745309318637,11.466000000000001,11.504000000000001,11.578,11.369166666666667,43.19066124331935,6096907.95,11.289166666666665,11.5495,True,True,12.16,71973289.8,70715693.524
2026-04-17,11.58,11.78,11.28,11.53,4527700.0,53137247.0,423220604.0,0.01069820315269906,11.446000000000002,11.487,11.575999999999999,11.3775,41.92307669733727,5868952.95,11.3115,11.561499999999999,False,True,12.16,52204381.0,68069198.774
2026-04-20,11.48,11.82,11.44,11.76,5157900.0,61548932.0,423220604.0,0.012187261090908513,11.518,11.535,11.58,11.389166666666664,49.25373108598796,5672434.15,11.327666666666667,11.568000000000001,True,False,12.16,60656904.0,65794490.79
2026-04-21,11.67,11.99,11.59,11.88,5238800.0,63175123.0,423220604.0,0.01237841435527085,11.632,11.601,11.6485,11.396166666666666,53.531598234408065,5485124.15,11.340499999999999,11.572500000000002,False,True,12.16,62236944.00000001,64184720.489999995
2026-04-22,11.81,12.11,11.77,11.97,4640400.0,56555505.0,423220604.0,0.01096449453580951,11.744000000000002,11.620000000000001,11.683,11.406333333333333,50.39682511684306,5302739.15,11.353,11.588,False,False,12.16,55545588.0,62287511.489999995
2026-04-23,11.95,11.95,11.66,11.76,3984000.0,47828174.0,423220604.0,0.009413530348820164,11.78,11.623,11.663,11.408666666666667,51.209677130267956,4844053.9,11.369166666666667,11.578,False,False,12.16,46851840.0,56630218.85
2026-04-24,11.76,11.78,11.45,11.5,3994100.0,47093806.0,423220604.0,0.009437394971441419,11.774000000000001,11.61,11.641499999999999,11.406666666666666,54.74137898000893,4655153.9,11.3775,11.575999999999999,False,False,11.97,45932150.0,54290768.7
2026-04-27,11.45,11.97,11.43,11.87,7133741.0,85584665.0,423220604.0,0.01685584523195851,11.796,11.657,11.6375,11.416833333333333,62.35741411672858,4751495.2,11.389166666666664,11.58,True,False,11.97,84677505.67,55413512.271000005
2026-04-28,11.93,11.93,11.09,11.1,10564910.0,121830467.0,423220604.0,0.024963127740349807,11.639999999999999,11.636,11.6025,11.409666666666668,38.028168826621716,5022935.7,11.396166666666666,11.6485,False,True,11.97,117270501.0,58246738.321
2026-04-29,11.17,11.2,10.96,11.06,6102264.0,68744130.0,423220604.0,0.014418636385670864,11.458,11.600999999999999,11.571,11.402833333333335,38.16254398082133,5102628.3,11.406333333333333,11.683,True,False,11.97,67491039.84,58986123.499
2026-04-30,10.99,11.37,10.88,11.25,5231351.0,59123109.0,423220604.0,0.012360813605379193,11.356,11.568,11.536,11.3995,43.49315047640268,5049090.6,11.408666666666667,11.663,True,True,11.97,58852698.75,58163250.699
2026-05-06,11.26,11.27,10.82,11.12,7854151.0,88312538.0,423220604.0,0.018558054418352468,11.28,11.527,11.507,11.393333333333333,45.03546076932748,5205208.15,11.406666666666666,11.641499999999999,True,True,11.97,87338159.11999999,59762055.654999994
2026-05-07,11.11,11.85,11.02,11.45,8984934.0,105160458.0,423220604.0,0.021229906850187285,11.196000000000002,11.496,11.5155,11.394166666666667,52.287581460122155,5392714.25,11.416833333333333,11.6375,True,True,11.97,102877494.3,61953496.40200001
2026-05-08,11.51,11.89,11.39,11.86,7634264.0,90924213.0,423220604.0,0.0180384979555485,11.347999999999999,11.494,11.5475,11.398,56.6765576280499,5583461.85,11.409666666666668,11.6025,True,True,11.97,90542371.03999999,64337980.922000006
2026-05-11,11.87,12.68,11.77,12.18,11203664.0,140193905.0,423220604.0,0.02647239735993572,11.572,11.514999999999999,11.5675,11.393166666666666,58.52272703996642,5865920.05,11.402833333333335,11.571,False,True,11.97,136460627.52,67889411.79800001
2026-05-12,12.06,12.26,11.91,11.94,5762634.0,70780880.0,423220604.0,0.013616147100437483,11.709999999999999,11.532999999999998,11.578,11.384333333333334,55.52560625947211,5956046.75,11.3995,11.536,False,False,12.18,68805849.96,69007105.646
2026-05-13,11.92,12.48,11.92,12.35,7113600.0,88950671.0,423220604.0,0.01680825539391745,11.956,11.617999999999999,11.614,11.403,57.583547350599055,6104861.75,11.393333333333333,11.507,False,False,12.18,87852960.0,70993913.69600001
2026-05-14,12.34,12.57,12.17,12.47,6905000.0,87030874.0,423220604.0,0.01631536823760121,12.16,11.678,11.6675,11.423666666666666,57.583547350599055,6269601.75,11.394166666666667,11.5155,False,False,12.35,86105350.0,73241367.19600001
2026-05-15,12.46,12.46,11.99,12.1,4744800.0,58748905.0,423220604.0,0.011211174397359917,12.207999999999998,11.778,11.706999999999999,11.446499999999999,51.55875282450298,6330091.75,11.398,11.5475,False,False,12.47,57412080.0,74112928.69600001
2026-05-18,12.11,12.17,11.9,12.12,3157900.0,38654832.0,423220604.0,0.007461593245115259,12.196000000000002,11.884,11.7425,11.4695,54.52261287353854,6307571.15,11.393166666666666,11.5675,False,False,12.47,38273748.0,73968074.1
2026-05-19,12.0,12.17,11.69,11.82,5461300.0,66022832.0,423220604.0,0.012904144903115351,12.172,11.940999999999999,11.7545,11.486333333333334,53.980099314497174,6269870.65,11.384333333333334,11.578,False,False,12.47,64552566.0,73597037.91
2026-05-20,11.77,11.82,10.92,11.29,10210600.0,117449923.0,423220604.0,0.024125952053128303,11.96,11.958,11.7425,11.495666666666667,43.06220081271033,6554015.65,11.403,11.614,False,False,12.47,115277673.99999999,76750702.56
2026-05-21,11.3,11.37,10.79,11.29,6926836.0,78477687.0,423220604.0,0.01636696307914158,11.724,11.941999999999998,11.719,11.505333333333333,52.78592353694928,6642462.45,11.423666666666666,11.6675,True,False,12.47,78203978.44,77628056.28199999
2026-05-22,11.45,11.48,10.19,11.06,20002229.0,216373906.0,423220604.0,0.04726194521474668,11.516,11.861999999999998,11.678,11.511666666666667,49.999999805555554,7380633.9,11.446499999999999,11.706999999999999,True,True,12.47,221224652.74,85577441.719
2026-05-25,10.64,10.94,10.46,10.78,9776277.0,106275640.0,423220604.0,0.02309971893523407,11.248,11.722,11.618500000000001,11.513166666666667,43.631436148823816,7637427.75,11.4695,11.7425,True,True,12.47,105388266.05999999,88069575.62200001
2026-05-26,10.65,10.73,10.31,10.6,5939900.0,63527098.0,423220604.0,0.014034997218613676,11.004,11.588,11.560500000000001,11.510833333333332,43.04812818110327,7735222.75,11.486333333333334,11.7545,True,True,12.47,62962940.0,88875130.62200001
2026-05-27,10.52,10.52,10.22,10.26,3979900.0,41913254.0,423220604.0,0.009403842729736286,10.797999999999998,11.379,11.4985,11.502999999999998,34.13333320590223,7734512.75,11.495666666666667,11.7425,True,True,12.47,40833774.0,88620211.822
2026-05-28,10.27,10.33,9.91,10.21,5887300.0,60718568.0,423220604.0,0.013910712154269313,10.581999999999999,11.153,11.4155,11.494666666666667,25.663716708173467,7672190.7,11.505333333333333,11.719,True,True,12.47,60109333.00000001,87391803.1885
2026-05-29,10.21,10.36,10.02,10.05,4924100.0,51207693.0,423220604.0,0.011634830519735281,10.379999999999999,10.948,11.363,11.480333333333332,17.027863703284822,7390150.2,11.511666666666667,11.678,True,True,12.47,49487205.0,84002638.3885
2026-06-01,10.21,10.4,9.92,10.34,4966312.0,51818751.0,423220604.0,0.011734570465288594,10.292,10.77,11.327,11.470833333333333,25.609755988251052,7333352.6,11.513166666666667,11.618500000000001,True,True,12.47,51351666.08,83195669.7005
2026-06-02,10.33,10.43,10.11,10.36,3921600.0,41127576.0,423220604.0,0.009266089512031414,10.244,10.624,11.2825,11.4565,15.570934180625216,7267865.05,11.510833333333332,11.560500000000001,True,True,12.47,40627776.0,82284423.563
2026-06-03,10.26,10.51,10.19,10.47,3731500.0,39470318.0,423220604.0,0.008816914783288764,10.286000000000001,10.542,11.25,11.433166666666665,15.277777703510793,7061732.5,11.502999999999998,11.4985,True,True,12.47,39068805.0,79870955.85700001
2026-06-04,10.44,10.69,10.38,10.48,3519900.0,37056658.0,423220604.0,0.008316939125203838,10.34,10.461000000000002,11.2015,11.414666666666667,17.857142757936487,6788480.8,11.494666666666667,11.4155,True,True,12.47,36888552.0,76571508.742
2026-06-05,10.5,10.54,10.12,10.2,3651600.0,37378255.0,423220604.0,0.008628124352849324,10.37,10.375,11.118500000000001,11.396833333333335,15.46762582138605,6589347.6,11.480333333333332,11.363,True,True,12.47,37246320.0,73906706.19
2026-06-08,10.0,10.16,9.34,9.56,7857678.0,76104912.0,423220604.0,0.018566388133598524,10.214,10.253,10.9875,11.364666666666666,13.782051220208743,6422048.3,11.470833333333333,11.327,True,True,12.47,75119401.68,70839644.898
2026-06-09,9.54,9.69,9.06,9.64,8153000.0,76271206.0,423220604.0,0.019264184973376203,10.07,10.157,10.872499999999999,11.333333333333334,19.101123495349924,6541566.6,11.4565,11.2825,True,True,12.47,78594920.0,71329098.4
2026-06-10,9.53,9.98,9.41,9.53,5428223.0,52434979.0,423220604.0,0.012825989445447699,9.882,10.084,10.7315,11.302333333333333,18.345323648620663,6457297.75,11.433166666666665,11.25,True,True,12.47,51730965.19,69522998.65949999
2026-06-11,9.35,9.49,9.09,9.17,4633200.0,42691109.0,423220604.0,0.010947482131564653,9.620000000000001,9.98,10.5665,11.267333333333333,17.525773111559843,6343707.75,11.414666666666667,11.2015,True,True,12.47,42486444.0,67342053.35949999
2026-06-12,9.15,9.57,9.09,9.1,7718996.0,71682424.0,423220604.0,0.018238705599503375,9.4,9.885,10.416500000000001,11.232,18.88888879094651,6492417.55,11.396833333333335,11.118500000000001,True,True,12.12,70242863.6,67983592.5395
2026-06-15,9.06,9.38,9.06,9.2,5108900.0,47034151.0,423220604.0,0.012071482228686578,9.328,9.770999999999999,10.2705,11.200333333333333,23.28244262368159,6589967.55,11.364666666666666,10.9875,True,True,12.12,47001880.0,68419999.13949999
2026-06-16,9.21,9.28,8.95,9.06,5934860.0,53704860.0,423220604.0,0.014023088535642277,9.212,9.641,10.1325,11.155,25.206611424424565,6613645.55,11.333333333333334,10.872499999999999,True,True,11.82,53769831.6,67880862.4195
2026-06-17,9.0,9.05,8.76,8.77,6935400.0,61613490.0,423220604.0,0.016387198388857268,9.059999999999999,9.471,10.0065,11.108333333333333,22.932330706371175,6449885.55,11.302333333333333,10.7315,True,True,11.29,60823458.0,65158151.6195
2026-06-18,8.8,8.83,8.55,8.6,5146900.0,44590430.0,423220604.0,0.01216126991775665,8.946,9.282999999999998,9.872,11.056999999999999,22.846441827771443,6360888.75,11.267333333333333,10.5665,True,True,11.29,44263340.0,63461119.697500005
2026-06-22,8.59,8.66,8.26,8.6,4760688.0,40075105.0,423220604.0,0.011248715102726898,8.846,9.123000000000001,9.748999999999999,11.025166666666667,13.445378072170044,5598811.7,11.232,10.416500000000001,True,True,11.06,40941916.8,54446982.9005
2026-06-23,8.59,9.03,8.53,8.97,7947400.0,70109571.0,423220604.0,0.018778386318828656,8.8,9.064,9.6585,10.986666666666668,24.54212441626754,5507367.85,11.200333333333333,10.2705,True,True,10.78,71288178.0,52741978.4975
2026-06-24,8.93,9.24,8.61,8.66,6457500.0,57021253.0,423220604.0,0.01525800005710497,8.719999999999999,8.966,9.561499999999999,10.928333333333335,19.112627895025,5533247.85,11.155,10.1325,True,True,10.6,55921950.0,52389928.9975
2026-06-25,8.6,8.67,8.38,8.4,3102100.0,26251790.0,423220604.0,0.007329747112217627,8.646,8.853,9.4685,10.869499999999999,17.295597408132608,5489357.85,11.108333333333333,10.0065,True,True,10.48,26057640.0,51651122.2975
2026-06-26,8.41,8.41,8.06,8.09,4957615.0,40534650.0,423220604.0,0.011714020898661163,8.544,8.745000000000001,9.3625,10.805166666666668,17.133956311565314,5442873.6,11.056999999999999,9.872,True,True,10.48,40107105.35,50651010.91500001
2026-06-29,8.1,8.15,7.78,8.07,5386000.0,42888972.0,423220604.0,0.012726223508721234,8.437999999999999,8.642,9.2635,10.742999999999999,21.235521120734646,5465968.6,11.025166666666667,9.748999999999999,True,True,10.48,43465020.0,50349901.66500001
2026-06-30,8.07,8.13,7.91,8.04,3787000.0,30327751.0,423220604.0,0.008948052066009527,8.251999999999999,8.526,9.1485,10.682166666666667,18.50393690588382,5407003.0,10.986666666666668,9.6585,True,True,10.48,30447479.999999996,49304692.361
2026-07-01,8.06,8.22,7.95,8.1,4415000.0,35765892.0,423220604.0,0.010431911769588608,8.139999999999999,8.43,9.035499999999999,10.617999999999999,21.285140442573535,5431673.0,10.928333333333335,9.561499999999999,True,True,10.48,35761500.0,49061378.561000004
2026-07-02,8.11,8.32,7.95,8.16,4076500.0,33384378.0,423220604.0,0.009632092486688101,8.091999999999999,8.369,8.92,10.559000000000001,26.940639097183166,5448923.0,10.869499999999999,9.4685,True,True,10.48,33264240.0,48771150.311000004
2026-07-03,8.17,8.76,8.13,8.47,6866900.0,57983194.0,423220604.0,0.01622534426513885,8.168000000000001,8.356,8.819500000000001,10.512166666666666,37.03703682365497,5616273.0,10.805166666666668,9.3625,True,True,10.48,58162643.00000001,49834854.861
2026-07-06,8.43,8.88,8.43,8.73,6571500.0,56985388.0,423220604.0,0.015527363124315186,8.3,8.369,8.745999999999999,10.470666666666666,40.92664070541587,5762268.0,10.742999999999999,9.2635,True,True,10.2,57369195.0,50840998.611
2026-07-07,8.73,8.87,8.33,8.33,4735900.0,40322705.0,423220604.0,0.011190145175446137,8.358,8.305,8.6845,10.413166666666665,37.192982273438,5606179.1,10.682166666666667,9.1485,True,True,9.64,39450047.0,49057530.877000004
2026-07-08,8.31,8.41,8.17,8.25,3697200.0,30614055.0,423220604.0,0.00873586957973341,8.388,8.264,8.615,10.355166666666667,40.15151493859047,5383389.1,10.617999999999999,9.035499999999999,True,True,9.64,30501900.0,46652879.877000004
2026-07-09,8.25,8.3,7.95,8.0,4506600.0,36264085.0,423220604.0,0.010648347356925941,8.356,8.224,8.5385,10.294666666666668,38.97058803471024,5337307.95,10.559000000000001,8.92,True,True,9.53,36052800.0,45868971.6175
2026-07-10,8.0,8.41,7.89,8.23,4835200.0,39510897.0,423220604.0,0.011424774583989772,8.308,8.238,8.4915,10.241833333333334,43.72881335179549,5347407.95,10.512166666666666,8.819500000000001,True,True,9.2,39793696.0,45734334.2175
2026-07-13,8.32,8.4,7.86,7.92,4312200.0,34434674.0,423220604.0,0.010189012442314837,8.146,8.223,8.4325,10.185333333333334,31.833909880389385,5177068.15,10.470666666666666,8.745999999999999,True,True,9.2,34152624.0,43929822.2375
2026-07-14,7.91,8.03,7.8,7.99,3005700.0,23848776.0,423220604.0,0.007101969922050392,8.078,8.218,8.372,10.128333333333334,37.35849036867215,5071908.15,10.413166666666665,8.6845,True,True,9.2,24015543.0,42780505.3875
2026-07-15,8.03,8.21,7.99,8.1,2790600.0,22628262.0,423220604.0,0.006593724345235328,8.048,8.218,8.324,10.070333333333334,43.999999753599994,4914695.15,10.355166666666667,8.615,True,True,9.06,22603860.0,41222206.807500005
2026-07-16,8.06,8.32,7.99,8.24,2942112.0,24150534.0,423220604.0,0.0069517220385612415,8.096,8.226,8.2975,10.015500000000001,53.218883800401564,4715030.75,10.294666666666668,8.5385,True,True,8.97,24243002.88,39393184.05150001
2026-07-17,8.25,8.37,7.88,7.97,4239600.0,34224376.0,423220604.0,0.01001747069951254,8.044,8.176,8.266,9.952333333333335,48.062015243074335,4669665.75,10.241833333333334,8.4915,True,True,8.97,33789612.0,38869497.6515
2026-07-20,7.92,8.23,7.86,7.97,4890002.0,39309434.0,423220604.0,0.011554262608632352,8.053999999999998,8.1,8.2345,9.887166666666667,48.627450713417936,4676131.45,10.185333333333334,8.4325,True,True,8.97,38973315.94,38771067.6085
2026-07-21,7.98,7.99,7.6,7.82,5295300.0,41086875.0,423220604.0,0.01251191447191451,8.02,8.049000000000001,8.177,9.818000000000001,44.696969459940334,4543526.45,10.128333333333334,8.372,True,True,8.97,41409246.0,37277121.008499995
2026-07-22,7.83,7.93,7.72,7.78,2911600.0,22705465.0,423220604.0,0.00687962724990582,7.956,8.002,8.133,9.751666666666667,42.74809137462852,4366231.45,10.070333333333334,8.324,True,True,8.73,22652248.0,35613635.9085
2026-07-23,7.72,7.99,7.71,7.99,3036800.0,23960847.0,423220604.0,0.007175454057052478,7.906000000000001,8.001000000000001,8.1125,9.693166666666666,40.476190251322755,4362966.45,10.015500000000001,8.2975,True,True,8.73,24264032.0,35523955.508499995
2026-07-24,7.98,7.98,7.72,7.72,3382137.0,26413143.0,423220604.0,0.00799142803548383,7.856,7.95,8.094,9.624,30.039525525472982,4284192.55,9.952333333333335,8.266,True,True,8.73,26110097.64,34824105.122999996
2026-07-27,7.7,7.87,7.63,7.8,4410468.0,34214310.0,423220604.0,0.010421203406250041,7.822,7.938,8.0805,9.568999999999999,38.00904953297435,4235415.95,9.887166666666667,8.2345,True,True,8.73,34401650.4,34370936.64299999
2026-07-28,7.7,7.95,7.69,7.83,3311968.0,26029691.0,423220604.0,0.007825630341948097,7.824000000000001,7.922,8.07,9.515166666666666,40.27777751671812,4211664.35,9.818000000000001,8.177,True,True,8.73,25932709.44,34145198.114999995
2026-07-29,7.9,8.2,7.84,8.12,4883200.0,39431149.0,423220604.0,0.01153819061228881,7.892,7.9239999999999995,8.071000000000002,9.463,52.727272391735525,4235074.35,9.751666666666667,8.133,True,True,8.73,39651583.99999999,34339702.315
2026-07-30,8.03,8.26,8.0,8.07,2882636.0,23425718.0,423220604.0,0.006811190128163042,7.9079999999999995,7.906999999999999,8.0665,9.412166666666668,46.039603641309675,4175381.15,9.693166666666666,8.1125,False,True,8.73,23262872.52,33839633.941
2026-07-31,8.09,8.19,8.09,8.19,2486648.0,20251136.0,423220604.0,0.005875536248703052,8.001999999999999,7.929,8.052499999999998,9.357833333333334,57.37704874137777,3956368.55,9.624,8.094,False,False,8.73,20365647.119999997,31949784.146999996
2026-08-03,8.28,8.59,8.21,8.53,6235248.0,52627375.0,423220604.0,0.014732855492073349,8.148,7.984999999999999,8.0425,9.302333333333333,62.85714243809524,3939555.95,9.568999999999999,8.0805,False,False,8.73,53186665.44,31740657.668999992
2026-08-04,8.51,8.74,8.46,8.59,6055500.0,51911802.0,423220604.0,0.014308140820100526,8.3,8.062,8.055499999999999,9.242500000000001,61.951219089113636,4005535.95,9.515166666666666,8.07,False,False,8.53,52016745.0,32368992.568999995
2026-08-05,8.68,8.79,8.52,8.72,5610112.0,48651022.0,423220604.0,0.013255762944849443,8.42,8.155999999999999,8.078999999999999,9.188833333333333,61.76470545847753,4101181.55,9.463,8.071000000000002,False,False,8.59,48920176.64,33289906.401
2026-08-06,8.71,8.96,8.69,8.84,4432000.0,39179905.0,423220604.0,0.010472079946277852,8.574,8.241,8.120999999999999,9.130333333333333,73.01587247501473,4097451.55,9.412166666666668,8.0665,False,False,8.72,39178880.0,33446210.401
2026-08-07,8.9,9.24,8.66,9.11,7077300.0,64107732.0,423220604.0,0.0167224845225163,8.758,8.379999999999999,8.165000000000001,9.074333333333334,76.38888839377574,4209556.55,9.357833333333334,8.052499999999998,False,False,8.84,64474202.99999999,34680235.751
