日期,开盘,最高,最低,收盘,成交量,amount,outstanding_share,turnover,MA5,MA10,MA20,MA60,RSI14,Vol_MA20,MA60_prev5,MA20_prev5,MA20_break_1,MA20_break_2,High_20,成交额估算,Amount_MA20
2021-04-12,3.52,3.56,3.47,3.54,30318205.0,150430824.0,5599831241.0,0.0054141283362292665,3.6439999999999997,3.655,3.732,3.724333333333333,35.24590123488311,39812960.05,3.7611666666666665,3.742,True,True,3.94,107326445.7,149581338.922
2021-04-13,3.52,3.57,3.49,3.55,20527487.0,102410004.0,5599831241.0,0.003665733147403611,3.626,3.6390000000000002,3.718,3.716833333333333,38.938052614926775,38993581.95,3.7546666666666666,3.7410000000000005,True,True,3.94,72872578.85,146155735.981
2021-04-14,3.54,3.57,3.52,3.53,14095158.0,70444107.0,5599831241.0,0.0025170683532032534,3.5460000000000003,3.629,3.7049999999999996,3.707333333333333,43.999999384000006,38138816.2,3.751166666666667,3.7525,True,True,3.94,49755907.739999995,142732936.7345
2021-04-15,3.53,3.53,3.45,3.46,21221913.0,104137119.0,5599831241.0,0.003789741527319716,3.5200000000000005,3.6060000000000003,3.681,3.6943333333333332,41.121494789064556,36110901.45,3.743833333333334,3.753,True,True,3.94,73427818.98,134233626.7075
2021-04-16,3.47,3.52,3.45,3.49,14099314.0,69417922.0,5599831241.0,0.002517810518425943,3.5140000000000002,3.589,3.6590000000000003,3.6836666666666664,41.66666612654323,35044621.0,3.7348333333333334,3.7439999999999998,True,True,3.93,49206605.86,129732959.631
2021-04-19,3.49,3.52,3.48,3.52,12889663.0,63887435.0,5599831241.0,0.002301794901536748,3.5100000000000002,3.5770000000000004,3.6384999999999996,3.6736666666666666,41.121494789064556,33528999.75,3.724333333333333,3.732,True,True,3.93,45371613.76,123512330.027
2021-04-20,3.5,3.53,3.49,3.49,13732677.0,67983271.0,5599831241.0,0.002452337652508911,3.4979999999999998,3.5620000000000003,3.618,3.662166666666667,43.13725430988084,32544817.1,3.716833333333333,3.718,True,True,3.93,47927042.730000004,119392497.8135
2021-04-21,3.48,3.49,3.45,3.48,13484372.0,66127081.0,5599831241.0,0.0024079961376821785,3.4880000000000004,3.5170000000000003,3.6019999999999994,3.6521666666666666,39.17525716654268,31489114.35,3.707333333333333,3.7049999999999996,True,True,3.93,46925614.56,115165077.41149998
2021-04-22,3.51,3.56,3.49,3.52,20259651.0,100965855.0,5599831241.0,0.003617903848899221,3.5,3.5100000000000002,3.5955000000000004,3.643333333333333,42.85714224489796,30034007.75,3.6943333333333332,3.681,True,True,3.93,71313971.52,109722250.59
2021-04-23,3.52,3.53,3.47,3.49,11797399.0,58067347.0,5599831241.0,0.002106741880652328,3.5,3.507,3.5875,3.634833333333333,42.42424182430366,29560872.2,3.6836666666666664,3.6590000000000003,True,True,3.93,41172922.510000005,107900926.6405
2021-04-26,3.49,3.49,3.44,3.45,18103620.0,88608172.0,5599831241.0,0.00323288671048721,3.4859999999999998,3.498,3.5765000000000002,3.6255,40.77669847487983,29353078.95,3.6736666666666666,3.6384999999999996,True,True,3.93,62457489.0,106939185.593
2021-04-27,3.46,3.46,3.39,3.42,13362068.0,64423682.0,5599831241.0,0.002386155479502244,3.472,3.4850000000000003,3.5620000000000003,3.6173333333333333,16.88311657615111,28939541.25,3.662166666666667,3.618,True,True,3.93,45698272.56,105211210.74
2021-04-28,3.42,3.44,3.39,3.41,10167477.0,49074723.0,5599831241.0,0.00181567560921431,3.4579999999999997,3.4730000000000003,3.5509999999999997,3.6094999999999997,29.545453605371932,28248641.85,3.6521666666666666,3.6019999999999994,True,True,3.93,34671096.57,102591403.671
2021-04-29,3.42,3.48,3.4,3.47,15634838.0,76229657.0,5599831241.0,0.0027920194961460983,3.4480000000000004,3.474,3.54,3.6026666666666665,44.1860450730125,27620708.1,3.643333333333333,3.5955000000000004,True,True,3.93,54252887.86,100102344.9155
2021-04-30,3.48,3.49,3.45,3.47,14291916.0,70006967.0,5599831241.0,0.0025522047692008295,3.444,3.472,3.5305,3.597166666666667,41.46341321832249,27591103.3,3.634833333333333,3.5875,True,True,3.93,49592948.52,99858218.14549999
2021-05-06,3.54,3.64,3.53,3.61,46606189.0,236160069.0,5599831241.0,0.008322784561571397,3.476,3.4810000000000003,3.529,3.6001666666666665,55.555554115226386,29147073.0,3.6255,3.5765000000000002,True,True,3.93,168248342.29,105452038.57
2021-05-07,3.59,3.81,3.57,3.76,77560790.0,408759193.0,5599831241.0,0.013850558465427869,3.5439999999999996,3.508,3.535,3.6069999999999998,67.16417770104704,32498671.7,3.6173333333333333,3.5620000000000003,False,True,3.93,291628570.4,118117222.578
2021-05-10,3.74,3.81,3.7,3.8,50009299.0,266192521.0,5599831241.0,0.00893050108972025,3.622,3.54,3.5285,3.614,76.56249832519535,28849826.65,3.6094999999999997,3.5509999999999997,False,False,3.93,190035336.2,103452201.08799998
2021-05-11,3.79,3.85,3.75,3.84,33243221.0,178968028.0,5599831241.0,0.005936468362940083,3.696,3.572,3.5410000000000004,3.6229999999999998,76.92307526627222,24754040.05,3.6026666666666665,3.54,False,False,3.8,127653968.64,89163867.4565
2021-05-12,3.84,3.91,3.82,3.84,31537858.0,171608058.0,5599831241.0,0.005631930078372874,3.7700000000000005,3.607,3.557,3.6340000000000003,75.80644990114467,24147155.75,3.597166666666667,3.5305,False,False,3.84,121105374.72,87532240.4485
2021-05-13,3.79,3.86,3.78,3.83,23216869.0,125927050.0,5599831241.0,0.004145994406048209,3.814,3.6450000000000005,3.5715000000000003,3.6454999999999997,78.3333315055556,23792088.95,3.6001666666666665,3.529,False,False,3.84,88920608.27,86611948.57699999
2021-05-14,3.86,3.86,3.74,3.76,26446272.0,140765598.0,5599831241.0,0.004722690892248622,3.814,3.679,3.582,3.6550000000000002,71.2121197015611,24088028.2,3.6069999999999998,3.535,False,False,3.84,99437982.72,87940218.7705
2021-05-17,3.75,3.81,3.75,3.78,13630007.0,72687257.0,5599831241.0,0.0024340031714180726,3.81,3.7159999999999997,3.5945,3.6628333333333334,70.31249846191409,24064770.65,3.614,3.5285,False,False,3.84,51521426.46,88028494.70650001
2021-05-18,3.74,3.79,3.74,3.78,10259010.0,54791931.0,5599831241.0,0.0018320212803712955,3.7979999999999996,3.747,3.6104999999999996,3.6708333333333334,73.77049011018545,23516625.5,3.6229999999999998,3.5410000000000004,False,False,3.84,38779057.8,86296056.64750001
2021-05-19,3.77,3.78,3.71,3.75,11090110.0,58657718.0,5599831241.0,0.0019804364672281736,3.78,3.775,3.6235,3.6741666666666664,74.99999825000005,23366165.3,3.6340000000000003,3.557,False,False,3.84,41587912.5,85915121.9795
2021-05-20,3.76,3.79,3.71,3.78,16743385.0,88782068.0,5599831241.0,0.002989980283229039,3.7700000000000005,3.7920000000000003,3.6365000000000003,3.6771666666666665,79.9999981333334,23558851.4,3.6454999999999997,3.5715000000000003,False,False,3.84,63289995.3,86811041.05649999
2021-05-21,3.76,3.86,3.76,3.86,29735403.0,160765230.0,5599831241.0,0.00531005341416145,3.79,3.8020000000000005,3.655,3.6776666666666666,83.58208780574742,24358987.7,3.6550000000000002,3.582,False,False,3.84,114778655.58,90153621.69899999
2021-05-24,3.86,3.94,3.81,3.91,35166041.0,193645890.0,5599831241.0,0.006279839424896697,3.816,3.8129999999999997,3.6765,3.680833333333333,83.33333156565661,25443071.15,3.6628333333333334,3.5945,False,False,3.86,137499220.31,94682301.9865
2021-05-25,3.94,3.95,3.88,3.91,22943410.0,126821866.0,5599831241.0,0.004097160970140743,3.842,3.8200000000000003,3.6959999999999993,3.6835,83.33333156565661,25577259.1,3.6708333333333334,3.6104999999999996,False,False,3.91,89708733.10000001,95602040.06549999
2021-05-26,3.89,3.89,3.8,3.81,16335610.0,88429876.0,5599831241.0,0.002917161124498966,3.854,3.817,3.7119999999999997,3.6835,66.12903076482834,25804169.65,3.6741666666666664,3.6235,False,False,3.91,62238674.1,96655327.645
2021-05-27,3.8,3.85,3.79,3.83,9897678.0,53454705.0,5599831241.0,0.0017674957644317338,3.864,3.817,3.7309999999999994,3.685666666666667,57.14285551020416,25393872.55,3.6771666666666665,3.6365000000000003,False,False,3.91,37908106.74,95427858.53199999
2021-05-28,3.81,3.83,3.76,3.78,13831731.0,74080870.0,5599831241.0,0.0024700263998545025,3.8480000000000003,3.8190000000000004,3.7489999999999997,3.6863333333333332,47.99999865600004,25417355.7,3.6776666666666666,3.655,False,False,3.91,52283943.18,95757142.063
2021-05-31,3.78,3.8,3.74,3.76,10223667.0,54344079.0,5599831241.0,0.0018257098401726639,3.818,3.817,3.7664999999999997,3.6876666666666664,41.66666545138893,25420165.2,3.680833333333333,3.6765,False,False,3.91,38440987.919999994,95945636.63049999
2021-06-01,3.76,3.79,3.71,3.77,16367316.0,86763701.0,5599831241.0,0.0029228230808393393,3.79,3.816,3.7815,3.6888333333333336,42.857141632653125,25456789.1,3.6835,3.6959999999999993,True,False,3.91,61704781.32,96318231.3035
2021-06-02,3.77,3.83,3.76,3.78,17418741.0,93423240.0,5599831241.0,0.0031105832033769317,3.784,3.819,3.7969999999999997,3.6905,44.89795790087465,25613130.35,3.6835,3.7119999999999997,True,True,3.91,65842840.98,97130725.9265
2021-06-03,3.76,3.79,3.72,3.73,12982675.0,68867964.0,5599831241.0,0.0023184046877958407,3.7640000000000002,3.814,3.803,3.691333333333333,46.80850924400188,23931954.65,3.685666666666667,3.7309999999999994,True,True,3.91,48425377.75,91139577.6995
2021-06-04,3.71,3.75,3.69,3.7,13220580.0,69365297.0,5599831241.0,0.0023608890037977487,3.748,3.7979999999999996,3.8,3.6919999999999997,41.666665451388965,20714944.15,3.6863333333333332,3.7489999999999997,True,True,3.91,48916146.0,79003956.4795
2021-06-07,3.7,3.71,3.61,3.62,20029341.0,103011963.0,5599831241.0,0.0035767758237698647,3.72,3.7690000000000006,3.7909999999999995,3.6906666666666665,35.71428482142862,19215946.25,3.6876666666666664,3.7664999999999997,True,True,3.91,72506214.42,73127500.3905
2021-06-08,3.63,3.64,3.61,3.64,11896236.0,61028886.0,5599831241.0,0.0021243918768301326,3.6940000000000004,3.742,3.7809999999999997,3.691666666666667,39.99999898181823,18148597.0,3.6888333333333336,3.7815,True,True,3.91,43302299.04,68909916.9105
2021-06-09,3.64,3.68,3.62,3.66,8840041.0,45672319.0,5599831241.0,0.0015786263227499286,3.6700000000000004,3.7269999999999994,3.7720000000000007,3.6910000000000003,38.88888788065851,17013706.15,3.6905,3.7969999999999997,True,True,3.91,32354550.060000002,64472375.677499995
2021-06-10,3.66,3.75,3.65,3.73,17331242.0,91075064.0,5599831241.0,0.0030949579110718063,3.6700000000000004,3.717,3.7669999999999995,3.690166666666667,37.73584805980781,16719424.8,3.691333333333333,3.803,True,True,3.91,64645532.66,63258621.897
2021-06-11,3.74,3.75,3.66,3.7,22507976.0,117792112.0,5599831241.0,0.004019402555420688,3.6700000000000004,3.7089999999999996,3.7640000000000002,3.688,29.411763898500595,16522510.0,3.6919999999999997,3.8,True,True,3.91,83279511.2,62450698.321
2021-06-15,3.71,3.74,3.65,3.68,16667426.0,86720236.0,5599831241.0,0.0029764157673122277,3.682,3.7009999999999996,3.7590000000000003,3.6861666666666664,28.301886044855834,16674380.95,3.6906666666666665,3.7909999999999995,True,True,3.91,61336127.68,62941433.38199999
2021-06-16,3.68,3.71,3.65,3.66,11856703.0,61650835.0,5599831241.0,0.002117332199797269,3.686,3.6900000000000004,3.753,3.6814999999999998,33.333332296296334,16754265.6,3.691666666666667,3.7809999999999997,True,True,3.91,43395532.980000004,63172257.140999995
2021-06-17,3.68,4.03,3.68,3.95,111916216.0,629756472.0,5599831241.0,0.019985640849422164,3.7440000000000007,3.707,3.7630000000000003,3.681833333333333,58.33333219907411,21795570.9,3.6910000000000003,3.7720000000000007,True,True,3.91,442069053.20000005,83196314.176
2021-06-18,3.87,3.94,3.81,3.94,71133113.0,390314613.0,5599831241.0,0.012702724410548,3.786,3.728,3.771,3.6820000000000004,61.764704610726696,24515057.3,3.690166666666667,3.7669999999999995,False,True,3.95,280264465.21999997,94045037.672
2021-06-21,3.88,3.91,3.86,3.9,33620775.0,184845461.0,5599831241.0,0.00600389075189275,3.8260000000000005,3.748,3.7729999999999997,3.6820000000000004,59.999998800000036,24709325.9,3.688,3.7640000000000002,False,False,3.95,131121022.5,94862156.018
2021-06-22,3.9,4.08,3.89,3.99,53885910.0,304536457.0,5599831241.0,0.009622773916018445,3.8880000000000003,3.785,3.777,3.6851666666666665,64.10256295200529,25645319.35,3.6861666666666664,3.7590000000000003,False,False,3.95,215004780.9,98737434.0475
2021-06-23,3.98,4.12,3.97,4.07,55399862.0,318242030.0,5599831241.0,0.009893130634791572,3.97,3.8280000000000003,3.785,3.6921666666666666,67.05882242491354,27268141.95,3.6814999999999998,3.753,False,False,3.99,225477438.34,105525869.30950001
2021-06-24,4.06,4.12,4.01,4.02,29662851.0,138854901.0,5599831241.0,0.005297097309436579,3.9840000000000004,3.864,3.7954999999999997,3.6983333333333333,67.05882242491347,27934504.0,3.681833333333333,3.7630000000000003,False,False,4.07,119244661.01999998,108376168.65550001
2021-06-25,4.04,4.1,3.98,4.02,41671240.0,193583585.0,6719797489.0,0.00620126425955751,4.0,3.8929999999999993,3.8050000000000006,3.7041666666666666,69.5121939351576,29523182.1,3.6820000000000004,3.771,False,False,4.07,167518384.79999998,114856682.5585
2021-06-28,4.01,4.1,3.92,4.1,46397385.0,214317532.0,6719797489.0,0.006904580841305172,4.04,3.933,3.821,3.7106666666666666,79.26829132956568,31151464.8,3.6820000000000004,3.7729999999999997,False,False,4.07,190229278.49999997,121753949.3245
2021-06-29,4.04,4.13,3.99,4.0,37125401.0,173539926.0,6719797489.0,0.005524779736409107,4.042,3.965,3.8329999999999997,3.716833333333333,69.9999989111111,32496551.5,3.6851666666666665,3.777,False,False,4.1,148501604.0,127256980.12850001
2021-06-30,4.06,4.1,3.99,4.01,25028264.0,116556841.0,6719797489.0,0.0037245562892289715,4.029999999999999,4.0,3.845,3.7221666666666664,69.66292025249336,32929598.9,3.6921666666666666,3.785,False,False,4.1,100363338.64,129189907.9945
2021-07-01,3.97,3.98,3.83,3.83,29280608.0,131852298.0,6719797489.0,0.004357364644980896,3.9919999999999995,3.9880000000000004,3.8475,3.725,54.999999230000014,33522692.25,3.6983333333333333,3.7954999999999997,False,False,4.1,112144728.64,131505002.37750001
2021-07-02,3.86,4.03,3.84,3.98,42192472.0,192890114.0,6719797489.0,0.006278830882785849,3.9839999999999995,3.9919999999999995,3.8600000000000003,3.7306666666666666,62.49999921875,34983182.1,3.7041666666666666,3.8050000000000006,True,False,4.1,167926038.56,137480035.418
2021-07-05,4.02,4.18,3.97,4.01,45457024.0,212560393.0,6719797489.0,0.006764641951548549,3.9659999999999997,4.003,3.8754999999999997,3.7368333333333337,64.6017691111285,36595004.3,3.7106666666666666,3.821,False,True,4.1,182282666.23999998,144148361.43
2021-07-06,4.03,4.17,3.97,4.08,58079867.0,274392155.0,6719797489.0,0.008643097815830622,3.982,4.012,3.8985,3.739333333333333,67.79660936512497,38497530.6,3.716833333333333,3.8329999999999997,False,False,4.1,236965857.36,152371343.577
2021-07-07,4.03,4.03,3.95,3.99,33676805.0,154763720.0,6719797489.0,0.005011580342283734,3.978,4.004,3.9160000000000004,3.746,52.04081558309039,39586559.05,3.7221666666666664,3.845,False,False,4.1,134370451.95000002,156924751.2225
2021-07-08,3.97,3.99,3.85,3.86,38854624.0,174030302.0,6719797489.0,0.005782112342463183,3.9840000000000004,3.9880000000000004,3.9259999999999997,3.7516666666666665,46.363635773553725,41087288.2,3.725,3.8475,False,False,4.1,149978848.64,162805966.15150002
2021-07-09,3.82,3.84,3.76,3.77,28794265.0,125764387.0,6719797489.0,0.004284989993691758,3.942,3.9629999999999996,3.928,3.7555,44.34782554706995,41660439.35,3.7306666666666666,3.8600000000000003,True,False,4.1,108554379.05,165001408.47100002
2021-07-12,3.76,3.8,3.63,3.66,45664629.0,194820147.0,6719797489.0,0.0067955364837632235,3.872,3.9190000000000005,3.9259999999999997,3.7573333333333334,35.89743546789393,42818272.0,3.7368333333333337,3.8754999999999997,True,True,4.1,167132542.14000002,169194060.01799998
2021-07-13,3.66,3.69,3.62,3.65,27903459.0,117476688.0,6719797489.0,0.0041524255821215866,3.786,3.8840000000000003,3.9244999999999997,3.759333333333333,30.909090515702474,43380073.65,3.739333333333333,3.8985,True,True,4.1,101847625.35,171219634.90150002
2021-07-14,3.66,3.66,3.59,3.62,22805493.0,94953592.0,6719797489.0,0.003393776826955209,3.7119999999999997,3.8449999999999998,3.9225000000000003,3.762,31.481481073388224,43927513.15,3.746,3.9160000000000004,True,True,4.1,82555884.66,173177652.4855
2021-07-15,3.64,3.66,3.54,3.59,24201164.0,99871931.0,6719797489.0,0.003601472222878174,3.658,3.821,3.9044999999999996,3.763666666666667,30.63063024429836,39541760.55,3.7516666666666665,3.9259999999999997,True,True,4.1,86882178.75999999,155418308.76349998
2021-07-16,3.59,3.61,3.56,3.57,16084364.0,66388343.0,6719797489.0,0.002393578679466065,3.618,3.7800000000000002,3.886,3.7645,24.761904431746032,36789323.1,3.7555,3.928,True,True,4.1,57421179.48,144276144.47649997
2021-07-19,3.55,3.58,3.5,3.56,18584177.0,75752963.0,6719797489.0,0.0027655858722560383,3.5980000000000003,3.7350000000000003,3.8690000000000007,3.7656666666666667,27.083332938368045,36037493.2,3.7573333333333334,3.9259999999999997,True,True,4.1,66159670.12,141028076.85750002
2021-07-20,3.53,3.56,3.51,3.56,13705697.0,55748562.0,6719797489.0,0.002039599708538181,3.5799999999999996,3.683,3.8474999999999993,3.7670000000000003,26.31578908587258,34028482.55,3.759333333333333,3.9244999999999997,True,True,4.1,48792281.32,132717451.87849998
2021-07-21,3.54,3.59,3.53,3.54,18393361.0,75438630.0,6719797489.0,0.002737189778428455,3.564,3.6380000000000003,3.821,3.767333333333333,31.645569059445606,32178157.5,3.762,3.9225000000000003,True,True,4.1,65112497.94,124699204.85849997
2021-07-22,3.56,3.6,3.55,3.58,18983206.0,78292125.0,6719797489.0,0.0028249669772154053,3.562,3.6099999999999994,3.7990000000000004,3.7688333333333337,20.588234870242232,31644175.25,3.763666666666667,3.9044999999999996,True,True,4.1,67959877.48,122134965.68149999
2021-07-23,3.57,3.58,3.5,3.51,25861369.0,105146848.0,6719797489.0,0.003848533983700234,3.55,3.5840000000000005,3.7735,3.769833333333333,15.277777480709915,30853681.7,3.7645,3.886,True,True,4.1,90773405.19,118297716.701
2021-07-26,3.5,3.51,3.38,3.39,31277981.0,123696264.0,6724401529.0,0.0046514148307635955,3.5160000000000005,3.557,3.7380000000000004,3.7693333333333334,5.194805100354188,30097711.5,3.7656666666666667,3.8690000000000007,True,True,4.1,106032355.59,114087870.5555
2021-07-27,3.41,3.43,3.33,3.35,19832029.0,77368034.0,6724401529.0,0.002949263055525666,3.474,3.5269999999999997,3.7055,3.7683333333333335,5.555555447530878,29233042.9,3.7670000000000003,3.8474999999999993,True,True,4.08,66437297.15,109984655.21300001
2021-07-28,3.37,3.38,3.22,3.32,21009902.0,79689366.0,6724401529.0,0.0031244270452012147,3.4300000000000006,3.497,3.6710000000000003,3.7658333333333336,6.45161275754424,29032124.8,3.767333333333333,3.821,True,True,4.08,69752874.64,108454132.01299998
2021-07-29,3.34,3.36,3.27,3.3,19330294.0,73621561.0,6724401529.0,0.0028746489805278846,3.3739999999999997,3.468,3.6445,3.7629999999999995,7.2727270876033145,28534609.1,3.7688333333333337,3.7990000000000004,True,True,4.08,63789970.199999996,106036394.09099999
2021-07-30,3.29,3.3,3.23,3.27,18234928.0,68608972.0,6724401529.0,0.002711754781649952,3.3260000000000005,3.438,3.6089999999999995,3.7573333333333334,8.510638044363972,27336731.9,3.769833333333333,3.7735,True,True,4.08,59628214.56,100621502.891
2021-08-02,3.26,3.4,3.24,3.38,24555332.0,94786868.0,6724401529.0,0.0036516754530646948,3.3240000000000003,3.4199999999999995,3.5774999999999997,3.751,26.315788827331502,26291647.3,3.7693333333333334,3.7380000000000004,True,True,4.08,82997022.16,95657220.687
2021-08-03,3.38,3.44,3.35,3.44,19164728.0,75080760.0,6724401529.0,0.002850027309842996,3.3419999999999996,3.408,3.5455000000000005,3.7449999999999997,34.999999183333344,24345890.35,3.7683333333333335,3.7055,True,True,4.08,65926664.32,87105261.035
2021-08-04,3.43,3.43,3.38,3.38,14013496.0,54800399.0,6724401529.0,0.002083976683956881,3.354,3.3920000000000003,3.5149999999999997,3.737333333333333,33.33333259259261,23362724.9,3.7658333333333336,3.6710000000000003,True,True,3.99,47365616.48,82755019.26149999
2021-08-05,3.4,3.42,3.33,3.36,13051191.0,50641644.0,6724401529.0,0.0019408702683376003,3.3659999999999997,3.3699999999999997,3.4899999999999998,3.7293333333333334,33.33333259259261,22072553.25,3.7629999999999995,3.6445,True,True,3.86,43852001.76,77448676.91749999
2021-08-06,3.34,3.38,3.32,3.37,10930392.0,42213114.0,6724401529.0,0.0016254817551957642,3.386,3.3560000000000003,3.47,3.7216666666666667,34.920634144620834,21179359.6,3.7573333333333334,3.6089999999999995,True,True,3.77,36835421.04,73862729.017
2021-08-09,3.37,3.43,3.36,3.41,17200792.0,67488609.0,6724401529.0,0.002557966225814889,3.3920000000000003,3.3579999999999997,3.4575000000000005,3.7158333333333333,38.805969338382745,19756167.75,3.751,3.5774999999999997,True,True,3.66,58654700.72,68438836.94600001
2021-08-10,3.41,3.42,3.36,3.38,21674715.0,84375557.0,6724401529.0,0.0032232927951319546,3.38,3.3609999999999998,3.444,3.7091666666666665,38.23529333044984,19444730.55,3.7449999999999997,3.5455000000000005,True,True,3.65,73260536.7,67009482.5135
2021-08-11,3.38,3.42,3.37,3.38,21218987.0,82900156.0,6724401529.0,0.0031555205185903766,3.38,3.367,3.4319999999999995,3.7025,34.37499924804689,19365405.25,3.737333333333333,3.5149999999999997,True,True,3.62,71720176.06,66467697.083500005
2021-08-12,3.39,3.56,3.38,3.47,42665141.0,170728926.0,6724401529.0,0.006344823523104639,3.402,3.3840000000000003,3.4260000000000006,3.6978333333333335,46.96969597337013,20288604.1,3.7293333333333334,3.4899999999999998,True,True,3.59,148048039.27,69525990.109
2021-08-13,3.46,3.53,3.45,3.49,24004614.0,96484163.0,6724401529.0,0.003569777012344737,3.4259999999999997,3.4059999999999997,3.4219999999999997,3.693,58.92856995535717,20684616.6,3.7216666666666667,3.47,False,True,3.58,83776102.86,70843736.278
2021-08-16,3.49,3.52,3.46,3.47,16008156.0,64203817.0,6724401529.0,0.0023806067991273875,3.438,3.415,3.4174999999999995,3.6865,61.111109526749004,20555815.55,3.7158333333333333,3.4575000000000005,False,False,3.58,55548301.32,70313167.838
2021-08-17,3.47,3.53,3.41,3.44,31226692.0,125212980.0,6724401529.0,0.004643787534895137,3.45,3.415,3.4114999999999993,3.6786666666666665,61.111109526749004,21431865.3,3.7091666666666665,3.444,False,False,3.58,107419820.48,73244544.79599999
2021-08-18,3.43,3.45,3.4,3.45,18472099.0,72827404.0,6724401529.0,0.0027470249836117422,3.464,3.4219999999999997,3.407,3.6710000000000003,64.15094170167325,21435802.2,3.7025,3.4319999999999995,False,False,3.58,63728741.550000004,73175356.9765
2021-08-19,3.47,3.51,3.44,3.45,22406256.0,89621415.0,6724401529.0,0.003332081807335512,3.46,3.431,3.4005,3.665,67.99999809600001,21606954.7,3.6978333333333335,3.4260000000000006,False,False,3.58,77301583.2,73642442.2625
2021-08-20,3.45,3.47,3.34,3.39,25834425.0,100985974.0,6724401529.0,0.0038418920834196366,3.44,3.4330000000000007,3.3945,3.657666666666666,51.111109520987725,21605607.5,3.693,3.4219999999999997,False,False,3.51,87578700.75,73482707.0405
2021-08-23,3.38,3.47,3.38,3.46,19720661.0,78092841.0,6724401529.0,0.0029327012842632408,3.438,3.4379999999999997,3.3979999999999997,3.652333333333333,52.173911455576594,21027741.5,3.6865,3.4174999999999995,True,False,3.49,68233487.06,71592763.614
2021-08-24,3.46,3.53,3.46,3.51,21513831.0,86874378.0,6724401529.0,0.0031993673945879563,3.4519999999999995,3.4509999999999996,3.406,3.6481666666666666,64.44444243950619,21111831.6,3.6786666666666665,3.4114999999999993,False,True,3.49,75513546.81,72046576.097
2021-08-25,3.51,3.69,3.5,3.65,55195078.0,228661640.0,6724401529.0,0.008208177004594813,3.492,3.478,3.4224999999999994,3.6461666666666663,75.43859463835025,22821090.4,3.6710000000000003,3.407,False,False,3.51,201462034.7,78632034.1
2021-08-26,3.61,3.67,3.55,3.6,45163451.0,187779253.0,6724401529.0,0.006716352496980702,3.522,3.4910000000000005,3.4375,3.643166666666666,68.85245743617308,24112748.25,3.665,3.4005,False,False,3.65,162588423.6,83571956.77000001
2021-08-27,3.6,3.8,3.57,3.75,62472949.0,265840782.0,6724401529.0,0.00929048462239739,3.594,3.5170000000000003,3.4615,3.6435,73.61110967978395,26324649.3,3.657666666666666,3.3945,False,False,3.65,234273558.75,92304223.9795
2021-08-30,3.79,3.84,3.64,3.72,45180258.0,194019786.0,6724401529.0,0.006718851901563774,3.646,3.5420000000000003,3.4785000000000004,3.6438333333333333,73.611109679784,27355895.6,3.652333333333333,3.3979999999999997,False,False,3.75,168070559.76000002,96557900.8595
2021-08-31,3.69,3.78,3.67,3.77,30181018.0,129954337.0,6724401529.0,0.004488283138631711,3.6980000000000004,3.575,3.4949999999999997,3.646333333333333,75.32467395513581,27906710.1,3.6481666666666666,3.406,False,False,3.75,113782437.86,98950689.5365
2021-09-01,3.77,3.81,3.7,3.77,43637587.0,188940658.0,6724401529.0,0.006489438028322118,3.722,3.607,3.5145000000000004,3.6485,72.05882204584778,29387914.65,3.6461666666666663,3.4224999999999994,False,False,3.77,164513702.99,104808093.86200002
2021-09-02,3.82,3.87,3.77,3.85,54446106.0,240642464.0,6724401529.0,0.008096795791445963,3.772,3.647,3.539,3.6516666666666664,74.32432291818849,31457660.4,3.643166666666666,3.4375,False,False,3.77,209617508.1,113096369.17899999
2021-09-03,3.83,4.13,3.82,4.07,96772671.0,449279425.0,6724401529.0,0.014391268960167415,3.836,3.715,3.5739999999999994,3.6573333333333333,81.91489239701224,35749774.35,3.6435,3.4615,False,False,3.85,393864770.97,130947836.6755
2021-09-06,4.09,4.1,3.96,4.05,52561765.0,243923050.0,6724401529.0,0.00781657144852511,3.9019999999999997,3.774,3.6060000000000003,3.6631666666666667,82.79569767834433,37517823.0,3.6438333333333333,3.4785000000000004,False,False,4.07,212875148.25,138658859.052
2021-09-07,4.03,4.24,4.03,4.2,75011497.0,361796292.0,6724401529.0,0.01115511866394378,3.9880000000000004,3.843,3.647,3.6718333333333333,85.04672785920168,40184662.1,3.646333333333333,3.4949999999999997,False,False,4.07,315048287.40000004,150748246.587
2021-09-08,4.16,4.26,4.13,4.23,49311228.0,238938713.0,6724401529.0,0.007333177203553039,4.08,3.9010000000000007,3.6895000000000002,3.681333333333334,85.45454436694216,41589274.15,3.6485,3.5145000000000004,False,False,4.2,208586494.44000003,157591562.506
2021-09-09,4.23,4.3,4.18,4.27,59621897.0,292025443.0,6724401529.0,0.008866498638261196,4.164,3.968,3.7294999999999994,3.6866666666666665,90.74073956447188,42437111.95,3.6516666666666664,3.539,False,False,4.23,254585500.18999997,162918435.55200002
2021-09-10,4.29,4.56,4.29,4.37,112859688.0,579164521.0,6724401529.0,0.016783603345706753,4.223999999999999,4.03,3.7735,3.693833333333333,90.99098984335689,46879865.65,3.6573333333333333,3.5739999999999994,False,False,4.27,493196836.56,183389472.23700002
2021-09-13,4.43,4.74,4.43,4.71,155973316.0,832614903.0,6724401529.0,0.023195122320899705,4.356,4.1290000000000004,3.8355000000000006,3.707333333333333,92.85714192857144,53878123.65,3.6631666666666667,3.6060000000000003,False,False,4.37,734634318.36,217343773.089
2021-09-14,4.74,4.86,4.61,4.72,142306315.0,775926346.0,6724401529.0,0.02116267364259592,4.459999999999999,4.224,3.8995000000000006,3.7195000000000005,92.12598323640647,59432104.8,3.6718333333333333,3.647,False,False,4.71,671685806.8,245557072.40500003
2021-09-15,4.77,4.88,4.69,4.79,104034001.0,573715385.0,6724401529.0,0.015471116730810558,4.572,4.326,3.9665,3.7314999999999996,96.12402996454539,63710199.9,3.681333333333334,3.6895000000000002,False,False,4.72,498322864.79,267286778.567
2021-09-16,4.85,5.07,4.75,4.76,134189272.0,758776129.0,6724401529.0,0.01995557097851585,4.67,4.417,4.032,3.7438333333333333,93.16239204762945,69299350.7,3.6866666666666665,3.7294999999999994,False,False,4.79,638740934.72,295358746.143
2021-09-17,4.73,4.95,4.57,4.62,125485551.0,682027065.0,6724401529.0,0.018661222185918636,4.72,4.4719999999999995,4.093500000000001,3.753833333333333,85.1562490686035,74281907.0,3.693833333333333,3.7735,False,False,4.79,579743245.62,319966973.3865
2021-09-22,4.61,4.82,4.59,4.8,82058394.0,449738505.0,6724401529.0,0.012203077648785657,4.738,4.547,4.160500000000001,3.7655000000000003,86.52482183592373,77398793.65,3.707333333333333,3.8355000000000006,False,False,4.79,393880291.2,336249313.5935
2021-09-23,4.88,5.07,4.86,5.02,126501542.0,722975750.0,6724401529.0,0.018812312360355483,4.798,4.629,4.236,3.7824999999999998,88.34355752342955,82648179.2,3.7195000000000005,3.8995000000000006,False,False,4.8,635037740.8399999,364225523.29499996
2021-09-24,5.07,5.21,4.82,4.89,103819595.0,598537453.0,6724401529.0,0.015439231960236503,4.818,4.694999999999999,4.298,3.797166666666667,80.95238027777776,85079405.05,3.7314999999999996,3.9665,False,False,5.02,507677819.54999995,379536312.5375
2021-09-27,4.84,4.84,4.56,4.65,105358699.0,567196131.0,6724401529.0,0.015668115377349887,4.796,4.733,4.350499999999999,3.8108333333333335,67.05882297716263,88089167.45,3.7438333333333333,4.032,False,False,5.02,489917950.35,395902788.875
2021-09-28,4.69,4.95,4.66,4.92,96527582.0,537859231.0,6724401529.0,0.014354821255647835,4.856,4.787999999999999,4.409,3.8265000000000002,72.30769178856018,89791899.1,3.753833333333333,4.093500000000001,False,False,5.02,474915703.44,407934896.1095
2021-09-29,4.94,4.98,4.68,4.73,94304794.0,520112074.0,6724401529.0,0.014024265742207139,4.8420000000000005,4.79,4.4595,3.8385000000000002,63.31658246912959,92248125.9,3.7655000000000003,4.160500000000001,False,False,5.02,446061675.62000006,421834451.9025
2021-09-30,4.83,4.9,4.7,4.79,58551079.0,322993339.0,6724401529.0,0.008707255024479072,4.796,4.797,4.5105,3.8503333333333334,63.86138569601021,93666628.95,3.7824999999999998,4.236,False,False,5.02,280459668.41,430168313.43
2021-10-08,5.02,5.16,4.59,4.66,123741749.0,686165437.0,6724401529.0,0.01840189769548189,4.750000000000001,4.784,4.555,3.8615,59.241705768064534,97671837.05,3.797166666666667,4.298,False,False,5.02,576636550.34,450774455.7975
2021-10-11,4.6,4.7,4.33,4.42,101817237.0,521966027.0,6724401529.0,0.015141457059174374,4.704,4.75,4.5835,3.870833333333333,51.111110793086425,100040393.6,3.8108333333333335,4.350499999999999,False,False,5.02,450032187.54,462795189.76949996
2021-10-12,4.42,4.49,4.17,4.26,92490424.0,457448040.0,6724401529.0,0.013754446934960834,4.572000000000001,4.7139999999999995,4.593,3.879,39.1304345179584,99826281.25,3.8265000000000002,4.409,True,False,5.02,394009206.24,462802411.533
2021-10-13,4.26,4.26,3.97,4.03,80160224.0,374892915.0,6724401529.0,0.011920796765971945,4.432,4.637,4.592,3.885166666666667,34.93449760302053,101206204.2,3.8385000000000002,4.4595,True,True,5.02,323045702.72,468310939.25650007
2021-10-14,4.02,4.02,3.9,3.94,51928744.0,236888713.0,6724401529.0,0.007722433554279802,4.262,4.529000000000001,4.579000000000001,3.89,31.60173141020593,100052066.55,3.8503333333333334,4.5105,True,True,5.02,204599251.35999998,462788487.4545
2021-10-15,3.95,3.97,3.84,3.9,71400370.0,322068106.0,6724401529.0,0.010618100316002113,4.109999999999999,4.430000000000001,4.5625,3.8946666666666667,31.465517051501166,101156523.65,3.8615,4.555,True,True,5.02,278461443.0,466282234.8825
2021-10-18,3.9,4.16,3.89,4.06,121369276.0,567490344.0,6724401529.0,0.018049082208517236,4.038,4.371,4.5520000000000005,3.9024999999999994,38.034187806633035,104243892.6,3.870833333333333,4.5835,True,True,5.02,492759260.55999994,478190922.901
2021-10-19,4.1,4.11,4.02,4.06,63664036.0,298356868.0,6724401529.0,0.00946761369401265,3.9979999999999998,4.285,4.5365,3.9106666666666663,32.870370157321645,101784110.0,3.879,4.593,True,True,5.02,258475986.15999997,466454880.38100004
2021-10-20,4.07,4.11,3.99,4.02,50244429.0,233650259.0,6724401529.0,0.007471955501662608,3.9959999999999996,4.214,4.502,3.9183333333333334,24.747474572492578,96497665.65,3.885166666666667,4.592,True,True,5.02,201982604.57999998,439822294.69200003
2021-10-21,4.09,4.11,3.97,4.01,60696328.0,281907327.0,6724401529.0,0.00902627954892906,4.01,4.136,4.4665,3.925833333333333,26.34408582321653,92417166.3,3.89,4.579000000000001,True,True,5.02,243392275.28,418407618.11600006
2021-10-22,4.04,4.1,3.91,3.93,52103306.0,239948919.0,6724401529.0,0.0077483930391867,4.016,4.063000000000001,4.4235,3.9323333333333332,28.823529174394437,89820631.55,3.8946666666666667,4.5625,True,True,5.02,204765992.58,403729774.50549996
2021-10-25,3.9,4.04,3.87,3.99,39688891.0,182141180.0,6724401529.0,0.005902219079101039,4.002000000000001,4.0200000000000005,4.385,3.9391666666666665,18.791946132156184,85095612.5,3.9024999999999994,4.5520000000000005,True,True,5.02,158358675.09,379710661.52400005
2021-10-26,3.99,4.03,3.94,4.03,43543052.0,200354808.0,6724401529.0,0.0064753795281578585,3.996,3.997,4.355500000000001,3.9478333333333335,23.880596765426574,80998487.55,3.9106666666666663,4.5365,True,True,5.02,175478499.56,359497424.221
2021-10-27,4.0,4.03,3.86,3.9,42951573.0,194052907.0,6724401529.0,0.006387419432757672,3.972,3.9840000000000004,4.310499999999999,3.9563333333333337,18.439716128967333,79043146.5,3.9183333333333334,4.502,True,True,5.02,167511134.7,348178966.39599997
2021-10-28,3.87,3.9,3.7,3.74,65852953.0,286191738.0,6724401529.0,0.009793132179272634,3.918,3.9639999999999995,4.246499999999999,3.962833333333333,18.05555538001542,76010717.05,3.925833333333333,4.4665,True,True,5.02,246290044.22000003,328741581.565
2021-10-29,3.77,4.01,3.73,3.97,65354077.0,292227252.0,6724401529.0,0.00971894327222291,3.9260000000000006,3.971,4.2005,3.9736666666666665,34.26573393026554,74087441.15,3.9323333333333332,4.4235,True,True,4.92,259455685.69000003,316330474.87200004
2021-11-01,3.92,4.03,3.7,3.73,96074756.0,422116391.0,6724401529.0,0.014287480541675428,3.874,3.938,4.1545000000000005,3.980833333333334,32.450330824963814,73623244.0,3.9391666666666665,4.385,True,True,4.92,358358839.88,309752519.34849995
2021-11-02,3.73,3.79,3.64,3.7,58142446.0,249287564.0,6724401529.0,0.008646486345179106,3.808,3.902,4.093500000000001,3.988,37.40457975292815,71703987.2,3.9478333333333335,4.355500000000001,True,True,4.92,215127050.20000002,296763086.6865
2021-11-03,3.7,3.77,3.66,3.73,35426045.0,151877631.0,6724401529.0,0.00526828221771407,3.774,3.8729999999999998,4.0435,3.9938333333333333,41.59999953408,68760049.75,3.9563333333333337,4.310499999999999,True,True,4.79,132139147.85,281066960.298
2021-11-04,3.69,3.73,3.66,3.69,37940904.0,161338430.0,6724401529.0,0.005642272228446517,3.7640000000000002,3.8409999999999997,3.9884999999999997,3.9979999999999998,41.59999953408,67729541.0,3.962833333333333,4.246499999999999,True,True,4.79,140001935.76,274044073.66550004
2021-11-05,3.67,3.68,3.57,3.59,44237063.0,184805287.0,6724401529.0,0.006578587374537491,3.688,3.807,3.935,4.0015,30.25210048442908,63754306.7,3.9736666666666665,4.2005,True,True,4.66,158811056.17,253152798.95700002
2021-11-08,3.57,3.66,3.56,3.59,37655216.0,156631407.0,6724401529.0,0.0055997869606099785,3.66,3.7669999999999995,3.8934999999999995,4.005333333333334,30.25210048442908,60546205.65,3.980833333333334,4.1545000000000005,True,True,4.42,135182225.44,237410300.852
2021-11-09,3.62,3.63,3.56,3.57,26448012.0,109091718.0,6724401529.0,0.0039331399063454115,3.6339999999999995,3.721,3.8590000000000004,4.008666666666667,30.769230401051956,57244085.05,3.988,4.093500000000001,True,True,4.26,94419402.83999999,222430810.68199998
2021-11-10,3.58,3.59,3.51,3.57,38937968.0,158681145.0,6724401529.0,0.005790547728608132,3.6019999999999994,3.6879999999999997,3.836,4.011333333333334,31.034482384066592,55182972.25,3.9938333333333333,4.0435,True,True,4.06,139008545.76,213228952.834
2021-11-11,3.56,3.71,3.52,3.68,50368537.0,211690335.0,6724401529.0,0.007490411865320365,3.6,3.682,3.8229999999999995,4.016333333333333,39.49579785467129,55104961.9,3.9979999999999998,3.9884999999999997,True,True,4.06,185356216.16,212266801.074
2021-11-12,3.68,3.71,3.62,3.66,39551501.0,166582058.0,6724401529.0,0.005881787521079484,3.614,3.651,3.811,4.021,35.65217347901702,53512518.45,4.0015,3.935,True,True,4.06,144758493.66,205581653.607
2021-11-15,3.67,3.73,3.66,3.7,34159062.0,145632168.0,6724401529.0,0.005079866491119525,3.636,3.6480000000000006,3.793,4.0248333333333335,35.65217347901702,49152007.75,4.005333333333334,3.8934999999999995,True,True,4.06,126388529.4,187263117.049
2021-11-16,3.72,3.74,3.64,3.64,28452754.0,120592063.0,6724401529.0,0.0042312693370991,3.65,3.6419999999999995,3.772,4.027333333333333,37.9629624708505,47391443.65,4.008666666666667,3.8590000000000004,True,True,4.06,103568024.56,179517718.96899998
2021-11-17,3.64,3.73,3.61,3.7,32272499.0,137216036.0,6724401529.0,0.004799311709870382,3.6760000000000006,3.6390000000000002,3.7560000000000002,4.031166666666667,47.9591829883382,46492847.15,4.011333333333334,3.836,True,True,4.03,119408246.30000001,175389001.055
2021-11-18,3.73,3.76,3.69,3.72,30065964.0,128944111.0,6724401529.0,0.004471173214498863,3.684,3.6420000000000003,3.7415,4.035833333333334,33.76623315230228,44961328.95,4.016333333333333,3.8229999999999995,True,True,4.03,111845386.08000001,168811656.595
2021-11-19,3.7,3.76,3.67,3.75,22787721.0,97708877.0,6724401529.0,0.003388810275788039,3.7020000000000004,3.658,3.7325000000000004,4.0408333333333335,51.78571299107147,43495549.7,4.021,3.811,True,True,4.03,85453953.75,162846054.65350002
2021-11-22,3.74,3.82,3.72,3.77,23110316.0,100517186.0,6724401529.0,0.0034367840617984015,3.716,3.6760000000000006,3.7215,4.046166666666667,56.363634928925634,42666620.95,4.0248333333333335,3.793,False,True,4.03,87125891.32000001,159284415.465
2021-11-23,3.78,4.03,3.76,3.94,61117224.0,274914404.0,6724401529.0,0.009088871884943622,3.776,3.713,3.717,4.0553333333333335,65.21738998109643,43545329.55,4.027333333333333,3.772,False,False,4.03,240801862.56,162550583.615
2021-11-24,3.93,3.99,3.89,3.95,28465227.0,129045988.0,6739495153.0,0.004223643812152468,3.8260000000000005,3.7510000000000003,3.7195,4.0635,69.69696821854916,42821012.25,4.031166666666667,3.7560000000000002,False,False,3.97,112437646.65,159796909.2125
2021-11-25,3.92,3.95,3.83,3.89,25205698.0,112478599.0,6739495153.0,0.003739997941652945,3.8600000000000003,3.7720000000000007,3.7270000000000003,4.069833333333333,74.19354671175861,40788649.5,4.035833333333334,3.7415,False,False,3.97,98050165.22,152384915.2625
2021-11-26,3.87,3.87,3.82,3.83,20075374.0,88765751.0,6739495153.0,0.0029787652552971575,3.876,3.789,3.7199999999999998,4.0728333333333335,67.64705743079588,38524714.35,4.0408333333333335,3.7325000000000004,False,False,3.97,76888682.42,143256565.099
2021-11-29,3.79,3.8,3.69,3.72,47000024.0,202005677.0,6739495153.0,0.006973819690200169,3.8660000000000005,3.7909999999999995,3.7195,4.074833333333333,59.74025865407324,36070977.75,4.046166666666667,3.7215,False,False,3.95,174840089.28,134080627.569
2021-11-30,3.74,3.9,3.73,3.79,41072030.0,179836200.0,6739495153.0,0.006094229473808184,3.836,3.806,3.724,4.0755,63.09523704365082,35217456.95,4.0553333333333335,3.717,False,False,3.95,155662993.7,131107424.744
2021-12-01,3.77,3.86,3.77,3.84,31073645.0,136990782.0,6739495153.0,0.0046106784402342015,3.814,3.8200000000000003,3.7295000000000003,4.0775,60.256409174884936,34999836.95,4.0635,3.7195,False,False,3.95,119322796.8,130466607.1915
2021-12-02,3.81,3.87,3.78,3.83,26891986.0,118660475.0,6739495153.0,0.003990207781072352,3.8019999999999996,3.8310000000000004,3.7365000000000004,4.0785,61.03895992916177,34447391.05,4.069833333333333,3.7270000000000003,False,False,3.95,102996306.38,128616325.7225
2021-12-03,3.87,4.07,3.86,3.93,75172775.0,342428438.0,6739495153.0,0.011154066186476564,3.822,3.849,3.7535,4.081166666666666,63.85542060966762,35994176.65,4.0728333333333335,3.7199999999999998,False,False,3.95,295429005.75,135447223.2015
2021-12-06,3.89,3.91,3.78,3.79,57439128.0,253791435.0,6739495153.0,0.008522764197616746,3.836,3.851,3.7635000000000005,4.080166666666667,58.24175734573121,36983372.25,4.074833333333333,3.7195,False,False,3.95,217694295.12,139572826.6855
2021-12-07,3.82,3.87,3.8,3.85,48140762.0,212782425.0,6739495153.0,0.007143081329848684,3.8480000000000003,3.842,3.7775,4.0765,58.24175734573121,38068009.75,4.0755,3.724,False,False,3.95,185341933.70000002,144118953.2285
2021-12-08,3.87,3.98,3.82,3.86,48341889.0,214935236.0,6739495153.0,0.007172924366372046,3.8520000000000003,3.8329999999999997,3.7920000000000003,4.073333333333333,57.77777687901234,38538205.8,4.0775,3.7295000000000003,False,False,3.95,186599691.54,146498510.51749998
2021-12-09,3.85,3.97,3.82,3.94,78265199.0,353021202.0,6739495153.0,0.011612917173055796,3.874,3.8379999999999996,3.8049999999999997,4.069,59.999999115789485,39933038.9,4.0785,3.7365000000000004,False,False,3.95,308364884.06,152648943.9125
2021-12-10,3.9,3.97,3.78,3.78,147182138.0,653396050.0,6739495153.0,0.021838748253195754,3.844,3.8329999999999997,3.811,4.0615,50.458714948236675,45314570.75,4.081166666666666,3.7535,False,False,3.95,556348481.64,173228443.3115
2021-12-13,3.76,3.81,3.7,3.7,64769847.0,279087867.0,6739495153.0,0.009610489440172463,3.8259999999999996,3.8310000000000004,3.811,4.0520000000000005,37.99999946800001,46845110.0,4.080166666666667,3.7635000000000005,True,False,3.95,239648433.9,178891438.5365
2021-12-14,3.69,3.7,3.57,3.57,73383602.0,304947350.0,6739495153.0,0.01088859036679242,3.7700000000000005,3.809,3.8075,4.038666666666667,33.03571387276784,49091652.4,4.0765,3.7775,True,True,3.95,261979459.14,186812010.2655
2021-12-15,3.57,3.6,3.56,3.58,31719666.0,131057099.0,6739495153.0,0.004706534433203116,3.714,3.783,3.8015,4.019833333333334,35.51401822691939,49064010.75,4.073333333333333,3.7920000000000003,True,True,3.95,113556404.28,186519418.1645
2021-12-16,3.57,3.61,3.56,3.6,31766393.0,131204596.0,6739495153.0,0.004713467741847043,3.646,3.7600000000000002,3.7954999999999997,4.001166666666666,38.83495092845698,49149032.2,4.069,3.8049999999999997,True,True,3.95,114359014.8,186645099.60050002
2021-12-17,3.58,3.62,3.58,3.59,30434614.0,126227678.0,6739495153.0,0.004515859616940658,3.6079999999999997,3.726,3.7875,3.9811666666666667,43.01075204069834,49531376.85,4.0615,3.811,True,True,3.95,109260264.25999999,187835415.126
2021-12-20,3.58,3.59,3.53,3.57,28606024.0,117628499.0,6739495153.0,0.004244535139589261,3.582,3.7039999999999997,3.7775,3.9613333333333336,37.4999994034091,49806162.25,4.0520000000000005,3.811,True,True,3.95,102123505.67999999,188585295.844
2021-12-21,3.57,3.64,3.56,3.63,29593702.0,123172418.0,6739495153.0,0.004391085879307553,3.594,3.682,3.7620000000000005,3.9448333333333334,38.20224659007703,48229986.15,4.038666666666667,3.8075,True,True,3.95,107425138.25999999,181916459.629
2021-12-22,3.62,3.63,3.56,3.56,42163188.0,173835844.0,6739495153.0,0.006256134479335829,3.59,3.652,3.7425000000000006,3.9241666666666664,35.78947315678673,48914884.2,4.019833333333334,3.8015,True,True,3.95,150100949.28,183799624.7605
2021-12-23,3.57,3.58,3.54,3.57,25947758.0,106630262.0,6739495153.0,0.0038501041117968145,3.5840000000000005,3.6150000000000007,3.7265,3.9,29.069766968631683,48951987.2,4.001166666666666,3.7954999999999997,True,True,3.94,92633496.06,183528791.3025
2021-12-24,3.57,3.57,3.53,3.54,23493743.0,95956864.0,6739495153.0,0.0034859796567317156,3.5740000000000003,3.591,3.7120000000000006,3.8775,33.333332711111126,49122905.65,3.9811666666666667,3.7875,True,True,3.94,83167850.22,183842749.6925
2021-12-27,3.54,3.57,3.54,3.55,19539606.0,80199928.0,6739495153.0,0.0028992684995555185,3.5700000000000003,3.5759999999999996,3.7035000000000005,3.8591666666666664,28.571427999999983,47749884.75,3.9613333333333336,3.7775,True,True,3.94,69365601.3,178569025.2935
2021-12-28,3.55,3.57,3.53,3.55,24907374.0,101771264.0,6739495153.0,0.0036957329049955323,3.554,3.5739999999999994,3.6915,3.8363333333333336,27.536231325351835,46941651.95,3.9448333333333334,3.7620000000000005,True,True,3.94,88421177.7,175206934.4935
2021-12-29,3.54,3.55,3.52,3.53,27778789.0,113187744.0,6739495153.0,0.004121790782449725,3.5479999999999996,3.569,3.6759999999999997,3.816333333333333,17.460317072310403,46776909.15,3.9241666666666664,3.7425000000000006,True,True,3.94,98059125.17,174143750.912
2021-12-30,3.53,3.55,3.51,3.54,30406982.0,123756098.0,6739495153.0,0.004511759606573012,3.5420000000000003,3.5629999999999997,3.6614999999999993,3.7954999999999997,24.99999927083337,46952658.95,3.9,3.7265,True,True,3.94,107640716.28,174375971.407
2021-12-31,3.55,3.57,3.52,3.56,29140325.0,119209544.0,6739495153.0,0.0043238142232402315,3.5460000000000003,3.56,3.643,3.7771666666666666,33.33333222222225,44651036.45,3.8775,3.7120000000000006,True,True,3.94,103739557.0,164791498.9695
2022-01-04,3.57,3.61,3.57,3.6,46253934.0,191458077.0,6739495153.0,0.006863115552417995,3.556,3.563,3.6335,3.7635,54.54545223140509,44091776.75,3.8591666666666664,3.7035000000000005,True,True,3.94,166514162.4,162232492.3335
2022-01-05,3.6,3.63,3.58,3.6,44975394.0,187060972.0,6739495153.0,0.006673406980637085,3.566,3.56,3.621,3.7525,53.12499767578136,43933508.35,3.8363333333333336,3.6915,True,True,3.94,161911418.4,161060966.56849998
2022-01-06,3.57,3.61,3.57,3.6,38289601.0,158657218.0,6739495153.0,0.005681375255972382,3.5799999999999996,3.563999999999999,3.6079999999999997,3.7453333333333334,49.99999766666677,43430893.95,3.816333333333333,3.6759999999999997,True,True,3.94,137842563.6,158623110.1715
2022-01-07,3.59,3.63,3.59,3.6,44237395.0,183820394.0,6739495153.0,0.006563903377882584,3.592,3.5669999999999993,3.591,3.7396666666666665,51.724135434007295,41729503.75,3.7954999999999997,3.6614999999999993,True,True,3.94,159254622.0,151167597.06849998
2022-01-10,3.59,3.6,3.55,3.6,38398925.0,158260835.0,6739495153.0,0.005697596649046808,3.6,3.5729999999999995,3.582,3.7346666666666666,55.55555267489733,36290343.1,3.7771666666666666,3.643,False,True,3.78,138236130.0,130261979.48649998
2022-01-11,3.6,3.64,3.58,3.62,38655345.0,160987334.0,6739495153.0,0.005735644009298392,3.604,3.5799999999999996,3.5780000000000003,3.7273333333333336,47.826084045368844,34984618.0,3.7635,3.6335,False,False,3.7,139932348.9,125276175.2365
2022-01-12,3.61,3.62,3.57,3.58,40304805.0,166610538.0,6739495153.0,0.005980389344453914,3.6,3.5830000000000006,3.5784999999999996,3.7193333333333336,54.99999615000029,33330678.15,3.7525,3.621,False,False,3.63,144291201.9,119391762.37449999
2022-01-13,3.57,3.6,3.57,3.58,22447162.0,92708794.0,6739495153.0,0.003330688944854858,3.596,3.588,3.5784999999999996,3.712,52.63157506925243,32867052.95,3.7453333333333334,3.6079999999999997,False,False,3.63,80360839.96000001,117731984.1585
2022-01-14,3.57,3.57,3.5,3.5,44485881.0,180504564.0,6739495153.0,0.006600773498619949,3.5759999999999996,3.5840000000000005,3.5735,3.7035,41.66666423611125,33503027.35,3.7396666666666665,3.591,False,False,3.63,155700583.5,119799062.59349999
2022-01-17,3.5,3.5,3.44,3.45,36600040.0,145693712.0,6739495153.0,0.005430679771868069,3.5460000000000003,3.5730000000000004,3.5665,3.6955000000000005,32.142855535714446,33811298.65,3.7346666666666666,3.582,True,False,3.63,126270138.0,120649556.28050001
2022-01-18,3.45,3.48,3.43,3.47,27469121.0,109367754.0,6739495153.0,0.004075842533661067,3.5159999999999996,3.56,3.5615,3.6868333333333334,36.66666495555571,33754453.5,3.7273333333333336,3.5780000000000003,True,True,3.63,95317849.87,120309273.48999998
2022-01-19,3.47,3.52,3.45,3.52,24547004.0,99269906.0,7660080607.0,0.0032045359911184548,3.504,3.5519999999999996,3.5559999999999996,3.6783333333333332,48.48484642791564,33502118.6,3.7193333333333336,3.5784999999999996,True,True,3.63,86405454.08,119258289.28099999
2022-01-20,3.51,3.52,3.48,3.5,18615665.0,75015378.0,7660080607.0,0.00243021789914175,3.4880000000000004,3.5420000000000003,3.5529999999999995,3.6716666666666664,44.11764524221461,32324742.45,3.712,3.5784999999999996,True,True,3.62,65154827.5,115010983.19199999
2022-01-21,3.49,3.51,3.48,3.51,22985079.0,92509871.0,7660080607.0,0.003000631478864019,3.4899999999999998,3.533,3.55,3.6678333333333337,42.42424062442611,32176608.5,3.7035,3.5735,True,True,3.62,80677627.28999999,114413189.75349998
2022-01-24,3.47,3.48,3.39,3.39,38747891.0,152800221.0,7660080607.0,0.005058418179645665,3.478,3.5120000000000005,3.5424999999999995,3.658166666666667,24.39024306960141,32939315.9,3.6955000000000005,3.5665,True,True,3.62,131355350.49000001,116822564.767
2022-01-25,3.39,3.4,3.34,3.35,31224819.0,121317265.0,7660080607.0,0.004076304232551531,3.4539999999999997,3.4850000000000003,3.5324999999999998,3.6518333333333333,22.22222153086419,33523576.55,3.6868333333333334,3.5615,True,True,3.62,104603143.65,118584441.8845
2022-01-26,3.35,3.48,3.35,3.43,31161038.0,123179592.0,7660080607.0,0.004067977818865791,3.436,3.47,3.5265,3.6473333333333335,33.96226325382699,33836259.75,3.6783333333333332,3.5559999999999996,True,True,3.62,106882360.34,119507501.0165
2022-01-27,3.43,3.44,3.35,3.36,20600155.0,80138325.0,7660080607.0,0.0026892869744967163,3.408,3.4479999999999995,3.518,3.6411666666666664,29.999999299999985,33477328.05,3.6716666666666664,3.5529999999999995,True,True,3.62,69216520.8,118065370.79800001
2022-01-28,3.39,3.4,3.31,3.37,19050620.0,73810139.0,7660080607.0,0.0024869999386939873,3.3800000000000003,3.435,3.5095000000000005,3.6358333333333333,31.147540268744976,32909509.95,3.6678333333333337,3.55,True,True,3.62,64200589.4,115893364.454
2022-02-07,3.39,3.55,3.39,3.55,51834588.0,209152979.0,7660080607.0,0.006766846285224737,3.412,3.4450000000000003,3.5090000000000003,3.635166666666667,45.454544628099164,34044223.1,3.658166666666667,3.5424999999999995,True,True,3.62,184012787.39999998,119907025.974
2022-02-08,3.53,3.73,3.53,3.71,101983265.0,432634770.0,7660080607.0,0.013313602066642064,3.4840000000000004,3.4690000000000003,3.5144999999999995,3.637166666666667,57.30336988511553,36830689.65,3.6518333333333333,3.5324999999999998,False,True,3.62,378357913.15,130499213.5115
2022-02-09,3.74,3.77,3.69,3.71,58142928.0,250369339.0,7660080607.0,0.007590380700023879,3.54,3.4879999999999995,3.5200000000000005,3.6395,57.30336988511553,37489066.35,3.6473333333333335,3.5265,False,False,3.71,215710262.88,133189155.73550001
2022-02-10,3.75,3.77,3.7,3.76,43807500.0,188963523.0,7660080607.0,0.00571893459710691,3.6199999999999997,3.5140000000000002,3.528,3.6426666666666665,65.116278009735,37764961.3,3.6411666666666664,3.518,False,False,3.71,164716200.0,134532837.5555
2022-02-11,3.77,3.83,3.75,3.78,51100708.0,223402723.0,7660080607.0,0.00667104050488747,3.7019999999999995,3.5409999999999995,3.537,3.644333333333334,69.87951689359849,38108126.95,3.6358333333333333,3.5095000000000005,False,False,3.76,193160676.23999998,136228140.26749998
2022-02-14,3.83,3.83,3.68,3.72,40949123.0,175956582.0,7660080607.0,0.0053457822575103875,3.7359999999999998,3.5740000000000003,3.543,3.6453333333333333,64.36781505615012,38235636.85,3.635166666666667,3.5090000000000003,False,False,3.78,152330737.56,136932870.6455
2022-02-15,3.71,3.74,3.65,3.68,32646228.0,138761826.0,7660080607.0,0.004261864812514759,3.7299999999999995,3.607,3.5460000000000003,3.645,59.30232461600868,37935181.0,3.637166666666667,3.5144999999999995,False,False,3.78,120138119.04,135943159.1525
2022-02-16,3.68,3.71,3.67,3.69,29720503.0,126406583.0,7660080607.0,0.0038799203983363516,3.726,3.633,3.5515,3.645833333333334,61.17646958062286,37405965.9,3.6395,3.5200000000000005,False,False,3.78,109668656.07,134212031.86099999
2022-02-17,3.7,3.7,3.62,3.63,27349054.0,115150022.0,7660080607.0,0.0035703350138388433,3.7,3.66,3.554,3.6446666666666667,56.66666578518522,37651060.5,3.6426666666666665,3.528,False,False,3.78,99277066.02,135157843.16399997
2022-02-18,3.64,3.86,3.63,3.86,65513781.0,285514972.0,7660080607.0,0.008552622924115398,3.7159999999999997,3.7090000000000005,3.572,3.647,73.26732571708656,38702455.5,3.644333333333334,3.537,False,False,3.78,252883194.66,140016973.722
2022-02-21,3.84,3.97,3.76,3.9,62787043.0,280895259.0,7660080607.0,0.00819665565172035,3.752,3.7439999999999998,3.5945,3.6495,77.22772170179395,40011805.65,3.6453333333333333,3.543,False,False,3.86,244869467.7,145946940.207
2022-02-22,3.9,3.95,3.87,3.91,38065078.0,171461798.0,7660080607.0,0.004969279039337399,3.7979999999999996,3.7639999999999993,3.6165,3.6518333333333333,75.53191376867362,40541603.5,3.645,3.5460000000000003,False,False,3.9,148834454.98000002,148622770.4625
2022-02-23,3.99,4.23,3.96,4.0,106951554.0,500698079.0,7660080607.0,0.013962196938536732,3.8600000000000003,3.7930000000000006,3.6405000000000003,3.652833333333333,83.3333321180556,44661831.0,3.645833333333334,3.5515,False,False,3.91,427806216.0,165692808.5585
2022-02-24,3.99,4.09,3.92,3.97,80189485.0,369148790.0,7660080607.0,0.01046849101388314,3.928,3.814,3.664,3.6531666666666665,80.61224374635573,47740522.0,3.6446666666666667,3.554,False,False,4.0,318352255.45,178352679.956
2022-02-25,3.93,4.01,3.87,3.9,66201672.0,299803213.0,7660080607.0,0.0086424249817297,3.936,3.8259999999999996,3.6835,3.6533333333333333,70.11494140044923,49901351.65,3.647,3.572,False,False,4.0,258186520.79999998,187228124.6315
2022-02-28,4.02,4.15,3.9,3.98,67683591.0,309689709.0,7660080607.0,0.00883588495637354,3.9520000000000004,3.8519999999999994,3.713,3.6558333333333333,67.08860640602471,51348136.65,3.6495,3.5945,False,False,4.0,269380692.18,194129391.716
2022-03-01,4.03,4.05,3.79,3.9,72478493.0,323561066.0,7660080607.0,0.009461844687870136,3.95,3.8739999999999997,3.7405,3.6588333333333334,60.91953924957064,53410820.35,3.6518333333333333,3.6165,False,False,4.0,282666122.7,203032540.6685
2022-03-02,3.94,4.07,3.88,3.98,91664738.0,419824847.0,7660080607.0,0.011966550053825041,3.946,3.903,3.768,3.662,62.22222125432101,56436005.35,3.652833333333333,3.6405000000000003,False,False,4.0,364825657.24,215929705.51350003
2022-03-03,4.01,4.16,3.97,4.12,119392228.0,561018852.0,7660080607.0,0.015586288725329597,3.9760000000000004,3.9519999999999995,3.806,3.6666666666666665,66.66666575163401,61375609.0,3.6531666666666665,3.664,False,False,4.0,491895979.36,237063678.4415
2022-03-04,4.06,4.12,3.95,3.97,79054225.0,365105787.0,7660080607.0,0.010320286307138596,3.9899999999999998,3.9629999999999996,3.836,3.6689999999999996,61.26126048859671,64375789.25,3.6533333333333333,3.6835,False,False,4.12,313845273.25,249545912.634
2022-03-07,3.97,4.06,3.9,3.91,66551107.0,305546887.0,7660080607.0,0.008688042647904215,3.976,3.964,3.854,3.6686666666666663,60.176990404886844,65111615.2,3.6558333333333333,3.713,False,False,4.12,260214828.37,253356014.68249997
2022-03-08,3.97,4.02,3.74,3.82,71400581.0,317508264.0,7660080607.0,0.00932112658641635,3.96,3.9550000000000005,3.8594999999999997,3.669166666666667,55.37190018577966,63582481.0,3.6588333333333334,3.7405,False,False,4.12,272750219.42,248075629.996
2022-03-09,3.78,3.82,3.49,3.75,67516565.0,286854343.0,7660080607.0,0.008814080224991553,3.914,3.9299999999999997,3.8614999999999995,3.6675,54.918032156678315,64051162.85,3.662,3.768,True,False,4.12,253187118.75,249949472.7895
2022-03-10,3.79,3.79,3.62,3.68,43101238.0,183784951.0,7660080607.0,0.0056267342618578796,3.8259999999999996,3.901,3.8575000000000004,3.6644999999999994,41.50943341402637,64015849.75,3.6666666666666665,3.806,True,True,4.12,158612555.84,249644290.5815
2022-03-11,3.62,3.82,3.55,3.81,48430558.0,206045037.0,7660080607.0,0.006322460622117054,3.7939999999999996,3.8920000000000003,3.8590000000000004,3.662333333333333,46.08695596068054,63882342.25,3.6689999999999996,3.836,True,True,4.12,184520425.98,249212278.06849998
2022-03-14,3.77,3.89,3.67,3.67,38376325.0,167023277.0,7660080607.0,0.005009911379382956,3.746,3.8609999999999998,3.8565000000000005,3.6605,40.62499955566406,63753702.35,3.6686666666666663,3.854,True,True,4.12,140841112.75,248637796.82799998
2022-03-15,3.63,3.65,3.31,3.31,83836202.0,334459518.0,7660080607.0,0.010944558719576409,3.6439999999999997,3.8019999999999996,3.838,3.6540000000000004,27.741935233298662,66313201.05,3.669166666666667,3.8594999999999997,True,True,4.12,277497828.62,256505782.30699998
2022-03-16,3.39,3.44,3.21,3.41,58819422.0,226458422.0,7660080607.0,0.007678694914287082,3.5759999999999996,3.745,3.8240000000000003,3.6513333333333335,32.71604909998477,67768147.0,3.6675,3.8614999999999995,True,True,4.12,200574229.02,261051060.95450002
2022-03-17,3.43,3.44,3.36,3.38,54194753.0,211834247.0,7660080607.0,0.007074958578174137,3.5159999999999996,3.6710000000000003,3.8115,3.648,33.544303500240346,69110431.95,3.6644999999999994,3.8575000000000004,True,True,4.12,183178265.14,265246120.9105
2022-03-18,3.38,3.42,3.34,3.38,42004865.0,163579633.0,7660080607.0,0.005483606133545743,3.4300000000000006,3.6120000000000005,3.7875,3.6443333333333334,29.999999720000005,67934986.15,3.662333333333333,3.8590000000000004,True,True,4.12,141976443.7,259700783.3625
2022-03-21,3.38,3.41,3.33,3.36,45405114.0,176436908.0,7660080607.0,0.005927498198714451,3.368,3.557,3.7604999999999995,3.6405000000000003,31.249999696180552,67065889.7,3.6605,3.8565000000000005,True,True,4.12,152561183.04,255085369.1295
2022-03-22,3.35,3.44,3.32,3.4,33273594.0,129405979.0,7660080607.0,0.0043437655172445105,3.386,3.5149999999999997,3.7350000000000003,3.637666666666667,29.285713992857154,66826315.5,3.6540000000000004,3.838,True,True,4.12,113130219.6,253300157.3605
2022-03-23,3.38,3.38,3.33,3.35,33702370.0,130380711.0,7660080607.0,0.00439974090732176,3.374,3.475,3.7024999999999997,3.6330000000000005,20.61068680263388,63163856.3,3.6513333333333335,3.8240000000000003,True,True,4.12,112902939.5,237554993.53549996
2022-03-24,3.34,3.35,3.3,3.31,34866693.0,133373431.0,7660080607.0,0.0045517396994671075,3.3600000000000003,3.438,3.6695,3.6288333333333336,22.499999737500005,60897716.7,3.648,3.8115,True,True,4.12,115408753.83,227407818.45449996
2022-03-25,3.3,3.37,3.26,3.33,38649034.0,148083786.0,7660080607.0,0.005045512701874365,3.35,3.3899999999999997,3.6409999999999996,3.6248333333333336,24.999999698275857,59520084.8,3.6443333333333334,3.7875,True,True,4.12,128701283.22,220933556.5755
2022-03-28,3.39,3.66,3.38,3.66,132591294.0,545406770.0,7660080607.0,0.01730938625878614,3.41,3.3890000000000002,3.625,3.626833333333333,44.285713842857156,62765469.95,3.6405000000000003,3.7604999999999995,True,True,4.12,485284136.04,231728728.7685
2022-03-29,3.71,4.03,3.67,4.03,165865690.0,751472071.0,7660080607.0,0.0216532564746678,3.536,3.461,3.6315000000000004,3.6348333333333334,58.23529363806229,67434829.8,3.637666666666667,3.7350000000000003,False,True,4.12,668438730.7,251017359.16850004
2022-03-30,3.96,4.08,3.88,4.04,231376281.0,1067944576.0,7660080607.0,0.03020546295407933,3.6740000000000004,3.524,3.6345,3.6430000000000002,60.97560923557406,74420406.95,3.6330000000000005,3.7024999999999997,False,False,4.12,934760175.24,279514085.0685
2022-03-31,4.01,4.23,4.0,4.1,181682536.0,862302126.0,7660080607.0,0.023718097148217123,3.832,3.596,3.6335,3.6525000000000003,59.23566826159276,77534922.35,3.6288333333333336,3.6695,False,False,4.12,744898397.5999999,292164205.9805
2022-04-01,4.12,4.36,4.11,4.29,193773452.0,949814824.0,7660080607.0,0.025296529102177372,4.024,3.687,3.6494999999999997,3.665,69.1358018716659,83270883.7,3.6248333333333336,3.6409999999999996,False,False,4.1,831288109.08,318036347.77199996
2022-04-06,4.28,4.32,4.15,4.3,112009238.0,550484508.0,7660080607.0,0.014622462053159436,4.152,3.781,3.6689999999999996,3.677333333333334,88.97637697191395,85543790.25,3.626833333333333,3.625,False,False,4.29,481639723.4,329107592.5235
2022-04-07,4.34,4.5,4.29,4.29,105328429.0,531101528.0,7660080607.0,0.013750302954220597,4.204,3.87,3.6925000000000003,3.6888333333333336,87.28813455759841,87240182.65,3.6348333333333334,3.6315000000000004,False,False,4.3,451858960.41,338063029.573
2022-04-08,4.27,4.36,4.16,4.25,92335652.0,452660277.0,7660080607.0,0.012054135816223794,4.246,3.96,3.7175000000000002,3.6996666666666664,86.55462083044986,88481137.0,3.6430000000000002,3.6345,False,False,4.3,392426521.0,345024999.6855
2022-04-11,4.42,4.43,4.18,4.2,82522181.0,407938161.0,7660080607.0,0.01077301731323674,4.266,4.0489999999999995,3.7435,3.7096666666666662,83.06451519120711,90452184.15,3.6525000000000003,3.6335,False,False,4.3,346593160.2,354424029.90349996
2022-04-12,4.21,4.42,4.2,4.34,98392859.0,491662465.0,7660080607.0,0.012844885589074062,4.276,4.15,3.7699999999999996,3.722,86.02941087910904,92950299.2,3.665,3.6494999999999997,False,False,4.3,427025008.06,366549259.00750005
2022-04-13,4.29,4.71,4.27,4.59,121201610.0,636302301.0,7660080607.0,0.015822497989021488,4.334,4.243,3.816,3.7385,87.89808838816994,97091563.45,3.677333333333334,3.6689999999999996,False,False,4.34,556315389.9,387322972.865
2022-04-14,4.54,4.77,4.48,4.75,111583306.0,601377802.0,7660080607.0,0.014566857938548583,4.426,4.3149999999999995,3.8879999999999995,3.7573333333333334,91.6666659027778,98478918.65,3.6888333333333336,3.6925000000000003,False,False,4.59,530020703.5,399949116.609
2022-04-15,4.73,5.0,4.56,4.63,120059669.0,656384505.0,7660080607.0,0.01567342109824354,4.502,4.3740000000000006,3.9489999999999994,3.774833333333333,87.49999930397729,101540931.0,3.6996666666666664,3.7175000000000002,False,False,4.75,555876267.47,417714218.5315
2022-04-18,4.56,4.6,4.41,4.46,69029116.0,356489708.0,7660080607.0,0.009011539113167977,4.554,4.41,4.003,3.7895,79.5811512491434,102282649.15,3.7096666666666662,3.7435,False,False,4.75,307869857.36,423948798.1425
2022-04-19,4.47,4.63,4.4,4.62,72979670.0,381053730.0,7660080607.0,0.009527271806162078,4.61,4.443,4.065,3.8081666666666667,77.5862062722949,103831389.4,3.722,3.7699999999999996,False,False,4.75,337166075.40000004,433708279.72749996
2022-04-20,4.6,4.63,4.45,4.47,61965313.0,323425967.0,7660080607.0,0.008089381323660529,4.586,4.459999999999999,4.120500000000001,3.8251666666666666,64.47368361668974,104659399.35,3.7385,3.816,False,False,4.75,276984949.11,439929468.03099996
2022-04-21,4.42,4.56,4.39,4.43,75795201.0,391738875.0,7660080607.0,0.009894830732033837,4.522,4.473999999999999,4.172,3.8411666666666666,62.580644596045786,106785479.7,3.7573333333333334,3.8879999999999995,False,False,4.75,335772740.43,451061594.07249993
2022-04-22,4.3,4.87,4.29,4.71,156252020.0,846394955.0,7660080607.0,0.020398221378664403,4.537999999999999,4.52,4.24,3.8609999999999998,67.23163788630345,112912962.2,3.774833333333333,3.9489999999999994,False,False,4.75,735947014.2,482213797.8075
2022-04-25,4.56,4.64,4.31,4.38,180718755.0,928686584.0,7660080607.0,0.023592278498329906,4.522,4.538,4.2935,3.8756666666666666,52.35602055864696,120205565.3,3.7895,4.003,False,False,4.75,791548146.9,516020767.46099997
2022-04-26,4.37,4.42,4.12,4.15,102730905.0,504518139.0,7660080607.0,0.013411204172723923,4.428,4.519,4.3345,3.886333333333333,46.47887293394169,123409658.85,3.8081666666666667,4.065,False,False,4.75,426333255.75000006,530902366.0875
2022-04-27,4.1,4.35,4.03,4.3,90634976.0,435967230.0,7660080607.0,0.011832117787008035,4.394,4.49,4.3665,3.9015,50.22026400745211,121311842.95,3.8251666666666666,4.120500000000001,True,False,4.75,389730396.8,526124679.1255
2022-04-28,4.26,4.52,4.23,4.37,80964980.0,408331325.0,7660080607.0,0.010569729504675433,4.382,4.452,4.3835,3.9185000000000003,52.60869533194708,117066807.45,3.8411666666666666,4.172,True,True,4.75,353816962.6,510393590.7205
2022-04-29,4.4,4.53,4.28,4.43,73596227.0,372783964.0,7660080607.0,0.00960776142913505,4.326,4.432,4.4030000000000005,3.9351666666666665,54.97835464515281,109177804.75,3.8609999999999998,4.24,True,True,4.75,326031285.60999995,479957146.239
2022-05-05,4.34,4.55,4.32,4.45,103162336.0,525218927.0,7660080607.0,0.013467526164897967,4.340000000000001,4.431,4.4205,3.9533333333333336,52.51141518942476,105251794.75,3.8756666666666666,4.2935,False,True,4.75,459072395.20000005,465665846.1190001
2022-05-06,4.36,4.79,4.25,4.62,154192156.0,823077843.0,7660080607.0,0.020129312459074494,4.433999999999999,4.431,4.436999999999999,3.974166666666667,50.71090013746323,103272729.95,3.886333333333333,4.3345,False,False,4.75,712367760.72,459719828.70100003
2022-05-09,4.64,4.73,4.54,4.65,95361054.0,509139338.0,7660080607.0,0.012449092756655374,4.504,4.449,4.4545,3.9925,47.47474713906745,102440320.75,3.9015,4.3665,False,False,4.75,443428901.1,457809287.5860001
2022-05-10,4.44,4.49,4.18,4.39,167035090.0,830936884.0,7660080607.0,0.02180591805357225,4.508,4.445,4.4595,4.003833333333334,44.33962234870061,105525653.8,3.9185000000000003,4.3835,False,False,4.75,733284045.0999999,471880541.8205001
2022-05-11,4.34,4.66,4.31,4.58,111840910.0,587446089.0,7660080607.0,0.014600487349675745,4.538,4.432,4.476,4.0183333333333335,52.80373797231199,106500916.7,3.9351666666666665,4.4030000000000005,True,False,4.75,512231367.8,477870784.16050005
2022-05-12,4.56,4.79,4.53,4.69,95557838.0,511814145.0,7660080607.0,0.012474782303553898,4.586,4.463,4.5005,4.033833333333333,51.67464080217944,107152699.55,3.9533333333333336,4.4205,False,True,4.75,448166260.22,482949439.1615
2022-05-13,4.69,5.08,4.69,5.02,156329416.0,888918376.0,7660080607.0,0.020408325188790013,4.666,4.55,4.5345,4.0545,62.114537061848665,110049527.4,3.974166666666667,4.436999999999999,False,False,4.75,784773668.3199999,500836872.1745001
2022-05-16,4.99,5.18,4.89,5.09,142596868.0,831537852.0,7660080607.0,0.018615583218496542,4.754,4.6290000000000004,4.5595,4.077333333333333,64.34782569527411,111119290.3,3.9925,4.4545,False,False,5.02,725818058.12,509312005.58549994
2022-05-17,5.06,5.17,4.95,5.06,95597564.0,558340410.0,7660080607.0,0.012479968410859832,4.888,4.6979999999999995,4.575,4.100333333333333,58.5365849660916,110320003.2,4.003833333333334,4.4595,False,False,5.09,483723673.84,506997154.10249996
2022-05-18,4.96,5.03,4.88,4.9,84652979.0,482477161.0,7660080607.0,0.011051186448696336,4.952,4.745,4.588500000000001,4.1205,63.82978675871437,108549668.7,4.0183333333333335,4.476,False,False,5.09,414799597.1,499943320.584
2022-05-19,4.82,5.14,4.77,4.97,104485830.0,600278502.0,7660080607.0,0.01364030424229712,5.008,4.797,4.614,4.142833333333333,73.83720870132504,110322504.4,4.033833333333333,4.5005,False,False,5.09,519294575.09999996,510514556.471
2022-05-20,4.92,5.01,4.83,4.88,91937795.0,518854422.0,7660080607.0,0.012002196806647781,4.9799999999999995,4.8229999999999995,4.627,4.159833333333333,67.46987894904922,111270410.65,4.0545,4.5345,False,False,5.09,448656439.59999996,516089074.68099993
2022-05-23,4.81,4.94,4.79,4.84,61387791.0,343363582.0,7660080607.0,0.008013987600065473,4.93,4.8420000000000005,4.6455,4.1755,64.41717736083405,111241534.55,4.077333333333333,4.5595,False,False,5.09,297116908.44,517095672.64750004
2022-05-24,4.86,5.25,4.85,5.04,124437313.0,731952875.0,7660080607.0,0.016244909079192408,4.926,4.907,4.676,4.194333333333334,67.23163788630345,113673640.15,4.100333333333333,4.575,False,False,5.09,627164057.52,531665238.50200003
2022-05-25,5.03,5.41,4.97,5.21,162548570.0,980248537.0,7660080607.0,0.021220216645169307,4.9879999999999995,4.970000000000001,4.701,4.2145,69.7916661577691,113988467.65,4.1205,4.588500000000001,False,False,5.09,846878049.7,537211790.277
2022-05-26,5.18,5.34,5.08,5.27,96111675.0,575612446.0,7660080607.0,0.012547084023132917,5.048,5.028,4.7455,4.236166666666667,67.9558005793474,109758113.65,4.142833333333333,4.614,False,False,5.21,506508527.24999994,522959809.2945
2022-05-27,5.26,5.45,5.16,5.28,95931907.0,587129451.0,7660080607.0,0.012523615862780176,5.128,5.054,4.802,4.259166666666667,67.59776483443088,109418163.75,4.159833333333333,4.627,False,False,5.27,506520468.96000004,526969169.95500004
2022-05-30,5.28,5.38,5.19,5.23,69754727.0,422436056.0,7660080607.0,0.00910626540094841,5.206,5.068,4.8485,4.28,76.58227780243556,108374151.3,4.1755,4.6455,False,False,5.28,364817222.21000004,525723511.2254999
2022-05-31,5.23,5.47,5.19,5.25,121250194.0,741571122.0,7660080607.0,0.0158288404810255,5.248,5.087000000000001,4.8925,4.302499999999999,73.75886451586945,110388412.0,4.194333333333334,4.676,False,False,5.28,636563518.5,539860839.0205
2022-06-01,5.21,5.78,5.18,5.78,195116161.0,1264116319.0,7660080607.0,0.025471815638819426,5.362,5.175,4.96,4.3325,79.78142015467768,116464408.7,4.2145,4.701,False,False,5.28,1127771410.5800002,579947845.269
2022-06-02,5.81,6.0,5.67,5.76,205191649.0,1377445763.0,7660080607.0,0.026787139656531817,5.46,5.254,5.025499999999999,4.3598333333333334,74.342104578428,121565874.35,4.236166666666667,4.7455,False,False,5.78,1181903898.24,616089420.421
2022-06-06,5.82,5.97,5.64,5.87,195699222.0,1309543528.0,7660080607.0,0.025547932461854838,5.578,5.353,5.088,4.3915,74.9999993269231,123641227.65,4.259166666666667,4.802,False,False,5.78,1148754433.14,637908754.042
2022-06-07,5.82,6.24,5.71,6.05,192220119.0,1337746771.0,7660080607.0,0.02509374624913787,5.742,5.473999999999999,5.1579999999999995,4.4271666666666665,78.94736777469994,128484180.9,4.28,4.8485,False,False,5.87,1162931719.95,673883894.9845
2022-06-08,5.97,6.08,5.69,5.81,143998212.0,970429802.0,7660080607.0,0.018798524374327122,5.854,5.551,5.229,4.460333333333334,75.41899382353857,127332337.0,4.302499999999999,4.8925,False,False,6.05,836629611.7199999,679051173.3155
2022-06-09,5.69,5.78,5.34,5.42,193216703.0,1217974972.0,7660080607.0,0.025223847229940775,5.782,5.572,5.271,4.488166666666667,60.66350670649806,131401126.65,4.3325,4.96,False,False,6.05,1047234530.26,705801331.4385
2022-06-10,5.32,5.57,5.3,5.47,147767362.0,930193437.0,7660080607.0,0.019290575332192455,5.723999999999999,5.5920000000000005,5.3100000000000005,4.518000000000001,64.25120729491937,134011602.85,4.3598333333333334,5.025499999999999,False,False,6.05,808287470.14,723807391.9345
2022-06-13,5.45,5.47,5.08,5.17,196099781.0,1174128586.0,7660080607.0,0.025600224209233313,5.584,5.581,5.3175,4.540666666666667,57.081544721398444,136000121.1,4.3915,5.088,False,False,6.05,1013835867.77,735260501.907
2022-06-14,5.1,5.29,4.98,5.27,142272150.0,842502173.0,7660080607.0,0.018573192280768907,5.427999999999999,5.584999999999999,5.3265,4.567333333333334,55.156950326368914,135983885.2,4.4271666666666665,5.1579999999999995,True,False,6.05,749774230.4999999,736458310.526
2022-06-15,5.31,5.32,5.09,5.12,96870773.0,583185101.0,7660080607.0,0.01264618193592855,5.29,5.572,5.3295,4.597499999999999,47.9638006011343,136047545.65,4.460333333333334,5.229,True,True,6.05,495978357.76,737071044.722
2022-06-16,5.12,5.17,4.92,4.95,124729944.0,717975333.0,7660080607.0,0.0162831111576056,5.196,5.488999999999999,5.332,4.623166666666667,43.10344801575507,138051393.9,4.488166666666667,5.271,True,True,6.05,617413222.8000001,747201726.007
2022-06-17,4.94,4.97,4.75,4.87,133501786.0,743601494.0,7660080607.0,0.01742824819336787,5.076,5.4,5.327,4.648,41.4225938996166,139502191.7,4.518000000000001,5.3100000000000005,True,True,6.05,650153697.82,753744682.1429999
2022-06-20,4.84,4.86,4.72,4.74,107325701.0,588287484.0,7660080607.0,0.014011040680423482,4.99,5.287,5.32,4.670666666666666,40.080971432739425,140271587.0,4.540666666666667,5.3175,True,True,6.05,508723822.74,756748051.3
2022-06-21,4.76,4.94,4.75,4.88,126814330.0,709592048.0,7660080607.0,0.016555221348991216,4.912000000000001,5.17,5.322,4.696,42.85714262548262,143542913.95,4.567333333333334,5.3265,True,True,6.05,618853930.4,772834902.398
2022-06-22,4.94,5.23,4.93,5.01,180135746.0,1061078385.0,7660080607.0,0.02351616846373481,4.89,5.09,5.320500000000001,4.722833333333333,32.420091116949166,146327835.6,4.597499999999999,5.3295,True,True,6.05,902480087.4599999,786600703.895
2022-06-23,4.9,5.22,4.82,5.17,121740554.0,708053361.0,7660080607.0,0.01589285547318523,4.934,5.0649999999999995,5.3185,4.753166666666667,37.33905556963657,144287434.8,4.623166666666667,5.332,True,True,6.05,629398664.18,775726734.6190001
2022-06-24,5.15,5.17,4.98,5.03,88447887.0,513672499.0,7660080607.0,0.011546600034361754,4.965999999999999,5.021,5.3065,4.781833333333334,32.203389639471396,143904245.4,4.648,5.327,True,True,6.05,444892871.61,772645951.8370001
2022-06-27,5.01,5.2,4.95,5.11,86400501.0,507446250.0,7660080607.0,0.011279320079353311,5.040000000000001,5.015,5.298,4.8115,29.20353964210196,143427675.1,4.670666666666666,5.32,True,True,6.05,441506560.11,769395256.3945
2022-06-28,5.14,5.39,5.06,5.37,111533165.0,674065343.0,7660080607.0,0.014560312184975941,5.138,5.025,5.305,4.840000000000001,40.35087694521391,145516597.0,4.696,5.322,True,True,6.05,598933096.05,781101050.0865
2022-06-29,5.3,5.47,5.1,5.13,87277708.0,526218065.0,7660080607.0,0.011393836759399522,5.162000000000001,5.026,5.2989999999999995,4.858333333333333,43.192487979016505,143817972.7,4.722833333333333,5.320500000000001,False,True,6.05,447734642.03999996,771659606.2635
2022-06-30,5.11,5.14,4.93,5.0,77140659.0,446510594.0,7660080607.0,0.010070476142184022,5.128,5.031000000000001,5.26,4.874333333333334,39.366515587723434,137919197.6,4.753166666666667,5.3185,True,False,6.05,385703295.0,734556200.4844999
2022-07-01,4.98,5.0,4.88,4.88,53470634.0,303432778.0,7660080607.0,0.006980427066411939,5.098000000000001,5.032,5.216,4.887333333333333,42.857142561576346,130333146.85,4.781833333333334,5.3065,True,True,6.05,260936693.92,688507840.2685
2022-07-04,4.91,5.06,4.83,5.02,70741281.0,403960524.0,7660080607.0,0.009235056996052314,5.08,5.0600000000000005,5.1735,4.8995,43.96135235968167,124085249.8,4.8115,5.298,True,True,6.05,355121230.61999995,648826180.1425
2022-07-05,5.29,5.52,5.24,5.39,172409297.0,1070450047.0,7660080607.0,0.022507504273838512,5.0840000000000005,5.111,5.1405,4.917666666666666,55.89519616483285,123094708.7,4.840000000000001,5.305,True,True,6.05,929286110.8299999,637143899.6865
2022-07-06,5.37,5.45,5.11,5.15,143432979.0,872983904.0,7660080607.0,0.018724734941943932,5.087999999999999,5.125,5.1075,4.932,54.237287813846606,123066447.05,4.858333333333333,5.2989999999999995,False,True,5.81,738679841.85,632246411.193
2022-07-07,5.18,5.22,4.94,5.0,105041524.0,597098741.0,7660080607.0,0.013712848387523503,5.087999999999999,5.108,5.0865,4.944500000000001,52.674896815864784,118657688.1,4.874333333333334,5.26,False,False,5.47,525207620.0,606145065.68
2022-07-08,5.13,5.21,4.99,5.0,71484514.0,411618502.0,7660080607.0,0.009332083781817572,5.112,5.1049999999999995,5.063000000000001,4.957833333333334,55.65217357429112,114843545.7,4.887333333333333,5.216,True,False,5.47,357422570.0,583601820.673
2022-07-11,4.98,5.11,4.84,5.07,70114588.0,395239319.0,7660080607.0,0.009153244149405855,5.122,5.101,5.058,4.97,54.260089345452364,108544286.05,4.8995,5.1735,True,True,5.39,355480961.16,550684075.3425
2022-07-12,5.01,5.03,4.85,4.86,58198324.0,323587890.0,7660080607.0,0.007597612477709009,5.016,5.05,5.0375,4.974500000000001,46.75324646989376,104340594.75,4.917666666666666,5.1405,False,True,5.39,282843854.64000005,527337556.5495
2022-07-13,4.84,4.94,4.74,4.93,48173940.0,266006229.0,7660080607.0,0.006288959930261998,4.9719999999999995,5.029999999999999,5.0280000000000005,4.9775,44.594594313367416,101905753.1,4.932,5.1075,True,False,5.39,237497524.2,514413514.8714999
2022-07-14,4.95,4.99,4.84,4.93,42609144.0,237488916.0,7660080607.0,0.005562492901323068,4.958,5.023,5.026999999999999,4.9825,47.5961535257951,97799713.1,4.944500000000001,5.0865,True,True,5.39,210063079.92,494046007.72749996
2022-07-15,4.94,5.03,4.78,4.78,65823544.0,366150344.0,7660080607.0,0.008593061532518152,4.914,5.013,5.0225,4.987833333333334,42.32558111974039,94415801.0,4.957833333333334,5.063000000000001,True,True,5.39,314636540.32,477270149.8525001
2022-07-18,4.84,5.26,4.82,5.26,95421908.0,554079778.0,7660080607.0,0.0124570370594796,4.952,5.037000000000001,5.0485,4.998500000000001,47.67932461286474,93820611.35,4.97,5.058,True,True,5.39,501919236.08,476929920.5195001
2022-07-19,5.45,5.7,5.45,5.54,195824204.0,1238009303.0,7660080607.0,0.025564248478149205,5.088,5.0520000000000005,5.0815,5.016333333333334,58.50622372651987,97271105.05,4.974500000000001,5.0375,False,True,5.39,1084866090.16,500230528.5075
2022-07-20,5.63,5.8,5.48,5.78,115627574.0,745010064.0,7660080607.0,0.015094824706457557,5.258,5.115,5.119999999999999,5.038833333333333,65.47619011243387,94045696.45,4.9775,5.0280000000000005,False,False,5.54,668327377.72,488522893.0205
2022-07-21,5.8,5.99,5.71,5.83,109538201.0,722698603.0,7660080607.0,0.014299875761085446,5.438000000000001,5.198,5.153,5.0575,69.38775470553938,93435578.8,4.9825,5.026999999999999,False,False,5.78,638607711.83,488983345.403
2022-07-22,5.76,6.14,5.75,5.98,105017375.0,709991235.0,7660080607.0,0.013709695809732358,5.678,5.296,5.2005,5.0841666666666665,69.51219472635339,94264053.2,4.987833333333334,5.0225,False,False,5.83,628003902.5,498138896.94749993
2022-07-25,5.92,6.27,5.9,6.08,101645365.0,703840708.0,7660080607.0,0.013269490259294865,5.8420000000000005,5.397,5.2490000000000006,5.1163333333333325,65.75342423719275,95026296.4,4.998500000000001,5.0485,False,False,5.98,618003819.2,506963759.90200007
2022-07-26,6.08,6.32,6.04,6.29,107895258.0,756089283.0,7660080607.0,0.014085394597728155,5.992,5.540000000000001,5.295,5.149500000000001,76.38888839377572,94844401.05,5.016333333333334,5.0815,False,False,6.08,678661172.82,510950163.7405
2022-07-27,6.29,6.36,6.13,6.19,78989243.0,556426693.0,7660080607.0,0.01031180310659099,6.074,5.666,5.348000000000001,5.179833333333334,78.19905161384519,94429977.8,5.038833333333333,5.119999999999999,False,False,6.29,488943414.17,513010602.347
2022-07-28,6.21,6.3,6.08,6.2,79553924.0,554686636.0,7660080607.0,0.010385520477069308,6.148000000000001,5.793000000000001,5.408,5.209333333333333,78.30188627536492,94550641.05,5.0575,5.153,False,False,6.29,493234328.8,518387154.037
2022-07-29,6.17,6.24,6.01,6.12,71970161.0,497059846.0,7660080607.0,0.009395483506300392,6.176,5.9270000000000005,5.470000000000001,5.237166666666667,74.64788683330029,95475617.4,5.0841666666666665,5.2005,False,False,6.29,440457385.32,527363188.60700005
2022-08-01,6.12,6.51,6.04,6.41,108470625.0,776178008.0,7660080607.0,0.014160506992690971,6.242,6.042,5.5395,5.267,85.06787276427595,97362084.6,5.1163333333333325,5.2490000000000006,False,False,6.29,695296706.25,544371962.3885
2022-08-02,6.34,6.45,6.18,6.23,67871591.0,482767202.0,7660080607.0,0.008860427779046737,6.2299999999999995,6.111,5.5815,5.293333333333333,78.01724090851668,92135199.3,5.149500000000001,5.295,False,False,6.41,422840011.93,519049657.4434999
2022-08-03,6.24,6.31,5.92,5.96,96195125.0,658002514.0,7660080607.0,0.012557978164367377,6.184,6.129,5.622,5.319500000000001,69.88416950641763,89773306.6,5.179833333333334,5.348000000000001,False,False,6.41,573322945.0,510781812.601
2022-08-04,5.99,6.02,5.74,5.79,75181872.0,494728884.0,7660080607.0,0.00981476251454804,6.101999999999999,6.125,5.661499999999999,5.339666666666667,69.34865863184628,88280324.0,5.209333333333333,5.408,False,False,6.41,435303038.88,506286583.5450001
2022-08-05,5.92,6.03,5.68,5.81,58845063.0,384948070.0,7660080607.0,0.007682042268096462,6.040000000000001,6.1080000000000005,5.702,5.358333333333333,62.79069726554895,87648351.45,5.237166666666667,5.470000000000001,False,False,6.41,341889816.03,505509945.84650004
2022-08-08,5.83,5.91,5.66,5.79,57766972.0,377621497.0,7660080607.0,0.007541300798742365,5.9159999999999995,6.079,5.738,5.371166666666666,56.613756194395464,87030970.65,5.267,5.5395,False,False,6.41,334470767.88,504459436.1825
2022-08-09,5.82,6.12,5.75,6.06,94817734.0,643518333.0,7660080607.0,0.012378163999129834,5.882,6.055999999999999,5.798,5.387333333333333,57.29166624891493,88861941.15,5.293333333333333,5.5815,False,False,6.41,574595468.04,519047016.85249996
2022-08-10,6.07,6.21,5.83,5.98,70955867.0,479606669.0,7660080607.0,0.009263070539382903,5.886,6.035,5.850499999999999,5.402666666666667,53.846153459566096,90001037.5,5.319500000000001,5.622,False,False,6.41,424316084.66,528387944.8755
2022-08-11,5.97,6.16,5.9,5.98,46144739.0,314070302.0,7660080607.0,0.006024053971159471,5.924,6.013,5.9030000000000005,5.4206666666666665,49.999999611111114,90177817.25,5.339666666666667,5.661499999999999,False,False,6.41,275945539.22,531682067.84050006
2022-08-12,6.05,6.44,6.02,6.23,82097422.0,583912908.0,7660080607.0,0.010717566330173737,6.008,6.024,5.9755,5.441666666666666,53.846153459566096,90991511.15,5.358333333333333,5.702,False,False,6.41,511466939.06000006,541523587.7774999
2022-08-15,6.2,6.42,6.19,6.28,69392522.0,497139955.0,7660080607.0,0.009058980650489126,6.106,6.011,6.0265,5.465,49.72067000218471,89690041.85,5.371166666666666,5.738,False,False,6.41,435785038.16,538216877.8815
2022-08-16,6.26,6.81,6.16,6.71,100845129.0,757527492.0,7660080607.0,0.013165021906929393,6.236000000000001,6.059,6.085,5.496166666666667,62.26415053221788,84941088.1,5.387333333333333,5.798,False,False,6.41,676670815.59,517807114.153
2022-08-17,6.71,6.85,6.59,6.78,86708716.0,662126363.0,7660080607.0,0.011319556601109799,6.396000000000001,6.141,6.135,5.525166666666666,63.30275188704656,83495145.2,5.402666666666667,5.850499999999999,False,False,6.71,587885094.48,513784999.991
2022-08-18,6.9,7.05,6.73,6.79,72776982.0,566793402.0,7660080607.0,0.009500811510194072,6.558,6.2410000000000005,6.183000000000001,5.551500000000001,65.87677681408775,81657084.25,5.4206666666666665,5.9030000000000005,False,False,6.78,494155707.78000003,506562399.7885
2022-08-19,6.81,6.83,6.64,6.66,50655690.0,384629050.0,7660080607.0,0.0066129447715875716,6.644,6.326,6.2170000000000005,5.574666666666667,56.41025600525971,78939000.0,5.441666666666666,5.9755,False,False,6.79,337366895.40000004,492030549.4335
2022-08-22,6.69,7.32,6.69,7.32,139040718.0,1131285547.0,7660080607.0,0.018151338756532225,6.851999999999999,6.479000000000001,6.279000000000001,5.608666666666667,72.42798312181411,80808767.65,5.465,6.0265,False,False,6.79,1017778055.76,512019261.2615
2022-08-23,7.33,7.38,7.05,7.13,139323467.0,1131749554.0,7660080607.0,0.018188250770191927,6.936,6.586,6.321,5.640333333333333,74.89361657510187,82380178.1,5.496166666666667,6.085,False,False,7.32,993376319.71,527755018.60600007
2022-08-24,7.12,7.27,6.91,6.97,86005806.0,686411469.0,7660080607.0,0.011227793859167154,6.973999999999999,6.685,6.36,5.669,75.21367476367888,82731006.25,5.525166666666666,6.135,False,False,7.32,599460467.8199999,533280871.2885
2022-08-25,6.98,7.66,6.95,7.57,147567231.0,1239389632.0,7660080607.0,0.019264448844722188,7.13,6.843999999999999,6.4285,5.698833333333334,80.13698591715146,86131671.6,5.551500000000001,6.183000000000001,False,False,7.32,1117083938.67,564473351.7820001
2022-08-26,7.48,7.48,6.82,6.83,157604679.0,1259342152.0,7660080607.0,0.02057480685725113,7.164,6.904000000000001,6.464,5.716666666666667,64.28571403846155,90413397.5,5.574666666666667,6.2170000000000005,False,False,7.57,1076439957.57,596272480.3945
2022-08-29,6.91,7.06,6.8,7.01,85170791.0,671809509.0,7660080607.0,0.011118785215154069,7.101999999999999,6.976999999999999,6.494,5.735666666666666,63.380281440190444,89248405.8,5.608666666666667,6.279000000000001,False,False,7.57,597047244.91,591360007.3275
2022-08-30,7.05,7.19,6.9,6.94,78353041.0,621719165.0,7660080607.0,0.010228748889195598,7.064,7.0,6.5295000000000005,5.750500000000001,63.55932178253376,89772478.3,5.640333333333333,6.321,False,False,7.57,543770104.5400001,597406511.958
2022-08-31,6.83,6.85,6.42,6.62,156711719.0,1164625228.0,7660080607.0,0.02045823367143061,6.994,6.984,6.5625,5.764,58.29015522899944,92798308.0,5.669,6.36,False,False,7.57,1037431579.78,620611943.697
2022-09-01,6.5,6.59,6.13,6.2,125883080.0,898070229.0,7660080607.0,0.016433649521254964,6.720000000000001,6.925,6.583,5.777,49.627791390871195,95333368.4,5.698833333333334,6.4285,False,False,7.57,780475096.0,637870546.553
2022-09-02,6.21,6.63,6.21,6.41,120157465.0,875128102.0,7660080607.0,0.015686188065723052,6.636,6.9,6.613000000000001,5.792666666666666,51.55131247691686,98398988.5,5.716666666666667,6.464,True,False,7.57,770209350.65,659286523.284
2022-09-05,6.49,6.81,6.36,6.72,109854766.0,828051188.0,7660080607.0,0.014341202349700025,6.578,6.840000000000001,6.6594999999999995,5.8185,50.12284995043737,101003378.2,5.735666666666666,6.494,True,True,7.57,738224027.52,679474186.266
2022-09-06,6.69,7.05,6.46,6.82,111211825.0,848886441.0,7660080607.0,0.014518362234774849,6.554,6.809,6.6975,5.844333333333333,50.4878047056514,101823082.75,5.750500000000001,6.5295000000000005,False,True,7.57,758464646.5,688667645.189
2022-09-07,6.78,6.97,6.65,6.73,82343899.0,631008840.0,7660080607.0,0.01074974314562066,6.5760000000000005,6.784999999999999,6.735000000000001,5.871166666666667,49.28229648565739,102392484.35,5.764,6.5625,False,False,7.57,554174440.27,695160562.9695001
2022-09-08,6.63,6.68,6.38,6.59,65524324.0,486275650.0,7660080607.0,0.008553999280389035,6.654000000000001,6.687,6.7655,5.898499999999999,49.16467764002256,103361463.6,5.777,6.583,True,False,7.57,431805295.15999997,702953550.7665
2022-09-09,6.63,6.8,6.38,6.4,81370761.0,597125966.0,7660080607.0,0.010622702968117735,6.651999999999999,6.644,6.773999999999999,5.924,37.634408460515665,103325130.55,5.792666666666666,6.613000000000001,True,True,7.57,520772870.40000004,703418847.3335
2022-09-13,6.67,6.91,6.4,6.44,131979124.0,985924374.0,7660080607.0,0.017229469345191185,6.596000000000001,6.587000000000001,6.781999999999999,5.952333333333334,40.33613429560061,106454460.65,5.8185,6.6594999999999995,True,True,7.57,849945558.5600001,724126873.3535
2022-09-14,6.38,6.89,6.35,6.72,147601573.0,1121068619.0,7660080607.0,0.01926893208736178,6.5760000000000005,6.565,6.782500000000001,5.983,46.61246594781178,108792282.85,5.844333333333333,6.6975,True,True,7.57,991882570.56,739887461.102
2022-09-15,6.83,7.01,6.39,6.45,131062592.0,979744883.0,7660080607.0,0.01710981890715762,6.5200000000000005,6.548,6.766,6.007,33.333333194444435,111009976.65,5.871166666666667,6.735000000000001,True,True,7.57,845353718.4,752760892.2980001
2022-09-16,6.43,6.6,6.23,6.29,108299598.0,779693193.0,7660080607.0,0.014138179943045604,6.460000000000001,6.5569999999999995,6.741,6.025666666666667,40.28776958128461,112786107.45,5.898499999999999,6.7655,True,True,7.57,681204471.42,762113330.48
2022-09-19,6.5,6.91,6.5,6.77,149771497.0,1139808965.0,7660080607.0,0.019552209001969842,6.534000000000001,6.593000000000001,6.7465,6.054666666666666,46.10389589433293,117741897.8,5.924,6.773999999999999,True,True,7.57,1013953034.6899999,795942637.4445
2022-09-20,6.89,7.12,6.77,6.94,143730234.0,1131074472.0,7660080607.0,0.018763540669357346,6.634,6.615,6.727499999999999,6.085166666666666,49.999999779874216,117976373.6,5.952333333333334,6.781999999999999,False,True,7.57,997487823.96,794928125.8545
2022-09-21,6.97,7.51,6.86,7.39,199116583.0,1647302913.0,7660080607.0,0.02599405844607452,6.767999999999999,6.672,6.7405,6.118833333333333,61.63141967890034,120966029.4,5.983,6.782500000000001,False,False,7.57,1471471548.37,818832887.2875
2022-09-22,7.28,7.64,7.07,7.22,211793611.0,1759733956.0,7660080607.0,0.0276490055217509,6.922,6.720999999999999,6.753,6.153666666666666,66.66666636165577,127255419.65,6.007,6.766,False,False,7.57,1529149871.4199998,865317357.4675
2022-09-23,7.16,7.26,6.85,6.87,114152308.0,903250983.0,7660080607.0,0.014902233260533103,7.037999999999999,6.7490000000000006,6.718000000000001,6.184833333333333,57.187499749804694,125584673.5,6.025666666666667,6.741,False,False,7.57,784226355.96,848674478.332
2022-09-26,6.81,7.11,6.72,6.84,99954060.0,782810252.0,7660080607.0,0.013048695585351822,7.052,6.792999999999999,6.718500000000001,6.2175,52.05479427097017,122702142.55,6.054666666666666,6.7465,False,False,7.39,683685770.4,829036768.9735
2022-09-27,6.82,6.88,6.55,6.73,98167588.0,741965383.0,7676888143.0,0.012787419351617353,7.01,6.822,6.7045,6.2459999999999996,48.46416359095621,123351982.4,6.085166666666666,6.727499999999999,False,False,7.39,660667867.24,832217800.0899999
2022-09-28,6.92,7.03,6.52,6.64,108139507.0,823069075.0,7676888143.0,0.014086372627248009,6.859999999999999,6.814,6.689500000000001,6.2668333333333335,48.4641635909562,124841305.7,6.118833333333333,6.7405,False,False,7.39,718046326.48,840931611.1869999
2022-09-29,6.74,6.74,5.98,6.21,185050675.0,1308541661.0,7676888143.0,0.024104907034334523,6.6579999999999995,6.789999999999999,6.669,6.2844999999999995,44.09937869025114,126258253.5,6.153666666666666,6.753,True,False,7.39,1149164691.75,846518266.7854999
2022-09-30,6.09,6.4,6.08,6.28,103558365.0,731120317.0,7676888143.0,0.013489627967867084,6.540000000000001,6.789,6.673,6.305833333333333,48.0645159119667,125142017.75,6.184833333333333,6.718000000000001,True,True,7.39,650346532.2,840011838.5955
2022-10-10,6.28,6.54,6.15,6.33,112474333.0,811366656.0,7676888143.0,0.014651031890122982,6.438,6.745,6.669,6.328,48.231511036899946,124757861.15,6.2175,6.718500000000001,True,True,7.39,711962527.89,837099497.4575
2022-10-11,6.28,6.59,6.17,6.52,101789368.0,737813995.0,7676888143.0,0.013259196448344031,6.395999999999999,6.703,6.659000000000001,6.352166666666666,46.688741505416424,124354591.25,6.2459999999999996,6.7045,True,True,7.39,663666679.36,833371630.0495
2022-10-12,6.44,6.59,6.29,6.47,82575993.0,598301563.0,7676888143.0,0.010756440821050008,6.362,6.611,6.641499999999999,6.379,50.357142605357126,122922799.65,6.2668333333333335,6.689500000000001,True,True,7.39,534266674.71,822161731.46
2022-10-13,6.47,6.6,6.23,6.26,83206453.0,597848366.0,7676888143.0,0.010838565242854288,6.372,6.514999999999999,6.618,6.401166666666668,49.473683967497685,122965927.35,6.2844999999999995,6.669,True,True,7.39,520872395.78,820496629.2355
2022-10-14,6.38,6.75,6.32,6.7,116499892.0,870103503.0,7676888143.0,0.015175405689117386,6.456,6.498,6.6235,6.430666666666667,48.754448155671795,125514705.75,6.305833333333333,6.673,True,True,7.39,780549276.4,837933828.2974999
2022-10-17,6.7,7.18,6.55,7.16,123465119.0,962640969.0,7676888143.0,0.016082703915984358,6.622,6.529999999999999,6.661499999999999,6.470333333333333,53.548386854942756,127619423.65,6.328,6.669,False,True,7.39,884010252.04,856095697.3795
2022-10-18,7.2,7.24,7.04,7.11,88997154.0,717050993.0,7676888143.0,0.011592868404778058,6.739999999999999,6.5680000000000005,6.695,6.501166666666666,44.81481458244171,125470325.15,6.352166666666666,6.659000000000001,False,False,7.39,632769764.94,845236907.6985
2022-10-19,7.29,7.74,7.29,7.66,148567586.0,1275842342.0,7676888143.0,0.019352579226449725,6.978,6.67,6.742,6.5365,57.14285688311689,125518625.8,6.379,6.641499999999999,False,False,7.39,1138027708.76,852544164.6084999
2022-10-20,7.69,7.74,7.16,7.24,128495113.0,1067756359.0,7676888143.0,0.01673791653681517,7.174000000000001,6.773000000000001,6.781500000000001,6.560833333333334,55.873015624691355,125390251.85,6.401166666666668,6.618,False,False,7.66,930304618.12,856791709.5945
2022-10-21,7.15,7.24,7.0,7.13,91714530.0,738870466.0,7676888143.0,0.01194683682914253,7.26,6.858,6.8235,6.5825000000000005,54.48916385051137,124560998.45,6.430666666666667,6.6235,False,False,7.66,653924598.9,855427715.9684999
2022-10-24,7.12,7.12,6.72,6.83,78676875.0,612058518.0,7676888143.0,0.010248537367545177,7.194,6.9079999999999995,6.8265,6.596666666666667,51.46198809343045,121006267.35,6.470333333333333,6.661499999999999,False,False,7.66,537363056.25,831598217.0465
2022-10-25,6.76,7.04,6.72,6.89,69532552.0,542941261.0,7676888143.0,0.009057387668648229,7.15,6.945,6.824000000000001,6.610166666666667,53.687315412500766,117296383.25,6.501166666666666,6.695,False,False,7.66,479079283.28,805677790.0125
2022-10-26,6.78,6.81,6.48,6.62,99826595.0,745331262.0,7676888143.0,0.013003523451233904,6.942,6.959999999999999,6.785500000000001,6.615666666666667,56.3467489817788,112331883.85,6.5365,6.742,False,False,7.66,660852058.9,765146815.539
2022-10-27,6.49,6.82,6.39,6.6,66223165.0,498374546.0,7676888143.0,0.00862630323204385,6.814,6.994,6.7545,6.6225000000000005,55.03144629860368,105053361.55,6.560833333333334,6.781500000000001,True,False,7.66,437072889.0,710542966.418
2022-10-28,6.57,6.79,6.48,6.53,61183440.0,458731345.0,7676888143.0,0.007969823040314683,6.694,6.976999999999999,6.7375,6.628,53.12499976757813,102404918.15,6.5825000000000005,6.8235,True,True,7.66,399527863.2,691308041.78
2022-10-31,6.38,6.44,6.11,6.16,110002604.0,773911403.0,7676888143.0,0.014329061717579333,6.56,6.877,6.7035,6.628666666666667,44.67455602797522,102907345.35,6.596666666666667,6.8265,True,True,7.66,677616040.64,691004555.292
2022-11-01,6.18,6.35,5.94,6.14,117866074.0,814752016.0,7676888143.0,0.015353366078086414,6.409999999999999,6.779999999999999,6.6739999999999995,6.6241666666666665,45.07462667730007,103892269.65,6.610166666666667,6.824000000000001,True,True,7.66,723697694.36,694156046.648
2022-11-02,6.31,6.67,6.19,6.63,169224963.0,1227329541.0,7676888143.0,0.022043432162588434,6.412000000000001,6.677,6.6735,6.630833333333333,55.0964185202893,106946542.45,6.615666666666667,6.785500000000001,True,True,7.66,1121961504.69,714351805.5585
2022-11-03,6.54,6.63,6.4,6.46,71706518.0,526704331.0,7676888143.0,0.009340570901164425,6.384,6.599000000000001,6.686,6.639166666666666,46.428571235119044,101279334.6,6.6225000000000005,6.7545,True,True,7.66,463224106.28,680054776.2850001
2022-11-04,6.62,7.11,6.59,7.11,160438966.0,1273757147.0,7676888143.0,0.02089895840755381,6.5,6.5969999999999995,6.727500000000001,6.661166666666667,49.29577445348146,104123364.65,6.628,6.7375,True,True,7.66,1140721048.26,704573502.088
2022-11-07,7.09,7.17,6.92,6.98,116213870.0,923300120.0,7676888143.0,0.01513814814482702,6.664,6.612,6.76,6.680666666666667,48.20936620525313,104310341.5,6.628666666666667,6.7035,False,True,7.66,811172812.6,709534016.3235
2022-11-08,6.9,6.95,6.36,6.49,140614884.0,1039333524.0,7676888143.0,0.018316651406236336,6.734,6.572,6.758500000000001,6.692333333333334,33.613445246333825,106251617.3,6.6241666666666665,6.6739999999999995,False,False,7.66,912590597.1600001,721980212.2135
2022-11-09,6.67,6.72,6.36,6.41,95089088.0,697938358.0,7676888143.0,0.012386410512794155,6.69,6.550999999999999,6.7555000000000005,6.698166666666666,37.15170262534866,106877272.05,6.630833333333333,6.6735,True,False,7.66,609521054.08,725742931.1819999
2022-11-10,6.22,6.39,6.11,6.34,80961866.0,572698181.0,7676888143.0,0.010546182840220653,6.6659999999999995,6.525,6.7595,6.704166666666667,37.617554693841456,106765042.7,6.639166666666666,6.686,True,True,7.66,513298230.44,725364222.9150001
2022-11-11,6.41,6.45,6.08,6.43,137278268.0,975772318.0,7676888143.0,0.017882020089764385,6.529999999999999,6.515000000000001,6.746,6.711666666666668,43.288590400657625,107803961.5,6.661166666666667,6.727500000000001,True,True,7.66,882699263.24,730471722.2570001
2022-11-14,6.28,6.43,6.16,6.29,91047708.0,649756488.0,7676888143.0,0.011859975852718373,6.392,6.5280000000000005,6.702500000000001,6.712666666666666,40.196078247468925,106183090.95,6.680666666666667,6.76,True,True,7.66,572690083.32,714905713.821
2022-11-15,6.29,6.45,6.21,6.34,81559964.0,583043641.0,7676888143.0,0.010624091751860243,6.362,6.547999999999999,6.664,6.713666666666668,45.07042231303313,105811231.45,6.692333333333334,6.758500000000001,True,True,7.66,517090171.76,709121734.162
2022-11-16,6.51,6.64,6.44,6.52,117829777.0,871992183.0,7676888143.0,0.015348637990438934,6.384,6.537000000000001,6.606999999999999,6.7105,48.666666439555556,104274341.0,6.698166666666666,6.7555000000000005,True,True,7.66,768250146.04,690632856.0259999
2022-11-17,6.45,6.68,6.35,6.65,117230126.0,869270708.0,7676888143.0,0.015270526783289618,6.446000000000001,6.556,6.577500000000001,6.708333333333333,51.960784075996415,103711091.65,6.704166666666667,6.7595,True,True,7.24,779580337.9000001,683096642.0150001
2022-11-18,6.86,6.86,6.3,6.33,129512537.0,956109418.0,7676888143.0,0.01687044732025868,6.426,6.478,6.5375,6.700666666666667,52.823920020088075,105600992.0,6.711666666666668,6.746,False,True,7.13,819814359.21,691391130.0305
2022-11-21,6.28,6.42,6.15,6.36,61057138.0,436118078.0,7676888143.0,0.00795337080111993,6.44,6.4159999999999995,6.514,6.695666666666666,53.64238385728697,104720005.15,6.712666666666666,6.702500000000001,True,False,7.11,388323397.68,683939147.102
2022-11-22,6.39,6.7,6.36,6.54,111966367.0,835141635.0,7676888143.0,0.014584863673192118,6.4799999999999995,6.421000000000001,6.4965,6.682666666666666,48.33948314510969,106841695.9,6.713666666666668,6.664,True,True,7.11,732260040.18,696598184.947
2022-11-23,6.43,6.53,6.34,6.44,54037590.0,392601880.0,7676888143.0,0.007038996660290404,6.464,6.4239999999999995,6.4875,6.671166666666666,49.621211858069344,104552245.65,6.7105,6.606999999999999,False,True,7.11,348002079.6,680955685.9820001
2022-11-24,6.35,6.35,6.21,6.29,81966550.0,579927587.0,7676888143.0,0.010677054097074395,6.392,6.419,6.4719999999999995,6.659833333333334,30.841121293562765,105339414.9,6.708333333333333,6.577500000000001,True,False,7.11,515569599.5,684880521.5070001
2022-11-25,6.22,6.23,6.11,6.17,73636836.0,512350109.0,7676888143.0,0.00959201627382628,6.360000000000001,6.393000000000001,6.453999999999999,6.6365,30.985915289294454,105962084.7,6.700666666666667,6.5375,True,True,7.11,454339278.12,687621092.253
2022-11-28,6.1,6.13,6.0,6.11,60937237.0,417793942.0,7676888143.0,0.00793775236331459,6.3100000000000005,6.375,6.4515,6.624499999999999,38.823529092041525,103508816.35,6.695666666666666,6.514,True,True,7.11,372326518.07,672356616.1245
2022-11-29,6.09,6.1,5.82,5.93,114558646.0,768996314.0,7676888143.0,0.014922536823003962,6.188000000000001,6.3340000000000005,6.441,6.6065,36.66666638148147,103343444.95,6.682666666666666,6.4965,True,True,7.11,679332770.78,670138369.9455
2022-11-30,5.89,5.89,5.51,5.81,195009899.0,1248156580.0,7676888143.0,0.025402206645125533,6.061999999999999,6.263,6.4,6.587666666666666,35.67567540569759,104632691.75,6.671166666666666,6.4875,True,True,7.11,1133007513.1899998,670690670.3705001
2022-12-01,5.68,5.77,5.61,5.69,101511859.0,653491467.0,7676888143.0,0.013223047816915417,5.942,6.167,6.3614999999999995,6.572166666666666,30.319148710389342,106122958.8,6.659833333333334,6.4719999999999995,True,True,7.11,577602477.71,676409588.942
2022-12-02,5.67,5.68,5.33,5.37,198025680.0,1218511524.0,7676888143.0,0.02579504563715251,5.781999999999999,6.071,6.2745,6.558333333333334,27.66990272457349,108002294.5,6.6365,6.453999999999999,True,True,7.11,1063397901.6,672543431.609
2022-12-05,5.41,5.57,5.38,5.53,126386968.0,787727905.0,7676888143.0,0.016463307221070186,5.6659999999999995,5.988,6.202,6.543666666666666,31.33640532778358,108510949.4,6.624499999999999,6.4515,True,True,6.98,698919933.0400001,666930787.6309999
2022-12-06,5.53,5.54,5.42,5.47,71801981.0,445324998.0,7676888143.0,0.0093530060178708,5.574,5.881,6.151,6.522833333333334,24.390243735871536,105070304.25,6.6065,6.441,True,True,6.65,392756836.07,640939099.5765
2022-12-07,5.44,5.5,5.39,5.44,70480338.0,432732258.0,7676888143.0,0.009180847328649166,5.5,5.781,6.1025,6.499833333333333,18.974358838132815,103839866.75,6.587666666666666,6.4,True,True,6.65,383413038.72,629633698.8085
2022-12-08,5.43,5.48,5.36,5.4,58503438.0,358081238.0,7676888143.0,0.00762072299481725,5.442,5.692,6.0555,6.477666666666666,22.1556884370182,102716945.35,6.572166666666666,6.3614999999999995,True,True,6.65,315918565.20000005,619764715.5465
2022-12-09,5.43,5.52,5.39,5.44,81345714.0,501720252.0,7676888143.0,0.010596183308229297,5.456,5.619,6.006,6.4585,22.619047430555554,99920317.65,6.558333333333334,6.2745,True,True,6.65,442520684.16,597755786.5925
2022-12-12,5.45,5.51,5.25,5.49,83088087.0,508007317.0,7676888143.0,0.010823146755858626,5.448,5.557,5.965999999999999,6.4433333333333325,16.129032112382944,99522336.6,6.543666666666666,6.202,True,True,6.65,456153597.63,591928962.308
2022-12-13,5.56,5.75,5.53,5.67,149649510.0,958955040.0,7676888143.0,0.019493511851733127,5.488000000000001,5.531000000000001,5.932499999999999,6.430499999999999,26.38036787157965,102926813.9,6.522833333333334,6.151,True,True,6.65,848512721.7,608500089.8050001
2022-12-14,5.6,5.65,5.45,5.45,77578622.0,486025494.0,7676888143.0,0.01010547770853459,5.49,5.495,5.879,6.4093333333333335,25.294117438754327,100914256.15,6.499833333333333,6.1025,True,True,6.65,422803489.90000004,591227756.998
2022-12-15,5.45,5.5,5.41,5.45,35264085.0,217074342.0,7676888143.0,0.004593538989122145,5.5,5.471,5.819000000000001,6.392666666666667,27.215189632270466,96815954.1,6.477666666666666,6.0555,True,True,6.65,192189263.25,561858203.2655
2022-12-16,5.45,5.46,5.37,5.43,40502976.0,247193172.0,7676888143.0,0.005275962765841748,5.498,5.477,5.774,6.378333333333333,27.92207766824083,92365476.05,6.4585,6.006,True,True,6.54,219931159.67999998,531864043.28900003
2022-12-19,5.39,5.43,5.17,5.22,82850447.0,491617721.0,7676888143.0,0.010792191504775974,5.444,5.446,5.717,6.352500000000001,27.388534787618156,93455141.5,6.4433333333333325,5.965999999999999,True,True,6.54,432479333.34,534071840.072
2022-12-20,5.22,5.34,5.18,5.31,46165481.0,276349227.0,7676888143.0,0.006013566974021234,5.372,5.43,5.6555,6.325333333333334,33.766233459267994,90165097.2,6.430499999999999,5.932499999999999,True,True,6.54,245138704.10999998,509715773.2685
2022-12-21,5.28,5.34,5.18,5.23,38002158.0,225584582.0,7676888143.0,0.004950203427758867,5.328,5.409000000000001,5.595000000000001,6.289333333333333,34.6666663431111,89363325.6,6.4093333333333335,5.879,True,True,6.44,198751286.34,502253233.6054999
2022-12-22,5.27,5.29,5.0,5.04,86074268.0,495479672.0,7676888143.0,0.011212130018917224,5.246,5.372999999999999,5.532500000000001,6.253,37.95620399168841,89568711.5,6.392666666666667,5.819000000000001,True,True,6.29,433814310.72,498165469.1665
2022-12-23,4.98,5.04,4.86,4.91,56861612.0,317407986.0,7678488823.000001,0.007405312856571178,5.142,5.32,5.4695,6.2203333333333335,26.8656713611049,88729950.3,6.378333333333333,5.774,True,True,6.17,279190514.92,489408031.00650007
2022-12-26,4.91,5.06,4.91,5.02,45429880.0,256804110.0,7678488823.000001,0.005916513137835168,5.102,5.273,5.415,6.1899999999999995,33.81294929972566,87954582.45,6.352500000000001,5.717,True,True,6.11,228057997.6,482194604.983
2022-12-27,5.04,5.06,4.96,5.01,32536487.0,184454727.0,7678488823.000001,0.0042373555200784846,5.042,5.207,5.369000000000001,6.161333333333333,34.306568992487584,83853474.5,6.325333333333334,5.6555,True,True,5.93,163007799.87,456378356.4375
2022-12-28,5.02,5.13,4.99,5.04,55970441.0,320408147.0,7678488823.000001,0.00728925212892766,5.004,5.1659999999999995,5.3305,6.134666666666666,36.764705503892706,76901501.6,6.289333333333333,5.595000000000001,True,True,5.81,282091022.64,413832531.91
2022-12-29,4.99,5.02,4.92,4.95,30840662.0,172989593.0,7678488823.000001,0.004016501516238516,4.986,5.116,5.2935,6.113666666666666,32.624113151249915,73367941.75,6.253,5.532500000000001,True,True,5.69,152661276.9,392585471.86950004
2022-12-30,4.98,5.0,4.93,4.94,25357305.0,142418062.0,7678488823.000001,0.0033023822244873506,4.992,5.067,5.272,6.091333333333334,29.927006993446625,64734523.0,6.2203333333333335,5.4695,True,True,5.67,125265086.7,345678831.1245
2023-01-03,4.95,5.19,4.92,5.14,68514410.0,394331560.0,7678488823.000001,0.00892290287572904,5.016,5.058999999999999,5.2524999999999995,6.0714999999999995,30.935251486983034,61840895.1,6.1899999999999995,5.415,True,True,5.67,352164067.4,328341037.84250003
2023-01-04,5.08,5.09,5.01,5.06,46428443.0,265234600.0,7678488823.000001,0.0060465599508238025,5.026000000000001,5.034000000000001,5.232,6.047166666666667,34.39999961471996,60572218.2,6.161333333333333,5.369000000000001,True,True,5.67,234927921.57999998,320449592.11800003
2023-01-05,5.0,5.1,4.98,5.07,34167084.0,195605971.0,7678488823.000001,0.0044497146232285395,5.032000000000001,5.018,5.213500000000001,6.023833333333333,34.92063453262786,58756555.5,6.134666666666666,5.3305,True,True,5.67,173227115.88,309940295.976
2023-01-06,5.07,5.21,5.04,5.17,66640468.0,389382587.0,7678488823.000001,0.008678851989780384,5.076,5.031000000000001,5.202,6.0056666666666665,40.29850704165739,59163407.0,6.113666666666666,5.2935,True,True,5.67,344531219.56,311370928.694
2023-01-09,5.22,5.22,5.14,5.15,37606220.0,220472339.0,8126250017.0,0.0046277458755672445,5.117999999999999,5.055,5.1875,5.979833333333333,46.95652116748585,56976432.3,6.091333333333334,5.272,True,True,5.67,193672033.0,298928496.136
2023-01-10,5.17,5.18,5.05,5.08,33318416.0,191968105.0,8126250017.0,0.004100097330293598,5.106,5.061,5.167,5.945166666666667,39.823008356175116,54487948.75,6.0714999999999995,5.2524999999999995,True,True,5.67,169257553.28,284583693.91850007
2023-01-11,5.08,5.32,5.08,5.24,66051905.0,389771947.0,8126250017.0,0.008128214719190322,5.142,5.0840000000000005,5.1455,5.914000000000001,50.413222557202374,50308068.5,6.047166666666667,5.232,True,True,5.67,346111982.2,259463656.94349998
2023-01-12,5.19,5.45,5.16,5.37,76216105.0,459953931.0,8126250017.0,0.009379000749491707,5.202,5.116999999999999,5.1415,5.8758333333333335,64.34782530359172,50239942.65,6.023833333333333,5.213500000000001,False,True,5.45,409280483.85,258787506.64099997
2023-01-13,5.36,5.46,5.34,5.37,57716663.0,352721025.0,8126250017.0,0.007102496585664674,5.242,5.159000000000001,5.1375,5.844666666666666,72.54901861207232,51362571.55,6.0056666666666665,5.202,False,False,5.45,309938480.31,264674967.49400002
2023-01-16,5.35,5.44,5.32,5.42,46510207.0,283804601.0,8126250017.0,0.005723452626082302,5.296000000000001,5.207000000000001,5.1370000000000005,5.816166666666666,70.83333230034728,51662933.1,5.979833333333333,5.1875,False,False,5.43,252085321.94,266282675.60699996
2023-01-17,5.43,5.43,5.3,5.34,30121512.0,181841806.0,8126250017.0,0.0037066927472064267,5.348000000000001,5.227,5.143000000000001,5.791333333333333,66.01941657837688,49026486.35,5.945166666666667,5.167,False,False,5.42,160848874.07999998,252701152.64399996
2023-01-18,5.37,5.58,5.37,5.56,81664159.0,510970818.0,8126250017.0,0.010049427328615258,5.412,5.277,5.1555,5.769166666666667,71.31147459150768,50801420.25,5.914000000000001,5.1455,False,False,5.42,454052724.03999996,263146853.64049998
2023-01-19,5.53,5.59,5.49,5.57,34697375.0,217531203.0,8126250017.0,0.00426978925425794,5.452,5.327,5.1725,5.751666666666667,77.19298150815638,50636181.1,5.8758333333333335,5.1415,False,False,5.56,193264378.75,262872508.26099998
2023-01-20,5.58,5.66,5.54,5.6,49236761.0,312350205.0,8126250017.0,0.006058976883186881,5.497999999999999,5.369999999999999,5.2005,5.734999999999999,78.44827491527943,48794305.75,5.844666666666666,5.1375,False,False,5.57,275725861.59999996,254968085.805
2023-01-30,5.68,5.68,5.52,5.54,51960531.0,326379859.0,8126250017.0,0.006394158546845015,5.522,5.409000000000001,5.232,5.718500000000001,69.60784218185317,48549251.7,5.816166666666666,5.1370000000000005,False,False,5.6,287861341.74,255401627.146
2023-01-31,5.56,5.71,5.54,5.65,57052760.0,364983424.0,8126250017.0,0.007020798016384733,5.584,5.466,5.2635,5.709999999999999,78.0952370539683,49130395.7,5.791333333333333,5.143000000000001,False,False,5.6,322348094.0,260116131.966
2023-02-01,5.67,5.8,5.57,5.79,67143588.0,432471927.0,8126250017.0,0.00826255503578361,5.63,5.521,5.3025,5.704166666666667,80.50847362108593,50860750.75,5.769166666666667,5.1555,False,False,5.65,388761374.52,271403810.69850004
2023-02-02,5.77,5.98,5.71,5.83,67238011.0,447057549.0,8126250017.0,0.00827417454045089,5.682,5.567,5.3420000000000005,5.690833333333333,79.46428472098218,51424129.25,5.751666666666667,5.1725,False,False,5.79,391997604.13,276899139.773
2023-02-03,5.81,6.06,5.79,6.0,96849180.0,652267750.0,8126250017.0,0.011918065503447825,5.7620000000000005,5.63,5.3945,5.683166666666667,83.46456600905202,54724555.15,5.734999999999999,5.2005,False,False,5.83,581095080.0,298320829.92800003
2023-02-06,5.96,6.13,5.91,6.02,61297699.0,419065164.0,8126250017.0,0.0075431716808818435,5.8580000000000005,5.6899999999999995,5.4485,5.665000000000001,88.5245891480785,56521574.85,5.718500000000001,5.232,False,False,6.0,369012147.97999996,310508182.992
2023-02-07,6.09,6.17,6.04,6.09,55897671.0,386230690.0,8126250017.0,0.006878655084825457,5.946,5.765,5.496,5.650166666666666,87.61061838358528,55890737.9,5.709999999999999,5.2635,False,False,6.02,340416816.39,309920820.4415
2023-02-08,6.09,6.42,6.05,6.31,88900714.0,630665556.0,8126250017.0,0.010939943247379907,6.05,5.84,5.5585,5.647166666666666,88.5245891480785,58014351.45,5.704166666666667,5.3025,False,False,6.09,560963505.3399999,326222599.62950003
2023-02-09,6.29,6.37,6.22,6.35,58194577.0,415444883.0,8126250017.0,0.007161307722289834,6.153999999999999,5.917999999999999,5.6225,5.646166666666668,88.8888879012346,59215726.1,5.690833333333333,5.3420000000000005,False,False,6.31,369535563.95,336038022.033
2023-02-10,6.45,6.53,6.36,6.52,68256742.0,499265245.0,8126250017.0,0.008399537530497814,6.258,6.01,5.69,5.649166666666667,89.85507155219494,59296539.8,5.683166666666667,5.3945,False,False,6.35,445033957.84,341063158.947
2023-02-13,6.49,6.52,6.21,6.27,100150202.0,717038286.0,8126250017.0,0.012324282638423282,6.308,6.083,5.746,5.6465,79.99999927741938,62423738.9,5.665000000000001,5.4485,False,False,6.52,627941766.54,362776645.62399995
2023-02-14,6.35,6.5,6.34,6.43,63050531.0,458807103.0,8126250017.0,0.007758871665048354,6.3759999999999994,6.161,5.8134999999999994,5.648833333333333,79.19463012837262,63910344.65,5.650166666666666,5.496,False,False,6.52,405414914.33,374584513.67649996
2023-02-15,6.44,6.48,6.19,6.29,57530210.0,409007423.0,8126250017.0,0.007079552054102153,6.372,6.211,5.8660000000000005,5.648,72.22222159807959,63484259.9,5.647166666666666,5.5585,False,False,6.52,361865020.9,375372165.61149997
2023-02-16,6.27,6.29,6.08,6.13,50840931.0,356335522.0,8126250017.0,0.00625638282032198,6.327999999999999,6.241,5.904,5.6415,65.1428566217143,62215501.2,5.646166666666668,5.6225,False,False,6.52,311654907.03,370490886.7705
2023-02-17,6.12,6.3,6.12,6.19,50117429.0,352842697.0,8126250017.0,0.0061673501178471065,6.262,6.26,5.944999999999999,5.6338333333333335,68.57142802285716,61835539.5,5.649166666666667,5.69,False,False,6.52,310226885.51,370505307.0305
2023-02-20,6.22,6.34,6.18,6.27,39214844.0,277283136.0,8126250017.0,0.00482569991299346,6.262,6.284999999999999,5.9875,5.632833333333333,68.02325526027582,61470771.35,5.6465,5.746,False,False,6.52,245877071.88,370194894.52750003
2023-02-21,6.3,6.36,6.19,6.28,48735775.0,346828505.0,8126250017.0,0.0059973265525975015,6.232000000000001,6.304,6.0344999999999995,5.631500000000001,65.40880445551997,62401484.5,5.648833333333333,5.8134999999999994,False,False,6.52,306060667.0,377455484.1735
2023-02-22,6.31,6.34,6.24,6.27,31188146.0,221620219.0,8126250017.0,0.0038379505841876437,6.228,6.3,6.07,5.627,64.10256352728467,59877683.85,5.648,5.8660000000000005,False,False,6.52,195549675.42,364530331.7425
2023-02-23,6.26,6.29,6.11,6.16,42638901.0,298157663.0,8126250017.0,0.005247057487869561,6.234,6.281000000000001,6.0995,5.622333333333334,55.33333281688889,60274760.15,5.6415,5.904,False,False,6.52,262655630.16,367999894.313
2023-02-24,6.36,6.52,6.26,6.35,82578978.0,595855721.0,8126250017.0,0.010162003116720006,6.266,6.264,6.137,5.623333333333333,59.880239018968055,61941871.0,5.6338333333333335,5.944999999999999,False,False,6.52,524376510.29999995,380432426.748
2023-02-27,6.28,6.41,6.14,6.32,55081777.0,392173750.0,8126250017.0,0.006778252808462662,6.276,6.269,6.176,5.6258333333333335,57.055214233881614,62097933.3,5.632833333333333,5.9875,False,False,6.52,348116830.64000005,383445201.19299996
2023-02-28,6.3,6.31,6.19,6.22,36240514.0,255580007.0,8126250017.0,0.004459684839155251,6.264,6.248,6.2045,5.627666666666667,47.019867113723095,61057321.0,5.631500000000001,6.0344999999999995,False,False,6.52,225415997.07999998,378598596.347
2023-03-01,6.3,6.81,6.25,6.74,139205799.0,1034151401.0,8126250017.0,0.01713038593555249,6.358,6.293,6.252,5.641166666666667,59.798994554177945,64660431.55,5.627,6.07,False,False,6.52,938247085.26,406072881.88399994
2023-03-02,6.76,6.83,6.59,6.71,65437390.0,496110613.0,8126250017.0,0.008052593737961041,6.468000000000001,6.351000000000001,6.296,5.656166666666667,55.135134717896285,64570400.5,5.622333333333334,6.0995,False,False,6.74,439084886.9,408427246.0224999
2023-03-03,6.74,6.86,6.66,6.76,59489234.0,455272483.0,8126250017.0,0.007320625611511997,6.55,6.4079999999999995,6.334,5.674,64.84848429825529,62702403.2,5.623333333333333,6.137,False,False,6.74,402147221.84,399479853.1144999
2023-03-06,6.71,6.82,6.61,6.65,51037746.0,386284935.0,8126250017.0,0.006280602478785388,6.616,6.446000000000001,6.3655,5.695333333333334,56.874999502343776,62189405.55,5.6258333333333335,6.176,False,False,6.76,339401010.90000004,397999296.2605
2023-03-07,6.58,6.63,6.36,6.44,53191845.0,391279709.0,8126250017.0,0.006545681573754612,6.660000000000001,6.462000000000001,6.383,5.710500000000001,54.49101750726095,62054114.25,5.627666666666667,6.2045,False,False,6.76,342555481.8,398106229.531
2023-03-08,6.43,6.52,6.36,6.48,37889028.0,276867836.0,8126250017.0,0.00466254765983531,6.608,6.483,6.3915,5.727333333333333,61.290322027055176,59503529.95,5.641166666666667,6.252,False,False,6.76,245520901.44000003,382334099.336
2023-03-09,6.88,7.12,6.82,7.09,140860633.0,1113369886.0,8126250017.0,0.01733402648273454,6.684,6.5760000000000005,6.4285,5.754833333333334,71.42857095238095,63636832.75,5.656166666666667,6.296,False,False,6.76,998701887.97,413792415.537
2023-03-10,7.05,7.15,6.9,7.03,83990432.0,669163701.0,8126250017.0,0.010335693810096072,6.7379999999999995,6.644,6.453999999999999,5.782,68.26923030972635,64423517.25,5.674,6.334,False,False,7.09,590452736.96,421063354.493
2023-03-13,6.97,7.07,6.87,6.98,49132062.0,387167327.0,8126250017.0,0.006046092834605928,6.804,6.709999999999999,6.4895,5.807666666666667,66.50943352305093,61872610.25,5.695333333333334,6.3655,False,False,7.09,342941792.76000005,406813355.804
2023-03-14,6.87,6.87,6.53,6.61,81325640.0,614266196.0,8126250017.0,0.010007769860620571,6.838000000000001,6.749,6.4985,5.826333333333334,56.85483838872271,62786365.7,5.710500000000001,6.383,False,False,7.09,537562480.4,413420734.10749996
2023-03-15,6.68,7.05,6.64,7.0,76290139.0,596512282.0,8126250017.0,0.009388111224784139,6.942,6.775,6.534000000000001,5.8485000000000005,65.21739097353498,63724362.15,5.727333333333333,6.3915,False,False,7.09,534030973.0,422029031.7125
2023-03-16,6.84,6.86,6.41,6.48,117365501.0,872306759.0,8126250017.0,0.014442762744743643,6.82,6.752000000000001,6.5515,5.865666666666667,52.103559634482274,67050590.65,5.754833333333334,6.4285,False,False,7.09,760528446.48,444472708.68500006
2023-03-17,6.44,6.54,6.41,6.44,60173247.0,439614423.0,8126250017.0,0.007404798876987346,6.702000000000001,6.720000000000001,6.564,5.8821666666666665,51.9354836364204,67553381.55,5.782,6.453999999999999,True,False,7.09,387515710.68,448337149.94350004
2023-03-20,6.46,6.55,6.34,6.35,55416417.0,403548908.0,8126250017.0,0.006819432934510954,6.5760000000000005,6.69,6.568,5.8975,52.10355963448225,68363460.2,5.807666666666667,6.4895,True,True,7.09,351894247.95,453638008.74700004
2023-03-21,6.45,6.58,6.43,6.46,57083777.0,420114393.0,8126250017.0,0.007024614906086023,6.546000000000001,6.692,6.577,5.918166666666666,44.77611916907997,68780860.3,5.826333333333334,6.4985,True,True,7.09,368761199.42,456773035.36800003
2023-03-22,6.54,6.57,6.29,6.38,50598142.0,367489093.0,8126250017.0,0.006226505693788575,6.422,6.6819999999999995,6.5825000000000005,5.935999999999999,43.956043730628345,69751360.1,5.8485000000000005,6.534000000000001,True,True,7.09,322816145.96,463136358.8950001
2023-03-23,6.21,6.33,6.2,6.29,48772634.0,345463176.0,8126250017.0,0.006001862347081168,6.384,6.602000000000001,6.589,5.953666666666666,41.51624527753522,70058046.75,5.865666666666667,6.5515,True,True,7.09,306779867.86,465342570.78000003
2023-03-24,6.27,6.29,6.1,6.18,40557348.0,283354372.0,8126250017.0,0.004990905757902428,6.332,6.517,6.580500000000001,5.972666666666667,41.51624527753521,67956965.25,5.8821666666666665,6.564,True,True,7.09,250644410.64,451655965.79700005
2023-03-27,6.21,6.3,6.0,6.2,58924735.0,409558387.0,8126250017.0,0.007251159498751612,6.3020000000000005,6.439,6.5745000000000005,5.994166666666667,45.348836963223356,68149113.15,5.8975,6.568,True,True,7.09,365333357.0,452516792.11500007
2023-03-28,6.27,6.35,6.12,6.16,45205184.0,318887746.0,8126250017.0,0.0055628591177272904,6.242,6.394,6.5715,6.013166666666667,43.798449374737096,68597346.65,5.918166666666666,6.577,True,True,7.09,278463933.44,455169188.93299997
2023-03-29,6.16,6.21,6.04,6.09,35112012.0,242453706.0,8126250017.0,0.004320813650397929,6.183999999999999,6.303,6.539,6.031166666666667,25.490195903498673,63392657.3,5.935999999999999,6.5825000000000005,True,True,7.09,213832153.07999998,418948442.324
2023-03-30,6.12,6.29,5.93,6.25,54285444.0,375848657.0,8126250017.0,0.006680257669458314,6.176,6.28,6.516,6.051333333333333,31.775700726701032,62835060.0,5.953666666666666,6.589,True,True,7.09,339284025.0,413958399.229
2023-03-31,6.24,6.28,6.13,6.2,34216462.0,239751179.0,8126250017.0,0.004210609066718308,6.18,6.255999999999999,6.488000000000001,6.072166666666666,31.775700726701032,61571421.4,5.972666666666667,6.580500000000001,True,True,7.09,212142064.4,404458141.357
2023-04-03,5.99,5.99,5.6,5.7,178852805.0,1152227380.0,8126250017.0,0.022009266835975077,6.08,6.191,6.4405,6.084833333333334,29.955946951813544,67962174.35,5.994166666666667,6.5745000000000005,True,True,7.09,1019460988.5,438461140.237
2023-04-04,5.65,5.69,5.51,5.61,104822304.0,662395651.0,8126250017.0,0.012899222123453404,5.970000000000001,6.106,6.399,6.092666666666667,14.720812078126244,70543697.3,6.013166666666667,6.5715,True,True,7.09,588053125.44,450736022.41899997
2023-04-06,5.6,5.84,5.55,5.79,69670658.0,453677564.0,8126250017.0,0.00857353119264728,5.91,6.047,6.3645000000000005,6.104833333333334,28.834355580563823,72132778.8,6.031166666666667,6.539,True,True,7.09,403393109.82,458629632.83799994
2023-04-07,5.75,6.06,5.73,5.94,49678676.0,334087748.0,8126250017.0,0.0061133580552004815,5.848000000000001,6.0120000000000005,6.307,6.1193333333333335,35.632183621350265,67573680.95,6.051333333333333,6.516,True,True,7.09,295091335.44,423449105.2115
2023-04-10,5.98,6.09,5.94,6.02,48991440.0,333721330.0,8126250017.0,0.006028788173820717,5.812,5.996,6.2565,6.1335,40.46242741822312,65823731.35,6.072166666666666,6.488000000000001,True,True,7.03,294928468.79999995,408672891.8035
2023-04-11,5.98,5.99,5.87,5.94,30811812.0,206650719.0,8126250017.0,0.0037916396782700663,5.859999999999999,5.970000000000001,6.2045,6.1466666666666665,34.705882067128044,64907718.85,6.084833333333334,6.4405,True,True,7.0,183022163.28,400676910.32949996
2023-04-12,5.97,6.1,5.91,6.05,33907248.0,231354200.0,8126250017.0,0.004172557813144626,5.9479999999999995,5.9590000000000005,6.1765,6.162833333333333,40.46242741822312,62536799.25,6.092666666666667,6.399,True,True,7.0,205138850.4,384055728.8295
2023-04-13,6.05,6.27,6.02,6.14,43243439.0,302817816.0,8126250017.0,0.005321450719524423,6.018,5.964,6.1335,6.177833333333333,45.6647395148518,60884464.25,6.104833333333334,6.3645000000000005,True,True,7.0,265514715.45999998,370629915.9525
2023-04-14,6.14,6.33,6.14,6.28,44834381.0,317226225.0,8126250017.0,0.005517228845556943,6.086,5.9670000000000005,6.1235,6.193,52.8409086705837,57257908.25,6.1193333333333335,6.307,False,True,6.48,281559912.68,346681489.2624999
2023-04-17,6.29,6.52,6.19,6.46,65243317.0,471641090.0,8126250017.0,0.008028711504508464,6.1739999999999995,5.993,6.1245,6.211166666666667,56.77083291937934,57511411.75,6.1335,6.2565,False,False,6.46,421471827.82,348379295.11950004
2023-04-18,6.47,6.53,6.36,6.47,33458992.0,243559796.0,8126250017.0,0.00411739633041123,6.28,6.07,6.1305,6.228666666666667,58.201057769939254,56413540.5,6.1466666666666665,6.2045,False,False,6.46,216479678.23999998,341608566.634
2023-04-19,6.48,6.52,6.41,6.43,22823257.0,166529421.0,8126250017.0,0.00280858415040813,6.356,6.152,6.129,6.246833333333333,59.1397845010984,54700514.5,6.162833333333333,6.1765,False,False,6.47,146753542.51,330508183.7885
2023-04-20,6.37,6.44,6.29,6.34,34635671.0,248431613.0,8126250017.0,0.00426219608399233,6.396,6.207,6.127,6.259833333333333,52.513966069723175,53902390.95,6.177833333333333,6.1335,False,False,6.47,219590154.14,325346884.1975
2023-04-21,6.28,6.34,6.16,6.16,44534726.0,313801151.0,8126250017.0,0.005480353903317518,6.372,6.229,6.1205,6.269666666666667,48.95833297634548,53690495.55,6.193,6.1235,False,False,6.47,274333912.16,323724586.4125
2023-04-24,6.16,6.19,5.95,6.01,33468089.0,228857741.0,8126250017.0,0.0041185157889537275,6.281999999999999,6.228,6.112,6.2765,59.87261093107226,53336032.6,6.211166666666667,6.1245,False,False,6.47,201143214.89,321249526.625
2023-04-25,6.06,6.14,5.83,5.94,35497017.0,238772070.0,8126250017.0,0.004368191592153914,6.176,6.228,6.099,6.283166666666667,60.64516074255987,52164646.7,6.228666666666667,6.1305,True,False,6.47,210852280.98000002,313525472.824
2023-04-26,5.95,6.02,5.82,5.91,35599075.0,238204911.0,8126250017.0,0.004380750644581109,6.072,6.214,6.086499999999999,6.2875,54.28571374285716,51684341.25,6.246833333333333,6.129,True,True,6.47,210390533.25,310121802.8145
2023-04-27,5.91,5.93,5.75,5.85,28498219.0,188131811.0,8126250017.0,0.00350693357211286,5.973999999999999,6.185,6.0745000000000005,6.2885,46.56488499854318,51353651.6,6.259833333333333,6.127,True,True,6.47,166714581.14999998,307765924.218
2023-04-28,5.83,5.95,5.81,5.86,34557932.0,229529867.0,8126250017.0,0.004252629678843906,5.914,6.143,6.055000000000001,6.289000000000001,43.5483866050989,50367276.0,6.269666666666667,6.1205,True,True,6.47,202509481.52,300927197.044
2023-05-04,5.83,5.86,5.57,5.6,62130540.0,396288116.0,8126250017.0,0.0076456594210150795,5.832,6.0569999999999995,6.025,6.282333333333333,38.028168639158885,51762979.9,6.2765,6.112,True,True,6.47,347931024.0,307716645.024
2023-05-05,5.6,5.64,5.33,5.41,72074789.0,444608522.0,8126250017.0,0.008869378723177427,5.726,5.951,6.0104999999999995,6.272166666666666,28.666666399111136,46424079.1,6.283166666666667,6.099,True,True,6.47,389924608.49,276239826.0235
2023-05-08,5.41,5.54,5.37,5.45,57716584.0,355983417.0,8126250017.0,0.007102486864083399,5.634,5.853,6.0024999999999995,6.2615,26.206896298692058,44068793.1,6.2875,6.086499999999999,True,True,6.47,314555382.8,262564938.8915
2023-05-09,5.5,5.63,5.37,5.44,72164900.0,449044636.0,8126250017.0,0.008880467601788285,5.552,5.763,5.984999999999999,6.247,18.181817988980725,44193505.2,6.2885,6.0745000000000005,True,True,6.47,392577056.0,262024136.2005
2023-05-10,5.41,5.44,5.22,5.27,67843853.0,406547639.0,8126250017.0,0.00834872823972578,5.433999999999999,5.6739999999999995,5.9515,6.228999999999999,4.58015262280756,45101764.05,6.289000000000001,6.055000000000001,True,True,6.47,357537105.30999994,265146424.694
2023-05-11,5.29,5.4,5.22,5.33,35680791.0,214830238.0,8126250017.0,0.004390806451359026,5.380000000000001,5.606,5.917,6.2091666666666665,8.088235210856482,44436231.6,6.282333333333333,6.025,True,True,6.47,190178616.03,259908932.05549997
2023-05-12,5.35,5.39,5.21,5.22,46730370.0,279485433.0,8126250017.0,0.005750545442515395,5.3420000000000005,5.534000000000001,5.881,6.191666666666666,7.6923076169984625,45232159.5,6.272166666666666,6.0104999999999995,True,True,6.47,243932531.39999998,262954450.46150002
2023-05-15,5.21,5.37,5.18,5.37,39845547.0,238125457.0,8126250017.0,0.004903312956978149,5.326,5.4799999999999995,5.847,6.174,17.449664265573688,45529074.45,6.2615,6.0024999999999995,True,True,6.47,213970587.39000002,263396037.31099996
2023-05-16,5.37,5.45,5.3,5.32,33635255.0,203848090.0,8126250017.0,0.004139086901047288,5.3020000000000005,5.4270000000000005,5.806,6.157833333333333,19.1176468620243,45048665.25,6.247,5.984999999999999,True,True,6.47,178939556.60000002,259067279.36799997
2023-05-17,5.3,5.33,5.27,5.3,26985353.0,161597451.0,8126250017.0,0.003320763321771669,5.308,5.3709999999999996,5.757,6.144,21.138211141516365,44156213.85,6.228999999999999,5.9515,True,True,6.47,143022370.9,252140402.27899998
2023-05-18,5.31,5.34,5.19,5.23,38836666.0,230756263.0,8126250017.0,0.004779162088140808,5.287999999999999,5.3340000000000005,5.6955,6.128,21.138211141516365,42835881.3,6.2091666666666665,5.917,True,True,6.47,203115763.18,241222599.047
2023-05-19,5.25,5.25,5.14,5.19,28000913.0,164186465.0,8126250017.0,0.0034457360949297013,5.282,5.311999999999999,5.6315,6.11,20.967741698751382,42562977.35,6.191666666666666,5.881,True,True,6.47,145324738.47,237664852.0585
2023-05-22,5.19,5.36,5.18,5.35,49545478.0,297330641.0,8126250017.0,0.006096966976939125,5.2780000000000005,5.3020000000000005,5.577500000000001,6.094499999999999,31.343283254622435,43899088.4,6.174,5.847,True,True,6.43,265068307.29999998,243580590.298
2023-05-23,5.35,5.35,5.18,5.22,38858039.0,230303447.0,8126250017.0,0.004781792206578622,5.258,5.279999999999999,5.5215000000000005,6.077,28.08219151154063,44110206.8,6.157833333333333,5.806,True,True,6.34,202838963.57999998,242743030.77000004
2023-05-24,5.2,5.22,5.16,5.17,23595609.0,138463111.0,8126250017.0,0.0029036282357346034,5.232000000000001,5.2700000000000005,5.4719999999999995,6.060500000000001,32.79999963264001,43063250.95,6.144,5.757,True,True,6.16,121989298.53,235125800.08849996
2023-05-25,5.14,5.15,4.99,5.09,54133064.0,310079283.0,8126250017.0,0.006661506092817031,5.203999999999999,5.2459999999999996,5.426,6.0395,35.964911839027394,44096499.7,6.128,5.6955,True,True,6.01,275537295.76,238845504.13200003
2023-05-26,5.1,5.12,4.98,5.07,27299152.0,155599496.0,8126250017.0,0.003359378796233264,5.18,5.231,5.3825,6.018666666666666,33.03571387276787,43686606.45,6.11,5.6315,True,True,5.94,138406700.64000002,235223225.11499995
2023-05-29,5.08,5.16,5.04,5.14,27705411.0,159853543.0,8126250017.0,0.0034093722125261555,5.138,5.208,5.344,6.000666666666666,37.288135150818704,43291923.25,6.094499999999999,5.577500000000001,True,True,5.91,142405812.54,231823989.07949996
2023-05-30,5.13,5.14,5.04,5.13,18764202.0,108164877.0,8126250017.0,0.0023090849974767643,5.12,5.189,5.308,5.973833333333332,43.13725430988084,42805222.4,6.077,5.5215000000000005,True,True,5.86,96260356.26,228301277.83499998
2023-05-31,5.1,5.1,4.99,5.05,28897647.0,164682814.0,8126250017.0,0.0035560863792704544,5.095999999999999,5.164,5.2675,5.946166666666667,36.53846104659761,42522208.15,6.060500000000001,5.4719999999999995,True,True,5.86,145933117.35,225472459.62649998
2023-06-01,5.0,5.08,4.97,5.05,24679274.0,140547470.0,8126250017.0,0.0030369818733574907,5.088,5.146,5.24,5.917666666666666,40.86021443866342,40649644.85,6.0395,5.426,True,True,5.6,124630333.7,214307425.1115
2023-06-02,5.05,5.34,5.04,5.31,73024601.0,434227960.0,8126250017.0,0.008986260679554969,5.135999999999999,5.1579999999999995,5.235,5.895333333333332,47.115383981139026,40697135.45,6.018666666666666,5.3825,True,True,5.45,387760631.30999994,214199226.2525
2023-06-05,5.29,5.32,5.14,5.15,45195966.0,265258413.0,8126250017.0,0.0055617247691679035,5.138,5.138,5.220000000000001,5.873833333333333,42.60869513345934,40071104.55,6.000666666666666,5.344,False,True,5.45,232759224.9,210109418.35750002
2023-06-06,5.14,5.19,5.08,5.1,22334600.0,129512904.0,8126250017.0,0.002748451001787581,5.132,5.1259999999999994,5.203,5.850833333333333,41.52542323613902,37579589.55,5.973833333333332,5.308,True,False,5.44,113906459.99999999,196175888.5575
2023-06-07,5.1,5.14,5.02,5.07,25087571.0,143902117.0,8126250017.0,0.003087226081835675,5.136,5.116,5.193,5.817166666666666,42.98245561249614,35441775.45,5.946166666666667,5.2675,True,True,5.37,127193984.97000001,184658732.5405
2023-06-08,5.05,5.17,5.04,5.1,38857328.0,224047477.0,8126250017.0,0.004781704712347149,5.146,5.116999999999999,5.1815,5.785,46.01769854491342,35600602.3,5.917666666666666,5.24,True,True,5.37,198172372.79999998,185058420.379
2023-06-09,5.14,5.4,5.14,5.33,129720615.0,780810691.0,8126250017.0,0.015963158249946322,5.15,5.142999999999999,5.186999999999999,5.757499999999999,49.16666609305558,39750114.55,5.895333333333332,5.235,True,True,5.37,691410877.95,207432337.7065
2023-06-12,5.33,5.46,5.28,5.36,62240239.0,378573461.0,8126250017.0,0.007659158759550137,5.192,5.165000000000001,5.1865,5.736666666666666,56.36363564628104,40869849.15,5.873833333333333,5.220000000000001,False,True,5.37,333607681.04,213414192.389
2023-06-13,5.46,5.56,5.3,5.36,60584164.0,368927601.0,8126250017.0,0.007455365497401481,5.244000000000001,5.188000000000001,5.1884999999999994,5.709333333333333,59.047618260317506,42217294.6,5.850833333333333,5.203,False,False,5.36,324731119.04,220703770.511
2023-06-14,5.43,5.55,5.37,5.53,74242110.0,460566208.0,8126250017.0,0.009136084890901284,5.336,5.236,5.2,5.6935,69.29824476300406,44580132.45,5.817166666666666,5.193,False,False,5.36,410558868.3,234080595.38099998
2023-06-15,5.48,5.55,5.33,5.41,63264965.0,387442561.0,8126250017.0,0.0077852594822520335,5.398000000000001,5.272,5.2090000000000005,5.676333333333334,63.70967670005205,45801547.4,5.785,5.1815,False,False,5.53,342263460.65000004,241037980.2545
2023-06-16,5.41,5.56,5.4,5.47,45241804.0,280910913.0,8126250017.0,0.00556736550135115,5.426,5.288,5.223000000000001,5.661666666666666,63.41463342454891,46663591.95,5.757499999999999,5.186999999999999,False,False,5.53,247472667.88,246145376.725
2023-06-19,5.47,5.64,5.45,5.48,58541924.0,367028642.0,8126250017.0,0.007204051546227488,5.450000000000001,5.321,5.2295,5.645333333333334,64.22764154537646,47113414.25,5.736666666666666,5.1865,False,False,5.53,320809743.52000004,248932448.536
2023-06-20,5.54,5.56,5.31,5.32,40262249.0,237328543.0,8126250017.0,0.004954591467869183,5.442,5.343000000000001,5.2345,5.627666666666667,60.30534286696582,47183624.75,5.709333333333333,5.1884999999999994,False,False,5.53,214195164.68,249500258.59100002
2023-06-21,5.3,5.35,5.25,5.25,20624229.0,119738455.0,8126250017.0,0.0025379761829693163,5.386,5.361000000000001,5.2385,5.610333333333333,57.246376230833874,47035055.75,5.6935,5.2,False,False,5.53,108277202.25,248814653.77700004
2023-06-26,5.21,5.23,5.11,5.13,39133529.0,220602072.0,8126250017.0,0.004815693452469861,5.33,5.364,5.2405,5.592833333333333,42.741935001300746,46285079.0,5.676333333333334,5.2090000000000005,False,False,5.53,200755003.77,245075539.1775
2023-06-27,5.13,5.21,5.1,5.2,26114449.0,147341613.0,8126250017.0,0.0032135916253338186,5.276,5.351000000000001,5.247,5.5761666666666665,52.173912408317584,46225843.85,5.661666666666666,5.223000000000001,True,False,5.53,135795134.8,244944960.8855
2023-06-28,5.2,5.22,5.1,5.2,26814526.0,151753412.0,8126250017.0,0.0032997416943737136,5.220000000000001,5.335000000000001,5.25,5.560166666666666,54.5454538512397,46181299.6,5.645333333333334,5.2295,True,True,5.53,139435535.20000002,244796447.0185
2023-06-29,5.21,5.22,5.11,5.13,33599053.0,189728643.0,8126250017.0,0.004134631955663591,5.182,5.311999999999999,5.25,5.544166666666667,52.63157830101568,46923042.15,5.627666666666667,5.2345,True,True,5.53,172363141.89,248601586.3
2023-06-30,5.13,5.31,5.1,5.28,45660684.0,262866853.0,8126250017.0,0.0056189120325461925,5.188,5.287000000000001,5.2615,5.5280000000000005,57.14285650793652,47761194.0,5.610333333333333,5.2385,True,True,5.53,241088411.52,253359351.0085
2023-07-03,5.3,5.57,5.28,5.54,58888647.0,355171389.0,8126250017.0,0.007246718581978869,5.2700000000000005,5.3,5.2860000000000005,5.517,58.13953425274923,49471662.65,5.592833333333333,5.2405,False,True,5.53,326243104.38,263439989.54250002
2023-07-04,5.54,5.65,5.49,5.54,37939913.0,231586187.0,8126250017.0,0.0046688094656982294,5.338,5.307,5.2975,5.514333333333334,57.14285650793649,47717428.25,5.5761666666666665,5.247,False,False,5.54,210187118.02,254561313.87800002
2023-07-05,5.55,5.55,5.47,5.5,18312536.0,110550934.0,8126250017.0,0.0022535038869946696,5.398000000000001,5.308999999999999,5.3149999999999995,5.5125,55.38461478816568,46373256.75,5.560166666666666,5.25,False,False,5.54,100718948.0,247959300.03300005
2023-07-06,5.5,5.64,5.48,5.53,25596458.0,155619912.0,8126250017.0,0.0031498486936105304,5.478,5.33,5.3365,5.508166666666667,49.999999396551736,46536349.65,5.544166666666667,5.25,False,False,5.54,141548412.74,249341397.67000002
2023-07-07,5.57,5.7,5.5,5.59,44821782.0,274675676.0,8126250017.0,0.0055156784379305915,5.54,5.364,5.3625,5.5023333333333335,58.181817441322295,47523060.2,5.5280000000000005,5.2615,False,False,5.54,250553761.38,255509386.49050003
2023-07-10,5.62,5.64,5.49,5.54,25873776.0,157065862.0,8126250017.0,0.0031839748895089895,5.54,5.405,5.3845,5.4943333333333335,53.2110084908678,46873882.6,5.517,5.2860000000000005,False,False,5.59,143340719.04,252767803.8025
2023-07-11,5.54,5.56,5.5,5.55,15908573.0,96580219.0,8126250017.0,0.0019576770302069824,5.542,5.4399999999999995,5.3955,5.487833333333334,53.211008490867755,41183280.5,5.514333333333334,5.2975,False,False,5.59,88292580.14999999,222611888.9125
2023-07-12,5.55,5.75,5.55,5.65,51690433.0,321197228.0,8126250017.0,0.006360920829640283,5.572,5.485,5.41,5.481166666666667,66.01941657837685,40655790.2,5.5125,5.3149999999999995,False,False,5.59,292050946.45000005,220534052.18300003
2023-07-13,5.68,5.92,5.68,5.87,55769123.0,357501306.0,8126250017.0,0.006862836226221416,5.64,5.559,5.4355,5.4766666666666675,76.27118553576558,40415038.15,5.508166666666667,5.3365,False,False,5.65,327364752.01,220665733.8315
2023-07-14,5.9,6.02,5.79,5.91,43305385.0,281850233.0,8126250017.0,0.005329073669823811,5.704,5.622,5.4545,5.4705,85.45454436694216,38868201.9,5.5023333333333335,5.3625,False,False,5.87,255934825.35,212934531.68400002
2023-07-17,5.89,5.93,5.81,5.85,23228119.0,149344595.0,8126250017.0,0.0028584056546878452,5.766,5.6530000000000005,5.4765,5.460333333333334,79.81651273630163,36866359.6,5.4943333333333335,5.3845,False,False,5.91,135884496.15,202615583.45900002
2023-07-18,5.81,5.89,5.75,5.84,27068995.0,172649420.0,8126250017.0,0.003331056138239907,5.824,5.683,5.494999999999999,5.449833333333333,79.09090808429751,35957719.15,5.487833333333334,5.3955,False,False,5.91,158082930.79999998,198146096.605
2023-07-19,5.85,5.96,5.83,5.93,27625048.0,178856405.0,8126250017.0,0.0033994829032098187,5.88,5.726000000000001,5.5175,5.4415,85.71428464285715,34411875.35,5.481166666666667,5.41,False,False,5.91,163816534.64,190296436.16099998
2023-07-20,5.92,5.94,5.81,5.82,27326748.0,175608667.0,8126250017.0,0.0033627747045479562,5.87,5.755,5.5424999999999995,5.432833333333334,74.99999902777782,33765100.3,5.4766666666666675,5.4355,False,False,5.93,159041673.36,187538761.595
2023-07-21,5.82,5.84,5.75,5.79,20237972.0,128337888.0,8126250017.0,0.002490444172608823,5.846,5.775,5.5695,5.426666666666666,64.70588128719726,33745787.45,5.4705,5.4545,False,False,5.93,117177857.88,187983794.3765
2023-07-24,5.78,5.85,5.74,5.76,14303835.0,90702567.0,8126250017.0,0.001760201196133097,5.828,5.797,5.601,5.422499999999999,62.49999900568182,32504302.75,5.460333333333334,5.4765,False,False,5.93,82390089.6,182065548.668
2023-07-25,5.82,5.9,5.79,5.85,19683760.0,126233916.0,8126250017.0,0.0024222439574000127,5.83,5.827,5.6335,5.421,68.81720326511736,32182768.3,5.449833333333333,5.494999999999999,False,False,5.93,115149996.0,181033291.728
2023-07-26,5.83,5.91,5.79,5.83,16799379.0,107507417.0,8126250017.0,0.0020672978267781495,5.81,5.845000000000001,5.665,5.419666666666667,66.30434681710778,31682010.95,5.4415,5.5175,False,False,5.93,97940379.57000001,178958533.9465
2023-07-27,5.88,5.91,5.76,5.77,16432244.0,105129672.0,8126250017.0,0.002022118931318133,5.799999999999999,5.834999999999999,5.697,5.418333333333334,59.78260778591682,30823670.5,5.432833333333334,5.5424999999999995,False,False,5.93,94814047.88,175081079.246
2023-07-28,5.75,5.9,5.75,5.85,27002251.0,173209576.0,8126250017.0,0.0033228427557005598,5.811999999999999,5.829,5.7255,5.418166666666666,66.31578849639888,29890748.85,5.426666666666666,5.5695,False,False,5.93,157963168.35,170924817.0875
2023-07-31,5.89,5.9,5.59,5.83,52733869.0,331849099.0,8126250017.0,0.006489323967350438,5.826,5.827,5.74,5.422,64.58333239149309,29583009.95,5.422499999999999,5.601,False,False,5.93,307438456.27,169984584.68199998
2023-08-01,5.8,6.08,5.78,6.01,64953864.0,426318063.0,8143641233.0,0.007976022290470173,5.858,5.843999999999999,5.7635,5.432,67.30769140162721,30933707.5,5.421,5.6335,False,False,5.93,390372722.64,178993864.913
2023-08-02,5.96,6.01,5.84,5.85,25237548.0,163273599.0,8143641233.0,0.003099049587023967,5.862,5.836,5.781000000000001,5.438666666666666,48.979591137026226,31279958.1,5.419666666666667,5.665,False,False,6.01,147639655.79999998,181339900.303
2023-08-03,5.84,5.85,5.66,5.79,34638383.0,218159412.0,8143641233.0,0.004253426938755223,5.866,5.833,5.794,5.444500000000001,43.999999384000006,31732054.35,5.418333333333334,5.697,False,False,6.01,200556237.57,184290291.5445
2023-08-04,5.82,5.9,5.76,5.78,20621267.0,131814606.0,8143641233.0,0.002532192468945912,5.851999999999999,5.831999999999999,5.8035,5.453,46.31578879113577,30522028.6,5.418166666666666,5.7255,True,False,6.01,119190923.26,177722149.6385
2023-08-07,5.77,5.78,5.71,5.74,17478891.0,109985589.0,8143641233.0,0.0021463238003623384,5.8340000000000005,5.83,5.8135,5.459833333333333,44.897958542274075,30102284.35,5.422,5.74,True,True,6.01,100328834.34,175571555.4035
2023-08-08,5.72,5.75,5.68,5.69,12413018.0,77625683.0,8143641233.0,0.001524258945703484,5.7700000000000005,5.814,5.8205,5.467666666666667,37.23404199864194,29927506.6,5.432,5.7635,True,True,6.01,70630072.42,174688430.017
2023-08-09,5.67,5.76,5.65,5.71,16761456.0,105012986.0,8143641233.0,0.0020582262308018353,5.742,5.802,5.8235,5.473333333333334,43.52941104775085,28181057.75,5.438666666666666,5.781000000000001,True,True,6.01,95707913.76,164871278.3825
2023-08-10,5.72,6.05,5.72,5.95,47033609.0,305954999.0,8143641233.0,0.005775501112378141,5.774000000000001,5.82,5.8275,5.483833333333334,57.54716905126382,27744282.05,5.444500000000001,5.794,True,True,6.01,279849973.55,162495539.45949998
2023-08-11,5.93,5.93,5.65,5.68,39397258.0,248531210.0,8143641233.0,0.004837793914637693,5.7540000000000004,5.803,5.816,5.490166666666667,46.923076417751474,27548875.7,5.453,5.8035,False,True,6.01,223776425.44,160887619.464
2023-08-14,5.64,5.78,5.61,5.7,20804537.0,129692994.0,8143641233.0,0.002554697144036134,5.746,5.790000000000001,5.8085,5.498,43.90243852468772,27427696.6,5.459833333333333,5.8135,True,False,6.01,118585860.9,160022687.7015
2023-08-15,5.69,5.71,5.6,5.66,19696235.0,121789691.0,8143641233.0,0.002418602985625902,5.74,5.755,5.7995,5.5058333333333325,43.19999951616001,27059058.6,5.467666666666667,5.8205,True,True,6.01,111480690.10000001,157692575.6665
2023-08-16,5.63,5.66,5.54,5.58,21782582.0,133512564.0,8143641233.0,0.0026747963689426443,5.714,5.728,5.782,5.509666666666667,42.51968457064917,26766935.3,5.473333333333334,5.8235,True,True,6.01,121546807.56,155579089.3125
2023-08-17,5.54,5.72,5.5,5.69,19287252.0,118902070.0,8143641233.0,0.002368381839052953,5.662,5.718,5.7755,5.5175,43.84615337396453,26364960.5,5.483833333333334,5.8275,True,True,6.01,109744463.88000001,153114228.8385
2023-08-18,5.71,5.91,5.67,5.73,42386298.0,270378800.0,8143641233.0,0.005204833659449595,5.672000000000001,5.713,5.7725,5.526833333333332,46.212120721992676,27472376.8,5.490166666666667,5.816,True,True,6.01,242873487.54000002,159399010.3215
2023-08-21,5.77,5.78,5.51,5.51,34336862.0,209464415.0,8143641233.0,0.004216401609252965,5.634,5.69,5.76,5.533833333333334,31.61764673334777,28474028.15,5.498,5.8085,True,True,6.01,189196109.62,164739311.32250002
2023-08-22,5.51,5.64,5.42,5.56,27696558.0,167252444.0,8143641233.0,0.0034010041954902017,5.614,5.6770000000000005,5.7455,5.542000000000001,38.39999956992001,28874668.05,5.5058333333333325,5.7995,True,True,6.01,153992862.48,166681454.64650002
2023-08-23,5.55,5.7,5.54,5.61,33262618.0,204843661.0,8143641233.0,0.00408448960953877,5.62,5.667,5.7345,5.549833333333334,42.74193500130075,29697830.0,5.509666666666667,5.782,True,True,6.01,186603286.98000002,171114600.01700002
2023-08-24,5.62,5.66,5.56,5.58,16047278.0,98566124.0,8143641233.0,0.001970528605186161,5.598000000000001,5.63,5.725,5.557333333333334,42.063491596119945,29678581.7,5.5175,5.7755,True,True,6.01,89543811.24,170851088.185
2023-08-25,5.54,5.59,5.49,5.54,15724408.0,95320974.0,8143641233.0,0.0019308817211004952,5.5600000000000005,5.6160000000000005,5.7095,5.5655,42.063491596119945,29114689.55,5.526833333333332,5.7725,True,True,6.01,87113220.32000001,167308590.78350002
2023-08-28,5.74,5.84,5.6,5.64,38529353.0,241902207.0,8143641233.0,0.004731219352329737,5.586,5.609999999999999,5.7,5.575333333333333,48.091602539479034,28404463.75,5.533833333333334,5.76,True,True,6.01,217305550.92,162801945.51599997
2023-08-29,5.64,5.71,5.54,5.67,38033146.0,235263855.0,8143641233.0,0.004670287517809664,5.608,5.611,5.683000000000001,5.581333333333333,48.48484797061525,27058427.85,5.542000000000001,5.7455,True,True,6.01,215647937.82,154065706.275
2023-08-30,5.68,5.79,5.46,5.54,51680199.0,316940654.0,8143641233.0,0.006346080029972263,5.593999999999999,5.607,5.6674999999999995,5.587833333333334,33.05785085718192,28380560.4,5.549833333333334,5.7345,True,True,5.95,286308302.46,160999138.60799998
2023-08-31,5.54,5.56,5.27,5.37,47923775.0,282519285.0,8143641233.0,0.005884809218485865,5.5520000000000005,5.575,5.6465000000000005,5.592333333333333,36.03603558152752,29044830.0,5.557333333333334,5.725,True,True,5.95,257350671.75,163838860.317
2023-09-01,5.37,5.6,5.35,5.58,46173573.0,277833484.0,8143641233.0,0.00566989282544687,5.56,5.5600000000000005,5.6365,5.600833333333333,45.38461489585799,30322445.3,5.5655,5.7095,True,True,5.95,257648537.34,170761741.021
2023-09-04,5.61,5.79,5.56,5.74,48862521.0,306216123.0,8143641233.0,0.0060000827150878495,5.58,5.583,5.6365,5.6115,52.8169008877207,31891626.8,5.575333333333333,5.7,True,True,5.95,280470870.54,179768842.83100003
2023-09-05,5.74,5.74,5.56,5.58,28318864.0,174266986.0,8143641233.0,0.0034774203810999343,5.562,5.585,5.631,5.615666666666667,49.99999953333334,32686919.1,5.581333333333333,5.683000000000001,False,True,5.95,158019261.12,184138302.266
2023-09-06,5.54,5.54,5.18,5.37,92197191.0,536205571.0,8143641233.0,0.011321371897670875,5.5280000000000005,5.561,5.614,5.615833333333333,39.99999965000001,36458705.85,5.587833333333334,5.6674999999999995,True,False,5.95,495098915.67,204107852.3615
2023-09-07,5.31,5.37,5.29,5.31,28847061.0,168431684.0,8143641233.0,0.003542280433856141,5.516,5.534000000000001,5.582,5.614999999999999,37.03703671696387,35549378.45,5.592333333333333,5.6465000000000005,True,True,5.95,153177893.91,197774248.3795
2023-09-08,5.32,5.33,5.24,5.32,15260220.0,88516927.0,8143641233.0,0.0018738816658771637,5.464,5.512,5.564,5.6115,43.2624109179619,34342526.55,5.600833333333333,5.6365,True,True,5.74,81184370.4,190644645.6275
2023-09-11,5.32,5.38,5.29,5.36,29734366.0,173869599.0,8143641233.0,0.0036512372229156134,5.388,5.484,5.547000000000001,5.610666666666666,42.85714242857147,34789018.0,5.6115,5.6365,True,True,5.74,159376201.76000002,192684162.6705
2023-09-12,5.33,5.35,5.27,5.31,20668752.0,120265420.0,8143641233.0,0.0025380233987034235,5.334,5.448,5.5295,5.6080000000000005,39.28571389285714,34837643.85,5.615666666666667,5.631,True,True,5.74,109751073.11999999,192597681.8215
2023-09-13,5.32,5.4,5.28,5.32,23729090.0,138804902.0,8143641233.0,0.002913818195212726,5.324,5.426,5.5165,5.605333333333333,40.579709733249345,34934969.25,5.615833333333333,5.614,True,True,5.74,126238758.80000001,192832279.3835
2023-09-14,5.32,5.43,5.29,5.41,35140947.0,207343927.0,8143641233.0,0.004315139382319594,5.344,5.43,5.5024999999999995,5.606833333333333,45.45454500953594,35727654.0,5.614999999999999,5.582,True,True,5.74,190112523.27,196850682.35300002
2023-09-15,5.44,5.64,5.42,5.45,55428207.0,335877836.0,8143641233.0,0.0068063173971112,5.369999999999999,5.417,5.4885,5.610166666666667,43.06569299056959,36379749.45,5.6115,5.564,True,True,5.74,302083728.15000004,199811194.3835
2023-09-18,5.48,5.57,5.42,5.55,30375476.0,182970038.0,8143641233.0,0.003729962449341609,5.4079999999999995,5.398,5.4905,5.617166666666667,45.83333288773149,36181680.15,5.610666666666666,5.547000000000001,True,True,5.74,168583891.79999998,198780583.4925
2023-09-19,5.52,5.65,5.52,5.57,38507522.0,236283839.0,8143641233.0,0.004728538610463121,5.46,5.397,5.4910000000000005,5.623333333333334,51.12781901068461,36722228.35,5.6080000000000005,5.5295,False,True,5.74,214486897.54000002,201805285.2455
2023-09-20,5.62,5.65,5.54,5.63,37921771.0,233910033.0,8143641233.0,0.004656611203147289,5.522,5.423,5.492,5.6305000000000005,60.65573700886856,36955186.0,5.605333333333333,5.5165,False,False,5.74,213499570.73,203150099.43300003
2023-09-21,5.64,6.11,5.64,6.04,116212772.0,756866094.0,8143641233.0,0.014270369810629402,5.648000000000001,5.496,5.515000000000001,5.645666666666666,66.19718244594324,41963460.7,5.606833333333333,5.5024999999999995,False,False,5.74,701925142.88,233769166.01500002
2023-09-22,6.13,6.23,6.04,6.15,84037773.0,563761166.0,8143641233.0,0.010319434586516246,5.788,5.579,5.5455,5.660166666666667,64.9635029857744,45379128.95,5.610166666666667,5.4885,False,False,6.04,516832303.95000005,255255120.1965
2023-09-25,6.14,6.2,6.05,6.11,47923821.0,321572535.0,8143641233.0,0.005884814867064761,5.9,5.654,5.569,5.669666666666667,71.19999920255998,45848852.35,5.617166666666667,5.4905,False,False,6.15,292814546.31,259030569.96600002
2023-09-26,6.14,6.2,6.06,6.06,27371725.0,183472907.0,8143641233.0,0.003361116264439937,5.998,5.729,5.5885,5.678333333333334,81.65137509805561,45315781.3,5.623333333333334,5.4910000000000005,False,False,6.15,165872653.5,256541805.75
2023-09-27,6.08,6.14,5.95,5.97,44867673.0,296324982.0,8143641233.0,0.0055095345824157085,6.066000000000001,5.794,5.61,5.686166666666667,79.46428472098209,44975155.0,5.6305000000000005,5.492,False,False,6.15,267860007.81,255619391.0175
2023-09-28,6.0,6.04,5.82,5.86,28513080.0,184107193.0,8143641233.0,0.0035012691723768623,6.029999999999999,5.839,5.6345,5.691666666666666,72.13114671324911,44004620.25,5.645666666666666,5.515000000000001,False,False,6.15,167086648.8,251106189.87000003
2023-10-09,5.88,5.93,5.75,5.86,33920948.0,217150011.0,8143641233.0,0.00416532936919472,5.9719999999999995,5.88,5.6485,5.6961666666666675,71.1864398333812,43391989.0,5.660166666666667,5.5455,False,False,6.15,198776755.28,248162600.76700002
2023-10-10,5.92,5.96,5.77,5.79,22652452.0,144598157.0,8143641233.0,0.0027816122238055866,5.9079999999999995,5.904000000000001,5.651000000000001,5.700333333333333,69.99999918333334,42081485.55,5.669666666666667,5.569,False,False,6.15,131157697.08,240696942.094
2023-10-11,5.81,5.84,5.68,5.71,37111562.0,233562644.0,8143641233.0,0.004557121432316418,5.837999999999999,5.918,5.6575,5.703,65.35432998821997,42521120.45,5.678333333333334,5.5885,False,False,6.15,211907019.02,243391329.98900002
2023-10-12,5.66,5.8,5.66,5.74,26196505.0,165017059.0,8143641233.0,0.0032168048972792953,5.792,5.929,5.676,5.7044999999999995,63.636362900075135,39221086.15,5.686166666666667,5.61,False,False,6.15,150367938.70000002,226154781.1405
2023-10-13,5.75,5.79,5.68,5.69,20005270.0,125811166.0,8143641233.0,0.002456550998211195,5.758,5.894,5.695,5.701499999999999,59.83606488712713,38778996.6,5.691666666666666,5.6345,False,False,6.15,113829986.30000001,224187385.76
2023-10-16,5.74,6.13,5.73,6.06,62482389.0,409741985.0,8143641233.0,0.007672537039918492,5.798,5.885,5.732000000000001,5.703999999999999,67.11409332912932,41140105.05,5.6961666666666675,5.6485,True,False,6.15,378643277.34,239060331.10700002
2023-10-17,6.03,6.04,5.86,5.98,43128620.0,281313086.0,8143641233.0,0.005295987232987674,5.836,5.872000000000001,5.763,5.706166666666666,63.225805880541124,41809817.75,5.700333333333333,5.651000000000001,False,True,6.15,257909147.60000002,243986978.399
2023-10-18,6.01,6.2,5.94,5.99,41956246.0,278273963.0,8143641233.0,0.005152025340947384,5.892,5.865,5.797000000000001,5.708666666666667,61.99999942133336,42874192.45,5.703,5.6575,False,False,6.15,251317913.54000002,251065320.42
2023-10-19,5.99,6.0,5.82,5.83,23931996.0,154481766.0,8143641233.0,0.002938734076720101,5.91,5.851000000000001,5.8225,5.707,41.59999953408,42884337.75,5.7044999999999995,5.676,False,False,6.15,139523536.68,251729559.31399998
2023-10-20,5.76,5.91,5.75,5.81,24056240.0,154104078.0,8143641233.0,0.002953990642726046,5.933999999999999,5.846,5.8425,5.706833333333333,35.344827159631365,42330102.4,5.701499999999999,5.695,False,False,6.15,139766754.39999998,249212270.8705
2023-10-23,5.8,5.8,5.57,5.63,20746602.0,129115159.0,8143641233.0,0.002547583004507831,5.848,5.823,5.8515,5.704166666666667,31.53846119881655,40596022.15,5.703999999999999,5.732000000000001,True,False,6.15,116803369.25999999,239948252.92599997
2023-10-24,5.62,5.75,5.6,5.72,19127030.0,119118872.0,8143641233.0,0.0023487073475796866,5.795999999999999,5.816,5.86,5.703500000000001,37.31343244597905,40033599.85,5.706166666666666,5.763,True,True,6.15,109406611.6,236989388.91600004
2023-10-25,5.72,5.96,5.72,5.86,28953696.0,185859252.0,8143641233.0,0.0035553746993019085,5.7700000000000005,5.831,5.874499999999999,5.703666666666667,46.04316500388181,39555908.55,5.708666666666667,5.797000000000001,True,True,6.15,169668658.56,234748476.96699995
2023-10-26,5.81,5.84,5.62,5.71,33648617.0,210011578.0,8143641233.0,0.00413188843138714,5.7459999999999996,5.828,5.8785,5.701666666666667,44.75524431708151,39342250.85,5.707,5.8225,True,True,6.15,192133603.07,233680178.58400002
2023-10-27,5.69,5.79,5.65,5.75,24336373.0,153110284.0,8143641233.0,0.0029883896286323547,5.734,5.8340000000000005,5.864,5.701333333333333,46.258502960803355,34748430.9,5.706833333333333,5.8425,True,True,6.15,139934144.75,205580628.67749998
2023-10-30,5.8,5.96,5.8,5.85,26791279.0,172608947.0,8143641233.0,0.0032898402856249695,5.7780000000000005,5.813000000000001,5.849,5.701333333333333,51.999999514666655,31886106.2,5.704166666666667,5.8515,True,True,6.15,156728982.14999998,187575462.5875
2023-10-31,5.8,5.91,5.71,5.86,30240723.0,192461295.0,8143641233.0,0.003713415428648464,5.806,5.801,5.8365,5.701833333333334,55.24475470389752,31001951.3,5.703500000000001,5.86,False,True,6.11,177210636.78,181795267.111
2023-11-01,5.88,5.89,5.8,5.86,23351060.0,149917082.0,8143641233.0,0.0028673979282603794,5.806,5.788,5.8265,5.699333333333333,54.285713742857155,30800918.05,5.703666666666667,5.874499999999999,False,False,6.06,136837211.6,180343495.016
2023-11-02,5.87,6.09,5.84,5.95,32871758.0,214762679.0,8143641233.0,0.004036493880255395,5.854,5.8,5.8255,5.701,59.027777203896605,30201122.3,5.701666666666667,5.8785,False,False,6.06,195586960.1,176729842.63050002
2023-11-03,5.97,6.05,5.85,6.01,32288096.0,210936392.0,8143641233.0,0.003964822992098527,5.906000000000001,5.82,5.833,5.704666666666666,47.787610027410146,30389873.1,5.701333333333333,5.864,False,False,6.06,194051456.95999998,178078083.0385
2023-11-06,6.0,6.0,5.76,5.91,40681768.0,261125583.0,8143641233.0,0.004995525568482518,5.918,5.848,5.835500000000001,5.706833333333334,46.95652116748582,30727914.1,5.701333333333333,5.849,False,False,6.06,240429248.88,180160707.7185
2023-11-07,5.91,5.92,5.73,5.81,23955586.0,152085055.0,8143641233.0,0.002941630815331867,5.9079999999999995,5.857,5.836499999999999,5.708,42.74193500130072,30793070.8,5.701833333333334,5.8365,False,False,6.06,139181954.66,180561920.5975
2023-11-08,5.76,5.76,5.65,5.73,29514797.0,184560131.0,8143641233.0,0.003624275205100996,5.882000000000001,5.843999999999999,5.8375,5.708666666666668,45.68965462098694,30413232.55,5.699333333333333,5.8265,True,False,6.06,169119786.81,178422558.987
2023-11-09,5.69,5.75,5.65,5.66,20403956.0,127295103.0,8143641233.0,0.0025055077226779398,5.824,5.839,5.833499999999999,5.707833333333332,43.80165238576603,30123605.1,5.701,5.8255,True,True,6.06,115486390.96000001,176678481.6
2023-11-10,5.65,5.73,5.63,5.66,24067408.0,149439436.0,8143641233.0,0.0029553620194456816,5.7540000000000004,5.83,5.832,5.703,51.45630998020551,30326712.0,5.704666666666666,5.833,True,True,6.06,136221529.28,177798058.749
2023-11-13,5.66,5.69,5.57,5.64,21128519.0,130167262.0,8143641233.0,0.0025944805763768353,5.7,5.808999999999999,5.811,5.702333333333333,45.833332664930566,28259018.5,5.706833333333334,5.835500000000001,True,True,6.06,119164847.16,164824137.24
2023-11-14,5.65,5.66,5.58,5.62,19746725.0,121399777.0,8143641233.0,0.002424802914939512,5.662,5.785,5.793,5.701,35.71428511904762,27089923.75,5.708,5.836499999999999,True,True,6.01,110976594.5,157477509.58499998
2023-11-15,5.64,5.65,5.57,5.61,22345070.0,137090129.0,8143641233.0,0.0027438671916749455,5.638,5.76,5.773999999999999,5.700166666666667,42.85714200000003,26109364.95,5.708666666666668,5.8375,True,True,6.01,125355842.7,151179406.04299998
2023-11-16,5.59,5.63,5.57,5.61,16359530.0,100415606.0,8143641233.0,0.002008871649908549,5.628,5.726,5.763,5.700666666666666,39.39393855831041,25730741.65,5.707833333333332,5.833499999999999,True,True,6.01,91776963.30000001,148792077.374
2023-11-17,5.63,5.71,5.55,5.58,29050520.0,178686881.0,8143641233.0,0.0035672642211054535,5.612,5.683,5.7515,5.698833333333334,27.118643424303414,25980455.65,5.703,5.832,True,True,6.01,162101901.6,149908834.734
2023-11-20,5.6,5.6,5.43,5.46,49031804.0,293590543.0,8143641233.0,0.006020869853808306,5.5760000000000005,5.638,5.743,5.694333333333334,21.428570999999963,27394715.75,5.702333333333333,5.811,True,True,6.01,267713649.84,157454348.763
2023-11-21,5.45,5.54,5.44,5.47,35881775.0,215779739.0,8143641233.0,0.0044061094998387685,5.546,5.604,5.7305,5.693666666666667,22.5352108232493,28232453.0,5.701,5.793,True,True,6.01,196273309.25,161797683.6455
2023-11-22,5.45,5.46,5.34,5.4,44647898.0,263652494.0,8143641233.0,0.005482547268791255,5.5040000000000004,5.571000000000001,5.7075000000000005,5.691,10.144927330392704,29017163.1,5.700166666666667,5.773999999999999,True,True,6.01,241098649.20000002,165369183.17749998
2023-11-23,5.38,5.48,5.34,5.47,27271099.0,162158572.0,8143641233.0,0.0033487598753111723,5.476000000000001,5.5520000000000005,5.6955,5.688666666666666,11.428571199999908,28698287.2,5.700666666666666,5.763,True,True,6.01,149172911.53,163221148.60050002
2023-11-24,5.47,5.48,5.37,5.4,24754912.0,146673779.0,8143641233.0,0.0030397842060732147,5.4399999999999995,5.526,5.677999999999999,5.685666666666666,11.940298257963832,28719214.15,5.698833333333334,5.7515,True,True,6.01,133676524.80000001,162908267.60300002
2023-11-27,5.42,5.54,5.39,5.54,37532936.0,225959348.0,8143641233.0,0.0046088641341305026,5.456,5.516,5.6625,5.685666666666666,30.98591488196783,29256297.0,5.694333333333334,5.743,True,True,6.01,207932465.44,165468441.76749998
2023-11-28,5.54,5.56,5.46,5.49,17061891.0,102713162.0,8143641233.0,0.0020951182047240858,5.46,5.503,5.644,5.683166666666667,32.35294051038056,28597355.4,5.693666666666667,5.7305,True,True,6.01,93669781.59,161291399.008
2023-11-29,5.48,5.55,5.44,5.48,26479618.0,159668146.0,8143641233.0,0.003251569812861868,5.476,5.49,5.625,5.680000000000001,35.48387016649322,28753783.3,5.691,5.7075000000000005,True,True,6.01,145108306.64000002,161704953.76
2023-11-30,5.55,5.59,5.44,5.48,44603908.0,269618792.0,8143641233.0,0.005477145508234596,5.478,5.477,5.6015,5.679,35.48387016649322,29340390.8,5.688666666666666,5.6955,True,True,6.01,244429415.84000003,164147076.547
2023-12-01,5.5,5.54,5.41,5.46,27079824.0,162102533.0,8143641233.0,0.003325272224697966,5.49,5.465000000000001,5.574,5.680499999999999,35.48387016649322,29079977.2,5.685666666666666,5.677999999999999,True,True,6.01,147855839.04,161837295.651
2023-12-04,5.47,5.6,5.45,5.54,42909087.0,260789093.0,8143641233.0,0.005269029635800018,5.49,5.473000000000001,5.5555,5.679833333333334,44.11764615051903,29191343.15,5.685666666666666,5.6625,True,True,5.91,237716341.98,161701650.306
2023-12-05,5.55,5.55,5.41,5.41,27700012.0,166049037.0,8143641233.0,0.0034014283300881263,5.474,5.4670000000000005,5.535500000000001,5.674333333333333,37.49999934374998,29378564.45,5.683166666666667,5.644,True,True,5.81,149857064.92000002,162235405.819
2023-12-06,5.34,5.38,5.22,5.36,30434599.0,177511659.0,8143641233.0,0.0037372224695596435,5.45,5.462999999999999,5.517,5.6706666666666665,35.29411706574392,29424554.55,5.680000000000001,5.625,True,True,5.73,163129450.64000002,161935889.0105
2023-12-07,5.34,5.34,5.25,5.29,23815702.0,138181409.0,8143641233.0,0.002924453732501504,5.412000000000001,5.445,5.498500000000001,5.669333333333333,33.70786463830321,29595141.85,5.679,5.6015,True,True,5.66,125985063.58,162460822.64150003
2023-12-08,5.31,5.33,5.23,5.24,20791665.0,120049448.0,8143641233.0,0.002553116524306984,5.368,5.429,5.4775,5.668166666666667,36.58536522903033,29431354.7,5.680499999999999,5.574,True,True,5.66,108948324.60000001,161097162.4075
2023-12-11,5.23,5.35,5.16,5.34,24648139.0,142766788.0,8143641233.0,0.003026672994890761,5.328,5.409000000000001,5.4625,5.6685,42.8571421978022,29607335.7,5.679833333333334,5.5555,True,True,5.64,131621062.25999999,161719973.1625
2023-12-12,5.33,5.34,5.26,5.33,16492471.0,96031574.0,8143641233.0,0.0020251961657112945,5.312,5.393,5.448,5.668,45.88235218546711,29444623.0,5.674333333333333,5.535500000000001,True,True,5.62,87904870.43,160566386.95900002
2023-12-13,5.32,5.32,5.23,5.23,16442045.0,94751459.0,8143641233.0,0.0020190040952900606,5.286,5.368,5.429,5.666666666666667,36.36363578512398,29149471.75,5.6706666666666665,5.517,True,True,5.61,85991895.35000001,158598189.5915
2023-12-14,5.26,5.3,5.16,5.17,18895916.0,108051512.0,8143641233.0,0.0023203276592575306,5.2620000000000005,5.337,5.407,5.6641666666666675,36.781608603514314,29276291.05,5.669333333333333,5.498500000000001,True,True,5.61,97691885.72,158893935.7125
2023-12-15,5.19,5.21,5.11,5.13,20567526.0,116240213.0,8143641233.0,0.0025255933324586327,5.24,5.304,5.3845,5.6594999999999995,23.376622951593845,28852141.35,5.668166666666667,5.4775,True,True,5.58,105511408.38,156064411.05150002
2023-12-18,5.35,5.54,5.33,5.43,96566299.0,573521636.0,8143641233.0,0.011857877359416331,5.258,5.293,5.383,5.659166666666667,47.05882288350632,31228866.1,5.6685,5.4625,True,True,5.54,524355003.57,168896478.738
2023-12-19,5.46,5.56,5.3,5.36,53784251.0,317389847.0,8143641233.0,0.006604447502187747,5.264,5.288,5.3775,5.656,44.44444386831275,32123989.9,5.668,5.448,False,True,5.54,288283585.36,173496992.5435
2023-12-20,5.3,5.5,5.28,5.35,40570983.0,240650175.0,8143641233.0,0.004981921702984235,5.287999999999999,5.287000000000001,5.375,5.652333333333333,44.036696682097435,31920144.15,5.666666666666667,5.429,True,False,5.54,217054759.04999998,172294798.036
2023-12-21,5.35,5.44,5.27,5.42,46944516.0,276804515.0,8143641233.0,0.005764560920214595,5.337999999999999,5.3,5.3725000000000005,5.648833333333333,48.24561344259773,32903815.0,5.6641666666666675,5.407,True,True,5.54,254439276.72,177558116.29549998
2023-12-22,5.46,5.57,5.4,5.52,57804357.0,349801228.0,8143641233.0,0.007098097195854207,5.4159999999999995,5.328,5.378500000000001,5.640166666666667,49.13793044143875,34556287.25,5.6594999999999995,5.3845,False,True,5.54,319080050.64,186828292.5875
2023-12-25,5.44,5.44,5.26,5.33,41606945.0,243919095.0,8143641233.0,0.005109132857105568,5.396,5.327,5.368,5.626499999999999,46.72131093926364,34759987.7,5.659166666666667,5.383,False,False,5.54,221765016.85,187519920.15800002
2023-12-26,5.33,5.4,5.29,5.35,20977011.0,123023143.0,8143806353.0,0.002575823894961909,5.394,5.329,5.361,5.613833333333333,49.57983134948095,34955743.7,5.656,5.3775,True,False,5.54,112227008.85,188447781.521
2023-12-27,5.35,5.59,5.34,5.47,58910789.0,355749765.0,8143806353.0,0.007233815054835943,5.418,5.353,5.3605,5.603999999999999,57.25806386966702,36577302.25,5.652333333333333,5.375,True,True,5.54,322242015.83,197304466.9805
2023-12-28,5.46,5.46,5.32,5.38,56607794.0,332412879.0,8143806353.0,0.006951024072318091,5.41,5.3740000000000006,5.3555,5.594166666666666,55.46874939331055,37177496.55,5.648833333333333,5.3725000000000005,False,True,5.54,304549931.71999997,200310492.77449998
2023-12-29,5.33,5.37,5.31,5.36,42255101.0,247306119.0,8143806353.0,0.005188618094342843,5.378,5.397,5.3505,5.5858333333333325,50.833332740277804,37936260.4,5.640166666666667,5.378500000000001,False,False,5.54,226487341.36,204242067.8905
2024-01-02,5.4,5.54,5.4,5.52,57464479.0,345613792.0,8143806353.0,0.007056218739635348,5.4159999999999995,5.406,5.3495,5.580166666666667,57.03703644554184,38664030.0,5.626499999999999,5.368,False,False,5.54,317203924.08,208216446.9955
2024-01-03,5.54,5.82,5.5,5.76,86732320.0,543015133.0,8143806353.0,0.0106500960657113,5.497999999999999,5.446,5.367,5.579666666666667,67.78523426242062,41615645.4,5.613833333333333,5.361,False,False,5.52,499578163.2,225702501.90949997
2024-01-04,5.81,5.96,5.77,5.89,78524828.0,506184117.0,8143806353.0,0.009642275932933151,5.581999999999999,5.5,5.3935,5.582666666666666,73.07692242110457,44020156.85,5.603999999999999,5.3605,False,False,5.76,462511236.91999996,240671591.22349995
2024-01-05,5.84,6.0,5.83,5.89,65864506.0,427837048.0,8143806353.0,0.008087680765608696,5.683999999999999,5.546999999999999,5.4235,5.585166666666667,74.99999930921057,46122597.05,5.594166666666666,5.3555,False,False,5.89,387941940.34,253769435.06149998
2024-01-08,5.95,5.99,5.84,5.92,47277708.0,306992964.0,8143806353.0,0.005805357587190654,5.796,5.587,5.4575000000000005,5.589,69.59999922048004,47446899.2,5.5858333333333325,5.3505,False,False,5.89,279884031.36,262316220.39949998
2024-01-09,5.85,5.89,5.66,5.72,57796001.0,364103493.0,8143806353.0,0.007096927222331265,5.836,5.6259999999999994,5.4765,5.583333333333333,63.043477621298045,49104292.3,5.580166666666667,5.3495,False,False,5.92,330593125.71999997,272264823.5725
2024-01-10,5.72,5.78,5.67,5.71,30409604.0,191007358.0,8143806353.0,0.0037340774917613024,5.826,5.662,5.4955,5.578833333333334,63.04347762129809,49800148.95,5.579666666666667,5.367,False,False,5.92,173638838.84,276551521.993
2024-01-11,5.69,5.84,5.67,5.81,37749004.0,239204844.0,8143806353.0,0.004635302260851781,5.8100000000000005,5.696,5.5245,5.575833333333334,63.82978660027163,50865496.9,5.582666666666666,5.3935,False,False,5.92,219321713.23999998,283218012.8875
2024-01-12,5.84,6.02,5.84,5.88,41564369.0,269023668.0,8143806353.0,0.005103801244572643,5.808,5.7459999999999996,5.56,5.576666666666667,63.04347762129809,51998919.55,5.585166666666667,5.4235,False,False,5.92,244398489.72,290553343.0875
2024-01-15,5.89,6.22,5.89,6.08,75790193.0,507135692.0,8143806353.0,0.00930648270781642,5.84,5.818,5.6075,5.581166666666666,76.97841649086489,54760052.9,5.589,5.4575000000000005,False,False,5.92,460804373.44,308317991.3405
2024-01-16,6.03,6.13,6.0,6.13,44296891.0,294854245.0,8143806353.0,0.005439335008706585,5.922,5.879,5.6425,5.5895,77.46478796865705,52146582.5,5.583333333333333,5.4765,False,False,6.08,271539941.83,295677238.2535
2024-01-17,6.13,6.16,5.99,6.0,36098600.0,240111283.0,8143806353.0,0.004432644691594621,5.9799999999999995,5.903,5.6745,5.594166666666666,68.53146786053111,51262299.95,5.578833333333334,5.4955,False,False,6.13,216591600.0,292092638.9855
2024-01-18,6.0,6.04,5.86,6.0,49648263.0,324242264.0,8143806353.0,0.0060964444447663795,6.018,5.914,5.707,5.5965,73.13432759411899,51716163.95,5.575833333333334,5.5245,False,False,6.13,297889578.0,296134379.93299997
2024-01-19,6.0,6.0,5.81,5.86,41348647.0,266297479.0,8143806353.0,0.0050773121569581605,6.014,5.911,5.729,5.599,67.12328702758492,51436370.5,5.576666666666667,5.56,False,False,6.13,242303071.42000002,295527569.668
2024-01-22,5.89,5.91,5.69,5.75,37018060.0,235355986.0,8143806353.0,0.004545547670882837,5.9479999999999995,5.894,5.7405,5.599,58.156027791358596,50397055.65,5.581166666666666,5.6075,False,False,6.13,212853845.0,290216259.386
2024-01-23,5.73,5.88,5.66,5.82,29474446.0,186781318.0,8143806353.0,0.0036192469126113563,5.886,5.904,5.765,5.5985000000000005,52.41935424687827,49790430.7,5.5895,5.6425,False,False,6.13,171541275.72,287705072.3295
2024-01-24,5.85,5.97,5.75,5.93,31143315.0,200697273.0,8143806353.0,0.003824171849141217,5.872,5.926,5.794,5.599666666666667,51.63934366971245,50298745.9,5.594166666666666,5.6745,False,False,6.13,184679857.95,291327714.7845
2024-01-25,5.95,6.06,5.91,6.04,33269843.0,218742828.0,8143806353.0,0.004085293971625948,5.88,5.949,5.8225,5.602666666666667,55.639097158686205,49016698.6,5.5965,5.707,False,False,6.13,200949851.72,285263106.579
2024-01-26,6.02,6.2,5.96,6.15,44926092.0,301100278.0,8143806353.0,0.005516596300629154,5.938000000000001,5.976000000000001,5.861,5.606,58.156027791358596,48432613.5,5.599,5.729,False,False,6.13,276295465.8,283850383.283
2024-01-29,6.16,6.27,6.09,6.12,31193921.0,211711332.0,8143806353.0,0.003830385896701589,6.0120000000000005,5.9799999999999995,5.899,5.607833333333334,66.12903151144644,47879554.5,5.599,5.7405,False,False,6.15,190906796.52,282071356.041
2024-01-30,6.08,6.16,5.94,5.96,30770674.0,203123038.0,8143806353.0,0.0037784142532643543,6.040000000000001,5.963,5.921,5.608666666666666,58.992805161223544,46544864.25,5.5985000000000005,5.765,False,False,6.15,183393217.04,275380820.689
2024-01-31,5.98,6.07,5.92,5.96,32050020.0,210720305.0,8143806353.0,0.003935508607494513,6.046,5.9590000000000005,5.930999999999999,5.611166666666667,55.81395288263928,43810749.25,5.599666666666667,5.794,False,False,6.15,191018119.2,259952818.48900002
2024-02-01,5.91,5.97,5.79,5.81,30415979.0,195451399.0,8143806353.0,0.003734860295247003,6.0,5.94,5.927,5.6125,47.445254989610525,41405306.8,5.602666666666667,5.8225,False,False,6.15,176716837.98999998,245663098.54250002
2024-02-02,5.81,5.85,5.62,5.77,46124197.0,291045101.0,8143806353.0,0.00566371485282295,5.9239999999999995,5.931,5.920999999999999,5.614333333333334,37.190082214329614,40418291.35,5.606,5.861,True,False,6.15,266136616.68999997,239572832.35999998
2024-02-05,5.78,5.85,5.65,5.77,42902885.0,271091415.0,8143806353.0,0.005268161243077141,5.853999999999999,5.933,5.9135,5.6161666666666665,34.48275820451845,40199550.2,5.607833333333334,5.899,True,True,6.15,247549646.45,237956113.1145
2024-02-06,5.79,6.01,5.67,5.96,34909376.0,224416867.0,8143806353.0,0.004286616661401846,5.853999999999999,5.947,5.9254999999999995,5.6215,48.360655182746584,39055218.95,5.608666666666666,5.921,True,True,6.15,208059880.96,231829450.87649998
2024-02-07,5.98,6.16,5.88,6.16,36199336.0,241391922.0,8143806353.0,0.004445014337388432,5.894,5.970000000000001,5.9479999999999995,5.6305,55.63380226839913,39344705.55,5.611166666666667,5.930999999999999,False,True,6.15,222987909.76,234296904.42249998
2024-02-08,6.18,6.18,5.99,6.11,50295014.0,335840416.0,8143806353.0,0.0061758607486378184,5.953999999999999,5.976999999999999,5.962999999999999,5.638833333333333,59.398495615354165,39972006.05,5.6125,5.927,False,False,6.16,307302535.54,238695945.5375
2024-02-19,6.17,6.5,6.17,6.5,50169839.0,349824410.0,8143806353.0,0.006160490171959765,6.1,6.012,5.994,5.653666666666667,73.29192482851741,40402279.55,5.614333333333334,5.920999999999999,False,False,6.16,326103953.5,242781218.72649997
2024-02-20,6.5,6.56,6.34,6.37,46692632.0,328177824.0,8143806353.0,0.005733514523316171,6.22,6.037,6.0085,5.666833333333333,66.46706531105453,38947401.5,5.6161666666666665,5.9135,False,False,6.5,297432065.84000003,234612603.3465
2024-02-21,6.36,6.5,6.31,6.38,28537754.0,201169947.0,8143806353.0,0.0035042279694540274,6.304,6.079,6.020999999999999,5.682166666666666,64.3312096174287,38159444.65,5.6215,5.9254999999999995,False,False,6.5,182070870.52,230139149.78100005
2024-02-22,6.38,6.49,6.34,6.49,29405407.0,207052979.0,8143806353.0,0.003610769427144801,6.37,6.132,6.0455,5.699166666666667,64.3312096174287,37824785.0,5.6305,5.9479999999999995,False,False,6.5,190841091.43,228851624.35250002
2024-02-23,6.51,6.54,6.29,6.33,36199573.0,252968141.0,8143806353.0,0.004445043439259195,6.414,6.184,6.061999999999999,5.714666666666667,55.55555507544581,37152350.5,5.638833333333333,5.962999999999999,False,False,6.5,229143297.09,225414310.307
2024-02-26,6.32,6.35,6.23,6.27,26931170.0,185557211.0,8143806353.0,0.0033069511764703425,6.368,6.234,6.0825,5.728,54.54545408264461,36431476.65,5.653666666666667,5.994,False,False,6.5,168858435.89999998,221742078.531
2024-02-27,6.26,6.27,6.17,6.26,27074528.0,184551023.0,8143806353.0,0.0033245544928786693,6.346,6.283,6.108,5.742333333333333,59.999999439999996,35934300.05,5.666833333333333,6.0085,False,False,6.5,169486545.28,219573713.545
2024-02-28,6.26,6.28,6.18,6.19,29897401.0,204509602.0,8143806353.0,0.003671182700579128,6.308000000000001,6.306,6.1265,5.753166666666668,57.3248402531543,35955447.8,5.682166666666666,6.020999999999999,False,False,6.5,185064912.19,220249895.3685
2024-02-29,6.25,6.58,6.23,6.57,69997383.0,498130096.0,8143806353.0,0.008595167906247488,6.324,6.3469999999999995,6.1585,5.771166666666668,71.11111055802472,37898151.2,5.699166666666667,6.0455,False,False,6.5,459882806.31,234010042.78649998
2024-03-01,6.53,6.63,6.46,6.58,40907165.0,293167345.0,8143806353.0,0.005023101388570063,6.374,6.394,6.1855,5.7895,72.88135535574071,38280017.3,5.714666666666667,6.061999999999999,False,False,6.57,269169145.7,237421007.4855
2024-03-04,6.65,7.08,6.65,7.0,68856768.0,523458882.0,8143806353.0,0.008455108706585916,6.5200000000000005,6.444,6.228,5.8148333333333335,78.08219128166637,39476551.1,5.728,6.0825,False,False,6.58,481997376.0,247706102.9955
2024-03-05,7.03,7.03,6.88,6.92,29900517.0,227280414.0,8143806353.0,0.003671565322643668,6.651999999999999,6.4990000000000006,6.268,5.839166666666667,73.07692258505918,39411880.9,5.742333333333333,6.108,False,False,7.0,206911577.64,248506342.0515
2024-03-06,6.99,6.99,6.73,6.79,44479074.0,332631040.0,8143806353.0,0.005461705751833709,6.772,6.540000000000001,6.3095,5.859999999999999,65.67164133363036,40097300.9,5.753166666666668,6.1265,False,False,7.0,302012912.46,254437326.8225
2024-03-07,6.78,6.89,6.72,6.86,43631994.0,325209264.0,8143806353.0,0.005357690508434908,6.83,6.577,6.3545,5.884166666666667,68.47290593171395,40676399.6,5.771166666666668,6.1585,False,False,7.0,299315478.84000003,259852194.8045
2024-03-08,6.86,6.95,6.78,6.87,30758776.0,231731885.0,8143806353.0,0.0037769532656764535,6.888,6.631,6.407500000000001,5.9093333333333335,61.21212069274565,40693539.45,5.7895,6.1855,False,False,7.0,211312791.12,261581992.46100003
2024-03-11,6.85,6.89,6.73,6.85,26109736.0,194594426.0,8143806353.0,0.0032060850747490754,6.858,6.689,6.461499999999999,5.935333333333333,65.58441498819361,39692816.4,5.8148333333333335,6.228,False,False,7.0,178851691.6,257217746.2065
2024-03-12,6.79,6.84,6.57,6.67,58417727.0,427738934.0,8143806353.0,0.007173270638794129,6.808,6.7299999999999995,6.5065,5.959166666666666,58.4795316849629,40468558.5,5.839166666666667,6.268,False,False,7.0,389646239.09,264322575.83849996
2024-03-13,6.64,6.68,6.5,6.58,42460600.0,306596208.0,8143806353.0,0.005213851872148022,6.766,6.769,6.5375,5.979833333333334,52.66272145723189,40846119.7,5.859999999999999,6.3095,False,False,7.0,279390748.0,267889119.19049996
2024-03-14,6.6,6.77,6.57,6.74,33683880.0,247904000.0,8143806353.0,0.004136134694262664,6.742,6.786,6.5665000000000004,6.003333333333333,62.13017700010505,40720346.9,5.884166666666667,6.3545,False,False,7.0,227029351.20000002,268091191.2625
2024-03-15,6.7,6.87,6.6,6.85,44972733.0,333796139.0,8143806353.0,0.0055223234751195956,6.7379999999999995,6.813,6.6034999999999995,6.030333333333333,66.66666613026823,40454232.85,5.9093333333333335,6.407500000000001,False,False,7.0,308063221.05,268129225.53799996
2024-03-18,6.84,7.11,6.77,7.08,54493589.0,417205833.0,8143806353.0,0.006691415124320307,6.784000000000001,6.821000000000001,6.6325,6.062166666666666,70.91836684037904,40670420.35,5.935333333333333,6.461499999999999,False,False,7.0,385814610.12,271114758.36899996
2024-03-19,7.11,7.28,6.92,6.98,56440588.0,435458361.0,8143806353.0,0.006930492395513374,6.846000000000001,6.827,6.662999999999999,6.093,69.84924573975405,41157818.15,5.959166666666666,6.5065,False,False,7.08,393955304.24,275940920.289
2024-03-20,6.93,7.17,6.9,7.12,39862283.0,308139036.0,8143806353.0,0.004894797502805995,6.954000000000001,6.860000000000001,6.7,6.121166666666666,65.71428518857144,41724044.6,5.979833333333334,6.5375,False,False,7.08,283819454.96,281028349.51100004
2024-03-21,7.1,7.15,6.95,7.12,41435600.0,320880200.0,8143806353.0,0.005087989350917711,7.029999999999999,6.886,6.7315,6.1505,65.51724085216014,42325554.25,6.003333333333333,6.5665000000000004,False,False,7.12,295021472.0,286237368.5395
2024-03-22,7.14,7.14,6.91,6.99,36751203.0,281491332.0,8143806353.0,0.004512779578367757,7.058,6.898000000000001,6.764500000000001,6.177833333333334,49.655171934363864,42353135.75,6.030333333333333,6.6034999999999995,False,False,7.12,256890908.97,287624749.1335
2024-03-25,6.93,7.14,6.85,7.02,36225988.0,278453706.0,8143806353.0,0.004448287008525828,7.046000000000001,6.915000000000001,6.802,6.2044999999999995,53.57142803571428,42817876.65,6.062166666666666,6.6325,False,False,7.12,254306435.76,291897149.1265
2024-03-26,7.06,7.15,6.92,7.1,32880822.0,253665819.0,8143806353.0,0.004037525031263474,7.07,6.958,6.844000000000001,6.230833333333334,61.48148084389575,43108191.35,6.093,6.662999999999999,False,False,7.12,233453836.2,295095513.6725
2024-03-27,7.1,7.17,7.04,7.06,24136099.0,187771710.0,8143806353.0,0.0029637368515164643,7.058,7.006,6.8875,6.259666666666667,57.57575696510559,42820126.25,6.121166666666666,6.7,False,False,7.12,170400858.94,294362311.01
2024-03-28,7.03,7.11,6.91,7.03,31926694.0,245609145.0,8143806353.0,0.003920365074525489,7.040000000000001,7.034999999999999,6.910499999999999,6.2876666666666665,55.97014866896861,40916591.8,6.1505,6.7315,False,False,7.12,224444658.82000002,282590403.6355
2024-03-29,7.06,7.32,7.03,7.26,38208411.0,302164698.0,8143806353.0,0.004691714088452614,7.093999999999999,7.0760000000000005,6.944500000000001,6.3175,63.22580588054114,40781654.1,6.177833333333334,6.764500000000001,False,False,7.12,277393063.86,283001599.54350007
2024-04-01,7.21,7.41,6.94,7.26,71150876.0,561565251.0,8143806353.0,0.008736808430346526,7.142,7.093999999999999,6.9575000000000005,6.348833333333333,71.53284598433592,40896359.5,6.2044999999999995,6.802,False,False,7.26,516555359.76,284729498.7315
2024-04-02,7.26,7.52,7.19,7.47,57962268.0,470955386.0,8143806353.0,0.007117343596787265,7.215999999999999,7.142999999999999,6.984999999999999,6.384,79.86577106166393,42299447.05,6.230833333333334,6.844000000000001,False,False,7.26,432978141.96,296032826.9475
2024-04-03,7.53,7.61,7.35,7.5,74871428.0,617945680.0,8143806353.0,0.009193665069457234,7.303999999999999,7.180999999999999,7.0205,6.417,77.94117566825264,43819064.75,6.259666666666667,6.8875,False,False,7.47,561535710.0,309008966.82449996
2024-04-08,7.48,7.57,7.22,7.29,54789217.0,442419043.0,8143806353.0,0.006727716085711794,7.356,7.198,7.041999999999999,6.442499999999999,65.06849252674051,44376925.9,6.2876666666666665,6.910499999999999,False,False,7.5,399413391.93,314013862.479
2024-04-09,7.35,7.36,7.2,7.28,31608390.0,251920849.0,8143806353.0,0.003881279665786277,7.359999999999999,7.226999999999999,7.0625,6.4656666666666665,58.06451547346517,44419406.6,6.3175,6.944500000000001,False,False,7.5,230109079.20000002,314953676.883
2024-04-10,7.28,7.41,7.26,7.35,38174491.0,306578921.0,8143806353.0,0.004687548959945168,7.378,7.26,7.0875,6.49,65.28925544293423,45022644.35,6.348833333333333,6.9575000000000005,False,False,7.5,280582508.84999996,320040217.74549997
2024-04-11,7.31,7.41,7.25,7.27,25158580.0,201735265.0,8143806353.0,0.003089290057926307,7.337999999999999,7.276999999999999,7.1175,6.5125,56.52173844234404,43359687.0,6.384,6.984999999999999,False,False,7.5,182902876.6,309703049.621
2024-04-12,7.3,7.79,7.25,7.71,77686602.0,648963001.0,8143806353.0,0.009539347896132373,7.38,7.3420000000000005,7.1739999999999995,6.5456666666666665,68.55345851588152,45120987.1,6.417,7.0205,False,False,7.5,598963701.42,325681697.292
2024-04-15,7.67,7.93,7.52,7.87,69201239.0,590765626.0,8143806353.0,0.008497407232001259,7.4959999999999996,7.426,7.230500000000001,6.581666666666666,77.16049316034145,46896855.05,6.442499999999999,7.041999999999999,False,False,7.71,544613750.9300001,341560917.27849996
2024-04-16,7.82,7.93,7.68,7.74,43524953.0,372578086.0,8143806353.0,0.0053445466546446505,7.587999999999999,7.473999999999999,7.274999999999999,6.613833333333333,70.93023198080047,46824466.05,6.4656666666666665,7.0625,False,False,7.87,336883136.22,343001913.03700006
2024-04-17,7.62,7.97,7.62,7.95,35554653.0,305519306.0,8143806353.0,0.00436585196882812,7.708,7.543000000000001,7.3185,6.6483333333333325,72.97297242074511,45877519.25,6.49,7.0875,False,False,7.87,282659491.35,337844157.0985
2024-04-18,7.94,8.0,7.73,7.84,39081144.0,335899523.0,8143806353.0,0.004798879333077875,7.822,7.580000000000001,7.361500000000001,6.677666666666667,70.3124994873047,45009547.05,6.5125,7.1175,False,False,7.95,306396168.96,333466200.33449996
2024-04-19,7.83,8.26,7.8,8.09,72985383.0,648404779.0,8143806353.0,0.008962072504721797,7.898000000000001,7.639,7.410000000000001,6.710333333333334,74.76635465106122,46665702.05,6.5456666666666665,7.1739999999999995,False,False,7.95,590451748.47,348797815.01
2024-04-22,8.03,8.24,7.99,8.02,38864344.0,344790024.0,8143806353.0,0.004772257874928868,7.928,7.712000000000001,7.455,6.744,69.1919187026834,46537139.25,6.581666666666666,7.230500000000001,False,False,8.09,311692038.88,349631343.354
2024-04-23,8.0,8.0,7.67,7.73,44958768.0,382614924.0,8143806353.0,0.0055206086750132725,7.926,7.757,7.492,6.772833333333334,60.35242253527142,46947517.5,6.613833333333333,7.274999999999999,False,False,8.09,347531276.64000005,354163361.7375001
2024-04-24,7.68,7.8,7.57,7.8,40172531.0,338923224.0,8143806353.0,0.00493289369352469,7.895999999999999,7.802,7.531000000000001,6.805166666666667,57.74647849368512,47144844.65,6.6483333333333325,7.3185,False,False,8.09,313345741.8,357115327.0395
2024-04-25,7.8,7.93,7.69,7.8,29006636.0,247811582.0,8143806353.0,0.003561803257921843,7.888,7.855000000000001,7.566,6.839333333333333,57.14285676190476,46951135.35,6.677666666666667,7.361500000000001,False,False,8.09,226251760.79999998,356755223.2695
2024-04-26,7.81,8.0,7.72,7.82,32200747.0,276658578.0,8143806353.0,0.003954016783335958,7.8340000000000005,7.866,7.603999999999999,6.8726666666666665,63.874345081549315,47354367.75,6.710333333333334,7.410000000000001,False,False,8.09,251809841.54000002,360825672.3995
2024-04-29,7.77,7.8,7.42,7.55,76937896.0,638285394.0,8143806353.0,0.009447412262161387,7.74,7.833999999999999,7.630000000000001,6.899666666666667,56.22119779396461,49604927.85,6.744,7.455,False,False,8.09,580881114.8,378647495.19850004
2024-04-30,7.62,7.98,7.57,7.78,49908801.0,426969158.0,8143806353.0,0.006128436610187163,7.75,7.837999999999999,7.656000000000001,6.9286666666666665,59.22746745528561,50189947.35,6.772833333333334,7.492,True,False,8.09,388290471.78000003,384192365.5945
2024-05-06,7.83,7.92,7.48,7.89,56486859.0,478890728.0,8143806353.0,0.006936174136703469,7.768000000000001,7.831999999999999,7.6875,6.957666666666666,63.1355928458058,49456746.5,6.805166666666667,7.531000000000001,False,True,8.09,445681317.51,380648663.482
2024-05-07,7.88,7.95,7.73,7.78,40940747.0,351432711.0,8143806353.0,0.005027225013143679,7.764,7.825999999999999,7.703,6.985333333333333,51.7241375743163,48605670.45,6.839333333333333,7.566,False,False,8.09,318519011.66,374925706.967
2024-05-08,7.8,8.08,7.78,8.04,50666536.0,443279785.0,8143806353.0,0.006221480939479308,7.808,7.821000000000001,7.7299999999999995,7.02,53.990609973770624,47395425.85,6.8726666666666665,7.603999999999999,False,False,8.09,407358949.43999994,367216868.939
2024-05-09,8.13,8.41,7.99,8.29,77932437.0,705031800.0,8143806353.0,0.009569534640431547,7.956,7.847999999999999,7.780000000000001,7.058833333333333,62.22222183506172,48552586.85,6.899666666666667,7.630000000000001,False,False,8.09,646059902.7299999,379549194.479
2024-05-10,8.29,8.4,8.24,8.34,33232911.0,303232226.0,8143806353.0,0.004080758991495141,8.068,7.909000000000001,7.833,7.100999999999999,59.330143143243056,48633812.9,6.9286666666666665,7.656000000000001,False,False,8.29,277162477.74,381901864.406
2024-05-13,8.34,8.71,8.22,8.64,81877460.0,766840458.0,8143806353.0,0.010053954680520876,8.218,7.993,7.897499999999999,7.148833333333333,67.54385923437982,50818961.35,6.957666666666666,7.6875,False,False,8.34,707421254.4000001,403243801.6835
2024-05-14,8.66,8.69,8.42,8.62,34218973.0,321250229.0,8143806353.0,0.004201840210431143,8.386,8.075,7.965000000000001,7.1963333333333335,62.92682883854847,51271981.0,6.985333333333333,7.703,False,False,8.64,294967547.26,408847035.2165
2024-05-15,8.58,9.07,8.46,8.96,50172231.0,482811669.0,8143806353.0,0.0061607838921068706,8.57,8.189,8.0275,7.246333333333333,70.25862026568075,49896262.45,7.02,7.7299999999999995,False,False,8.64,449543189.76000005,401376009.6335
2024-05-16,8.96,8.98,8.23,8.37,92030754.0,854734179.0,8143806353.0,0.011300705101625837,8.586000000000002,8.271,8.052499999999998,7.283166666666667,62.21374012557539,51037738.2,7.058833333333333,7.780000000000001,False,False,8.96,770297410.9799999,412660192.63600004
2024-05-17,8.29,8.39,8.22,8.34,31244473.0,284626077.0,8143806353.0,0.003836593313455964,8.586,8.327,8.0825,7.320333333333333,60.46511595096446,50423714.2,7.100999999999999,7.833,False,False,8.96,260578904.82,408844981.066
2024-05-20,8.35,8.66,8.34,8.65,42315951.0,396066527.0,8143806353.0,0.005196090030359296,8.588,8.403,8.1175,7.356166666666667,64.70588203948705,50761779.1,7.148833333333333,7.897499999999999,False,False,8.96,366032976.15000004,413013655.30600005
2024-05-21,8.59,8.68,8.48,8.55,29640302.0,278749349.0,8143806353.0,0.0036396128192661605,8.574000000000002,8.48,8.153,7.3925,62.28956199594145,50289737.0,7.1963333333333335,7.965000000000001,False,False,8.96,253424582.10000002,410365075.963
2024-05-22,8.54,8.56,8.2,8.27,49979733.0,456374406.0,8143806353.0,0.006137146542241708,8.436,8.503,8.161999999999999,7.424,62.08053662109813,49139454.5,7.246333333333333,8.0275,False,False,8.96,413332391.90999997,401509108.135
2024-05-23,8.18,8.41,8.17,8.3,29448340.0,268613553.0,8143806353.0,0.0036160412862901482,8.422,8.504000000000001,8.176,7.454166666666667,59.35251768671393,48668654.3,7.283166666666667,8.052499999999998,False,False,8.96,244421222.00000003,398145567.291
2024-05-24,8.32,8.4,8.2,8.32,26976851.0,246879029.0,8143806353.0,0.0033125604699652906,8.418000000000001,8.501999999999999,8.205499999999999,7.487333333333334,57.99256475394204,47769558.45,7.320333333333333,8.0825,False,False,8.96,224447400.32,391991373.475
2024-05-27,8.34,8.71,8.34,8.48,51970096.0,488990686.0,8143806353.0,0.00638154859623539,8.384,8.486,8.239500000000001,7.524166666666668,62.77372230699555,48359436.7,7.356166666666667,8.1175,False,False,8.96,440706414.08000004,398359407.08900005
2024-05-28,8.41,8.72,8.4,8.69,50734229.0,479775410.0,8143806353.0,0.0062297931459667655,8.412,8.493,8.284,7.5646666666666675,62.08178406351486,49445816.35,7.3925,8.153,False,False,8.96,440880450.01,409090841.5495
2024-05-29,8.65,8.69,8.23,8.57,81056403.0,751285710.0,8143806353.0,0.009953134871648882,8.472,8.454,8.3215,7.604333333333333,55.46874969665529,51888599.15,7.424,8.161999999999999,False,False,8.96,694653373.71,431233018.158
2024-05-30,8.39,8.49,8.21,8.3,58348002.0,533840113.0,8143806353.0,0.0071647089175328775,8.472,8.447,8.358999999999998,7.633166666666666,49.28057529139281,50959104.45,7.454166666666667,8.176,False,False,8.96,484288416.6,426403383.248
2024-05-31,8.32,8.33,7.89,8.09,95315234.0,839203079.0,8143806353.0,0.011704015280875134,8.425999999999998,8.422,8.3745,7.658333333333333,39.77695146584487,53229426.1,7.487333333333334,8.205499999999999,True,False,8.96,771100243.06,445543871.812
2024-06-03,7.99,8.39,7.99,8.28,71689498.0,649963091.0,8143806353.0,0.008802947281966149,8.386,8.385,8.394,7.679666666666666,44.05594384028559,53989558.05,7.524166666666668,8.239500000000001,True,True,8.96,593589043.4399999,452939258.1085
2024-06-04,8.25,8.3,8.02,8.27,53456319.0,478586041.0,8143806353.0,0.006564045936616342,8.302,8.357000000000001,8.4185,7.702166666666667,36.363636162414636,54615336.65,7.5646666666666675,8.284,True,True,8.96,442083758.13,459117495.432
2024-06-05,8.31,8.34,8.01,8.06,37269605.0,332418089.0,8143806353.0,0.004576435561519792,8.2,8.336000000000002,8.419500000000001,7.723333333333334,42.79069739578153,53945490.1,7.604333333333333,8.3215,True,True,8.96,300393016.3,453769198.775
2024-06-06,8.11,8.4,8.06,8.2,65594196.0,593566495.0,8143806353.0,0.00805448866988795,8.18,8.325999999999999,8.415,7.745666666666667,46.9026545767092,53328578.05,7.633166666666666,8.358999999999998,True,True,8.96,537872407.1999999,448359823.9985
2024-06-07,8.23,8.54,8.13,8.48,63910581.0,588812031.0,8143806353.0,0.007847753032150222,8.258000000000001,8.342,8.422,7.7725,46.188340517203244,54862461.55,7.658333333333333,8.3745,True,True,8.96,541961726.88,461599786.4555
2024-06-11,8.53,8.54,7.67,7.92,112410432.0,980710884.0,8143806353.0,0.013803180862544756,8.186,8.286,8.386,7.790333333333333,38.289962626000175,56389110.15,7.679666666666666,8.394,False,True,8.96,890290621.4399999,470743254.8075
2024-06-12,7.84,7.99,7.8,7.96,45688901.0,397318911.0,8143806353.0,0.005610263680099565,8.123999999999999,8.213,8.353,7.811833333333334,43.67346913819243,56962606.55,7.702166666666667,8.4185,True,False,8.96,363683651.96,474179060.0424999
2024-06-13,7.98,8.12,7.76,7.91,50947252.0,442979080.0,8143806353.0,0.0062559508160741255,8.094000000000001,8.147,8.300500000000001,7.834,42.105262919241405,57001357.6,7.723333333333334,8.419500000000001,True,True,8.96,402992763.32,471851538.7205
2024-06-14,7.9,7.91,7.59,7.68,60918358.0,515821993.0,8143806353.0,0.007480329880088444,7.99,8.084999999999999,8.266000000000002,7.849666666666667,38.05970129371796,55445737.8,7.745666666666667,8.415,True,True,8.69,467852989.44,456729317.6435
2024-06-17,7.66,7.7,7.38,7.55,74206048.0,609459934.0,8143806353.0,0.009111961260309697,7.803999999999999,8.030999999999999,8.2265,7.8613333333333335,32.4528300172303,57593816.55,7.7725,8.422,True,True,8.69,560255662.4,471713155.52250004
2024-06-18,7.55,7.71,7.48,7.62,42438883.0,355065017.0,8143806353.0,0.005211185183003086,7.744,7.965000000000001,8.175,7.870333333333334,28.68525880414596,57599963.15,7.790333333333333,8.386,True,True,8.69,323384288.46,469580721.138
2024-06-19,7.58,7.7,7.48,7.62,35160802.0,292250112.0,8143806353.0,0.004317489939707067,7.676,7.9,8.128499999999999,7.881,30.125522836084798,57875988.15,7.811833333333334,8.353,True,True,8.69,267925311.24,470305757.59499997
2024-06-20,7.63,7.94,7.46,7.9,59458107.0,510235824.0,8143806353.0,0.007301021711806413,7.674000000000001,7.883999999999999,8.110000000000001,7.894,41.666666423611105,58349906.85,7.834,8.300500000000001,True,True,8.69,469719045.3,473125090.2645
2024-06-21,7.88,7.98,7.77,7.82,35400100.0,304553339.0,8143806353.0,0.0043468739881025505,7.702000000000001,7.846000000000001,8.086,7.905666666666666,44.05286316443169,58647494.85,7.849666666666667,8.266000000000002,True,True,8.69,276828782.0,474745468.2645
2024-06-24,7.85,7.87,7.7,7.72,20857773.0,177956666.0,8143806353.0,0.002561182338565363,7.736,7.7700000000000005,8.056000000000001,7.917833333333333,37.15596306413603,58341540.95,7.8613333333333335,8.2265,True,True,8.69,161022007.56,471574198.6265
2024-06-25,7.67,7.78,7.61,7.66,24689858.0,208153139.0,8143806353.0,0.0030317344162910744,7.744,7.744,8.014999999999999,7.9285,36.32286972712102,56977529.05,7.870333333333334,8.175,True,True,8.69,189124312.28,458995093.5365
2024-06-26,7.66,7.69,7.44,7.58,29554801.0,243884327.0,8143806353.0,0.0036291139203122945,7.736,7.706,7.9595,7.9365,38.57142831428571,55918557.65,7.881,8.128499999999999,True,True,8.69,224025391.58,448152340.61499995
2024-06-27,7.57,7.6,7.41,7.43,27353900.0,224191991.0,8143806353.0,0.0033588593360797956,7.642,7.6579999999999995,7.902499999999999,7.942666666666666,31.753554291682605,53233432.5,7.894,8.110000000000001,True,True,8.57,203239477.0,423581645.77949995
2024-06-28,7.48,7.75,7.44,7.71,40614690.0,341381535.0,8143806353.0,0.004987187592573151,7.62,7.661,7.873,7.954,31.75355429168259,52346766.9,7.905666666666666,8.086,True,True,8.48,313139259.9,415024187.94449997
2024-07-01,7.72,8.03,7.67,7.96,32080560.0,277963523.0,8143806353.0,0.003939258696663658,7.668000000000001,7.702000000000001,7.8665,7.9656666666666665,51.111110713580246,49185033.2,7.917833333333333,8.056000000000001,True,True,8.48,255361257.6,389237238.67149997
2024-07-02,8.01,8.11,7.73,7.82,37531809.0,324232679.0,8143806353.0,0.0046086322995848375,7.7,7.7219999999999995,7.843500000000001,7.975,46.31578913240999,47477148.75,7.9285,8.014999999999999,False,True,8.48,293498746.38,374232723.8185
2024-07-03,7.84,8.0,7.64,7.65,29835934.0,254340537.0,8143806353.0,0.0036636350014645296,7.714,7.725,7.8125,7.978,43.564356133712394,46296129.5,7.9365,7.9595,True,False,8.48,228244895.10000002,363540780.66699994
2024-07-04,7.7,7.89,7.62,7.84,34156684.0,292986122.0,8143806353.0,0.004194191575714153,7.795999999999999,7.719000000000001,7.8015,7.983666666666666,54.04040365830018,46140483.45,7.942666666666666,7.902499999999999,True,True,8.48,267788402.56,361910549.97999996
2024-07-05,7.84,8.1,7.72,8.03,43454834.0,377126548.0,8143806353.0,0.005335936553058165,7.859999999999999,7.74,7.793000000000001,7.996,61.7647054584775,45033515.35,7.954,7.873,False,True,8.48,348942317.02,352464045.47099996
2024-07-08,8.01,8.02,7.44,7.74,62991313.0,529077182.0,8143806353.0,0.007734873629061106,7.816,7.742,7.7559999999999985,8.003666666666666,52.65486693045658,44987551.95,7.9656666666666665,7.8665,False,False,8.48,487552762.62,349743597.258
2024-07-09,7.71,7.75,7.61,7.72,28808579.0,243332343.0,8143806353.0,0.0035374833034171483,7.795999999999999,7.748,7.7459999999999996,8.009833333333333,52.192982135657125,40807459.3,7.975,7.843500000000001,True,False,8.03,222402229.88,316349177.67999995
2024-07-10,7.72,7.72,7.4,7.42,44304927.0,364348845.0,8143806353.0,0.005440321770873031,7.75,7.732000000000001,7.718999999999999,8.012333333333334,39.56521715047258,40738260.6,7.978,7.8125,True,True,8.03,328742558.34,314602122.99899995
2024-07-11,7.48,7.58,7.34,7.54,30991889.0,254692514.0,8143806353.0,0.003805577841199928,7.6899999999999995,7.742999999999999,7.7005,8.0095,44.01709375374387,39740492.45,7.983666666666666,7.8015,True,True,8.03,233678843.06,306136426.986
2024-07-12,7.52,7.54,7.19,7.3,56190527.0,449497922.0,8143806353.0,0.00689978672924862,7.544,7.702000000000001,7.6815,8.0,41.53225783005983,39504100.9,7.996,7.793000000000001,True,True,8.03,410190847.09999996,303253319.86899996
2024-07-15,7.24,7.33,7.14,7.25,35186054.0,279131379.0,8143806353.0,0.004320590701059368,7.446,7.631,7.666500000000001,7.991833333333333,41.70040462194101,37553101.2,8.003666666666666,7.7559999999999985,True,True,8.03,255098891.5,287995481.324
2024-07-16,7.26,7.46,7.25,7.38,25110963.0,202948848.0,8143806353.0,0.0030834430377571134,7.378,7.587000000000001,7.6545000000000005,7.982333333333333,46.031745776014105,36686705.2,8.009833333333333,7.7459999999999996,True,True,8.03,185318906.94,281092212.248
2024-07-17,7.36,7.37,7.14,7.22,24723850.0,195229018.0,8143806353.0,0.0030359083858731827,7.337999999999999,7.544,7.6345,7.9719999999999995,45.84980211782718,36164857.6,8.012333333333334,7.718999999999999,True,True,8.03,178506197.0,276621256.536
2024-07-18,7.2,7.38,7.11,7.35,23621945.0,188800848.0,8143806353.0,0.0029006024917694897,7.3,7.494999999999999,7.606999999999999,7.959666666666666,42.43697454028669,34373049.5,8.0095,7.7005,True,True,8.03,173621295.75,261816369.0585
2024-07-19,7.33,7.41,7.24,7.33,27169916.0,218557233.0,8143806353.0,0.0033362674432934176,7.306,7.424999999999999,7.5825000000000005,7.948166666666667,35.34883697912383,33961540.3,8.0,7.6815,True,True,8.03,199155484.28,257932704.17249998
2024-07-22,7.35,7.53,7.25,7.4,34204406.0,277796058.0,8143806353.0,0.004200051489117229,7.336,7.391,7.5665000000000004,7.942666666666667,39.90384588526258,34628871.95,7.991833333333333,7.666500000000001,True,True,8.03,253112604.4,262537234.01449996
2024-07-23,7.47,7.85,7.47,7.62,63422912.0,520438049.0,8143806353.0,0.007787870837159136,7.384,7.381,7.5645,7.939666666666667,49.29577432387754,36565524.65,7.982333333333333,7.6545000000000005,True,True,8.03,483282589.44,277245147.8725
2024-07-24,7.66,7.78,7.48,7.69,43763453.0,356429373.0,8143806353.0,0.00537383271446263,7.478,7.4079999999999995,7.5699999999999985,7.937833333333333,46.26865639414868,37275957.25,7.9719999999999995,7.6345,False,True,8.03,336540953.57,282870925.972
2024-07-25,7.69,7.69,7.22,7.23,61269138.0,477866417.0,8143806353.0,0.0075234031046710476,7.454000000000001,7.377000000000001,7.5600000000000005,7.928,32.45614015158512,38971719.15,7.959666666666666,7.606999999999999,False,False,8.03,442975867.74,294857745.509
2024-07-26,7.23,7.35,7.12,7.31,27408169.0,212884122.0,8143806353.0,0.003365523173313598,7.45,7.378,7.540000000000001,7.924,39.61352630213072,38311393.1,7.948166666666667,7.5825000000000005,True,False,8.03,200353715.39,289218468.2835
2024-07-29,7.35,7.36,7.17,7.25,25408206.0,195817676.0,8143806353.0,0.003119942309364978,7.42,7.378,7.5045,7.915166666666667,38.86255898385033,37977775.4,7.942666666666667,7.5665000000000004,True,True,8.03,184209493.5,285660880.0785
2024-07-30,7.21,7.29,7.11,7.19,21113048.0,161853200.0,8143806353.0,0.002592528245986892,7.3340000000000005,7.359,7.473000000000001,7.9035,43.850267051388386,37156837.35,7.939666666666667,7.5645,True,True,8.03,151802815.12,278576083.51549995
2024-07-31,7.18,7.37,6.98,7.33,52389172.0,399378924.0,8143806353.0,0.006433008071305745,7.2620000000000005,7.37,7.456999999999999,7.896,44.44444411522633,38284499.25,7.937833333333333,7.5699999999999985,True,True,8.03,384012630.76,286364470.2985
2024-08-01,7.29,7.46,7.25,7.27,27245323.0,213291367.0,8143806353.0,0.0033455268726967483,7.2700000000000005,7.362,7.4285,7.883166666666667,49.12280661536883,37938931.2,7.928,7.5600000000000005,True,True,8.03,198073498.20999998,282878725.081
2024-08-02,7.19,7.44,7.12,7.33,23607353.0,183776580.0,8143806353.0,0.0028988107006379846,7.273999999999999,7.362,7.3935,7.867166666666667,52.325580969442946,36946557.15,7.924,7.540000000000001,True,True,8.03,173041897.49,274083704.1045
2024-08-05,7.29,7.36,6.95,6.98,48368581.0,365800503.0,8143806353.0,0.005939308832187798,7.220000000000001,7.32,7.355500000000001,7.8445,39.69072136305665,36215420.55,7.915166666666667,7.5045,True,True,7.74,337612695.38,266586700.74249998
2024-08-06,6.99,7.28,6.99,7.27,42818923.0,326972114.0,8143806353.0,0.005257851322094176,7.236,7.284999999999999,7.333000000000001,7.821666666666667,51.207729122266564,36915937.75,7.9035,7.473000000000001,True,True,7.72,311293570.21,271031267.759
2024-08-07,7.28,7.48,7.21,7.38,32446392.0,254455790.0,8143806353.0,0.00398418019702144,7.246,7.254,7.331,7.801,50.73170697061275,36323011.0,7.896,7.456999999999999,True,True,7.69,239454372.96,266566858.49
2024-08-08,7.38,7.4,7.07,7.12,26987269.0,205513640.0,8143806353.0,0.0033138397243518054,7.215999999999999,7.242999999999999,7.3100000000000005,7.770333333333334,45.4148468839267,36122780.0,7.883166666666667,7.4285,False,True,7.69,192149355.28,264490384.10099998
2024-08-09,7.16,7.18,7.06,7.1,20277066.0,153313084.0,8143806353.0,0.00248987575601308,7.17,7.222000000000001,7.3,7.7491666666666665,43.30357115792408,34327106.95,7.867166666666667,7.3935,True,False,7.69,143967168.6,251179200.17600003
2024-08-12,7.09,7.33,7.07,7.23,20038721.0,154361865.0,8143806353.0,0.0024606087290641645,7.220000000000001,7.219999999999999,7.2989999999999995,7.730666666666667,40.930232291617095,33569740.3,7.8445,7.355500000000001,True,True,7.69,144879952.83,245668253.2425
2024-08-13,7.3,7.37,7.19,7.26,16503004.0,127499573.0,8143806353.0,0.002026448479330633,7.217999999999999,7.226999999999999,7.292999999999999,7.7075,39.81042627613933,33139342.35,7.821666666666667,7.333000000000001,True,True,7.69,119811809.03999999,242392898.3475
2024-08-14,7.22,7.25,7.1,7.17,12756293.0,97563730.0,8143806353.0,0.0015663797058854255,7.176,7.211,7.2905,7.6845,48.27586168053902,32540964.5,7.801,7.331,True,True,7.69,91462620.81,238040719.53800002
2024-08-15,7.18,7.25,7.08,7.21,23059265.0,176008651.0,8143806353.0,0.002831509493285713,7.194,7.205,7.283500000000001,7.666833333333333,47.05882314186852,32512830.5,7.770333333333334,7.3100000000000005,True,True,7.69,166257300.65,237672519.783
2024-08-16,7.22,7.74,7.21,7.58,56799481.0,456593692.0,8143806353.0,0.006974561837300603,7.290000000000001,7.2299999999999995,7.295999999999999,7.6548333333333325,58.20895481844509,33994308.75,7.7491666666666665,7.3,True,True,7.69,430540065.98,249241748.86799997
2024-08-19,7.53,7.82,7.49,7.76,36677143.0,301641771.0,8143806353.0,0.004503685550736229,7.396000000000001,7.308,7.313999999999998,7.6455,63.380281273556825,34117945.6,7.730666666666667,7.2989999999999995,False,True,7.69,284614629.68,250816850.13199997
2024-08-20,7.76,7.83,7.55,7.69,29499097.0,240747794.0,8143806353.0,0.0036222738755487694,7.481999999999999,7.35,7.317500000000001,7.632333333333333,58.73786367848055,32421754.85,7.7075,7.292999999999999,False,False,7.76,226848055.93,237995123.4565
2024-08-21,7.67,7.74,7.49,7.63,22290900.0,179943557.0,8143806353.0,0.0027371598775538814,7.574000000000001,7.375,7.314500000000001,7.6146666666666665,58.73786367848055,31348127.2,7.6845,7.2905,False,False,7.76,170079567.0,229672054.12800002
2024-08-22,7.55,7.71,7.44,7.69,20106585.0,163553049.0,8143806353.0,0.002468941933103944,7.67,7.432,7.3375,7.6,58.73786367848055,29289999.55,7.666833333333333,7.283500000000001,False,False,7.76,154619638.65,215254242.6735
2024-08-23,7.69,7.73,7.58,7.66,15995828.0,130436846.0,8143806353.0,0.001964170967069654,7.686,7.4879999999999995,7.3549999999999995,7.589333333333333,69.54022932553838,28719382.5,7.6548333333333325,7.295999999999999,False,False,7.76,122528042.48,211362959.028
2024-08-26,7.64,7.82,7.64,7.75,20816675.0,171564186.0,8143806353.0,0.002556135804031194,7.684,7.540000000000001,7.38,7.583666666666667,65.58441498819363,28489805.95,7.6455,7.313999999999998,False,False,7.76,161329231.25,210218945.9155
2024-08-27,7.8,7.97,7.7,7.81,24128574.0,201264845.0,8143806353.0,0.0029628128364215783,7.708,7.595000000000001,7.411,7.575833333333334,64.42952959596414,28640582.25,7.632333333333333,7.317500000000001,False,False,7.76,188444162.94,212051013.3065
2024-08-28,7.75,7.94,7.69,7.71,17264489.0,142675398.0,8143806353.0,0.0021199532812614264,7.723999999999999,7.648999999999999,7.4300000000000015,7.5665000000000004,72.18045036802533,26884348.1,7.6146666666666665,7.314500000000001,False,False,7.81,133109210.19,199505842.278
2024-08-29,7.28,7.48,7.01,7.28,73240831.0,563039051.0,8143806353.0,0.008993439655281057,7.642,7.656000000000001,7.4305,7.5535,55.1724133491875,29184123.5,7.6,7.3375,False,False,7.81,533193249.68,216261829.85149997
2024-08-30,7.28,7.29,6.93,7.06,66644259.0,503012410.0,8143806353.0,0.008183428744649572,7.522,7.604000000000001,7.416999999999999,7.5344999999999995,45.355190909850975,31335968.8,7.589333333333333,7.3549999999999995,True,False,7.81,470508468.53999996,231135158.40399998
2024-09-02,7.01,7.1,6.83,6.85,46541791.0,343552326.0,8143806353.0,0.005714992349106511,7.3420000000000005,7.513,7.410500000000001,7.507333333333333,39.80099474765476,31244629.3,7.583666666666667,7.38,True,True,7.81,318811268.34999996,230195087.0525
2024-09-03,6.81,7.0,6.73,6.95,40858311.0,299585057.0,8143806353.0,0.0050171024738264675,7.17,7.439,7.394499999999999,7.491166666666667,44.5544551367513,31146598.7,7.575833333333334,7.411,True,True,7.81,283965261.45,228828671.6145
2024-09-04,6.89,6.91,6.71,6.75,34391543.0,247470097.0,8143806353.0,0.004223030547298182,6.978,7.350999999999999,7.3629999999999995,7.471,39.44954103105799,31243856.25,7.5665000000000004,7.4300000000000015,True,True,7.81,232142915.25,228463098.729
2024-09-05,6.75,6.76,6.45,6.49,56636680.0,395353095.0,8143806353.0,0.0069545710623554165,6.8199999999999985,7.231,7.3315,7.447333333333334,23.671497424443984,32726326.8,7.5535,7.4305,True,True,7.81,367572053.2,237234233.625
2024-09-06,6.46,6.54,6.23,6.27,55603269.0,375879380.0,8143806353.0,0.006827675731694796,6.662000000000001,7.0920000000000005,7.289999999999999,7.4238333333333335,14.691943030480004,34492636.95,7.5344999999999995,7.416999999999999,True,True,7.81,348632496.63,247467500.0265
2024-09-09,6.27,6.27,6.0,6.07,77080412.0,501363123.0,8143806353.0,0.00946491218711325,6.506,6.9239999999999995,7.232000000000001,7.399166666666667,13.839285627790204,37344721.5,7.507333333333333,7.410500000000001,True,True,7.81,467878100.84000003,263617407.427
2024-09-10,6.11,6.18,6.03,6.08,41116460.0,266932646.0,8143806353.0,0.005048801287478256,6.331999999999999,6.7509999999999994,7.173,7.373499999999999,14.611872052709515,38575394.3,7.491166666666667,7.394499999999999,True,True,7.81,249988076.8,270126220.815
2024-09-11,6.0,6.03,5.78,5.85,57581817.0,358540780.0,8143806353.0,0.007070626989894979,6.151999999999999,6.565,7.106999999999999,7.343999999999999,11.01694908718757,40816670.5,7.471,7.3629999999999995,True,True,7.81,336853629.45,282395771.247
2024-09-12,5.88,6.03,5.85,5.97,38885287.0,247366892.0,8143806353.0,0.004774829522521187,6.048,6.434,7.044999999999999,7.311833333333333,15.510203993002904,41607971.6,7.447333333333334,7.3315,True,True,7.81,232145163.39,285690164.384
2024-09-13,5.98,6.08,5.93,6.03,37050737.0,237528692.0,8143806353.0,0.004549560168059659,6.0,6.331,6.967499999999999,7.282,14.46280983368625,40620534.4,7.4238333333333335,7.289999999999999,True,True,7.81,223415944.11,275333958.29050004
2024-09-18,6.05,6.19,6.01,6.18,30132591.0,196131745.0,8143806353.0,0.0037000623165480613,6.022,6.264,6.888499999999999,7.256333333333333,17.529880380311425,40293306.8,7.399166666666667,7.232000000000001,True,True,7.81,186219412.38,270414197.42550004
2024-09-19,6.23,6.24,6.05,6.15,31548185.0,206124746.0,8143806353.0,0.0038738869310636715,6.036,6.184,6.8115,7.231166666666667,18.03278678177911,40395761.2,7.373499999999999,7.173,True,True,7.81,194021337.75,268772861.5165
2024-09-20,6.24,6.32,6.14,6.29,37804400.0,251091280.0,8143806353.0,0.004642104485462585,6.1240000000000006,6.138,6.7444999999999995,7.209666666666666,26.976744010383996,41171436.2,7.343999999999999,7.106999999999999,True,True,7.81,237789676.0,272158366.9665
2024-09-23,6.28,6.43,6.19,6.36,35725217.0,240202033.0,8143806353.0,0.004386795983531658,6.202,6.125,6.678,7.191833333333334,32.49999977250002,41952367.8,7.311833333333333,7.044999999999999,True,True,7.81,227212380.12,275788004.04
2024-09-24,6.4,6.61,6.29,6.58,39692017.0,274082699.0,8143806353.0,0.004873890080328141,6.312,6.156000000000001,6.624,7.173,43.283581788074564,43137177.25,7.282,6.967499999999999,True,True,7.81,261173471.86,282720275.50899994
2024-09-25,6.65,6.73,6.43,6.46,59613378.0,416309570.0,8143806353.0,0.0073200878576931945,6.368,6.194999999999999,6.5595,7.148,37.93103422116528,45077012.4,7.256333333333333,6.888499999999999,True,True,7.81,385102421.88,293908935.0405
2024-09-26,6.42,6.56,6.29,6.55,78997929.0,538777504.0,8143806353.0,0.00970036928381762,6.447999999999999,6.242,6.4965,7.126833333333334,44.79166634006076,47820480.15,7.231166666666667,6.8115,True,True,7.81,517436434.95,310358548.641
2024-09-27,6.62,7.21,6.6,7.12,77241815.0,567184917.0,8143806353.0,0.009484731297858748,6.614,6.369000000000001,6.4670000000000005,7.117999999999999,64.12556013553461,50819346.45,7.209666666666666,6.7444999999999995,False,True,7.71,549961722.8,331201174.2715
2024-09-30,7.33,7.66,7.07,7.55,127328206.0,997642097.0,8143806353.0,0.015634974664285217,6.851999999999999,6.526999999999999,6.480500000000001,7.113166666666667,76.2295077593389,53523715.2,7.191833333333334,6.678,False,False,7.28,961327955.3,352607909.5525
2024-10-08,8.26,8.3,7.31,7.53,152182145.0,1246947831.0,8143806353.0,0.018686857030182136,7.042,6.677,6.5040000000000004,7.104833333333333,82.30088444592374,57800609.5,7.173,6.624,False,False,7.55,1145931551.8500001,386379063.71800005
2024-10-09,7.45,7.45,6.77,6.78,103920836.0,776514007.0,8143806353.0,0.012760720416899136,7.106,6.737,6.5005,7.088833333333334,61.6666663788889,60669561.75,7.148,6.5595,False,False,7.55,704583268.08,405667663.7045
2024-10-10,6.77,7.26,6.76,7.0,92975305.0,696159730.0,8143806353.0,0.011416689072641067,7.196000000000001,6.822,6.503,7.076833333333334,69.2307689066118,63275411.45,7.126833333333334,6.4965,False,False,7.55,650827135.0,424010757.382
2024-10-11,7.0,7.04,6.74,6.81,43997426.0,321413032.0,8143806353.0,0.005402562891711234,7.134,6.874,6.506,7.066666666666666,63.725489904523904,63755705.6,7.117999999999999,6.4670000000000005,False,False,7.55,299622471.06,427384735.1725
2024-10-14,6.95,7.22,6.89,7.06,96215612.0,720771392.0,8143806353.0,0.011814575129792506,7.036,6.944,6.5344999999999995,7.058666666666667,65.84615356250887,65734652.2,7.113166666666667,6.480500000000001,False,False,7.55,679282220.7199999,442970243.54849994
2024-10-15,7.07,7.07,6.65,6.65,98573939.0,708863228.0,8143806353.0,0.012104160478188129,6.859999999999999,6.9510000000000005,6.5535,7.047833333333333,56.69515646902219,67883185.7,7.104833333333333,6.5040000000000004,False,False,7.55,655516694.35,458314453.43450004
2024-10-16,6.59,6.72,6.53,6.66,50877608.0,359537294.0,8143806353.0,0.006247399041021869,6.836,6.971000000000001,6.583,7.038,57.306590027996485,66573045.5,7.088833333333334,6.5005,False,False,7.55,338844869.28000003,451862791.85649997
2024-10-17,6.69,6.76,6.5,6.51,49185871.0,345246638.0,8143806353.0,0.006039666080945184,6.7379999999999995,6.9670000000000005,6.6045,7.0235,53.14285693028571,66976516.05,7.076833333333334,6.503,False,False,7.55,320200020.21,455373389.02700007
2024-10-18,6.58,6.71,6.48,6.62,68480886.0,479703485.0,8143806353.0,0.00840895313955656,6.7,6.917,6.642999999999999,7.0135,53.672316171917394,67521469.5,7.066666666666666,6.506,True,False,7.55,453343465.32,461197880.8205
2024-10-21,6.86,6.86,6.63,6.75,85051240.0,610713199.0,8143806353.0,0.0104436717074773,6.638,6.837000000000001,6.6819999999999995,7.003500000000001,52.46376790304558,69829767.15,7.058666666666667,6.5344999999999995,True,True,7.55,574095870.0,478295416.151
2024-10-22,6.71,6.85,6.67,6.76,52885917.0,379368211.0,8143806353.0,0.006494004732875062,6.659999999999999,6.76,6.718500000000001,6.994,54.49101773566639,70621526.15,7.047833333333333,6.5535,False,True,7.55,357508798.92,485000058.8915
2024-10-23,6.76,6.77,6.68,6.74,56667921.0,405517238.0,8143806353.0,0.006958407229209812,6.676,6.756,6.746499999999999,6.9830000000000005,52.90519855025298,71948292.65,7.038,6.583,False,False,7.55,381941787.54,494786177.6495001
2024-10-24,6.69,6.69,6.54,6.6,49910116.0,350238917.0,8143806353.0,0.006128598082592448,6.694,6.715999999999999,6.769000000000001,6.965999999999999,40.845070221186255,72866389.2,7.0235,6.6045,True,False,7.55,329406765.59999996,501555449.042
2024-10-25,6.59,6.6,6.52,6.6,45492929.0,318230420.0,8143806353.0,0.005586199748381959,6.69,6.695,6.7844999999999995,6.9478333333333335,30.2904562555741,73250815.65,7.0135,6.642999999999999,True,True,7.55,300253331.4,504678631.812
2024-10-28,6.6,6.62,6.48,6.57,78880110.0,549114441.0,8143806353.0,0.009685901970267538,6.654000000000001,6.646000000000001,6.795,6.936833333333333,30.1652890816884,75408560.3,7.003500000000001,6.6819999999999995,True,True,7.55,518242322.70000005,519230128.941
2024-10-29,6.53,6.59,6.32,6.38,81847473.0,558975318.0,8143806353.0,0.010050272495716843,6.578,6.619,6.784999999999999,6.921333333333333,39.247311532547094,77516333.1,6.994,6.718500000000001,True,True,7.55,522186877.74,532280799.23499995
2024-10-30,6.37,6.44,6.27,6.4,83132650.0,560978633.0,8143806353.0,0.010208082854201923,6.51,6.593000000000001,6.781999999999999,6.907166666666666,31.927710574103656,78692296.7,6.9830000000000005,6.746499999999999,True,True,7.55,532048960.0,539628126.141
2024-10-31,6.4,6.47,6.27,6.41,69885938.0,467495710.0,8143806353.0,0.008581483273390403,6.4719999999999995,6.583,6.775,6.894166666666666,36.486486141344066,78236697.15,6.965999999999999,6.769000000000001,True,True,7.55,447968862.58,536154747.5224999
2024-11-01,6.4,6.59,6.37,6.55,80481672.0,550185588.0,8143806353.0,0.009882562098293548,6.462000000000001,6.575999999999999,6.7465,6.881166666666667,31.38686099312696,78398690.0,6.9478333333333335,6.7844999999999995,True,True,7.55,527154951.59999996,535014408.9625
2024-11-04,6.55,6.57,6.35,6.44,71634494.0,481700959.0,8143806353.0,0.00879619319209517,6.436,6.545,6.691,6.867333333333334,40.18691536204036,75614004.4,6.936833333333333,6.795,True,True,7.55,461326141.36,510014318.26550007
2024-11-05,6.42,6.51,6.34,6.5,68466271.0,463329027.0,8143806353.0,0.00840715852419287,6.459999999999999,6.519,6.6395,6.8534999999999995,42.85714232142856,71428210.7,6.921333333333333,6.784999999999999,True,True,7.53,445030761.5,474969278.748
2024-11-06,6.5,6.52,6.42,6.45,68259271.0,462435079.0,8143806353.0,0.00838174043453953,6.470000000000001,6.489999999999999,6.623,6.844666666666667,47.058822883506366,69645132.45,6.907166666666666,6.781999999999999,True,True,7.06,440272297.95,461753730.2415
2024-11-07,6.46,6.6,6.36,6.59,96804576.0,659743598.0,8143806353.0,0.011886895611698738,6.506,6.489,6.602500000000001,6.833333333333333,48.57142792380952,69836596.0,6.894166666666666,6.775,True,True,7.06,637942155.84,461109481.2835
2024-11-08,6.6,6.71,6.52,6.55,98007551.0,679438515.0,8143806353.0,0.012034612164359257,6.506,6.484,6.589499999999999,6.8195,39.58333275607637,72537102.25,6.881166666666667,6.7465,True,True,7.06,641949459.05,478225830.68299997
2024-11-11,6.53,6.62,6.44,6.62,82139197.0,562802774.0,8143806353.0,0.010086094074393323,6.542,6.489,6.5675,6.811166666666666,43.13725430988084,71833281.5,6.867333333333334,6.691,True,True,7.06,543761484.14,471449793.854
2024-11-12,6.6,6.71,6.5,6.55,74941604.0,519951951.0,8143806353.0,0.009202282170227826,6.552000000000001,6.506,6.5625,6.8020000000000005,41.121494789064535,70651664.75,6.8534999999999995,6.6395,False,True,6.76,490867506.2,463217334.4465
2024-11-13,6.55,6.65,6.5,6.62,56565241.0,390673177.0,8143806353.0,0.0069457988744001265,6.586,6.5280000000000005,6.5605,6.791833333333333,50.99999928600003,70936046.4,6.844666666666667,6.623,True,False,6.76,374461895.42,464998185.7535
2024-11-14,6.6,6.62,6.44,6.45,56769126.0,388510152.0,8143806353.0,0.006970834464781631,6.558,6.532000000000001,6.5575,6.778333333333333,43.589743068156935,71315209.15,6.833333333333333,6.602500000000001,False,True,6.76,366160862.7,467296227.8780001
2024-11-15,6.43,6.61,6.41,6.46,69532425.0,475780835.0,8143806353.0,0.008538074456348754,6.540000000000001,6.523000000000001,6.5495,6.7665,45.21739075387523,71367786.1,6.8195,6.589499999999999,True,False,6.76,449179465.5,467088027.8870001
2024-11-18,6.5,6.54,6.4,6.43,59987349.0,406831048.0,8143806353.0,0.007366008767865898,6.502,6.522,6.533499999999999,6.7535,52.52525178247117,70114591.55,6.811166666666666,6.5675,True,True,6.76,385718654.07,457669167.09050006
2024-11-19,6.43,6.46,6.33,6.45,47057701.0,315581643.0,8143806353.0,0.005778342332841076,6.481999999999999,6.517,6.518000000000001,6.7346666666666675,52.52525178247117,69823180.75,6.8020000000000005,6.5625,True,True,6.76,303522171.45,454969835.717
2024-11-20,6.43,6.49,6.41,6.49,45791451.0,309955024.0,8143806353.0,0.005622856071857778,6.456,6.520999999999999,6.5055,6.7135,53.92156788735103,69279357.25,6.791833333333333,6.5605,True,True,6.74,297186516.99,450732072.1895
2024-11-21,6.46,6.51,6.41,6.44,40110418.0,270836182.0,8143806353.0,0.00492526667032354,6.454000000000001,6.506,6.4975000000000005,6.692666666666667,44.08602084171585,68789372.35,6.778333333333333,6.5575,True,True,6.62,258311091.92000002,447177288.50549996
2024-11-22,6.44,6.44,6.18,6.18,71714968.0,473914548.0,8143806353.0,0.008806074812127841,6.398,6.468999999999999,6.4765,6.668499999999999,37.962962470850464,70100474.3,6.7665,6.5495,True,True,6.62,443198502.23999995,454324547.0475
2024-11-25,6.17,6.29,6.15,6.28,38313046.0,249756769.0,8143806353.0,0.004704562502997915,6.368,6.435,6.462000000000001,6.645,40.17857092633932,68072121.1,6.7535,6.533499999999999,True,True,6.62,240605928.88,440442727.35649997
2024-11-26,6.22,6.26,6.12,6.2,24947948.0,162615311.0,8143806353.0,0.0030634259851733485,6.318,6.4,6.453,6.620666666666667,39.13043430623821,65227144.85,6.7346666666666675,6.518000000000001,True,True,6.62,154677277.6,422067247.34950006
2024-11-27,6.2,6.2,6.07,6.15,57241092.0,367726410.0,8143806353.0,0.007028788445947469,6.250000000000001,6.353,6.4405,6.593999999999999,29.24528263260953,63932566.95,6.7135,6.5055,True,True,6.62,352032715.8,413066435.1395
2024-11-28,6.15,6.15,6.0,6.0,67702706.0,429678967.0,8143806353.0,0.008313398313438507,6.162000000000001,6.308,6.42,6.563833333333333,26.495726178683668,63823405.35,6.692666666666667,6.4975000000000005,True,True,6.62,406216236.0,410978803.81049997
2024-11-29,5.99,6.05,5.94,6.02,56952514.0,358511137.0,8143806353.0,0.00699335317311664,6.130000000000001,6.264,6.3935,6.535666666666667,23.21428542410716,62646947.45,6.668499999999999,6.4765,True,True,6.62,342854134.28,401763762.9445
2024-12-02,6.0,6.05,5.98,6.04,63053591.0,397709107.0,8143806353.0,0.007742520913058356,6.082,6.225,6.3735,6.515,26.168223956677494,62217902.3,6.645,6.462000000000001,True,True,6.62,380843689.64,397739640.3585
2024-12-03,6.03,6.07,6.0,6.07,58599628.0,370835262.0,8143806353.0,0.007195606754378827,6.056,6.187,6.351999999999999,6.498500000000001,23.30097055707425,61724570.15,6.620666666666667,6.453,True,True,6.62,355699741.96000004,393273089.3815
2024-12-04,6.05,6.19,6.05,6.08,67126614.0,430939089.0,8143806353.0,0.00824265841921352,6.042,6.146,6.3335,6.485666666666666,28.735631721495622,61667937.3,6.593999999999999,6.4405,True,True,6.62,408129813.12,391665965.14
2024-12-05,6.09,6.1,6.01,6.02,45198364.0,286198579.0,8143806353.0,0.005550029315634441,6.045999999999999,6.104,6.305000000000001,6.470166666666667,26.08695612476376,59087626.7,6.563833333333333,6.42,True,True,6.62,272094151.28,373373564.912
2024-12-06,6.03,6.08,6.0,6.07,54504623.0,345503572.0,8143806353.0,0.006692770019012263,6.056,6.093,6.281000000000001,6.458833333333333,30.851063370303407,56912480.3,6.535666666666667,6.3935,True,True,6.62,330843061.61,357818245.04
2024-12-09,6.07,6.16,6.05,6.11,60056581.0,383964240.0,8143806353.0,0.0073745099523242555,6.07,6.076,6.2555,6.4525,32.291666195746586,55808349.5,6.515,6.3735,True,True,6.62,366945709.91,348977456.3285
2024-12-10,6.21,6.24,6.07,6.07,100600199.0,648933461.0,8143806353.0,0.012352970421864352,6.07,6.063,6.2315000000000005,6.449166666666667,28.124999589843824,57091279.25,6.498500000000001,6.351999999999999,True,True,6.62,610643207.9300001,354966241.415
2024-12-11,6.08,6.19,6.05,6.18,62226617.0,400670307.0,8143806353.0,0.007640974539758927,6.090000000000001,6.066,6.2095,6.451,37.25490144944252,57374348.05,6.485666666666666,6.3335,True,True,6.62,384560493.06,355471171.29700005
2024-12-12,6.17,6.19,6.13,6.18,39759547.0,257117082.0,8143806353.0,0.004882182271604906,6.122,6.084,6.196,6.452666666666667,49.99999907894738,56523869.1,6.470166666666667,6.305000000000001,True,True,6.49,245714000.45999998,349448828.18500006
2024-12-13,6.15,6.16,5.96,5.97,97741552.0,617659203.0,8143806353.0,0.0120019494279839,6.101999999999999,6.079000000000001,6.1715,6.454666666666666,32.18390752807504,57934325.45,6.458833333333333,6.281000000000001,True,True,6.49,583517065.4399999,356165708.18200004
2024-12-16,5.97,6.0,5.92,5.96,38779400.0,242083514.0,8143806353.0,0.004761827371510929,6.072,6.071,6.148,6.4545,34.99999938750001,56873928.0,6.4525,6.2555,True,True,6.49,231125224.0,348436036.6785
2024-12-17,5.95,6.06,5.95,6.02,59792417.0,377845429.0,8143806353.0,0.007342072540560077,6.061999999999999,6.066000000000001,6.126499999999999,6.4543333333333335,41.97530791647611,57510663.8,6.449166666666667,6.2315000000000005,True,True,6.49,359950350.34,351257445.623
2024-12-18,6.05,6.21,6.04,6.11,84274345.0,542829495.0,8143806353.0,0.010348274669983426,6.048,6.069,6.1075,6.453166666666666,57.333332263111146,59434808.5,6.451,6.2095,True,True,6.49,514916247.95000005,362143932.171
2024-12-19,6.08,6.09,5.97,6.03,52878128.0,333859220.0,8143806353.0,0.006493048300506415,6.018,6.07,6.087,6.4511666666666665,50.61728307575071,60073194.0,6.452666666666667,6.196,False,True,6.44,318855111.84000003,365171133.167
2024-12-20,6.02,6.04,5.91,5.91,70193050.0,437784952.0,8143806353.0,0.008619194386190484,6.006,6.054,6.0735,6.444833333333333,42.85714219780221,59997098.1,6.454666666666666,6.1715,True,False,6.28,414840925.5,363753254.33000004
2024-12-23,5.89,6.02,5.89,6.0,67518722.0,423018527.0,8143806353.0,0.008290806420652129,6.014,6.043,6.0595,6.438833333333333,46.39175190774789,61457381.9,6.4545,6.148,True,True,6.28,405112332.0,371978574.486
2024-12-24,5.98,6.26,5.97,6.23,112921608.0,727525144.0,8143806353.0,0.013865949545620293,6.056,6.059,6.061,6.433000000000001,56.302520346020785,65856064.9,6.4543333333333335,6.126499999999999,True,True,6.2,703501617.84,399419791.498
2024-12-25,6.23,6.28,6.17,6.19,45661053.0,296825401.0,8143806353.0,0.005606844148888617,6.072,6.0600000000000005,6.063000000000001,6.4285000000000005,57.264956579735596,65277062.95,6.453166666666666,6.1075,False,True,6.23,282641918.07,395950251.6115
2024-12-26,6.19,6.19,6.08,6.12,37417980.0,239964964.0,8143806353.0,0.004594654928922277,6.09,6.054,6.069,6.421333333333334,52.10083972318339,63762826.65,6.4511666666666665,6.087,False,False,6.23,228998037.6,387089341.69150007
2024-12-27,6.09,6.18,6.09,6.17,37116113.0,239139229.0,8143806353.0,0.004557587863852784,6.142,6.074,6.0765,6.4055,52.4999993875,62771006.6,6.444833333333333,6.0735,False,False,6.23,229006417.21,381396955.838
2024-12-30,6.17,6.24,6.16,6.22,37771937.0,245904544.0,8143806353.0,0.004638118265924342,6.186,6.1,6.0855,6.383333333333334,56.1983464572092,61506923.9,6.438833333333333,6.0595,False,False,6.23,234941448.14,374101843.763
2024-12-31,6.22,6.25,6.1,6.11,48379427.0,313479921.0,8143806353.0,0.00594064064185147,6.162,6.109,6.0875,6.3596666666666675,47.10743747148422,60995913.85,6.433000000000001,6.061,False,False,6.23,295598298.97,371096771.6135
2025-01-02,6.12,6.15,5.87,5.9,70039832.0,438778742.0,8143806353.0,0.008600380333724273,6.104,6.088,6.0785,6.345,40.14084467466775,61141574.75,6.4285000000000005,6.063000000000001,False,False,6.23,413235008.8,371352031.39750004
2025-01-03,5.9,6.05,5.9,5.97,57825689.0,362902150.0,8143806353.0,0.007100572692116909,6.074,6.082,6.076,6.3278333333333325,49.99999945312501,61772941.0,6.421333333333334,6.069,True,False,6.23,345219363.33,375008292.0
2025-01-06,5.97,6.08,5.92,6.04,42760473.0,269366638.0,8143806353.0,0.005250674088566457,6.048,6.095000000000001,6.0745000000000005,6.3149999999999995,52.98507407329028,61185733.5,6.4055,6.0765,True,True,6.23,258273256.92,371379801.7655
2025-01-07,6.07,6.15,5.94,6.0,46300034.0,292401924.0,8143806353.0,0.0056853063534527785,6.004,6.095000000000001,6.069000000000001,6.297333333333333,49.242423720156125,60497906.15,6.383333333333334,6.0855,True,True,6.23,277800204.0,366922526.47
2025-01-08,6.26,6.4,6.2,6.32,172131152.0,1139513302.0,8143806353.0,0.021136449534632003,6.046,6.104,6.0815,6.291833333333333,56.77419303558793,64074453.8,6.3596666666666675,6.0875,True,True,6.23,1087868880.64,390783810.10550004
2025-01-09,6.25,6.27,6.06,6.07,82984485.0,534408574.0,8143806353.0,0.010189889273267203,6.08,6.0920000000000005,6.0760000000000005,6.281999999999999,51.16279028123311,65112347.2,6.345,6.0785,False,True,6.32,503715823.95000005,396741576.65
2025-01-10,6.07,6.24,6.0,6.0,67241104.0,431202160.0,8143806353.0,0.008256716955853186,6.086,6.08,6.067,6.273499999999999,52.69461033669189,66486425.05,6.3278333333333325,6.076,True,False,6.32,403446624.0,404628207.827
2025-01-13,6.1,6.47,6.1,6.31,150946868.0,1006351872.0,8143806353.0,0.01853517402760866,6.140000000000001,6.094,6.084,6.268333333333333,58.20105776993925,69146690.85,6.3149999999999995,6.0745000000000005,True,True,6.32,952474737.0799999,423076091.40900004
2025-01-14,6.34,6.58,6.32,6.5,116029109.0,791249735.0,8143806353.0,0.014247527994972205,6.24,6.122,6.111,6.264166666666666,57.297296863696126,73009176.3,6.297333333333333,6.069000000000001,False,True,6.32,754189208.5,449229290.634
2025-01-15,6.53,6.74,6.4,6.63,148754435.0,1031111873.0,8143806353.0,0.01826595925199058,6.3020000000000005,6.1739999999999995,6.141500000000001,6.262,61.340205742905724,77457277.2,6.291833333333333,6.0815,False,False,6.5,986241904.05,480543868.31949997
2025-01-16,6.6,6.72,6.53,6.66,81539963.0,567049328.0,8143806353.0,0.010012512511420714,6.42,6.25,6.169,6.260666666666666,64.21052584265928,77320558.1,6.281999999999999,6.0760000000000005,False,False,6.63,543056153.58,481950863.601
2025-01-17,6.55,6.81,6.55,6.72,81431141.0,572924954.0,8143806353.0,0.009999149963825275,6.564,6.325,6.2035,6.262666666666666,64.39790528713579,78748208.75,6.273499999999999,6.067,False,False,6.66,547217267.52,493368971.38500005
2025-01-20,6.73,6.74,6.46,6.48,86112284.0,591831550.0,8143806353.0,0.010573960168917587,6.597999999999999,6.369,6.232,6.260666666666666,56.190475815873036,79544170.45,6.268333333333333,6.084,False,False,6.72,558007600.32,500527305.12600005
2025-01-21,6.48,6.69,6.33,6.67,80636121.0,554226413.0,8143806353.0,0.009901527308577938,6.632,6.436,6.2655,6.262333333333333,62.84403629366215,80200040.4,6.264166666666666,6.111,False,False,6.72,537842927.07,507163834.87950003
2025-01-22,6.59,6.63,6.48,6.55,50537019.0,346297004.0,8143806353.0,0.0062055771968820535,6.616,6.4590000000000005,6.2815,6.265166666666667,65.55023879535725,77080810.95,6.262,6.141500000000001,False,False,6.72,331017474.45,488539627.71000004
2025-01-23,6.58,6.63,6.49,6.55,57546076.0,395571813.0,8143806353.0,0.007066238255874206,6.593999999999999,6.507,6.2995,6.267666666666666,64.35643519752966,77675062.1,6.260666666666666,6.169,False,False,6.72,376926797.8,493253871.69649994
2025-01-24,6.53,6.56,6.46,6.48,40975716.0,279293416.0,8143806353.0,0.005031518951197242,6.546000000000001,6.555,6.317500000000001,6.268833333333333,60.89108868689346,77852948.9,6.262666666666666,6.2035,False,False,6.72,265522639.68,495080101.80050004
2025-01-27,6.46,6.63,6.45,6.6,53488867.0,367315359.0,8143806353.0,0.006568042593534395,6.57,6.5840000000000005,6.339,6.269666666666667,64.28571385714287,78671586.6,6.260666666666666,6.232,False,False,6.72,353026522.2,501281107.05
2025-02-05,6.67,6.81,6.65,6.77,73803147.0,520441372.0,8143806353.0,0.009062487957220708,6.589999999999999,6.611,6.3665,6.275166666666666,61.53846109664695,80473147.1,6.262333333333333,6.2655,False,False,6.72,499647305.19,514516399.90250003
2025-02-06,6.71,6.76,6.5,6.56,80849057.0,559040581.0,8143806353.0,0.009927674295720081,6.5920000000000005,6.604000000000001,6.389,6.276166666666667,62.82722467037636,82096628.6,6.265166666666667,6.2815,False,False,6.77,530369813.91999996,526254975.6500001
2025-02-07,6.56,6.67,6.5,6.67,58576366.0,406263042.0,8143806353.0,0.007192750350506769,6.616,6.6049999999999995,6.4275,6.279833333333333,67.17948669717293,81523455.3,6.267666666666666,6.2995,False,False,6.77,390704361.21999997,525128443.271
2025-02-10,6.64,6.67,6.54,6.66,37136668.0,257068073.0,8143806353.0,0.00456011186787609,6.651999999999999,6.598999999999999,6.462000000000001,6.281,60.6060600918274,80489004.25,6.268833333333333,6.317500000000001,False,False,6.77,247330208.88,520233985.54849994
2025-02-11,6.65,6.86,6.62,6.79,74000754.0,527880177.0,8143806353.0,0.009086752655008766,6.6899999999999995,6.63,6.499499999999999,6.285,59.11949633479691,82051018.3,6.269666666666667,6.339,False,False,6.77,502465119.66,532443578.68549997
2025-02-12,6.77,6.79,6.62,6.66,51774061.0,362802164.0,8143806353.0,0.0063574769285774544,6.668000000000001,6.6290000000000004,6.532500000000001,6.285666666666668,50.94339577785691,82324719.65,6.275166666666666,6.3665,False,False,6.79,344815246.26,535794330.79849994
2025-02-13,6.65,6.68,6.56,6.56,39236856.0,271808777.0,8143806353.0,0.004817999630546962,6.667999999999999,6.63,6.544499999999999,6.285833333333333,46.987951410944966,75680004.85,6.276166666666667,6.389,False,False,6.79,257393775.35999998,494270575.5345
2025-02-14,6.56,6.58,6.48,6.51,39170558.0,267741603.0,8143806353.0,0.004809858719881082,6.636,6.626,6.5665,6.284000000000001,43.636363266115694,73489308.5,6.279833333333333,6.4275,False,False,6.79,255000332.57999998,481834800.96599996
2025-02-17,6.51,6.51,6.4,6.45,53057492.0,357496576.0,8143806353.0,0.00651507289100198,6.593999999999999,6.622999999999999,6.589,6.284000000000001,48.97959137026238,72780127.9,6.281,6.462000000000001,True,False,6.79,342220823.40000004,478773510.936
2025-02-18,6.46,6.46,6.31,6.34,37771380.0,253003592.0,8143806353.0,0.004638049870388415,6.5040000000000004,6.5969999999999995,6.5905000000000005,6.281999999999999,38.129496018839596,67121353.5,6.285,6.499499999999999,True,True,6.79,239470549.2,443123301.542
2025-02-19,6.3,6.35,6.2,6.24,61478942.0,402189334.0,8143806353.0,0.007549165505065393,6.419999999999999,6.544,6.577500000000001,6.278833333333334,38.686130991528586,64393845.15,6.285666666666668,6.532500000000001,True,True,6.79,383628598.08,424595271.021
2025-02-20,6.25,6.26,6.12,6.16,46261144.0,298817977.0,8143806353.0,0.005680530945208245,6.34,6.5040000000000004,6.553999999999999,6.274,36.551723785017835,59269180.6,6.285833333333333,6.544499999999999,True,True,6.79,284968647.04,389531608.17050004
2025-02-21,6.15,6.2,6.12,6.17,45530756.0,293705026.0,8143806353.0,0.005590844627982524,6.272,6.454000000000001,6.5295000000000005,6.268666666666666,38.84892047202524,57468720.25,6.284000000000001,6.5665,True,True,6.79,280924764.52,376425038.7175
2025-02-24,6.14,6.14,6.02,6.05,76529213.0,485863748.0,8143806353.0,0.009397228971659954,6.191999999999999,6.393,6.4959999999999996,6.262166666666666,30.215827033797424,57223623.85,6.284000000000001,6.589,True,True,6.79,463001738.65,372214262.27400005
2025-02-25,6.02,6.09,6.0,6.03,39917288.0,252778780.0,8143806353.0,0.004901551715469676,6.13,6.317,6.4735,6.259666666666667,20.161290094953202,54913874.05,6.281999999999999,6.5905000000000005,True,True,6.79,240701246.64000002,356348944.59
2025-02-26,6.03,6.05,5.99,6.01,53907506.0,339870425.0,8143806353.0,0.006619448408193259,6.0840000000000005,6.252000000000001,6.4405,6.255166666666667,23.80952349206349,53577443.3,6.278833333333334,6.577500000000001,True,True,6.79,323984111.06,345656003.7895
2025-02-27,6.01,6.08,6.0,6.08,46885470.0,297549809.0,8143806353.0,0.0057571936227005715,6.068,6.204,6.417,6.253166666666667,20.79207891971376,53394865.85,6.274,6.553999999999999,True,True,6.79,285063657.6,343358312.94699997
2025-02-28,6.06,6.08,5.98,6.01,53346310.0,336372319.0,8143806353.0,0.006550537634081683,6.036,6.154,6.39,6.2508333333333335,19.626167967508067,53184877.55,6.268666666666666,6.5295000000000005,True,True,6.79,320611323.09999996,340542539.212
2025-03-03,6.01,6.05,5.93,5.95,46378960.0,290925504.0,8143806353.0,0.005694997890380216,6.016,6.104,6.3635,6.25,7.999999888000005,53455039.75,6.262166666666666,6.4959999999999996,True,True,6.79,275954812.0,341064147.82799995
2025-03-04,5.94,5.98,5.92,5.97,25253205.0,157527293.0,8143806353.0,0.003100909317508179,6.004,6.067,6.332,6.2491666666666665,11.235954879434374,52043256.65,6.259666666666667,6.4735,True,True,6.79,150761633.85,330950903.4105
2025-03-05,5.95,5.99,5.91,5.98,29419061.0,183535669.0,8143806353.0,0.0036124460387202922,5.997999999999999,6.0409999999999995,6.2925,6.248166666666667,13.749999759375058,49824052.35,6.255166666666667,6.4405,True,True,6.79,175925984.78,314764837.39
2025-03-06,5.95,5.97,5.9,5.97,45260243.0,281668652.0,8143806353.0,0.005557627605342939,5.976,6.022,6.263,6.246499999999999,14.473683943905854,48044611.65,6.253166666666667,6.417,True,True,6.79,270203650.71,301756529.2295
2025-03-07,5.96,6.12,5.94,6.07,72838081.0,462952156.0,8143806353.0,0.008943984893890318,5.9879999999999995,6.0120000000000005,6.233,6.246333333333333,26.24999954062507,48757697.4,6.2508333333333335,6.39,True,True,6.79,442127151.67,304327668.752
2025-03-10,6.05,6.07,6.01,6.06,29806492.0,188638008.0,8143806353.0,0.0036600197386839803,6.01,6.013,6.203,6.247,29.99999940000005,48391188.6,6.25,6.3635,True,True,6.79,180627341.51999998,300992525.38399994
2025-03-11,6.02,6.06,6.0,6.06,22344199.0,141464134.0,8143806353.0,0.0027437046058651536,6.0280000000000005,6.016,6.1665,6.246833333333333,34.99999918333337,45808360.85,6.2491666666666665,6.332,True,True,6.79,135405845.94,282639561.698
2025-03-12,6.07,6.08,6.01,6.02,39222504.0,248092369.0,8143806353.0,0.00481623730966433,6.036,6.0169999999999995,6.1345,6.245333333333334,37.49999906250002,45180783.0,6.248166666666667,6.2925,True,True,6.66,236119474.07999998,277204773.089
2025-03-13,6.02,6.04,5.99,6.02,27184381.0,171347265.0,8143806353.0,0.0033380436397515605,6.046,6.011,6.1075,6.2445,36.36363543801658,44578159.25,6.246499999999999,6.263,True,True,6.56,163649973.61999997,272517583.002
2025-03-14,6.03,6.08,6.02,6.08,45800206.0,291175196.0,8143806353.0,0.005623931121978141,6.048,6.018,6.086,6.2428333333333335,53.06122297376099,44909641.65,6.246333333333333,6.233,True,True,6.51,278465252.48,273690828.997
2025-03-17,6.1,6.11,6.05,6.07,32968377.0,210316452.0,8143806353.0,0.004048276146430615,6.05,6.029999999999999,6.067,6.241,54.16666508680558,43905185.9,6.247,6.203,True,True,6.45,200118048.39000002,266585690.24650002
2025-03-18,6.08,6.17,6.05,6.17,65412227.0,419082998.0,8143806353.0,0.008032144204399405,6.072,6.05,6.0585,6.2443333333333335,64.28571267857143,45287228.25,6.246833333333333,6.1665,False,True,6.34,403593440.59,274791834.816
2025-03-19,6.15,6.15,6.05,6.07,49610645.0,316623299.0,8143806353.0,0.006091825228840875,6.082,6.058999999999999,6.05,6.246166666666666,49.15254120654989,44693813.4,6.245333333333334,6.1345,False,False,6.24,301136615.15000004,270667235.6695
2025-03-20,6.09,6.29,6.09,6.22,122406136.0,799451606.0,8143806353.0,0.015030580381483194,6.122,6.084,6.053,6.2495,65.67164041880153,48501063.0,6.2445,6.1075,False,False,6.17,761366165.92,294487111.6135
2025-03-21,6.25,6.34,6.2,6.2,64338465.0,422245836.0,8143806353.0,0.007900294065354233,6.146,6.0969999999999995,6.054499999999999,6.251,69.84126828924164,49441448.45,6.2428333333333335,6.086,False,False,6.22,398898483.0,300385797.5375
2025-03-24,6.22,6.23,6.11,6.18,38910040.0,251039078.0,8143806353.0,0.0047778690103143714,6.168,6.109,6.061,6.253500000000001,66.66666518518517,47560489.8,6.241,6.067,False,False,6.22,240464047.2,289258912.965
2025-03-25,6.18,6.22,6.13,6.2,32991784.0,213478160.0,8143806353.0,0.004051150355244701,6.1739999999999995,6.122999999999999,6.0695,6.258333333333334,67.18749853027342,47214214.6,6.2443333333333335,6.0585,False,False,6.22,204549060.8,287451303.673
2025-03-26,6.21,6.22,6.07,6.11,47264174.0,302856440.0,8143806353.0,0.005803695710739599,6.182,6.132,6.0745000000000005,6.260166666666667,59.72222106095685,46882048.0,6.246166666666666,6.05,False,False,6.22,288784103.14,285691303.277
2025-03-27,6.09,6.14,6.08,6.12,33896095.0,217314816.0,8143806353.0,0.004162193147865484,6.162000000000001,6.142,6.076499999999999,6.258333333333334,53.96825276895945,46232579.25,6.2495,6.053,False,False,6.22,207444101.4,281810325.467
2025-03-28,6.16,6.26,6.06,6.08,60151134.0,388220446.0,8143806353.0,0.007386120370831465,6.138,6.142,6.08,6.2565,51.51515042240594,46572820.45,6.251,6.054499999999999,False,False,6.22,365718894.72,284065704.048
2025-03-31,6.11,6.25,6.1,6.22,73948200.0,480587856.0,8143806353.0,0.009080299407261704,6.146,6.157,6.093500000000001,6.258166666666666,59.999998950000034,47951282.45,6.253500000000001,6.061,False,False,6.22,459957804.0,293265853.648
2025-04-01,6.23,6.32,6.17,6.3,57134010.0,376020005.0,8143806353.0,0.0070156395576563635,6.166,6.17,6.11,6.2603333333333335,66.66666555555561,49545322.7,6.258333333333334,6.0695,False,False,6.22,359944263.0,303724985.1055
2025-04-02,6.31,6.38,6.23,6.26,45533705.0,300740509.0,8143806353.0,0.005591206743665557,6.196,6.189,6.124,6.260999999999999,63.63636262396699,50351054.9,6.260166666666667,6.0745000000000005,False,False,6.3,285040993.3,309180735.5315
2025-04-03,6.21,6.24,6.09,6.15,49015014.0,315859255.0,8143806353.0,0.006018686087979479,6.202,6.182,6.133,6.261666666666667,53.76344005087297,50538793.45,6.258333333333334,6.076499999999999,False,False,6.3,301442336.1,310742669.801
2025-04-07,5.87,5.87,5.54,5.54,97186187.0,572512652.0,8143806353.0,0.011933754658127245,6.093999999999999,6.116,6.1065000000000005,6.2556666666666665,32.679738263061196,51756198.75,6.2565,6.08,False,False,6.3,538411475.98,315556886.0165
2025-04-08,5.52,5.76,5.47,5.76,83870329.0,492086524.0,8143806353.0,0.01029866445302988,6.002000000000001,6.074,6.0915,6.2521666666666675,37.575757256932945,54459390.6,6.258166666666666,6.093500000000001,True,False,6.3,483093095.03999996,330680173.6925
2025-04-09,5.72,5.72,5.57,5.66,80869063.0,477566182.0,8143806353.0,0.00993013088654909,5.8740000000000006,6.0200000000000005,6.0714999999999995,6.245833333333334,37.575757256932945,57385633.8,6.2603333333333335,6.11,True,True,6.3,457718896.58,346795826.2245
2025-04-10,5.81,5.91,5.72,5.89,76525296.0,468838816.0,8143806353.0,0.0093967479926398,5.8,5.998,6.0649999999999995,6.244,40.46242741822312,59250773.4,6.260999999999999,6.124,True,True,6.3,450733993.44,357526552.1925
2025-04-11,5.89,5.89,5.7,5.73,77300688.0,465859729.0,8143806353.0,0.009491960472700105,5.715999999999999,5.959,6.0505,6.234166666666667,37.433154799965685,61756588.75,6.261666666666667,6.133,True,True,6.3,442932942.24,371490700.6235
2025-04-14,5.76,5.77,5.71,5.71,45082587.0,271226350.0,8143806353.0,0.00553581274478519,5.75,5.922,6.032,6.228166666666667,37.433154799965685,61720707.8,6.2556666666666665,6.1065000000000005,True,True,6.3,257421571.77,370438516.588
2025-04-15,5.72,5.73,5.59,5.62,47750481.0,281707460.0,8143806353.0,0.00586341066206833,5.7219999999999995,5.862,6.0095,6.2218333333333335,35.051546138803246,62459813.0,6.2521666666666675,6.0915,True,True,6.3,268357703.22,373850499.3295
2025-04-16,5.62,5.66,5.57,5.66,46867667.0,275722995.0,8143806353.0,0.00575500754419768,5.7219999999999995,5.798,5.984,6.211,38.09523781305113,61532585.0,6.245833333333334,6.0714999999999995,True,True,6.3,265270995.22,366934377.061
2025-04-17,5.63,5.65,5.59,5.64,33291599.0,196069799.0,8143806353.0,0.004087965449686325,5.672,5.736,5.9625,6.196666666666667,37.368420777285294,60716632.7,6.244,6.0649999999999995,True,True,6.3,187764618.35999998,361265777.22150004
2025-04-18,5.62,5.64,5.57,5.59,32752724.0,191985871.0,8143806353.0,0.004021795531512683,5.644,5.68,5.931,6.179333333333334,37.17277459663933,56233962.1,6.234166666666667,6.0505,True,True,6.3,183087727.16,332351855.2835
2025-04-21,5.56,5.62,5.54,5.6,24931621.0,145882220.0,8143806353.0,0.0030614211487010293,5.622,5.686,5.901000000000001,6.161666666666666,32.58426940664056,54263619.9,6.228166666666667,6.032,True,True,6.3,139617077.6,319387785.01350003
2025-04-22,5.61,5.64,5.58,5.58,33880465.0,199151499.0,8143806353.0,0.0041602738979076015,5.614,5.668,5.871,6.142666666666667,29.069767205246066,54012141.15,6.2218333333333335,6.0095,True,True,6.3,189052994.7,316817232.38850003
2025-04-23,5.61,5.67,5.59,5.62,42684383.0,251861295.0,8143806353.0,0.0052413307917465405,5.606,5.664,5.842,6.128333333333333,31.395348581665758,54496771.1,6.211,5.984,True,True,6.3,239886232.46,318584090.97150004
2025-04-24,5.64,5.7,5.62,5.65,51895189.0,308243783.0,8143806353.0,0.006372350563183879,5.608,5.64,5.819,6.1113333333333335,34.7560972642772,54728321.85,6.196666666666667,5.9625,True,True,6.3,293207817.85,318805276.70699996
2025-04-25,5.64,5.69,5.61,5.66,33355882.0,197841848.0,8143806353.0,0.0040958589330543724,5.622,5.633,5.796,6.0965,55.76923001849115,54701311.2,6.179333333333334,5.931,True,True,6.3,188794292.12,317872786.24300003
2025-04-28,5.72,5.88,5.71,5.83,85748861.0,523135917.0,8143806353.0,0.010529334476182872,5.668000000000001,5.6450000000000005,5.7835,6.084500000000001,53.535352778287965,55981197.55,6.161666666666666,5.901000000000001,True,True,6.3,499915859.63,324582634.4885
2025-04-29,5.79,5.85,5.73,5.75,35360588.0,214352589.0,8143806353.0,0.0043420222027963536,5.702,5.6579999999999995,5.76,6.072333333333334,54.63917446912531,54051816.95,6.142666666666667,5.871,False,True,6.3,203323381.0,311750913.33849996
2025-04-30,5.68,5.81,5.58,5.58,67277914.0,398753079.0,8143806353.0,0.00826123695527415,5.694000000000001,5.65,5.723999999999999,6.0553333333333335,32.96703245984786,54559012.15,6.128333333333333,5.842,True,False,6.3,375410760.12,312524238.19449997
2025-05-06,5.65,5.91,5.65,5.8,140233814.0,858838623.0,8143806353.0,0.01721968916271455,5.724,5.6659999999999995,5.7010000000000005,6.0391666666666675,53.60824664895312,59294017.6,6.1113333333333335,5.819,True,True,6.26,813356121.1999999,338939994.5895
2025-05-07,5.89,5.92,5.78,5.9,74025299.0,454834868.0,8143806353.0,0.009089766601919593,5.772,5.697000000000001,5.6884999999999994,6.0281666666666665,59.04761826031749,60544531.85,6.0965,5.796,False,True,6.15,436749264.1,345705340.9895
2025-05-08,5.86,5.86,5.74,5.75,93089907.0,563051651.0,8143806353.0,0.011430761362063542,5.756,5.712000000000001,5.699,6.012833333333333,55.85585515136759,60339717.85,6.084500000000001,5.7835,False,False,5.9,535266965.25,345548115.45299995
2025-05-09,5.76,5.78,5.7,5.73,40753695.0,245001570.0,8143806353.0,0.0050042563923425355,5.752000000000001,5.727,5.6975,5.997333333333334,53.2110084908678,58183886.15,6.072333333333334,5.76,False,False,5.9,233518672.35000002,333069394.3185
2025-05-12,5.76,5.82,5.73,5.8,57938031.0,350664661.0,8143806353.0,0.007114367470029159,5.796,5.745,5.7045,5.980833333333334,57.017543159433686,57037334.55,6.0553333333333335,5.723999999999999,False,False,5.9,336040579.8,326985478.4795
2025-05-13,5.91,5.94,5.81,5.85,88417660.0,543831505.0,8143806353.0,0.010857043520862805,5.806,5.765,5.702500000000001,5.9673333333333325,61.40350801785166,57631952.75,6.0391666666666675,5.7010000000000005,False,False,5.9,517243310.99999994,330310944.3575
2025-05-14,5.86,6.07,5.86,6.05,127984105.0,804404662.0,8143806353.0,0.01571551427580955,5.836,5.804,5.718500000000001,5.958833333333334,66.91729252869015,60166123.6,6.0281666666666665,5.6884999999999994,False,False,5.9,774303835.25,346879489.008
2025-05-15,6.1,6.14,5.89,5.89,92724276.0,581533351.0,8143806353.0,0.01138586454303919,5.864,5.81,5.7275,5.948499999999999,60.54421711046322,62548208.05,6.012833333333333,5.699,False,False,6.05,546145985.64,361315709.7015
2025-05-16,5.86,5.9,5.8,5.84,53344618.0,326287334.0,8143806353.0,0.006550329868827125,5.886,5.819,5.7385,5.9383333333333335,57.43243188915267,62827914.9,5.997333333333334,5.6975,False,False,6.05,311532569.12,363474452.99649996
2025-05-19,5.85,5.9,5.82,5.85,40894822.0,251191487.0,8143806353.0,0.005021585758229042,5.895999999999999,5.846,5.748,5.930166666666667,56.84931452336272,62529272.65,5.980833333333334,5.7045,False,False,6.05,239234708.7,362172638.67050004
2025-05-20,5.85,5.85,5.77,5.81,47964215.0,291553366.0,8143806353.0,0.0058896556377879775,5.888,5.8469999999999995,5.756500000000001,5.923,55.033556529886035,63262903.45,5.9673333333333325,5.702500000000001,False,False,6.05,278672089.15,366718012.21
2025-05-21,5.81,5.83,5.79,5.81,28999213.0,176655268.0,8143806353.0,0.0035608917676827278,5.84,5.837999999999999,5.7675,5.917166666666666,49.24242372015609,63075227.9,5.958833333333334,5.718500000000001,False,False,6.05,168485427.53,365987897.2285
2025-05-22,5.79,5.85,5.77,5.82,31153417.0,189689868.0,8074538502.0,0.003858228800603718,5.826,5.845,5.778499999999999,5.911333333333333,52.79999940864002,63386317.7,5.948499999999999,5.7275,False,False,6.05,181312886.94,368072687.6955
2025-05-23,5.81,5.82,5.73,5.74,45931269.0,278074557.0,8074538502.0,0.005688407949088754,5.806,5.846,5.786499999999999,5.906166666666667,56.89655103745543,63988857.9,5.9383333333333335,5.7385,False,False,6.05,263645484.06,371802312.16349995
2025-05-26,5.73,5.78,5.68,5.78,28111900.0,169120244.0,8074538502.0,0.003481548820782377,5.792,5.843999999999999,5.7945,5.902,48.979591137026276,63260233.75,5.930166666666667,5.748,True,False,6.05,162486782.0,367932339.64049995
2025-05-27,5.78,5.78,5.74,5.77,14377784.0,86826164.0,8074538502.0,0.0017806322920422926,5.784,5.836,5.8005,5.898,42.69662854185075,61384363.5,5.923,5.756500000000001,True,True,6.05,82959813.67999999,357419939.43200004
2025-05-28,5.78,5.86,5.75,5.84,41715539.0,254960683.0,8074538502.0,0.00516630628359347,5.79,5.8149999999999995,5.8095,5.894,55.55555459533608,61802346.35,5.917166666666666,5.7675,True,True,6.05,243618747.76,360161162.21400005
2025-05-29,5.83,5.87,5.81,5.85,29129455.0,178541204.0,8074538502.0,0.00360756902611646,5.796,5.811,5.8105,5.891333333333334,57.49999899374996,58971376.05,5.911333333333333,5.778499999999999,False,True,6.05,170407311.75,343685734.82000005
2025-05-30,5.85,5.85,5.74,5.77,39059122.0,236548074.0,8074538502.0,0.004837319431980585,5.8020000000000005,5.804,5.8115000000000006,5.888333333333334,48.148147315957935,59156302.75,5.906166666666667,5.786499999999999,False,False,6.05,225371133.94,344788122.467
2025-06-03,5.75,5.8,5.73,5.75,32654739.0,197242163.0,8074538502.0,0.004044161656039126,5.796,5.794,5.82,5.884666666666666,43.58974280736362,57425144.0,5.902,5.7945,True,False,6.05,187764749.25,335405821.92349994
2025-06-04,5.74,5.78,5.72,5.76,31380318.0,189205871.0,8074538502.0,0.003886329601651827,5.794,5.789,5.818,5.880999999999999,25.423728210284438,51982469.2,5.898,5.8005,True,True,6.05,180750631.68,303775547.4475
2025-06-05,5.76,5.78,5.74,5.76,22212036.0,134040046.0,8074538502.0,0.0027508737489453116,5.7780000000000005,5.784,5.811,5.8775,34.88371979448358,49391806.05,5.894,5.8095,True,True,6.05,127941327.36,288335150.6105
2025-06-06,5.76,5.82,5.74,5.81,35420898.0,214862870.0,8074538502.0,0.0043867396249614166,5.77,5.7829999999999995,5.814,5.873166666666666,46.5116263926447,46508355.6,5.891333333333334,5.8105,True,True,6.05,205795417.38,271861573.217
2025-06-09,5.79,5.83,5.75,5.81,39601347.0,240551237.0,8074538502.0,0.004904471876651657,5.778,5.79,5.818,5.869,45.23809373015879,46450738.2,5.888333333333334,5.8115000000000006,True,True,6.05,230083826.07,271689830.903
2025-06-10,5.8,5.89,5.8,5.85,61546688.0,377126957.0,8074538502.0,0.007622316493351956,5.798,5.796999999999999,5.8205,5.8655,54.761902936507994,46631171.05,5.884666666666666,5.82,True,True,6.05,360048124.79999995,272890208.153
2025-06-11,5.86,5.89,5.82,5.87,32568330.0,200503715.0,8074538502.0,0.004033460239484038,5.82,5.807,5.8214999999999995,5.8629999999999995,56.818180010330686,43838704.55,5.880999999999999,5.818,False,True,6.05,191176097.1,256586847.458
2025-06-12,5.87,5.92,5.84,5.91,40137000.0,247925677.0,8074538502.0,0.004970810404837178,5.85,5.813999999999999,5.8145,5.861166666666667,59.57446631054779,39446349.3,5.8775,5.811,False,False,6.05,237209670.0,229732139.1955
2025-06-13,6.05,6.37,6.05,6.3,194347200.0,1268237617.0,8074538502.0,0.024069140292273264,5.9479999999999995,5.859,5.834999999999999,5.864833333333333,85.89743435568704,44527495.5,5.873166666666666,5.814,False,False,5.91,1224387360.0,263644207.9135
2025-06-16,6.35,6.37,6.2,6.28,95610017.0,630741076.0,8074538502.0,0.01184092650946158,6.042,5.909999999999999,5.856999999999999,5.868333333333334,82.894735315097,46640765.45,5.869,5.818,False,False,6.3,600430906.76,278089124.7955
2025-06-17,6.29,6.45,6.21,6.38,101749715.0,677584226.0,8074538502.0,0.012601304083793445,6.148,5.973,5.8835,5.871833333333333,85.88235152664369,49683510.1,5.8655,5.8205,False,False,6.3,649163181.7,298585548.4455
2025-06-18,6.46,6.48,6.33,6.36,59823861.0,400656414.0,8074538502.0,0.007408951110355359,6.2459999999999996,6.0329999999999995,5.911,5.876666666666667,82.49999855625013,50276492.4,5.8629999999999995,5.8214999999999995,False,False,6.38,380479755.96000004,303675931.786
2025-06-19,6.35,6.41,6.25,6.34,58365370.0,377046323.0,8074538502.0,0.0072283227066838995,6.332000000000001,6.091,5.937499999999999,5.878666666666666,80.24691219326331,51744800.25,5.861166666666667,5.8145,False,False,6.38,370036445.8,313753482.6995
2025-06-20,6.33,6.44,6.27,6.37,62948202.0,410537164.0,8074538502.0,0.007795888518508918,6.346,6.147,5.965,5.8815,89.47368256232699,53334539.5,5.864833333333333,5.834999999999999,False,False,6.38,400980046.74,324736840.6895
2025-06-23,6.61,6.63,6.26,6.4,146524455.0,963456674.0,8074538502.0,0.018146480441415574,6.37,6.2059999999999995,5.998,5.885166666666666,92.20779053128697,58364198.8,5.868333333333334,5.856999999999999,False,False,6.38,937756512.0,358442392.08650005
2025-06-24,6.02,6.1,5.86,6.05,161620233.0,993013315.0,8074538502.0,0.020016033481042653,6.304,6.226000000000001,6.0115,5.882666666666666,63.06306226767308,65039615.45,5.871833333333333,5.8835,False,False,6.4,977802409.65,399208173.469
2025-06-25,5.99,6.06,5.96,6.05,85667926.0,526428743.0,8074538502.0,0.010609637439809189,6.242,6.244,6.025499999999999,5.881666666666666,63.06306226767308,68604122.55,5.876666666666667,5.911,False,False,6.4,518290952.3,420974730.4
2025-06-26,6.02,6.15,6.02,6.1,60214794.0,375953920.0,8074538502.0,0.007457366632790873,6.194,6.263,6.0385,5.881333333333333,63.06306226767308,69529085.3,5.878666666666666,5.937499999999999,False,False,6.4,367310243.4,427159305.182
2025-06-27,6.07,6.12,6.03,6.1,41882423.0,260523422.0,8074538502.0,0.005186974214021774,6.14,6.243,6.051,5.881666666666666,63.06306226767308,70166733.7,5.8815,5.965,False,False,6.4,255482780.29999998,431413078.60950005
2025-06-30,6.07,6.12,6.04,6.11,44421322.0,276840381.0,8074538502.0,0.005501406921150625,6.081999999999999,6.226000000000001,6.068,5.879833333333334,62.037036232853254,70434843.7,5.885166666666666,5.998,False,False,6.4,271414277.42,433715235.7835
2025-07-01,6.11,6.12,6.07,6.08,26110345.0,162930349.0,8074538502.0,0.0032336640655726235,6.088,6.196,6.0845,5.876166666666666,59.63302675700698,70107624.0,5.882666666666666,6.0115,False,False,6.4,158750897.6,432264543.20100003
2025-07-02,6.09,6.11,6.02,6.02,40170862.0,249352250.0,8074538502.0,0.004975004081044383,6.082,6.162000000000001,6.097499999999999,5.872166666666668,54.95495426182938,70547151.2,5.881666666666666,6.025499999999999,True,False,6.4,241828589.23999998,435318441.079
2025-07-03,6.02,6.03,5.98,6.0,34059620.0,209223922.0,8074538502.0,0.004218150670971932,6.061999999999999,6.128,6.1095,5.869666666666666,29.729729167275437,71139530.4,5.881333333333333,6.0385,True,True,6.4,204357720.0,439139260.71099997
2025-07-04,5.99,6.02,5.98,5.99,27512752.0,169121089.0,8074538502.0,0.003407346685285519,6.040000000000001,6.09,6.1185,5.877166666666667,30.136985723400315,70744123.1,5.881666666666666,6.051,True,True,6.4,164801384.48000002,437089559.066
2025-07-07,5.99,5.99,5.96,5.98,21443215.0,131125948.0,8074538502.0,0.0026556582762827475,6.014,6.048,6.127,5.8808333333333325,18.74999958984388,69836216.5,5.879833333333334,6.068,True,True,6.4,128230425.7,431996889.0475
2025-07-08,5.99,6.01,5.97,6.0,26071854.0,160055994.0,8074538502.0,0.003228897105827436,5.998,6.043,6.1345,5.8865,21.874999521484426,68062474.8,5.876166666666666,6.0845,True,True,6.4,156431124.0,421816039.0075
2025-07-09,6.0,6.01,5.98,5.98,30039286.0,184475702.0,8074538502.0,0.003720248035545252,5.99,6.036,6.14,5.888000000000001,21.874999521484455,67936022.6,5.872166666666668,6.097499999999999,True,True,6.4,179634930.28,421238980.6665
2025-07-10,5.98,5.99,5.97,5.98,29674578.0,181704710.0,8074538502.0,0.003675080376748447,5.986,6.024,6.1435,5.892166666666666,18.032786471378714,67412901.5,5.869666666666666,6.1095,True,True,6.4,177453976.44000003,418251195.9885
2025-07-11,5.98,6.06,5.97,5.99,53226109.0,327664417.0,8074538502.0,0.006591845340364197,5.986,6.013,6.128,5.896833333333333,15.25423692617062,60356846.95,5.877166666666667,6.1185,True,True,6.4,318824392.91,372973047.63399994
2025-07-14,6.02,6.05,5.99,6.0,39552209.0,243622103.0,8074538502.0,0.004898386327615284,5.99,6.002,6.114,5.9031666666666665,39.99999776000013,57553956.55,5.8808333333333325,6.127,True,True,6.4,237313254.0,354817164.996
2025-07-15,6.01,6.02,5.94,5.95,42906621.0,261889258.0,8074538502.0,0.005313817128913605,5.98,5.989,6.092499999999999,5.908,33.33333177777784,54611801.85,5.8865,6.1345,True,True,6.4,255294394.95000002,335123725.6585
2025-07-16,5.94,5.96,5.91,5.95,25575594.0,155441340.0,8074538502.0,0.003167437246557822,5.974000000000001,5.982000000000001,6.072,5.913166666666667,19.999998880000064,52899388.5,5.888000000000001,6.14,True,True,6.4,152174784.3,323708477.07549995
2025-07-17,5.95,5.96,5.93,5.94,23702050.0,144123349.0,8074538502.0,0.0029354061528258472,5.965999999999999,5.976000000000001,6.0520000000000005,5.919,19.230768195266336,51166222.5,5.892166666666666,6.1435,True,True,6.4,140790177.0,312246163.63549995
2025-07-18,5.95,5.96,5.93,5.95,27204683.0,165596255.0,8074538502.0,0.003369193545025714,5.958,5.972,6.031000000000001,5.924833333333334,19.230768195266066,49379046.55,5.896833333333333,6.128,True,True,6.4,161867863.85,300290554.491
2025-07-21,5.94,6.03,5.94,6.03,48384849.0,297051713.0,8074538502.0,0.005992274231897644,5.964,5.977,6.0125,5.932333333333333,41.93548197710724,44472066.25,5.9031666666666665,6.114,True,True,6.4,291760639.47,267990760.8645
2025-07-22,6.03,6.09,5.99,6.08,62537322.0,387285715.0,8074538502.0,0.007745002638170589,5.99,5.985,6.014,5.94,59.99999720000031,39517920.7,5.908,6.092499999999999,False,True,6.11,380226917.76,238111986.27000004
2025-07-23,6.1,6.14,6.05,6.07,57039082.0,356370764.0,8074538502.0,0.007064067127288063,6.014,5.994000000000001,6.015,5.947,62.06896252080887,38086478.5,5.913166666666667,6.072,False,False,6.11,346227227.74,229508800.042
2025-07-24,6.1,6.13,6.07,6.13,46083118.0,288263223.0,8074538502.0,0.005707213853594923,6.0520000000000005,6.009,6.016500000000001,5.954833333333334,70.5882323875435,37379894.7,5.919,6.0520000000000005,False,False,6.11,282489513.34,225267763.53899997
2025-07-25,6.16,6.23,6.11,6.12,55448543.0,350243929.0,8074538502.0,0.006867085095484508,6.086,6.022,6.0175,5.959666666666666,70.5882323875435,38058200.7,5.924833333333334,6.031000000000001,False,False,6.13,339345083.16,229460878.682
2025-07-28,6.13,6.14,6.0,6.01,50875148.0,314716851.0,8074538502.0,0.006300688019185075,6.082,6.023,6.0125,5.9639999999999995,51.16278903190917,38380892.0,5.932333333333333,6.0125,False,False,6.13,305759639.47999996,231178146.785
2025-07-29,6.01,6.03,5.98,5.99,30153953.0,185280936.0,8074538502.0,0.0037344490948344727,6.064,6.027,6.008,5.970833333333333,51.16278903190917,38583072.4,5.94,6.014,True,False,6.13,180622178.47,232271710.82849997
2025-07-30,5.99,6.07,5.98,6.02,39729421.0,245317160.0,8074538502.0,0.004920333340432934,6.054,6.034,6.008000000000001,5.9745,54.34782443289224,38561000.35,5.947,6.015,True,True,6.13,239171114.42,232138837.0875
2025-07-31,6.0,6.01,5.91,5.92,53842445.0,327739237.0,8074538502.0,0.006668176142409086,6.012,6.032,6.0040000000000004,5.974833333333334,43.63636252561981,39550141.6,5.954833333333334,6.016500000000001,False,True,6.13,318747274.4,237858314.80749997
2025-08-01,5.92,5.94,5.89,5.91,28578222.0,172812431.0,8074538502.0,0.003539300975891241,5.97,6.0280000000000005,6.0,5.9775,41.818180753719,39603415.1,5.959666666666666,6.0175,True,False,6.13,168897292.02,238063110.18450004
2025-08-04,5.89,5.94,5.88,5.93,16564720.0,100187858.0,8074538502.0,0.002051475758756621,5.954,6.018,5.9975000000000005,5.980833333333333,48.07692178254436,39359490.35,5.9639999999999995,6.0125,True,True,6.13,98228789.6,236563028.37949997
2025-08-05,5.93,5.99,5.92,5.98,28625815.0,174638193.0,8074538502.0,0.0035451951827227784,5.952,6.008,5.9965,5.983833333333333,52.63157765466303,39487188.4,5.970833333333333,6.008,True,True,6.13,171182373.70000002,237300590.86450005
2025-08-06,5.98,6.1,5.98,6.1,63175140.0,392478328.0,8074538502.0,0.007823993901862256,5.968,6.011,6.0024999999999995,5.988,61.76470461072667,41143981.1,5.9745,6.008000000000001,True,True,6.13,385368354.0,247587262.0505
2025-08-07,6.1,6.11,6.04,6.05,28404072.0,176613232.0,8074538502.0,0.0035177331797928185,5.994,6.003,6.006,5.9879999999999995,56.94444333719138,41080455.8,5.974833333333334,6.0040000000000004,False,True,6.13,171844635.6,247306795.0085
2025-08-08,6.05,6.08,6.04,6.06,23174552.0,143944050.0,8074538502.0,0.00287007758948203,6.024,5.997,6.0095,5.990833333333333,52.30769118106508,39577877.95,5.9775,6.0,False,False,6.13,140437785.12,238387464.61900002
2025-08-11,6.05,6.07,6.01,6.02,30043632.0,185479765.0,8074538502.0,0.003720786270640536,6.042,5.997999999999999,6.0105,5.993833333333333,45.31249900878903,39102449.1,5.980833333333333,5.9975000000000005,False,False,6.13,180862664.64,235564935.15100002
2025-08-12,6.02,6.05,6.01,6.02,23560489.0,145688197.0,8074538502.0,0.0029178743768655323,6.05,6.0009999999999994,6.014,5.996666666666667,46.0317450088183,38135142.5,5.983833333333333,5.9965,False,False,6.13,141834143.78,229891922.59249997
2025-08-13,6.02,6.04,5.99,5.99,31550006.0,194188585.0,8074538502.0,0.003907344796508842,6.028,5.998,6.016,5.999666666666667,38.333332438888874,38433863.1,5.988,6.0024999999999995,False,False,6.13,188984535.94,231732410.17450005
2025-08-14,6.0,6.08,5.98,5.99,45896965.0,283547948.0,8074538502.0,0.005684159532910974,6.016,6.005,6.0185,6.002666666666667,38.98304992243605,39543608.85,5.9879999999999995,6.006,True,False,6.13,274922820.35,238439042.342
2025-08-15,5.99,6.01,5.96,5.96,45315743.0,277350652.0,8074538502.0,0.005612177462374555,5.9959999999999996,6.01,6.019,6.005,45.098037977700905,40449161.85,5.990833333333333,6.0095,True,True,6.13,270081828.28,243849740.56350002
2025-08-18,5.97,5.99,5.96,5.96,45099010.0,275690649.0,8074538502.0,0.005585335928341827,5.984,6.013,6.0155,6.008666666666667,46.938774169096206,40284869.9,5.993833333333333,6.0105,True,True,6.13,268790099.6,242701213.57
2025-08-19,5.97,5.98,5.96,5.96,28189798.0,172168462.0,8074538502.0,0.003491196183288693,5.9719999999999995,6.011,6.0095,6.011666666666667,43.478259546313865,38567493.7,5.996666666666667,6.014,True,True,6.13,168011196.08,232090427.48599997
2025-08-20,5.96,6.01,5.93,6.01,36772084.0,225220291.0,8074538502.0,0.0045540787242381526,5.976000000000001,6.002,6.006500000000001,6.015666666666666,60.975607674003676,37554143.8,5.999666666666667,6.016,True,True,6.13,221000224.84,225829077.341
2025-08-21,5.99,6.06,5.99,6.06,44759183.0,276622634.0,8074538502.0,0.005543249684042438,5.99,6.003,6.002999999999999,6.019333333333334,66.66666459259267,37487947.05,6.002666666666667,6.0185,False,True,6.13,271240648.97999996,225266634.123
2025-08-22,6.13,6.48,6.13,6.43,226940457.0,1484580251.0,8074538502.0,0.02810568764317473,6.0840000000000005,6.04,6.0185,6.029,81.24999857812506,46062542.75,6.005,6.019,False,False,6.12,1459227138.51,281260736.89049995
2025-08-25,6.39,6.45,6.33,6.44,100585603.0,658807295.0,8074538502.0,0.012457133367447035,6.18,6.082,6.04,6.040166666666667,80.26315641620505,48548065.5,6.008666666666667,6.0155,False,False,6.43,647771283.32,298361319.08250004
2025-08-26,6.42,6.53,6.41,6.5,74139997.0,492722561.0,8074538502.0,0.009181948538809506,6.287999999999999,6.13,6.0655,6.052666666666667,78.57142700000009,50747367.7,6.011666666666667,6.0095,False,False,6.44,481909980.5,313425709.184
2025-08-27,6.5,6.54,6.34,6.34,68634813.0,452700617.0,8074538502.0,0.008500153040696963,6.354000000000001,6.165,6.0815,6.062333333333333,67.90123339429968,52192637.3,6.015666666666666,6.006500000000001,False,False,6.5,435144714.42,323224389.184
2025-08-28,6.38,6.61,6.37,6.52,115823100.0,774020049.0,8074538502.0,0.014344237750716221,6.446,6.218,6.1114999999999995,6.075,73.46938670553939,55291670.05,6.019333333333334,6.002999999999999,False,False,6.5,755166612.0,345045356.064
2025-08-29,6.56,6.59,6.3,6.34,89451656.0,586163170.0,8074538502.0,0.011078237595602959,6.428,6.256,6.133,6.083833333333334,64.2857134821429,58335341.75,6.029,6.0185,False,False,6.52,567123499.04,364956666.41499996
2025-09-01,6.4,6.58,6.36,6.49,85227230.0,567193653.0,8074538502.0,0.010555058964532757,6.438,6.309,6.161,6.0951666666666675,68.50393625271255,61768467.25,6.040166666666667,6.04,False,False,6.52,553124722.7,387701463.07000005
2025-09-02,6.51,6.53,6.41,6.5,65474601.0,434455788.0,8074538502.0,0.00810877314954687,6.438,6.3629999999999995,6.186999999999999,6.106,70.39999921152,63610906.55,6.052666666666667,6.0655,False,False,6.52,425584906.5,400421589.71
2025-09-03,6.52,6.57,6.4,6.51,51699918.0,342554848.0,8074538502.0,0.006402832556584421,6.4719999999999995,6.412999999999999,6.2075000000000005,6.116666666666666,70.63491985008818,63037145.45,6.062333333333333,6.0815,False,False,6.52,336566466.18,397981495.31899995
2025-09-04,6.6,6.8,6.6,6.66,123094656.0,844650353.0,8074538502.0,0.015244791509695621,6.5,6.473000000000001,6.2379999999999995,6.129166666666666,75.36231807603447,67771674.65,6.075,6.1114999999999995,False,False,6.52,819810408.96,430379783.987
2025-09-05,6.88,7.1,6.86,7.05,166721964.0,1193440029.0,8074538502.0,0.02064786290370704,6.642,6.534999999999999,6.2875,6.141666666666667,80.79095981295286,74949045.25,6.083833333333334,6.133,False,False,6.66,1175389846.2,482127387.041
2025-09-08,7.54,7.75,7.49,7.75,114508473.0,901752686.0,8074538502.0,0.014181426340544062,6.894,6.6659999999999995,6.374,6.166166666666666,86.23481732498485,79172287.3,6.0951666666666675,6.161,False,False,7.05,887440665.75,517456287.09650004
2025-09-09,7.75,8.27,7.47,7.94,282993581.0,2304783044.0,8074538502.0,0.03504764772994824,7.1819999999999995,6.81,6.470000000000001,6.192166666666666,86.97317961010556,92143941.9,6.106,6.186999999999999,False,False,7.75,2246969033.1400003,622713031.5645001
2025-09-10,7.72,8.04,7.67,7.91,168555560.0,1358540661.0,8074538502.0,0.02087494659394467,7.462000000000001,6.9670000000000005,6.566,6.218,85.71428525096525,98994219.6,6.116666666666666,6.2075000000000005,False,False,7.94,1333274479.6000001,679927528.7475001
2025-09-11,7.78,8.07,7.77,7.9,120149721.0,975472084.0,8074538502.0,0.014880072832675187,7.709999999999999,7.1049999999999995,6.661499999999999,6.244,82.95964073478254,102706857.4,6.129166666666666,6.2379999999999995,False,False,7.94,949182795.9000001,713640527.525
2025-09-12,8.33,8.48,8.02,8.17,196011831.0,1653180846.0,8074538502.0,0.024275298328374977,7.934,7.287999999999999,6.772,6.274,84.73895534684925,110241661.8,6.141666666666667,6.2875,False,False,7.94,1601416659.27,780207269.0745001
2025-09-15,8.49,8.98,8.48,8.76,208839573.0,1873552015.0,8074538502.0,0.02586396398360997,8.136,7.515000000000001,6.911999999999999,6.3133333333333335,87.41721813780097,118428689.95,6.166166666666666,6.374,False,False,8.17,1829434659.48,858239497.0685
2025-09-16,8.54,8.94,8.32,8.58,178062774.0,1567246842.0,8074538502.0,0.022052377848702467,8.264,7.723000000000001,7.042999999999999,6.355500000000001,86.84210486322716,125922338.75,6.192166666666666,6.470000000000001,False,False,8.76,1527778600.92,926227867.3105001
2025-09-17,8.82,9.08,8.57,8.74,123426927.0,1106120257.0,8074538502.0,0.015285941972959583,8.43,7.946,7.1795,6.400333333333333,86.7549664852419,130255080.9,6.218,6.566,False,False,8.76,1078751341.98,969115423.1675001
2025-09-18,8.67,8.76,8.36,8.47,129329205.0,1133055048.0,8074538502.0,0.016016916009251324,8.544,8.127,7.3,6.4398333333333335,84.24437261111859,134483582.0,6.244,6.661499999999999,False,False,8.76,1095418366.3500001,1010324309.036
2025-09-19,8.4,8.77,8.3,8.65,122880749.0,1084717242.0,8074538502.0,0.015218299964705525,8.64,8.287,7.411000000000001,6.482333333333333,84.39490408231573,129280596.6,6.274,6.772,False,False,8.76,1062918478.85,990508876.0530001
2025-09-22,8.49,8.58,8.2,8.56,120289398.0,1038465644.0,8074538502.0,0.014897371282607081,8.6,8.368,7.516999999999999,6.523166666666667,81.98757728328384,130265786.35,6.3133333333333335,6.911999999999999,False,False,8.76,1029677246.8800001,1009604174.231
2025-09-23,8.43,8.7,8.3,8.5,89295274.0,777271423.0,8074538502.0,0.011058870296783185,8.584,8.424000000000001,7.616999999999999,6.5635,80.4281342122343,131023550.2,6.355500000000001,7.042999999999999,False,False,8.76,759009829.0,1023459166.6559999
2025-09-24,8.66,8.88,8.5,8.75,105004199.0,934297339.0,8074538502.0,0.013004359193282846,8.586000000000002,8.508,7.7375,6.608999999999999,81.00890174061584,132842019.5,6.400333333333333,7.1795,False,False,8.76,918786741.25,1047641267.9975001
2025-09-25,8.64,8.69,8.3,8.45,94971763.0,821533242.0,8074538502.0,0.011761881248875863,8.582,8.563,7.8340000000000005,6.649833333333333,71.34146311012789,131799452.65,6.4398333333333335,7.3,False,False,8.76,802511397.3499999,1050008507.2650001
2025-09-26,8.37,8.47,8.27,8.33,58692294.0,503433729.0,8074538502.0,0.007268810964919218,8.517999999999999,8.579,7.9334999999999996,6.688833333333334,60.74074042578875,130261484.55,6.482333333333333,7.411000000000001,False,False,8.76,488906809.02,1046097672.7640002
2025-09-29,8.35,8.53,8.07,8.53,88836886.0,762473234.0,8074538502.0,0.011002100736530738,8.512,8.556000000000001,8.035499999999999,6.731333333333334,60.88560854155035,130441967.35,6.523166666666667,7.516999999999999,False,False,8.76,757778637.5799999,1056330368.508
2025-09-30,8.39,8.7,8.39,8.67,73473986.0,645336253.0,8074538502.0,0.00909946568237938,8.546000000000001,8.565000000000001,8.144,6.775833333333334,63.475176989839554,130841936.6,6.5635,7.616999999999999,False,False,8.76,637019458.62,1066902096.114
2025-10-09,8.25,8.33,7.87,8.13,176419463.0,1459275064.0,8074538502.0,0.021848860211181393,8.422,8.504000000000001,8.225,6.8116666666666665,53.43283559759413,137077913.85,6.608999999999999,7.7375,False,False,8.76,1434290234.19,1121788284.5145001
2025-10-10,8.3,8.6,8.25,8.47,118063531.0,1022128723.0,8074538502.0,0.014621706363869166,8.426,8.504,8.3155,6.8531666666666675,54.38596468964811,136826357.6,6.649833333333333,7.8340000000000005,True,False,8.76,999998107.57,1130797669.4450002
2025-10-13,8.72,9.11,8.57,8.88,165670292.0,1500311789.0,8074538502.0,0.020517617441413494,8.536000000000001,8.527000000000001,8.407,6.901333333333334,51.85185162780066,136773774.0,6.688833333333334,7.9334999999999996,False,True,8.76,1471152192.96,1145585786.783
2025-10-14,9.06,9.16,8.78,8.85,106092446.0,967630485.0,8074538502.0,0.013139134326218363,8.6,8.556000000000001,8.462,6.948833333333334,54.36893179250322,136352972.65,6.731333333333334,8.035499999999999,False,False,8.88,938918147.0999999,1148159660.8504999
2025-10-15,8.79,8.83,8.29,8.54,100521947.0,873611685.0,8074538502.0,0.012449249820915647,8.574,8.559999999999999,8.492,6.992,46.913580044200565,127229390.95,6.775833333333334,8.144,False,False,8.88,858457427.3799999,1078734080.5625
2025-10-16,8.7,8.78,8.54,8.65,71432635.0,634178107.0,8074538502.0,0.008846652348280548,8.678,8.55,8.529,7.037,52.92207768152302,122373244.7,6.8116666666666665,8.225,False,False,8.88,617892292.75,1042964971.22
2025-10-17,8.71,8.76,8.46,8.48,53909668.0,473207991.0,8074538502.0,0.006676501447933773,8.68,8.553,8.558,7.0793333333333335,47.2312701429193,119061242.05,6.8531666666666675,8.3155,False,False,8.88,457153984.64000005,1018363530.657
2025-10-20,8.49,8.68,8.41,8.58,62693505.0,548894176.0,8074538502.0,0.007764345291618996,8.62,8.578,8.5785,7.123166666666666,50.32467509592679,112395325.75,6.901333333333334,8.407,True,False,8.88,537910272.9,965188211.3385
2025-10-21,8.59,8.63,8.4,8.53,49807226.0,435395269.0,8074538502.0,0.006168430057973361,8.556000000000001,8.578,8.567,7.164833333333334,50.48859911829303,104443708.4,6.948833333333334,8.462,False,True,8.88,424855637.78,894959260.2535
2025-10-22,8.4,8.49,8.26,8.31,69862427.0,595451572.0,8074538502.0,0.00865218823127732,8.510000000000002,8.542,8.5535,7.202,42.76315769780125,99033691.05,6.992,8.492,True,False,8.88,580556768.37,847598168.626
2025-10-23,8.38,8.44,8.11,8.3,68546456.0,578914143.0,8074538502.0,0.008489210371963868,8.440000000000001,8.559000000000001,8.5315,7.239166666666666,47.27272703206614,96289667.5,7.037,8.529,True,True,8.88,568935584.8000001,822107380.767
2025-10-24,8.55,8.68,8.07,8.13,83479669.0,704275793.0,8074538502.0,0.010338630372413574,8.370000000000001,8.525,8.5145,7.2725,46.42857119642859,93997190.7,7.0793333333333335,8.558,True,True,8.88,678689708.97,801270947.898
2025-10-27,8.2,8.33,8.11,8.17,67125269.0,560801677.0,8074538502.0,0.008313201922732005,8.288,8.454,8.4905,7.306666666666667,43.18181795282371,91209416.7,7.123166666666666,8.5785,True,True,8.88,548413447.73,775545696.342
2025-10-28,8.23,8.29,8.08,8.13,61934352.0,515080998.0,8074538502.0,0.007670327162928178,8.208000000000002,8.382,8.469,7.342,39.37007852315706,88291664.4,7.164833333333334,8.567,True,True,8.88,503526281.76000005,749238148.086
2025-10-29,8.27,8.46,8.17,8.45,71307828.0,604780115.0,8074538502.0,0.008831195489666389,8.236,8.373000000000001,8.4665,7.383,56.896551380796645,87392292.1,7.202,8.5535,True,True,8.88,602551146.5999999,741415213.966
2025-10-30,8.84,9.29,8.84,9.29,117201935.0,1097939892.0,8074538502.0,0.01451500107045994,8.434000000000001,8.437000000000001,8.4935,7.4375,64.53900677179215,88002178.9,7.239166666666666,8.5315,True,True,8.88,1088805976.1499999,749916175.711
2025-10-31,9.16,9.3,8.91,9.12,196597996.0,1816345575.0,8074538502.0,0.024347892570120783,8.632,8.501,8.527,7.490833333333333,54.651162494140955,93083490.55,7.2725,8.5145,False,True,9.29,1792973723.5199997,799439292.0195
2025-11-03,9.1,9.31,8.89,9.08,120109086.0,1107329191.0,8074538502.0,0.014875040346918889,8.813999999999998,8.550999999999998,8.5645,7.543666666666667,54.440154145883355,96154330.15,7.306666666666667,8.4905,False,False,9.29,1090590500.88,829523476.6125
2025-11-04,8.98,9.03,8.19,8.21,198496603.0,1707432685.0,8074538502.0,0.024583027618338058,8.830000000000002,8.519,8.5485,7.581666666666667,44.76190456296298,101637316.0,7.342,8.469,False,False,9.29,1629657110.63,873117400.265
2025-11-05,8.13,8.44,8.01,8.26,98718610.0,823699578.0,8074538502.0,0.01222591358943278,8.792,8.514,8.528,7.619666666666666,43.68932019040435,102899547.2,7.383,8.4665,True,False,9.29,815415718.6,882037213.2639999
2025-11-06,8.21,8.45,8.2,8.38,61318094.0,520631220.0,8074538502.0,0.007594006020878096,8.61,8.522,8.5405,7.657666666666667,48.35526293520603,97144478.75,7.4375,8.4935,True,True,9.29,513845627.72,836014982.9405
2025-11-07,8.41,8.68,8.4,8.54,72387549.0,628655691.0,8074538502.0,0.008964914710861825,8.494,8.562999999999999,8.544,7.699166666666668,49.35483848678459,94860679.65,7.490833333333333,8.527,True,True,9.29,618189668.4599999,816924560.9849999
2025-11-10,8.39,8.54,8.33,8.39,62218257.0,531048138.0,8074538502.0,0.007705487686335142,8.356,8.584999999999999,8.5195,7.738,47.812499790820326,89688077.9,7.543666666666667,8.5645,True,True,9.29,522011176.23,769467510.1485
2025-11-11,8.43,8.56,8.35,8.38,45295175.0,388494258.0,8074538502.0,0.005609630196051544,8.389999999999999,8.610000000000001,8.496,7.777333333333333,51.17056832227829,86648214.35,7.581666666666667,8.5485,True,True,9.29,379573566.50000006,741500281.1185
2025-11-12,8.39,8.56,8.24,8.43,71502426.0,613447753.0,8074538502.0,0.00885529569055735,8.424,8.608,8.4905,7.8175,52.145214280517145,85197238.3,7.619666666666666,8.528,True,True,9.29,602765451.18,728715682.3085
2025-11-13,8.81,9.09,8.71,8.94,119002906.0,1076691777.0,8074538502.0,0.014738044282100323,8.535999999999998,8.572999999999999,8.505,7.866666666666666,62.01780389666196,87575751.85,7.657666666666667,8.5405,True,True,9.29,1063885979.64,751015366.653
2025-11-14,9.16,9.4,8.97,9.02,112735542.0,1049042483.0,8074538502.0,0.013961855773190788,8.632000000000001,8.563,8.532,7.917166666666666,62.46334285205669,90517045.55,7.699166666666668,8.544,False,True,9.29,1016874588.8399999,779001396.863
2025-11-17,9.17,9.28,8.9,9.06,86853813.0,802915161.0,8074538502.0,0.010756504904705946,8.766,8.561000000000002,8.556000000000001,7.968833333333333,63.636363375100004,91725060.95,7.738,8.5195,False,False,9.29,786895545.7800001,791450660.507
2025-11-18,9.04,9.11,8.64,8.71,81145000.0,727115224.0,8074538502.0,0.010049490751688287,8.832,8.611,8.565000000000001,8.014666666666667,53.77906954857359,93291949.65,7.777333333333333,8.496,False,False,9.29,706772950.0000001,805546526.118
2025-11-19,8.89,9.23,8.85,9.14,112354298.0,1032847642.0,8074538502.0,0.013914640195494854,8.974,8.699,8.6065,8.067666666666666,47.52475225566123,95416543.2,7.8175,8.4905,False,False,9.29,1026918283.72,827864601.8855
2025-11-20,9.0,9.12,8.79,8.83,74018343.0,670876859.0,8074538502.0,0.009166882166908516,8.952000000000002,8.744,8.633,8.114666666666666,45.42586730726747,95690137.55,7.866666666666666,8.505,False,False,9.29,653581968.69,832096921.08
2025-11-21,8.86,9.13,8.62,8.63,89276068.0,800533244.0,8074538502.0,0.011056491708831039,8.874,8.753000000000002,8.658,8.1575,43.24324306143982,95979957.5,7.917166666666666,8.532,False,False,9.29,770452466.84,836685058.9735
2025-11-24,8.89,9.15,8.74,8.89,139142178.0,1265660417.0,8074538502.0,0.017232214319807326,8.84,8.803,8.693999999999999,8.1985,62.49999967830884,99580802.95,7.968833333333333,8.556000000000001,True,False,9.29,1236973962.42,871113084.708
2025-11-25,8.67,8.87,8.54,8.71,100950514.0,891468469.0,8074538502.0,0.012502326166999556,8.84,8.836,8.723,8.236333333333333,57.8947365577101,101531611.05,8.014666666666667,8.565000000000001,False,True,9.29,879278976.94,889900719.467
2025-11-26,8.55,8.65,8.37,8.52,93637964.0,807876966.0,8074538502.0,0.011596695461518527,8.716,8.845,8.7265,8.27,52.39726002275285,102648117.85,8.067666666666666,8.6065,True,False,9.29,797795453.28,899662934.801
2025-11-27,8.48,8.63,8.45,8.52,55082530.0,477388277.0,8074538502.0,0.006821755817543813,8.654,8.803,8.688,8.306333333333333,49.63768090763495,99542147.6,8.114666666666666,8.633,True,True,9.29,469303155.59999996,868687793.7735001
2025-11-28,8.62,8.81,8.52,8.67,69870729.0,614190437.0,8074538502.0,0.008653216401493852,8.662,8.768,8.6655,8.342166666666666,55.07246348876285,93205784.25,8.1575,8.658,True,True,9.14,605779220.43,809328068.6190001
2025-12-01,8.82,9.54,8.8,9.51,227792878.0,2160613538.0,8074538502.0,0.028211256648733234,8.786,8.812999999999999,8.687000000000001,8.395,65.73816130352805,98589973.85,8.1985,8.693999999999999,False,True,9.14,2166310269.7799997,863114057.0639999
2025-12-02,9.32,9.51,8.56,8.56,241211526.0,2157519433.0,8074538502.0,0.029873103700013788,8.756,8.798,8.704500000000001,8.429499999999999,51.44766130951732,100725720.0,8.236333333333333,8.723,False,False,9.51,2064770662.5600002,884869734.6604999
2025-12-03,8.56,8.79,8.48,8.62,114663626.0,1008880777.0,8074538502.0,0.014200641432522578,8.776,8.746,8.7225,8.464833333333333,46.03960380085285,101522970.8,8.27,8.7265,True,False,9.51,988400456.1199999,893518971.5365
2025-12-04,8.79,9.05,8.67,8.7,97845572.0,878634339.0,8074538502.0,0.012117791249092987,8.812,8.733,8.7385,8.501333333333333,46.03960380085285,103349344.7,8.306333333333333,8.688,True,True,9.51,851256476.4,910389513.9705
2025-12-05,8.56,8.66,8.1,8.19,162597540.0,1363540343.0,8074538502.0,0.020137069129056214,8.716,8.688999999999998,8.721,8.526833333333332,40.354767058765674,107859844.25,8.342166666666666,8.6655,True,True,9.51,1331673852.6,946063723.1775
2025-12-08,8.19,8.24,8.07,8.21,77226617.0,639642406.0,8074538502.0,0.009564214348705077,8.456,8.620999999999999,8.712,8.546166666666666,44.019138608548346,108610262.25,8.395,8.687000000000001,True,True,9.51,634030525.57,951664690.6445
2025-12-09,8.24,8.32,8.03,8.1,65845393.0,547415380.0,8074538502.0,0.008154694287938637,8.363999999999999,8.559999999999999,8.698,8.552,36.52849727683964,109637773.15,8.429499999999999,8.704500000000001,True,True,9.51,533347683.29999995,959353396.4844999
2025-12-10,7.97,8.11,7.82,8.09,56827715.0,463352533.0,8074538502.0,0.007037890151359637,8.258,8.517,8.681000000000001,8.554499999999999,39.60674141727686,108904037.6,8.464833333333333,8.7225,True,True,9.51,459736214.34999996,952201934.643
2025-12-11,8.2,8.26,8.06,8.07,42891324.0,354783484.0,8074538502.0,0.005311922655316605,8.132000000000001,8.472,8.6375,8.557166666666665,41.71597615857288,105098458.5,8.501333333333333,8.7385,True,True,9.51,346132984.68,916314284.8950001
2025-12-12,8.13,8.36,8.12,8.25,78036381.0,651786681.0,8074538502.0,0.00966450045171882,8.144,8.430000000000001,8.599,8.562999999999999,40.30303013204774,103363500.45,8.526833333333332,8.721,True,True,9.51,643800143.25,897660562.6155001
2025-12-15,8.19,8.7,8.16,8.49,97631161.0,843065208.0,8074538502.0,0.012091237285674905,8.2,8.328,8.570500000000001,8.568333333333333,46.72619028149801,103902367.85,8.546166666666666,8.712,True,True,9.51,828888556.89,899760213.1709999
2025-12-16,8.47,8.49,8.17,8.23,54945908.0,460868427.0,8074538502.0,0.006804835717408534,8.226,8.295,8.5465,8.559500000000002,45.77259456535969,102592413.25,8.552,8.698,True,True,9.51,452204822.84000003,887031806.813
2025-12-17,8.27,8.68,8.23,8.62,85162575.0,733611726.0,8074538502.0,0.010547051695760184,8.331999999999999,8.294999999999998,8.5205,8.560166666666667,51.308900335517116,101232827.1,8.554499999999999,8.681000000000001,True,True,9.51,734101396.4999999,872390962.452
2025-12-18,8.6,8.84,8.59,8.74,60248225.0,535154656.0,8074538502.0,0.007461506931334464,8.466,8.299000000000001,8.516,8.560166666666667,50.92348266149637,100544321.2,8.557166666666665,8.6375,False,True,9.51,526569486.5,866040338.3425
2025-12-19,8.46,8.52,8.3,8.38,76221392.0,651353214.0,8074538502.0,0.009439721165627059,8.492,8.318000000000001,8.5035,8.558666666666666,32.93051345588303,99891587.4,8.562999999999999,8.599,False,False,9.51,638735264.96,859454478.2485001
2025-12-22,8.4,8.89,8.38,8.79,108020175.0,958710493.0,8074538502.0,0.013377876020189172,8.552,8.376000000000001,8.4985,8.561,54.15162427504592,98335487.25,8.568333333333333,8.570500000000001,True,False,9.51,949497338.2499999,845080647.04
2025-12-23,8.55,8.88,8.54,8.78,70198097.0,623966261.0,8074538502.0,0.00869375964739192,8.662,8.443999999999999,8.501999999999999,8.564666666666666,52.9411761980969,96797866.4,8.559500000000002,8.5465,False,True,9.51,616339291.66,831933662.7759999
2025-12-24,8.59,8.69,8.44,8.6,83341143.0,726131778.0,8074538502.0,0.010321474469328129,8.658,8.495000000000001,8.506,8.566333333333334,48.22695011518536,96283025.35,8.560166666666667,8.5205,False,False,9.51,716733829.8,827880581.602
2025-12-25,8.61,8.89,8.55,8.77,61291460.0,544748568.0,8074538502.0,0.007590707504189693,8.664,8.565,8.5185,8.566666666666666,61.69354803882675,96593471.85,8.560166666666667,8.516,False,False,9.51,537526104.1999999,831291729.032
2025-12-26,8.81,8.92,8.64,8.77,53298205.0,474479629.0,8074538502.0,0.00660077414787216,8.741999999999999,8.616999999999999,8.5235,8.572000000000001,61.3821134718091,95764845.65,8.558666666666666,8.5035,False,False,9.51,467425257.84999996,824374030.903
2025-12-29,8.78,9.01,8.53,8.98,91156232.0,817723037.0,8074538502.0,0.011289342663660754,8.78,8.666,8.497,8.582833333333333,67.1874996325684,88933013.35,8.561,8.4985,False,False,9.51,818582963.36,756987665.582
2025-12-30,8.9,8.95,8.79,8.84,48872474.0,440285032.0,8074538502.0,0.0060526646802036635,8.792,8.727,8.511,8.588,63.94052011332072,79316060.75,8.564666666666666,8.501999999999999,False,False,8.98,432032670.15999997,675350765.962
2025-12-31,8.82,8.98,8.76,8.84,56796719.0,511521842.0,8074538502.0,0.007034051418038554,8.84,8.749,8.522,8.590833333333334,64.4194753176507,76422715.4,8.566333333333334,8.506,False,False,8.98,502082995.96,651034892.954
2026-01-05,8.84,9.03,8.71,8.83,85724452.0,770574089.0,8074538502.0,0.010616637963738327,8.852,8.758,8.5285,8.6025,61.599999655040016,75816659.4,8.566666666666666,8.5185,False,False,8.98,756946911.16,646319414.6919999
2026-01-06,8.77,9.06,8.75,9.0,82522576.0,750481558.0,8074538502.0,0.010220098149208132,8.898,8.82,8.568999999999999,8.611333333333333,60.49382681196973,71812911.2,8.572000000000001,8.5235,False,False,8.98,742703184.0,616870881.262
2026-01-07,9.11,9.33,8.83,8.87,70557376.0,646247162.0,8074538502.0,0.008738254945780925,8.876,8.828,8.602,8.611166666666666,63.913043089224935,71479449.15,8.582833333333333,8.497,False,False,9.0,625843925.1199999,616461551.2395
2026-01-08,9.33,9.65,9.24,9.45,160255751.0,1540204449.0,8074538502.0,0.01984704772418955,8.998000000000001,8.895,8.6695,8.621166666666666,66.666666291834,76199967.05,8.588,8.511,False,False,9.0,1514416846.9499998,665515009.4219999
2026-01-09,9.71,9.92,9.52,9.68,142704807.0,1407982108.0,8074538502.0,0.017673431981859167,9.166,9.003,8.748999999999999,8.640166666666666,68.07692271035502,80493821.65,8.590833333333334,8.522,False,False,9.45,1381382531.76,711597325.2924999
2026-01-12,9.92,10.64,9.71,10.53,193414145.0,2028152201.0,8074538502.0,0.023953585081313667,9.506,9.178999999999998,8.872,8.6715,84.78964362878476,88019962.7,8.6025,8.5285,False,False,9.68,2036650946.85,796123223.401
2026-01-13,10.55,11.17,10.47,11.04,148553287.0,1642951212.0,8074538502.0,0.018397743346347844,9.913999999999998,9.406,9.0115,8.714166666666667,85.2664573060406,91545808.0,8.611333333333333,8.568999999999999,False,False,10.53,1640028288.4799998,845934630.6625
2026-01-14,11.17,11.48,10.73,11.08,115167142.0,1290310910.0,8074538502.0,0.01426299991900144,10.356,9.616,9.141000000000002,8.755833333333332,85.7142853416149,92422607.05,8.611166666666666,8.602,False,False,11.04,1276051933.36,868292799.4859998
2026-01-15,10.97,11.54,10.95,11.21,93510062.0,1074277779.0,8074538502.0,0.01158085529926426,10.708,9.853,9.29,8.8005,91.16719202639092,94350814.75,8.621166666666666,8.6695,False,False,11.08,1048247795.0200001,898094948.0949999
2026-01-16,10.99,11.44,10.9,11.05,105790346.0,1194354687.0,8074538502.0,0.013101720423253485,10.982,10.074,9.4115,8.846166666666667,86.07594898573944,95382203.3,8.640166666666666,8.748999999999999,False,False,11.21,1168983323.3000002,919839044.4349998
2026-01-19,11.1,11.54,11.1,11.27,91554099.0,1053925467.0,8074538502.0,0.011338616934865412,11.129999999999999,10.318,9.538,8.895666666666667,86.98224816042853,96947497.0,8.6715,8.872,False,False,11.21,1031814695.73,945101304.8965
2026-01-20,11.27,11.38,10.88,11.08,88545732.0,994375772.0,8074538502.0,0.01096604245283714,11.138,10.526,9.672999999999998,8.944833333333332,81.24999966145832,97563714.0,8.714166666666667,9.0115,False,False,11.27,981086710.5600001,962218877.1765
2026-01-21,11.0,11.1,10.75,10.88,82997367.0,917595869.0,8074538502.0,0.010278899156830102,11.098,10.727,9.7775,8.99,79.82456107674157,96312573.6,8.755833333333332,9.141000000000002,False,False,11.27,903011352.96,959894577.912
2026-01-22,10.88,11.27,10.83,10.89,70694298.0,789080595.0,8074538502.0,0.008755212199742384,11.034,10.871,9.883,9.036,79.88338159814364,96337383.65,8.8005,9.29,False,False,11.27,769860905.22,967570658.5899999
2026-01-23,10.81,10.93,10.52,10.64,94524914.0,1029445367.0,8074538502.0,0.011706540748624447,10.952000000000002,10.967,9.985,9.0725,74.65940026015488,96896572.2,8.846166666666667,9.4115,False,False,11.27,1005745084.96,982021221.3479999
2026-01-26,10.88,11.27,10.88,11.2,141182052.0,1596869059.0,8074538502.0,0.017484844733235257,10.937999999999999,11.034,10.1065,9.104333333333333,77.09359579327332,100891101.8,8.895666666666667,9.538,False,False,11.27,1581238982.3999999,1034206865.258
2026-01-27,11.05,11.46,10.93,11.07,120937805.0,1366430022.0,8074538502.0,0.014977673952516871,10.936,11.037,10.2215,9.136833333333334,77.09359579327335,104273081.8,8.944833333333332,9.672999999999998,False,False,11.27,1338781501.3500001,1077774677.433
2026-01-28,11.24,11.26,10.77,11.0,106450765.0,1191568447.0,8074538502.0,0.013183510732363587,10.959999999999999,11.029,10.3225,9.168833333333334,71.83098563221586,105037808.45,8.99,9.7775,False,False,11.27,1170958415.0,1095393450.0149999
2026-01-29,11.22,11.34,10.78,10.86,114454635.0,1277766968.0,8074538502.0,0.014174758714897512,10.953999999999999,10.994,10.4235,9.213000000000001,67.05202285007854,108316916.5,9.036,9.883,False,False,11.27,1242977336.1,1135940683.312
2026-01-30,10.91,11.32,10.86,11.18,131873216.0,1490650202.0,8074538502.0,0.01633198181757831,11.062,11.007,10.5405,9.261666666666667,61.09214987874059,112070741.35,9.0725,9.985,False,False,11.27,1474342554.8799999,1184553661.258
2026-02-02,11.12,11.42,10.56,10.62,127926683.0,1416145118.0,8074538502.0,0.01584321914723839,10.946000000000002,10.942,10.629999999999999,9.299,42.953019932435474,114180852.9,9.104333333333333,10.1065,False,False,11.27,1358581373.4599998,1214635384.373
2026-02-03,10.9,11.37,10.67,11.34,130141966.0,1457340010.0,8074538502.0,0.01611757327898862,11.0,10.968,10.747,9.345666666666666,53.55191236346263,116561822.4,9.136833333333334,10.2215,True,False,11.27,1475809894.44,1251290719.895
2026-02-04,11.52,11.96,11.31,11.81,154345547.0,1830831999.0,8074538502.0,0.01911509208381009,11.162,11.061,10.894,9.402666666666667,57.499999798750004,120751230.95,9.168833333333334,10.3225,False,True,11.34,1822820910.0700002,1311139569.1425
2026-02-05,11.81,12.05,11.24,11.47,125241050.0,1470745124.0,8074538502.0,0.015510614008339767,11.284,11.119,10.995000000000001,9.454166666666667,55.02392326068543,119000495.9,9.213000000000001,10.4235,False,False,11.81,1436514843.5,1307244468.9699998
2026-02-06,11.32,11.37,11.06,11.18,81522024.0,926496194.0,8074538502.0,0.010096183698895934,11.284,11.172999999999998,11.07,9.5,48.94117630937025,115941356.75,9.261666666666667,10.5405,False,False,11.81,911416228.3199999,1283746153.7979999
2026-02-09,11.47,11.99,11.42,11.83,105257295.0,1258992237.0,8074538502.0,0.013035704142587047,11.526,11.236,11.135,9.548166666666667,57.96178326720489,111533514.25,9.299,10.629999999999999,False,False,11.81,1245193799.85,1244173296.448
2026-02-10,11.8,12.19,11.42,12.13,96161150.0,1160070439.0,8074538502.0,0.011909182175078073,11.684000000000001,11.342,11.189499999999999,9.6,62.99376281041316,108913907.4,9.345666666666666,10.747,False,False,11.83,1166434749.5,1220493619.499
2026-02-11,12.13,12.25,11.81,11.83,77633736.0,941470323.0,8074538502.0,0.009614634443909175,11.687999999999999,11.425,11.227,9.646166666666666,59.21568611195693,107037237.1,9.402666666666667,10.894,False,False,12.13,918407096.88,1202611377.675
2026-02-12,12.25,13.01,12.25,13.01,102161394.0,1332852266.0,8074538502.0,0.012652288917155504,11.996,11.64,11.317,9.717833333333335,69.65174113182016,107469803.7,9.454166666666667,10.995000000000001,False,False,12.13,1329119735.94,1216654974.7210002
2026-02-13,12.99,13.0,11.93,12.0,185787335.0,2304730248.0,8074538502.0,0.02300903450444653,12.16,11.722,11.3645,9.765500000000001,56.172839384811766,111469653.15,9.5,11.07,False,False,13.01,2229448020.0,1269678209.5560002
2026-02-24,13.2,13.2,12.92,13.2,154832220.0,2069005993.0,8074538502.0,0.01917536463064103,12.434000000000001,11.98,11.461,9.838333333333333,64.10596014602866,114633559.2,9.548166666666667,11.135,False,False,13.01,2043785304.0,1320276739.9695
2026-02-25,13.77,14.52,13.59,14.52,210754342.0,3086592751.0,8074538502.0,0.026101100632289733,12.912,12.297999999999998,11.633,9.9365,69.99999988863635,120743989.7,9.6,11.189499999999999,False,False,13.2,3060153045.8399997,1424230056.7335
2026-02-26,14.41,15.54,14.4,15.36,269108282.0,4132297432.0,8074538502.0,0.03332800777819611,13.618,12.653,11.857000000000001,10.044333333333332,73.68421041772852,130049535.45,9.646166666666666,11.227,False,False,14.52,4133503211.52,1585754649.6615
2026-02-27,15.74,16.16,15.41,15.99,219378273.0,3524536219.0,8074538502.0,0.027169140743543638,14.213999999999999,13.104999999999999,12.111999999999998,10.165666666666665,74.51580009753096,137483734.2,9.717833333333335,11.317,False,False,15.36,3507858585.27,1722654533.664
2026-03-02,17.23,17.58,15.67,17.58,415211865.0,7071400898.0,8074538502.0,0.05142236486916934,15.329999999999998,13.745,12.459,10.316666666666666,82.10332092717283,153518081.75,9.765500000000001,11.3645,False,False,15.99,7299424586.699999,2037338508.751
2026-03-03,18.61,19.34,17.64,19.34,379546392.0,7281220686.0,8074538502.0,0.04700533558741336,16.558,14.496,12.866,10.497000000000002,83.67003357143261,165436298.75,9.838333333333333,11.461,False,False,17.58,7340427221.28,2325297920.6949997
2026-03-04,18.51,18.51,17.42,17.43,346669938.0,6203936380.0,8074538502.0,0.04293371539613472,17.14,15.026000000000002,13.184000000000001,10.642999999999999,71.09609602137047,176722905.4,9.9365,11.633,False,False,19.34,6042457019.34,2560481696.5945
2026-03-05,17.07,18.11,16.24,17.19,300505771.0,5301964404.0,8074538502.0,0.03721646394101249,17.506,15.562000000000001,13.493500000000001,10.770999999999999,71.63388797255111,186425655.7,10.044333333333332,11.857000000000001,False,False,19.34,5165694203.490001,2760218486.019
2026-03-06,16.74,17.57,16.39,16.85,246877747.0,4231473368.0,8074538502.0,0.030574843000482358,17.677999999999997,15.946000000000002,13.793000000000001,10.909166666666666,71.36397882448412,193046811.3,10.165666666666665,12.111999999999998,False,False,19.34,4159890036.9500003,2906064121.0615
2026-03-09,17.37,17.37,15.23,15.48,289930585.0,4691564371.0,8074538502.0,0.035906768532738616,17.258000000000003,16.294,14.008,11.0235,63.04503210274264,200949679.75,10.316666666666666,12.459,False,False,19.34,4488125455.8,3056753266.1074996
2026-03-10,15.26,17.02,15.26,16.21,325402109.0,5448213608.0,8074538502.0,0.040299777989714264,16.632,16.595,14.2875,11.148666666666665,64.14701796823451,210823451.05,10.497000000000002,12.866,False,False,19.34,5274768186.89,3252562606.7790003
2026-03-11,16.1,16.24,15.7,16.05,220060438.0,3567687973.0,8074538502.0,0.027253624209667555,16.356,16.748,14.523,11.279666666666666,64.77591030063985,215319374.65,10.642999999999999,13.184000000000001,False,False,19.34,3531970029.9,3355370613.552
2026-03-12,16.05,16.19,15.33,15.72,188926841.0,2996355910.0,8074538502.0,0.02339785003851357,16.062,16.784,14.7185,11.404833333333332,60.08935213393515,217048439.35,10.770999999999999,13.493500000000001,False,False,19.34,2969929940.52,3412726065.0745
2026-03-13,15.62,16.01,15.11,15.34,159629831.0,2507993820.0,8074538502.0,0.019769529981244247,15.76,16.719,14.912,11.5255,63.046874931042474,218767878.4,10.909166666666666,13.793000000000001,False,False,19.34,2448721607.54,3463336403.2764997
2026-03-16,15.34,16.68,15.21,16.49,226116131.0,3668384172.0,8074538502.0,0.028003598093438133,15.962,16.61,15.1775,11.665500000000002,62.9019607152449,225997583.75,11.0235,14.008,False,False,19.34,3728655000.1899996,3604198341.87
2026-03-17,16.54,16.8,16.17,16.23,144440913.0,2421744129.0,8074538502.0,0.017888441917048647,15.966,16.299,15.397499999999999,11.8015,57.313943472849,227956764.65,11.148666666666665,14.2875,False,False,19.34,2344276017.9900002,3659152452.7770004
2026-03-18,16.13,17.86,15.82,17.74,254881525.0,4507936770.0,8074538502.0,0.03156607958917625,16.304,16.33,15.678,11.959666666666667,59.62783164767073,235892783.4,11.279666666666666,14.523,False,False,19.34,4521598253.5,3826910627.977
2026-03-19,17.72,18.02,16.71,17.39,230454861.0,4052862970.0,8074538502.0,0.028540932827667877,16.637999999999998,16.35,15.956,12.108,55.79470192209224,243533839.65,11.404833333333332,14.7185,False,False,19.34,4007610032.79,3981370774.7725
2026-03-20,17.37,17.5,16.33,16.52,187448692.0,3221641077.0,8074538502.0,0.023214787068458517,16.874,16.317,16.1315,12.246166666666666,45.33450698638353,247798204.55,11.5255,14.912,False,False,19.34,3096652391.84,4069747407.5675
2026-03-23,16.93,17.56,16.44,16.74,188887185.0,3235781417.0,8074538502.0,0.02339293879807671,16.924,16.443,16.3685,12.381499999999999,36.76171074188756,247953197.05,11.665500000000002,15.1775,False,False,19.34,3161971476.8999996,4116373580.4125
2026-03-24,17.18,18.16,16.75,17.82,245978803.0,4378938990.0,8074538502.0,0.030463512303405695,17.241999999999997,16.604,16.5995,12.532833333333333,52.16907667070445,252510526.2,11.8015,15.397499999999999,False,False,19.34,4383342269.46,4233351428.6854997
2026-03-25,18.12,18.24,16.8,17.14,224006621.0,3976727257.0,8074538502.0,0.027742343533876928,17.122,16.713,16.7305,12.678833333333332,49.73488857939677,253173140.15,11.959666666666667,15.678,False,False,19.34,3839473483.94,4272317450.5905
2026-03-26,16.93,17.12,16.35,16.43,156472775.0,2652108152.0,8074538502.0,0.019378540948345582,16.93,16.784,16.784,12.806166666666666,47.857142788775505,247541364.8,12.108,15.956,False,False,19.34,2570847693.25,4194184674.6769996
2026-03-27,16.46,17.42,16.05,16.83,153691404.0,2611725216.0,8074538502.0,0.01903407903274371,16.992,16.933,16.826,12.940333333333335,57.64439401958985,244257021.35,12.246166666666666,16.1315,True,False,19.34,2586626329.3199997,4148123061.8795
2026-03-30,16.76,17.03,16.34,16.77,123229068.0,2089830761.0,8074538502.0,0.015261437909978028,16.997999999999998,16.961000000000002,16.7855,13.076500000000001,53.43137245734813,229657881.5,12.381499999999999,16.3685,False,True,19.34,2066551470.36,3886479406.0625
2026-03-31,17.05,17.1,15.67,16.11,151989625.0,2500072594.0,8074538502.0,0.018823320362192014,16.656,16.948999999999998,16.624000000000002,13.198833333333335,50.34642024193418,218280043.15,12.532833333333333,16.5995,True,False,19.34,2448552858.75,3641885687.936
2026-04-01,16.42,17.72,16.42,17.72,196844026.0,3523412682.0,8074538502.0,0.024378362422972318,16.772,16.947,16.6385,13.348,60.06036208844617,210788747.55,12.678833333333332,16.7305,True,True,17.82,3488076140.72,3514166644.005
2026-04-02,17.87,19.49,17.86,19.17,329987622.0,6428486573.0,8074538502.0,0.04086767583289926,17.32,17.125,16.7375,13.517833333333334,67.39327875172518,212262840.1,12.806166666666666,16.784,False,True,17.82,6325862713.740001,3572175069.5175004
2026-04-03,19.74,20.98,19.74,20.07,212553429.0,4358551773.0,8074538502.0,0.026323910517901696,17.968,17.48,16.8985,13.705,66.63568764564131,210546624.2,12.940333333333335,16.826,False,False,19.17,4265947320.03,3577477933.6714997
2026-04-07,20.44,20.64,19.67,19.95,169543711.0,3464258835.0,8074538502.0,0.020997325228928606,18.604,17.801,17.122,13.890166666666666,67.51412420478364,204527280.5,13.076500000000001,16.7855,False,False,20.07,3382397034.45,3522191512.604
2026-04-08,18.89,20.94,18.75,19.85,267232539.0,5433812429.0,8074538502.0,0.03309570434691823,19.351999999999997,18.004,17.304,14.073833333333335,61.45494018888502,201618802.0,13.198833333333335,16.624000000000002,False,False,20.07,5304565899.150001,3523681398.217
2026-04-09,20.01,20.43,18.57,19.44,200280645.0,3936070533.0,8074538502.0,0.02480397423956701,19.696,18.234,17.4735,14.247833333333334,61.05717358632142,200629812.35,13.348,16.6385,False,False,20.07,3893455738.8,3541755683.662
2026-04-10,19.3,19.44,18.41,18.78,224686622.0,4284133408.0,8074538502.0,0.027826558997067992,19.618000000000002,18.469,17.6265,14.413,62.472406084479736,202417801.4,13.517833333333334,16.7375,False,False,20.07,4219614761.1600003,3604239924.6940002
2026-04-13,18.41,18.63,17.77,17.94,177940848.0,3268935182.0,8074538502.0,0.02203727779066574,19.192,18.580000000000002,17.7565,14.554499999999999,56.19834702615943,203333352.25,13.705,16.8985,False,False,20.07,3192258813.1200004,3641416784.9730005
2026-04-14,17.92,18.73,17.53,18.24,207441990.0,3799575830.0,8074538502.0,0.025690878797422073,18.85,18.726999999999997,17.844,14.697166666666668,52.359550479434404,202399645.2,13.890166666666666,17.122,False,False,20.07,3783741897.6,3644171129.8435006
2026-04-15,17.9,18.8,17.67,18.15,138348980.0,2577433611.0,8074538502.0,0.017133979851075332,18.51,18.931,17.94,14.824166666666667,56.07701554932872,202095048.55,14.073833333333335,17.304,False,False,20.07,2511033987.0,3652509028.294
2026-04-16,18.28,18.4,17.72,17.8,117155669.0,2141262591.0,8074538502.0,0.014509271207386213,18.182,18.939,17.942999999999998,14.936833333333333,58.61635209803411,195208755.75,14.247833333333334,17.4735,False,False,20.07,2085370908.2,3530697661.0290003
2026-04-17,17.71,18.37,17.52,18.26,141336429.0,2580855609.0,8074538502.0,0.01750396372065005,18.078,18.848,17.9865,15.056500000000002,58.92634196941716,190752834.15,14.413,17.6265,True,False,20.07,2580803193.5400004,3459357319.0665
2026-04-20,18.05,18.81,17.85,18.78,157766654.0,2962335089.0,8074538502.0,0.01953878279989902,18.246000000000002,18.719,18.0995,15.182666666666668,61.86540721769592,189268732.25,14.554499999999999,17.7565,False,True,20.07,2962857762.1200004,3452667587.5805
2026-04-21,18.79,19.42,18.35,18.79,156075733.0,2981361354.0,8074538502.0,0.019329368850162926,18.356,18.603,18.202,15.311666666666667,67.13554975193125,187628159.65,14.697166666666668,17.844,False,False,20.07,2932663023.0699997,3441202164.889
2026-04-22,18.59,18.68,17.11,17.68,229376449.0,4113669355.0,8074538502.0,0.02840737572100068,18.262,18.386000000000003,18.195,15.4185,49.726775861178304,186798041.95,14.824166666666667,17.94,False,False,20.07,4055375618.32,3424803832.332
2026-04-23,17.03,17.6,16.98,17.25,143078903.0,2501776261.0,8074538502.0,0.01771976230772328,18.152,18.166999999999998,18.2005,15.521333333333335,34.761904684656045,182751656.05,14.936833333333333,17.942999999999998,True,False,20.07,2468111076.75,3356235711.9725
2026-04-24,17.17,17.33,16.64,17.16,142876774.0,2466351002.0,8074538502.0,0.017694729421949072,17.932,18.005,18.237000000000002,15.626000000000001,23.49726769964262,182071856.0,15.056500000000002,17.9865,True,True,20.07,2451765441.84,3350281599.402
2026-04-27,17.13,17.39,16.72,16.92,108570328.0,1871260104.0,8074538502.0,0.013446010316640137,17.56,17.903,18.2415,15.7265,22.99465234903292,179815802.2,15.182666666666668,18.0995,True,True,20.07,1837009949.7600002,3312800780.4240003
2026-04-28,16.92,17.16,16.4,16.54,111438620.0,1887810840.0,8074538502.0,0.013801237057993783,17.110000000000003,17.733,18.23,15.824833333333334,21.901527961524323,179226279.8,15.311666666666667,18.202,True,True,20.07,1843194774.8,3301632945.646
2026-04-29,16.88,17.43,16.74,17.34,123680032.0,2156798239.0,8074538502.0,0.015317288036878568,17.041999999999998,17.652,18.2915,15.927166666666666,33.28025470287838,177810800.15,15.4185,18.195,True,True,20.07,2144611754.8799999,3286435890.4525003
2026-04-30,16.93,17.65,16.62,17.33,117727798.0,2054607603.0,8074538502.0,0.014580127145451068,17.058,17.604999999999997,18.272,16.0315,37.12255763415345,173854988.75,15.521333333333335,18.2005,True,True,20.07,2040222739.34,3214043220.3835
2026-05-06,17.85,18.43,16.83,18.35,217357088.0,3925260126.0,8074538502.0,0.026918824889640734,17.296,17.614,18.231,16.154,53.52839918254775,168223462.05,15.626000000000001,18.237000000000002,True,True,20.07,3988502564.8,3097175212.9365
2026-05-07,18.2,19.21,17.44,18.14,264758031.0,4897320897.0,8074538502.0,0.03278924621319491,17.54,17.55,18.1345,16.275333333333332,49.12587400563599,170833692.15,15.7265,18.2415,False,True,20.07,4802710682.34,3124013381.052
2026-05-08,17.81,19.55,17.81,19.19,239805488.0,4585543912.0,8074538502.0,0.029698971395158008,18.07,17.59,18.0965,16.408833333333334,57.78443101661948,174346781.0,15.824833333333334,18.23,False,False,19.95,4601867314.72,3184986895.0655003
2026-05-11,18.7,18.7,17.62,18.08,237182948.0,4329417983.0,8074538502.0,0.029374180077443638,18.218,17.630000000000003,18.008,16.533166666666666,51.88172033248061,172844301.45,15.927166666666666,18.2915,False,False,19.85,4288267699.8399997,3134171985.1
2026-05-12,17.87,18.36,17.43,17.51,130360701.0,2346975067.0,8074538502.0,0.016144662752888065,18.254,17.656,17.9115,16.636,45.03311249927634,169348304.25,16.0315,18.272,False,False,19.44,2282615874.51,3053629991.8855
2026-05-13,17.66,18.16,17.54,17.72,129806764.0,2354300974.0,8074538502.0,0.016076059822842863,18.128,17.712,17.8585,16.7345,42.67955792852017,164604311.35,16.154,18.231,True,False,19.19,2300175858.08,2957658046.7315
2026-05-14,17.43,18.59,17.24,17.72,184502792.0,3368036565.0,8074538502.0,0.022849948879963864,18.044,17.791999999999998,17.847500000000004,16.83866666666667,42.600276542682735,164932408.55,16.275333333333332,18.1345,True,True,19.19,3269389474.24,2961514579.7875
2026-05-15,17.62,17.7,16.99,17.17,117786054.0,2074590762.0,8074538502.0,0.014587341923111187,17.64,17.855,17.794,16.9385,46.176911447304846,160449611.75,16.408833333333334,18.0965,True,True,19.19,2022386547.1800003,2873446812.2665
2026-05-18,16.39,16.93,16.15,16.79,161993533.0,2733549750.0,8074538502.0,0.0200622652254213,17.381999999999998,17.8,17.726,17.021166666666666,46.525679659915475,161631839.4,16.533166666666666,18.008,True,True,19.19,2719871419.0699997,2883888683.87
2026-05-19,17.07,17.6,16.83,17.21,103672359.0,1810348566.0,8074538502.0,0.012839416020410475,17.322,17.788000000000004,17.6965,17.105833333333333,50.35971212877181,160957673.9,16.636,17.9115,True,True,19.19,1784201298.39,2868830203.3795
2026-05-20,16.74,17.53,16.74,17.45,121465556.0,2133217587.0,8074538502.0,0.01504303384892077,17.268,17.698,17.656,17.1995,53.81294953188756,159964130.25,16.7345,17.8585,True,True,19.19,2119573952.1999998,2845768741.3125
2026-05-21,17.44,18.6,17.44,17.52,156362906.0,2865639147.0,8074538502.0,0.01936493410258309,17.228,17.636000000000003,17.593,17.27466666666667,57.37951795130825,159893942.85,16.83866666666667,17.847500000000004,True,True,19.19,2739478113.12,2834599758.8625
2026-05-22,17.92,18.09,17.38,17.8,103965243.0,1867356221.0,8074538502.0,0.012875688557835054,17.354,17.497,17.5435,17.371333333333332,53.758169811664324,157288418.35,16.9385,17.794,True,True,19.19,1850581325.4,2780495673.979
2026-05-25,18.46,19.2,17.38,17.49,201024784.0,3680272143.0,8074538502.0,0.024896132943103527,17.494,17.438,17.534,17.442833333333333,51.246105807251475,155870835.1,17.021166666666666,17.726,False,True,19.19,3515923472.16,2753523066.6710005
2026-05-26,17.44,17.92,16.45,16.99,174145456.0,3023692440.0,8074538502.0,0.021567233341802203,17.45,17.386000000000003,17.520999999999997,17.483999999999998,38.47457617989081,157424162.75,17.105833333333333,17.6965,True,False,19.19,2958731297.4399996,2778054077.7055
2026-05-27,16.8,17.11,15.85,16.04,152049448.0,2510795768.0,8074538502.0,0.01883072920667089,17.168,17.218,17.465,17.495333333333335,34.186746915871296,157882796.45,17.1995,17.656,True,True,19.19,2438873145.92,2777409462.9094996
2026-05-28,15.94,16.06,15.58,15.84,104269687.0,1671379535.0,8074538502.0,0.012913392756028498,16.832,17.03,17.410999999999998,17.492833333333333,21.07081169343843,157667764.4,17.27466666666667,17.593,True,True,19.19,1651631842.08,2768140557.5255
2026-05-29,15.75,16.05,15.32,15.61,108563369.0,1721748954.0,8074538502.0,0.013445148471718812,16.394,16.874,17.3645,17.459999999999997,24.847250438317403,157524001.85,17.371333333333332,17.5435,True,True,19.19,1694674190.09,2760714528.29
2026-06-01,15.8,15.85,15.22,15.29,123439291.0,1936808753.0,8074538502.0,0.015287473205982614,15.953999999999999,16.723999999999997,17.262,17.3925,26.18025743207646,157511964.8,17.442833333333333,17.534,True,True,19.19,1887386759.3899999,2747853278.5155
2026-06-02,15.38,15.4,14.77,15.25,95503529.0,1461470401.0,8074538502.0,0.011827738387320158,15.606,16.528,17.158,17.356166666666663,22.494432001130974,156400751.35,17.483999999999998,17.520999999999997,True,True,19.19,1456428817.25,2718663582.4110003
2026-06-03,15.18,15.19,14.57,14.9,123104513.0,1853766248.0,8074538502.0,0.015246012260577861,15.378,16.273,16.9855,17.318,20.86776853468004,151688122.6,17.495333333333335,17.465,True,True,19.19,1834257243.7,2610951316.356
2026-06-04,14.87,15.06,14.67,14.73,81046626.0,1218871645.0,8074538502.0,0.01003730751669899,15.156,15.994,16.815,17.282666666666668,22.64573983922864,142502552.35,17.492833333333333,17.410999999999998,True,True,19.19,1193816800.98,2430506622.288
2026-06-05,14.81,14.99,14.44,14.57,85431401.0,1274467161.0,8074538502.0,0.010580344744017173,14.947999999999999,15.671000000000001,16.584,17.2675,23.820754638327728,134783848.0,17.459999999999997,17.3645,True,True,19.19,1244735512.57,2262650032.1805
2026-06-08,14.28,14.63,13.84,13.92,107363875.0,1541099870.0,8074538502.0,0.013296595833112544,14.674000000000001,15.313999999999998,16.376,17.229333333333333,13.199105104074391,128292894.35,17.3925,17.262,True,True,18.08,1494505140.0,2122961904.1885002
2026-06-09,13.93,14.15,13.69,14.13,85004849.0,1198539605.0,8074538502.0,0.010527517947799117,14.45,15.027999999999997,16.207,17.197333333333336,12.612612572843148,126025101.75,17.356166666666663,17.158,True,True,17.8,1201118516.3700001,2068887036.2814999
2026-06-10,14.09,14.8,14.08,14.39,100634672.0,1479858666.0,8074538502.0,0.012463210371103386,14.347999999999999,14.863,16.0405,17.175166666666666,16.198704054690765,124566497.15,17.318,16.9855,True,True,17.8,1448132930.0800002,2026284889.8814998
2026-06-11,14.57,14.62,13.78,14.2,103650782.0,1499658017.0,8074538502.0,0.012836743793385407,14.242,14.698999999999998,15.864499999999998,17.156166666666664,10.352422875565225,120523896.65,17.282666666666668,16.815,True,True,17.8,1471841104.3999999,1936407471.3895001
2026-06-12,14.54,15.61,14.54,15.36,182323210.0,2810237751.0,8074538502.0,0.022580016177375335,14.4,14.674000000000001,15.774000000000001,17.137333333333334,30.241187305496,123750754.45,17.2675,16.584,True,True,17.8,2800484505.6,1975312369.3105
2026-06-15,16.89,16.89,16.89,16.89,24735811.0,424466517.0,8074538502.0,0.003063433407850261,14.994,14.834,15.779,17.14833333333333,49.22118369328715,116887868.35,17.229333333333333,16.376,True,True,17.8,417787847.79,1860208190.7465
2026-06-16,17.49,17.66,15.79,16.13,271170269.0,4572861911.0,8074538502.0,0.03358337680015189,15.394,14.922,15.725,17.1215,50.722311282485975,125262763.85,17.197333333333336,16.207,False,True,17.8,4373976438.969999,1989696947.7755
2026-06-17,16.05,17.57,16.05,16.83,203814326.0,3504215089.0,8074538502.0,0.0252416068050845,15.882,15.115,15.693999999999997,17.112166666666667,57.35512618083627,129380202.35,17.175166666666666,16.0405,False,False,17.8,3430195106.5799994,2055228005.4944997
2026-06-18,16.89,17.22,16.34,16.87,149503216.0,2553434162.0,8074538502.0,0.01851538833618407,16.415999999999997,15.328999999999999,15.661499999999998,17.118,59.63302739528098,129037217.85,17.156166666666664,15.864499999999998,False,False,17.8,2522119253.92,2044360062.5345001
2026-06-22,16.93,18.56,16.88,18.56,210019488.0,3844051138.0,8074538502.0,0.026010091839673538,17.055999999999997,15.728,15.699499999999997,17.14833333333333,70.67003780159537,134339930.1,17.137333333333334,15.774000000000001,False,False,17.8,3897961697.2799997,2146729081.1285
2026-06-23,19.13,20.18,18.61,19.61,221481496.0,4386286935.0,8074538502.0,0.027429616682754163,17.599999999999998,16.297,15.8055,17.178166666666666,74.43946176657482,135362765.7,17.14833333333333,15.779,False,False,18.56,4343252136.559999,2188095514.3485
2026-06-24,20.39,21.57,20.13,21.57,106708109.0,2299660483.0,8074538502.0,0.013215381779846519,18.688,17.041,16.0345,17.252000000000002,81.67141489616334,131990898.35,17.1215,15.725,False,False,19.61,2301693911.13,2155243645.033
2026-06-25,20.67,21.82,20.56,21.26,247695646.0,5333498016.0,8074538502.0,0.030676136591416058,19.574,17.728,16.295499999999997,17.3325,80.59981245282123,136773208.25,17.112166666666667,15.693999999999997,False,False,21.57,5266009433.96,2296600459.435
2026-06-26,20.25,20.77,19.14,19.26,234864337.0,4643416867.0,8074538502.0,0.029087029177187765,20.052,18.234,16.466500000000003,17.373,68.7450039198697,143302940.75,17.118,15.661499999999998,False,False,21.57,4523487130.620001,2440193223.862
2026-06-29,18.68,19.19,17.91,17.98,192815062.0,3591092491.0,8074538502.0,0.02387939099581248,19.936,18.496,16.585,17.39316666666667,65.44901058475753,147515525.4,17.14833333333333,15.699499999999997,False,False,21.57,3466814814.76,2528800255.0955
2026-06-30,17.7,18.21,17.03,17.3,158090151.0,2804396088.0,8074538502.0,0.019578846637593256,19.474,18.537,16.685499999999998,17.413,61.645848577293016,149248068.4,17.178166666666666,15.8055,False,False,21.57,2734959612.3,2571178897.741
2026-07-01,16.95,17.54,16.45,16.61,158675316.0,2738584484.0,8074538502.0,0.01965131703325179,18.482,18.585,16.7535,17.394499999999997,57.905982848241884,152406657.75,17.252000000000002,16.0345,False,False,21.57,2635596998.7599998,2630137306.8164997
2026-07-02,16.68,17.15,16.16,16.27,139656342.0,2357679503.0,8074538502.0,0.01729589151942346,17.484,18.529,16.822,17.346166666666665,57.293868865249166,153234249.2,17.3325,16.295499999999997,True,False,21.57,2272208684.34,2652034878.8485003
2026-07-03,17.19,17.89,16.62,16.74,151694166.0,2639705694.0,8074538502.0,0.018786728921092708,16.98,18.516,16.9225,17.290666666666667,55.11111105395884,156766626.2,17.373,16.466500000000003,True,True,21.57,2539360338.8399997,2719312055.7415
2026-07-06,17.65,17.97,17.11,17.41,196877257.0,3506626435.0,8074538502.0,0.024382477952298455,16.866,18.401,17.0645,17.248333333333335,52.05696196765843,162338919.0,17.39316666666667,16.585,True,True,21.57,3427633044.37,2828456932.3315
2026-07-07,17.24,17.64,15.89,15.95,157999588.0,2638570877.0,8074538502.0,0.019567630764391643,16.596,18.035,17.166,17.183333333333334,49.32533727956861,164870704.65,17.413,16.685499999999998,False,True,21.57,2520093428.6,2879736346.7615
2026-07-08,16.05,16.39,15.24,15.31,137871130.0,2221308227.0,8074538502.0,0.017074799998272397,16.336000000000002,17.409,17.225,17.114500000000003,44.27710838705728,167514018.7,17.394499999999997,16.7535,True,False,21.57,2110807000.3,2925220770.958
2026-07-09,15.49,16.1,15.43,15.85,119434795.0,1913213500.0,8074538502.0,0.014791532044886148,16.252,16.868000000000002,17.298,17.06566666666667,46.298983987794934,168454024.85,17.346166666666665,16.822,True,True,21.57,1893041500.75,2947466199.4915
2026-07-10,15.5,15.9,15.34,15.47,95680095.0,1496139395.0,8074538502.0,0.01184960539556543,15.998,16.489,17.3615,17.0245,37.61026459289947,168055490.5,17.290666666666667,16.9225,True,True,21.57,1480171069.65,2947882697.7539997
2026-07-13,15.56,15.56,14.67,14.83,108124470.0,1617515045.0,8074538502.0,0.013390792547861208,15.482,16.174,17.335,16.967666666666666,30.182421192159723,164345553.5,17.248333333333335,17.0645,True,True,21.57,1603485890.1,2888032766.979
2026-07-14,14.6,15.04,14.43,15.04,100316454.0,1477497688.0,8074538502.0,0.012423800316903858,15.3,15.947999999999999,17.2425,16.915833333333335,18.33171675493267,168124585.65,17.183333333333334,17.166,True,True,21.57,1508759468.1599998,2942581347.9975
2026-07-15,15.2,15.92,15.09,15.26,121650542.0,1886894358.0,8074538502.0,0.015065943641220872,15.290000000000001,15.812999999999999,17.199,16.8735,20.645792535318876,160648599.3,17.114500000000003,17.225,True,True,21.57,1856387270.92,2816701889.595
2026-07-16,14.94,14.96,14.1,14.16,126248983.0,1817280088.0,8074538502.0,0.01563544256662212,14.952000000000002,15.602,17.0655,16.805166666666665,22.639484944532967,156770332.15,17.06566666666667,17.298,True,True,21.57,1787685599.28,2734576414.2300005
2026-07-17,14.1,14.34,13.81,13.91,100907593.0,1417662252.0,8074538502.0,0.012497010569087754,14.64,15.318999999999999,16.9175,16.724,25.452352188620864,154340551.0,17.0245,17.3615,True,True,21.57,1403624618.63,2678651682.4655
2026-07-20,14.13,14.36,13.86,14.29,120226660.0,1696672793.0,8074538502.0,0.014889601426783809,14.532,15.007,16.704,16.649,31.163954889074404,149850909.6,16.967666666666666,17.335,True,True,21.57,1718038971.3999999,2569655546.1715
2026-07-21,14.3,14.79,13.86,14.72,108763559.0,1555576344.0,8074538502.0,0.013469941219929797,14.468,14.884,16.4595,16.599666666666664,37.77490290700535,144215012.75,16.915833333333335,17.2425,True,True,21.57,1600999588.48,2432542918.7675
2026-07-22,14.73,15.79,14.72,15.76,129519182.0,2000066145.0,8074538502.0,0.016040443917373002,14.568000000000001,14.929000000000002,16.169,16.57483333333333,46.975088889958336,145355566.4,16.8735,17.199,True,True,21.57,2041222308.32,2419519338.627
2026-07-23,15.65,16.18,14.97,15.87,121077244.0,1878289252.0,8074538502.0,0.014994942927079995,14.91,14.930999999999997,15.8995,16.55333333333333,44.60966535011954,139024646.3,16.805166666666665,17.0655,True,True,21.26,1921495862.28,2252293660.043
2026-07-24,16.0,16.25,15.47,15.7,103328515.0,1641795888.0,8074538502.0,0.012796832286378514,15.268,14.953999999999999,15.721499999999997,16.533,38.70541604466632,132447855.2,16.724,16.9175,True,True,19.26,1622257685.5,2107232187.787
2026-07-27,15.35,16.05,15.28,15.9,77919946.0,1226000194.0,8074538502.0,0.009650080432547302,15.59,15.061000000000002,15.617500000000001,16.522333333333332,49.60380337647334,126703099.4,16.649,16.704,True,True,17.98,1238927141.4,1995837804.119
2026-07-28,15.6,16.23,15.34,16.19,107214370.0,1690582640.0,8074538502.0,0.01327808022383494,15.884,15.176000000000002,15.562000000000001,16.50316666666667,57.38255020077926,124159310.35,16.599666666666664,16.4595,False,True,17.41,1735800650.3000002,1945879856.0189998
2026-07-29,15.92,16.49,15.78,16.29,93112253.0,1501388908.0,8074538502.0,0.011531588211132664,15.99,15.279,15.545999999999998,16.485833333333332,53.985507109457046,120881157.2,16.57483333333333,16.169,False,False,17.41,1516798601.37,1889939936.1495004
2026-07-30,16.23,16.98,16.16,16.47,105454555.0,1754096952.0,8074538502.0,0.013060134021762326,16.11,15.51,15.556000000000001,16.4545,59.39849608428966,119171067.85,16.55333333333333,15.8995,False,False,17.41,1736836520.85,1863171327.975
2026-07-31,16.0,16.96,15.88,16.79,94490538.0,1564033389.0,8074538502.0,0.011702283415528383,16.327999999999996,15.797999999999998,15.5585,16.432,69.59999980512,116310886.45,16.533,15.721499999999997,False,False,17.41,1586496133.02,1815528117.684
2026-08-03,16.94,17.11,16.44,17.03,81835398.0,1378592123.0,8074538502.0,0.010134993842648718,16.554000000000002,16.072,15.539499999999999,16.396,69.78131193301425,110558793.5,16.522333333333332,15.617500000000001,False,False,17.41,1393656827.94,1713829306.8625
2026-08-04,16.99,17.7,16.53,16.78,114337555.0,1951347032.0,8074538502.0,0.014160258814999703,16.672000000000004,16.278,15.581,16.374333333333333,65.01976266595324,108375691.85,16.50316666666667,15.562000000000001,False,False,17.03,1918584172.9,1683753844.0774999
2026-08-05,16.76,18.22,16.1,18.1,156828550.0,2735239941.0,8074538502.0,0.019422602290044787,17.034,16.512,15.720499999999998,16.384166666666665,87.31060582910067,109323562.85,16.485833333333332,15.545999999999998,False,False,17.03,2838596755.0,1720143331.8125
2026-08-06,17.95,18.08,17.45,17.88,98795616.0,1748654506.0,8074538502.0,0.01223545048122925,17.316,16.713,15.822,16.386833333333332,87.80952357536505,108291603.9,16.4545,15.556000000000001,False,False,18.1,1766465614.08,1713814537.479
2026-08-07,18.15,18.5,17.9,17.98,79283756.0,1437911179.0,8074538502.0,0.009818982964829758,17.554,16.941,15.9475,16.391166666666667,87.12273617309488,107471786.95,16.432,15.5585,False,False,18.1,1425521932.88,1711082080.6404998
