日期,开盘,最高,最低,收盘,成交量,amount,outstanding_share,turnover,MA5,MA10,MA20,MA60,RSI14,Vol_MA20,MA60_prev5,MA20_prev5,MA20_break_1,MA20_break_2,High_20,成交额估算,Amount_MA20
2021-04-12,27.57,27.95,26.7,26.77,57141196.0,1800309281.0,4287855684.0,0.013326287126038451,28.113999999999997,28.163999999999998,27.552,34.129666666666665,48.333333258148144,91576896.35,34.841,27.739500000000003,False,False,29.4,1529669816.92,2521035999.791
2021-04-13,25.84,27.21,25.82,26.67,63381972.0,1964385009.0,4287855684.0,0.014781740961224012,27.568,28.131999999999998,27.546000000000003,34.00966666666667,49.71428563474287,86364579.8,34.733,27.7545,True,False,29.4,1690397193.24,2381017747.5845003
2021-04-14,27.11,27.64,26.99,27.48,61119865.0,1942723795.0,4287855684.0,0.014254179595658239,27.377999999999997,28.03,27.5765,33.8875,58.703071578857454,83727526.85,34.59666666666667,27.780499999999996,True,True,29.4,1679573890.2,2312024290.7005
2021-04-15,27.78,27.96,27.23,27.81,47586809.0,1528357326.0,4287855684.0,0.011098043522679343,27.292,27.990999999999996,27.599,33.786,58.0831407836993,80847466.65,34.4585,27.767499999999995,True,True,29.4,1323389158.29,2234296546.8310003
2021-04-16,27.7,27.7,26.52,27.28,62753094.0,1969422091.0,4287855684.0,0.014635076043758006,27.202000000000005,27.867,27.558999999999997,33.696333333333335,48.064918767427116,78474511.15,34.288000000000004,27.664499999999997,False,True,29.4,1711904404.3200002,2165153832.631
2021-04-19,27.45,29.0,27.26,28.84,91721706.0,3026981843.0,4287855684.0,0.021391043159931126,27.615999999999996,27.865,27.673000000000002,33.62416666666666,60.31215152236678,77314340.05,34.129666666666665,27.552,True,False,29.4,2645254001.04,2144795962.6990001
2021-04-20,28.9,30.17,28.65,29.3,114856411.0,3943092925.0,4287855684.0,0.026786445128874816,28.142000000000003,27.855,27.784499999999998,33.562666666666665,55.05050495319356,79048798.6,34.00966666666667,27.546000000000003,False,True,29.4,3365292842.3,2204554245.474
2021-04-21,29.33,29.91,28.74,29.25,77617664.0,2635479099.0,4287855684.0,0.01810174355672181,28.496000000000002,27.937,27.910999999999994,33.51616666666667,56.84484996143054,79092968.45,33.8875,27.5765,False,False,29.4,2270316672.0,2215553098.362
2021-04-22,29.54,29.63,28.33,29.45,70185330.0,2368229522.0,4287855684.0,0.0163683983726165,28.824,28.058,28.086000000000002,33.45683333333333,56.15894029321522,78968763.1,33.786,27.599,False,False,29.4,2066957968.5,2224612402.2795
2021-04-23,29.69,30.8,29.57,30.5,99014852.0,3486109468.0,4287855684.0,0.023091927363477004,29.468,28.335,28.2905,33.364999999999995,59.92736067324662,80281708.75,33.696333333333335,27.558999999999997,False,False,29.45,3019952986.0,2279535834.13
2021-04-26,30.4,31.01,29.7,29.71,89891929.0,3172860271.0,4287855684.0,0.02096430841537623,29.642000000000003,28.629,28.396500000000003,33.216166666666666,51.82138651874274,78664158.5,33.62416666666666,27.673000000000002,False,False,30.5,2670689210.59,2244436167.2065
2021-04-27,29.38,29.81,28.94,29.46,52676274.0,1795136261.0,4287855684.0,0.012284992285668539,29.674,28.908000000000005,28.52,33.07116666666666,56.6110396928685,76583857.4,33.562666666666665,27.784499999999998,False,False,30.5,1551843032.04,2194794360.3565
2021-04-28,29.63,29.99,29.12,29.63,52254675.0,1790038224.0,4287855684.0,0.012186668314184801,29.75,29.123,28.5765,32.90716666666667,58.94465883845237,71922786.25,33.51616666666667,27.910999999999994,False,False,30.5,1548306020.25,2064906221.7190003
2021-04-29,29.76,29.85,28.73,29.35,58211960.0,1971908047.0,4287855684.0,0.013576007284297397,29.73,29.276999999999997,28.633999999999997,32.672666666666665,60.742705457506936,70643250.0,33.45683333333333,28.086000000000002,False,False,30.5,1708521026.0,2032170487.1690001
2021-04-30,29.36,30.76,29.35,30.35,105221365.0,3691540932.0,4287855684.0,0.02453939049129621,29.7,29.584000000000003,28.7255,32.47233333333333,73.61477558962974,71442128.2,33.364999999999995,28.2905,False,False,30.5,3193468427.75,2064582248.3305001
2021-05-06,30.15,32.09,29.94,31.5,109266243.0,3970335062.0,4287855684.0,0.025482724012313097,30.058,29.85,28.857499999999998,32.33683333333333,77.9837773937691,73722107.55,33.216166666666666,28.396500000000003,False,False,30.5,3441886654.5,2144805596.4475002
2021-05-07,31.51,32.67,30.83,31.01,98271539.0,3624532462.0,4287855684.0,0.02291857428100885,30.368000000000002,30.020999999999997,28.938,32.2305,71.23947039743054,74149746.95,33.07116666666666,28.52,False,False,31.5,3047400424.3900003,2165289053.697
2021-05-10,30.58,33.54,30.44,33.23,120558739.0,4590484379.0,4287855684.0,0.028116323842208864,31.088,30.419,29.178000000000004,32.13016666666667,76.56862734588623,76557406.55,32.90716666666667,28.5765,False,False,31.5,4006166896.97,2262672913.485
2021-05-11,32.82,33.25,31.44,33.09,96746398.0,3640214516.0,4287855684.0,0.022562885770854222,31.836000000000002,30.782999999999998,29.420500000000004,32.016666666666666,79.61264004948254,78880228.65,32.672666666666665,28.633999999999997,False,False,33.23,3201338309.82,2351730411.104
2021-05-12,32.75,33.59,32.42,33.35,62474539.0,2406740255.0,4287855684.0,0.014570112336831156,32.436,31.068,29.7015,31.926333333333332,76.49823724195362,79547628.0,32.47233333333333,28.7255,False,False,33.23,2083525875.65,2387792740.5385003
2021-05-13,32.74,33.25,32.21,32.38,58333386.0,2209780806.0,4287855684.0,0.013604325867978537,32.612,31.335,29.982,31.811500000000002,67.07317062760268,79607237.5,32.33683333333333,28.857499999999998,False,False,33.35,1888835038.68,2405751001.6265
2021-05-14,32.2,32.47,31.1,32.22,60835543.0,2250198940.0,4287855684.0,0.014187870927420887,32.854,31.610999999999997,30.259499999999996,31.678333333333335,66.26506013935261,79479916.05,32.2305,28.938,False,False,33.35,1960121195.46,2419237201.7375
2021-05-17,32.22,34.41,32.22,34.14,91938955.0,3609518366.0,4287855684.0,0.021441709277452446,33.036,32.062,30.5925,31.515166666666666,71.61290313340274,81020870.55,32.13016666666667,29.178000000000004,False,False,33.35,3138795923.7000003,2492198303.4125
2021-05-18,34.2,34.41,33.62,34.01,42446297.0,1676506420.0,4287855684.0,0.009899189741480114,33.22,32.528000000000006,30.902499999999996,31.305833333333332,67.67371591667353,80763844.95,32.016666666666666,29.420500000000004,False,False,34.14,1443598560.97,2498208773.5465
2021-05-19,33.77,35.28,33.77,35.14,66046772.0,2670636840.0,4287855684.0,0.015403217101371082,33.577999999999996,33.007,31.295500000000004,31.114833333333333,76.4362219016449,80928528.85,31.926333333333332,29.7015,False,False,34.14,2320883568.08,2528657731.7345
2021-05-20,35.33,35.57,34.0,34.19,61488670.0,2463054946.0,4287855684.0,0.014340191119174802,33.94,33.275999999999996,31.563,30.952999999999996,71.5587966269988,79416877.05,31.811500000000002,29.982,False,False,35.14,2102297627.3,2501509913.0474997
2021-05-21,34.68,35.19,33.38,34.06,62373735.0,2460193737.0,4287855684.0,0.014546603150088667,34.30800000000001,33.581,31.801,30.802000000000003,70.26532470414327,76792743.25,31.678333333333335,30.259499999999996,False,False,35.14,2124449414.1000001,2439467741.6375003
2021-05-24,33.98,35.1,32.72,34.97,72060657.0,2801890932.0,4287855684.0,0.016805756142608087,34.474000000000004,33.754999999999995,32.087,30.66416666666667,74.30795838751632,76514892.9,31.515166666666666,30.5925,False,False,35.14,2519961175.29,2451949966.802
2021-05-25,34.63,34.79,34.06,34.65,59240074.0,2357354382.0,4287855684.0,0.013815780745852173,34.602,33.911,32.346999999999994,30.563499999999998,69.76102932199868,75967630.1,31.305833333333332,30.902499999999996,False,False,35.14,2052668564.1,2451235496.5820003
2021-05-26,34.72,34.87,33.58,33.68,60075427.0,2349337999.0,4287855684.0,0.014010599102989773,34.31,33.944,32.506,30.4405,60.186915809101244,74020658.85,31.114833333333333,31.295500000000004,False,False,35.14,2023340381.36,2401404866.3500004
2021-05-27,33.71,34.5,33.2,33.32,55443596.0,2157334927.0,4287855684.0,0.012930378279027918,34.136,34.038,32.686499999999995,30.32133333333333,60.92715223718258,72298242.2,30.952999999999996,31.563,False,False,35.14,1847380618.72,2360239436.7565
2021-05-28,32.94,34.46,32.94,33.26,72880101.0,2830675996.0,4287855684.0,0.01699686425360579,33.976,34.142,32.8765,30.193666666666665,50.178359012782764,73308433.55,30.802000000000003,31.801,False,False,35.14,2423992159.2599998,2403846893.1175
2021-05-31,33.09,34.92,32.75,34.78,90628392.0,3559299750.0,4287855684.0,0.021136063962734805,33.938,34.205999999999996,33.134,30.100833333333334,58.631256300220855,75227119.4,30.66416666666667,32.087,False,False,35.14,3152055473.76,2484034365.793
2021-06-01,34.54,34.82,33.81,34.27,59183398.0,2340305616.0,4287855684.0,0.013802562950250636,33.862,34.232,33.38,30.053166666666662,54.58167323066301,75275691.3,30.563499999999998,32.346999999999994,False,False,35.14,2028215049.4600003,2500019066.966
2021-06-02,34.76,35.19,33.09,33.29,66188085.0,2575118532.0,4287855684.0,0.015436173667639696,33.784000000000006,34.047000000000004,33.527,30.051000000000002,54.527363108121065,73324027.3,30.4405,32.506,False,False,35.14,2203401349.65,2450515713.061
2021-06-03,32.85,32.85,30.98,31.18,114075448.0,4157996697.0,4287855684.0,0.026604311433724083,33.356,33.745999999999995,33.511,30.035999999999998,45.6666666133889,73564487.55,30.32133333333333,32.686499999999995,True,False,35.14,3556872468.64,2456265003.768
2021-06-04,30.77,31.53,30.39,30.92,71443656.0,2554878206.0,4287855684.0,0.016661861141126968,32.888,33.432,33.5065,30.066333333333333,34.429400340231,72223093.4,30.193666666666665,32.8765,True,True,35.14,2209037843.52,2414346874.7244997
2021-06-07,30.65,30.81,29.65,30.33,98061928.0,3404114474.0,4287855684.0,0.02286968947343891,31.998,32.968,33.3615,30.106666666666666,32.96296292023321,71098252.85,30.100833333333334,33.134,True,True,35.14,2974218276.24,2362749443.6879997
2021-06-08,30.33,31.19,29.77,30.1,87638599.0,3072330653.0,4501548184.0,0.01946854624626628,31.163999999999998,32.513,33.212,30.133333333333333,24.545454510743795,70642862.9,30.053166666666662,33.38,True,True,35.14,2637921829.9,2334578619.692
2021-06-09,30.14,30.16,29.19,29.9,76744955.0,2629356257.0,4501548184.0,0.017048569039597776,30.486,32.135,33.039500000000004,30.135166666666667,26.557377008546098,71356383.7,30.051000000000002,33.527,True,True,35.14,2294674154.5,2345136033.6344995
2021-06-10,29.68,31.59,29.67,30.85,117223311.0,4179067283.0,4501548184.0,0.02604066561292194,30.419999999999998,31.887999999999998,32.963,30.165666666666667,33.901705067740835,74300879.95,30.035999999999998,33.511,True,True,35.14,3616339144.3500004,2431511238.918
2021-06-11,30.87,32.16,30.43,31.42,130503001.0,4713308055.0,4501548184.0,0.0289906929051323,30.520000000000003,31.704,32.923,30.242833333333333,31.568016568852343,77784252.85,30.066333333333333,33.5065,True,True,35.14,4100404291.42,2538525393.716
2021-06-15,31.64,32.43,30.65,30.98,101904987.0,3708041401.0,4501548184.0,0.022637764350097202,30.65,31.323999999999995,32.765,30.31133333333333,31.179487134716666,78282554.45,30.106666666666666,33.3615,True,True,35.14,3157016497.26,2539436422.394
2021-06-16,30.59,30.61,29.08,29.09,94182193.0,3220576447.0,4501548184.0,0.02092217813745832,30.448,30.806,32.519,30.34016666666667,28.491096494950796,80869349.25,30.133333333333333,33.212,True,True,35.14,2739759994.37,2604244494.064
2021-06-17,29.09,30.16,29.09,29.88,55429886.0,1900222600.0,4501548184.0,0.012313516091423003,30.444,30.464999999999996,32.256,30.370166666666666,34.504504460985316,80338504.95,30.135166666666667,33.039500000000004,True,True,35.14,1656244993.6799998,2571012565.344
2021-06-18,29.77,30.85,29.64,30.16,72829486.0,2554361095.0,4501548184.0,0.01617876406585188,30.306,30.363,32.054500000000004,30.430166666666665,36.307420449796496,80905545.75,30.165666666666667,32.963,True,True,34.97,2196537297.76,2575724548.867
2021-06-21,30.25,31.22,29.73,30.79,63395825.0,2245686511.0,4501548184.0,0.014083115943383625,30.18,30.35,31.891,30.492166666666666,30.872483180036937,80956650.25,30.242833333333333,32.923,True,True,34.97,1951957451.75,2567099950.7495
2021-06-22,31.19,31.48,30.59,30.77,65120687.0,2331540526.0,4501548184.0,0.014466286783613821,30.137999999999998,30.394,31.681,30.559666666666665,32.394366151557236,80609651.75,30.31133333333333,32.765,True,True,34.97,2003763538.99,2541290068.9345
2021-06-23,30.82,31.51,30.55,31.11,83429869.0,3005029220.0,4501548184.0,0.018533594574537158,30.541999999999994,30.494999999999997,31.504,30.645666666666667,38.27956983484797,81819141.5,30.34016666666667,32.519,True,True,34.78,2595503224.59,2568431801.959
2021-06-24,31.9,34.19,31.13,34.19,185520069.0,7057777469.0,4501548184.0,0.041212503213761,31.403999999999996,30.924,31.529500000000002,30.775333333333332,64.65433292062698,88091373.6,30.370166666666666,32.256,True,True,34.78,6342931159.11,2784411340.8464994
2021-06-25,34.19,34.55,33.33,33.89,121577927.0,4751427343.0,4501548184.0,0.02700802524609831,32.15,31.227999999999998,31.558000000000003,30.880333333333333,64.40349166812328,91398090.15,30.430166666666665,32.054500000000004,False,True,34.78,4120275946.03,2898056107.2120004
2021-06-28,34.5,36.58,34.06,35.89,152147054.0,6185312877.0,4501548184.0,0.03379882826552457,33.17,31.675,31.689500000000002,31.028666666666663,73.72013643070974,95361437.8,30.492166666666666,31.891,False,False,34.78,5460557768.06,3049884387.652
2021-06-29,36.4,37.7,35.97,37.49,149622814.0,6392949965.0,4501548184.0,0.03323807896399049,34.513999999999996,32.32600000000001,31.825,31.178499999999996,78.22765461457698,98311158.9,30.559666666666665,31.681,False,False,35.89,5609359296.860001,3172749578.807
2021-06-30,36.84,38.34,36.14,37.5,107279078.0,4626612897.0,4501548184.0,0.023831596067616367,35.792,33.167,31.9865,31.3335,79.45736425485248,100715942.9,30.645666666666667,31.504,False,False,37.49,4022965425.0,3272487097.584
2021-07-01,38.75,39.32,37.41,37.44,135249553.0,5999991809.0,4501548184.0,0.03004511947261209,36.44199999999999,33.923,32.194,31.482166666666668,77.43547035103273,104169016.3,30.775333333333332,31.529500000000002,False,False,37.5,5063743264.32,3415504193.3175
2021-07-02,36.76,38.22,36.26,36.38,150822577.0,6493263687.0,4501548184.0,0.03350460126941962,36.94,34.545,32.45399999999999,31.6075,69.83999992177921,106006372.75,30.880333333333333,31.558000000000003,False,False,37.5,5486925351.26,3512006837.4485
2021-07-05,37.27,37.41,36.08,36.92,107243758.0,4549896925.0,4501548184.0,0.02382374987813748,37.146,35.158,32.754000000000005,31.732833333333335,73.57142848968256,107796377.85,31.028666666666663,31.689500000000002,False,False,37.5,3959439545.36,3599526922.5404997
2021-07-06,37.11,37.11,34.42,35.17,132162639.0,5409156278.0,4501548184.0,0.02935937450803037,36.682,35.598,32.995999999999995,31.845166666666668,74.39807375268276,109501413.4,31.178499999999996,31.825,False,False,37.5,4648160013.63,3683224009.41
2021-07-07,35.06,37.05,34.55,36.66,117901378.0,4920051212.0,4501548184.0,0.02619129534569034,36.513999999999996,36.153000000000006,33.324,31.985500000000002,75.75987833885729,111014552.35,31.3335,31.9865,False,False,37.5,4322264517.48,3767441143.789
2021-07-08,36.67,36.92,35.46,35.56,114105335.0,4760467701.0,4501548184.0,0.025348020355656378,36.138,36.290000000000006,33.607,32.116,69.31330465161761,112882571.35,31.482166666666668,32.194,False,False,37.5,4057585712.6000004,3855586721.6940002
2021-07-09,35.43,36.27,34.15,35.94,102191777.0,4153296738.0,4501548184.0,0.02270147354264108,36.05,36.495,33.86149999999999,32.26883333333333,68.75455200563997,112130994.65,31.6075,32.45399999999999,False,False,37.5,3672772465.3799996,3858408387.7455
2021-07-12,36.32,36.36,35.23,35.33,121497934.0,5005100602.0,4501548184.0,0.026990255137520038,35.732,36.439,34.057,32.41316666666667,65.92178764504855,111680741.3,31.732833333333335,32.754000000000005,False,False,37.5,4292522008.22,3868014273.5855
2021-07-13,36.11,37.27,35.32,36.9,146852282.0,6182832579.0,4501548184.0,0.03262261693031786,36.078,36.379999999999995,34.352999999999994,32.570166666666665,68.61736328227377,113928106.05,31.845166666666668,32.995999999999995,False,False,37.5,5418849205.8,3981105909.0125
2021-07-14,36.9,36.9,34.6,34.86,134738239.0,5495550849.0,4501548184.0,0.0299315332175949,35.718,36.116,34.6415,32.687666666666665,52.30875253395435,115955908.35,31.985500000000002,33.324,False,False,37.5,4696975011.54,4078966659.871
2021-07-15,34.25,35.42,33.46,35.04,122065762.0,4862966616.0,4501548184.0,0.02711639573999504,35.614,35.876,34.8995,32.817,53.9958303852716,119287702.15,32.116,33.607,False,False,37.5,4277184300.48,4210013625.211
2021-07-16,34.67,34.83,33.53,33.54,102939762.0,4053825628.0,4501548184.0,0.022867635265103273,35.134,35.592,35.0685,32.89533333333333,41.540676703990655,120793215.95,32.26883333333333,33.86149999999999,False,False,37.5,3452599617.48,4272816741.197
2021-07-19,33.5,34.94,33.37,34.23,77018648.0,3046033601.0,4501548184.0,0.01710936878866473,34.914,35.323,35.2405,32.9775,37.44221875776643,121474357.1,32.41316666666667,34.057,True,False,37.5,2636348321.04,4307036284.661501
2021-07-20,33.8,34.72,33.63,34.4,59412400.0,2353444897.0,4501548184.0,0.013198214829993699,34.414,35.245999999999995,35.422000000000004,33.06333333333333,38.20395734133519,121188942.75,32.570166666666665,34.352999999999994,True,True,37.5,2043786560.0,4309037435.712
2021-07-21,34.52,37.84,34.5,37.84,184279008.0,7778055892.0,4501548184.0,0.04093680673129056,35.010000000000005,35.364,35.7585,33.20316666666667,51.210653709627806,126231399.7,32.687666666666665,34.6415,True,True,37.5,6973117662.72,4527918157.618501
2021-07-22,38.83,39.44,37.36,38.47,196619326.0,8701403867.0,4501548184.0,0.04367815648377385,35.696,35.654999999999994,35.9725,33.336,56.49471716650552,126786362.55,32.817,34.8995,False,True,37.84,7563945471.219999,4588968873.224001
2021-07-23,38.13,39.05,37.4,37.74,111786371.0,4909359425.0,4501548184.0,0.024832872254333734,36.536,35.834999999999994,36.165,33.469833333333334,52.51842747326427,126296784.75,32.89533333333333,35.0685,False,False,38.47,4218817641.5400004,4593895957.9995
2021-07-26,37.66,38.73,35.95,37.29,125220265.0,5427983718.0,4501548184.0,0.027817155316714033,37.148,36.031,36.235,33.60033333333333,57.07610141528268,124950445.3,32.9775,35.2405,False,False,38.47,4669463681.849999,4554341253.689
2021-07-27,37.27,39.76,36.27,36.45,146572261.0,6472174318.0,4501548184.0,0.03256041144266023,37.558,35.986000000000004,36.183,33.714,49.26727141034602,124797917.65,33.06333333333333,35.422000000000004,False,False,38.47,5342558913.450001,4541001234.5185
2021-07-28,35.97,37.05,34.41,35.83,103014144.0,4263295994.0,4501548184.0,0.02288415891362588,37.156,36.083,36.0995,33.821999999999996,50.97472919035044,124584670.95,33.20316666666667,35.7585,False,False,38.47,3690996779.52,4524402802.244499
2021-07-29,36.45,38.01,35.85,37.96,129508664.0,5531895091.0,4501548184.0,0.028769805121783853,37.053999999999995,36.375,36.1255,33.94883333333333,56.47435892367687,124297626.5,33.336,35.9725,True,False,38.47,4916148885.440001,4517023083.3005
2021-07-30,37.27,38.88,37.04,37.46,121701705.0,5320628138.0,4501548184.0,0.02703552200831002,36.998,36.767,36.179500000000004,34.04816666666667,56.87540343471559,122841582.9,33.469833333333334,36.165,False,True,38.47,4558945869.3,4470624109.2025
2021-08-02,37.4,40.48,37.27,39.75,164261330.0,7469660053.0,4501548184.0,0.03648996373821776,37.489999999999995,37.319,36.321,34.19383333333334,58.79086978266057,125692461.5,33.60033333333333,36.235,False,False,38.47,6529387867.5,4599121525.3095
2021-08-03,39.74,40.34,38.14,39.65,114117720.0,5190312206.0,4501548184.0,0.025350771631327273,38.13,37.84400000000001,36.545,34.30083333333334,66.78346174246892,124790215.55,33.714,36.183,False,False,39.75,4524767598.0,4592951904.528
2021-08-04,39.65,43.62,39.57,43.62,182694745.0,8970240449.0,4501548184.0,0.04058486936768952,39.688,38.422,36.893,34.47633333333333,73.7541527667465,128029883.9,33.821999999999996,36.0995,False,False,39.75,7969144776.9,4775295917.499001
2021-08-05,43.34,45.38,42.83,44.44,169223499.0,8643112978.0,4501548184.0,0.03759228871557493,40.984,39.019,37.337,34.66116666666667,81.3578825581697,130785792.1,33.94883333333333,36.1255,False,False,43.62,7520292295.559999,4948431246.647
2021-08-06,44.44,45.67,43.34,43.93,101575147.0,5180781336.0,4501548184.0,0.0225644917810792,42.278,39.638,37.7365,34.85366666666666,78.19767435495538,130754960.6,34.04816666666667,36.179500000000004,False,False,44.44,4462196207.71,4987902433.763499
2021-08-09,43.36,43.92,41.28,42.92,99397586.0,4866385968.0,4501548184.0,0.022080755761604884,42.912,40.201,38.116,35.032000000000004,73.6141906302329,129649943.2,34.19383333333334,36.321,False,False,44.44,4266144391.1200004,4986583552.908501
2021-08-10,42.73,44.1,41.49,42.73,95103840.0,4688953402.0,4501548184.0,0.021126918142969277,43.528,40.829,38.4075,35.17516666666666,66.53144009929409,127062521.1,34.30083333333334,36.545,False,False,44.44,4063787083.2,4918830446.778501
2021-08-11,42.43,42.72,40.25,40.89,129833602.0,6187291902.0,4501548184.0,0.028841988732114836,42.982,41.335,38.708999999999996,35.289833333333334,57.562499949632816,126817289.25,34.47633333333333,36.893,False,False,44.44,5308895985.78,4949426495.4904995
2021-08-12,40.82,41.49,39.44,41.33,117044842.0,5454243102.0,4501548184.0,0.02600101947503668,42.36,41.672,39.0235,35.39300000000001,61.42584335709981,126566243.25,34.66116666666667,37.337,False,False,44.44,4837463319.86,4977440446.4595
2021-08-13,40.4,41.13,39.84,39.96,84023952.0,3905279046.0,4501548184.0,0.0186655676148595,41.566,41.922000000000004,39.3445,35.48916666666666,58.027660805027836,125620452.75,34.85366666666666,37.7365,False,False,44.44,3357597121.92,4972690321.6815
2021-08-16,39.26,41.48,39.07,40.74,95087269.0,4471201646.0,4501548184.0,0.021123236965000573,41.13,42.021,39.67,35.600500000000004,62.94508141935841,126523883.8,35.032000000000004,38.116,False,False,44.44,3873855339.0600004,5034565672.5824995
2021-08-17,40.74,42.73,40.74,41.58,111980998.0,5416113311.0,4501548184.0,0.024876107823974366,40.9,42.214,40.028999999999996,35.71066666666666,67.1232876152635,129152313.7,35.17516666666666,38.4075,False,False,44.44,4656169896.84,5165184839.4244995
2021-08-18,42.21,43.11,40.65,41.13,113841900.0,5499304003.0,4501548184.0,0.025289499378154386,40.948,41.965,40.1935,35.818666666666665,60.489741836740166,125630458.3,35.289833333333334,38.708999999999996,False,False,44.44,4682317347.0,5050644823.638499
2021-08-19,41.13,42.8,40.3,42.49,97688712.0,4735271763.0,4501548184.0,0.021701136588344914,41.18,41.77,40.3945,35.9655,65.74827796365213,120683927.6,35.39300000000001,39.0235,False,False,44.44,4150793372.88,4879987218.721499
2021-08-20,42.47,42.89,41.17,42.43,79795712.0,3852917139.0,4501548184.0,0.017726281878670213,41.674,41.620000000000005,40.629000000000005,36.117333333333335,59.75254724624923,119084394.65,35.48916666666666,39.3445,False,False,44.44,3385732060.16,4838332939.6525
2021-08-23,42.73,44.16,41.17,43.71,107938438.0,5311889468.0,4501548184.0,0.023978070118997975,42.268,41.699,40.95,36.291500000000006,63.605898063640595,118220303.3,35.600500000000004,39.67,False,False,44.44,4717989124.9800005,4840759211.809
2021-08-24,43.46,46.27,43.35,43.94,106194018.0,5490014567.0,4501548184.0,0.023590554551309453,42.74,41.82,41.3245,36.44416666666666,51.43112694811845,116201391.15,35.71066666666666,40.028999999999996,False,False,44.44,4666165150.92,4806939523.6825
2021-08-25,44.19,48.1,43.77,47.36,152562650.0,8089135821.0,4501548184.0,0.033891151169337344,43.986,42.467,41.900999999999996,36.66233333333333,60.59506525048398,118678816.45,35.818666666666665,40.1935,False,False,44.44,7225367104.0,4983658039.9065
2021-08-26,46.89,48.07,46.48,46.97,95254338.0,5202745701.0,4501548184.0,0.021160350640822997,44.882,43.031,42.3515,36.89033333333334,61.12737914672157,116966100.15,35.9655,40.3945,False,False,47.36,4474096255.86,4961555408.4275
2021-08-27,46.45,51.21,46.2,49.72,135860578.0,7730604070.0,4501548184.0,0.030180856106993077,46.339999999999996,44.007000000000005,42.9645,37.199333333333335,72.0779220123967,117674043.8,36.117333333333335,40.629000000000005,False,False,47.36,6754987938.16,5071357511.870501
2021-08-30,50.17,54.01,50.01,52.43,151184041.0,9097955983.0,4501548184.0,0.03358489897705824,48.083999999999996,45.176,43.5985,37.55783333333333,77.06473208265035,117020179.35,36.291500000000006,40.95,False,False,49.72,7926579269.63,5141217081.977
2021-08-31,51.88,53.4,50.87,52.87,104708161.0,6305525759.0,4501548184.0,0.02326047766680975,49.87,46.30499999999999,44.2595,37.9335,86.2590798300468,116549701.4,36.44416666666666,41.3245,False,False,52.43,5535920472.07,5191774725.6805
2021-09-01,52.89,53.39,47.58,48.84,148791731.0,8490754323.0,4501548184.0,0.0330534573702566,50.166000000000004,47.076,44.5205,38.24583333333333,68.67230228933806,114854550.7,36.66233333333333,41.900999999999996,False,False,52.87,7266988142.040001,5156666893.9375
2021-09-02,49.4,53.65,49.4,53.65,122835981.0,7330539453.0,4501548184.0,0.02728749665206294,51.501999999999995,48.19199999999999,44.981,38.641666666666666,79.06581736276344,112535174.8,36.89033333333334,42.3515,False,False,52.87,6590150380.65,5110159798.191999
2021-09-03,52.87,54.4,49.59,50.75,120952450.0,7201934221.0,4501548184.0,0.026869078160688193,51.708000000000006,49.024,45.322,38.973333333333336,69.49746782341394,113504039.95,37.199333333333335,42.9645,False,False,53.65,6138336837.5,5193966829.6815
2021-09-06,51.03,51.03,46.02,48.23,116234892.0,6406516631.0,4501548184.0,0.025821092488388212,50.868,49.476,45.58749999999999,39.2535,62.15722117476413,114345905.25,37.55783333333333,43.5985,False,False,53.65,5606008841.16,5260960052.1835
2021-09-07,48.23,49.91,47.41,49.56,75467463.0,4256096504.0,4501548184.0,0.016764779563670222,50.206,50.038,45.929,39.56316666666667,64.93092451615186,113364086.4,37.9335,44.2595,False,False,53.65,3740167466.28,5244779071.3375
2021-09-08,49.4,50.48,47.24,47.77,78984294.0,4397243176.0,4501548184.0,0.017546028781994707,49.992,50.07899999999999,46.273,39.8745,59.21144449305791,110821621.0,38.24583333333333,44.5205,False,False,53.65,3773079724.38,5167988258.2675
2021-09-09,47.8,49.6,47.39,49.32,67838603.0,3785374711.0,4501548184.0,0.015070060394137504,49.126000000000005,50.314,46.6725,40.198499999999996,61.42620229320176,108361309.05,38.641666666666666,44.981,False,False,53.65,3345799899.96,5093405087.2725
2021-09-10,48.63,51.12,48.17,50.83,86068251.0,4934805020.0,4501548184.0,0.019119700041402468,49.141999999999996,50.425,47.215999999999994,40.543,61.71823565292774,108463524.0,38.973333333333336,45.322,False,False,53.65,4374849198.33,5144267691.093
2021-09-13,50.29,50.95,47.7,48.07,91806026.0,5174621862.0,4501548184.0,0.02039432263022512,49.11,49.989000000000004,47.582499999999996,40.831,56.27468852057595,108299461.85,39.2535,45.58749999999999,False,False,53.65,4413115669.82,5171230707.631
2021-09-14,46.82,46.97,44.2,45.04,144757784.0,7598073250.0,4501548184.0,0.032157333007012415,48.206,49.206,47.7555,41.06883333333334,46.4329643096537,109938301.15,39.56316666666667,45.929,False,False,53.65,6519890591.36,5264416742.357
2021-09-15,45.5,46.46,45.08,45.94,76769768.0,4055997216.0,4501548184.0,0.017054081143208753,47.839999999999996,48.916,47.996,41.316,48.44081136305869,108084694.55,39.8745,46.273,True,False,53.65,3526803141.9199996,5206641032.103001
2021-09-16,45.99,46.27,42.9,42.9,121148105.0,6149634208.0,4501548184.0,0.026912542096206072,46.556,47.841,48.0165,41.461166666666664,39.76590634583664,109257664.2,40.198499999999996,46.6725,True,True,53.65,5197253704.5,5258964048.684
2021-09-17,44.06,44.18,41.33,42.83,105337782.0,5143945769.0,4501548184.0,0.02340034532439429,44.956,47.049,48.036500000000004,41.61016666666667,34.354628406748205,110534767.7,40.543,47.215999999999994,True,True,53.65,4511617203.059999,5315258305.829
2021-09-22,42.41,43.75,41.78,42.56,59198643.0,2929262421.0,4501548184.0,0.013150729611294992,43.854,46.482,47.979,41.721333333333334,33.10390034534727,108097777.95,40.831,47.582499999999996,True,True,53.65,2519494246.08,5205333561.884
2021-09-23,43.4,44.63,42.51,42.64,74837270.0,3754043157.0,4501548184.0,0.016624784838690954,43.374,45.79,47.914,41.80716666666667,38.32831323280886,106529940.55,41.06883333333334,47.7555,True,True,53.65,3191061192.8,5131578363.978
2021-09-24,42.56,45.16,41.72,44.07,99949819.0,5060955486.0,4501548184.0,0.022203432000407086,43.0,45.42,47.7495,41.916666666666664,29.335634149667854,103899299.0,41.316,47.996,True,True,53.65,4404788523.33,4990549434.9445
2021-09-27,44.38,44.63,42.0,43.47,84915665.0,4247427414.0,4501548184.0,0.018863657908143365,43.114000000000004,44.835,47.57449999999999,42.01716666666666,32.567049786592975,103382365.35,41.461166666666664,48.0165,True,True,53.65,3691283957.5499997,4951408820.029
2021-09-28,43.47,44.37,42.56,42.87,51979485.0,2594399085.0,4501548184.0,0.011547024018259404,43.122,44.039,47.232,42.12533333333333,35.864978876471,99188310.7,41.61016666666667,48.036500000000004,True,True,53.65,2228360521.95,4725077449.2185
2021-09-29,42.21,44.18,42.04,43.56,63491448.0,3184862025.0,4501548184.0,0.014104358190737519,43.322,43.588,46.7885,42.236,33.62445412277607,94803681.05,41.721333333333334,47.979,True,True,53.65,2765687474.88,4467032859.481
2021-09-30,43.5,44.93,42.82,44.15,61067387.0,3100347154.0,4501548184.0,0.013565863232799288,43.624,43.499,46.3525,42.385666666666665,39.42757006121576,92621642.35,41.80716666666667,47.914,True,True,53.65,2696125136.0499997,4325043092.68
2021-10-08,45.56,45.93,42.71,43.73,65026983.0,3291649359.0,4501548184.0,0.014445470834040505,43.556,43.278000000000006,46.097,42.5035,32.52032517477893,88433404.95,41.916666666666664,47.7495,True,True,53.65,2843629966.5899997,4103875183.9075
2021-10-11,43.6,45.5,43.42,44.64,62287645.0,3208189686.0,4501548184.0,0.013836938416296645,43.79,43.452,45.646499999999996,42.654833333333336,29.889538634278537,85405988.15,42.01716666666666,47.57449999999999,True,True,53.65,2780520472.8,3913393688.5150003
2021-10-12,44.72,45.82,44.26,45.7,64760935.0,3365114001.0,4501548184.0,0.014386369389576215,44.355999999999995,43.739,45.394,42.8175,41.34404670717192,82596412.4,42.12533333333333,47.232,True,True,50.83,2959574729.5,3754455583.1150002
2021-10-13,45.73,48.06,45.35,47.58,76562785.0,4159699336.0,4501548184.0,0.01700810074012528,45.16,44.241,45.3615,43.02166666666667,60.12759163941098,80612807.05,42.236,46.7885,False,True,50.83,3642857310.2999997,3656298006.5719995
2021-10-14,47.32,48.75,46.59,47.12,66499826.0,3653209395.0,4501548184.0,0.014772656713164264,45.754000000000005,44.689,45.2395,43.192,54.876032994358305,80164425.2,42.385666666666665,46.3525,False,False,50.83,3133471801.12,3625963223.314
2021-10-15,46.95,48.8,46.46,48.45,59510994.0,3305041581.0,4501548184.0,0.013220117072504494,46.698,45.127,45.2735,43.4185,76.70837333263549,79190760.2,42.5035,46.097,False,False,50.83,2883307659.3,3581474620.06
2021-10-18,48.96,49.16,46.98,48.37,61553723.0,3408063301.0,4501548184.0,0.013673900730149333,47.444,45.617,45.226,43.64066666666667,76.63461528145336,78876516.2,42.654833333333336,45.646499999999996,False,False,50.83,2977353581.5099998,3563052304.1375
2021-10-19,47.91,48.54,46.7,46.71,64260887.0,3492130356.0,4501548184.0,0.01427528582908533,47.646,46.001,45.019999999999996,43.86016666666667,67.59966064916068,77786148.0,42.8175,45.394,False,False,50.83,3001626031.77,3494391145.8095
2021-10-20,46.63,48.52,46.58,47.28,67707662.0,3732464517.0,4501548184.0,0.015040972401596313,47.586,46.373,44.9805,44.077666666666666,68.8925080647805,76581229.8,43.02166666666667,45.3615,False,False,48.45,3201218259.36,3433796275.2865
2021-10-21,47.24,47.54,46.21,46.74,44468170.0,2399211210.0,4501548184.0,0.00987841697619825,47.510000000000005,46.632,45.0655,44.28333333333333,61.72080765021147,71566749.1,43.192,45.2395,False,False,48.45,2078442265.8000002,3211723859.0085
2021-10-22,47.15,48.3,46.6,47.34,44631757.0,2441694284.0,4501548184.0,0.009914757140362534,47.288,46.993,45.13549999999999,44.44166666666667,66.98858639702895,69959848.55,43.4185,45.2735,False,False,48.45,2112867376.38,3141027070.7314997
2021-10-25,47.5,49.82,47.5,49.4,82720978.0,4682937354.0,4501548184.0,0.018376117419784125,47.494,47.469,45.4605,44.62383333333333,75.40856022912685,68038492.2,43.64066666666667,45.226,False,False,48.45,4086416313.2,3085485201.1665
2021-10-26,49.58,49.73,48.02,48.64,62013196.0,3472044132.0,4501548184.0,0.013775970725008684,47.88,47.763,45.751000000000005,44.8055,69.65944264897583,65872262.9,43.86016666666667,45.019999999999996,False,False,49.4,3016321853.44,3010720433.6855
2021-10-27,48.98,49.65,48.36,49.01,61721104.0,3493270798.0,4501548184.0,0.013711083715459793,48.226,47.90599999999999,46.0735,45.000833333333325,69.13385819150596,65998385.95,44.077666666666666,44.9805,False,False,49.4,3024951307.04,3035993286.7335
2021-10-28,48.69,49.0,47.32,48.05,58023439.0,3231451383.0,4501548184.0,0.012889662984444909,48.488,47.999,46.344,45.19416666666667,66.31419932564964,65157694.4,44.28333333333333,45.0655,False,False,49.4,2788026243.95,3015841539.2909994
2021-10-29,48.19,49.76,46.46,49.6,94340272.0,5249457416.0,4501548184.0,0.020957294722583824,48.940000000000005,48.114,46.6205,45.42366666666667,67.86743509004725,64877217.05,44.44166666666667,45.13549999999999,False,False,49.4,4679277491.2,3029565987.6845
2021-11-01,48.97,49.29,47.15,47.67,90260072.0,5033122426.0,4501548184.0,0.02005089544988418,48.594,48.044,46.8305,45.5855,56.67796604789887,65144437.4,44.62383333333333,45.4605,False,False,49.6,4302697632.24,3060136671.4189997
2021-11-02,47.06,47.37,44.31,44.48,105406707.0,5570250340.0,4501548184.0,0.023415656723313662,47.762,47.821,46.911,45.7025,40.34869236831372,67815798.5,44.8055,45.751000000000005,False,False,49.6,4688490327.36,3183143161.6895
2021-11-03,43.6,45.28,43.59,44.61,69876183.0,3594614890.0,4501548184.0,0.015522700223083961,46.882,47.554,46.963499999999996,45.783500000000004,42.02161471148745,68135035.25,45.000833333333325,46.0735,True,False,49.6,3117176523.63,3200717614.127
2021-11-04,45.1,46.42,44.29,45.68,71351429.0,3756735645.0,4501548184.0,0.01585041991855307,46.408,47.448,47.04,45.884,41.047188068864855,68649237.35,45.19416666666667,46.344,True,True,49.6,3259333276.72,3228878021.1605
2021-11-05,45.77,45.77,43.34,43.38,83971617.0,4256636024.0,4501548184.0,0.018653941614678936,45.164,47.052,47.0225,45.88,35.895986404604656,69596469.05,45.42366666666667,46.6205,True,True,49.6,3642688745.46,3268830960.1039996
2021-11-08,43.09,44.2,42.83,43.68,44207119.0,2225318422.0,4501548184.0,0.009820425594271502,44.366,46.480000000000004,46.9745,45.867333333333335,40.722596413342536,68692442.75,45.5855,46.8305,True,True,49.6,1930966957.92,3226353284.36
2021-11-09,44.46,45.13,43.55,43.75,50324286.0,2565158083.0,4501548184.0,0.011179328520545278,44.220000000000006,45.991,46.876999999999995,45.864333333333335,38.85028423601364,67970610.3,45.7025,46.911,True,True,49.6,2201687512.5,3188458923.51
2021-11-10,43.67,43.94,41.43,42.21,89628210.0,4366657806.0,4501548184.0,0.019910529963573082,43.739999999999995,45.31099999999999,46.60850000000001,45.8525,36.541889452668656,68623881.55,45.783500000000004,46.963499999999996,True,True,49.6,3783206744.1,3195476395.2
2021-11-11,42.3,42.9,42.01,42.38,48393665.0,2371874234.0,4501548184.0,0.010750449183684669,43.08,44.744,46.371500000000005,45.84666666666667,34.87804875071386,67718573.5,45.884,47.04,True,True,49.6,2050923522.7,3141348981.2790003
2021-11-12,42.47,43.25,42.47,42.88,42199315.0,2089936497.0,4501548184.0,0.00937440037851653,42.980000000000004,44.072,46.093,45.87983333333333,28.032344987031507,66852989.55,45.88,47.0225,True,True,49.6,1809506627.2,3087658929.6740003
2021-11-15,43.08,43.08,41.62,41.89,41278155.0,2000526640.0,4501548184.0,0.00916976855800773,42.622,43.494,45.769,45.88916666666667,27.60451225040059,65839211.15,45.867333333333335,46.9745,True,True,49.6,1729141912.95,3025248346.246
2021-11-16,41.75,42.3,41.45,42.16,31482838.0,1524284526.0,4501548184.0,0.0069937800759082135,42.303999999999995,43.262,45.5415,45.92583333333334,27.120908458270364,64200308.7,45.864333333333335,46.876999999999995,True,True,49.6,1327316450.08,2941532867.1615
2021-11-17,42.23,43.51,42.04,43.51,57916179.0,2867432542.0,4501548184.0,0.012865835626474769,42.56400000000001,43.152,45.352999999999994,45.972,35.22135413456388,63710734.55,45.8525,46.60850000000001,True,True,49.6,2519932948.29,2907468601.6080003
2021-11-18,43.51,43.51,42.3,42.82,35552196.0,1754778610.0,4501548184.0,0.007897770843898625,42.652,42.866,45.157,45.992666666666665,26.62068962946968,63264935.85,45.84666666666667,46.371500000000005,True,True,49.6,1522345032.72,2879663739.9539995
2021-11-19,42.77,43.08,41.6,42.41,54485195.0,2653380472.0,4501548184.0,0.012103656958212401,42.558,42.769,44.9105,46.014,29.738058519542918,63757607.75,45.87983333333333,46.093,True,True,49.6,2310717119.95,2889556227.1325
2021-11-22,42.04,42.91,41.69,42.66,65493922.0,3193761518.0,4501548184.0,0.014549199369405217,42.711999999999996,42.666999999999994,44.573499999999996,46.01683333333334,40.93625492299725,62896254.95,45.88916666666667,45.769,True,True,49.6,2793970712.52,2824933947.0985
2021-11-23,42.59,42.62,41.78,41.93,54986569.0,2669802413.0,4501548184.0,0.012215035084027439,42.666,42.485,44.238,46.0085,37.406014988375546,62544923.6,45.92583333333334,45.5415,True,True,49.6,2305586838.17,2789397196.335
2021-11-24,42.12,42.17,39.76,40.2,99694852.0,4665246084.0,4501548184.0,0.02214679215349703,42.004,42.284000000000006,43.7975,45.95,25.75221235747513,64443611.0,45.972,45.352999999999994,True,True,49.6,4007733050.4,2838536283.503
2021-11-25,40.04,40.13,38.66,39.0,91948438.0,4175244144.0,4501548184.0,0.02042595885718059,41.239999999999995,41.946000000000005,43.345,45.86766666666667,28.529411725547845,66139860.95,45.992666666666665,45.157,True,True,49.6,3585989082.0,2878434425.4055
2021-11-26,39.21,39.46,38.57,38.94,65200586.0,2930537743.0,4501548184.0,0.014484036010487365,40.546,41.55200000000001,42.812,45.727333333333334,26.204819240274347,64682876.65,46.014,44.9105,True,True,49.6,2538910818.8399997,2771416091.7875
2021-11-29,38.22,38.83,38.05,38.39,65073478.0,2881004143.0,4501548184.0,0.014455799502778354,39.692,41.202,42.348,45.58433333333333,24.32950188308304,63423546.95,46.01683333333334,44.573499999999996,True,True,47.67,2498170820.42,2681189751.1965
2021-11-30,38.73,39.44,38.4,38.93,66451731.0,2986126377.0,4501548184.0,0.014761972611154438,39.092,40.879000000000005,42.070499999999996,45.4045,32.6271185956801,61475798.15,46.0085,44.238,True,True,45.68,2586965887.83,2576113529.2200003
2021-12-01,38.4,40.01,38.29,39.57,77944271.0,3543940447.0,4501548184.0,0.01731499204585655,38.966,40.485,41.8185,45.19016666666667,35.82240156392393,61879202.55,45.95,43.7975,True,True,45.68,3084254803.47,2574467443.2120004
2021-12-02,39.55,40.25,39.11,39.57,52367391.0,2397298368.0,4501548184.0,0.011633195705009031,39.08,40.16,41.513,44.96849999999999,32.412327263148484,60930000.65,45.86766666666667,43.345,True,True,45.68,2072177661.8700001,2515109662.4695
2021-12-03,39.21,39.57,37.18,38.11,96698595.0,4250850102.0,4501548184.0,0.021481186260251302,38.914,39.730000000000004,41.2495,44.78966666666667,30.870445300385995,61566349.55,45.727333333333334,42.812,True,True,43.75,3685183455.45,2517234397.9690003
2021-12-06,38.11,39.61,38.11,38.6,79292481.0,3567449926.0,4501548184.0,0.01761449122811389,38.956,39.324,40.9955,44.53883333333333,32.37623757888444,63320617.65,45.58433333333333,42.348,True,True,43.75,3060689766.6,2573720538.403
2021-12-07,39.17,39.28,38.22,38.98,46291856.0,2066870838.0,4501548184.0,0.010283541152472089,38.966,39.029,40.757,44.342666666666666,25.191675755456345,63118996.15,45.4045,42.070499999999996,True,True,43.75,1804456546.8799999,2553858990.1219997
2021-12-08,39.0,40.81,38.66,40.26,92843118.0,4277820406.0,4501548184.0,0.020624708257038174,39.104,39.035,40.659499999999994,44.209833333333336,36.831275667115435,63279741.55,45.19016666666667,41.8185,True,True,43.51,3737863930.68,2551591849.4509997
2021-12-09,40.22,40.73,39.78,40.35,59375971.0,2766020372.0,4501548184.0,0.013190122280828174,39.260000000000005,39.17,40.558,44.056333333333335,39.042553133340895,63828856.85,44.96849999999999,41.513,True,True,43.51,2395820429.85,2568836694.8085
2021-12-10,40.22,42.36,40.03,41.97,93708191.0,4514690712.0,4501548184.0,0.020816880586343626,40.032,39.473,40.5125,43.959666666666664,46.7966573207843,66404300.65,44.78966666666667,41.2495,True,True,43.51,3932932776.27,2675008002.262
2021-12-13,41.76,42.31,41.07,41.82,62036148.0,2986546131.0,4501548184.0,0.013781069415295189,40.676,39.815999999999995,40.509,43.834666666666664,49.460255084156664,67442200.3,44.53883333333333,40.9955,False,True,43.51,2594351709.36,2718268492.0825
2021-12-14,41.82,41.84,40.35,40.52,50237127.0,2369773794.0,4501548184.0,0.01115996651520014,40.984,39.975,40.427,43.66283333333333,51.63934418822225,68379914.75,44.342666666666666,40.757,False,False,43.51,2035608386.0400002,2753683088.8805
2021-12-15,40.25,42.19,40.2,40.97,52107411.0,2496375172.0,4501548184.0,0.011575442241228712,41.126,40.114999999999995,40.3,43.5445,60.93229735260243,68089476.35,44.209833333333336,40.659499999999994,False,False,43.51,2134840628.6699998,2734428472.8995
2021-12-16,41.04,41.63,40.66,40.91,30148818.0,1427180893.0,4501548184.0,0.00669743314248172,41.238,40.249,40.204499999999996,43.47566666666667,60.93229735260243,67819307.45,44.056333333333335,40.558,False,False,42.82,1233388144.3799999,2719980628.4825
2021-12-17,40.58,40.61,39.02,39.1,55630159.0,2539817762.0,4501548184.0,0.012358005896222124,40.664,40.348,40.039,43.361666666666665,53.45666983949432,67876555.65,43.959666666666664,40.5125,False,False,42.66,2175139216.9,2713201733.33
2021-12-20,38.75,39.5,38.19,38.27,40416410.0,1800264055.0,4501548184.0,0.008978335529907993,39.95399999999999,40.315000000000005,39.8195,43.2845,46.87499993785512,66622680.05,43.834666666666664,40.509,True,False,42.66,1546736010.7,2650839998.239
2021-12-21,38.31,39.0,38.01,38.79,27869874.0,1240036749.0,4501548184.0,0.006191175315874393,39.608000000000004,40.296,39.6625,43.217166666666664,46.2643677540516,65266845.3,43.66283333333333,40.427,True,True,41.97,1081072412.46,2589614276.9535
2021-12-22,39.06,39.14,38.5,38.61,21819061.0,975226844.0,4501548184.0,0.004847012651681082,39.135999999999996,40.131,39.583000000000006,43.15133333333333,45.48022592874545,61373055.75,43.5445,40.3,True,True,41.97,842433945.21,2431349321.6940002
2021-12-23,38.57,38.74,37.96,38.19,32426072.0,1432226290.0,4501548184.0,0.007203315542695521,38.592,39.915,39.542500000000004,43.07716666666667,50.41753646076768,58396937.45,43.47566666666667,40.204499999999996,True,True,41.97,1238351689.6799998,2313967452.078
2021-12-24,38.44,38.54,35.75,35.77,84498547.0,3545927262.0,4501548184.0,0.018770996898430623,37.926,39.295,39.384,42.938833333333335,37.70634226517038,59361835.5,43.361666666666665,40.039,True,True,41.97,3022513026.19,2338147562.4455
2021-12-27,35.54,35.69,34.01,34.97,76880138.0,3081499506.0,4501548184.0,0.017078599374601298,37.266000000000005,38.61,39.213,42.79716666666666,33.19362946649531,59952168.5,43.2845,39.8195,True,True,41.97,2688498425.86,2347663942.7174997
2021-12-28,34.76,35.97,34.54,35.77,58580161.0,2375495414.0,4501548184.0,0.0130133364357208,36.662,38.135,39.055,42.67883333333334,30.39301306327492,59558590.0,43.217166666666664,39.6625,True,True,41.97,2095412358.9700003,2323086266.2745
2021-12-29,35.61,37.02,35.45,36.58,66927741.0,2802583647.0,4501548184.0,0.014867716231025464,36.256,37.696000000000005,38.9055,42.5625,34.511092811573064,59007763.5,43.15133333333333,39.583000000000006,True,True,41.97,2448216765.7799997,2291284364.39
2021-12-30,36.41,37.43,36.25,36.49,58743922.0,2499708769.0,4501548184.0,0.013049715253253413,35.916000000000004,37.254,38.7515,42.43483333333334,24.24812026884642,59326590.05,43.07716666666667,39.542500000000004,True,True,41.97,2143565713.7800002,2294853766.9855
2021-12-31,37.21,39.94,37.21,38.97,105094305.0,4727491110.0,4501548184.0,0.023346257932668615,36.556,37.241,38.794500000000006,42.3555,39.013107128281895,59746375.55,42.938833333333335,39.384,True,True,41.97,4095525065.85,2315370847.5055
2022-01-04,39.52,39.59,36.4,36.85,85532863.0,3665824310.0,4501548184.0,0.019000765848516794,36.932,37.099000000000004,38.707,42.22566666666667,36.69325594534402,60058394.65,42.79716666666666,39.213,False,True,41.97,3151886001.55,2319930659.253
2022-01-05,36.86,37.17,35.83,36.17,50274292.0,2110149801.0,4501548184.0,0.011168222563670775,37.012,36.837,38.566500000000005,42.06683333333333,32.881597684711664,60257516.45,42.67883333333334,39.055,True,False,41.97,1818421141.64,2320628888.991
2022-01-06,36.06,36.48,35.1,36.32,50266189.0,2080192243.0,4501548184.0,0.011166422516294008,36.96,36.608000000000004,38.3695,41.87916666666667,33.73493972556419,58128670.0,42.5625,38.9055,True,True,41.97,1825667984.48,2225019091.681
2022-01-07,36.69,37.37,35.54,36.49,58840336.0,2478574472.0,4501548184.0,0.01307113321793114,36.96,36.438,38.1765,41.702000000000005,39.534883676544624,58101888.25,42.43483333333334,38.7515,True,True,41.97,2147083860.64,2212582263.2205
2022-01-10,36.49,36.82,35.47,36.31,39507748.0,1649806421.0,4501548184.0,0.00877648008754492,36.428000000000004,36.492000000000004,37.8935,41.49966666666667,41.70896780169833,55391866.1,42.3555,38.794500000000006,True,True,41.97,1434526329.88,2087661940.9009998
2022-01-11,36.25,36.61,35.01,35.36,38241236.0,1572818017.0,4501548184.0,0.008495129772446305,36.13,36.531,37.5705,41.28283333333333,35.99999995885713,54202120.5,42.22566666666667,38.707,True,True,41.82,1352210104.96,2025554860.6809998
2022-01-12,35.7,36.89,34.97,36.84,57811929.0,2411480810.0,4501548184.0,0.012842676927347536,36.263999999999996,36.638000000000005,37.3865,41.11833333333333,43.46863464143463,54580860.6,42.06683333333333,38.566500000000005,True,True,40.97,2129791464.3600001,2030264014.5969996
2022-01-13,36.76,36.9,35.6,35.61,38847560.0,1618473227.0,4501548184.0,0.008629822099445066,36.122,36.541,37.1185,40.92383333333334,41.01671305193357,53917868.05,41.87916666666667,38.3695,True,True,40.97,1383361611.6,1992690063.7435002
2022-01-14,35.41,36.36,35.19,35.9,30841627.0,1280142361.0,4501548184.0,0.0068513377485597965,36.004,36.482,36.868,40.74316666666667,50.53147990944882,53952508.5,41.702000000000005,38.1765,True,True,40.91,1107214409.3,1986381376.9895
2022-01-17,36.19,36.98,35.91,36.0,37433361.0,1570361338.0,4501548184.0,0.008315663738322434,35.94199999999999,36.185,36.713,40.55416666666667,54.46660878035278,53042668.6,41.49966666666667,37.8935,True,True,39.1,1347600996.0,1945004465.9445
2022-01-18,35.89,36.23,35.36,35.78,31433962.0,1295431130.0,4501548184.0,0.006982922478032504,36.025999999999996,36.077999999999996,36.5885,40.32716666666667,50.045662036471285,52593546.2,41.28283333333333,37.5705,True,True,38.97,1124707160.3600001,1923903023.4275002
2022-01-19,35.6,35.71,35.02,35.11,30589067.0,1244154228.0,4501548184.0,0.00679523260657827,35.68,35.972,36.4045,40.10166666666667,43.20073999955501,52729505.85,41.11833333333333,37.3865,True,True,38.97,1073982142.37,1923548509.9229999
2022-01-20,35.26,35.37,34.5,34.67,31748400.0,1274090586.0,4501548184.0,0.00705277355751614,35.492,35.807,36.207499999999996,39.86266666666667,41.845878083705884,53225972.8,40.92383333333334,37.1185,True,True,38.97,1100717028.0,1936462664.0625
2022-01-21,34.58,35.47,34.13,34.62,30570819.0,1228861592.0,4501548184.0,0.006791178890111376,35.236000000000004,35.620000000000005,36.029,39.63883333333333,25.085910612691563,53133210.15,40.74316666666667,36.868,True,True,38.97,1058361753.78,1927463167.2675
2022-01-24,34.63,35.62,34.06,35.4,32569723.0,1317554155.0,4501548184.0,0.007235227008290977,35.116,35.529,36.0105,39.402166666666666,40.189445120074126,50536768.95,40.55416666666667,36.713,True,True,38.97,1152968194.2,1833985925.668
2022-01-25,35.02,35.4,33.46,33.67,40331053.0,1598384678.0,4501548184.0,0.008959373831285419,34.694,35.36,35.945499999999996,39.16883333333333,35.18957340134433,48709314.7,40.32716666666667,36.5885,True,True,38.97,1357946554.51,1767458332.1005
2022-01-26,34.28,35.03,33.87,34.71,34858247.0,1384136108.0,4501548184.0,0.007743612991614264,34.614,35.147,35.8925,39.006,41.37191848025652,47523219.0,40.10166666666667,36.4045,True,True,38.97,1209929753.3700001,1723184201.8205001
2022-01-27,34.46,34.65,33.5,33.53,31566361.0,1236830372.0,4501548184.0,0.0070123343591427835,34.385999999999996,34.93900000000001,35.739999999999995,38.82133333333333,35.686653723441665,45755150.0,39.86266666666667,36.207499999999996,True,True,38.97,1058420084.33,1653694367.7480001
2022-01-28,33.95,34.04,31.57,32.37,43809196.0,1650789058.0,4501548184.0,0.009732028673093506,33.936,34.586,35.534,38.5995,32.597173104561804,45008413.7,39.63883333333333,36.029,True,True,38.97,1418103674.52,1617421265.785
2022-02-07,32.94,34.87,32.94,34.54,53027091.0,2098664708.0,4501548184.0,0.011779745285960933,33.763999999999996,34.44,35.31250000000001,38.45216666666666,46.73046246776504,42405053.0,39.402166666666666,36.0105,True,True,38.97,1831555723.1399999,1504222798.6495001
2022-02-08,34.65,34.65,32.88,33.59,43051273.0,1657460897.0,4501548184.0,0.009563659265720746,33.748,34.221000000000004,35.1495,38.284,36.46960861693802,40280973.5,39.16883333333333,35.945499999999996,True,True,36.85,1446092260.0700002,1418933111.5755
2022-02-09,33.46,34.03,33.26,33.8,37657014.0,1458256145.0,4501548184.0,0.008365347311808314,33.566,34.089999999999996,35.031,38.11816666666667,41.76524107509431,39650109.6,39.006,35.8925,True,True,36.84,1272807073.1999998,1391652408.1535
2022-02-10,33.8,34.32,33.0,33.44,38478513.0,1490612616.0,4501548184.0,0.00854783986024307,33.548,33.967,34.887,37.972,38.8788426270973,39060725.8,38.82133333333333,35.739999999999995,True,True,36.84,1286721474.72,1364705082.6655
2022-02-11,32.94,33.66,32.74,32.85,29369301.0,1120940509.0,4501548184.0,0.006524266718812045,33.644,33.79,34.705,37.81316666666667,36.36363631955923,37587174.05,38.5995,35.534,True,True,36.84,964781537.85,1305589966.526
2022-02-14,32.79,32.88,31.9,32.46,42102327.0,1566708732.0,4501548184.0,0.009352854902152482,33.228,33.495999999999995,34.5125,37.639500000000005,35.836177431595004,37716903.0,38.45216666666666,35.31250000000001,True,True,36.84,1366641534.42,1302195726.7529998
2022-02-15,32.59,33.63,32.41,33.49,45549304.0,1745011484.0,4501548184.0,0.010118586348114052,33.208000000000006,33.477999999999994,34.419,37.4995,43.29470193657899,38082306.4,38.284,35.1495,True,True,36.84,1525446190.96,1310857531.053
2022-02-16,33.89,33.97,33.18,33.29,28088569.0,1087486378.0,4501548184.0,0.006239757490508736,33.106,33.336,34.2415,37.35166666666667,44.172297245066524,36596138.4,38.11816666666667,35.031,True,True,36.84,935068462.01,1251121380.9355
2022-02-17,33.25,34.66,33.02,34.37,50262040.0,1979816011.0,4501548184.0,0.011165500833390614,33.291999999999994,33.42,34.179500000000004,37.19933333333333,49.028748975415496,37166862.4,37.972,34.887,True,True,36.0,1727506314.8,1268328616.0955
2022-02-18,34.02,34.3,33.66,33.85,33228891.0,1298747649.0,4501548184.0,0.007381658407679947,33.492000000000004,33.568,34.077000000000005,37.04983333333334,43.85408401158151,37286225.6,37.81316666666667,34.705,False,True,36.0,1124797960.3500001,1269207793.6480002
2022-02-21,33.93,34.5,33.56,34.3,28754603.0,1129099463.0,4501548184.0,0.006387714142926077,33.86,33.544,33.992000000000004,36.91466666666666,52.780229414040306,36852287.7,37.639500000000005,34.5125,True,False,36.0,986282882.9,1251141887.993
2022-02-22,33.97,36.33,33.91,36.24,89681026.0,3684142590.0,4501548184.0,0.019922262815881036,34.410000000000004,33.809,34.015,36.80766666666667,56.25511031990422,39764640.9,37.4995,34.419,False,True,35.78,3250040382.2400002,1357408549.0870001
2022-02-23,36.24,37.51,36.12,37.24,73109021.0,3116132769.0,4501548184.0,0.01624086159065314,35.2,34.153000000000006,34.121500000000005,36.7295,65.39419079539265,41890638.6,37.35166666666667,34.2415,False,False,36.24,2722579942.04,1439838439.0705001
2022-02-24,36.4,38.09,36.08,36.51,76909976.0,3283467124.0,4501548184.0,0.017085227760832072,35.628,34.46,34.213499999999996,36.668,67.81411351554239,44148717.4,37.19933333333333,34.179500000000004,False,False,37.24,2807983223.7599998,1525201748.8585
2022-02-25,37.29,38.13,36.4,36.48,53403601.0,2280536349.0,4501548184.0,0.011863385399230906,36.153999999999996,34.823,34.3065,36.626,60.23206742159821,45290356.5,37.04983333333334,34.077000000000005,False,False,37.24,1948163364.4799998,1569691829.3934999
2022-02-28,36.83,37.32,36.42,37.18,41131742.0,1757165585.0,4501548184.0,0.009137243525726526,36.730000000000004,35.295,34.3955,36.59666666666667,69.44745384915878,45718457.45,36.91466666666666,33.992000000000004,False,False,37.24,1529278167.56,1588507328.0615
2022-03-01,38.11,39.13,37.41,37.57,71320089.0,3139452221.0,4501548184.0,0.015843457869338225,36.995999999999995,35.703,34.590500000000006,36.583,70.03188087349136,47267909.25,36.80766666666667,34.015,False,False,37.24,2679495743.73,1654584787.5225
2022-03-02,37.36,38.47,36.75,38.15,53387493.0,2321383187.0,4501548184.0,0.01185980707476528,37.178,36.189,34.7625,36.57,74.45482855219443,48194371.55,36.7295,34.121500000000005,False,False,37.57,2036732857.9499998,1695924942.7515
2022-03-03,38.05,38.44,37.28,37.45,39651969.0,1728037365.0,4501548184.0,0.008808518176243518,37.366,36.497,34.9585,36.534666666666666,73.61396293320375,48598651.95,36.668,34.213499999999996,False,False,38.15,1484966239.0500002,1717252250.4875
2022-03-04,36.86,37.89,36.75,37.03,31617618.0,1359036942.0,4501548184.0,0.007023720886156353,37.476,36.815000000000005,35.191500000000005,36.492333333333335,73.38792210568772,47989073.05,36.626,34.3065,False,False,38.15,1170800394.54,1704887086.4884999
2022-03-07,36.83,37.7,36.01,36.62,38195813.0,1616976504.0,4501548184.0,0.00848503924400068,37.364,37.047000000000004,35.2955,36.4675,67.10382503393947,47247509.15,36.59666666666667,34.3955,False,False,38.15,1398730672.06,1683245833.9345
2022-03-08,36.62,37.75,36.47,37.09,52654436.0,2259434618.0,4501548184.0,0.01169696154473063,37.268,37.132,35.4705,36.44233333333333,70.16985127575606,47727667.3,36.583,34.590500000000006,False,False,38.15,1952953031.2400002,1708588872.493
2022-03-09,37.7,38.09,35.58,37.57,73988643.0,3185143341.0,4501548184.0,0.016436265919129837,37.152,37.165,35.659,36.41883333333333,68.14058946100133,49544248.75,36.57,34.7625,False,False,38.15,2779753317.51,1783936184.7085
2022-03-10,40.13,40.28,38.58,38.88,114065563.0,5188503707.0,4501548184.0,0.025339185173098216,37.438,37.402,35.931,36.395833333333336,76.17065545615094,53323601.25,36.534666666666666,34.9585,False,False,38.15,4434869089.440001,1941343565.4445
2022-03-11,38.19,39.55,38.02,39.48,71255726.0,3203179123.0,4501548184.0,0.015829159899535577,37.928000000000004,37.702,36.2625,36.38133333333334,76.53688513611509,55417922.5,36.492333333333335,35.191500000000005,False,False,38.88,2813176062.4799995,2033763291.6759999
2022-03-14,39.0,39.59,38.14,38.15,47697378.0,2137543853.0,4501548184.0,0.010595771954531633,38.234,37.799,36.547,36.317666666666675,60.437158377473175,55697675.05,36.4675,35.2955,False,False,39.48,1819654970.7,2056413963.4900002
2022-03-15,37.65,39.4,37.1,38.11,71685518.0,3176710944.0,4501548184.0,0.015924636385053963,38.438,37.852999999999994,36.778,36.255833333333335,55.31135521680598,57004485.75,36.44233333333333,35.4705,False,False,39.48,2731935090.98,2116738408.491
2022-03-16,38.74,39.57,37.06,39.52,77037470.0,3426826047.0,4501548184.0,0.017113550016817948,38.828,37.989999999999995,37.0895,36.23916666666666,66.96730541854092,59451930.8,36.41883333333333,35.659,False,False,39.48,3044520814.4,2222211026.1105
2022-03-17,39.76,40.3,38.57,38.72,76222489.0,3453112765.0,4501548184.0,0.01693250541467491,38.796,38.117000000000004,37.307,36.20166666666667,61.61825717192369,60749953.25,36.395833333333336,35.931,False,False,39.52,2951334774.08,2283402449.0745
2022-03-18,38.31,38.71,37.66,38.4,35058900.0,1543875792.0,4501548184.0,0.00778818721181548,38.58,38.254,37.534499999999994,36.15983333333334,56.5874729166064,60841453.7,36.38133333333334,36.2625,False,False,39.52,1346261760.0,2294475639.057
2022-03-21,38.31,39.13,37.95,38.81,39113859.0,1748603388.0,4501548184.0,0.008688979302503896,38.712,38.473,37.760000000000005,36.155,56.68103439724844,61359416.5,36.317666666666675,36.547,False,False,39.52,1518008867.7900002,2321061938.3015
2022-03-22,39.35,39.74,38.13,38.74,53016960.0,2380614663.0,4501548184.0,0.011777494726911936,38.838,38.638,37.885000000000005,36.16283333333333,53.363739937617765,59526213.2,36.255833333333335,36.778,False,False,39.52,2053877030.4,2261253770.7095003
2022-03-23,39.13,39.16,38.02,38.19,35219044.0,1568332105.0,4501548184.0,0.00782376252800763,38.572,38.7,37.9325,36.152833333333334,54.29234329929314,57631714.35,36.23916666666666,37.0895,False,False,39.52,1345015290.36,2192375538.1255
2022-03-24,37.81,37.82,36.5,36.71,53585392.0,2279523857.0,4501548184.0,0.011903769505447106,38.17,38.483000000000004,37.9425,36.12116666666667,48.34710736809303,56465485.15,36.20166666666667,37.307,False,False,39.52,1967119740.32,2150332363.9535
2022-03-25,36.92,37.22,35.78,35.79,37283678.0,1563651493.0,4501548184.0,0.008282412289291625,37.648,38.114,37.908,36.08116666666667,45.92737972100263,55659489.0,36.15983333333334,37.534499999999994,True,False,39.52,1334382835.62,2119643337.5105
2022-03-28,36.32,38.01,36.06,37.44,65169146.0,2799898672.0,4501548184.0,0.014477051746693021,37.374,38.043,37.92100000000001,36.109,51.53913801921299,56861359.2,36.155,37.760000000000005,True,True,39.52,2439932826.24,2165176070.4445
2022-03-29,37.51,38.95,37.22,37.79,50388818.0,2211614004.0,4501548184.0,0.011193664032987279,37.184,38.011,37.932,36.156,50.978647623336194,55814795.65,36.16283333333333,37.885000000000005,True,True,39.52,1904193432.22,2126410954.869
2022-03-30,38.13,38.83,37.28,38.73,49860329.0,2200552511.0,4501548184.0,0.011076262423941212,37.292,37.932,37.961,36.205333333333336,49.31002753538724,55638437.45,36.152833333333334,37.9325,True,True,39.52,1931090542.1699998,2121128839.0800004
2022-03-31,38.23,38.46,36.84,37.0,48463467.0,2093890488.0,4501548184.0,0.010765955404466242,37.35,37.760000000000005,37.9385,36.21233333333334,39.66666662038891,56079012.35,36.12116666666667,37.9425,False,True,39.52,1793148279.0,2136537941.0775
2022-04-01,37.02,38.27,36.43,37.55,43151547.0,1869916435.0,4501548184.0,0.009585934713167118,37.702,37.675,37.9645,36.230000000000004,47.32620314950384,56655708.8,36.08116666666667,37.908,True,False,39.52,1620340589.85,2159014950.843
2022-04-06,37.26,37.26,35.54,35.88,57279084.0,2376747391.0,4501548184.0,0.012724307651218512,37.39,37.382,37.927499999999995,36.1785,41.32295715342248,57609872.35,36.109,37.92100000000001,True,True,39.52,2055173533.92,2191837093.936
2022-04-07,35.36,36.49,35.36,35.82,28678048.0,1192673087.0,4501548184.0,0.006370707771590966,36.995999999999995,37.089999999999996,37.864,36.16133333333333,33.913043436975414,56411052.95,36.156,37.932,True,True,39.52,1027247679.36,2145551826.3420002
2022-04-08,35.83,35.87,34.56,35.42,35202541.0,1430842072.0,4501548184.0,0.007820096455952986,36.334,36.813,37.7565,36.148833333333336,35.135135090820555,54471747.85,36.205333333333336,37.961,True,True,39.52,1246874002.22,2068907860.5775
2022-04-11,35.19,35.19,33.72,33.89,38684388.0,1525779518.0,4501548184.0,0.0085935741257857,35.712,36.53099999999999,37.507,36.108333333333334,31.681559671523814,50702689.1,36.21233333333334,37.9385,True,True,39.52,1311013909.32,1912715101.5715
2022-04-12,33.8,34.54,33.63,34.37,29651048.0,1167226777.0,4501548184.0,0.006586855630111812,35.076,36.388999999999996,37.2515,36.07299999999999,32.067851336918395,48622455.2,36.230000000000004,37.9645,True,True,39.52,1019106519.7599999,1823011624.4355
2022-04-13,34.23,34.89,33.89,34.06,27214456.0,1079441409.0,4501548184.0,0.006045576963216618,34.712,36.051,37.047000000000004,36.03549999999999,31.458003134674144,47598309.1,36.1785,37.927499999999995,True,True,39.52,926924371.36,1778375094.4684997
2022-04-14,34.49,34.63,33.7,34.1,29187977.0,1148319293.0,4501548184.0,0.006483986354682103,34.368,35.682,36.846500000000006,36.014500000000005,33.113129606640456,45473432.05,36.16133333333333,37.864,True,True,39.52,995310015.7,1691543840.7045
2022-04-15,33.72,34.37,33.26,34.23,28449923.0,1110809607.0,4501548184.0,0.00632003076210991,34.13,35.232000000000006,36.582,35.971000000000004,38.47583638116522,43044054.7,36.148833333333336,37.7565,True,True,39.52,973840864.29,1588009843.199
2022-04-18,33.95,35.08,33.72,34.93,30862097.0,1235224958.0,4501548184.0,0.006855885072983149,34.338,35.025,36.3925,35.959666666666664,45.92030354431837,40776035.1,36.108333333333334,37.507,True,True,38.81,1078013048.21,1494343756.9055
2022-04-19,34.96,35.49,34.58,34.63,30198745.0,1215840840.0,4501548184.0,0.0067085242155879585,34.39,34.733000000000004,36.204,35.9385,34.71164303743599,40533027.35,36.07299999999999,37.2515,True,True,38.81,1045782539.35,1479319795.873
2022-04-20,34.29,34.52,33.76,33.96,24097078.0,947215893.0,4501548184.0,0.005353064549136458,34.37,34.541000000000004,35.9615,35.9045,29.863301743629165,39782188.3,36.03549999999999,37.047000000000004,True,True,38.81,818336768.88,1444336190.9275
2022-04-21,33.63,33.87,32.31,32.45,46527048.0,1764547135.0,4501548184.0,0.010335788066286308,34.04,34.204,35.647,35.849000000000004,18.84920632302685,39457692.7,36.014500000000005,36.846500000000006,True,True,38.74,1509802707.6000001,1417132474.7875
2022-04-22,32.08,32.75,31.79,31.92,30152091.0,1119526310.0,4501548184.0,0.0066981602256687076,33.578,33.854,35.3335,35.795833333333334,21.396396362663282,39204345.05,35.971000000000004,36.582,True,True,38.73,962454744.72,1398004447.5055
2022-04-25,31.24,31.69,30.46,30.48,46247326.0,1655915559.0,4501548184.0,0.010273649000221386,32.688,33.513,35.022,35.726,13.817809601489273,38837441.75,35.959666666666664,36.3925,True,True,38.73,1409618496.48,1370129385.3135
2022-04-26,31.51,32.68,31.18,31.66,64205956.0,2362904436.0,4501548184.0,0.014263083138420984,32.09400000000001,33.242000000000004,34.8155,35.67666666666666,27.262930993353294,40183555.65,35.9385,36.204,True,True,38.73,2032760566.96,1405048271.8805
2022-04-27,31.72,34.67,31.53,34.51,71438331.0,2740602211.0,4501548184.0,0.015869724832428895,32.204,33.287,34.669,35.661833333333334,44.57332223496051,40497014.9,35.9045,35.9615,True,True,38.73,2465336802.81,1406318470.709
2022-04-28,34.02,35.41,33.82,34.41,57806144.0,2311257249.0,4501548184.0,0.012841391813923545,32.596,33.318,34.5,35.674166666666665,45.70943070178995,40867881.2,35.849000000000004,35.647,True,True,38.73,1989109415.0399997,1410564269.85
2022-04-29,34.66,35.97,34.37,35.62,58009163.0,2354883425.0,4501548184.0,0.012886491631075697,33.336,33.457,34.3445,35.68933333333333,57.554585082466,41275322.9,35.795833333333334,35.3335,True,True,38.73,2066286386.06,1417324062.0444999
2022-05-05,35.94,36.14,35.2,35.29,43597290.0,1788424356.0,4501548184.0,0.009684954646261318,34.298,33.492999999999995,34.259,35.718666666666664,54.07079639318663,41032014.05,35.726,35.022,False,True,37.55,1538548364.1,1404594066.2995
2022-05-06,34.54,34.72,34.07,34.3,28711423.0,1140633383.0,4501548184.0,0.0063781218874986055,34.82599999999999,33.459999999999994,34.096500000000006,35.75083333333334,51.0016693894805,40310007.85,35.67666666666666,34.8155,False,False,37.55,984801808.9,1372817127.2519999
2022-05-09,34.15,35.03,33.82,34.25,26894796.0,1067434502.0,4501548184.0,0.005974565838391568,34.773999999999994,33.489,34.015,35.746,50.62552120861073,38790793.45,35.661833333333334,34.669,False,False,35.88,921146763.0,1316115788.7059999
2022-05-10,33.81,35.36,33.64,34.69,40553120.0,1623547191.0,4501548184.0,0.009008705081540454,34.83,33.713,33.9585,35.76433333333333,51.869918640148065,39384547.05,35.674166666666665,34.5,False,False,35.82,1406787732.8,1335092791.3779998
2022-05-11,34.82,35.95,34.21,35.26,50977631.0,2080606059.0,4501548184.0,0.011324466364970047,34.757999999999996,34.047,33.9505,35.788666666666664,51.35579287436474,40173301.55,35.68933333333333,34.3445,False,False,35.62,1797471269.06,1362622654.7199998
2022-05-12,34.76,35.47,34.67,34.89,30566378.0,1233518094.0,4501548184.0,0.0067901923406358455,34.678,34.488,34.0005,35.81283333333333,51.06209144486362,39767401.05,35.718666666666664,34.259,False,False,35.62,1066460928.4200001,1350395005.675
2022-05-13,35.28,35.66,34.59,34.97,33968825.0,1374784356.0,4501548184.0,0.007546031634346713,34.812,34.819,34.0305,35.848166666666664,54.33476388320285,39983289.9,35.75083333333334,34.096500000000006,False,False,35.62,1187889810.25,1358834170.1994998
2022-05-16,35.02,35.48,34.32,34.43,32790216.0,1313868851.0,4501548184.0,0.0072842086010647044,34.848,34.811,34.04899999999999,35.88099999999999,59.269662843654,40262077.9,35.746,34.015,False,False,35.62,1128967136.8799999,1368936308.4754999
2022-05-17,35.05,36.62,34.95,36.49,73451287.0,3057105309.0,4501548184.0,0.01631689454331963,35.208000000000006,35.019,34.168499999999995,35.931000000000004,68.71416863538099,42475243.4,35.76433333333333,33.9585,False,False,35.62,2680237462.63,1453182680.822
2022-05-18,36.58,36.71,35.9,36.33,43469553.0,1817647660.0,4501548184.0,0.009656578408847262,35.422000000000004,35.089999999999996,34.2735,35.98166666666667,76.76120758694813,43226224.9,35.788666666666664,33.9505,False,False,36.49,1579248860.49,1483453080.6320002
2022-05-19,35.8,39.72,35.69,39.37,114851937.0,5066629637.0,4501548184.0,0.025513874850484106,36.318,35.498000000000005,34.4955,36.065000000000005,80.1407348614566,47425716.9,35.81283333333333,34.0005,False,False,36.49,4521720759.69,1655638466.2059999
2022-05-20,39.37,39.99,39.0,39.87,80190646.0,3660539002.0,4501548184.0,0.017814014806066997,37.298,36.055,34.7575,36.16533333333333,75.67049798281734,49925311.95,35.848166666666664,34.0305,False,False,39.37,3197201056.02,1763209392.0395
2022-05-23,39.87,40.04,38.81,39.65,55879061.0,2537717987.0,4501548184.0,0.012413298428885593,38.342,36.595,35.042,36.2545,74.81060596142535,51514411.1,35.88099999999999,34.04899999999999,False,False,39.87,2215604768.65,1833072792.0280004
2022-05-24,39.66,40.28,38.83,38.97,56140690.0,2558934491.0,4501548184.0,0.012471418211081843,38.837999999999994,37.023,35.368,36.3,66.69990020600216,51995093.2,35.931000000000004,34.168499999999995,False,False,39.87,2187802689.2999997,1866972791.1129997
2022-05-25,39.18,39.39,38.52,39.15,41273016.0,1854266453.0,4501548184.0,0.0091686269507673,39.402,37.412,35.7295,36.33183333333333,69.53441285693505,52551139.45,35.98166666666667,34.2735,False,False,39.87,1615838576.3999999,1899641982.697
2022-05-26,39.34,39.57,38.53,38.99,38959385.0,1754600980.0,4501548184.0,0.008654663552969313,39.326,37.822,36.155,36.37316666666666,75.9116020925125,52186742.4,36.065000000000005,34.4955,False,False,39.87,1519026421.15,1905112378.9305
2022-05-27,39.18,39.51,38.4,38.72,41464986.0,1861446448.0,4501548184.0,0.009211272279030657,39.096,38.196999999999996,36.507999999999996,36.41049999999999,74.11003225053501,51049693.9,36.16533333333333,34.7575,False,False,39.87,1605524257.9199998,1883750563.4785
2022-05-30,38.98,39.24,38.44,38.74,34503957.0,1513086604.0,4501548184.0,0.007664908957908868,38.914,38.628,36.7195,36.4365,72.88135581691087,49202975.2,36.2545,35.042,False,False,39.87,1336683294.18,1827317888.0470002
2022-05-31,39.81,40.26,38.98,39.98,69427855.0,3119262979.0,4501548184.0,0.015423106043109723,39.116,38.977,36.998,36.47666666666667,74.7899158564014,49784060.75,36.3,35.368,False,False,39.87,2775725642.8999996,1866648699.44
2022-06-01,39.94,40.57,39.18,39.83,49203003.0,2213426563.0,4501548184.0,0.010930240217106604,39.251999999999995,39.327,37.2085,36.504666666666665,76.55913966969591,49343752.75,36.33183333333333,35.7295,False,False,39.98,1959755609.49,1861322160.6114998
2022-06-02,40.26,42.18,39.84,41.91,75690146.0,3534015008.0,4501548184.0,0.016814247655734967,39.836,39.581,37.5395,36.57899999999999,80.70796450177774,50948395.55,36.37316666666666,36.155,False,False,39.98,3172174018.8599997,1943003443.3495
2022-06-06,41.61,44.62,41.5,43.5,84891839.0,4141296175.0,4501548184.0,0.01885836506243204,40.791999999999994,39.944,37.9995,36.68683333333333,86.72064767497254,53757416.35,36.41049999999999,36.507999999999996,False,False,41.91,3692794996.5,2078403102.7294998
2022-06-07,44.95,46.1,44.02,44.28,111904964.0,5685070874.0,4501548184.0,0.024859217190598443,41.89999999999999,40.407,38.501,36.814499999999995,85.18518507745324,58007924.75,36.4365,36.7195,False,False,43.5,4955151805.92,2280103354.8754997
2022-06-08,44.51,44.86,43.49,44.73,68230911.0,3411215533.0,4501548184.0,0.015157209966676655,42.85,40.983,39.003,36.941833333333335,86.97183087873192,59391814.3,36.47666666666667,36.998,False,False,44.28,3051968649.0299997,2362362400.687
2022-06-09,44.4,45.9,44.4,44.97,64900863.0,3308306571.0,4501548184.0,0.01441745380637694,43.878,41.565,39.4885,37.06516666666666,82.71028023855797,60087975.9,36.504666666666665,37.2085,False,False,44.73,2918591809.11,2418418427.6895
2022-06-10,44.25,47.82,44.24,47.36,95152239.0,4995356985.0,4501548184.0,0.021137669777300777,44.968,42.402,40.112,37.2065,85.83732045916534,63317268.95,36.57899999999999,37.5395,False,False,44.97,4506410039.04,2590415883.2205
2022-06-13,47.35,49.11,46.77,47.41,93058455.0,5024688910.0,4501548184.0,0.020672544466092957,45.75,43.271,40.733999999999995,37.33866666666666,87.74319054198399,66271750.45,36.68683333333333,37.9995,False,False,47.36,4411901351.549999,2751616460.2854996
2022-06-14,46.74,47.78,45.29,47.42,90780515.0,4753897709.0,4501548184.0,0.020166509673863794,46.378,44.138999999999996,41.383500000000005,37.49316666666666,93.96462005041576,69171265.4,36.814499999999995,38.501,False,False,47.41,4304812021.3,2910408704.5065
2022-06-15,47.79,48.18,46.05,46.44,67239849.0,3564753755.0,4501548184.0,0.014937049710806782,46.71999999999999,44.785,41.881,37.632,85.01440910756946,68860693.5,36.941833333333335,39.003,False,False,47.42,3122618587.56,2932527760.753
2022-06-16,46.36,48.26,46.32,47.45,68657354.0,3690822462.0,4501548184.0,0.015251942485927638,47.216,45.547000000000004,42.437,37.76416666666667,87.56660735116048,70120083.55,37.06516666666666,39.4885,False,False,47.42,3257791447.3,3016454890.0934997
2022-06-17,47.78,48.72,47.34,48.22,85203813.0,4630102526.0,4501548184.0,0.01892766877467683,47.388,46.178,42.87949999999999,37.9225,90.3911563549765,68637677.35,37.2065,40.112,False,False,47.45,4108527862.86,2995795245.252
2022-06-20,49.52,49.52,47.32,48.0,83908306.0,4578589613.0,4501548184.0,0.018639877342252614,47.506,46.628,43.286,38.082499999999996,88.71237447809587,68823560.35,37.33866666666666,40.733999999999995,False,False,48.22,4027598688.0,3037315126.851
2022-06-21,48.04,48.25,46.34,47.12,92624731.0,4933945228.0,4501548184.0,0.020576194503308685,47.446000000000005,46.912,43.659499999999994,38.221,80.77586197147738,70660843.85,37.49316666666666,41.383500000000005,False,False,48.22,4364477324.719999,3144758754.6545
2022-06-22,47.51,48.92,47.35,48.35,71720201.0,3914179204.0,4501548184.0,0.015932341067661445,47.828,47.274,44.128499999999995,38.381166666666665,83.59621441874233,71439819.4,37.632,41.881,False,False,48.22,3467671718.35,3208752206.107
2022-06-23,48.65,48.86,47.13,48.82,57579229.0,3140757678.0,4501548184.0,0.01279098360085442,48.102,47.659000000000006,44.612,38.55833333333333,81.21047866874915,72255130.05,37.76416666666667,42.437,False,False,48.35,2811017959.78,3268511175.276
2022-06-24,48.8,51.7,48.75,51.28,92254382.0,5266673678.0,4501548184.0,0.020493923030281618,48.714,48.051,45.2265,38.80116666666667,82.57956439228523,74919879.9,37.9225,42.87949999999999,False,False,48.82,4730804708.96,3429100089.6664996
2022-06-27,51.47,51.47,50.23,50.92,58619636.0,3368778224.0,4501548184.0,0.013022105640977851,49.298,48.402,45.836499999999994,39.05333333333333,78.8194443486569,75777612.4,38.082499999999996,43.286,False,False,51.28,2984911865.12,3498069470.0264997
2022-06-28,50.92,52.71,50.53,52.22,54635417.0,3195457780.0,4501548184.0,0.012137028143826707,50.318,48.882,46.51049999999999,39.29966666666667,80.27485843784574,76784185.4,38.221,43.659499999999994,False,False,51.28,2853061475.74,3573888379.1045
2022-06-29,51.85,52.24,50.09,50.37,73308323.0,4225342924.0,4501548184.0,0.016285135691885333,50.722,49.275,47.03,39.50933333333333,69.31330465161756,76978208.8,38.381166666666665,44.128499999999995,False,False,52.22,3692540229.5099998,3619729108.435
2022-06-30,50.36,53.67,50.34,52.96,83190524.0,4946176760.0,4501548184.0,0.018480425089236367,51.55,49.826,47.6865,39.7465,69.74612122874147,78677584.85,38.55833333333333,44.612,False,False,52.22,4405770151.04,3742029835.5124993
2022-07-01,53.09,54.03,52.09,52.79,57023900.0,3407884505.0,4501548184.0,0.012667619598670944,51.852,50.283,48.2305,40.00966666666667,68.8111887438212,77744272.55,38.80116666666667,45.2265,False,False,52.96,3010291681.0,3733935718.6195
2022-07-04,53.97,58.07,52.98,58.07,135514825.0,8678228528.0,4501548184.0,0.030104048531939473,53.282,51.29,48.959,40.35166666666667,77.21001527435152,80275421.85,39.05333333333333,45.836499999999994,False,False,52.96,7869345887.75,3942763263.182
2022-07-05,59.16,60.04,56.8,59.94,131029971.0,8696450643.0,4501548184.0,0.029107757074715787,54.826,52.572,49.742,40.75266666666667,82.99120228925332,81231672.2,39.29966666666667,46.51049999999999,False,False,58.07,7853936461.74,4087702495.9729996
2022-07-06,59.28,59.28,57.09,57.85,80822264.0,5305137763.0,4501548184.0,0.017954326088804116,56.322,53.522000000000006,50.398,41.11983333333333,74.14113272804197,81861239.85,39.50933333333333,47.03,False,False,59.94,4675567972.400001,4168882462.1414995
2022-07-07,57.95,58.38,55.72,57.33,80100118.0,5185950520.0,4501548184.0,0.017793904391538554,57.196000000000005,54.373000000000005,51.016000000000005,41.485,71.39502108973554,82621202.6,39.7465,47.6865,False,False,59.94,4592139764.94,4252559859.9329996
2022-07-08,58.4,58.98,56.08,56.39,66358650.0,4277960560.0,4501548184.0,0.014741295058411397,57.916,54.884,51.467499999999994,41.86,69.05951835679994,81181523.15,40.00966666666667,48.2305,False,False,59.94,3741964273.5,4214337571.6559997
2022-07-11,55.75,56.41,52.66,53.35,106124435.0,6470536266.0,4501548184.0,0.02357509698045698,56.972,55.126999999999995,51.7645,42.17633333333333,62.887877497706654,81834822.15,40.35166666666667,48.959,False,False,59.94,5661738607.25,4276829434.4409995
2022-07-12,54.24,55.33,52.9,53.19,79317048.0,4830927142.0,4501548184.0,0.017619948683859295,55.622,55.224000000000004,52.053,42.49516666666667,60.47619043953823,81261648.8,40.75266666666667,49.742,False,False,59.94,4218873783.12,4272532522.532
2022-07-13,53.19,53.57,50.76,52.97,91991059.0,5444302454.0,4501548184.0,0.020435426933108666,54.646,55.484,52.37949999999999,42.809666666666665,59.080962764676876,82499209.3,41.11983333333333,50.398,False,False,59.94,4872766395.23,4360039912.9155
2022-07-14,52.65,54.09,51.76,53.14,79351616.0,4768321828.0,4501548184.0,0.017627627819700353,53.80800000000001,55.501999999999995,52.664,43.12483333333333,54.52334626637516,83033922.4,41.485,51.016000000000005,False,False,59.94,4216744874.2400002,4407987584.262499
2022-07-15,52.27,54.73,52.16,52.82,75659430.0,4593238506.0,4501548184.0,0.016807424225496196,53.09400000000001,55.504999999999995,52.89399999999999,43.423,54.62962959235795,82556703.25,41.86,51.467499999999994,False,False,59.94,3996331092.6,4402377745.749499
2022-07-18,53.09,53.42,50.32,51.93,80304529.0,4679246724.0,4501548184.0,0.017839313435637324,52.81,54.891,53.0905,43.71133333333333,49.27896565440549,82376514.4,42.17633333333333,51.7645,True,False,59.94,4170214190.97,4409508520.898
2022-07-19,52.17,52.5,50.88,51.19,53549128.0,3115844752.0,4501548184.0,0.011895713610337755,52.410000000000004,54.016,53.294000000000004,43.9985,52.15789469840997,80422734.25,42.49516666666667,52.053,True,True,59.94,2741179862.3199997,4328343647.778
2022-07-20,51.49,52.04,50.54,50.72,59047346.0,3404067427.0,4501548184.0,0.013117119618951078,51.96,53.303,53.4125,44.303,43.36492887398643,79789091.5,42.809666666666665,52.37949999999999,True,True,59.94,2994881389.12,4304704131.3165
2022-07-21,50.88,51.05,49.19,49.22,80788658.0,4556283471.0,4501548184.0,0.017946860657217838,51.176,52.492,53.43249999999999,44.59133333333333,40.197693544054495,80949562.95,43.12483333333333,52.664,True,True,59.94,3976417746.7599998,4362974120.6655
2022-07-22,49.25,50.01,48.55,49.64,74097087.0,4129638715.0,4501548184.0,0.01646035629772124,50.54,51.81700000000001,53.3505,44.910666666666664,18.426966272810674,80041698.2,43.423,52.89399999999999,True,True,59.94,3678179398.68,4310342855.1515
2022-07-25,49.29,49.46,47.49,47.62,74192143.0,4021061978.0,4501548184.0,0.016481472588409374,49.678,51.24400000000001,53.185500000000005,45.17666666666666,4.370370365838156,80820323.55,43.71133333333333,53.0905,True,True,59.94,3533029849.66,4337748754.3785
2022-07-26,48.21,49.64,47.63,48.1,65961428.0,3617679519.0,4501548184.0,0.014653053861435686,49.059999999999995,50.735,52.979499999999994,45.40316666666666,8.999158946510718,81386624.1,43.9985,53.294000000000004,True,True,59.94,3172744686.8,4353732914.9314995
2022-07-27,48.31,49.06,47.17,49.03,74827136.0,4104783291.0,4501548184.0,0.016622533613204572,48.721999999999994,50.340999999999994,52.9125,45.64683333333333,16.260162583118557,81462564.75,44.303,53.4125,True,True,59.94,3668774478.08,4352544627.36
2022-07-28,49.38,49.74,47.72,47.86,93677665.0,5122285070.0,4501548184.0,0.0208100993638059,48.45,49.813,52.65749999999999,45.850833333333334,15.961691921511317,81986921.8,44.59133333333333,53.43249999999999,True,True,59.94,4483413046.9,4356426772.153
2022-07-29,47.72,48.84,47.6,47.61,50421614.0,2737393237.0,4501548184.0,0.011200949526479622,48.044,49.292,52.3985,46.05616666666666,20.533880873975974,81656807.5,44.910666666666664,53.3505,True,True,59.94,2400573042.54,4325940840.2300005
2022-08-01,47.16,47.83,46.11,47.33,74998693.0,3973306192.0,4501548184.0,0.016660644279354892,47.986000000000004,48.832,51.8615,46.27333333333333,20.283975630428472,78631000.9,45.17666666666666,53.185500000000005,True,True,59.94,3549688139.69,4109957952.8270006
2022-08-02,46.8,46.8,44.92,45.19,80263888.0,4143625442.0,4501548184.0,0.017830285208383322,47.404,48.232,51.124,46.45566666666666,16.977928672522026,76092696.75,45.40316666666666,52.979499999999994,True,True,59.94,3627125098.72,3898617384.676
2022-08-03,45.98,46.03,43.86,43.96,76704987.0,3885540234.0,4501548184.0,0.0170396903164638,46.39,47.556,50.429500000000004,46.610166666666665,14.252336433058233,75886832.9,45.64683333333333,52.9125,True,True,57.85,3371951228.52,3833436547.482
2022-08-04,44.73,45.26,43.89,44.52,57868997.0,2910473871.0,4501548184.0,0.012855354343575766,45.721999999999994,47.086,49.789,46.7645,18.2721712342653,74775276.85,45.850833333333334,52.65749999999999,True,True,57.33,2576327746.44,3732645946.557
2022-08-05,44.59,45.33,43.8,44.97,66567852.0,3353407776.0,4501548184.0,0.014787768403013945,45.194,46.619,49.218,46.9325,22.468354405493926,74785736.95,46.05616666666666,52.3985,True,True,56.39,2993556304.44,3695225548.104
2022-08-08,44.49,44.84,44.13,44.76,53912033.0,2713157658.0,4501548184.0,0.011976331430066949,44.67999999999999,46.333,48.7885,47.095666666666666,23.45169278874289,72175116.85,46.27333333333333,51.8615,True,True,53.35,2413102597.08,3532793747.5955
2022-08-09,44.77,46.71,44.32,46.19,112359591.0,5826932710.0,4501548184.0,0.024960210666935295,44.879999999999995,46.141999999999996,48.4385,47.291666666666664,32.67023714939684,73827244.0,46.45566666666666,51.124,True,True,53.19,5189889508.29,3581344533.854
2022-08-10,45.92,46.31,45.12,45.43,69000696.0,3548980048.0,4501548184.0,0.015328214467469532,45.174,45.782,48.0615,47.440666666666665,34.63098130698836,72677725.85,46.610166666666665,50.429500000000004,True,True,53.14,3134701619.28,3494441295.0564995
2022-08-11,45.77,46.19,44.34,46.06,87704975.0,4487041783.0,4501548184.0,0.019483291395554235,45.482,45.602,47.707499999999996,47.602833333333336,35.72567779105587,73095393.8,46.7645,49.789,True,True,53.14,4039691148.5,3485588608.7695
2022-08-12,46.0,46.0,45.16,45.23,50253681.0,2578772743.0,4501548184.0,0.011163643916690329,45.534000000000006,45.364,47.327999999999996,47.700500000000005,39.47136559007938,71825106.35,46.9325,49.218,True,True,52.82,2272973991.6299996,3399420753.7209997
2022-08-15,44.95,47.34,44.8,47.17,105181886.0,5558111770.0,4501548184.0,0.023365713683539235,46.016000000000005,45.348,47.089999999999996,47.822166666666675,46.370023368526134,73068974.2,47.095666666666666,48.7885,True,True,51.93,4961429562.62,3438981522.3034997
2022-08-16,47.06,47.95,46.46,47.39,108854797.0,5814797050.0,4501548184.0,0.02418163541754505,46.25599999999999,45.568,46.9,47.95116666666667,43.22314044585752,75834257.65,47.291666666666664,48.4385,False,True,51.19,5158628829.83,3559853970.679
2022-08-17,47.47,49.13,47.08,48.49,96882571.0,5300374781.0,4501548184.0,0.021522055755029544,46.868,46.021,46.7885,48.10983333333333,52.618453804101556,77726018.9,47.440666666666665,48.0615,False,False,50.72,4697835867.79,3645001694.6125
2022-08-18,48.75,50.82,48.75,50.58,125413321.0,7081121803.0,4501548184.0,0.027860041895310744,47.772000000000006,46.626999999999995,46.8565,48.30033333333333,60.706560861579526,79957252.05,47.602833333333336,47.707499999999996,False,False,49.64,6343405776.179999,3763351096.0835
2022-08-19,51.76,54.84,50.67,53.05,199479698.0,11865312371.0,4501548184.0,0.04431357609566798,49.336,47.435,47.027,48.534666666666666,67.80821911897166,86226382.6,47.700500000000005,47.327999999999996,False,False,50.58,10582397978.9,4108562025.094499
2022-08-22,54.86,55.96,53.26,54.13,165985988.0,10255941730.0,4501548184.0,0.03687308926070578,50.727999999999994,48.372,47.3525,48.791500000000006,79.79999992552,90816074.85,47.822166666666675,47.089999999999996,False,False,53.05,8984821530.44,4381151609.1335
2022-08-23,53.62,55.48,51.83,52.25,156913352.0,9447824945.0,4501548184.0,0.034857641323872146,51.7,48.978,47.559999999999995,49.016666666666666,76.48562293477322,95363671.05,47.95116666666667,46.9,False,False,54.13,8198722642.0,4632450506.893499
2022-08-24,52.27,53.51,51.26,51.7,110413229.0,6506052997.0,4501548184.0,0.024527834533115817,52.342000000000006,49.605000000000004,47.6935,49.211999999999996,72.95396412906933,97142975.7,48.10983333333333,46.7885,False,False,54.13,5708363939.3,4734429979.9545
2022-08-25,51.36,51.58,49.79,50.86,96584849.0,5515683392.0,4501548184.0,0.021455918064654887,52.398,50.085,47.8435,49.395833333333336,68.37180280990609,97288334.9,48.30033333333333,46.8565,False,False,54.13,4912305420.14,4755874598.6165
2022-08-26,51.02,51.49,49.6,49.93,71985288.0,4115971673.0,4501548184.0,0.015991229030016756,51.774,50.555,47.9595,49.5295,65.43283576620539,98366518.6,48.534666666666666,47.027,False,False,54.13,3594225429.84,4815557217.981501
2022-08-29,48.85,50.75,48.75,50.24,59730451.0,3378324975.0,4501548184.0,0.013268868522234616,50.996,50.862,48.105000000000004,49.64183333333334,62.95585407028906,97603106.5,48.791500000000006,47.3525,False,False,54.13,3000857858.2400002,4788115703.908999
2022-08-30,50.1,50.2,48.86,49.16,48554095.0,2707361064.0,4501548184.0,0.010786088033574184,50.378,51.039,48.3035,49.723166666666664,61.692789914501596,96017616.85,49.016666666666666,47.559999999999995,False,False,54.13,2386919310.2,4726105414.483
2022-08-31,48.88,49.35,46.33,46.79,90881991.0,4860143669.0,4501548184.0,0.02018905214055574,49.396,50.869,48.445,49.7575,52.063312564788774,96726467.05,49.211999999999996,47.6935,False,False,54.13,4252368358.89,4770126271.0015
2022-09-01,47.27,47.34,46.06,46.73,49754041.0,2632364479.0,4501548184.0,0.011052650991683798,48.57000000000001,50.483999999999995,48.5555,49.786833333333334,54.43262406843636,96320719.25,49.395833333333336,47.8435,True,False,54.13,2325006335.93,4757560200.476
2022-09-02,46.69,47.12,45.65,46.19,48120959.0,2521258338.0,4501548184.0,0.010689868692517365,47.822,49.797999999999995,48.616499999999995,49.76733333333333,46.84278346289954,95398374.6,49.5295,47.9595,True,True,54.13,2222707096.21,4719017740.0645
2022-09-05,46.24,47.19,46.07,46.41,47199300.0,2485782142.0,4501548184.0,0.010485126021256869,47.056,49.025999999999996,48.699,49.75066666666667,46.84278346289954,95062737.95,49.64183333333334,48.105000000000004,True,True,54.13,2190519513.0,4707888585.860499
2022-09-06,46.98,50.61,46.55,50.32,120311127.0,6590403460.0,4501548184.0,0.026726610953010738,47.288,48.833,48.9055,49.799,54.99181665194296,95460314.75,49.723166666666664,48.3035,True,True,54.13,6054055910.64,4751096905.978
2022-09-07,49.55,51.33,49.53,50.16,91920391.0,5238977053.0,4501548184.0,0.020419728334068632,47.962,48.678999999999995,49.141999999999996,49.861,48.71951215353212,96606299.5,49.7575,48.445,False,True,54.13,4610726812.559999,4824898165.642
2022-09-08,50.16,51.32,49.87,49.99,62393719.0,3560410096.0,4501548184.0,0.013860502309353932,48.614,48.592,49.338499999999996,49.903333333333336,39.148936131341515,95340736.7,49.786833333333334,48.5555,False,False,54.13,3119062012.81,4778866708.8575
2022-09-09,49.73,49.87,47.49,48.27,78047674.0,4256472251.0,4501548184.0,0.017337962587495433,49.029999999999994,48.426,49.4905,49.90416666666667,30.122116660670997,96730436.35,49.76733333333333,48.616499999999995,False,False,54.13,3767361223.98,4853586070.475
2022-09-13,49.11,49.54,47.54,48.65,56642343.0,3107898473.0,4501548184.0,0.01258285831557368,49.478,48.266999999999996,49.564499999999995,49.915,36.40483379836347,94303459.2,49.75066666666667,48.699,True,False,54.13,2755649986.95,4743297091.6915
2022-09-14,47.67,48.53,47.13,47.54,45955507.0,2476597033.0,4501548184.0,0.010208822636474527,48.922,48.105000000000004,49.572,49.922000000000004,34.92753619645032,91158494.7,49.799,48.9055,True,True,54.13,2184724802.7799997,4594601890.339
2022-09-15,47.53,47.76,44.95,45.39,82063477.0,4253534555.0,4501548184.0,0.018230056337435397,47.968,47.964999999999996,49.417,49.87266666666667,31.899404338412197,90417540.0,49.861,49.141999999999996,True,True,54.13,3724861221.03,4545953158.000999
2022-09-16,44.88,45.39,43.81,43.81,62298217.0,3144574212.0,4501548184.0,0.013839286941641231,46.732000000000006,47.673,49.0785,49.78916666666667,30.583756318009364,87261784.8,49.903333333333336,49.338499999999996,True,True,54.13,2729284886.77,4365247113.5305
2022-09-19,43.81,44.88,43.72,44.12,43892797.0,2191376298.0,4501548184.0,0.009750600283700084,45.902,47.466,48.632,49.66983333333333,30.583756318009335,79482439.75,49.90416666666667,49.4905,True,True,54.13,1936550203.6399999,3932954724.7674994
2022-09-20,44.65,45.88,44.31,44.5,61372866.0,3119634994.0,4501548184.0,0.013633724108105648,45.072,47.275,48.1505,49.56283333333333,34.52855242474105,74251783.65,49.915,49.564499999999995,True,True,54.13,2731092537.0,3620268275.0955
2022-09-21,43.97,44.91,43.63,44.32,40031563.0,2003607915.0,4501548184.0,0.008892843387145227,44.428000000000004,46.675,47.754000000000005,49.43116666666666,40.40404036008884,68407694.2,49.922000000000004,49.572,True,True,52.25,1774198872.16,3299042086.6035
2022-09-22,43.8,44.15,42.65,43.46,51798652.0,2547067397.0,4501548184.0,0.0115068527277148,44.041999999999994,46.005,47.342,49.316,38.039502521393345,65476965.35,49.87266666666667,49.417,True,True,51.7,2251169415.92,3126182360.4345
2022-09-23,44.21,44.64,43.26,43.62,58210800.0,2884670406.0,4501548184.0,0.012931284442739178,44.004,45.368,46.980000000000004,49.160333333333334,40.33107595450449,63558262.9,49.78916666666667,49.0785,True,True,50.86,2539155096.0,3007524844.2275
2022-09-26,42.79,44.21,42.43,43.07,52608480.0,2584589330.0,4501548184.0,0.011686752612576278,43.794,44.848,46.637,48.998333333333335,37.738619638154134,62589422.5,49.66983333333333,48.632,True,True,50.32,2265847233.6,2941105934.4154997
2022-09-27,43.21,43.8,42.44,43.64,50952921.0,2485868937.0,4501548184.0,0.011318977142375957,43.622,44.347,46.307,48.75783333333333,17.509727602613154,62150546.0,49.56283333333333,48.1505,True,True,50.32,2223585472.44,2902242315.1255
2022-09-28,43.86,44.04,41.48,41.5,62084016.0,2989323782.0,4501548184.0,0.013791703090209552,43.058,43.742999999999995,45.924,48.4505,14.681892316023877,62827042.05,49.43116666666666,47.754000000000005,True,True,50.32,2576486664.0,2911720682.8155
2022-09-29,41.99,43.03,41.85,42.45,58791604.0,2818991213.0,4501548184.0,0.01306030760904991,42.855999999999995,43.449,45.707,48.19383333333333,21.08895703257319,61222522.7,49.316,47.342,True,True,50.32,2495703589.8,2823887444.361
2022-09-30,42.27,42.57,41.24,41.55,41899836.0,1976588054.0,4501713420.0,0.00930753073126543,42.442,43.223,45.44799999999999,47.93083333333333,22.504091627245685,60829812.45,49.160333333333334,46.980000000000004,True,True,50.32,1740938185.8,2794684036.8545
2022-10-10,42.03,42.68,40.99,41.2,53044300.0,2507485214.0,4501713420.0,0.011783135675482425,42.068,42.931,45.1985,47.67766666666667,19.442165687269053,61075979.5,48.998333333333335,46.637,True,True,50.32,2185425160.0,2792819940.0439997
2022-10-11,41.76,42.59,41.48,41.97,52350875.0,2483133782.0,4501713420.0,0.011629099881706819,41.734,42.678,44.9765,47.48800000000001,26.497890264053098,61333558.25,48.75783333333333,46.307,True,True,50.32,2197166223.75,2793152275.5815
2022-10-12,41.96,42.86,40.52,42.79,71143368.0,3354750611.0,4501713420.0,0.01580361994700231,41.992000000000004,42.525,44.6,47.31466666666667,37.64258550123608,58875170.3,48.4505,45.924,True,True,50.32,3044224716.72,2642660715.8855
2022-10-13,42.25,43.19,41.85,42.03,63242703.0,3029944226.0,4501713420.0,0.01404858486082839,41.908,42.382,44.1935,47.132333333333335,40.82474220911891,57441285.9,48.19383333333333,45.707,True,True,50.16,2658090807.09,2545028915.6120005
2022-10-14,42.65,45.88,42.19,44.55,116383121.0,5766699538.0,4501713420.0,0.02585307196209749,42.507999999999996,42.475,43.9215,46.98916666666666,51.805205648591695,60140756.0,47.93083333333333,45.44799999999999,True,True,49.99,5184868040.549999,2648319216.9989996
2022-10-17,43.88,44.14,42.96,44.03,65471619.0,3221290597.0,4501713420.0,0.014543711003265063,43.074,42.571000000000005,43.709500000000006,46.842666666666666,48.04979247529484,59511953.25,47.67766666666667,45.1985,False,True,48.65,2882715384.57,2604086925.0285
2022-10-18,44.24,44.55,43.58,43.81,45319512.0,2254022660.0,4501713420.0,0.010067169491211192,43.44199999999999,42.58800000000001,43.467499999999994,46.70733333333333,47.8908188031041,58945811.7,47.48800000000001,44.9765,False,False,48.65,1985447820.72,2565576816.717
2022-10-19,43.71,44.34,42.74,43.29,49532705.0,2431704706.0,4501713420.0,0.011003078245704944,43.541999999999994,42.766999999999996,43.255,46.57566666666666,49.2765956859683,59124671.6,47.31466666666667,44.6,False,False,47.54,2144270799.45,2563554116.5505
2022-10-20,42.81,42.81,41.6,41.81,53128460.0,2526344468.0,4501713420.0,0.011801830779356896,43.498000000000005,42.702999999999996,43.076,46.42716666666667,43.07574593702675,57677920.75,47.132333333333335,44.1935,False,False,45.39,2221300912.6,2488376101.129
2022-10-21,42.11,42.59,41.28,41.59,42799391.0,2029928305.0,4501713420.0,0.009507355756999743,42.906000000000006,42.70700000000001,42.965,46.3,44.19152271438922,56702979.45,46.98916666666666,43.9215,True,False,44.55,1780026671.69,2440913190.375
2022-10-24,41.67,42.19,40.09,40.54,54765444.0,2544519376.0,4501713420.0,0.012165466543625516,42.208000000000006,42.641,42.786,46.14833333333333,38.27534035280977,57246611.8,46.842666666666666,43.709500000000006,True,True,44.55,2220191099.7599998,2455095235.181
2022-10-25,40.33,42.04,40.28,41.91,57300216.0,2679962419.0,4501713420.0,0.012728534816416635,41.828,42.635000000000005,42.6565,46.05316666666667,51.64658628730503,57042979.3,46.70733333333333,43.467499999999994,True,True,44.55,2401452052.56,2438613210.959
2022-10-26,42.08,42.87,41.4,42.23,62357925.0,2975439523.0,4501713420.0,0.013852042363016525,41.616,42.57899999999999,42.552,45.955333333333336,49.069373884350966,58159297.4,46.57566666666666,43.255,True,True,44.55,2633375172.75,2481572025.9884996
2022-10-27,42.55,43.33,41.59,41.66,59943247.0,2877638579.0,4501713420.0,0.013315651488094948,41.586,42.542,42.462,45.832499999999996,50.47867704902511,58566527.15,46.42716666666667,43.076,True,True,44.55,2497235670.02,2493875338.6935
2022-10-28,41.14,41.47,39.81,39.97,56152811.0,2569632413.0,4501713420.0,0.012473652976337174,41.26199999999999,42.084,42.2795,45.701,45.20654710577616,58463627.7,46.3,42.965,True,True,44.55,2244427855.67,2479138976.677
2022-10-31,38.95,39.64,38.24,38.49,67720270.0,2972183037.0,4501713420.0,0.015043221032048726,40.852,41.529999999999994,42.0505,45.549,37.14918755390778,59219217.2,46.14833333333333,42.786,True,True,44.55,2606553192.3,2496174274.6120005
2022-11-01,38.71,39.88,38.54,39.87,71834153.0,3191951854.0,4501713420.0,0.01595706929740543,40.443999999999996,41.135999999999996,41.862,45.42466666666667,39.645390031557746,60263278.8,46.05316666666667,42.6565,True,True,44.55,2864027680.1099997,2528196384.9954996
2022-11-02,39.81,40.51,39.44,40.22,59768873.0,2706445448.0,4501713420.0,0.013276916459066824,40.041999999999994,40.829,41.798,45.341833333333334,43.38933523685531,60147521.65,45.955333333333336,42.552,True,True,44.55,2403904072.06,2519567255.3985
2022-11-03,40.08,40.9,39.68,40.12,55869273.0,2539776541.0,4501713420.0,0.012410668513856664,39.733999999999995,40.660000000000004,41.6815,45.277833333333334,30.346051426366913,60001405.1,45.832499999999996,42.462,True,True,44.55,2241475232.7599998,2506855837.5464997
2022-11-04,39.99,42.54,39.98,42.2,93329152.0,4385795469.0,4501713420.0,0.020731917670583303,40.18,40.721,41.714,45.23916666666667,42.86827742789121,62572870.9,45.701,42.2795,True,True,44.55,3938490214.4,2616733438.9765
2022-11-07,42.01,42.6,41.7,41.97,56344297.0,2679835358.0,4501713420.0,0.0125161892246797,40.876,40.864,41.7525,45.189166666666665,42.834890919027366,62737870.75,45.549,42.0505,False,True,44.55,2364770145.09,2625700688.231
2022-11-08,42.19,42.37,40.93,41.44,49667305.0,2327921757.0,4501713420.0,0.011032977972196196,41.19,40.81699999999999,41.726,45.133833333333335,42.80155637360141,62603692.25,45.42466666666667,41.862,False,False,44.55,2058213119.1999998,2618753033.0035
2022-11-09,41.19,41.35,40.28,40.3,48588087.0,2232254688.0,4501713420.0,0.010793243031450012,41.206,40.623999999999995,41.6015,45.03566666666667,43.96482808828874,61475928.2,45.341833333333334,41.798,True,False,44.55,1958099906.1,2564446792.4725
2022-11-10,40.26,40.33,39.49,39.81,39766140.0,1788365980.0,4501713420.0,0.008833556535013729,41.144,40.439,41.490500000000004,44.942,43.0359936930748,60302100.05,45.277833333333334,41.6815,True,True,44.55,1583090033.4,2510696753.7879996
2022-11-11,41.14,41.21,40.26,40.61,50009262.0,2297015941.0,4501713420.0,0.011108939493531776,40.826,40.503,41.293499999999995,44.851166666666664,50.279329552760515,56983407.1,45.23916666666667,41.714,True,True,44.55,2030876129.82,2352997158.2515
2022-11-14,40.79,41.24,39.55,39.67,51717461.0,2352594716.0,4501713420.0,0.011488394789910905,40.366,40.621,41.0755,44.7585,40.74380160575099,56295699.2,45.189166666666665,41.7525,True,True,44.03,2051631677.8700001,2311442972.9165
2022-11-15,39.68,40.81,39.64,40.52,54308583.0,2469496610.0,4501713420.0,0.01206398051877767,40.182,40.686,40.911,44.64766666666666,43.2304037525554,56745152.75,45.133833333333335,41.726,True,True,43.81,2200583783.1600003,2322199771.0385
2022-11-16,40.61,40.75,39.64,39.81,42010986.0,1900001937.0,4501713420.0,0.009332221330073028,40.084,40.644999999999996,40.737,44.52133333333333,42.75646040731478,56369066.8,45.03566666666667,41.6015,True,True,43.29,1672457352.66,2298609098.6990004
2022-11-17,39.72,39.72,38.57,39.09,55201152.0,2427545216.0,4501713420.0,0.0122622536909513,39.940000000000005,40.541999999999994,40.601,44.36466666666667,46.27118638577996,56472701.4,44.942,41.490500000000004,True,True,42.23,2157813031.6800003,2295434704.6530004
2022-11-18,39.11,39.7,38.58,38.88,43024460.0,1906224160.0,4501713420.0,0.009557352053743128,39.594,40.21,40.4655,44.16966666666667,51.851851782913016,56483954.85,44.851166666666664,41.293499999999995,True,True,42.23,1672791004.8000002,2290072921.3085
2022-11-21,38.63,39.33,38.38,38.97,34898514.0,1531156431.0,4501713420.0,0.007752273577645909,39.454,39.910000000000004,40.387,43.934999999999995,45.12987006149155,55490608.35,44.7585,41.0755,True,True,42.23,1359995090.58,2247063120.8494997
2022-11-22,38.84,38.84,37.94,38.04,43425026.0,1879977247.0,4501713420.0,0.009646332840085587,38.958000000000006,39.57000000000001,40.1935,43.66683333333333,38.90020361052924,54796848.85,44.64766666666666,40.911,True,True,42.23,1651887989.04,2209584917.6735
2022-11-23,38.0,39.35,37.88,39.15,54109952.0,2368697951.0,4501713420.0,0.012019857096989528,38.826,39.455,40.039500000000004,43.448499999999996,45.52169892545672,54384450.2,44.52133333333333,40.737,True,True,42.23,2118404620.8,2183836390.076
2022-11-24,39.24,39.43,38.8,38.85,30592304.0,1348590334.0,4501713420.0,0.006795702246190518,38.778,39.359,39.899,43.23433333333333,31.49171265846583,52916903.05,44.36466666666667,40.601,True,True,42.2,1188511010.4,2118400157.095
2022-11-25,38.64,38.64,37.85,38.12,35789972.0,1543874445.0,4501713420.0,0.007950299954900283,38.626,39.11,39.8065,43.022000000000006,29.842931893423938,51898761.1,44.16966666666667,40.4655,True,True,42.2,1364313732.6399999,2074394450.9435
2022-11-28,37.16,38.06,36.75,37.93,34723823.0,1469998543.0,4501713420.0,0.007713468130985557,38.418,38.936,39.7785,42.822,30.94462536012759,50248938.75,43.934999999999995,40.387,True,True,42.2,1317074606.39,2009920521.6480002
2022-11-29,38.1,38.53,37.96,38.18,36073889.0,1558022335.0,4501713420.0,0.008013368607546768,38.446000000000005,38.702,39.694,42.620999999999995,37.25961532191891,48460925.55,43.66683333333333,40.1935,True,True,42.2,1377301082.02,1935584191.7435002
2022-11-30,38.15,38.52,37.87,38.33,34833947.0,1502377062.0,4501713420.0,0.007737930816573393,38.282,38.554,39.5995,42.4405,40.72681697115593,47214179.25,43.448499999999996,40.039500000000004,True,True,42.2,1335185188.51,1882148247.566
2022-12-01,38.75,39.36,38.61,38.83,50590444.0,2228832390.0,4501713420.0,0.011238041892058069,38.278000000000006,38.528000000000006,39.535,42.307833333333335,38.411458263312426,46950237.8,43.23433333333333,39.899,True,True,42.2,1964426940.52,1868295832.954
2022-12-02,38.58,39.26,37.94,38.05,56442932.0,2457391605.0,4501713420.0,0.012538099770909007,38.263999999999996,38.445,39.3275,42.16316666666667,39.22872333122308,45105926.8,43.022000000000006,39.8065,True,True,42.2,2147653562.6,1778754000.3639998
2022-12-05,37.91,38.05,37.07,37.28,63625585.0,2680728918.0,4501713420.0,0.014133637365125743,38.134,38.275999999999996,39.093,42.01466666666667,28.225806398499785,45469991.2,42.822,39.7785,True,True,41.97,2371961808.8,1779113583.5495002
2022-12-06,37.28,37.64,36.33,37.28,61009002.0,2551550720.0,4501713420.0,0.013552395789779084,37.95399999999999,38.2,38.885,41.8625,31.20356605693162,46037076.05,42.620999999999995,39.694,True,True,41.44,2274415594.56,1789923707.3174999
2022-12-07,37.16,37.91,36.9,37.47,49653842.0,2106866317.0,4501713420.0,0.011029987333134147,37.782,38.032,38.7435,41.64833333333333,36.935483787564976,46090363.8,42.4405,39.5995,True,True,40.61,1860529459.74,1785045184.9995003
2022-12-08,37.25,38.26,37.01,37.41,48361392.0,2059721796.0,4501713420.0,0.010742885538902208,37.498,37.888,38.62349999999999,41.435833333333335,37.85123958183178,46520126.4,42.307833333333335,39.535,True,True,40.61,1809199674.7199998,1796350667.0655003
2022-12-09,37.51,37.51,36.85,37.15,41556103.0,1740478150.0,4501713420.0,0.009231174693479267,37.318,37.791,38.4505,41.22183333333333,35.369774840003686,46097468.45,42.16316666666667,39.3275,True,True,40.61,1543809226.45,1771997321.897
2022-12-12,36.88,37.06,36.57,36.64,29608509.0,1228930956.0,4501713420.0,0.006577164345570447,37.19,37.662,38.299,41.028,37.931034391200946,44992020.85,42.01466666666667,39.093,True,True,40.52,1084855769.76,1723658526.4915001
2022-12-13,36.74,36.95,36.1,36.13,43702882.0,1799562439.0,4501713420.0,0.009708055116489402,36.96,37.457,38.0795,40.81933333333333,20.961538405103525,44461735.8,41.8625,38.885,True,True,40.52,1578985126.66,1692578593.6664999
2022-12-14,36.13,36.44,35.84,36.05,36373538.0,1483167611.0,4501713420.0,0.008079931929562944,36.676,37.229,37.89149999999999,40.627833333333335,21.88755013927188,44179863.4,41.64833333333333,38.7435,True,True,39.81,1311266044.8999999,1674519028.2785
2022-12-15,36.01,36.76,35.7,36.63,39955647.0,1638345116.0,4501713420.0,0.008875653172964529,36.52,37.009,37.7685,40.481833333333334,34.57556925795906,43417588.15,41.435833333333335,38.62349999999999,True,True,39.15,1463575349.6100001,1639807144.175
2022-12-16,36.28,36.43,35.48,35.82,41468875.0,1679709137.0,4501713420.0,0.009211798071321919,36.254000000000005,36.785999999999994,37.615500000000004,40.34866666666667,30.642201756148495,43339808.9,41.22183333333333,38.4505,True,True,39.15,1485415102.5,1630438349.06
2022-12-19,35.53,36.22,35.48,35.62,29602102.0,1200992638.0,4501713420.0,0.006575741109703958,36.05,36.62,37.448,40.207,26.29629622812071,43074988.3,41.028,38.299,True,True,39.15,1054426873.2399999,1615159938.193
2022-12-20,35.59,35.67,34.86,35.29,32236287.0,1283841450.0,4501713420.0,0.007160892751809154,35.882,36.421,37.310500000000005,40.0535,22.759856573720825,42515551.35,40.81933333333333,38.0795,True,True,39.15,1137618568.23,1589446467.1525002
2022-12-21,35.35,35.36,34.41,34.59,33905787.0,1332587612.0,4501713420.0,0.007531751543615586,35.59,36.132999999999996,37.082499999999996,39.891333333333336,13.321799275691191,41505343.1,40.627833333333335,37.89149999999999,True,True,39.15,1172801172.3300002,1542166294.729
2022-12-22,34.93,34.95,33.57,33.75,56631135.0,2187739753.0,4501713420.0,0.01257990674137582,35.013999999999996,35.766999999999996,36.8275,39.7295,13.184931475241655,42807284.65,40.481833333333334,37.7685,True,True,38.85,1911300806.25,1578305784.5215
2022-12-23,33.59,33.89,33.32,33.61,31954977.0,1212060397.0,4501713420.0,0.007098403211993002,34.571999999999996,35.413,36.602000000000004,39.56266666666667,14.779270593683378,42615534.9,40.34866666666667,37.615500000000004,True,True,38.83,1074006776.97,1563790436.7380002
2022-12-26,33.44,34.65,33.03,34.5,50336619.0,1936551154.0,4501713420.0,0.011181657805307384,34.348,35.199,36.4305,39.41983333333334,27.213114691642048,43396174.7,40.207,37.448,True,True,38.83,1736613355.5,1584767374.1935
2022-12-27,34.49,35.61,34.35,35.45,50139397.0,1994581236.0,4501713420.0,0.011137847375455544,34.38,35.131,36.294,39.28333333333333,35.27696785803539,44099450.1,40.0535,37.310500000000005,True,True,38.83,1777441623.65,1604774401.275
2022-12-28,34.68,35.53,34.68,35.01,42231333.0,1675266104.0,4501713420.0,0.009381168692875167,34.464,35.027,36.128,39.17516666666667,33.42541430000615,44469319.4,39.891333333333336,37.082499999999996,True,True,38.83,1478518968.33,1611941090.266
2022-12-29,34.75,35.26,34.29,34.41,32074693.0,1254538992.0,4501713420.0,0.0071249966418342105,34.596,34.805,35.907000000000004,39.04116666666667,31.926121313065238,43543531.85,39.7295,36.8275,True,True,38.83,1103690186.1299999,1568904252.5465
2022-12-30,34.57,34.79,34.13,34.13,37061565.0,1441801313.0,4501946097.0,0.00823234312483151,34.7,34.636,35.711,38.917500000000004,32.92517000531265,42574463.5,39.56266666666667,36.602000000000004,True,True,38.05,1264911213.45,1524767135.089
2023-01-03,34.11,34.33,33.36,34.26,46467240.0,1778614083.0,4501946097.0,0.010321589596766777,34.652,34.5,35.56,38.801833333333335,36.58536578017285,41716546.25,39.41983333333334,36.4305,True,True,37.47,1591967642.3999999,1485767426.769
2023-01-04,34.26,34.42,33.09,33.18,51454229.0,1943882234.0,4501946097.0,0.011429330314347386,34.19799999999999,34.289,35.355000000000004,38.65533333333334,31.994981123220896,41238807.6,39.28333333333333,36.294,True,True,37.47,1707251318.22,1457409212.9520001
2023-01-05,33.19,34.36,33.09,34.11,56616223.0,2163759003.0,4501946097.0,0.012575944220595586,34.018,34.241,35.187,38.510666666666665,34.855769172117675,41586926.65,39.17516666666667,36.128,True,True,37.47,1931179366.53,1460941708.2915
2023-01-06,34.11,36.54,33.98,35.83,106110254.0,4290111496.0,4501946097.0,0.02356986327995122,34.302,34.449,35.108000000000004,38.40733333333333,50.05417110500992,44474369.75,39.04116666666667,35.907000000000004,True,True,37.41,3801930400.8199997,1560578244.5965
2023-01-09,35.83,35.93,35.18,35.47,56262151.0,2258530718.0,4501946097.0,0.012497295566797632,34.57,34.635000000000005,35.023999999999994,38.256,49.20127788191503,45209672.15,38.917500000000004,35.711,False,True,37.15,1995618495.97,1583168708.0725
2023-01-10,35.59,35.98,35.13,35.37,45019089.0,1802581772.0,4501946097.0,0.009999917375732187,34.791999999999994,34.722,34.960499999999996,38.111666666666665,50.43668114562079,45980201.15,38.801833333333335,35.56,False,False,36.64,1592325177.9299998,1608542178.4810002
2023-01-11,35.51,35.55,34.92,35.01,35476969.0,1409379891.0,4501946097.0,0.007880362899867035,35.158,34.678000000000004,34.9045,37.965,52.38095229780798,45568905.5,38.65533333333334,35.355000000000004,False,False,36.63,1242048684.6899998,1591695356.3825002
2023-01-12,35.0,35.63,34.87,35.1,40937894.0,1628291966.0,4501946097.0,0.009093377201313035,35.355999999999995,34.687,34.857,37.8285,58.3643121664064,45797123.3,38.510666666666665,35.187,False,False,36.63,1436920079.4,1597978058.1075
2023-01-13,35.12,35.35,34.69,35.07,36220136.0,1430164799.0,4501946097.0,0.008045439731971984,35.204,34.753,34.779,37.716166666666666,59.17085416728744,45610347.75,38.40733333333333,35.108000000000004,False,False,36.63,1270240169.52,1588311299.103
2023-01-16,35.03,36.28,34.86,36.12,65895486.0,2669604281.0,4501946097.0,0.014637111280366358,35.334,34.952,34.794,37.625,59.97536935472226,46831678.3,38.256,35.023999999999994,False,False,35.83,2380144954.3199997,1633047791.6939998
2023-01-17,36.41,36.43,35.77,36.07,38841645.0,1582282386.0,4501946097.0,0.00862774546009852,35.474000000000004,35.132999999999996,34.8165,37.55049999999999,54.293628703585746,47293655.45,38.111666666666665,34.960499999999996,False,False,36.12,1401018135.15,1650377354.7895
2023-01-18,36.21,36.54,35.9,36.19,39004789.0,1598322743.0,4501946097.0,0.008663984010379856,35.71,35.434,34.8615,37.45516666666666,58.5507245188826,47632080.55,37.965,34.9045,False,False,36.12,1411583313.9099998,1664075592.0735
2023-01-19,35.93,36.24,35.63,36.22,36770320.0,1496172294.0,4501946097.0,0.008167649991301084,35.934,35.644999999999996,34.943,37.355000000000004,64.29699827801616,47775307.2,37.8285,34.857,False,False,36.19,1331820990.3999999,1672026582.977
2023-01-20,36.36,37.25,36.32,37.1,70436033.0,2934624868.0,4501946097.0,0.015645685550730395,36.339999999999996,35.772000000000006,35.110499999999995,37.279,71.4285712842713,48465552.1,37.716166666666666,34.779,False,False,36.22,2613176824.3,1707120383.8795
2023-01-30,37.87,38.01,36.84,36.9,79948297.0,3372659639.0,4501946097.0,0.017758608227956312,36.495999999999995,35.915,35.27499999999999,37.227833333333336,68.85714271942857,50865218.1,37.625,34.794,False,False,37.1,2950092159.2999997,1800924652.9959998
2023-01-31,36.93,37.74,36.9,37.35,61872516.0,2617096528.0,4501946097.0,0.013743504401625447,36.751999999999995,36.113,35.4175,37.20883333333334,82.731553978298,51442012.95,37.55049999999999,34.8165,False,False,37.1,2310938472.6,1829640908.8509998
2023-02-01,37.5,37.68,36.88,37.64,67276645.0,2831837404.0,4501946097.0,0.014943902825676147,37.041999999999994,36.376,35.527,37.17166666666666,80.802792123693,52298875.35,37.45516666666666,34.8615,False,False,37.35,2532292917.8,1867383473.5584998
2023-02-02,37.77,37.77,36.91,37.02,72372215.0,3047981707.0,4501946097.0,0.01607576222385854,37.202,36.568,35.627500000000005,37.11833333333333,62.85097173220013,53805919.45,37.355000000000004,34.943,False,False,37.64,2679219399.3,1927418495.1069999
2023-02-03,36.95,36.95,35.85,36.26,62691822.0,2562992178.0,4501946097.0,0.013925493697442642,37.034000000000006,36.687,35.720000000000006,37.054,57.852882542755374,55336775.9,37.279,35.110499999999995,False,False,37.64,2273205465.72,1985894259.0864997
2023-02-06,35.99,36.18,35.84,36.05,34009829.0,1382910235.0,4501946097.0,0.007554472725176212,36.864,36.68,35.815999999999995,36.951499999999996,56.61478583801419,55184189.1,37.227833333333336,35.27499999999999,False,False,37.64,1226054335.4499998,1983951415.1865
2023-02-07,36.11,36.32,35.93,36.03,33743728.0,1376618547.0,4501946097.0,0.007495364731818111,36.6,36.676,35.9045,36.8525,60.62499982317711,54548013.5,37.20883333333334,35.4175,False,False,37.64,1215786519.8400002,1965142359.0584998
2023-02-08,36.14,36.34,36.0,36.08,34333692.0,1402184791.0,4501946097.0,0.007626411169800375,36.288,36.665000000000006,36.0495,36.76316666666666,60.294117469723155,53691986.65,37.17166666666666,35.527,False,False,37.64,1238759607.36,1941717773.5154998
2023-02-09,36.08,36.44,35.73,36.42,42947761.0,1758312843.0,4501946097.0,0.00953982124055627,36.168,36.685,36.165,36.698499999999996,63.31360929262515,53008563.55,37.11833333333333,35.627500000000005,False,False,37.64,1564157455.6200001,1923366677.97
2023-02-10,36.46,36.5,35.83,35.94,37201861.0,1515636792.0,4501946097.0,0.008263506536604364,36.104,36.568999999999996,36.1705,36.634,47.99999985066667,49563143.9,37.054,35.720000000000006,False,False,37.64,1337034884.34,1800121902.146
2023-02-13,35.94,36.01,35.66,35.74,42306463.0,1710072455.0,4501946097.0,0.009397372178265776,36.042,36.452999999999996,36.184000000000005,36.55283333333333,46.451612763371514,48865359.5,36.951499999999996,35.815999999999995,True,False,37.64,1512032987.6200001,1775942626.7285
2023-02-14,35.84,36.17,35.49,35.7,47898219.0,1935278498.0,4501946097.0,0.01063944746737824,35.976,36.288,36.2005,36.48666666666667,44.638949535022974,49009316.0,36.8525,35.9045,True,True,37.64,1709966418.3000002,1781824688.7469997
2023-02-15,35.74,36.36,35.73,35.96,57886670.0,2358337800.0,4501946097.0,0.012858143734456179,35.952000000000005,36.12,36.248000000000005,36.41066666666667,47.291666528732655,50129801.05,36.76316666666666,36.0495,True,True,37.64,2081604653.2,1823802487.1725001
2023-02-16,35.83,36.13,34.86,35.05,64334700.0,2581396493.0,4501946097.0,0.014290419879276489,35.678,35.923,36.2455,36.33133333333333,28.77846782548683,51299641.35,36.698499999999996,36.165,True,True,37.64,2254931235.0,1864703044.9525
2023-02-17,34.89,35.12,34.36,34.36,47565830.0,1862401977.0,4501946097.0,0.010565615175112125,35.362,35.733000000000004,36.209999999999994,36.252500000000005,26.127819480114766,51866926.05,36.634,36.1705,True,True,37.64,1634361918.8,1882909132.4164996
2023-02-20,34.37,35.34,34.09,35.28,44047778.0,1730039468.0,4501946097.0,0.009784163792932237,35.269999999999996,35.656,36.16799999999999,36.192499999999995,32.12435225393074,50774540.65,36.55283333333333,36.184000000000005,True,True,37.64,1554005607.8400002,1841602165.0925
2023-02-21,35.3,37.56,35.11,36.97,124409921.0,5150742326.0,4501946097.0,0.027634698043786907,35.524,35.75,36.213,36.15916666666667,45.340750954830234,55052954.45,36.48666666666667,36.2005,True,True,37.64,4599434779.37,2001522997.3034997
2023-02-22,36.63,37.16,36.54,36.79,56125619.0,2339829304.0,4501946097.0,0.012466968237891809,35.69,35.821,36.243,36.138333333333335,48.29629619612617,55908995.95,36.41066666666667,36.248000000000005,False,True,37.64,2064861523.01,2034186907.7584999
2023-02-23,36.79,37.82,36.74,37.45,84733105.0,3578981954.0,4501946097.0,0.018821439256339455,36.17,35.92399999999999,36.304500000000004,36.11,58.947368296952945,58307135.2,36.33133333333333,36.2455,False,False,37.64,3173254782.2500005,2126258597.3509998
2023-02-24,37.43,37.43,36.78,36.91,53311860.0,2225831108.0,4501946097.0,0.011841958755464859,36.68,36.021,36.295,36.07766666666667,56.16045834007931,57450926.55,36.252500000000005,36.209999999999994,False,False,37.64,1967740752.6,2093986793.766
2023-02-27,36.68,37.09,36.2,36.44,39632017.0,1638673930.0,4501946097.0,0.008803307757596192,36.912,36.091,36.272000000000006,36.04966666666666,52.759084691974785,55435112.55,36.192499999999995,36.16799999999999,False,False,37.64,1444190699.48,2018691720.775
2023-02-28,36.56,37.55,36.24,37.07,66084300.0,2756452000.0,4501946097.0,0.01467905180918029,36.932,36.227999999999994,36.258,36.035333333333334,56.17977518270702,55645701.75,36.15916666666667,36.213,False,False,37.64,2449745001.0,2025632047.1950002
2023-03-01,37.12,37.37,36.85,37.05,42590922.0,1783328266.0,4501946097.0,0.009460557963673016,36.984,36.337,36.228500000000004,36.0165,54.096228770175884,54411415.6,36.138333333333335,36.243,False,False,37.64,1577993660.1,1977917084.31
2023-03-02,37.21,37.34,36.46,36.49,41832495.0,1739490719.0,4501946097.0,0.00929209148636326,36.791999999999994,36.481,36.202,35.98583333333333,53.53925344278643,52884429.6,36.11,36.304500000000004,False,False,37.45,1526467742.5500002,1920279501.4725003
2023-03-03,36.49,36.79,36.23,36.46,29932580.0,1233274285.0,4501946097.0,0.00664880906058525,36.702,36.691,36.212,35.94633333333333,54.73684200443213,51246467.5,36.07766666666667,36.295,False,False,37.45,1091341866.8,1861186321.5265
2023-03-06,36.46,37.43,36.04,37.2,72341614.0,3016915061.0,4501946097.0,0.01606896494122995,36.854,36.882999999999996,36.2695,35.932166666666674,59.03614447873421,53163056.75,36.04966666666666,36.272000000000006,False,False,37.45,2691108040.8,1934439006.794
2023-03-07,36.98,37.0,36.1,36.12,62690494.0,2584932895.0,4501946097.0,0.013925198713901882,36.664,36.798,36.274,35.91283333333333,50.87719290435516,54610395.05,36.035333333333334,36.258,False,False,37.45,2264380643.2799997,1986868712.966
2023-03-08,35.83,36.4,35.42,35.64,43007328.0,1738991833.0,4501946097.0,0.009553052629541512,36.382,36.683,36.251999999999995,35.8855,53.394706473242145,55044076.85,36.0165,36.228500000000004,True,False,37.45,1532781169.92,2001569791.0939999
2023-03-09,35.64,35.79,35.3,35.31,29126770.0,1167256038.0,4501946097.0,0.006469817579426251,36.146,36.469,36.1965,35.8495,55.70228081874768,54353027.3,35.98583333333333,36.202,True,True,37.45,1028466248.7,1974785230.748
2023-03-10,35.04,35.12,34.59,34.71,32462306.0,1276393999.0,4501946097.0,0.00721072738334921,35.79600000000001,36.249,36.135,35.8045,46.44194748437113,54116049.55,35.94633333333333,36.212,True,True,37.45,1126766641.26,1964271818.5940003
2023-03-13,34.59,35.66,34.59,35.25,36907014.0,1470878357.0,4501946097.0,0.00819801330464486,35.406000000000006,36.13,36.110499999999995,35.77283333333333,37.463556774855746,53846077.1,35.932166666666674,36.2695,True,True,37.45,1300972243.5,1953718781.3879998
2023-03-14,34.95,35.11,33.83,34.59,48172410.0,1875890464.0,4501946097.0,0.01070035246137244,35.1,35.882,36.055,35.73866666666667,35.01362391141821,53859786.65,35.91283333333333,36.274,True,True,37.45,1666283661.9,1951534643.568
2023-03-15,34.68,35.48,34.62,34.71,34086983.0,1347983395.0,4501946097.0,0.007571610646941071,34.914,35.648,35.9925,35.715,29.852941115008647,52669802.3,35.8855,36.251999999999995,True,True,37.45,1183159179.93,1906612369.9044998
2023-03-16,34.36,34.45,33.47,33.6,49526936.0,1897114095.0,4501946097.0,0.011001228120657349,34.572,35.358999999999995,35.92,35.674166666666665,27.54409764102887,51929414.1,35.8495,36.1965,True,True,37.45,1664105049.6000001,1877071060.6345
2023-03-17,33.79,33.96,33.24,33.62,37758636.0,1434809559.0,4501946097.0,0.008387180829455408,34.354,35.075,35.883,35.624,29.624277396713865,51439054.4,35.8045,36.135,True,True,37.45,1269445342.32,1858825231.8105004
2023-03-20,33.63,34.32,33.28,33.87,34910007.0,1334973667.0,4501946097.0,0.007754425807821928,34.077999999999996,34.742000000000004,35.8125,35.591499999999996,25.53516814105616,50982165.85,35.77283333333333,36.110499999999995,True,True,37.45,1182401937.09,1840245048.273
2023-03-21,33.88,34.32,33.57,34.25,29719170.0,1140604536.0,4501946097.0,0.006601405116734786,34.010000000000005,34.555,35.6765,35.568666666666665,29.71014486725477,46247628.3,35.73866666666667,36.055,True,True,37.45,1017881572.5,1661167387.9295
2023-03-22,34.51,34.82,34.08,34.27,30390981.0,1181631950.0,4501946097.0,0.006750631914551775,33.922000000000004,34.418,35.5505,35.55166666666666,32.547169739676036,44960896.4,35.715,35.9925,True,True,37.45,1041498918.8700001,1609999257.7225
2023-03-23,34.06,34.25,33.78,34.13,29682823.0,1141781742.0,4501946097.0,0.006593331497189625,34.028,34.3,35.3845,35.544,31.99381755055434,42208382.3,35.674166666666665,35.92,True,True,37.45,1013074748.9900001,1501990256.0595
2023-03-24,34.2,34.77,34.1,34.55,37890532.0,1477371785.0,4501946097.0,0.008416478381482496,34.214,34.284,35.2665,35.55733333333333,28.455284488069196,41437315.9,35.624,35.883,True,True,37.2,1309117880.6,1469059112.4594998
2023-03-27,34.53,34.93,34.19,34.66,32902869.0,1286260232.0,4501946097.0,0.0073085879508699055,34.372,34.225,35.177499999999995,35.57483333333333,35.90733581028901,41100858.5,35.591499999999996,35.8125,True,True,37.2,1140413439.54,1453870249.4625
2023-03-28,34.54,34.67,34.13,34.19,23202601.0,900808115.0,4501946097.0,0.005153904667019828,34.36,34.185,35.033500000000004,35.56966666666666,35.97678907085583,38956773.55,35.568666666666665,35.6765,True,True,37.2,793296928.1899999,1371047845.822
2023-03-29,34.5,34.75,34.15,34.23,26075121.0,1014112769.0,4501946097.0,0.005791966504746892,34.352,34.13699999999999,34.8925,35.54933333333334,38.93442611781099,38130983.5,35.55166666666666,35.5505,True,True,37.2,892551391.8299999,1336775732.4085002
2023-03-30,34.33,34.37,33.69,34.36,29603534.0,1139380295.0,4501946097.0,0.006575719336072717,34.397999999999996,34.213,34.786,35.5385,46.031745885613475,37519535.45,35.544,35.3845,True,True,37.2,1017177428.24,1311311216.6929998
2023-03-31,34.32,34.75,34.24,34.43,27881185.0,1086468303.0,4501955828.0,0.006193127179656548,34.374,34.294,34.6845,35.53883333333333,39.593908488752575,37416965.7,35.55733333333333,35.2665,True,True,37.2,959949199.55,1304741583.3305001
2023-04-03,34.42,34.99,33.9,34.81,52390555.0,2043137219.0,4501955828.0,0.01163728765932263,34.403999999999996,34.388,34.565,35.55016666666666,53.00546427812116,36419412.75,35.57483333333333,35.177499999999995,True,True,37.2,1823715219.5500002,1261371942.2680001
2023-04-04,34.81,34.81,34.15,34.5,36268305.0,1409279512.0,4501955828.0,0.008056121913597772,34.465999999999994,34.413,34.484,35.55416666666667,47.27272710082644,35098303.3,35.56966666666666,35.033500000000004,False,True,36.12,1251256522.5,1210715736.229
2023-04-06,34.27,34.55,34.02,34.33,27892773.0,1079863628.0,4501955828.0,0.0061957011720373545,34.486000000000004,34.419,34.4185,35.57333333333333,62.54295502556647,34342575.55,35.54933333333334,34.8925,False,False,35.64,957558897.0899999,1181954622.5875
2023-04-07,34.32,34.66,33.98,34.43,24860826.0,968756233.0,4501955828.0,0.0055222278826854805,34.5,34.449,34.3745,35.57866666666667,63.54515020413642,34129278.35,35.5385,34.786,True,False,35.31,855958239.18,1173329222.1115
2023-04-10,35.64,36.26,35.57,35.81,88763058.0,3598830639.0,4501955828.0,0.019716554624533734,34.775999999999996,34.575,34.429500000000004,35.57833333333334,73.5436890704826,36944315.95,35.53883333333333,34.6845,False,True,35.25,3178605106.98,1275921145.3975
2023-04-11,35.82,36.14,35.5,35.86,48745528.0,1972898650.0,4501955828.0,0.010827633558025216,34.986000000000004,34.695,34.46,35.58483333333333,71.240105277741,37536241.65,35.55016666666666,34.565,False,False,35.81,1748014634.08,1298273264.9264998
2023-04-12,35.86,35.9,35.04,35.31,46286595.0,1847961361.0,4501955828.0,0.010281441393120662,35.148,34.807,34.495999999999995,35.58383333333334,62.037036835991074,37441950.9,35.55416666666667,34.484,False,False,35.86,1634379669.45,1296678065.304
2023-04-13,35.61,35.68,35.11,35.19,33707024.0,1347577571.0,4501955828.0,0.007487195629588038,35.32000000000001,34.903000000000006,34.519999999999996,35.586833333333324,62.325581192428274,37422952.95,35.57333333333333,34.4185,False,False,35.86,1186150174.56,1296827615.0355
2023-04-14,35.21,35.89,34.95,35.46,35896669.0,1440402195.0,4501955828.0,0.00797357201435429,35.525999999999996,35.013,34.613,35.59283333333333,60.963855216025564,36741439.6,35.57866666666667,34.3745,False,False,35.86,1272895882.74,1277267156.6924999
2023-04-17,35.39,35.99,35.23,35.89,40933435.0,1655863782.0,4501955828.0,0.009092367087525319,35.542,35.159000000000006,34.7265,35.606500000000004,63.75838906205426,36900179.55,35.57833333333334,34.429500000000004,False,False,35.86,1469100982.15,1287249938.684
2023-04-18,35.91,36.23,35.71,35.98,40392187.0,1642998462.0,4501955828.0,0.008972142007431532,35.565999999999995,35.275999999999996,34.83200000000001,35.604166666666664,71.88264034074396,37174288.55,35.58483333333333,34.46,False,False,35.89,1453310888.26,1300795386.2424998
2023-04-19,35.92,35.96,35.18,35.31,39413211.0,1577302062.0,4501955828.0,0.008754686297646188,35.565999999999995,35.357,34.885000000000005,35.5915,61.44067778386244,37658990.6,35.58383333333334,34.495999999999995,False,False,35.98,1391680480.41,1319485331.638
2023-04-20,35.29,35.55,34.98,35.12,33461835.0,1329391230.0,4501955828.0,0.007432732856214066,35.552,35.436,34.927499999999995,35.57366666666667,57.94979062525162,37812533.3,35.586833333333324,34.519999999999996,False,False,35.98,1175179645.1999998,1326169367.9545
2023-04-21,35.14,35.48,34.58,34.64,46810097.0,1850255825.0,4501955828.0,0.01039772463089569,35.388,35.457,34.952999999999996,35.54733333333333,52.02312124695113,38668897.0,35.59283333333333,34.613,False,False,35.98,1621501760.08,1356590718.509
2023-04-24,34.64,34.72,34.01,34.33,34800362.0,1348021240.0,4501955828.0,0.007730054076399081,35.076,35.309000000000005,34.942,35.50116666666666,45.3124998760986,38514388.5,35.606500000000004,34.7265,True,False,35.98,1194696427.46,1350869645.852
2023-04-25,34.33,35.11,33.39,33.58,59325386.0,2281551725.0,4501955828.0,0.01317769171146119,34.596000000000004,35.081,34.888,35.44583333333333,41.72661859996893,39835514.35,35.604166666666664,34.83200000000001,True,True,35.98,1992146461.8799999,1393456296.969
2023-04-26,33.63,36.27,33.27,35.62,100608819.0,4005543380.0,4501955828.0,0.022347802342764345,34.658,35.112,34.9595,35.417,58.681022769645445,43705825.25,35.5915,34.885000000000005,True,True,35.98,3583686132.7799997,1532975757.1985002
2023-04-27,35.63,35.7,34.84,35.21,48048006.0,1908665994.0,4501955828.0,0.010672696009402072,34.676,35.114,35.0085,35.3765,55.03875959036918,44804469.5,35.57366666666667,34.927499999999995,False,True,35.98,1691770291.26,1572936702.1699998
2023-04-28,35.21,35.46,34.87,35.24,35647710.0,1414734758.0,4501955828.0,0.007918271827166404,34.79600000000001,35.092,35.052499999999995,35.34683333333333,45.53990600351193,45106678.3,35.54733333333333,34.952999999999996,False,False,35.98,1256225300.4,1584889095.778
2023-05-04,34.94,35.36,34.42,34.52,39757776.0,1562606364.0,4501955828.0,0.00883122303260413,34.834,34.955,35.057,35.317833333333326,40.50991493383304,45700507.85,35.50116666666666,34.942,False,False,35.98,1372438427.5200002,1605513557.1764998
2023-05-05,34.41,34.41,33.53,33.9,41377138.0,1582243582.0,4501955828.0,0.009190924918155373,34.898,34.747,35.0115,35.282000000000004,40.112201884772645,45149837.0,35.44583333333333,34.888,True,False,35.98,1402684978.2,1584462045.109
2023-05-08,33.74,34.48,33.64,34.16,34116817.0,1313250624.0,4501955828.0,0.007578221178406462,34.606,34.632,34.9945,35.250833333333325,42.91609345243117,45042262.6,35.417,34.9595,True,True,35.98,1165430468.7199998,1580170742.4199998
2023-05-09,34.07,34.28,33.67,33.9,30783060.0,1181106871.0,4501955828.0,0.006837708137548612,34.344,34.510000000000005,34.973,35.2145,39.256198271406745,45186776.95,35.3765,35.0085,True,True,35.98,1043545734.0,1584470084.2654998
2023-05-10,33.76,34.67,33.56,34.43,39273828.0,1515788598.0,4501955828.0,0.008723725753979122,34.182,34.489,34.973,35.181333333333335,40.08152166288839,45907427.05,35.34683333333333,35.052499999999995,True,True,35.98,1352197898.04,1609282067.2085
2023-05-11,34.29,34.75,34.07,34.15,31456201.0,1220851798.0,4501955828.0,0.006987230039965643,34.10799999999999,34.471,34.89,35.15149999999999,37.88079463174423,43042084.2,35.317833333333326,35.057,True,True,35.98,1074229264.1499999,1504063275.067
2023-05-12,34.15,34.35,33.78,33.82,23080636.0,884715936.0,4501955828.0,0.005126801968257783,34.092,34.495,34.788,35.1195,39.66712891049377,41758839.6,35.282000000000004,35.0115,True,True,35.98,780587109.52,1455691898.8390002
2023-05-15,33.82,34.72,33.78,34.65,42876271.0,1670034532.0,4501955828.0,0.009523920855315865,34.19,34.397999999999996,34.755,35.102,47.00636934291858,41588323.4,35.250833333333325,34.9945,True,True,35.98,1485662790.1499999,1448256054.874
2023-05-16,34.59,35.08,34.29,34.47,37386576.0,1465009887.0,4501955828.0,0.008304518619990334,34.303999999999995,34.324,34.719,35.07716666666666,48.874172094802844,41772301.0,35.2145,34.973,True,True,35.98,1288715274.72,1453384309.882
2023-05-17,34.53,34.8,34.16,34.21,27722811.0,1076208509.0,4501955828.0,0.006157948247199017,34.26,34.221,34.6565,35.06316666666667,49.19999990816002,41363608.1,35.181333333333335,34.973,True,True,35.98,948397364.3100001,1437159383.9605002
2023-05-18,34.33,34.38,33.78,33.94,28978140.0,1113090495.0,4501955828.0,0.006436789055052452,34.217999999999996,34.163,34.559,35.05616666666666,52.56410245927387,40765843.35,35.15149999999999,34.89,True,True,35.98,983518071.5999999,1412880238.433
2023-05-19,33.9,33.96,33.62,33.96,19482814.0,744020928.0,4501955828.0,0.004327633309688706,34.245999999999995,34.169,34.458,35.03416666666667,33.39999990648003,39720374.7,35.1195,34.788,True,True,35.98,661636363.44,1373296512.192
2023-05-22,33.96,34.19,33.81,34.07,21073802.0,810303874.0,4501965227.0,0.004681022828344471,34.129999999999995,34.160000000000004,34.396,34.98583333333333,37.872340312720695,38803404.25,35.102,34.755,True,True,35.62,717984434.14,1339611709.8785
2023-05-23,34.11,34.36,33.91,34.02,22768552.0,877972259.0,4501965227.0,0.005057469538735733,34.040000000000006,34.172000000000004,34.340999999999994,34.93966666666667,37.07627107646869,38268740.1,35.07716666666666,34.719,True,True,35.62,774586139.0400001,1319582034.5705
2023-05-24,34.04,34.6,33.8,34.23,38466909.0,1488466790.0,4501965227.0,0.008544470483534457,34.044,34.152,34.320499999999996,34.886,46.55581932261715,37851580.7,35.06316666666667,34.6565,True,True,35.62,1316722295.07,1304343061.32
2023-05-25,34.06,34.67,33.9,34.57,48029573.0,1871843066.0,4501965227.0,0.010668579293315808,34.17,34.194,34.332499999999996,34.846999999999994,58.5241728195068,38513041.25,35.05616666666666,34.559,True,True,35.62,1660382338.61,1327627356.8775
2023-05-26,34.48,34.48,33.72,33.96,34471929.0,1324402838.0,4501965227.0,0.007657084686762731,34.17,34.208,34.3515,34.80566666666667,47.66355124596039,37270368.4,35.03416666666667,34.458,False,True,35.62,1170666708.84,1286553369.2254999
2023-05-29,34.03,34.04,33.11,33.35,41853140.0,1581890503.0,4501965227.0,0.009296637776984766,34.025999999999996,34.078,34.238,34.74366666666666,44.06047502875885,34332584.45,34.98583333333333,34.396,True,False,35.62,1395802219.0,1177159173.5365
2023-05-30,33.29,33.57,31.9,32.94,54678946.0,2017075187.0,4501965227.0,0.012145572709462423,33.81,33.925,34.1245,34.67516666666667,33.48115288941547,34664131.45,34.93966666666667,34.340999999999994,True,True,35.24,1801124481.2399998,1182626883.0355
2023-05-31,33.07,33.09,32.21,32.7,34651061.0,1179504428.0,4501965227.0,0.007696874421016047,33.504000000000005,33.774,33.9975,34.612,33.780760520597184,34614299.0,34.886,34.320499999999996,True,True,35.24,1133089694.7,1176470102.7505
2023-06-01,32.61,32.97,32.27,32.28,26166853.0,890244086.0,4501965227.0,0.00581231788354726,33.046,33.608000000000004,33.8855,34.54233333333333,33.1140349860534,33934752.85,34.846999999999994,34.332499999999996,True,True,34.65,844666014.84,1150081482.1165
2023-06-02,32.28,32.73,32.12,32.5,25823541.0,876211039.0,4501965227.0,0.005736059631275335,32.754000000000005,33.462,33.8155,34.464000000000006,22.784810045825978,33157073.0,34.80566666666667,34.3515,True,True,34.65,839265082.5,1121910487.3314998
2023-06-05,32.59,32.64,31.85,31.86,28948738.0,967295739.0,4501965227.0,0.006430244691003696,32.456,33.241,33.7005,34.393,20.40816320051829,32898669.05,34.74366666666666,34.238,True,True,34.65,922306792.68,1109754303.5295
2023-06-06,31.82,31.83,30.63,30.78,49202266.0,1591442397.0,4501965227.0,0.010929063979640552,32.024,32.917,33.5445,34.312,17.208412955847436,33819629.35,34.67516666666667,34.1245,True,True,34.65,1514445747.48,1133299304.2035
2023-06-07,31.0,31.07,30.02,30.2,38033504.0,1205676061.0,4501965227.0,0.008448200304146863,31.524,32.513999999999996,33.333,34.22683333333334,16.245487323567346,33757613.15,34.612,33.9975,True,True,34.65,1148611820.8,1123120000.3415
2023-06-08,30.09,30.53,30.04,30.05,28258296.0,892135439.0,4501965227.0,0.006276880112383862,31.077999999999996,32.062,33.128,34.149166666666666,15.520282148627118,33597717.9,34.54233333333333,33.8855,True,True,34.65,849161794.8000001,1111866626.874
2023-06-09,30.05,30.49,29.73,30.49,39233367.0,1234973610.0,4501965227.0,0.00871472013259955,30.676,31.715000000000003,32.9615,34.069833333333335,20.16666661961105,34405354.45,34.464000000000006,33.8155,True,True,34.65,1196225359.83,1132648539.3895
2023-06-12,30.44,30.91,29.88,30.59,35107419.0,1114875823.0,4501965227.0,0.00779824304049428,30.422000000000004,31.439,32.758500000000005,34.003166666666665,21.65289251187754,34016911.85,34.393,33.7005,True,True,34.65,1073935947.21,1112062197.2424998
2023-06-13,30.34,30.65,30.14,30.49,23259985.0,737067954.0,4501965227.0,0.005166629200177072,30.363999999999997,31.194,32.5595,33.932833333333335,18.518518474872195,33310582.3,34.312,33.5445,True,True,34.57,709196942.65,1083086280.639
2023-06-14,30.55,30.86,30.37,30.41,25401628.0,810297869.0,4501965227.0,0.005642342114873914,30.406,30.964999999999996,32.3695,33.879666666666665,13.380281657161262,33194523.15,34.22683333333334,33.333,True,True,34.57,772463507.48,1074289587.7975
2023-06-15,30.36,32.0,30.15,31.99,70750621.0,2319654782.0,4501965227.0,0.015715496995774552,30.794,30.936,32.272000000000006,33.8525,35.18796985073206,35283147.2,34.149166666666666,33.128,True,True,34.57,2263312365.79,1138279302.507
2023-06-16,31.63,33.02,31.51,33.02,66918021.0,2263803309.0,4501965227.0,0.014864179891632023,31.3,30.988,32.225,33.83833333333333,47.66619509655917,37654907.55,34.069833333333335,32.9615,True,True,34.57,2209633053.42,1215679137.006
2023-06-19,33.02,33.21,32.46,32.97,35780972.0,1226138057.0,4501965227.0,0.007947856146335357,31.776,31.099,32.17,33.817,50.2235468400701,38390266.05,34.003166666666665,32.758500000000005,False,True,34.57,1179698646.84,1238764847.641
2023-06-20,32.89,33.51,32.88,33.11,30830980.0,1068054973.0,4501965227.0,0.006848338102456872,32.3,31.332,32.1245,33.797666666666665,53.101361460904805,38793387.45,33.932833333333335,32.5595,False,False,34.57,1020813747.8,1251076228.079
2023-06-21,32.97,33.93,32.8,32.83,41420098.0,1442461691.0,4501965227.0,0.009200448229050704,32.784,31.595,32.054500000000004,33.775999999999996,54.250386281374716,38941046.9,33.879666666666665,32.3695,False,False,34.57,1359821817.34,1253231204.1925
2023-06-26,32.47,33.32,32.2,32.56,30757737.0,1046779608.0,4501965227.0,0.006832068985236523,32.898,31.845999999999997,31.953999999999997,33.74283333333333,50.460122591036566,38077455.1,33.8525,32.272000000000006,False,False,34.57,1001471916.72,1220285683.098
2023-06-27,32.58,33.3,32.58,32.83,25210575.0,866773944.0,4501965227.0,0.0055999044259166155,32.86,32.08,31.897499999999997,33.71233333333333,57.886178730015196,37614387.4,33.83833333333333,32.225,False,False,33.96,827663177.25,1203135506.5184999
2023-06-28,32.78,33.38,32.7,32.99,29475487.0,1015698763.0,4501965227.0,0.006547248926585278,32.864,32.32,31.8795,33.69233333333333,71.1281068841695,36995504.75,33.817,32.17,False,False,33.35,972396316.1300001,1181965211.375
2023-06-29,32.94,33.24,32.62,32.63,22902601.0,784663100.0,4501965227.0,0.005087245201860819,32.767999999999994,32.534,31.863999999999997,33.66566666666667,74.25149679849883,35406687.5,33.797666666666665,32.1245,False,False,33.11,747311870.6300001,1129274580.8445
2023-06-30,32.63,33.1,32.36,32.88,24250880.0,831728877.0,4501967811.0,0.005386728874592569,32.778000000000006,32.781,31.872999999999998,33.641,77.69080213548509,34886678.45,33.775999999999996,32.054500000000004,False,False,33.11,797368934.4000001,1112488542.8295
2023-07-03,32.88,33.23,32.74,32.79,28472330.0,978051468.0,4501967811.0,0.006324418830901321,32.824,32.861000000000004,31.898500000000002,33.61366666666667,74.15966364742953,35001952.3,33.74283333333333,31.953999999999997,False,False,33.11,933607700.6999999,1116935627.1225
2023-07-04,32.71,32.8,31.96,32.18,34882679.0,1173954265.0,4501967811.0,0.007748318172059894,32.694,32.777,31.8825,33.569833333333335,65.08538882140502,35454909.2,33.71233333333333,31.897499999999997,False,False,33.11,1122524610.22,1131098603.5085
2023-07-05,32.12,32.16,31.31,31.41,36121581.0,1189385328.0,4501967811.0,0.008023509388881323,32.378,32.620999999999995,31.859999999999996,33.51833333333334,57.74410760801053,35813551.35,33.69233333333333,31.8795,False,False,33.11,1134578859.21,1141712206.835
2023-07-06,31.43,31.57,31.13,31.19,19211017.0,627599894.0,4501967811.0,0.004267248857946132,32.089999999999996,32.428999999999995,31.8805,33.465999999999994,56.414473554308785,34313988.9,33.66566666666667,31.863999999999997,True,False,33.11,599191620.23,1095949500.4725
2023-07-07,31.05,31.21,30.83,30.86,17597017.0,568487890.0,4501967811.0,0.003908738964548763,31.686,32.232,31.913500000000006,33.4065,38.30227732169115,33292164.55,33.641,31.872999999999998,True,True,33.11,543043944.62,1065671106.6635002
2023-07-10,30.96,33.28,30.96,33.1,90795819.0,3097048023.0,4501967811.0,0.020168029362216157,31.748,32.286,32.065999999999995,33.36133333333333,50.66225153820006,36419040.7,33.61366666666667,31.898500000000002,True,True,33.11,3005341608.9,1173480097.3685
2023-07-11,33.09,33.24,32.58,32.71,30771820.0,1053002176.0,4501967811.0,0.006835193251451704,31.853999999999996,32.274,32.177,33.30883333333333,47.962382339894475,35995963.35,33.569833333333335,31.8825,False,True,33.11,1006546232.2,1163996140.987
2023-07-12,32.88,33.75,32.31,33.22,55579028.0,1929053665.0,4501967811.0,0.012345496532471764,32.215999999999994,32.297000000000004,32.3085,33.274,50.81481470942112,37019543.8,33.51833333333334,31.859999999999996,False,False,33.11,1846335310.1599998,1202616109.1345
2023-07-13,32.95,33.72,32.95,33.31,31509978.0,1095690829.0,4501967811.0,0.006999156662784055,32.64,32.365,32.4495,33.242666666666665,53.65853647085072,37432043.45,33.465999999999994,31.8805,False,False,33.22,1049597367.1800001,1219636130.361
2023-07-14,33.32,33.36,32.78,32.84,23971738.0,823967762.0,4501967811.0,0.005324724433041932,33.036,32.361000000000004,32.571,33.199,52.071005809320404,37360548.95,33.4065,31.913500000000006,False,False,33.31,787231875.9200001,1220374548.783
2023-07-17,32.77,33.11,32.32,32.58,17968313.0,611771841.0,4501967811.0,0.00399121312153691,32.932,32.339999999999996,32.6005,33.14383333333333,48.14814804828533,34721433.55,33.36133333333333,32.065999999999995,False,False,33.31,585407637.54,1136479312.3705
2023-07-18,32.76,32.87,32.3,32.61,15830368.0,537443698.0,4501967811.0,0.003516321898464147,32.912,32.382999999999996,32.58,33.087666666666664,47.129909265888394,32167050.9,33.30883333333333,32.177,True,False,33.31,516228300.48,1051809074.7234999
2023-07-19,32.68,32.78,32.16,32.39,13820728.0,466944493.0,4501967811.0,0.003069930434915764,32.746,32.48100000000001,32.551,33.039,48.14814804412436,31069038.7,33.274,32.3085,False,True,33.31,447653379.92,1015206811.3775002
2023-07-20,32.52,33.16,32.41,32.44,26403570.0,901326210.0,4501967811.0,0.005864895332100366,32.572,32.605999999999995,32.5175,32.99433333333334,46.49681518296885,30847668.2,33.242666666666665,32.4495,True,False,33.31,856531810.8,1006992714.5274999
2023-07-21,32.39,32.54,31.78,32.13,20071493.0,673422997.0,4501967811.0,0.004458382165895944,32.42999999999999,32.733000000000004,32.4825,32.9525,44.923076826319544,29780237.95,33.199,32.571,True,True,33.31,644897070.09,971246477.165
2023-07-24,31.91,32.25,31.7,31.81,15116585.0,503670745.0,4501967811.0,0.0033577727861724155,32.275999999999996,32.604,32.445,32.9105,47.02093387145039,28998180.35,33.14383333333333,32.6005,True,True,33.31,480858568.84999996,945215809.7715
2023-07-25,32.17,33.02,32.02,32.85,33570023.0,1148112309.0,4501967811.0,0.007456744341435719,32.324,32.618,32.446000000000005,32.89833333333333,61.111110979080934,29416152.75,33.087666666666664,32.58,True,True,33.31,1102775255.55,958971413.6865002
2023-07-26,32.79,33.47,32.72,32.96,23257974.0,803915304.0,4501967811.0,0.005166179541126888,32.438,32.592,32.4445,32.854,63.89324946711058,29105277.1,33.039,32.551,False,True,33.31,766582823.04,948680739.032
2023-07-27,32.93,33.21,32.54,32.59,17348535.0,593918139.0,4501967811.0,0.0038535448782221426,32.468,32.519999999999996,32.4425,32.81033333333333,63.494539642913665,28827573.8,32.99433333333334,32.5175,False,False,33.31,565388755.6500001,939584583.283
2023-07-28,32.48,33.22,32.31,33.17,30445414.0,1045922988.0,4501967811.0,0.006762690289701851,32.676,32.553000000000004,32.457,32.77583333333334,50.736841955722994,29137300.5,32.9525,32.4825,False,False,33.31,1009874382.38,950209855.6820002
2023-07-31,33.35,34.02,33.18,33.35,38233332.0,1339347395.0,4501967811.0,0.008492582267376855,32.984,32.63000000000001,32.485,32.75633333333333,57.04845797385939,29625350.6,32.9105,32.445,False,False,33.31,1275081622.2,967283551.757
2023-08-01,33.34,33.53,32.95,33.14,20723425.0,717233382.0,4501967811.0,0.004603192619317464,33.041999999999994,32.68300000000001,32.533,32.74366666666667,49.056603611605574,28917387.9,32.89833333333333,32.446000000000005,False,False,33.35,686774304.5,945496036.471
2023-08-02,33.14,33.39,32.87,32.92,16243558.0,560060197.0,4501967811.0,0.0036081017639244066,33.034000000000006,32.736000000000004,32.60850000000001,32.723,45.53775729118338,27923486.75,32.854,32.4445,False,False,33.35,534737929.36,915503989.9785
2023-08-03,33.24,34.1,33.22,33.92,52258278.0,1843468093.0,4501967811.0,0.011607874643686563,33.3,32.884,32.745,32.723333333333336,61.02040798892127,29575849.8,32.81033333333333,32.4425,False,False,33.35,1772600789.76,974174448.4550002
2023-08-04,34.09,34.56,33.78,34.03,41418253.0,1474672822.0,4501967811.0,0.0092000331274692,33.472,33.074,32.903499999999994,32.71666666666667,65.26315770238233,30766911.6,32.77583333333334,32.457,False,False,33.92,1409463149.5900002,1017495408.7035
2023-08-07,34.04,34.12,33.6,33.77,18887582.0,665477890.0,4501967811.0,0.0041954058298352415,33.556,33.269999999999996,32.937000000000005,32.71033333333333,61.64658617207793,27171499.75,32.75633333333333,32.485,False,False,34.03,637833644.1400001,899120010.4655001
2023-08-08,33.87,34.07,33.45,33.66,16465735.0,578495402.0,4501967811.0,0.0036574528497889344,33.66,33.351000000000006,32.984500000000004,32.70766666666667,63.039014192495614,26456195.5,32.74366666666667,32.533,False,False,34.03,554236640.0999999,876504530.8605
2023-08-09,33.45,33.76,33.38,33.58,12959865.0,453760281.0,4501967811.0,0.0028787111645565697,33.792,33.413,33.0025,32.68983333333333,61.63265288513121,24325237.35,32.723,32.60850000000001,False,False,34.03,435192266.7,805947378.6875
2023-08-10,33.6,33.93,33.49,33.73,15983999.0,562570898.0,4501967811.0,0.00355044719798864,33.754000000000005,33.527,33.0235,32.6775,66.87763693327273,23548938.4,32.723333333333336,32.745,False,False,34.03,539140286.27,780424524.642
2023-08-11,33.67,33.81,33.23,33.26,19851111.0,693051541.0,4501967811.0,0.004409429794565894,33.6,33.536,33.0445,32.66166666666667,64.82617568352424,23342907.05,32.71666666666667,32.903499999999994,False,False,34.03,660247951.86,774075328.4389999
2023-08-14,32.97,33.21,32.67,32.97,18416766.0,632787048.0,4501967811.0,0.004090825784005145,33.44,33.498,33.064,32.6455,51.449275188335754,23365329.7,32.71033333333333,32.937000000000005,False,False,34.03,607200775.02,775164985.313
2023-08-15,32.87,33.01,31.54,31.86,45544324.0,1515681083.0,4501967811.0,0.010116537014928914,33.08,33.37,33.0265,32.610499999999995,39.29961078789986,24851027.5,32.70766666666667,32.984500000000004,True,False,34.03,1451042162.6399999,821905678.4209999
2023-08-16,31.63,32.08,31.4,31.45,28695120.0,948285127.0,4501967811.0,0.006373906079445311,32.653999999999996,33.223,32.9795,32.566833333333335,38.99613889074397,25594747.1,32.68983333333333,33.0025,True,True,34.03,902461524.0,844646085.625
2023-08-17,31.36,31.56,30.88,31.49,23971960.0,781617090.0,4501967811.0,0.005324773744811656,32.206,32.980000000000004,32.932,32.52466666666667,31.89655162789829,25473166.6,32.6775,33.0235,True,True,34.03,754877020.4,839563346.105
2023-08-18,31.49,31.7,31.1,31.1,17775242.0,581829167.0,4501967811.0,0.003948327208508333,31.774,32.687,32.8805,32.472500000000004,26.804123633967436,25358354.05,32.66166666666667,33.0445,True,True,34.03,552810026.2,834958993.9104999
2023-08-21,31.04,31.04,30.34,30.34,25499897.0,814223484.0,4501967811.0,0.0056641668866876755,31.248,32.344,32.807,32.402,24.074074011659775,25877519.65,32.6455,33.064,True,True,34.03,773666874.98,849599409.217
2023-08-22,30.59,30.84,29.34,30.19,38209580.0,1193853455.0,4501967811.0,0.008487306352266587,30.913999999999998,31.996999999999996,32.674,32.33916666666667,24.39024383837456,26109497.5,32.610499999999995,33.0265,True,True,34.03,1153547220.2,852138007.4495
2023-08-23,29.91,29.99,29.28,29.33,25667180.0,793761185.0,4501967811.0,0.005701324637925094,30.49,31.571999999999996,32.4925,32.272166666666664,5.7803468052167375,26229957.8,32.566833333333335,32.9795,True,True,34.03,752818389.4,851449785.7675
2023-08-24,29.35,30.18,29.35,29.94,26306834.0,819439896.0,4501967811.0,0.005843407839505763,30.18,31.193,32.36,32.222166666666666,14.059753919712392,26677872.75,32.52466666666667,32.932,True,True,34.03,787626609.96,862561678.483
2023-08-25,29.81,30.5,29.66,30.27,26507420.0,835562898.0,4501967811.0,0.005887963022577018,30.014,30.894,32.215,32.181666666666665,19.618055507872768,26480973.05,32.472500000000004,32.8805,True,True,34.03,802379603.4,852186939.534
2023-08-28,32.4,32.42,30.91,31.11,47389273.0,1560214950.0,4501967811.0,0.010526346475470169,30.168,30.708,32.103,32.162166666666664,30.3543913058611,26938770.1,32.402,32.807,True,True,34.03,1474280283.03,862146872.5754999
2023-08-29,31.12,31.54,31.04,31.35,28355800.0,927106655.0,4501967811.0,0.006298534594298102,30.4,30.657,32.0135,32.143,33.23308263680255,27320388.85,32.33916666666667,32.674,True,True,34.03,888954330.0,872255873.8504999
2023-08-30,31.35,31.55,31.06,31.13,19131890.0,624812633.0,4501967811.0,0.004249672766041018,30.76,30.625,31.924,32.130833333333335,30.654761840897834,27464805.45,32.272166666666664,32.4925,True,True,34.03,595575735.6999999,875297764.1675001
2023-08-31,31.1,31.38,30.74,30.74,20619873.0,666379761.0,4501967811.0,0.004580191122117288,30.919999999999998,30.55,31.764999999999997,32.13016666666667,31.024096320129928,25882885.2,32.222166666666666,32.36,True,True,34.03,633854896.02,818360469.4805
2023-09-01,30.78,31.14,30.68,30.82,13445254.0,432944482.0,4501967811.0,0.0029865282393064184,31.029999999999994,30.522,31.6045,32.140499999999996,33.281492929091655,24484235.25,32.181666666666665,32.215,True,True,34.03,414382728.28000003,768606448.4150001
2023-09-04,31.05,31.09,30.49,31.01,23846399.0,767848498.0,4501967811.0,0.0052968834965310685,31.01,30.589,31.466499999999996,32.1565,42.2867512537179,24732176.1,32.162166666666664,32.103,True,True,33.77,739476832.99,773688607.8575
2023-09-05,30.91,31.43,30.63,31.12,29423108.0,954195416.0,4501967811.0,0.006535610478624099,30.964,30.682,31.339499999999997,32.167,46.833013309853726,25380044.75,32.143,32.0135,True,True,33.73,915647120.96,791759131.9005
2023-09-06,30.91,30.98,30.48,30.71,21708360.0,694516645.0,4501967811.0,0.004821971393699954,30.880000000000003,30.820000000000004,31.196000000000005,32.169000000000004,43.0107525802598,25817469.5,32.130833333333335,31.924,True,True,33.73,666663735.6,803332705.3455
2023-09-07,30.69,30.7,30.02,30.02,20707777.0,654207242.0,4501967811.0,0.004599716805927203,30.736,30.828000000000003,31.0105,32.16116666666667,40.816326433430525,26053658.4,32.13016666666667,31.764999999999997,True,True,33.73,621647465.54,807458064.309
2023-09-08,29.85,30.03,29.71,29.78,12668243.0,394162765.0,4501967811.0,0.0028139346018971347,30.528000000000002,30.778999999999996,30.8365,32.150666666666666,44.77611928603255,25694515.0,32.140499999999996,31.6045,True,True,33.26,377260276.54,793308680.543
2023-09-11,29.9,30.36,29.64,30.2,17086727.0,536537593.0,4501967811.0,0.0037953907529615608,30.365999999999996,30.688,30.698,32.12083333333333,50.08880982215925,25628013.05,32.1565,31.466499999999996,True,True,32.97,516019155.4,788749599.562
2023-09-12,30.14,30.52,30.06,30.3,13975096.0,442002396.0,4501967811.0,0.0031042194406307364,30.201999999999998,30.583,30.619999999999997,32.0755,59.95893206582648,24049551.65,32.167,31.339499999999997,True,True,31.86,423445408.8,737369761.87
2023-09-13,30.48,30.48,29.76,29.88,14879015.0,465975299.0,4501967811.0,0.003305002528815282,30.036,30.458,30.541499999999996,32.024,49.358974211319286,23358746.4,32.169000000000004,31.196000000000005,True,True,31.49,444584968.2,714475934.08
2023-09-14,30.02,30.07,29.68,29.79,13780367.0,428698339.0,4501967811.0,0.0030609652442048526,29.99,30.363,30.456500000000005,31.968666666666667,44.59459445398102,22849166.75,32.16116666666667,31.0105,True,True,31.49,410517132.93,697257939.7064999
2023-09-15,29.89,30.02,29.52,29.52,29035209.0,899115874.0,4501967811.0,0.006449448378785843,29.938,30.232999999999997,30.377500000000005,31.9135,29.457364234521208,23412165.1,32.150666666666666,30.8365,True,True,31.35,857119369.68,712473406.8805001
2023-09-18,29.6,29.76,29.0,29.71,22057151.0,678572178.0,4501967811.0,0.004899446625563623,29.839999999999996,30.103,30.345999999999997,31.866,28.534031309037616,23240027.8,32.12083333333333,30.698,True,True,31.35,655317956.21,706555960.942
2023-09-19,29.6,29.61,29.15,29.29,17245430.0,527514007.0,4501967811.0,0.0038306426709366803,29.637999999999998,29.919999999999998,30.301000000000005,31.807000000000002,27.114427766268193,22191820.3,32.0755,30.619999999999997,True,True,31.35,505118644.7,674134532.167
2023-09-20,29.14,29.27,28.94,29.08,13713599.0,416036812.0,4501967811.0,0.0030461343962727857,29.478,29.757000000000005,30.2885,31.741833333333332,28.38541656317821,21594141.25,32.024,30.541499999999996,True,True,31.35,398791458.91999996,656433185.643
2023-09-21,28.95,29.02,28.47,28.49,23235032.0,696179929.0,4501967811.0,0.005161083547338584,29.218,29.603999999999996,30.215999999999998,31.672833333333333,23.218390729871857,21440551.15,31.968666666666667,30.456500000000005,True,True,31.35,661966061.68,650150158.229
2023-09-22,28.38,29.3,28.25,29.29,25252475.0,761720319.0,4501967811.0,0.005609208252955232,29.172000000000004,29.555,30.166999999999994,31.613,32.661290230391515,21377803.9,31.9135,30.377500000000005,True,True,31.35,739644992.75,647013427.6965001
2023-09-25,29.07,29.74,29.01,29.69,25458342.0,780804705.0,4501967811.0,0.005654936478620682,29.168,29.504,30.095999999999997,31.561333333333334,36.38095228393653,20281257.35,31.866,30.345999999999997,True,True,31.35,755858173.98,611092322.244
2023-09-26,29.64,29.92,29.5,29.71,18610219.0,577391325.0,4501967811.0,0.004133796548817661,29.252,29.445,30.014,31.520166666666668,39.7119340419821,19793978.3,31.807000000000002,30.301000000000005,True,True,31.35,552909606.49,594290086.0684999
2023-09-27,30.13,31.09,30.08,30.91,50142449.0,1606219983.0,4501967811.0,0.011137895939078718,29.618000000000002,29.548000000000002,30.002999999999997,31.511833333333335,58.28677824655215,21344506.25,31.741833333333332,30.2885,True,True,31.13,1549903098.59,642006454.213
2023-09-28,30.88,31.03,30.7,30.92,24051892.0,774427986.0,4501969638.0,0.005342526479295638,30.103999999999996,29.661,30.012,31.507333333333335,61.0894939970325,21516107.2,31.672833333333333,30.215999999999998,False,True,31.12,743684500.64,647497934.444
2023-10-09,30.86,30.86,30.48,30.56,18413235.0,587676016.0,4501969638.0,0.0040900398004861,30.357999999999997,29.765000000000004,29.999000000000002,31.502333333333333,53.54330693905387,21764506.25,31.613,30.166999999999994,False,False,31.12,562708461.6,654914221.1099999
2023-10-10,30.56,30.8,30.26,30.28,14528441.0,462035944.0,4501969638.0,0.003227129938276141,30.476,29.821999999999996,29.9625,31.455333333333336,49.8098857989851,21298608.35,31.561333333333334,30.095999999999997,False,False,31.12,439921193.48,639936439.1344999
2023-10-11,30.56,30.79,30.11,30.3,15681241.0,498389749.0,4501969638.0,0.003483195636780525,30.594,29.923000000000002,29.9215,31.415166666666668,54.32098749784078,20611515.0,31.520166666666668,30.014,False,False,31.12,475141602.3,617911163.2015
2023-10-12,30.4,30.72,30.25,30.58,18045983.0,574692619.0,4501969638.0,0.004008463950462564,30.528,30.072999999999997,29.915,31.371166666666667,57.821782017919794,20428396.15,31.511833333333335,30.002999999999997,False,False,30.92,551846160.14,612170284.4284999
2023-10-13,30.33,30.4,29.81,29.97,18927881.0,592350297.0,4501969638.0,0.00420435554256841,30.338,30.221000000000004,29.9125,31.3155,54.17439689082716,20339401.35,31.507333333333335,30.012,False,False,30.92,567268593.5699999,609451340.8299999
2023-10-16,29.95,30.14,29.24,29.36,18656430.0,574241571.0,4501969638.0,0.004144059489545585,30.098000000000003,30.227999999999998,29.8915,31.257499999999997,46.98795169400493,20638810.7,31.502333333333333,29.999000000000002,False,False,30.92,547752784.8,617975966.243
2023-10-17,29.43,29.9,29.26,29.77,15642630.0,483088044.0,4501969638.0,0.003474619168455618,29.996,30.236,29.869999999999997,31.210666666666665,54.137930903805,20566605.85,31.455333333333336,29.9625,True,False,30.92,465681095.09999996,615459063.228
2023-10-18,29.69,29.69,29.05,29.21,16450166.0,501960607.0,4501969638.0,0.0036539931014079397,29.778,30.186,29.815500000000004,31.154,51.056910452878604,20690359.35,31.415166666666668,29.9215,True,True,30.92,480509348.86,618312260.231
2023-10-19,29.1,29.1,28.55,28.62,21035801.0,631053868.0,4501969638.0,0.004672577269833644,29.386000000000003,29.957,29.752500000000005,31.091166666666666,51.056910452878604,20998198.65,31.371166666666667,29.915,True,True,30.92,602044624.62,626185243.052
2023-10-20,28.56,28.9,28.36,28.64,18612263.0,555984737.0,4501969638.0,0.004134248894727886,29.119999999999997,29.728999999999996,29.695,31.02783333333333,43.94785835842272,21239793.45,31.3155,29.9125,True,True,30.92,533055212.32,632312147.0215
2023-10-23,28.51,28.51,27.15,27.46,28999621.0,835855628.0,4501969638.0,0.006441540777001571,28.74,29.419,29.591999999999995,30.95,31.86991862663757,21238014.05,31.257499999999997,29.8915,True,True,30.92,796329592.66,629272658.1705
2023-10-24,27.68,27.86,27.35,27.76,18510836.0,533983298.0,4501969638.0,0.004111719422484475,28.338,29.167,29.4945,30.8825,34.83670287904917,21060698.3,31.210666666666665,29.869999999999997,True,True,30.92,513860807.36,622199800.7279999
2023-10-25,27.87,28.36,27.72,27.75,18475928.0,538933280.0,4501969638.0,0.004103965483029764,28.046,28.912,29.417499999999997,30.7975,19.847328191247584,21122223.2,31.154,29.815500000000004,True,True,30.92,512707002.0,622579218.593
2023-10-26,26.64,26.82,25.67,26.14,59782621.0,1627370731.0,4501969638.0,0.013279214612064428,27.55,28.468,29.270500000000006,30.683833333333332,15.058479501342262,23425674.3,31.091166666666666,29.752500000000005,True,True,30.92,1562717712.94,680775531.294
2023-10-27,25.88,26.69,25.57,26.54,47582689.0,1300511036.0,4501969638.0,0.010569304732392334,27.130000000000003,28.125,29.173000000000002,30.583000000000002,20.78488367863538,24643057.15,31.02783333333333,29.695,True,True,30.92,1262844566.06,710819456.513
2023-10-30,26.16,26.87,26.11,26.57,33785055.0,934493144.0,4501969638.0,0.007504505298043061,26.951999999999998,27.845999999999997,29.037,30.473,22.02111609226307,25069686.15,30.95,29.591999999999995,True,True,30.92,897668911.35,718720652.4430001
2023-10-31,26.51,26.77,25.97,26.16,31921177.0,872857305.0,4501969638.0,0.007090491399711212,26.631999999999998,27.485000000000003,28.860500000000002,30.353166666666667,20.512820471911724,25392827.9,30.8825,29.4945,True,True,30.92,835057990.32,722680643.26
2023-11-01,26.16,26.18,25.64,25.65,30432896.0,819287670.0,4501969638.0,0.006759906984517073,26.212,27.129,28.6575,30.22833333333333,15.999999969103456,25983961.75,30.7975,29.417499999999997,True,True,30.92,780603782.4,734065352.0555
2023-11-02,25.44,25.72,24.93,24.94,42174934.0,1109367147.0,4501969638.0,0.009368107160033229,25.971999999999998,26.761000000000003,28.358999999999998,30.095333333333333,15.782312895108518,25585586.0,30.683833333333332,29.270500000000006,True,True,30.92,1051842853.96,709162339.824
2023-11-03,24.96,25.55,24.96,25.22,31588096.0,833612403.0,4501969638.0,0.007016505783018344,25.708,26.419,28.074,29.950333333333333,20.512820471911724,25962396.2,30.583000000000002,29.173000000000002,True,True,30.92,796651781.12,711810703.848
2023-11-06,25.36,26.13,25.36,25.93,42316397.0,1143238633.0,4501969638.0,0.009399529628724698,25.58,26.266000000000002,27.8425,29.815333333333335,23.77049175781599,27157554.3,30.473,29.037,True,True,30.58,1097264174.21,738538489.4785
2023-11-07,25.91,26.03,25.68,26.01,21821639.0,588903369.0,4501969638.0,0.004847131534564116,25.55,26.090999999999998,27.629,29.686,26.608187080041716,27522214.2,30.353166666666667,28.860500000000002,True,True,30.58,567580830.39,744921471.3240001
2023-11-08,25.98,26.22,25.78,25.91,27363714.0,742914262.0,4501969638.0,0.006078164936748958,25.601999999999997,25.907,27.409499999999998,29.556833333333334,28.661417259644125,28106337.85,30.22833333333333,28.6575,True,True,30.58,708993829.74,756614082.696
2023-11-09,25.91,27.1,25.84,26.76,66049740.0,1840274532.0,4501969638.0,0.014671298411808614,25.965999999999998,25.969,27.2185,29.44316666666667,36.90807792246337,30506525.7,30.095333333333333,28.358999999999998,True,True,30.58,1767491042.4,817396326.809
2023-11-10,26.67,26.67,25.98,26.11,33955894.0,928029180.0,4501969638.0,0.007542452910696418,26.144,25.926,27.0255,29.316166666666668,39.84962397625643,31257926.35,29.950333333333333,28.074,True,True,29.97,886588392.34,833362316.7475001
2023-11-13,26.31,26.45,26.09,26.29,19812077.0,542632891.0,4501969638.0,0.004400757577921275,26.216,25.898000000000003,26.871999999999996,29.2,38.74425719105365,31315708.7,29.815333333333335,27.8425,True,True,29.77,520859504.33,832017652.724
2023-11-14,26.35,26.59,25.97,26.13,22727122.0,621790732.0,4501969638.0,0.005048261944764364,26.24,25.895,26.689999999999998,29.086000000000002,37.87425141762881,31669933.3,29.686,27.629,True,True,29.77,593859697.86,838426582.862
2023-11-15,26.56,26.87,26.33,26.53,35620758.0,988742598.0,4501969638.0,0.007912260824536462,26.363999999999997,25.982999999999997,26.556,28.99716666666667,53.564899314459126,32628462.9,29.556833333333334,27.409499999999998,True,True,29.21,945018709.74,861652050.9060001
2023-11-16,26.55,26.59,26.05,26.07,25886974.0,707480471.0,4501969638.0,0.005750144066164846,26.226,26.095999999999997,26.428500000000003,28.907500000000002,45.75045196374209,32871021.55,29.44316666666667,27.2185,True,True,28.64,674873412.1800001,865293490.284
2023-11-17,25.89,26.2,25.87,26.16,18217241.0,495088335.0,4501969638.0,0.0040465046334903785,26.236,26.189999999999998,26.3045,28.81866666666667,46.3327369143724,32851270.45,29.316166666666668,27.0255,True,True,28.64,476563024.56,862468880.8960001
2023-11-20,26.15,26.24,25.83,26.07,18306593.0,497086315.0,4501969638.0,0.004066351946374455,26.192,26.203999999999997,26.235000000000003,28.73483333333333,49.146109926367075,32316619.05,29.2,26.871999999999996,True,True,27.76,477252879.51,846515045.2385
2023-11-21,26.11,26.3,25.85,25.89,19755461.0,537876085.0,4501969638.0,0.004388181748994727,26.144,26.192,26.1415,28.660666666666668,52.42914964898624,32378850.3,29.086000000000002,26.689999999999998,True,True,27.76,511468885.29,846395449.135
2023-11-22,25.88,25.89,25.42,25.42,20962169.0,559513300.0,4501969638.0,0.004656221761929173,25.922000000000004,26.143,26.025,28.581166666666665,55.10638281457673,32503162.35,28.99716666666667,26.556,True,True,27.75,532858335.98,847403015.834
2023-11-23,25.4,25.58,25.26,25.46,17579015.0,466147367.0,4501969638.0,0.0039047386840683975,25.8,26.012999999999998,25.991000000000003,28.516666666666666,52.690582794244825,30392982.05,28.907500000000002,26.428500000000003,True,True,26.76,447561721.90000004,791645216.2820001
2023-11-24,25.44,25.44,25.19,25.2,16076823.0,424037937.0,4501969638.0,0.0035710642880173063,25.608000000000004,25.922000000000004,25.924,28.437666666666665,40.897755468187405,28817688.75,28.81866666666667,26.3045,True,True,26.76,405135939.59999996,748759784.959
2023-11-27,25.16,25.16,24.39,24.61,35519300.0,911796264.0,4501969638.0,0.007889724466418092,25.316,25.754,25.826,28.34333333333333,34.51327422938367,28904401.0,28.73483333333333,26.235000000000003,True,True,26.76,874129973.0,747582838.0415
2023-11-28,24.6,24.72,24.4,24.54,16406417.0,419946401.0,4501969638.0,0.0036442753548396986,25.046,25.595000000000002,25.744999999999997,28.233833333333333,34.743875170063646,28128663.0,28.660666666666668,26.1415,True,True,26.76,402613473.18,725960612.1845
2023-11-29,24.52,24.53,23.88,23.94,30787007.0,773336248.0,4501969638.0,0.006838563889932658,24.75,25.336000000000002,25.6595,28.110333333333333,16.745282963576912,28146368.55,28.581166666666665,26.025,True,True,26.76,737040947.58,723782470.4435
2023-11-30,23.91,24.0,23.38,23.48,35285312.0,868777030.0,4501969638.0,0.007837749882221662,24.354,25.076999999999998,25.5865,27.982833333333335,17.530864136930376,27801887.45,28.516666666666666,25.991000000000003,True,True,26.76,828499125.76,712615284.0335001
2023-12-01,23.41,23.44,22.9,23.3,34906112.0,842929686.0,4501969638.0,0.0077535200827136275,23.974,24.791,25.490500000000004,27.858833333333333,13.08641970784943,27967788.25,28.437666666666665,25.924,True,True,26.76,813312409.6,713448315.4575
2023-12-04,23.28,23.5,23.07,23.09,21821155.0,529638128.0,4501969638.0,0.004847024026064744,23.67,24.493000000000002,25.3485,27.730000000000004,12.9268292241523,26943026.15,28.34333333333333,25.826,True,True,26.76,503850468.95,683777630.1945
2023-12-05,23.07,23.18,22.46,22.51,31795816.0,757450055.0,4501969638.0,0.007062645587748852,23.264,24.155,25.1735,27.58833333333333,3.037383167634701,27441735.0,28.233833333333333,25.744999999999997,True,True,26.76,715723818.1600001,691184779.583
2023-12-06,22.38,23.1,22.37,22.85,34990696.0,835013504.0,4501969638.0,0.007772308303603891,23.046,23.898000000000003,25.020500000000002,27.450499999999998,11.298076885054527,27823084.1,28.110333333333333,25.6595,True,True,26.76,799537403.6,695711958.276
2023-12-07,22.78,22.78,22.28,22.49,25828819.0,606443894.0,4501969638.0,0.005737226386865295,22.848,23.601,24.807000000000002,27.313499999999998,8.577878076729021,25812038.05,27.982833333333335,25.5865,True,True,26.76,580890139.31,636381913.1215
2023-12-08,22.7,22.78,22.33,22.67,30678779.0,724669077.0,4501969638.0,0.006814523745573071,22.722,23.348000000000003,24.634999999999998,27.191,12.389380492599301,25648182.3,27.858833333333333,25.490500000000004,True,True,26.53,695487919.9300001,626826889.501
2023-12-11,22.48,22.72,21.91,22.64,38664028.0,896116463.0,4501969638.0,0.008588247169338195,22.631999999999998,23.151,24.4525,27.072,12.814645267870745,26590779.85,27.730000000000004,25.3485,True,True,26.53,875353593.9200001,644551593.9805
2023-12-12,22.53,22.76,22.47,22.58,19774554.0,466162426.0,4501969638.0,0.004392422781594956,22.646,22.955000000000002,24.275,26.945,14.141414091419279,26443151.45,27.58833333333333,25.1735,True,True,26.53,446509429.32,637184080.5534999
2023-12-13,22.5,22.51,21.87,21.88,27035714.0,623027654.0,4501969638.0,0.006005307937174497,22.451999999999998,22.749000000000002,24.0425,26.804666666666666,11.255411221303987,26013899.25,27.450499999999998,25.020500000000002,True,True,26.53,591541422.3199999,619510216.1825
2023-12-14,22.03,22.33,21.87,21.93,21199130.0,487915837.0,4501969638.0,0.004708856723746745,22.34,22.594,23.835500000000003,26.672166666666666,12.92517002699499,25779507.05,27.313499999999998,24.807000000000002,True,True,26.16,464896920.9,609011391.6185
2023-12-15,22.14,22.41,21.79,21.79,34922828.0,804417250.0,4501969638.0,0.00775723312419194,22.163999999999998,22.443,23.616999999999997,26.538833333333333,14.393939343051798,26614786.4,27.191,24.634999999999998,True,True,26.16,760968422.12,623231661.4965
2023-12-18,21.67,21.95,21.37,21.51,21542815.0,486135078.0,4501969638.0,0.004785197753925856,21.938,22.285,23.389000000000003,26.40533333333333,13.669064702310166,26776597.5,27.072,24.4525,True,True,26.07,463385950.65000004,622538315.0534999
2023-12-19,21.46,21.98,21.42,21.74,23246493.0,526687446.0,4501969638.0,0.005163627227465544,21.77,22.208000000000002,23.1815,26.272499999999997,21.052631501385036,26951149.1,26.945,24.275,True,True,25.89,505378757.82,622233808.68
2023-12-20,21.85,21.91,21.62,21.66,15061622.0,341221844.0,4501969638.0,0.0033455627672094044,21.726000000000003,22.089000000000002,22.9935,26.145333333333333,23.391812769741122,26656121.75,26.804666666666666,24.0425,True,True,25.46,326234732.52,611902628.507
2023-12-21,21.55,22.7,21.38,22.36,56822734.0,1316394258.0,4501969638.0,0.012621749716029515,21.812,22.076,22.838500000000003,26.033333333333335,38.0710658545698,28618307.7,26.672166666666666,23.835500000000003,True,True,25.46,1270556332.24,653052359.0239999
2023-12-22,22.37,23.05,22.1,22.66,42951805.0,1011586829.0,4501969638.0,0.009540669629900333,21.986,22.075,22.711499999999997,25.93616666666667,44.665012251784084,29962056.8,26.538833333333333,23.616999999999997,True,True,25.2,973287901.3,681459957.109
2023-12-25,22.7,22.82,22.53,22.71,21296277.0,503854590.0,4501969638.0,0.004730435500995709,22.226,22.082,22.616500000000002,25.826500000000003,52.85714264571427,29250905.65,26.40533333333333,23.389000000000003,True,True,24.61,483638450.67,661935380.9925001
2023-12-26,22.68,22.83,22.53,22.75,17172660.0,406159427.0,4501969638.0,0.003814477080220593,22.427999999999997,22.098999999999997,22.527,25.710833333333333,48.43749978808592,29289217.8,26.272499999999997,23.1815,False,True,24.54,390678015.0,661338608.0835
2023-12-27,22.8,22.81,22.38,22.47,24365703.0,572038721.0,4501969638.0,0.005412231747263507,22.589999999999996,22.157999999999998,22.4535,25.59016666666667,49.67948695656641,28968152.6,26.145333333333333,22.9935,False,False,23.94,547497346.41,651861428.025
2023-12-28,22.4,24.58,22.39,24.43,88620519.0,2204971152.0,4501969638.0,0.019684832667900814,23.003999999999998,22.407999999999998,22.500999999999998,25.482166666666664,67.95918347930028,31634912.95,26.033333333333335,22.838500000000003,False,False,23.48,2164999279.17,718686435.6955
2023-12-29,24.39,24.39,23.88,23.99,47283873.0,1187156565.0,4501973746.0,0.010502920644975258,23.27,22.628,22.535500000000003,25.366666666666667,62.71186424143763,32253801.0,25.93616666666667,22.711499999999997,False,False,24.43,1134340113.27,734737820.8790001
2024-01-02,23.96,24.01,23.54,23.62,27762731.0,687802157.0,4501973746.0,0.006166790960224316,23.451999999999998,22.839,22.562,25.251,59.252668891541425,32550879.8,25.826500000000003,22.616500000000002,False,False,24.43,655755706.22,742333082.7425001
2024-01-03,23.56,24.04,23.53,23.82,27706838.0,688636694.0,4501973746.0,0.006154375739000589,23.665999999999997,23.047,22.6275,25.14333333333333,68.9453123114777,32346430.9,25.710833333333333,22.527,False,False,24.43,659976881.16,739545735.8925
2024-01-04,23.77,23.83,23.19,23.29,28679823.0,700465142.0,4501973746.0,0.006370499833652295,23.83,23.21,22.6495,25.0265,62.14285698750001,32030887.25,25.59016666666667,22.4535,False,False,24.43,667953077.67,732966519.596
2024-01-05,23.29,23.81,22.87,23.0,26914576.0,653862574.0,4501973746.0,0.005978394703859297,23.544,23.274,22.675,24.900166666666667,60.521738983077526,32085175.1,25.482166666666664,22.500999999999998,False,False,24.43,619035248.0,734873775.0305
2024-01-08,22.81,23.48,22.73,22.96,27817005.0,670744102.0,4501973746.0,0.006178846561403293,23.338,23.304,22.689500000000002,24.783333333333335,63.157894576368335,31942086.4,25.366666666666667,22.535500000000003,False,False,24.43,638678434.8000001,732033300.7739999
2024-01-09,23.01,24.04,22.7,23.54,46077285.0,1129064695.0,4501973746.0,0.010234907531599807,23.322,23.387,22.734499999999997,24.686333333333334,65.3583616185978,32312749.25,25.251,22.562,False,False,24.43,1084659288.8999999,742498585.523
2024-01-10,23.35,24.33,23.3,23.82,44243637.0,1102397104.0,4501973746.0,0.009827608843634515,23.321999999999996,23.494,22.7965,24.58716666666667,67.82178202153383,33536203.4,25.14333333333333,22.6275,False,False,24.43,1053883433.34,772867285.724
2024-01-11,23.82,24.23,23.69,24.2,41718850.0,1045938124.0,4501973746.0,0.009266791046275463,23.503999999999998,23.667,22.9125,24.503666666666668,66.02787440341633,34270360.2,25.0265,22.6495,False,False,24.43,1009596170.0,793770023.108
2024-01-12,24.2,25.43,24.0,24.93,72130388.0,1872691079.0,4501973746.0,0.016021947721060744,23.89,23.717,23.0625,24.442166666666665,68.39546175728745,36816923.1,24.900166666666667,22.675,False,False,24.43,1798210572.84,860435705.7049999
2024-01-15,24.82,25.24,24.58,24.61,41345658.0,1073414044.0,4501973746.0,0.009183895849400629,24.220000000000002,23.779,23.2035,24.375,64.75155265426682,37138064.6,24.783333333333335,22.689500000000002,False,False,24.93,1017516643.38,873263116.768
2024-01-16,24.44,25.1,24.27,24.94,38412603.0,993249201.0,4501973746.0,0.008532391605821683,24.5,23.911,23.375,24.333000000000002,66.27043076853106,37981554.0,24.686333333333334,22.734499999999997,False,False,24.93,958010318.82,897994335.1765
2024-01-17,24.91,24.92,24.21,24.21,28661475.0,732483194.0,4501973746.0,0.0063664242878949924,24.578000000000003,23.95,23.4985,24.273833333333336,62.11699152233457,38252303.1,24.58716666666667,22.7965,False,False,24.94,693894309.75,907420112.773
2024-01-18,24.01,25.63,23.96,25.6,86622638.0,2261132373.0,4501973746.0,0.019241035796124788,24.858,24.181,23.6955,24.238,58.850226804250674,41830353.9,24.503666666666668,22.9125,False,False,24.94,2217539532.8,1001985352.7870001
2024-01-19,25.5,25.87,24.93,24.99,52319886.0,1381720910.0,4501973746.0,0.011621544005334588,24.869999999999997,24.380000000000003,23.826999999999998,24.218833333333333,57.37463114996389,41605211.5,24.442166666666665,23.0625,False,False,25.6,1307473951.1399999,1003831233.732
2024-01-22,24.8,25.47,24.4,24.85,56291487.0,1468436398.0,4501973746.0,0.01250373506731685,24.918,24.569,23.936500000000002,24.19066666666667,59.38931285016025,42272195.6,24.375,23.2035,False,False,25.6,1398843451.95,1025109011.2645
2024-01-23,24.82,25.88,24.51,25.16,52210315.0,1379036148.0,4501973746.0,0.01159720556931031,24.962,24.731,24.058999999999997,24.167166666666667,60.060059933807686,43817897.5,24.333000000000002,23.375,False,False,25.6,1313611525.4,1066607665.001
2024-01-24,25.28,25.4,24.26,24.91,53487847.0,1380621375.0,4501973746.0,0.011880977104214326,25.101999999999997,24.84,24.166999999999998,24.146333333333335,62.695924627313026,45633656.85,24.273833333333336,23.4985,False,False,25.6,1332382268.77,1113692877.6895
2024-01-25,24.88,25.22,24.29,25.06,57351958.0,1483102041.0,4501973746.0,0.012739291971872818,24.994,24.926,24.2965,24.1365,66.50641010719715,47282969.6,24.238,23.6955,False,False,25.6,1437240067.48,1158180013.743
2024-01-26,24.9,25.35,24.74,25.03,36262934.0,947311535.0,4501973746.0,0.008054896817694591,25.002000000000002,24.936,24.3265,24.137999999999998,66.6131619690876,44665090.35,24.218833333333333,23.826999999999998,False,False,25.6,907661238.0200001,1095313111.6855
2024-01-29,24.85,24.85,23.32,23.46,60970145.0,1514842881.0,4501973746.0,0.013542981021195853,24.724,24.821,24.3,24.108666666666668,49.44598328362275,45349403.95,24.19066666666667,23.936500000000002,False,False,25.6,1430359601.7,1110114086.1069999
2024-01-30,23.24,23.71,23.0,23.0,38058487.0,923563511.0,4501973746.0,0.008453733661555654,24.292,24.627000000000002,24.269,24.059833333333334,44.45945937534696,45864191.75,24.167166666666667,24.058999999999997,True,False,25.6,875345201.0,1121093560.8460002
2024-01-31,22.89,23.33,22.33,22.33,37727927.0,891589812.0,4501973774.0,0.0083803080368633,23.776,24.439,24.194499999999998,23.9985,37.841352336829786,46365246.2,24.146333333333335,24.166999999999998,True,True,25.6,842464609.91,1130217947.2835002
2024-02-01,22.9,24.15,22.89,23.69,70447800.0,1747417724.0,4501973774.0,0.01564820310745773,23.502000000000002,24.247999999999998,24.2145,23.961499999999997,42.54807685148161,48453645.05,24.1365,24.2965,True,True,25.6,1668908382.0,1180265712.5
2024-02-02,23.65,23.84,22.28,23.02,47003935.0,1134132661.0,4501973774.0,0.010440739408891989,23.1,24.051,24.2155,23.899166666666662,40.8304497610581,49458113.0,24.137999999999998,24.3265,True,True,25.6,1082030583.7,1203415479.285
2024-02-05,23.01,23.29,22.07,22.84,41874695.0,997140386.0,4501973774.0,0.009301408027260533,22.976,23.85,24.2095,23.84466666666667,37.67605627611915,50160997.5,24.108666666666668,24.3,True,True,25.6,956418033.8,1219302459.2350001
2024-02-06,22.84,24.22,22.71,24.07,52344914.0,1295835906.0,4501973774.0,0.011627103272414577,23.189999999999998,23.741,24.235999999999997,23.807666666666666,49.22394670852159,50474378.95,24.059833333333334,24.269,True,True,25.6,1259942079.98,1228066598.789
2024-02-07,24.21,24.83,23.83,24.54,52612772.0,1340224818.0,4501973774.0,0.011686601175655805,23.632,23.704,24.272,23.781166666666664,43.45679004834627,50892835.7,23.9985,24.194499999999998,True,True,25.6,1291117424.8799999,1239928298.366
2024-02-08,24.86,25.08,24.52,24.9,43114784.0,1118918538.0,4501973774.0,0.009576862541714132,23.874,23.688,24.307,23.754,49.42675150420707,50962632.4,23.961499999999997,24.2145,False,True,25.6,1073558121.5999999,1243126395.9459999
2024-02-19,24.98,25.17,24.65,24.92,29912412.0,775884747.0,4501973774.0,0.006644288372524846,24.253999999999998,23.677,24.3065,23.73483333333333,50.45278127990441,48851733.6,23.899166666666662,24.2155,False,False,25.6,745417307.0400001,1190486732.656
2024-02-20,24.73,24.74,24.31,24.58,26893988.0,686790104.0,4501973774.0,0.005973821561404769,24.601999999999997,23.788999999999998,24.305,23.7085,46.26288651447417,48129150.1,23.84466666666667,24.2095,False,False,25.6,661054225.04,1172663611.739
2024-02-21,24.33,25.4,24.27,24.89,39445045.0,1026143834.0,4501973774.0,0.008761722519976634,24.766,23.978,24.3025,23.68883333333333,49.87212267286321,48180772.2,23.807666666666666,24.235999999999997,False,False,25.6,981787170.0500001,1173852454.3005002
2024-02-22,24.89,25.64,24.86,25.14,30380748.0,798010458.0,4501973774.0,0.006748317410344825,24.886,24.259,24.349,23.676333333333332,50.505050415773916,48266735.85,23.781166666666664,24.272,False,False,25.6,763772004.72,1177346339.0490003
2024-02-23,25.3,25.66,24.99,25.21,33466658.0,883712612.0,4501973774.0,0.007433774535355612,24.948,24.411,24.3295,23.672833333333337,51.130653176403364,45608936.85,23.754,24.307,False,False,25.6,843694448.1800001,1108654084.818
2024-02-26,25.19,25.32,24.82,24.86,29651793.0,773413651.0,4501973774.0,0.0065863984306719775,24.936,24.595,24.323,23.66283333333333,60.38575655112747,44475532.2,23.73483333333333,24.3065,False,False,25.21,737143573.98,1080137565.96
2024-02-27,24.82,25.21,24.69,25.21,30619677.0,796639494.0,4501973774.0,0.00680138946540207,25.062,24.832,24.341,23.663,66.66666652589237,43191941.7,23.7085,24.305,False,False,25.21,771922057.1700001,1048791496.221
2024-02-28,25.32,26.07,24.92,24.92,52595255.0,1402320316.0,4501973774.0,0.011682710215628191,25.068,24.917,24.329,23.668166666666668,70.71999984158718,43211188.7,23.68883333333333,24.3025,False,False,25.21,1310673754.6000001,1048644607.6810001
2024-02-29,24.92,25.45,24.81,25.4,36139151.0,949928598.0,4501973774.0,0.008027401494142956,25.12,25.003,24.3535,23.6825,65.92178753763403,42343753.9,23.676333333333332,24.349,False,False,25.21,917934435.4,1027922216.0125
2024-03-01,25.42,25.72,25.11,25.66,40262969.0,1070819630.0,4501973774.0,0.008943403720503326,25.21,25.079,24.3835,23.711166666666667,76.61290300956031,41489304.45,23.672833333333337,24.3295,False,False,25.4,1033147784.54,1007717601.8655001
2024-03-04,25.64,26.45,25.54,26.45,61054459.0,1660813606.0,4501973774.0,0.01356170916690018,25.528,25.232,24.4545,23.76066666666667,82.40574485571263,42728880.7,23.66283333333333,24.323,False,False,25.66,1614890440.55,1043079061.992
2024-03-05,26.26,26.26,25.73,25.92,44091557.0,1191569359.0,4501973774.0,0.00979382804374373,25.669999999999998,25.366,24.5775,23.804333333333332,68.99383963738937,41884951.3,23.663,24.341,False,False,26.45,1142853157.44,1028703739.779
2024-03-06,25.87,26.8,25.61,26.31,52977686.0,1453028276.0,4501973774.0,0.011767657622965087,25.948,25.508,24.743000000000002,23.858,68.4759914491307,42630911.25,23.668166666666668,24.329,False,False,26.45,1393842918.6599998,1054628625.662
2024-03-07,26.12,26.3,25.41,25.59,45972942.0,1237585535.0,4501973774.0,0.010211730300497303,25.986,25.553,24.906,23.909333333333333,56.69902897208032,43043162.0,23.6825,24.3535,False,False,26.45,1176447585.78,1071327774.4555
2024-03-08,25.57,26.31,25.49,25.97,44066322.0,1191983062.0,4501973774.0,0.009788222724551127,26.048000000000002,25.629,25.020000000000003,23.961333333333336,59.52813052025518,41724088.1,23.711166666666667,24.3835,False,False,26.45,1144402382.34,1045102474.4725001
2024-03-11,26.34,26.62,25.82,26.52,67232638.0,1842466472.0,4501973774.0,0.014934035908490835,26.062,25.794999999999998,25.195,24.0285,66.95804179415867,42735523.25,23.76066666666667,24.4545,False,False,26.45,1783009559.76,1080151423.2754998
2024-03-12,26.54,26.96,26.26,26.84,53813181.0,1498731944.0,4501973774.0,0.011953241778258301,26.246,25.958,25.395,24.098,67.01570664254453,43332447.55,23.804333333333332,24.5775,False,False,26.52,1444345778.04,1104547810.4875
2024-03-13,26.74,26.77,26.31,26.39,32654455.0,902626073.0,4501973774.0,0.007253364110779025,26.262,26.105,25.511000000000003,24.160500000000003,60.539628862132425,42347924.6,23.858,24.743000000000002,False,False,26.84,861751067.45,1084638259.861
2024-03-14,26.27,26.55,25.48,25.58,47366745.0,1279490114.0,4501973774.0,0.01052132850563336,26.26,26.123,25.563,24.2105,52.773613082634085,42085623.25,23.909333333333333,24.906,False,False,26.84,1211641337.1,1080664455.472
2024-03-15,25.49,25.62,25.08,25.42,28579619.0,754372678.0,4501973774.0,0.006348242001109445,26.15,26.099,25.589000000000002,24.2695,54.32098753696085,41358865.0,23.961333333333336,25.020000000000003,False,False,26.84,726493914.98,1063311245.141
2024-03-18,25.51,25.7,25.41,25.6,32306781.0,861538656.0,4501973774.0,0.007176137094929243,25.965999999999998,26.014,25.623,24.330666666666666,53.090332687279776,41478583.45,24.0285,25.195,True,False,26.84,827053593.6,1067393059.4690001
2024-03-19,25.6,25.91,25.21,25.21,32293834.0,859450703.0,4501973774.0,0.007173261245213109,25.640000000000004,25.943,25.654500000000002,24.387666666666668,52.26209036947437,41748575.75,24.098,25.395,True,True,26.84,814127555.14,1075046725.974
2024-03-20,25.16,25.52,25.09,25.25,21993783.0,580389805.0,4501973774.0,0.004885364532112443,25.412,25.837,25.672500000000003,24.45,48.743718478657954,40876012.65,24.160500000000003,25.511000000000003,True,True,26.84,555343020.75,1053724518.5090001
2024-03-21,25.24,25.33,24.95,24.98,23208363.0,606938673.0,4501973774.0,0.005155152865179707,25.292,25.776,25.664499999999997,24.504,44.31438116715695,40517393.4,24.2105,25.563,True,True,26.84,579744907.74,1044523163.6599998
2024-03-22,24.92,24.98,24.32,24.46,28432985.0,728218857.0,4501973774.0,0.0063156709539729985,25.1,25.625,25.627,24.550666666666665,32.57443074325006,40265709.75,24.2695,25.589000000000002,True,True,26.84,695470813.1,1037111981.9059999
2024-03-25,24.36,24.72,24.23,24.32,17870491.0,455637792.0,4501973774.0,0.003969479143394051,24.844,25.405,25.6,24.583333333333332,34.96240592303123,39676644.65,24.330666666666666,25.623,True,True,26.84,434610341.12,1021985320.2629999
2024-03-26,24.32,24.52,24.04,24.4,23479087.0,595064642.0,4501973774.0,0.005215287378082359,24.682,25.160999999999998,25.5595,24.612333333333332,30.93812366604115,39319615.15,24.387666666666668,25.654500000000002,True,True,26.84,572889722.8,1012033703.5445
2024-03-27,24.38,24.38,23.6,23.6,25687388.0,639925000.0,4501973774.0,0.005705805784198689,24.352,24.881999999999998,25.4935,24.627166666666664,30.45186632095752,37974221.8,24.45,25.672500000000003,True,True,26.84,606222356.8000001,976811133.6544998
2024-03-28,23.62,24.0,23.56,23.67,20911154.0,518252378.0,4501973774.0,0.004644885787822006,24.09,24.691,25.407,24.6425,25.941422518163193,37212821.95,24.504,25.664499999999997,True,True,26.84,494967015.18,955662762.6435
2024-03-29,23.69,24.03,23.68,23.83,19450335.0,483550227.0,4501974054.0,0.004320401398741602,23.964000000000002,24.532,25.3155,24.665166666666664,19.36218672640753,36172190.25,24.550666666666665,25.627,True,True,26.84,463501483.04999995,927180447.569
2024-04-01,23.84,24.32,23.84,24.14,34113692.0,858029815.0,4501974054.0,0.0075774963584452504,23.928,24.386000000000003,25.2,24.660333333333334,19.17808213048096,34825151.9,24.583333333333332,25.6,True,True,26.84,823504524.88,887611151.7854999
2024-04-02,24.16,24.32,23.91,24.2,25423026.0,639961685.0,4501974054.0,0.005647084078019433,23.888,24.285,25.113999999999997,24.663833333333336,22.55639089829829,33891725.35,24.612333333333332,25.5595,True,True,26.84,615237229.1999999,861230355.3735001
2024-04-03,24.15,24.34,23.97,24.28,24167422.0,609583998.0,4501974054.0,0.005368183314723297,24.024,24.188,25.0125,24.674833333333332,30.0613495641537,32451212.15,24.627166666666664,25.4935,True,True,26.84,586785006.1600001,820877459.7485
2024-04-08,24.05,24.12,23.12,23.15,45385383.0,1109119187.0,4501974054.0,0.010081218251285816,23.919999999999998,24.005,24.8905,24.663666666666664,23.167848623085078,32421834.2,24.6425,25.407,True,True,26.84,1050671616.4499999,814588661.282
2024-04-09,22.99,23.53,22.97,23.45,27027336.0,657462929.0,4501974054.0,0.0060034410851360276,23.844,23.904000000000003,24.764499999999998,24.666333333333334,25.287356240454457,31569884.9,24.665166666666664,25.3155,True,True,26.84,633791029.1999999,789058093.6249999
2024-04-10,23.44,23.44,22.83,22.99,20821163.0,500831951.0,4501974054.0,0.004624896267782889,23.613999999999997,23.771,24.588,24.666166666666665,24.88687774922704,29249311.15,24.660333333333334,25.2,True,True,26.84,478678537.36999995,723841542.5055001
2024-04-11,22.83,23.03,22.66,22.82,16519765.0,393989799.0,4501974054.0,0.0036694491798152863,23.338,23.613,24.387,24.663833333333333,23.29670322502112,27384640.35,24.663833333333336,25.113999999999997,True,True,26.84,376981037.3,670473305.4684999
2024-04-12,22.77,22.85,22.2,22.34,26323316.0,616216207.0,4501974054.0,0.005847060796943456,22.95,23.487,24.1845,24.643833333333337,22.268907497528403,27068083.4,24.674833333333332,25.0125,True,True,26.39,588062879.4399999,656788896.068
2024-04-15,22.24,22.79,22.24,22.59,22329320.0,526452093.0,4501974054.0,0.004959895310849342,22.838,23.378999999999998,24.035,24.623333333333335,29.1759464569124,25816212.15,24.663666666666664,24.8905,True,True,25.6,504419338.8,621427796.153
2024-04-16,22.52,22.52,22.24,22.27,19694280.0,459884147.0,4501974054.0,0.004374587628398624,22.601999999999997,23.223,23.877499999999998,24.591166666666666,28.051391778860904,25371945.2,24.666333333333334,24.764499999999998,True,True,25.6,438591615.59999996,607032681.1839999
2024-04-17,22.33,22.95,22.33,22.95,24434542.0,580050597.0,4501974054.0,0.005427517286175812,22.594,23.104,23.745,24.55816666666667,36.242884154193476,24978333.25,24.666166666666665,24.588,True,True,25.6,560772738.9,593718638.449
2024-04-18,22.9,23.03,22.62,22.82,22246971.0,530805068.0,4501974054.0,0.004941603557273634,22.594,22.966,23.6255,24.528333333333332,41.52173900406426,24475990.1,24.663833333333333,24.387,True,True,25.25,507675878.22,578396054.6029999
2024-04-19,22.69,22.7,21.99,22.07,31207684.0,724043497.0,4501974054.0,0.006931999968385424,22.54,22.745,23.4665,24.4805,34.848484756083565,24936685.15,24.643833333333337,24.1845,True,True,25.25,688753585.88,585066582.8594999
2024-04-22,22.12,22.79,22.1,22.38,24894113.0,584002579.0,4501974054.0,0.005529599393821829,22.498,22.668,23.3365,24.45,36.64825036591613,25020972.65,24.623333333333335,24.035,True,True,24.98,557130248.9399999,583935849.9195
2024-04-23,22.39,22.69,21.85,21.94,25002584.0,575590732.0,4501974054.0,0.005553693490922104,22.432,22.517000000000003,23.2105,24.389000000000003,30.215827262046474,24849452.6,24.591166666666666,23.877499999999998,True,True,24.46,548556692.96,576590143.9124999
2024-04-24,21.94,21.94,20.65,20.97,54202025.0,1188117506.0,4501974054.0,0.012039612923100157,22.036,22.315,23.043,24.322000000000003,25.038639822172954,26666029.3,24.55816666666667,23.745,True,True,24.4,1136616464.25,611690450.069
2024-04-25,20.92,20.92,20.34,20.36,51851760.0,1112642931.0,4501974054.0,0.011517560825107322,21.544,22.069,22.841,24.247166666666665,21.999999955999982,28084662.95,24.528333333333332,23.6255,True,True,24.4,1055701833.6,635831055.609
2024-04-26,20.23,20.92,20.21,20.78,47296627.0,1019369444.0,4501974054.0,0.010505752905878475,21.286,21.913,22.7,24.174166666666668,31.160572267687144,29165124.9,24.4805,23.4665,True,True,24.28,982823909.0600001,654661133.222
2024-04-29,20.78,21.65,20.73,21.55,46092371.0,1025610826.0,4501974054.0,0.010238257805827862,21.12,21.809,22.594,24.118166666666664,35.946745487684254,30424185.75,24.45,23.3365,True,True,24.28,993290595.0500001,679577312.2155
2024-04-30,21.08,21.73,20.44,20.8,79900271.0,1738175035.0,4501974054.0,0.01774783018329674,20.892,21.662,22.4425,24.04716666666667,34.46808503793574,33446682.55,24.389000000000003,23.2105,True,True,24.28,1661925636.8,739498519.9030001
2024-05-06,21.08,21.4,20.99,21.1,51019488.0,1125268233.0,4501974054.0,0.011332692589525083,20.918,21.477,22.2905,23.98166666666667,38.02228404842453,34291972.35,24.322000000000003,23.043,True,True,24.28,1076511196.8000002,752148853.499
2024-05-07,21.11,21.51,20.92,21.45,39112680.0,869903308.0,4501974054.0,0.008687895472264754,21.136000000000003,21.34,22.153,23.94816666666667,43.68794317565514,34976455.05,24.247166666666665,22.841,True,True,24.28,838966986.0,763335341.339
2024-05-08,21.45,21.54,21.26,21.37,28798559.0,642756221.0,4501974054.0,0.006396873605793553,21.253999999999998,21.27,22.0075,23.921,41.13372084653022,35208011.9,24.174166666666668,22.7,True,True,24.28,615425205.83,764767351.3225
2024-05-09,21.37,22.17,21.35,21.84,48007752.0,1095965871.0,4501974054.0,0.010663711390638769,21.312,21.216,21.942,23.91283333333333,46.941678427143174,35339130.35,24.118166666666664,22.594,True,True,23.45,1048489303.68,764658235.684
2024-05-10,21.84,21.85,21.39,21.65,25899290.0,582883919.0,4501974054.0,0.00575287411463167,21.482,21.187,21.852,23.878833333333333,40.06116199375285,35282728.05,24.04716666666667,22.4425,True,True,23.45,560719628.5,761004665.649
2024-05-13,21.75,22.12,21.51,21.93,40350484.0,921590972.0,4501974054.0,0.008962842414462302,21.648,21.282999999999998,21.799,23.860666666666667,43.34828092572856,36259194.1,23.98166666666667,22.2905,True,True,22.99,884886114.12,781315044.4865
2024-05-14,21.84,21.91,21.59,21.63,25769310.0,582969614.0,4501974054.0,0.005724002335620746,21.683999999999997,21.410000000000004,21.7395,23.8405,46.47435887008957,36721671.35,23.94816666666667,22.153,False,True,22.95,557390175.3,790335501.3865001
2024-05-15,21.6,21.83,21.21,21.33,23820705.0,531904454.0,4501974054.0,0.005291168877091889,21.676,21.465,21.689,23.794833333333333,41.57303361444261,36596540.8,23.921,22.0075,True,False,22.95,508095637.65,786337139.297
2024-05-16,21.23,21.53,21.14,21.32,22433032.0,499679104.0,4501974054.0,0.004982932316117698,21.572,21.442,21.6255,23.74116666666667,44.65517230600475,36601726.4,23.91283333333333,21.942,True,True,22.95,478272242.24,785029784.4690001
2024-05-17,21.22,21.22,20.71,20.99,39163662.0,853577065.0,4501974054.0,0.008699219837840496,21.44,21.461,21.561500000000002,23.676,50.19379831342768,37575195.5,23.878833333333333,21.852,True,True,22.95,822045265.38,804202466.9580001
2024-05-20,20.93,21.23,20.84,20.93,26769509.0,586439705.0,4501974054.0,0.005946171319271668,21.24,21.444,21.4605,23.609500000000004,56.18221241072647,37691943.85,23.860666666666667,21.799,True,True,22.95,560285823.37,804178121.1815001
2024-05-21,20.87,20.92,20.47,20.56,25698776.0,551475867.0,4501974054.0,0.005708334986330421,21.026,21.355,21.3475,23.5425,47.58771915214294,37864534.1,23.8405,21.7395,True,True,22.82,528366834.55999994,805212668.9985
2024-05-22,20.79,22.62,20.78,22.43,142143944.0,3247587545.0,4501974054.0,0.03157369240582478,21.246000000000002,21.461,21.3655,23.501500000000004,57.773851447202475,43411347.1,23.794833333333333,21.689,True,True,22.38,3188288663.92,930189422.9005
2024-05-23,22.22,22.26,21.69,21.93,83605093.0,1915546363.0,4501974054.0,0.01857076295802215,21.368,21.47,21.343,23.447999999999997,60.44362276410152,46346896.1,23.74116666666667,21.6255,False,True,22.43,1833459689.49,994005894.9280001
2024-05-24,21.9,22.36,21.8,21.81,42799421.0,983786530.0,4501974054.0,0.00950681200882816,21.532,21.485999999999997,21.3365,23.391333333333332,56.787762754296594,47236737.95,23.676,21.561500000000002,False,False,22.43,933455372.01,1013250828.8805001
2024-05-27,21.8,21.81,20.94,21.38,37403649.0,829128571.0,4501974054.0,0.008308277335975956,21.621999999999996,21.431,21.357000000000003,23.333333333333332,49.34086615992992,46396819.15,23.609500000000004,21.4605,False,False,22.43,799690015.62,996404506.449
2024-05-28,21.26,21.56,20.94,21.06,30847679.0,679863149.0,4501974054.0,0.006852033936666486,21.722,21.374,21.392000000000003,23.264166666666664,47.20720708812595,45346615.1,23.5425,21.3475,False,False,22.43,649652119.74,976102020.7560002
2024-05-29,21.56,22.59,21.56,22.04,82801361.0,1922749860.0,4501974054.0,0.018392234163684497,21.644,21.445,21.455,23.216166666666666,51.650164897177824,47121851.8,23.501500000000004,21.3655,True,False,22.43,1824941996.4399998,1018207925.125
2024-05-30,22.68,22.95,22.23,22.56,70306501.0,1657802877.0,4501974054.0,0.015616816124813677,21.77,21.569,21.505499999999998,23.168833333333335,57.12050065732597,48332558.3,23.447999999999997,21.343,False,True,22.43,1586114662.56,1047849128.5005001
2024-05-31,22.57,22.71,22.05,22.05,38445025.0,893932105.0,4501974054.0,0.008539592751726685,21.818,21.675,21.568,23.108666666666668,50.906344303219214,46259796.0,23.391333333333332,21.3365,False,False,22.56,847712801.25,1007138486.7229999
2024-06-03,22.01,22.35,21.82,22.12,34667335.0,796945215.0,4501974054.0,0.007700474188472522,21.966,21.794,21.619,23.036499999999997,53.83411568800038,45442188.35,23.333333333333332,21.357000000000003,False,False,22.56,766841450.2,991654999.3929999
2024-06-04,22.11,22.18,21.8,22.11,29205300.0,671461323.0,4501974054.0,0.006487220861268873,22.176,21.948999999999998,21.652,22.973000000000003,56.39344249352325,44946819.35,23.264166666666664,21.392000000000003,False,False,22.56,645729183.0,981993109.243
2024-06-05,21.97,22.13,21.81,21.84,21703086.0,497212034.0,4501977571.0,0.004820789454794909,22.136000000000003,21.89,21.6755,22.8985,54.08805019540366,44592045.7,23.216166666666666,21.455,False,False,22.56,473995398.24,974921618.8635
2024-06-06,21.86,22.12,21.11,21.22,42161742.0,946272598.0,4501977571.0,0.009365160384536265,21.868000000000002,21.819,21.6445,22.825666666666667,51.729323199366846,44299745.2,23.168833333333335,21.505499999999998,False,False,22.56,894672165.24,967230761.9415
2024-06-07,21.24,21.37,20.6,20.87,32426641.0,707792935.0,4501977571.0,0.007202754897954155,21.631999999999998,21.725,21.6055,22.740666666666666,49.56772324294696,44626112.75,23.108666666666668,21.568,True,False,22.56,676743997.6700001,973031980.4
2024-06-11,20.84,21.13,20.57,21.06,20535837.0,448498412.0,4501977571.0,0.004561514729056832,21.419999999999998,21.693,21.561999999999998,22.64966666666667,53.69822474086166,43635380.4,23.036499999999997,21.619,True,True,22.56,432484727.21999997,950411911.0550001
2024-06-12,20.99,21.12,20.74,20.97,19081389.0,416470478.0,4501977571.0,0.00423844603822883,21.192,21.684,21.529,22.551833333333335,35.341365362494145,43300984.35,22.973000000000003,21.652,True,True,22.56,400136727.33,942549238.6565001
2024-06-13,20.97,21.04,20.61,20.73,21737405.0,470858211.0,4501977571.0,0.004828412549192596,20.97,21.553,21.499000000000002,22.4575,37.288135482619936,43196819.35,22.8985,21.6755,True,True,22.56,450616405.65000004,939675277.0565001
2024-06-14,20.91,20.97,20.28,20.97,26760862.0,556349702.0,4501977571.0,0.0059442459625705674,20.919999999999998,21.394,21.4815,22.38066666666667,41.32231393005941,43413210.85,22.825666666666667,21.6445,True,True,22.56,561175276.14,943820428.7514999
2024-06-17,20.8,20.99,20.46,20.88,19900547.0,412714406.0,4501977571.0,0.0044204011872897,20.921999999999997,21.276999999999997,21.476,22.305,44.44444430617283,42450055.1,22.740666666666666,21.6055,True,True,22.56,415523421.35999995,923494336.5505002
2024-06-18,20.77,21.09,20.66,20.84,19601940.0,408851056.0,4501977571.0,0.004354073224679777,20.877999999999997,21.148999999999997,21.4715,22.225666666666665,47.393364771680794,42091676.65,22.64966666666667,21.561999999999998,True,True,22.56,408504429.6,915905266.8619999
2024-06-19,20.76,20.8,20.3,20.55,24600251.0,503526170.0,4501977571.0,0.00546432109268276,20.794,20.993000000000002,21.470999999999997,22.148000000000003,28.89518402137884,42036750.4,22.551833333333335,21.529,True,True,22.56,505535158.05,914763683.0365
2024-06-20,20.42,20.5,20.09,20.32,23893284.0,483418625.0,4501977571.0,0.005307286325438692,20.712,20.841,21.365499999999997,22.065833333333334,15.432098698750124,36124217.4,22.4575,21.499000000000002,True,True,22.56,485511530.88,779624826.3844999
2024-06-21,20.48,21.21,20.46,20.92,54511248.0,1144110457.0,4501977571.0,0.012108289555048075,20.702,20.811,21.314999999999998,21.99816666666667,33.03303289415541,34669525.15,22.38066666666667,21.4815,True,True,22.56,1140375308.16,744970607.318
2024-06-24,20.83,20.9,20.36,20.36,29066836.0,595460673.0,4501977571.0,0.006456459531748298,20.598,20.759999999999998,21.2425,21.92983333333333,26.963350686521707,33982895.9,22.305,21.476,True,True,22.56,591800780.96,727887877.7655
2024-06-25,20.3,20.44,19.54,19.69,30821082.0,612786288.0,4501977571.0,0.0068461207355935095,20.368000000000002,20.622999999999998,21.157999999999998,21.852666666666668,22.991071356724305,33653767.55,22.225666666666665,21.4715,True,True,22.56,606867104.58,718246732.2135
2024-06-26,19.68,19.92,19.21,19.89,20257774.0,396497877.0,4501977571.0,0.004499750094379135,20.235999999999997,20.515,21.0995,21.777499999999996,27.891156374041643,33124272.3,22.148000000000003,21.470999999999997,True,True,22.56,402927124.86,705910482.4695
2024-06-27,19.61,19.68,19.35,19.45,16837448.0,328252321.0,4501977571.0,0.003740011524815302,20.062,20.387,20.97,21.708333333333332,29.078014088157843,29826076.65,22.065833333333334,21.365499999999997,True,True,22.56,327488363.59999996,631037800.8275
2024-06-28,19.45,19.58,19.05,19.11,22643317.0,437470509.0,4501977571.0,0.005029637896434558,19.7,20.201,20.7975,21.632333333333335,29.146919334583643,27442917.45,21.99816666666667,21.314999999999998,True,True,22.56,432713787.87,573367757.093
2024-07-01,19.0,19.23,18.59,18.84,22930509.0,431824832.0,4501977571.0,0.005093430306652232,19.396,19.997,20.637,21.549166666666668,24.186046432882634,26667191.65,21.92983333333333,21.2425,True,True,22.12,432010789.56,552582656.5085
2024-07-02,18.71,18.77,18.27,18.28,26167648.0,484189191.0,4501977571.0,0.005812478535779893,19.114,19.741,20.445,21.4515,21.80293494649034,26242207.3,21.852666666666668,21.157999999999998,True,True,22.12,478344605.44000006,538157814.2705
2024-07-03,18.28,18.45,17.68,17.92,31649126.0,566764373.0,4501977571.0,0.007030049683914785,18.720000000000002,19.478,20.2355,21.346833333333333,21.267893599642008,26364398.6,21.777499999999996,21.0995,True,True,22.11,567152337.9200001,534228972.0165
2024-07-04,17.92,17.97,17.3,17.38,35466904.0,619070087.0,4501977571.0,0.007878072122896412,18.306,19.184,20.0125,21.23183333333333,15.41425814724478,27052589.5,21.708333333333332,20.97,True,True,21.84,616414791.52,541349941.6805
2024-07-05,17.33,17.88,17.15,17.68,32079994.0,565154850.0,4501977571.0,0.00712575606920988,18.02,18.860000000000003,19.8355,21.140666666666668,20.37037031755831,26548502.1,21.632333333333335,20.7975,True,True,21.22,567174293.92,524975048.11450005
2024-07-08,17.55,17.59,16.63,16.73,38005015.0,644129202.0,4501977571.0,0.008441849032037303,17.598,18.497,19.628500000000003,21.028666666666666,17.432646554032175,26827420.8,21.549166666666668,20.637,True,True,21.06,635823900.95,522929043.27849996
2024-07-09,16.74,16.78,16.24,16.42,41623283.0,684346813.0,4501977571.0,0.009245555390617916,17.226,18.17,19.3965,20.91916666666667,17.377567102166537,27881793.1,21.4515,20.445,True,True,21.06,683454306.86,535477522.2605001
2024-07-10,15.8,17.04,15.79,16.78,52893242.0,883571547.0,4501977571.0,0.011748890607700454,16.997999999999998,17.859,19.187,20.818500000000004,22.600619146066776,29572385.75,21.346833333333333,20.2355,True,True,20.97,887548600.7600001,559848115.932
2024-07-11,17.0,17.79,16.9,17.25,37269810.0,646997957.0,4501977571.0,0.008278541910132498,16.972,17.639000000000003,19.012999999999998,20.733666666666668,21.01105840534676,30349006.0,21.23183333333333,20.0125,True,True,20.97,642904222.5,569462506.7745001
2024-07-12,17.19,17.6,17.12,17.37,26129561.0,454937762.0,4501977571.0,0.005804018475861927,16.910000000000004,17.465000000000003,18.833000000000002,20.646666666666665,24.6179965458995,30317440.95,21.140666666666668,19.8355,True,True,20.97,453870474.57000005,564097266.696
2024-07-15,17.3,17.59,17.2,17.51,21701147.0,378787291.0,4501977571.0,0.004820358755181368,17.066000000000003,17.332,18.6645,20.567333333333334,29.66417902699655,30407470.95,21.028666666666666,19.628500000000003,True,True,20.92,379987083.97,562320449.8265
2024-07-16,17.45,18.11,17.29,18.08,33414270.0,596167188.0,4501977571.0,0.007422131601730274,17.398000000000003,17.312,18.5265,20.48616666666667,34.20593359879874,31098087.45,20.91916666666667,19.3965,True,True,20.92,604130001.5999999,572101728.4265001
2024-07-17,18.25,18.52,18.06,18.06,32276206.0,588953435.0,4501977571.0,0.007169339582656042,17.654000000000003,17.326,18.402,20.406833333333335,36.91148766162695,31481885.2,20.818500000000004,19.187,True,True,20.92,582908280.36,575970384.542
2024-07-18,17.91,18.1,17.65,17.98,23684867.0,423610172.0,4501977571.0,0.0052609917811605195,17.8,17.386000000000003,18.285000000000004,20.33866666666667,38.811881080521516,31471464.35,20.733666666666668,19.012999999999998,True,True,20.92,425853908.66,572987503.431
2024-07-19,17.95,18.41,17.77,18.31,24366038.0,441920235.0,4501977571.0,0.005412296622034859,17.988,17.449,18.154500000000002,20.270833333333332,44.814089896791124,29964203.85,20.646666666666665,18.833000000000002,True,True,20.92,446142155.78,538275845.812
2024-07-22,18.2,18.59,18.19,18.45,18706639.0,344474677.0,4501977571.0,0.0041552048416458,18.176,17.621000000000002,18.059,20.212666666666667,51.81236658307607,29446194.0,20.567333333333334,18.6645,False,True,20.36,345137489.55,525942681.2415
2024-07-23,18.4,18.53,17.98,17.99,17606345.0,321610505.0,4501977571.0,0.003910802468989022,18.157999999999998,17.778,17.974,20.163,50.73068878700839,28785457.15,20.48616666666667,18.5265,False,False,19.89,316738146.54999995,511436233.34
2024-07-24,17.9,18.08,17.45,17.5,21296014.0,376008513.0,4501977571.0,0.004730368746654958,18.046,17.85,17.8545,20.115333333333336,51.265822633392105,28837369.15,20.406833333333335,18.402,False,False,19.89,372680245.0,509923889.34699994
2024-07-25,17.56,18.08,17.46,17.68,24166214.0,429979193.0,4501977571.0,0.0053679107945071546,17.986,17.892999999999997,17.766,20.063666666666666,49.99999984848485,29203807.45,20.33866666666667,18.285000000000004,True,False,19.45,427258663.52,514912404.34300005
2024-07-26,17.68,17.9,17.49,17.81,14562352.0,258543262.0,4501977571.0,0.003234656719261563,17.886,17.937,17.701,20.001333333333335,64.2105260792244,28799759.2,20.270833333333332,18.154500000000002,True,True,19.11,259355489.11999997,506244489.40550005
2024-07-29,17.8,17.9,17.56,17.57,13535050.0,239031759.0,4501977571.0,0.003006467665940311,17.71,17.942999999999998,17.6375,19.947499999999998,65.41554935232773,28329986.25,20.212666666666667,18.059,False,True,18.84,237810828.5,496534491.3525001
2024-07-30,17.55,17.71,17.42,17.57,12528658.0,219687148.0,4501977571.0,0.002782923238157554,17.625999999999998,17.892000000000003,17.602,19.888666666666666,61.72106799285018,27648036.75,20.163,17.974,True,False,18.45,220128521.06,483623687.1335
2024-07-31,17.51,18.27,17.25,18.13,28400040.0,509025053.0,4501977657.0,0.0063083476115972205,17.752,17.899,17.6125,19.833333333333332,62.71676275201312,27485582.45,20.115333333333336,17.8545,True,True,18.45,514892725.2,481010706.49750006
2024-08-01,18.18,18.25,17.85,17.89,15665017.0,281667894.0,4501977657.0,0.003479585682892695,17.794,17.889999999999997,17.637999999999998,19.775333333333332,57.262569608470415,26495488.1,20.063666666666666,17.766,False,True,18.45,280247154.13,464202324.62799996
2024-08-02,17.82,18.01,17.77,17.85,14773810.0,264422149.0,4501977657.0,0.0032816266817825303,17.802,17.844,17.6465,19.708833333333335,54.88505725046243,25630178.9,20.001333333333335,17.701,False,False,18.45,263712508.50000003,449029235.357
2024-08-05,17.8,18.81,17.77,18.27,42182820.0,780574131.0,4501977657.0,0.00936984214801935,17.942,17.826,17.723499999999998,19.6525,52.852852630648705,25839069.15,19.947499999999998,17.6375,False,False,18.45,770680121.4,455772046.37950003
2024-08-06,18.58,19.13,18.55,18.83,38607820.0,726931948.0,4501977657.0,0.008575746692116469,18.194,17.91,17.844,19.600833333333334,59.94832019656942,25688296.0,19.888666666666666,17.602,False,False,18.45,726985250.5999999,457948593.5665
2024-08-07,18.73,19.18,18.63,19.07,27209364.0,514374745.0,4501977657.0,0.006043869177736348,18.382,18.067,17.958499999999997,19.55816666666667,63.523572980315166,24404102.1,19.833333333333332,17.6125,False,False,18.83,518882571.48,439515292.10249996
2024-08-08,19.0,19.24,18.82,18.95,16980600.0,321967963.0,4501977657.0,0.0037718090345467033,18.594,18.194,18.0435,19.5185,58.37696313683838,23389641.6,19.775333333333332,17.637999999999998,False,False,19.07,321782370.0,423459199.47749996
2024-08-09,18.96,19.05,18.63,18.67,14177654.0,265998193.0,4501977657.0,0.0031492057669267994,18.758,18.28,18.1085,19.474333333333334,52.77777759118971,22792046.25,19.708833333333335,17.6465,False,False,19.07,264696800.18000004,414000515.758
2024-08-12,18.95,19.12,18.61,18.67,11323800.0,212236805.0,4501977657.0,0.002515294580014838,18.838,18.39,18.1665,19.43566666666667,59.714285475428646,22273178.9,19.6525,17.723499999999998,False,False,19.07,211415346.00000003,405571928.8595
2024-08-13,18.61,18.83,18.38,18.57,12287666.0,228087675.0,4501977657.0,0.0027293929326579953,18.786,18.49,18.191,19.396333333333335,67.20257204474731,21216848.7,19.600833333333334,17.844,False,False,19.07,228181957.62,386774526.6605
2024-08-14,19.01,19.45,18.5,18.87,46901116.0,887034219.0,4501977657.0,0.010417891774090606,18.746000000000002,18.564,18.2315,19.368166666666664,68.42105233501717,21948094.2,19.55816666666667,17.958499999999997,False,False,19.07,885024058.9200001,401880315.58849996
2024-08-15,18.49,20.19,18.4,19.8,55834156.0,1088039659.0,4501977657.0,0.012402139738118207,18.916,18.755000000000003,18.322499999999998,19.324333333333335,74.6898260432612,23555558.65,19.5185,18.0435,False,False,19.07,1105516288.8,435863434.5955
2024-08-16,19.58,19.96,19.15,19.18,38311889.0,745232162.0,4501977657.0,0.008510013136211352,19.018,18.887999999999998,18.366,19.2785,68.253968037289,24252851.2,19.474333333333334,18.1085,False,False,19.8,734822031.02,450297428.35749996
2024-08-19,19.18,19.22,18.82,18.93,22611452.0,428276062.0,4501977657.0,0.005022559799878634,19.07,18.954,18.39,19.2305,64.59227448405755,24448091.85,19.43566666666667,18.1665,False,False,19.8,428034786.36,454442293.1980001
2024-08-20,18.86,19.06,18.4,18.61,23763156.0,443972349.0,4501977657.0,0.005278381593709451,19.078,18.932,18.421,19.18433333333333,55.42986407782398,24755932.4,19.396333333333335,18.191,False,False,19.8,442232333.15999997,460717002.52849996
2024-08-21,18.6,19.05,18.43,18.75,19232370.0,360785301.0,4501977657.0,0.004271982551956054,19.054,18.9,18.4835,19.145833333333332,59.95370350940929,24652750.2,19.368166666666664,18.2315,False,False,19.8,360606937.5,460113337.15349996
2024-08-22,18.83,18.86,18.21,18.24,17487854.0,322281800.0,4501977657.0,0.003884482627942105,18.741999999999997,18.829,18.511499999999998,19.082499999999996,54.07098105281965,24318832.2,19.324333333333335,18.322499999999998,False,False,19.8,318978456.96,454699326.8254999
2024-08-23,18.24,18.5,18.08,18.32,11693791.0,214264010.0,4501977657.0,0.002597478684021821,18.57,18.794,18.537,19.011833333333335,50.56179759373818,24175404.15,19.2785,18.366,True,False,19.8,214230251.12,452443064.92550004
2024-08-26,18.4,18.82,18.08,18.19,17626432.0,323962985.0,4501977657.0,0.003915264211183534,18.422,18.746000000000002,18.568,18.947499999999998,42.03980084861766,24379973.25,19.2305,18.39,True,True,19.8,320624798.08000004,456583763.4045
2024-08-27,18.03,18.48,17.77,18.02,22070848.0,399945709.0,4501977657.0,0.004902478350971523,18.304,18.691,18.5905,18.879166666666666,36.708860629386336,24857082.75,19.18433333333333,18.421,True,True,19.8,397716680.96,465463171.3995001
2024-08-28,17.96,18.25,17.85,18.04,13725910.0,247388662.0,4501977657.0,0.0030488623102466897,18.162,18.608,18.586,18.811333333333334,38.181818042975216,24123376.25,19.145833333333332,18.4835,True,True,19.8,247615416.39999998,452099305.9595
2024-08-29,18.0,18.98,17.86,18.83,31528332.0,585580218.0,4501978061.0,0.007003217601863831,18.28,18.511,18.633000000000003,18.761166666666668,51.83486221887883,24916542.0,19.082499999999996,18.511499999999998,True,True,19.8,593678491.56,467770872.83100003
2024-08-30,18.7,19.42,18.57,19.01,32639535.0,621262385.0,4501978061.0,0.00725004310499682,18.418,18.494,18.691,18.724333333333334,53.74449322633856,25809828.25,19.011833333333335,18.537,False,True,19.8,620477560.35,485609125.42350006
2024-09-02,18.86,19.19,18.2,18.21,22402390.0,415976478.0,4501978061.0,0.004976121539566961,18.422,18.421999999999997,18.688,18.68,46.564885371773215,24820806.75,18.947499999999998,18.568,False,False,19.8,407947521.90000004,467472495.4485
2024-09-03,18.29,19.18,18.06,19.0,35925795.0,675985519.0,4501978089.0,0.007980002187878263,18.618000000000002,18.461000000000002,18.6965,18.645666666666667,51.13438032881651,24686705.5,18.879166666666666,18.5905,True,False,19.8,682590105.0,465252738.16850007
2024-09-04,18.97,19.52,18.93,19.2,27105993.0,522401176.0,4501978089.0,0.006020907357641296,18.85,18.506,18.703,18.61616666666667,43.99999987679999,24681536.95,18.811333333333334,18.586,False,True,19.8,520435065.59999996,465330362.8745
2024-09-05,19.2,19.43,19.01,19.37,21429839.0,413347810.0,4501978089.0,0.004760094024526915,18.958,18.619,18.723999999999997,18.5935,52.0879119276416,24903998.9,18.761166666666668,18.633000000000003,False,False,19.8,415095981.43,469996043.446
2024-09-06,19.39,19.39,19.07,19.11,12308330.0,235652480.0,4501978089.0,0.0027339826531083767,18.978,18.698,18.746000000000002,18.5625,51.97368405095799,24810532.7,18.724333333333334,18.691,False,False,19.8,235212186.29999998,468521812.75200003
2024-09-09,19.06,19.35,18.85,18.96,15441522.0,294033546.0,4501978089.0,0.0034299416156043402,19.128,18.775,18.7605,18.5305,53.986332401865916,25016418.8,18.68,18.688,False,False,19.8,292771257.12,472589608.3080001
2024-09-10,18.82,19.19,18.61,18.69,17296056.0,325419016.0,4501978089.0,0.0038418792046679816,19.066,18.842,18.7665,18.494666666666667,49.336283033029225,25266838.3,18.645666666666667,18.6965,False,False,19.8,323263286.64000005,477343674.759
2024-09-11,18.57,19.2,18.52,19.01,18076834.0,342903733.0,4501978089.0,0.004015309191346,19.028,18.939,18.773500000000002,18.468999999999998,58.891454774946816,23825624.2,18.61616666666667,18.703,True,False,19.8,343640614.34000003,450274502.53000003
2024-09-12,19.01,19.73,18.88,18.89,25602379.0,492977561.0,4501978089.0,0.005686917726800158,18.932000000000002,18.945,18.728,18.44516666666667,56.521738949358266,22314035.35,18.5935,18.723999999999997,False,True,19.8,483628939.31,419180135.0555
2024-09-13,18.97,19.0,18.56,18.6,16872402.0,315434193.0,4501978089.0,0.0037477752371175522,18.830000000000002,18.904,18.699,18.406499999999998,54.52538614495466,21242061.0,18.5625,18.746000000000002,False,False,19.37,313826677.20000005,398130367.36450005
2024-09-18,18.55,18.66,18.29,18.31,13116573.0,241506559.0,4501978089.0,0.0029135132914237514,18.7,18.913999999999998,18.668,18.372333333333334,53.11827940996646,20767317.05,18.5305,18.7605,True,False,19.37,240164451.63,388736850.62799996
2024-09-19,18.39,18.97,18.18,18.56,23918938.0,445805943.0,4501978089.0,0.005312984098799331,18.674,18.869999999999997,18.665499999999998,18.3535,55.32786869373152,20775106.15,18.494666666666667,18.7665,True,True,19.37,443935489.28,388822008.434
2024-09-20,18.53,18.56,17.58,17.81,43078300.0,766384698.0,4501978089.0,0.009568749369361935,18.434,18.731,18.618499999999997,18.318833333333334,39.462809803206774,21967402.65,18.468999999999998,18.773500000000002,True,True,19.37,767224523.0,409152887.709
2024-09-23,17.81,17.83,17.39,17.43,18416794.0,323225562.0,4501978089.0,0.004090822664152686,18.142,18.537,18.578,18.28516666666667,34.325396730048496,22013849.65,18.44516666666667,18.728,True,True,19.37,321004719.42,409254200.832
2024-09-24,17.6,18.18,17.39,18.18,40388107.0,721296442.0,4501978089.0,0.008971191374450068,18.058,18.444,18.571,18.269666666666662,49.69939865815799,23448565.45,18.406499999999998,18.699,True,True,19.37,734255785.26,435255477.53900003
2024-09-25,18.39,19.02,18.33,18.34,38283138.0,715432474.0,4501978089.0,0.00850362601575958,18.064,18.381999999999998,18.578500000000002,18.261333333333333,42.43119252430351,24481400.75,18.372333333333334,18.668,True,True,19.37,702112750.92,454329875.18100005
2024-09-26,18.32,19.44,18.21,19.44,45214600.0,854668764.0,4501978089.0,0.010043274113322767,18.240000000000002,18.457,18.6495,18.280666666666665,52.28136868214086,25638588.35,18.3535,18.665499999999998,True,True,19.37,878971824.0,478392632.333
2024-09-27,19.78,20.8,19.7,20.76,38746961.0,787868303.0,4501978089.0,0.00860665250563373,18.830000000000002,18.632,18.785500000000003,18.327999999999996,60.8424335644627,26889640.9,18.318833333333334,18.618499999999997,False,True,19.44,804386910.36,506231207.03099996
2024-09-30,21.8,22.84,21.45,22.83,95192328.0,2128903126.0,4501978229.0,0.021144555383855013,19.910000000000004,19.026,18.9855,18.418833333333335,72.62773710258048,30072840.7,18.28516666666667,18.578,False,False,20.76,2173240848.24,585209324.865
2024-10-08,25.11,25.11,23.21,24.38,112901856.0,2754352424.0,4501978229.0,0.025078276761253526,21.15,19.604,19.253999999999998,18.5305,78.17047805671655,34085956.75,18.269666666666662,18.571,False,False,22.83,2752547249.2799997,691812809.3115
2024-10-09,23.6,23.61,21.94,21.94,80226023.0,1815927400.0,4501978229.0,0.017820171248988954,21.869999999999997,19.967000000000002,19.4405,18.61733333333333,63.78286676056318,36977138.4,18.261333333333333,18.578500000000002,False,False,24.38,1760158944.6200001,759423380.4475
2024-10-10,21.5,22.34,21.06,21.53,51476362.0,1120261147.0,4501978229.0,0.011434165022924637,22.288,20.264,19.567,18.702499999999997,60.606060534639326,37754666.75,18.280666666666665,18.6495,False,False,24.38,1108286073.8600001,780708178.8905
2024-10-11,21.4,21.5,20.3,20.63,36494658.0,762190220.0,4501978229.0,0.008106360391730806,22.262,20.546,19.6385,18.766666666666666,56.872037851800265,38224100.0,18.327999999999996,18.785500000000003,False,False,24.38,752884794.54,792330665.3375
2024-10-14,20.67,21.05,20.5,20.92,39369694.0,819057062.0,4501978229.0,0.008744976540845018,21.88,20.895,19.716,18.82783333333333,59.162717154164454,39121092.75,18.418833333333335,18.9855,False,False,24.38,823613998.48,812756566.1899999
2024-10-15,20.7,21.19,20.46,20.85,41690892.0,872028460.0,4501978229.0,0.009260571659685829,21.174,21.162,19.803,18.885833333333334,60.20900314767476,40590220.85,18.5305,19.253999999999998,False,False,24.38,869255098.2,844458711.7850001
2024-10-16,20.55,21.0,20.36,20.77,30661134.0,633049476.0,4501978229.0,0.006810591353483864,20.94,21.405,19.8935,18.940166666666666,59.005704904149965,41351201.45,18.61733333333333,19.4405,False,False,24.38,636831753.18,861661736.5879999
2024-10-17,20.98,21.03,20.01,20.03,39511042.0,806937223.0,4501978229.0,0.008776373405247758,20.64,21.464000000000002,19.9605,18.972666666666665,59.05383353778519,42461950.75,18.702499999999997,19.567,False,False,24.38,791406171.26,885068880.819
2024-10-18,19.91,20.99,19.7,20.43,51409593.0,1040257378.0,4501978229.0,0.011419333987187969,20.6,21.431,20.0315,19.012166666666666,62.21498364242591,44128588.7,18.766666666666666,19.6385,False,False,24.38,1050297984.99,920401749.3514999
2024-10-21,20.87,22.23,20.75,21.65,82089988.0,1775762167.0,4501978229.0,0.01823420368210759,20.746000000000002,21.313,20.1695,19.07333333333333,63.60784306741099,46952969.15,18.82783333333333,19.716,False,False,24.38,1777248240.1999998,985082714.3959999
2024-10-22,21.7,22.65,21.11,22.32,69391469.0,1513451593.0,4501978229.0,0.015413550548291645,21.04,21.107000000000003,20.3555,19.14016666666667,65.0075414094943,49578922.5,18.885833333333334,19.803,False,False,24.38,1548817588.08,1046832259.9399999
2024-10-23,22.34,24.55,22.15,24.55,151190045.0,3620915259.0,4501978229.0,0.03358302446379956,21.796,21.368,20.667499999999997,19.241833333333332,67.75538561858406,56482596.1,18.940166666666666,19.8935,False,False,24.38,3711715604.75,1220409817.596
2024-10-24,24.61,26.5,24.55,25.15,228853484.0,5822346907.0,4501978229.0,0.050833982831328346,22.82,21.729999999999997,20.997,19.361166666666666,66.05705918618881,66729323.4,18.972666666666665,19.9605,False,False,24.55,5755665122.599999,1485996299.2619998
2024-10-25,25.4,27.67,25.4,27.67,136690254.0,3749062573.0,4501978229.0,0.030362264552834646,24.267999999999997,22.434,21.490000000000002,19.530666666666665,67.13881013173206,71409921.1,19.012166666666666,20.0315,False,False,25.15,3782219328.1800003,1636746039.521
2024-10-28,28.98,29.36,28.0,28.8,260042497.0,7464752522.0,4501978229.0,0.05776182908324766,25.698,23.222,22.058500000000002,19.716,66.13138679373435,83491206.25,19.07333333333333,20.1695,False,False,27.67,7489223913.6,1995156999.23
2024-10-29,30.6,31.68,29.25,29.31,223698839.0,6756298517.0,4501978229.0,0.049689009502315834,27.096000000000004,24.068,22.615000000000002,19.907666666666668,81.30841111823976,92656742.85,19.14016666666667,20.3555,False,False,28.8,6556612971.09,2286274858.5214996
2024-10-30,28.01,30.24,28.0,28.88,149517525.0,4375335215.0,4501978229.0,0.0332115166699088,27.962,24.878999999999998,23.142,20.096166666666665,81.17048336417413,98218462.2,19.241833333333332,20.667499999999997,False,False,29.31,4318066122.0,2467072527.0754995
2024-10-31,29.9,31.29,29.1,30.75,158301228.0,4796617797.0,4501982991.0,0.0351625557707488,29.082,25.951,23.7075,20.315833333333334,89.65517231542536,103872793.6,19.361166666666666,20.997,False,False,29.31,4867762761.0,2666512073.9255
2024-11-01,30.18,30.79,29.2,29.73,99601756.0,2979431775.0,4501982991.0,0.022123974301794514,29.494,26.881,24.156,20.509166666666665,82.65381755691969,106915533.35,19.530666666666665,21.490000000000002,False,False,30.75,2961160205.88,2774350738.7015
2024-11-04,29.7,31.2,29.44,30.4,76693837.0,2332954088.0,4501982991.0,0.017035567916031693,29.814,27.756,24.5345,20.71766666666667,83.88928309620653,105990608.8,19.716,22.058500000000002,False,False,30.75,2331492644.7999997,2782263328.5295
2024-11-05,30.3,31.12,29.4,31.12,117079938.0,3545559638.0,4501982991.0,0.02600630394074272,30.176,28.636000000000003,24.8715,20.93883333333333,85.13238281114371,106199512.9,19.907666666666668,22.615000000000002,False,False,30.75,3643527670.56,2826812349.5935
2024-11-06,31.07,32.05,29.76,29.91,112773589.0,3468903656.0,4501982991.0,0.02504975901185052,30.381999999999998,29.171999999999997,25.270000000000003,21.132833333333334,82.49999992401315,107826891.2,20.096166666666665,23.142,False,False,31.12,3373058046.9900002,2907457304.712
2024-11-07,28.9,29.54,27.8,29.5,103008927.0,2972379370.0,4501982991.0,0.022880789911007463,30.131999999999998,29.607,25.6685,21.31066666666667,79.81591051167503,110403519.45,20.315833333333334,23.7075,False,False,31.12,3038763346.5,3003981168.344
2024-11-08,29.71,30.77,29.71,30.09,81476251.0,2472145311.0,4501982991.0,0.01809785846878603,30.204,29.849,26.1415,21.494333333333334,78.94375849758487,112652599.1,20.509166666666665,24.156,False,False,31.12,2451620392.59,3088917948.2465
2024-11-11,30.0,30.75,29.55,30.23,64274128.0,1946032366.0,4501982991.0,0.014276848252979106,30.169999999999998,29.991999999999997,26.607,21.682333333333336,78.14946611429946,113897820.8,20.71766666666667,24.5345,False,False,31.12,1943006889.44,3144887592.7945
2024-11-12,30.28,30.62,29.3,29.63,59398951.0,1784219713.0,4501982991.0,0.013193952780085037,29.871999999999996,30.023999999999994,27.046,21.865,70.45088558886373,114783223.75,20.93883333333333,24.8715,False,False,31.12,1759990918.1299999,3189424383.791
2024-11-13,29.4,29.99,29.04,29.8,61771584.0,1817868757.0,4501982991.0,0.013720972318973384,29.85,30.115999999999996,27.497500000000002,22.0505,69.3911592183923,116338746.25,21.132833333333334,25.270000000000003,False,False,31.12,1840793203.2,3249622456.292
2024-11-14,29.81,29.99,28.84,28.9,51015918.0,1489559900.0,4501982991.0,0.011331877108817803,29.73,29.931,27.941000000000003,22.222666666666665,55.93056887338204,116913990.05,21.31066666666667,25.6685,False,False,31.12,1474360030.1999998,3283770149.239
2024-11-15,28.74,29.25,26.51,26.55,105016808.0,2893618030.0,4501982991.0,0.023326789152678076,29.022,29.613,28.246999999999996,22.350666666666665,40.293356293001985,119594350.8,21.494333333333334,26.1415,False,False,31.12,2788196252.4,3370665062.6095
2024-11-18,26.4,27.5,26.1,26.74,65616660.0,1763219166.0,4501982991.0,0.01457505728723887,28.324,29.246999999999996,28.5015,22.46633333333333,38.59804786687022,118770684.4,21.682333333333336,26.607,True,False,31.12,1754589488.3999999,3369532125.0195
2024-11-19,26.97,27.7,26.58,27.41,44720234.0,1217297114.0,4501982991.0,0.009933452456262289,27.880000000000003,28.875999999999998,28.756,22.6035,43.61424842653351,117537122.65,21.865,27.046,True,True,31.12,1225781613.94,3353380326.3125
2024-11-20,27.28,27.5,26.7,27.0,36052733.0,972385950.0,4501982991.0,0.008008189518279769,27.32,28.585,28.878500000000003,22.738,31.343283538427272,111780257.05,22.0505,27.497500000000002,True,True,31.12,973423791.0,3216465735.625
2024-11-21,28.5,28.59,26.76,27.15,78111601.0,2136492993.0,4501982991.0,0.017350487808628863,26.97,28.35,28.978500000000004,22.880333333333336,35.94771236347843,104243162.9,22.222666666666665,27.941000000000003,True,True,31.12,2120729967.1499999,3034718977.8525
2024-11-22,26.85,27.05,25.99,25.99,51060622.0,1351226226.0,4501982991.0,0.01134180695530753,26.857999999999997,27.939999999999998,28.8945,23.001,27.197518057831942,99961681.3,22.350666666666665,28.246999999999996,True,True,31.12,1327065565.78,2911961289.7325
2024-11-25,25.68,26.55,25.67,25.99,43580579.0,1141357329.0,4501982991.0,0.00968030734170315,26.708,27.516,28.754,23.13016666666667,21.34078208952279,89138585.4,22.46633333333333,28.5015,True,True,31.12,1132659248.21,2594133056.4630003
2024-11-26,26.5,27.5,26.27,26.31,49421792.0,1329934002.0,4501982991.0,0.01097778292339177,26.488,27.183999999999997,28.603999999999996,23.263333333333332,27.667493748468374,80424733.05,22.6035,28.756,True,True,31.12,1300287347.52,2331316775.2844996
2024-11-27,26.15,27.16,25.96,27.01,40692751.0,1078686291.0,4501982991.0,0.0090388504535334,26.49,26.905,28.510499999999997,23.410333333333334,35.089820300448224,74983494.35,22.738,28.878500000000003,True,True,31.12,1099111204.51,2170369029.4100003
2024-11-28,27.0,27.76,26.8,27.02,38268189.0,1040907014.0,4501982991.0,0.008500296219799733,26.464,26.717000000000002,28.323999999999995,23.560333333333336,30.244530190035604,68981842.4,22.880333333333336,28.978500000000004,True,True,31.12,1034006466.78,1978681214.699
2024-11-29,27.0,27.94,26.92,27.45,41586594.0,1142705781.0,4501983851.0,0.009237392975268582,26.756,26.807,28.21,23.717166666666667,32.754342374868386,66081084.3,23.001,28.8945,True,True,31.12,1141552005.3,1887700804.67
2024-12-02,27.0,27.55,26.4,27.54,38279155.0,1042626333.0,4501983851.0,0.008502730411060287,27.065999999999995,26.887,28.066999999999997,23.862333333333332,36.158940330301306,64160350.2,23.13016666666667,28.754,True,True,31.12,1054207928.6999999,1823836568.8650002
2024-12-03,27.8,28.1,27.55,28.0,44923115.0,1250917331.0,4501983851.0,0.009978515358295095,27.403999999999996,26.945999999999998,27.910999999999994,24.012166666666666,38.52040809447886,60552509.05,23.263333333333332,28.603999999999996,True,True,31.12,1257847220.0,1704552546.337
2024-12-04,27.95,28.23,26.66,26.86,57784627.0,1568963258.0,4501983851.0,0.012835369675340935,27.374000000000002,26.932,27.758499999999998,24.156333333333333,37.376237559001574,57803060.95,23.410333333333334,28.510499999999997,False,True,30.23,1552095081.22,1613504398.0485
2024-12-05,26.71,27.21,26.69,27.17,30635833.0,825885519.0,4501983851.0,0.006804962881684935,27.403999999999996,26.934000000000005,27.641999999999996,24.2925,55.13245020333539,54184406.25,23.560333333333336,28.323999999999995,True,False,30.23,832375582.61,1503185009.854
2024-12-06,26.96,27.15,25.28,26.01,84956154.0,2198875353.0,4501983851.0,0.01887082602065069,27.116000000000003,26.936,27.438,24.406,44.79315254962854,54358401.4,23.717166666666667,28.21,True,True,30.23,2209709565.54,1491089468.5015
2024-12-09,25.7,25.99,25.5,25.74,36360958.0,936701960.0,4501983851.0,0.00807665225007934,26.756,26.911,27.2135,24.512166666666666,37.36762473174784,52962742.9,23.862333333333332,28.066999999999997,True,True,30.23,935931058.92,1440735676.9754999
2024-12-10,26.46,26.49,25.2,25.26,54681136.0,1402813142.0,4501983851.0,0.012146008917347403,26.208,26.806,26.995000000000005,24.614666666666665,36.97604782669692,52726852.15,24.012166666666666,27.910999999999994,True,True,29.8,1381245495.3600001,1421798405.8370001
2024-12-11,25.21,25.5,24.81,25.26,33601756.0,847052193.0,4501983851.0,0.007463766444327923,25.887999999999998,26.631,26.768,24.71966666666667,35.52833070483976,51318360.75,24.156333333333333,27.758499999999998,True,True,29.8,848780356.5600001,1372197763.5049999
2024-12-12,25.26,25.6,25.06,25.25,34789496.0,880072043.0,4501983851.0,0.007727592357372052,25.504,26.454,26.585500000000003,24.829,43.12267646771053,50507039.65,24.2925,27.641999999999996,True,True,28.9,878434774.0,1342401500.695
2024-12-13,25.1,25.11,24.0,24.07,61625457.0,1504688493.0,4501983851.0,0.013688511340686282,25.116,26.115999999999996,26.4615,24.913333333333334,35.36585358306071,48337472.1,24.406,27.438,True,True,28.0,1483324749.99,1277157925.5745
2024-12-16,24.09,24.25,23.31,23.59,40694830.0,958692154.0,4501983851.0,0.009039310523284239,24.686,25.720999999999997,26.303999999999995,24.991666666666667,29.761904699900825,47091380.6,24.512166666666666,27.2135,True,True,28.0,959991039.7,1237428003.1395001
2024-12-17,23.59,23.81,23.46,23.5,25548067.0,603508036.0,4501983851.0,0.005674846433384063,24.334,25.271,26.1085,25.073333333333334,21.27659569592923,46132772.25,24.614666666666665,26.995000000000005,True,True,28.0,600379574.5,1206157901.1675
2024-12-18,23.52,23.73,23.37,23.47,20331092.0,478639179.0,4501983851.0,0.0045160295267349685,23.976,24.932000000000002,25.932,25.159333333333336,21.044045628936942,45346690.2,24.71966666666667,26.768,True,True,28.0,477170729.23999995,1181345248.0795
2024-12-19,23.21,23.3,22.9,23.13,34293697.0,792292851.0,4501983851.0,0.0076174633528244525,23.552,24.528,25.731,25.2355,14.238410563023592,43155795.0,24.829,26.585500000000003,True,True,28.0,793213211.61,1114969410.3025
2024-12-20,23.2,23.29,22.43,22.66,49821285.0,1129761387.0,4501983851.0,0.011066517928298094,23.27,24.193,25.564500000000002,25.316333333333333,11.993769444250375,43093828.15,24.913333333333334,26.4615,True,True,28.0,1128950318.1,1105063647.9185
2024-12-23,22.6,23.59,22.44,22.91,59534971.0,1377287523.0,4501983851.0,0.013224163606623297,23.133999999999997,23.91,25.410500000000003,25.407666666666664,9.017713345209685,43891547.75,24.991666666666667,26.303999999999995,True,True,28.0,1363946185.61,1116627994.7885
2024-12-24,23.65,24.26,23.47,23.86,73926404.0,1763500420.0,4501983851.0,0.016420850550936374,23.206,23.770000000000003,25.288,25.502333333333336,25.083056420072637,45116778.35,25.073333333333334,26.1085,True,True,28.0,1763883999.44,1139807827.3845
2024-12-25,24.3,24.42,23.43,23.74,55030605.0,1313998030.0,4501983851.0,0.01222363447345027,23.259999999999998,23.618,25.1245,25.592333333333332,20.583190345083224,45833671.05,25.159333333333336,25.932,True,True,28.0,1306426562.6999998,1150173595.294
2024-12-26,23.71,23.71,22.35,22.39,84287852.0,1912419854.0,4501983851.0,0.018722379908421398,23.112000000000002,23.332,24.892999999999997,25.6415,19.933554770918633,48134654.2,25.2355,25.731,True,True,28.0,1887205006.28,1192833522.269
2024-12-27,22.25,22.53,21.92,22.05,53733922.0,1193514889.0,4501983851.0,0.011935609673069883,22.990000000000002,23.130000000000003,24.622999999999998,25.663000000000004,19.7044334522394,48742020.6,25.316333333333333,25.564500000000002,True,True,28.0,1184832980.1000001,1194997571.009
2024-12-30,22.06,22.8,21.7,22.6,67346118.0,1499981291.0,4501983851.0,0.014959209146216904,22.927999999999997,23.031,24.375999999999998,25.659166666666668,28.409090844524783,50195368.75,25.407666666666664,25.410500000000003,True,True,28.0,1522022266.8000002,1218388287.914
2024-12-31,22.5,23.09,22.09,22.11,49817357.0,1123210576.0,4501984831.0,0.011065643015268524,22.578000000000003,22.892,24.0815,25.621333333333332,26.315789418282534,50440080.85,25.502333333333336,25.288,True,True,28.0,1101461763.27,1210569015.0774999
2025-01-02,22.16,22.7,21.82,22.09,47984144.0,1064505062.0,4501984831.0,0.01065844195422168,22.247999999999998,22.753999999999998,23.843,25.623833333333334,26.27627622104086,49950056.7,25.592333333333332,25.1245,True,True,27.17,1059969740.96,1185962748.0645
2025-01-03,22.3,22.6,21.21,21.29,45690644.0,996303050.0,4501984831.0,0.010148999988933993,22.028,22.57,23.549,25.619833333333336,27.866241976094358,50702797.25,25.6415,24.892999999999997,True,True,27.17,972753810.76,1192981659.472
2025-01-06,21.3,21.85,20.95,21.14,61262298.0,1304668612.0,4501984831.0,0.013607841940771746,21.846,22.418,23.305500000000002,25.62833333333333,29.411764636678214,49518104.45,25.663000000000004,24.622999999999998,True,True,26.01,1295084979.72,1147250430.1810002
2025-01-07,21.08,21.4,20.91,21.12,30549663.0,646173182.0,4501984831.0,0.006785820953824533,21.55,22.239,23.0745,25.631666666666668,29.761904691043085,49227539.7,25.659166666666668,24.375999999999998,True,True,25.74,645208882.5600001,1132714321.363
2025-01-08,21.05,21.38,20.71,21.15,37006071.0,778916004.0,4501984831.0,0.008219945732642562,21.358,21.968,22.869,25.636666666666667,30.27210877146095,48343786.45,25.621333333333332,24.0815,True,True,25.26,782678401.65,1102785966.6775
2025-01-09,21.15,21.59,20.76,20.9,36123358.0,761999699.0,4501984831.0,0.008023873770355669,21.119999999999997,21.684,22.651000000000003,25.63883333333333,30.742659683869192,48469866.55,25.623833333333334,23.843,True,True,25.26,754978182.1999999,1098095857.9595
2025-01-10,20.9,21.02,20.05,20.05,35299600.0,721408350.0,4501984831.0,0.00784089714317387,20.872,21.45,22.391,25.639166666666664,28.849270599045397,48495371.75,25.619833333333336,23.549,True,True,25.25,707756980.0,1089561968.2595
2025-01-13,19.98,20.42,19.82,20.18,30810627.0,622202176.0,4501984831.0,0.00684378738636403,20.68,21.262999999999998,22.1965,25.634999999999998,27.438016465432653,46954630.25,25.62833333333333,23.305500000000002,True,True,24.07,621758452.86,1046483653.4029999
2025-01-14,20.3,20.82,20.05,20.71,34184829.0,701574668.0,4501984831.0,0.007593279471891672,20.598000000000003,21.073999999999998,22.052500000000002,25.619333333333334,22.02486673031116,46629130.2,25.631666666666668,23.0745,True,True,23.86,707967808.59,1033882491.8474998
2025-01-15,20.66,22.37,20.26,21.54,103234046.0,2207789552.0,4501984831.0,0.0229307849482623,20.676,21.017000000000003,21.9545,25.606333333333332,32.649842199195916,50513429.15,25.636666666666667,22.869,True,True,23.86,2223661350.8399997,1115046580.6644998
2025-01-16,21.54,22.06,21.35,21.72,58248815.0,1259812107.0,4501984831.0,0.012938474292251563,20.839999999999996,20.98,21.867,25.559166666666666,43.52030935990629,52409315.3,25.63883333333333,22.651000000000003,True,True,23.86,1265164261.8,1154446257.2925
2025-01-17,21.66,22.1,21.2,21.72,37974279.0,820138032.0,4501984974.0,0.008435007939677766,21.174,21.023000000000003,21.7965,25.502000000000002,46.58385079665134,52593344.4,25.639166666666664,22.391,True,True,23.86,824801339.88,1156025663.7059999
2025-01-20,21.45,21.87,21.07,21.17,48894756.0,1044301804.0,4501984974.0,0.010860710615956845,21.372,21.026,21.722,25.393666666666668,35.196687268581,52547017.95,25.634999999999998,22.1965,True,True,23.86,1035101984.5200001,1151333247.027
2025-01-21,21.25,21.31,20.05,20.19,62853548.0,1281737085.0,4501984974.0,0.013961296708672667,21.268,20.933,21.586,25.250166666666665,31.954887133953278,52712946.8,25.619333333333334,22.052500000000002,True,True,23.86,1269013134.1200001,1146586594.4525
2025-01-22,20.08,20.18,19.5,19.98,45540044.0,902868864.0,4501984974.0,0.010115547755713144,20.956,20.816000000000003,21.392000000000003,25.094666666666665,30.852994476961513,51293628.8,25.606333333333332,21.9545,True,True,23.86,909890079.12,1103886898.4365
2025-01-23,20.05,20.53,19.8,19.8,46936873.0,944024703.0,4501984974.0,0.010425817338589811,20.572000000000003,20.706,21.195,24.94333333333333,34.7648260763379,50888942.2,25.559166666666666,21.867,True,True,23.74,929350085.4,1085033074.5715
2025-01-24,19.79,20.88,19.71,20.71,66939229.0,1364722882.0,4501984974.0,0.014868825503992008,20.37,20.772,21.111,24.776,46.19469015102201,50021511.05,25.502000000000002,21.7965,True,True,22.6,1386311432.5900002,1059988395.8869998
2025-01-27,20.68,20.98,20.45,20.46,34447721.0,710983321.0,4501984974.0,0.007651673916937422,20.228,20.8,21.0315,24.6215,44.387754996355675,49057201.0,25.393666666666668,21.722,True,True,22.6,704800371.6600001,1035986765.4649999
2025-02-05,20.8,21.14,20.32,20.58,40507782.0,839016677.0,4501984974.0,0.00899776037324464,20.306,20.787,20.930500000000002,24.45783333333333,45.22613054720839,47715284.2,25.250166666666665,21.586,True,True,22.6,833650153.56,1001568159.8030001
2025-02-06,20.5,21.08,20.12,21.08,43688679.0,905026721.0,4501984974.0,0.00970431470835913,20.526,20.741,20.878999999999998,24.2905,51.44694522182359,47408850.3,25.094666666666665,21.392000000000003,True,True,22.11,920957353.3199999,992542939.3055
2025-02-07,21.1,23.07,21.09,22.74,109697814.0,2457021106.0,4501985117.0,0.024366543013607214,21.113999999999997,20.842999999999996,20.9115,24.171,69.13229004724722,50494533.8,24.94333333333333,21.195,False,True,22.09,2494528290.3599997,1064270866.7755
2025-02-10,22.55,22.55,21.68,22.12,75523824.0,1663053442.0,4501985117.0,0.016775671628680777,21.395999999999997,20.883,20.953,24.048,62.8989360531137,51986192.8,24.776,21.111,False,False,22.74,1670586986.88,1099162525.5815
2025-02-11,22.04,22.24,21.18,21.39,56120465.0,1203770482.0,4501985117.0,0.012465715354784902,21.582,20.905,20.9655,23.903000000000002,54.40414497905984,51729101.15,24.6215,21.0315,False,False,22.74,1200416746.3500001,1094429113.9129999
2025-02-12,21.39,21.77,21.25,21.77,41230226.0,887419524.0,4501985117.0,0.009158232408256983,21.82,21.063,20.997999999999998,23.762,51.58184309186441,52263129.3,24.45783333333333,20.930500000000002,False,False,22.74,897582020.02,1107047770.786
2025-02-13,21.68,21.88,21.4,21.43,34502743.0,744436866.0,4501985117.0,0.007663895393548455,21.89,21.208,21.012,23.625333333333337,48.04845213019134,52137962.9,24.2905,20.878999999999998,False,False,22.74,739393782.49,1104883539.8279998
2025-02-14,21.43,21.8,21.28,21.47,35671367.0,767869046.0,4501985117.0,0.007923475105526432,21.636,21.375,21.0405,23.486499999999996,48.326639802332934,52115363.35,24.171,20.9115,False,False,22.74,765864249.49,1105427843.1924999
2025-02-17,21.32,21.88,21.03,21.78,51990246.0,1123412700.0,4501985117.0,0.011548293619114601,21.568,21.482,21.127000000000002,23.367833333333337,54.21853378159619,52949895.65,24.048,20.953,False,False,22.74,1132347557.88,1126657372.0865
2025-02-18,21.7,21.75,20.8,20.9,52676015.0,1121006980.0,4501985117.0,0.011700619533611843,21.47,21.526,21.163,23.273666666666667,54.9789620238842,54043165.05,23.903000000000002,20.9655,False,False,22.74,1100928713.5,1150615885.1185002
2025-02-19,20.88,21.53,20.7,21.19,53264240.0,1121489485.0,4501985117.0,0.011831278561732304,21.354,21.587,21.187,23.18116666666667,58.39112332628631,54997135.6,23.762,20.997999999999998,True,False,22.74,1128669245.6000001,1171650956.969
2025-02-20,21.03,21.1,20.46,20.49,50611633.0,1042182419.0,4501985117.0,0.01124207026115764,21.166,21.528,21.1345,23.065833333333334,54.463130561127564,52366014.95,23.625333333333337,21.012,False,True,22.74,1037032360.17,1112319507.4355001
2025-02-21,20.49,20.7,20.38,20.58,50496309.0,1038006551.0,4501985117.0,0.011216454005882934,20.988,21.312,21.0775,22.958833333333335,49.05933419872203,51978389.65,23.486499999999996,21.0405,True,False,22.74,1039214039.2199999,1101021996.3065
2025-02-24,20.58,21.22,20.4,20.8,50739172.0,1058167181.0,4501985117.0,0.011270399763962614,20.792,21.18,21.0315,22.852999999999998,52.47093012578589,52616634.3,23.367833333333337,21.127000000000002,True,True,22.74,1055374777.6,1112550668.1925
2025-02-25,20.58,21.75,20.53,21.42,92215180.0,1967380520.0,4501985117.0,0.02048322631094118,20.895999999999997,21.183,21.044,22.776833333333332,55.691056804922134,54782655.5,23.273666666666667,21.163,True,True,22.74,1975249155.6000001,1159558026.7465
2025-02-26,21.58,22.13,21.25,22.07,84740956.0,1842088075.0,4501985117.0,0.018823020022880277,21.072,21.213,21.137999999999998,22.711499999999997,56.57370507409936,55877025.9,23.18116666666667,21.187,False,True,22.74,1870232898.92,1189619014.9865
2025-02-27,21.97,21.98,21.27,21.56,50787721.0,1093396033.0,4501985117.0,0.011281183673446604,21.286,21.226,21.217,22.632333333333335,40.75235100775347,56139409.75,23.065833333333334,21.1345,False,False,22.74,1094983264.76,1198873674.2684999
2025-02-28,21.5,21.75,21.07,21.09,46377080.0,994316852.0,4501985117.0,0.010301473415555052,21.387999999999998,21.188,21.2815,22.533666666666665,41.733547257741634,56111420.1,22.958833333333335,21.0775,False,False,22.74,978092617.2,1201310800.8585
2025-03-03,21.09,21.85,21.09,21.31,56747827.0,1223651160.0,4501985117.0,0.012605067659089732,21.49,21.141,21.311500000000002,22.438499999999998,49.300699180033234,55601850.0,22.852999999999998,21.0315,True,False,22.74,1209296193.37,1192460038.8975
2025-03-04,21.22,21.36,20.8,21.28,38225921.0,805831125.0,4501985117.0,0.00849090345848871,21.462,21.179,21.3525,22.335666666666665,45.43761626887774,55790760.0,22.776833333333332,21.044,True,True,22.74,813447598.88,1197892400.2585
2025-03-05,21.19,21.26,20.33,20.64,55498614.0,1144909219.0,4501985117.0,0.01232758717713904,21.176,21.124000000000002,21.3555,22.220666666666666,43.0335095939208,56540301.6,22.711499999999997,21.137999999999998,True,True,22.74,1145491392.96,1213484462.2285
2025-03-06,20.88,21.68,20.68,21.33,62619178.0,1327232653.0,4501985663.0,0.01390923532134758,21.13,21.208,21.368000000000002,22.1095,48.892404954985174,57486826.55,22.632333333333335,21.217,True,True,22.74,1335667066.74,1234219947.8995001
2025-03-07,21.18,21.92,20.85,21.42,55355223.0,1181272190.0,4501985663.0,0.012295735069736493,21.196,21.292,21.302,22.018833333333337,47.049180219887134,54769697.0,22.533666666666665,21.2815,True,True,22.74,1185708876.66,1168778977.2145
2025-03-10,21.5,21.97,21.48,21.77,50775987.0,1103098011.0,4501985663.0,0.011278575899809568,21.288,21.389,21.2845,21.928833333333333,57.809694648234164,53532305.15,22.438499999999998,21.311500000000002,False,True,22.12,1105393236.99,1140519289.7199998
2025-03-11,21.42,22.07,21.21,22.07,46835246.0,1018531543.0,4501985663.0,0.010403241926094957,21.446,21.454,21.3185,21.863166666666665,57.88530451426625,53068044.2,22.335666666666665,21.3525,False,False,22.07,1033653879.22,1132181146.3635
2025-03-12,22.04,22.09,21.45,21.45,48139680.0,1040650971.0,4501985663.0,0.010692988295285026,21.608,21.392000000000003,21.302500000000002,21.791666666666668,58.72727257778513,53413516.9,22.220666666666666,21.3555,False,False,22.07,1032596136.0,1138931852.1625
2025-03-13,21.45,21.52,20.88,21.02,32752747.0,693122890.0,4501985663.0,0.0072751779884999606,21.546,21.338,21.282,21.721,53.76712315877746,53326017.1,22.1095,21.368000000000002,False,False,22.07,688462741.9399999,1136385300.135
2025-03-14,21.09,21.98,21.04,21.63,72565955.0,1574338135.0,4501985663.0,0.016118655285020173,21.588,21.392000000000003,21.29,21.660500000000003,56.6613160845492,55170746.5,22.018833333333337,21.302,True,False,22.07,1569601606.6499999,1176572167.993
2025-03-17,21.85,22.18,21.6,21.66,38803290.0,847847362.0,4501985663.0,0.008619150060585166,21.565999999999995,21.427,21.284,21.600666666666665,52.12765944507317,54511398.7,21.928833333333333,21.2845,False,True,22.07,840479261.4,1161978753.1690001
2025-03-18,21.63,21.78,21.4,21.49,38491028.0,827781075.0,4501985663.0,0.00854978911113427,21.45,21.448,21.3135,21.557666666666666,44.37984484082986,53802149.35,21.863166666666665,21.3185,False,False,22.07,827172191.7199999,1148290927.08
2025-03-19,21.46,21.5,21.07,21.12,42832590.0,908260837.0,4501985663.0,0.009514155132039567,21.383999999999997,21.496,21.310000000000002,21.5165,45.6175297532579,53280566.85,21.791666666666668,21.302500000000002,False,False,22.07,904624300.8000001,1137088679.84
2025-03-20,21.15,21.23,20.91,21.0,31276700.0,659140629.0,4501985663.0,0.0069473122175955715,21.380000000000003,21.463,21.335500000000003,21.474833333333333,49.03640242258894,52313820.2,21.721,21.282,True,False,22.07,656810700.0,1118077596.8314998
2025-03-21,20.95,21.25,20.75,20.79,37555848.0,785919473.0,4501985663.0,0.008342062994259696,21.212,21.4,21.345999999999997,21.430166666666665,44.42060072491665,51666797.15,21.660500000000003,21.29,True,True,22.07,780786079.92,1105156198.8665001
2025-03-24,20.81,20.88,20.2,20.51,34098850.0,698561430.0,4501985663.0,0.007574180051314837,20.982000000000003,21.274,21.3315,21.3865,42.158859350259874,50834781.05,21.600666666666665,21.284,True,True,22.07,699367413.5,1087355830.6615
2025-03-25,20.5,20.77,20.36,20.5,30587113.0,628448268.0,4501985663.0,0.006794138251346093,20.784,21.117,21.2855,21.3505,48.36448582310682,47753377.7,21.557666666666666,21.3135,True,True,22.07,627035816.5,1019945163.7065
2025-03-26,20.5,21.03,20.42,20.81,44918350.0,933406182.0,4501985663.0,0.009977452920200471,20.722,21.053,21.2225,21.3155,43.33333317777779,45762247.4,21.5165,21.310000000000002,True,True,22.07,934750863.5,973171061.9354999
2025-03-27,20.59,20.68,20.27,20.32,37535392.0,765105720.0,4501985663.0,0.008337519221460036,20.586000000000002,20.982999999999997,21.160500000000003,21.2565,37.209302204434806,45099630.95,21.474833333333333,21.335500000000003,True,True,22.07,762719165.44,956557856.9695
2025-03-28,20.28,20.52,19.97,19.98,32447124.0,654130298.0,4501985663.0,0.00720729172166624,20.424,20.817999999999998,21.104999999999997,21.19383333333333,29.137529042441642,44403133.15,21.430166666666665,21.345999999999997,True,True,22.07,648293537.52,940067902.9855
2025-03-31,19.91,19.92,19.08,19.13,51117821.0,989269890.0,4501985691.0,0.011354505435721519,20.148,20.564999999999998,20.996,21.1395,19.628099116778216,44121632.85,21.3865,21.3315,True,True,22.07,977883915.7299999,928497289.1035
2025-04-01,19.13,19.32,18.94,19.18,29165985.0,558688450.0,4501985691.0,0.006478471279530328,19.883999999999997,20.334,20.891,21.091666666666665,23.419203670288326,43668636.05,21.3505,21.2855,True,True,22.07,559403592.3,915795088.7744999
2025-04-02,19.08,19.2,18.87,18.89,25413274.0,482901177.0,4501985691.0,0.005644903325837781,19.5,20.111,20.8035,21.029833333333332,24.213074978454472,42164369.05,21.3155,21.2225,True,True,22.07,480056745.86,882523356.4195
2025-04-03,18.56,19.09,18.52,18.62,29590998.0,556132783.0,4501985691.0,0.006572876954974756,19.16,19.873,20.668,20.97166666666667,10.29023742900705,40512960.05,21.2565,21.160500000000003,True,True,22.07,550984382.76,843289222.2205
2025-04-07,17.63,17.72,16.76,16.76,60650744.0,1028927229.0,4501985691.0,0.013471998394230347,18.516,19.47,20.435000000000002,20.882833333333334,6.405693934220693,40777736.1,21.19383333333333,21.104999999999997,True,True,22.07,1016506469.44,834829101.8594999
2025-04-08,16.86,17.16,16.69,17.01,57109339.0,962818709.0,4501985691.0,0.01268536661814992,18.092000000000002,19.119999999999997,20.197,20.811500000000002,10.701754359679896,41094403.7,21.1395,20.996,True,True,22.07,971429856.3900001,828130932.8295
2025-04-09,16.79,17.2,16.48,17.2,55845970.0,938312504.0,4501985691.0,0.012404741781308341,17.695999999999998,18.79,19.9535,20.745833333333334,14.492753586431377,41544939.9,21.091666666666665,20.891,True,True,22.07,960550684.0,824475773.0685
2025-04-10,17.8,17.85,17.29,17.47,46571649.0,814429964.0,4501985719.0,0.010344690522551167,17.412,18.456,19.7545,20.685,18.871252157989815,41466538.35,21.029833333333332,20.8035,True,True,21.66,813606708.03,813526301.67
2025-04-11,17.47,17.48,17.25,17.31,33503185.0,581826700.0,4501985719.0,0.0074418683423637935,17.15,18.155,19.569,20.621,19.039145860044798,41504060.25,20.97166666666667,20.668,True,True,21.66,579940132.3499999,808100171.1905
2025-04-14,17.46,17.87,17.36,17.4,47663175.0,838814496.0,4501985719.0,0.01058714486784004,17.278,17.897,19.3575,20.562666666666665,21.362799208272662,40258921.25,20.882833333333334,20.435000000000002,True,True,21.66,829339244.9999999,771087053.108
2025-04-15,17.48,17.48,17.14,17.25,26062183.0,450207735.0,4501985719.0,0.005789041686651339,17.326,17.708999999999996,19.137,20.516000000000002,20.82585273041971,39621865.9,20.811500000000002,20.197,True,True,21.66,449572656.75,751541722.8755
2025-04-16,17.23,17.45,16.85,17.45,31076737.0,529773306.0,4501985719.0,0.006902895508718516,17.375999999999998,17.536,18.935,20.4705,19.230769181459536,39251151.35,20.745833333333334,19.9535,True,True,21.49,542289060.65,737297566.322
2025-04-17,17.25,17.36,17.16,17.27,22137949.0,381720587.0,4501985719.0,0.00491737432808147,17.336000000000002,17.374,18.7425,20.413166666666665,20.388349459138425,38216419.3,20.685,19.7545,True,True,21.12,382322379.23,711182470.2435
2025-04-18,17.13,17.17,16.85,16.93,25442542.0,431767060.0,4501985719.0,0.005651404421969469,17.259999999999998,17.205,18.538999999999998,20.336333333333336,20.388349459138425,37924711.4,20.621,19.569,True,True,21.0,430742236.06,699879047.0465
2025-04-21,16.88,17.05,16.76,17.01,20803187.0,351590004.0,4501985719.0,0.004620891379597911,17.182,17.23,18.35,20.257833333333334,25.79908667552803,37087078.35,20.562666666666665,19.3575,True,True,20.81,353862210.87,678532853.594
2025-04-22,16.98,17.18,16.82,16.91,22216400.0,376562847.0,4501985719.0,0.004934800194109634,17.113999999999997,17.220000000000002,18.17,20.177666666666664,24.379232428598343,36492955.85,20.516000000000002,19.137,True,True,20.81,375679324.0,662348449.119
2025-04-23,17.03,17.26,16.95,17.01,23299436.0,397985793.0,4501985719.0,0.005175368704895707,17.026000000000003,17.201,17.9955,20.108333333333334,27.830188587353163,36128572.0,20.4705,18.935,True,True,20.81,396323406.36,650812828.612
2025-04-24,17.05,17.11,16.79,16.8,22209228.0,375298649.0,4501985719.0,0.004933207119309389,16.932,17.134,17.795,20.051833333333335,28.22966497722122,34993115.9,20.413166666666665,18.7425,True,True,20.81,373115030.40000004,622731036.957
2025-04-25,16.81,16.86,16.63,16.66,31057166.0,519307354.0,4501985719.0,0.0068985483158970455,16.878000000000004,17.069,17.612000000000002,19.9965,47.96747940181107,34669204.6,20.336333333333336,18.538999999999998,True,True,20.32,517412385.56,610465697.9629999
2025-04-28,16.54,16.83,16.48,16.6,26651288.0,443966354.0,4501985719.0,0.005919896166600879,16.796,16.989,17.443,19.94316666666667,40.969162742921455,34379412.8,20.257833333333334,18.35,True,True,19.98,442411380.8,600171590.1270001
2025-04-29,16.54,16.74,16.29,16.31,28708835.0,472772805.0,4501985719.0,0.00637692715879537,16.676000000000002,16.895000000000003,17.302,19.869833333333336,31.22362850753977,33258963.5,20.177666666666664,18.17,True,True,19.18,468241098.84999996,574689449.283
2025-04-30,16.08,16.45,16.05,16.31,34545821.0,563209062.0,4501985719.0,0.0076734630352566875,16.536,16.781,17.1585,19.800666666666665,22.380952231746093,33527955.3,20.108333333333334,17.9955,True,True,19.18,563442340.51,574891386.6934999
2025-05-06,16.38,16.63,16.38,16.63,32730339.0,541139092.0,4501985719.0,0.007270200538812504,16.502000000000002,16.717000000000002,17.0455,19.734833333333334,34.95575199584937,33893808.55,20.051833333333335,17.795,True,True,18.89,544305537.5699999,578103826.279
2025-05-07,16.85,16.9,16.52,16.7,29053280.0,484055340.0,4501985719.0,0.006453436730681908,16.509999999999998,16.694,16.9495,19.661833333333334,34.374999785156305,33866922.65,19.9965,17.612000000000002,True,True,18.62,485189776.0,574814095.941
2025-05-08,16.6,16.94,16.58,16.9,29437053.0,495453222.0,4501985719.0,0.0065386820033135696,16.57,16.683,16.9565,19.5645,42.35807834366239,32306238.1,19.94316666666667,17.443,True,True,17.47,497486195.6999999,548863082.254
2025-05-09,16.93,16.93,16.47,16.5,26948752.0,447714991.0,4501985719.0,0.005985970121199311,16.607999999999997,16.642,16.931,19.470833333333335,30.923694605248357,30798208.75,19.869833333333336,17.302,True,True,17.47,444654408.0,522524309.83449996
2025-05-12,16.65,17.1,16.65,17.06,46871772.0,791824597.0,4501985719.0,0.01041135510541143,16.758,16.647,16.924,19.398666666666664,46.34146318857822,30349498.85,19.800666666666665,17.1585,True,True,17.47,799632430.3199999,514478397.15049994
2025-05-13,17.6,18.77,17.6,18.35,161401211.0,2975933759.0,4501985719.0,0.03585111572407456,17.101999999999997,16.802,16.968,19.341666666666665,68.58638718319123,36090976.95,19.734833333333334,17.0455,False,True,17.47,2961712221.8500004,621883672.8415
2025-05-14,18.0,18.25,17.62,17.79,97408093.0,1738848652.0,4501985719.0,0.021636695245145447,17.32,16.915,16.992,19.281,59.06976724954025,39286222.35,19.661833333333334,16.9495,False,False,18.35,1732889974.47,679531164.9475
2025-05-15,17.75,17.75,17.17,17.2,52042975.0,903320344.0,4501985805.0,0.011560004241283919,17.380000000000003,16.975,16.982,19.209833333333336,53.027139719753656,39505212.35,19.5645,16.9565,False,False,18.35,895139170.0,682821161.1975
2025-05-16,17.1,17.44,17.1,17.22,34305124.0,591615305.0,4501985805.0,0.007619998259856797,17.524,17.066,16.9805,19.13383333333333,52.229299207810975,39917359.4,19.470833333333335,16.931,False,False,18.35,590734235.28,689879240.124
2025-05-19,17.1,17.12,16.87,16.98,31652035.0,536586321.0,4501985805.0,0.007030682985460901,17.508,17.133,16.957,19.068500000000004,51.89873402392777,39946124.3,19.398666666666664,16.924,False,False,18.35,537451554.3000001,689637364.8065001
2025-05-20,17.0,17.18,16.78,17.15,30745405.0,522910206.0,4501985805.0,0.0068292985210778555,17.268,17.185,16.951,19.001166666666666,55.13626818198997,40376497.1,19.341666666666665,16.968,False,False,18.35,527283695.74999994,696885430.6325
2025-05-21,17.04,17.25,17.01,17.18,26663220.0,457522589.0,4501985805.0,0.005922546439481721,17.145999999999997,17.233,16.9635,18.946,56.1181432941658,40437531.0,19.281,16.992,False,False,18.35,458074119.59999996,698252024.8095
2025-05-22,17.07,17.17,16.92,16.99,18590761.0,316536066.0,4501985805.0,0.004129457933730646,17.104000000000003,17.241999999999997,16.9625,18.886166666666668,57.327586033925385,40326909.7,19.209833333333336,16.982,False,False,18.35,315857029.39,696351765.7355001
2025-05-23,16.9,17.22,16.84,16.84,25376013.0,432347172.0,4501985805.0,0.005636626613041931,17.028,17.276,16.959,18.82016666666667,55.532358919112106,40484890.35,19.13383333333333,16.9805,False,False,18.35,427332058.92,698934402.4815
2025-05-26,16.95,17.39,16.8,17.13,31628489.0,542553408.0,4501985805.0,0.007025452849023365,17.058,17.282999999999998,16.965,18.74866666666667,55.25210067782996,40901343.0,19.068500000000004,16.957,True,False,18.35,541796016.5699999,706208032.992
2025-05-27,17.07,17.13,16.89,16.95,18396961.0,312315851.0,4501985805.0,0.004086410263570345,17.017999999999997,17.143,16.9725,18.663333333333334,52.56673496182048,40710729.65,19.001166666666666,16.951,False,True,18.35,311828488.95,703143705.9195
2025-05-28,16.98,17.04,16.84,16.88,16192838.0,273719522.0,4501985805.0,0.0035968212032156774,16.958,17.052,16.9835,18.58533333333333,49.78902938880878,39967513.25,18.946,16.9635,True,False,18.35,273335105.44,690939841.9135001
2025-05-29,16.92,17.05,16.84,17.0,20130350.0,341804884.0,4501985805.0,0.0044714379102756855,16.959999999999997,17.032,17.0035,18.517166666666665,55.60538099137324,39641466.35,18.886166666666668,16.9625,True,True,18.35,342215950.0,685930070.3735
2025-05-30,16.89,16.93,16.2,16.29,56598580.0,930387813.0,4501985805.0,0.012571914362133356,16.85,16.939,17.002499999999998,18.4335,41.648589895210364,41035953.6,18.82016666666667,16.959,True,True,18.35,921990868.1999999,708617558.841
2025-06-03,16.1,16.26,16.06,16.19,26056415.0,421492955.0,4501985805.0,0.005787760363673559,16.662,16.86,16.9965,18.348666666666666,18.42105255617112,40611483.3,18.74866666666667,16.965,True,True,18.35,421853358.85,701538109.7580001
2025-06-04,16.25,16.35,16.21,16.31,22341847.0,363400540.0,4501985805.0,0.004962664914488774,16.534,16.776,16.9805,18.2765,25.16778511666135,40092058.7,18.663333333333334,16.9725,True,True,18.35,364395524.57,692542609.108
2025-06-05,16.3,16.34,16.17,16.23,23795676.0,385652547.0,4501985805.0,0.005285595519553176,16.404,16.680999999999997,16.957,18.1915,30.36437229752984,39829178.5,18.58533333333333,16.9835,True,True,18.35,386203821.48,687593311.382
2025-06-06,16.28,16.29,16.05,16.09,35448923.0,571315733.0,4501985805.0,0.007874063698874768,16.222,16.591,16.916500000000003,18.102666666666664,28.185328032975022,40129772.0,18.517166666666665,17.0035,True,True,18.35,570373171.07,691237660.1505
2025-06-09,16.04,16.33,15.95,16.27,35572214.0,576380310.0,4501985805.0,0.007901449613744395,16.218,16.534,16.905,18.011,35.96837924760575,40560945.1,18.4335,17.002499999999998,True,True,18.35,578759921.78,697942935.8395001
2025-06-10,16.22,16.34,15.91,15.96,38850825.0,624739168.0,4501985805.0,0.008629708462619198,16.172,16.417,16.85,17.909166666666668,27.71535565991948,40159897.75,18.348666666666666,16.9965,True,True,18.35,620059167.0,688964272.6735001
2025-06-11,15.95,16.45,15.93,16.14,43925145.0,712886530.0,4501985805.0,0.00975683773840775,16.137999999999998,16.336,16.7395,17.820666666666668,31.56028353126098,34286094.45,18.2765,16.9805,True,True,18.35,708951840.3000001,576326253.596
2025-06-12,16.11,16.11,15.88,16.0,39714642.0,633963323.0,4501985805.0,0.008821583123583394,16.092,16.247999999999998,16.65,17.737000000000002,32.129963736527245,31401421.9,18.1915,16.957,True,True,17.79,635434272.0,521453468.47249997
2025-06-13,15.91,15.93,15.64,15.93,56320844.0,888542464.0,4501985805.0,0.012510222475035103,16.060000000000002,16.141,16.586499999999997,17.642,33.08550168654382,31615315.35,18.102666666666664,16.916500000000003,True,True,17.22,897191044.92,521556062.21849996
2025-06-16,15.78,15.88,15.56,15.66,49746875.0,778595584.0,4501985805.0,0.01104998486329079,15.937999999999999,16.078,16.5085,17.541999999999998,22.471909994529284,32387402.9,18.011,16.905,True,True,17.22,779036062.5,530971153.5795
2025-06-17,15.64,15.71,15.48,15.59,28162375.0,439411524.0,4501985805.0,0.00625554504608217,15.864,16.018,16.439,17.44366666666667,23.437499871826134,32212919.9,17.909166666666668,16.85,True,True,17.18,439051426.25,526051147.1769999
2025-06-18,15.54,15.62,15.37,15.39,31221217.0,483129548.0,4501985805.0,0.006934987881420031,15.714000000000002,15.925999999999998,16.351000000000003,17.348166666666664,22.304832597669986,32236710.5,17.820666666666668,16.7395,True,True,17.18,480494529.63,523711688.871
2025-06-19,15.38,15.45,14.97,14.98,41989768.0,636399670.0,4501985805.0,0.009326943668584046,15.510000000000002,15.801000000000002,16.241,17.247833333333336,16.10738247466324,33003037.9,17.737000000000002,16.65,True,True,17.18,629006724.64,532258319.123
2025-06-20,15.22,15.65,15.15,15.23,60413426.0,931911706.0,4501985805.0,0.013419283981949384,15.37,15.715,16.153,17.155166666666666,28.968253807319186,35094171.15,17.642,16.586499999999997,True,True,17.13,920096477.98,562470291.5525
2025-06-23,15.04,15.15,14.89,15.06,41606202.0,625003826.0,4501985805.0,0.009241744377290412,15.25,15.594,16.064,17.064333333333334,28.185328032974994,35905680.6,17.541999999999998,16.5085,True,True,17.13,626589402.12,572433158.7125
2025-06-24,15.09,15.5,15.03,15.48,52552681.0,805377050.0,4501985805.0,0.011673222279295925,15.228,15.545999999999998,15.9815,16.980666666666664,35.640138235653325,36951890.2,17.44366666666667,16.439,True,True,17.13,813515501.88,586019132.9779999
2025-06-25,15.47,15.67,15.29,15.67,52856800.0,819437446.0,4501985805.0,0.011740774469190047,15.284,15.499,15.917499999999999,16.895,40.66666647688888,38674882.15,17.348166666666664,16.351000000000003,True,True,17.0,828266056.0,611841011.3305
2025-06-26,15.76,16.36,15.65,15.67,90370682.0,1443508915.0,4501985805.0,0.02007351553610685,15.422,15.466,15.857,16.8175,42.65734244853049,42383774.35,17.247833333333336,16.241,True,True,17.0,1416108586.94,668979685.4055
2025-06-27,15.76,16.04,15.53,15.65,59361586.0,932202088.0,4501985805.0,0.013185644862334256,15.506,15.437999999999999,15.7895,16.74533333333333,38.51851831879287,44345336.15,17.155166666666666,16.153,True,True,17.0,929008820.9,698319328.9505
2025-06-30,16.2,17.0,16.0,16.75,162979039.0,2685242251.0,4501986092.0,0.03620158651525217,15.844,15.547,15.8125,16.705666666666666,61.31805132995624,49664359.1,17.064333333333334,16.064,True,True,16.31,2729898903.25,788714730.703
2025-07-01,16.47,16.58,16.11,16.18,71033309.0,1154842964.0,4501986092.0,0.015778216002538464,15.984,15.606,15.811999999999998,16.65566666666667,50.51546373525347,51913203.8,16.980666666666664,15.9815,False,True,16.75,1149318939.62,825088009.7414999
2025-07-02,16.5,17.8,16.5,17.8,196579461.0,3390677250.0,4501986092.0,0.04366505293059888,16.41,15.847000000000003,15.886499999999998,16.6375,66.79104460166519,60625084.5,16.895,15.917499999999999,False,False,16.75,3499114405.8,981823953.8029999
2025-07-03,18.0,18.47,17.43,18.32,213515007.0,3841653722.0,4501986092.0,0.04742684731510272,16.939999999999998,16.181,15.991,16.6325,70.5679860605935,70111051.05,16.8175,15.857,False,False,17.8,3911594928.2400002,1158093509.141
2025-07-04,18.49,18.78,17.86,18.36,134906844.0,2453301374.0,4501986092.0,0.029966073027130977,17.482,16.494,16.104499999999998,16.659166666666668,74.19354820094809,75083947.1,16.74533333333333,15.7895,False,False,18.32,2476889655.84,1253419333.3795
2025-07-07,18.05,18.56,17.9,18.2,69362257.0,1264944427.0,4501986092.0,0.015407034935815613,17.772,16.808,16.201,16.679,73.01587283558692,76773449.25,16.705666666666666,15.8125,False,False,18.36,1262393077.3999999,1287600991.1605
2025-07-08,18.35,20.02,18.18,20.02,145148665.0,2802186092.0,4501986092.0,0.03224102918885694,18.54,17.262,16.404000000000003,16.726,81.75582974697097,82088341.25,16.65566666666667,15.811999999999998,False,False,18.36,2905876273.2999997,1401891846.4755
2025-07-09,20.0,20.87,19.84,20.27,185737197.0,3791536330.0,4501986092.0,0.0412567238557342,19.034,17.722,16.6105,16.772666666666666,87.09677402253088,89178943.85,16.6375,15.886499999999998,False,False,20.02,3764892983.19,1554688903.62
2025-07-10,20.26,21.64,20.03,20.81,199511741.0,4162005084.0,4501986092.0,0.04431638324128346,19.532,18.236,16.851,16.831,87.60107800183084,97168798.8,16.6325,15.991,False,False,20.27,4151839330.2099996,1730509156.5305
2025-07-11,20.69,20.9,20.26,20.39,125595980.0,2574081967.0,4501986092.0,0.027897904932043936,19.938,18.71,17.074,16.880833333333335,84.74576255717855,100632555.6,16.659166666666668,16.104499999999998,False,False,20.81,2560902032.2000003,1813694705.8945
2025-07-14,20.39,21.03,20.32,20.63,120638995.0,2489058967.0,4501986092.0,0.026796838669576238,20.424,19.098,17.322499999999998,16.937166666666666,84.37917207192146,104177161.6,16.679,16.201,False,False,20.81,2488782466.85,1899182026.112
2025-07-15,20.39,20.91,20.03,20.16,117980586.0,2395339782.0,4501986092.0,0.026206341732074815,20.451999999999998,19.496,17.551000000000002,16.982333333333333,78.89317875102904,108668072.15,16.726,16.404000000000003,False,False,20.81,2378488613.76,1996153885.4875
2025-07-16,19.95,20.84,19.51,20.63,135805205.0,2737191069.0,4501986092.0,0.03016562073377458,20.523999999999997,19.779,17.813,17.038333333333334,80.09708724255351,113897271.55,16.772666666666666,16.6105,False,False,20.81,2801661379.15,2112212227.9635003
2025-07-17,20.85,21.11,20.15,20.79,131708134.0,2705640446.0,4501986092.0,0.029255562169337772,20.520000000000003,20.026,18.1035,17.102666666666664,80.66825762179529,118383189.85,16.831,16.851,False,False,20.81,2738212105.8599997,2217672497.0245004
2025-07-18,21.0,21.49,20.31,20.36,96259574.0,1988256192.0,4501986092.0,0.02138157960351158,20.514000000000003,20.226,18.36,17.1585,73.4111542117048,120175497.25,16.880833333333335,17.074,False,False,20.81,1959844926.6399999,2269659919.4575
2025-07-21,20.34,20.8,20.17,20.53,74915643.0,1539261713.0,4501986092.0,0.01664057628545868,20.494,20.458999999999996,18.6335,17.218833333333333,79.75376181716109,121840969.3,16.937166666666666,17.322499999999998,False,False,20.81,1538018150.7900002,2315231356.891
2025-07-22,20.5,22.0,20.38,21.67,163908704.0,3483401309.0,4501986092.0,0.03640808759744165,20.796,20.624000000000002,18.942999999999998,17.296499999999998,78.33089295803333,127408770.45,16.982333333333333,17.551000000000002,False,False,20.81,3551901615.6800003,2452150662.5810003
2025-07-23,22.1,22.87,21.01,21.18,185971337.0,4066179645.0,4501986092.0,0.041308732012848695,20.906,20.715,19.2185,17.369500000000002,71.02941161846886,134064497.3,17.038333333333334,17.813,False,False,21.67,3938872917.66,2607681005.664
2025-07-24,20.75,22.15,20.65,21.87,137975580.0,2941589183.0,4501986092.0,0.030647713515859525,21.122,20.820999999999998,19.5285,17.45633333333333,73.55704684163777,136444742.2,17.102666666666664,18.1035,False,False,21.67,3017525934.6,2687751873.047
2025-07-25,21.67,21.8,21.05,21.13,90614046.0,1936396012.0,4501986092.0,0.02012757128704164,21.276,20.895000000000003,19.8025,17.531833333333335,68.24408456345988,138007365.2,17.1585,18.36,False,False,21.87,1914674791.98,2737035171.601
2025-07-28,20.7,21.04,20.41,20.6,77917229.0,1611971916.0,4501986092.0,0.01730730113503869,21.29,20.892000000000003,19.994999999999997,17.603333333333335,54.302670510350545,133754274.7,17.218833333333333,18.6335,False,False,21.87,1605094917.4,2680794972.3085003
2025-07-29,20.81,21.35,20.6,21.31,87934086.0,1847465774.0,4501986092.0,0.01953228735118891,21.218,21.006999999999998,20.2515,17.686666666666664,57.222222110956785,134599313.55,17.296499999999998,18.942999999999998,False,False,21.87,1873875372.6599998,2717022793.9605
2025-07-30,21.26,22.6,21.18,21.85,139415852.0,3051582017.0,4501986092.0,0.030967632762735776,21.352,21.128999999999998,20.454,17.773666666666667,57.222222110956814,131741133.1,17.369500000000002,19.2185,False,False,21.87,3046236366.2000003,2694378891.9805
2025-07-31,21.35,21.38,20.01,20.43,152609797.0,3151732016.0,4501986092.0,0.03389832706751063,21.064,21.093,20.5595,17.835833333333333,50.24390235324211,128695872.6,17.45633333333333,19.5285,False,False,21.87,3117818152.71,2654690053.204
2025-08-01,20.12,21.35,20.0,20.58,105181603.0,2182502838.0,4501986092.0,0.023363378040395778,20.954,21.115000000000002,20.6705,17.897166666666667,49.69173850854693,127209610.55,17.531833333333335,19.8025,True,False,21.87,2164637389.74,2639077439.8989997
2025-08-04,20.15,20.26,19.65,20.07,79770689.0,1584394859.0,4501986092.0,0.01771899943044071,20.848,21.069,20.764000000000003,17.956666666666663,49.44785267579509,127730032.15,17.603333333333335,19.994999999999997,True,True,21.87,1600997728.23,2656007672.4405003
2025-08-05,20.11,20.58,19.96,20.55,60041303.0,1215415638.0,4501986092.0,0.01333662560768302,20.696,20.957,20.7905,18.014833333333332,49.50980383662534,123474664.05,17.686666666666664,20.2515,True,True,21.87,1233848776.65,2572406297.608
2025-08-06,20.58,20.65,20.28,20.42,49031257.0,1001775884.0,4501986092.0,0.01089102809249638,20.41,20.881,20.798,18.049333333333333,47.72447716259009,116639367.05,17.773666666666667,20.454,True,True,21.87,1001218267.94,2434222561.8455
2025-08-07,20.38,20.5,19.96,20.14,58049947.0,1170690834.0,4501986092.0,0.012894297275407932,20.352,20.708,20.7645,18.088500000000003,48.621553799410805,109566277.35,17.835833333333333,20.5595,True,True,21.87,1169125932.58,2285086891.9639997
2025-08-08,20.0,20.54,19.94,20.15,61672440.0,1250865398.0,4501986092.0,0.013698940587486826,20.266000000000002,20.61,20.7525,18.137666666666668,47.57033239565412,106370100.35,17.897166666666667,20.6705,True,True,21.87,1242699666.0,2219176773.6540003
2025-08-11,20.29,21.04,20.23,20.88,82702424.0,1707231929.0,4501986092.0,0.01837020868344344,20.428,20.637999999999998,20.765,18.198666666666668,44.669365637601715,104473271.8,17.956666666666663,20.764000000000003,True,True,21.87,1726826613.12,2181078980.9674997
2025-08-12,20.75,20.75,20.14,20.36,70251910.0,1428309771.0,4501986092.0,0.015604648385039924,20.39,20.543,20.775,18.255,44.48924722811162,102086838.0,18.014833333333332,20.7905,False,True,21.87,1430328887.6,2133670994.6595001
2025-08-13,20.29,20.42,20.1,20.18,60454416.0,1220752433.0,4501986092.0,0.013428387996894772,20.342000000000002,20.375999999999998,20.7525,18.3055,37.80663773026074,98319298.55,18.049333333333333,20.798,True,False,21.87,1219970114.8799999,2054586431.4459999
2025-08-14,20.09,20.13,19.51,19.56,83068215.0,1644287720.0,4501986092.0,0.01845145971188398,20.226,20.288999999999998,20.691000000000003,18.345166666666668,38.47283398845525,95887302.6,18.088500000000003,20.7645,True,True,21.87,1624814285.3999999,1998916540.4229999
2025-08-15,19.48,21.17,19.42,20.81,152272725.0,3124532534.0,4501986092.0,0.0338234552235929,20.357999999999997,20.312,20.7135,18.408833333333334,51.394422215202916,98687960.15,18.137666666666668,20.7525,True,True,21.87,3168795407.25,2059364064.4535
2025-08-18,20.99,21.08,20.66,20.79,112507533.0,2348784408.0,4501986092.0,0.02499064428473583,20.339999999999996,20.384,20.726499999999998,18.474666666666668,46.19883031479771,100567554.65,18.198666666666668,20.765,False,True,21.87,2339031611.0699997,2099414737.4675
2025-08-19,20.79,21.06,20.56,20.61,72755277.0,1512681749.0,4501986092.0,0.01616070674436015,20.389999999999997,20.39,20.6735,18.532666666666668,40.43209867807877,96009883.3,18.255,20.775,False,False,21.87,1499486258.97,1996793969.632
2025-08-20,21.15,21.3,20.18,20.77,109344330.0,2261013690.0,4501986092.0,0.024288020390445933,20.508,20.424999999999997,20.653,18.596333333333334,53.25670483800883,92178532.95,18.3055,20.7525,True,False,21.87,2271081734.1,1913404410.454
2025-08-21,20.61,21.11,20.54,20.66,96854771.0,2015043349.0,4501986092.0,0.021513787253165953,20.728,20.476999999999997,20.5925,18.659333333333336,50.772200634978624,90122492.5,18.345166666666668,20.691000000000003,False,True,21.87,2001019568.86,1862579092.1670003
2025-08-22,20.5,21.13,20.44,21.03,100560534.0,2103489636.0,4501986092.0,0.022336926846285778,20.772,20.564999999999998,20.5875,18.7265,59.52380935846561,90619816.9,18.408833333333334,20.7135,False,False,21.85,2114788030.0200002,1872584754.0689998
2025-08-25,21.3,22.0,21.27,21.57,141000590.0,3053199939.0,4501986092.0,0.03131964140239285,20.927999999999997,20.634,20.636,18.8145,59.99999983529412,93773984.95,18.474666666666668,20.726499999999998,False,False,21.85,3041382726.3,1944399144.514
2025-08-26,21.55,22.06,21.25,21.32,87098064.0,1879767778.0,4501986092.0,0.019346586644230796,21.07,20.73,20.6365,18.9,58.62068949795216,93732183.85,18.532666666666668,20.6735,False,False,21.85,1856930724.48,1943551912.105
2025-08-27,21.34,21.9,20.84,20.9,93069820.0,1992749410.0,4501986092.0,0.02067305808993601,21.095999999999997,20.802,20.589,18.976499999999998,57.089552089691445,91414882.25,18.596333333333334,20.653,False,False,21.85,1945159237.9999998,1888498055.6949997
2025-08-28,20.71,22.0,20.7,21.53,119309501.0,2556096854.0,4501986092.0,0.026501525895873426,21.27,20.999000000000002,20.644,19.064833333333333,61.53846139439157,89749867.45,18.659333333333336,20.5925,False,False,21.57,2568733556.53,1861043825.8860002
2025-08-29,21.56,22.25,21.32,22.03,132668049.0,2900030612.0,4501986092.0,0.02946878250818017,21.47,21.121000000000002,20.7165,19.163833333333333,59.99999985391305,91124189.75,18.7265,20.5875,False,False,21.57,2922677119.4700003,1898945812.3725
2025-09-01,21.81,22.79,21.22,22.58,152739419.0,3327435504.0,4501986092.0,0.033927119248861506,21.672000000000004,21.3,20.842,19.269000000000002,69.20415208151242,94772626.25,18.8145,20.636,False,False,22.03,3448856081.0199995,1991338730.0119998
2025-09-02,22.62,23.2,21.69,21.9,152864147.0,3420343738.0,4501986092.0,0.03395482435444183,21.788,21.429,20.909499999999998,19.368,63.69426737392997,99413768.45,18.9,20.6365,False,False,22.58,3347724819.2999997,2097032532.1445
2025-09-03,21.9,22.39,21.53,21.98,112293188.0,2463757945.0,4501986092.0,0.024943033075900494,22.003999999999998,21.55,20.9875,19.465333333333334,71.08013919945611,102576865.0,18.976499999999998,20.589,False,False,22.58,2468204272.2400002,2170381832.3595
2025-09-04,21.99,23.5,21.99,22.97,216959229.0,4992093442.0,4501986092.0,0.048191892326263544,22.292,21.781,21.128999999999998,19.581500000000002,69.70802901899408,110522329.1,19.064833333333333,20.644,False,False,22.58,4983553490.13,2361103210.237
2025-09-05,22.9,24.5,22.77,24.39,213351980.0,5108988387.0,4501986092.0,0.047390635075289345,22.764000000000003,22.116999999999997,21.341,19.7225,76.162790542692,118106306.1,19.163833333333333,20.7165,False,False,22.97,5203654792.2,2559150966.547
2025-09-08,24.4,24.41,23.5,24.08,162742564.0,3872756272.0,4501986092.0,0.036149059698161325,23.064,22.368,21.500999999999998,19.862833333333334,74.75035648409342,122108313.1,19.269000000000002,20.842,False,False,24.39,3918840941.12,2668751682.947
2025-09-09,23.84,24.14,23.37,23.68,104400522.0,2470208404.0,4501986092.0,0.023189881058388664,23.419999999999998,22.604,21.666999999999998,19.997666666666667,70.06896538193578,123815743.7,19.368,20.909499999999998,False,False,24.39,2472204360.96,2720845456.615
2025-09-10,23.06,23.06,22.08,22.26,134808658.0,3029102778.0,4501986092.0,0.029944263541718644,23.476,22.74,21.770999999999997,20.112166666666667,59.34579429546249,127533455.8,19.465333333333334,20.9875,False,False,24.39,3000840727.0800004,2809888987.225
2025-09-11,22.11,22.49,22.02,22.44,77331823.0,1723111697.0,4501986092.0,0.017177268303297993,23.369999999999997,22.831,21.915,20.236499999999996,58.42293897037979,127246636.2,19.581500000000002,21.128999999999998,False,False,24.39,1735326108.1200001,2815414578.361
2025-09-12,22.49,22.64,22.06,22.23,77103703.0,1717882293.0,4501986092.0,0.017126597333788476,22.938,22.851,21.986,20.353166666666663,54.10447751772852,123488185.1,19.7225,21.341,False,False,24.39,1714015317.69,2742675573.883
2025-09-15,22.05,22.59,22.05,22.16,71212381.0,1591216729.0,4501986092.0,0.015817992224930223,22.554,22.809,22.0545,20.4715,55.34351135180545,121423427.5,19.862833333333334,21.500999999999998,False,False,24.39,1578066362.96,2704627311.4775
2025-09-16,22.59,23.0,22.18,22.39,70764837.0,1592914989.0,4501986092.0,0.01571858187784024,22.296,22.858,22.1435,20.586666666666662,59.71316807875042,121323905.5,19.997666666666667,21.666999999999998,False,False,24.39,1584424700.43,2708874233.5505
2025-09-17,22.58,23.29,22.58,22.99,115380524.0,2649574517.0,4501986092.0,0.025628805074504882,22.442,22.959,22.2545,20.708666666666666,59.55497371285736,121625715.2,20.112166666666667,21.770999999999997,False,False,24.39,2652598246.7599998,2727950059.1835
2025-09-18,22.99,23.07,21.85,22.1,105601065.0,2361332867.0,4501986092.0,0.023456550696069986,22.374000000000002,22.872000000000003,22.3265,20.815833333333334,50.435865416425635,122063029.9,20.236499999999996,21.915,False,False,24.39,2333783536.5,2744588257.5655
2025-09-19,22.19,22.29,21.8,21.83,54696345.0,1201519394.0,4501986092.0,0.012149381158061561,22.294,22.616,22.366500000000002,20.918833333333332,45.16129024099896,119769820.45,20.353166666666663,21.986,True,False,24.39,1194021211.35,2698549916.632
2025-09-22,21.8,21.83,21.03,21.28,62231319.0,1323272419.0,4501986092.0,0.013823081130922338,22.118000000000002,22.336000000000002,22.352,20.99433333333333,45.931758445794685,115831356.9,20.4715,22.0545,True,True,24.39,1324282468.3200002,2612694903.733
2025-09-23,21.07,21.36,20.31,20.77,70445301.0,1460641704.0,4501986092.0,0.015647605203663522,21.794,22.045,22.3245,21.070833333333333,42.484471975803395,114998718.75,20.586666666666662,22.1435,True,True,24.39,1463148901.77,2593005812.5975003
2025-09-24,20.61,21.79,20.51,21.74,77342550.0,1645105532.0,4501986092.0,0.01717965102945058,21.544,21.993,22.3665,21.136499999999998,42.341220349591886,114212355.25,20.708666666666666,22.2545,True,True,24.39,1681427036.9999998,2579819202.5475
2025-09-25,21.64,22.42,21.5,21.97,84740926.0,1878949864.0,4501986092.0,0.018823009282632853,21.518,21.945999999999998,22.3885,21.197333333333333,32.309941454336354,112483926.5,20.815833333333334,22.3265,True,True,24.39,1861758144.2199998,2544470431.932
2025-09-26,21.97,22.17,21.68,21.74,43430517.0,949272877.0,4501986092.0,0.00964696827410812,21.5,21.897,22.374,21.253666666666668,32.69230762460171,108022049.9,20.918833333333332,22.366500000000002,True,True,24.39,944179439.5799999,2445545547.9375
2025-09-29,21.51,22.25,21.5,21.89,57040505.0,1249755297.0,4501986092.0,0.012670075791962264,21.622,21.869999999999997,22.3395,21.315166666666666,36.25192004492674,103237104.2,20.99433333333333,22.352,True,True,24.39,1248616654.45,2335533576.609
2025-09-30,21.85,22.49,21.57,22.29,65274779.0,1448445629.0,4501989837.0,0.014499095147557527,21.926,21.86,22.358999999999998,21.353,50.27322391551453,98857635.8,21.070833333333333,22.3245,True,True,24.39,1454974823.9099998,2240896076.8395
2025-10-09,22.46,22.98,22.02,22.7,75636236.0,1705748477.0,4501989837.0,0.01680062344396625,22.118,21.831,22.395,21.393500000000003,52.27272714478702,97024788.2,21.136499999999998,22.3665,True,True,24.39,1716942557.2,2203332991.0875
2025-10-10,22.72,22.9,21.67,21.79,72023559.0,1597762627.0,4501989837.0,0.01599816117043802,22.082,21.799999999999997,22.336,21.409833333333335,46.57320862117991,89778004.7,21.197333333333333,22.3885,False,True,24.39,1569393350.61,2032624984.1114998
2025-10-13,20.7,21.97,20.63,21.9,74152725.0,1590450665.0,4501989837.0,0.016471100043489503,22.113999999999997,21.807,22.2115,21.435,47.98761599507327,82818041.95,21.253666666666668,22.374,True,False,24.39,1623944677.5,1853639478.3765
2025-10-14,21.89,23.99,21.83,23.12,199901597.0,4650648126.0,4501989837.0,0.04440294275146761,22.36,21.991,22.1635,21.476499999999998,54.89932875589388,84675993.6,21.315166666666666,22.3395,True,True,24.08,4621724922.64,1888783677.4525
2025-10-15,23.12,24.9,23.01,24.37,178451951.0,4302862944.0,4501989837.0,0.03963846153835731,22.776,22.351,22.198,21.546666666666667,58.51851841737541,88378565.05,21.353,22.358999999999998,False,True,23.68,4348874045.87,1982617161.698
2025-10-16,24.0,24.99,23.9,24.84,128977581.0,3169297940.0,4501989837.0,0.028649016472668685,23.204,22.661,22.327,21.616833333333332,67.83854154300263,88087011.2,21.393500000000003,22.395,False,False,24.37,3203803112.04,1992765280.9459999
2025-10-17,24.8,25.24,23.5,23.6,117676386.0,2843272523.0,4501989837.0,0.02613874981077617,23.566,22.824,22.384999999999998,21.663666666666664,60.231213775348344,90104239.35,21.409833333333335,22.336,False,False,24.84,2777162709.6000004,2044857111.0199997
2025-10-20,23.98,23.98,22.85,23.03,71314424.0,1652680784.0,4501989837.0,0.015840645266210093,23.792,22.953,22.425,21.708166666666667,60.09227210596403,89814775.4,21.435,22.2115,False,False,24.84,1642371184.72,2041274904.3715
2025-10-21,23.1,23.56,22.67,23.08,67917210.0,1567871825.0,4501989837.0,0.015086042496545956,23.784,23.072,22.470999999999997,21.75066666666667,64.0682093913575,89650016.85,21.476499999999998,22.1635,False,False,24.84,1567529206.8,2040748046.5635002
2025-10-22,22.93,23.07,22.38,22.47,51036604.0,1154450336.0,4501989837.0,0.011336454733982555,23.404000000000003,23.089999999999996,22.475,21.764,54.64968143119803,88663605.2,21.546666666666667,22.198,False,False,24.84,1146792491.8799999,2018866436.1360002
2025-10-23,22.31,22.95,21.61,22.87,76118032.0,1706070619.0,4501989837.0,0.01690764189968117,23.01,23.107,22.469,21.792166666666667,55.61097247150205,86700480.6,21.616833333333332,22.327,True,False,24.84,1740819391.8400002,1973277493.39
2025-10-24,22.8,23.04,22.0,22.21,111289575.0,2489314583.0,4501989837.0,0.024720085790811173,22.732,23.149,22.4745,21.797833333333337,52.78106500130949,86984906.1,21.663666666666664,22.384999999999998,False,True,24.84,2471741460.75,1980175389.6025002
2025-10-27,22.6,23.42,22.51,22.93,112597657.0,2582537349.0,4501989837.0,0.025010642199723827,22.712,23.252000000000002,22.5295,21.82783333333333,55.764966654023326,89879971.7,21.708166666666667,22.425,True,False,24.84,2581864275.0099998,2049567542.7855
2025-10-28,23.11,23.37,22.52,22.61,66617537.0,1523974942.0,4501989837.0,0.014797353928366942,22.618000000000002,23.201,22.596,21.861333333333334,51.78970909115705,90099282.6,21.75066666666667,22.470999999999997,False,True,24.84,1506222511.57,2058664544.948
2025-10-29,22.4,24.87,22.4,24.87,183210400.0,4402599975.0,4501989837.0,0.040695427274017634,23.098,23.250999999999998,22.801000000000002,21.920666666666666,60.055606965636855,95737537.55,21.764,22.475,False,False,24.84,4556442648.0,2213329232.2594995
2025-10-30,24.96,25.68,24.61,24.78,167128226.0,4203238551.0,4501989837.0,0.03712319042269753,23.48,23.244999999999997,22.953,21.9695,64.99498486359784,100226821.35,21.792166666666667,22.469,False,False,24.87,4141437440.28,2336329752.4235
2025-10-31,24.58,26.02,24.57,24.78,105448271.0,2656477342.0,4501989837.0,0.02342259196885877,23.994,23.363,23.0935,22.041999999999998,64.60446238291456,101262188.6,21.797833333333337,22.4745,False,False,24.87,2613008155.38,2373892252.9814997
2025-11-03,25.0,25.46,24.51,25.21,118603906.0,2963795291.0,4501989837.0,0.026344774265202323,24.45,23.581,23.267000000000003,22.119166666666665,61.52149935377057,105020858.05,21.82783333333333,22.5295,False,False,24.87,2990004470.26,2476183504.5155
2025-11-04,25.19,25.27,24.06,24.3,87189102.0,2137770750.0,4501989837.0,0.019366792275590825,24.788000000000004,23.703000000000003,23.3875,22.189666666666668,49.59908354016183,106528287.9,21.861333333333334,22.596,False,False,25.21,2118695178.6000001,2519687430.723
2025-11-05,23.82,25.1,23.6,24.4,109622631.0,2658303840.0,4501989837.0,0.024349817518257537,24.694,23.896,23.493000000000002,22.253833333333333,47.36842097330646,108745680.5,21.920666666666666,22.801000000000002,False,False,25.21,2674792196.3999996,2580678299.3475003
2025-11-06,24.4,25.5,24.08,24.96,127007874.0,3144419696.0,4501989837.0,0.028211497270867785,24.73,24.105,23.606,22.3295,58.85416655938042,111314262.4,21.9695,22.953,False,False,25.21,3170116535.04,2653336998.2394996
2025-11-07,24.8,27.46,24.75,26.65,306178029.0,8189760849.0,4501989837.0,0.06800948915602806,25.104000000000003,24.549,23.849,22.438,70.56818170591424,123021985.9,22.041999999999998,23.0935,False,False,25.21,8159644472.849999,2982849554.3515
2025-11-10,27.2,27.67,26.41,27.16,230594152.0,6265343933.0,4501989837.0,0.051220495902687666,25.494,24.972,24.112000000000002,22.55483333333333,72.03023747209252,130844057.25,22.119166666666665,23.267000000000003,False,False,26.65,6262937168.32,3214799178.8925
2025-11-11,26.9,27.75,26.55,26.72,142180595.0,3860638237.0,4501989837.0,0.03158172278210765,25.977999999999998,25.383000000000003,24.292,22.652166666666666,73.37733762076097,127958007.15,22.189666666666668,23.3875,False,False,27.16,3799065498.3999996,3173666207.6804996
2025-11-12,26.45,26.6,24.05,25.1,229430468.0,5714663879.0,4501989837.0,0.05096201375542998,26.118000000000002,25.406,24.328500000000002,22.73116666666667,60.8147428854116,130506933.0,22.253833333333333,23.493000000000002,False,False,27.16,5758704746.8,3244157742.727
2025-11-13,25.09,26.3,25.09,25.62,162522265.0,4173883395.0,4501989837.0,0.03610009593186916,26.25,25.490000000000002,24.3675,22.821833333333334,66.76499499167062,132184167.2,22.3295,23.606,False,False,27.16,4163820429.3,3292158608.59
2025-11-14,25.17,27.2,24.84,25.76,146806654.0,3816426846.0,4501989837.0,0.032609281521130185,26.071999999999996,25.588,24.475500000000004,22.925166666666666,64.75495298158819,133640680.6,22.438,23.849,False,False,27.16,3781739407.0400004,3342387443.4620004
2025-11-17,25.46,25.59,24.59,25.22,108617823.0,2718315435.0,4501989837.0,0.02412662554395722,25.683999999999997,25.589,24.585,22.99866666666667,63.30275220323765,135505850.55,22.55483333333333,24.112000000000002,False,False,27.16,2739341496.06,3397235959.0290003
2025-11-18,25.08,25.68,24.63,24.88,62532238.0,1561000152.0,4501989837.0,0.013889910964719044,25.316,25.647,24.675,23.06683333333333,50.063371267314665,135236601.95,22.652166666666666,24.292,False,False,27.16,1555802081.4399998,3396649602.761
2025-11-19,24.83,25.96,24.2,25.91,114984333.0,2890244661.0,4501989837.0,0.025540780224555623,25.478,25.798000000000002,24.847,23.155166666666666,56.39864090718221,138433988.4,22.73116666666667,24.328500000000002,False,False,27.16,2979244068.03,3488272181.5684996
2025-11-20,25.6,25.66,24.4,24.59,101943597.0,2552470614.0,4501989837.0,0.022644119753929156,25.272,25.761000000000003,24.933,23.218833333333336,49.064039341192455,139725266.65,22.821833333333334,24.3675,False,False,27.16,2506793050.23,3526570864.488
2025-11-21,24.0,24.0,22.9,22.97,85843854.0,2015144903.0,4501989837.0,0.019067980406016184,24.714,25.393,24.971,23.25733333333333,40.12345674058832,138452980.6,22.925166666666666,24.475500000000004,True,False,27.16,1971833326.3799999,3501575457.7695
2025-11-24,23.13,23.3,22.22,22.72,63164414.0,1431557128.0,4501989837.0,0.014030332427869495,24.214,24.949,24.9605,23.2855,42.60299619883502,135981318.45,22.99866666666667,24.585,True,True,27.16,1435095486.08,3444237018.3230004
2025-11-25,22.94,23.19,22.71,22.73,54218947.0,1241998133.0,4501989837.0,0.012043329497191843,23.784,24.55,24.9665,23.30483333333333,42.11520296604223,135361388.95,23.06683333333333,24.675,True,True,27.16,1232396665.31,3430545726.01
2025-11-26,23.4,23.65,22.77,22.86,54052495.0,1249336394.0,4501989837.0,0.012006356512794589,23.174,24.326,24.866,23.330500000000004,39.665354276051666,128903493.7,23.155166666666666,24.847,True,True,27.16,1235640035.7,3264505595.395
2025-11-27,22.86,23.69,22.74,23.0,65401132.0,1515990816.0,4501989837.0,0.014527161181594644,22.856,24.064,24.777,23.3655,28.80371656175936,123817139.0,23.218833333333336,24.933,True,True,27.16,1504226036.0,3132645025.1809998
2025-11-28,22.8,23.27,22.56,22.88,45939802.0,1049010393.0,4501989837.0,0.01020433267584029,22.838,23.776,24.682,23.387999999999998,23.96593669884149,120841715.55,23.25733333333333,24.971,True,True,27.16,1051102669.76,3054549750.9
2025-12-01,23.18,23.65,22.75,23.32,70064404.0,1625564452.0,4501989837.0,0.015562985821107263,22.958,23.586000000000002,24.5875,23.409499999999998,29.318734743252776,118414740.45,23.2855,24.9605,True,True,27.16,1633901901.28,2986744622.4509997
2025-12-02,22.91,22.94,22.29,22.35,67267103.0,1516488634.0,4501989837.0,0.014941638127913881,22.881999999999998,23.333000000000002,24.49,23.405666666666665,31.836195449708512,117418640.5,23.30483333333333,24.9665,True,True,27.16,1503419752.0500002,2955980851.1235
2025-12-03,22.4,22.45,21.73,22.02,47392858.0,1042268695.0,4501989837.0,0.010527091289833135,22.714,22.944,24.371000000000002,23.407666666666668,25.60975604897881,114307151.85,23.330500000000004,24.866,True,True,27.16,1043590733.16,2874420777.9614997
2025-12-04,21.88,21.99,21.6,21.72,36648391.0,796543748.0,4501989837.0,0.008140487279380769,22.458,22.657000000000004,24.209,23.403333333333332,23.209549028523412,109789177.7,23.3655,24.777,True,True,27.16,796003052.52,2755715103.8355002
2025-12-05,21.72,21.94,21.56,21.84,39193551.0,854518155.0,4501989837.0,0.0087058284045611,22.25,22.544,23.9685,23.3845,26.264044892177466,96439953.8,23.387999999999998,24.682,True,True,27.16,855987153.84,2390532237.8849998
2025-12-08,21.6,21.94,21.54,21.89,49017277.0,1067908847.0,4501989837.0,0.01088791373919754,21.964000000000002,22.461,23.705000000000002,23.342833333333335,28.11127373447181,87361110.05,23.409499999999998,24.5875,True,True,27.16,1072988193.53,2131034789.1454997
2025-12-09,21.83,22.7,21.41,22.68,120124975.0,2649985233.0,4501989837.0,0.026682640198949874,22.03,22.456,23.503,23.319499999999998,25.493171417768707,86258329.05,23.405666666666665,24.49,True,True,26.72,2724434433.0,2077303235.8755002
2025-12-10,22.18,22.21,21.56,22.0,99070261.0,2165289479.0,4501989837.0,0.022005882862236235,22.026,22.37,23.348,23.291499999999996,28.2352940512111,79740318.7,23.407666666666668,24.371000000000002,True,True,25.91,2179545742.0,1898345285.6355
2025-12-11,21.87,22.04,21.23,21.26,63744352.0,1379965455.0,4501989837.0,0.014159150577398338,21.934,22.196,23.130000000000003,23.274833333333333,33.13609458305618,74801423.05,23.403333333333332,24.209,True,True,25.91,1355204923.52,1757914510.3465
2025-12-12,21.24,21.75,21.05,21.62,54352738.0,1164296603.0,4501989837.0,0.012073047689556568,21.89,22.07,22.923,23.261166666666668,39.38223927580093,70178727.25,23.3845,23.9685,True,True,25.91,1175106195.56,1627582849.7725
2025-12-15,21.4,22.04,21.36,21.74,57180697.0,1243793555.0,4501989837.0,0.012701205260406278,21.86,21.912,22.749000000000002,23.253,40.64272200964117,67606870.95,23.342833333333335,23.705000000000002,True,True,25.91,1243108352.78,1552771192.6085
2025-12-16,21.73,21.88,20.8,20.8,62844754.0,1328835824.0,4501989837.0,0.013959328269358775,21.484,21.756999999999998,22.545,23.23033333333333,33.11475402235959,67622496.75,23.319499999999998,23.503,True,True,25.91,1307170883.2,1540339632.6965
2025-12-17,20.8,21.25,20.8,21.18,65552496.0,1381040044.0,4501989837.0,0.01456078275904824,21.32,21.673,22.3085,23.21016666666667,35.64668761844578,65150904.9,23.291499999999996,23.348,True,True,25.91,1388401865.28,1460797522.559
2025-12-18,20.94,21.2,20.75,20.76,44104407.0,923220847.0,4501989837.0,0.009796647393009209,21.220000000000002,21.576999999999998,22.117,23.173000000000002,34.0361445065503,62258945.4,23.274833333333333,23.130000000000003,True,True,24.59,915607489.32,1381238244.5135
2025-12-19,20.72,21.21,20.68,20.8,58217546.0,1219971577.0,4501989837.0,0.012931514309857825,21.056,21.473000000000003,22.008499999999998,23.151333333333334,29.807692240816053,60877630.0,23.261166666666668,22.923,True,True,23.32,1210924956.8,1343192826.0345001
2025-12-22,20.81,21.08,20.75,20.84,50457556.0,1053559213.0,4501989837.0,0.011207834274815578,20.876,21.368000000000002,21.9145,23.134833333333333,35.7815441617812,60242287.1,23.253,22.749000000000002,True,True,23.32,1051535467.04,1324014825.0825
2025-12-23,20.81,21.13,20.42,20.86,63904378.0,1329040883.0,4501989837.0,0.01419469619295811,20.888,21.186,21.821,23.127833333333335,38.399999892479975,60726558.65,23.23033333333333,22.545,True,True,23.32,1333045325.08,1329047258.071
2025-12-24,20.7,21.09,20.49,21.04,51248103.0,1069848129.0,4501989837.0,0.011383433738302329,20.86,21.09,21.729999999999997,23.132333333333335,43.03278676179117,60586339.05,23.21016666666667,22.3085,True,True,23.32,1078260087.12,1321178260.642
2025-12-25,20.92,21.42,20.78,21.38,59406312.0,1257249904.0,4501989837.0,0.01319556777133613,20.983999999999998,21.102,21.648999999999997,23.126333333333335,45.49019595355631,60286598.05,23.173000000000002,22.117,True,True,23.32,1270106950.56,1309472306.3700001
2025-12-26,21.98,22.3,21.71,21.8,103553893.0,2273115883.0,4501989837.0,0.02300180514601193,21.184,21.119999999999997,21.595,23.1235,49.17733076993005,63167302.6,23.151333333333334,22.008499999999998,True,True,23.32,2257474867.4,1369790916.252
2025-12-29,21.7,22.12,21.47,21.51,62258900.0,1350657404.0,4501989837.0,0.013829196034233517,21.318,21.097,21.5045,23.119666666666667,38.229376149856876,62777027.4,23.134833333333333,21.9145,False,True,23.32,1339188939.0,1355055268.138
2025-12-30,21.29,21.44,20.95,21.01,64275795.0,1353871264.0,4501989837.0,0.014277196823445427,21.348,21.118000000000002,21.437500000000004,23.105,39.66597065650864,62627462.0,23.127833333333335,21.821,False,False,22.68,1350434452.95,1347406003.183
2025-12-31,20.92,21.04,20.5,20.52,54150453.0,1119216240.0,4501990089.0,0.01202811466251542,21.244,21.052,21.3625,23.075499999999998,41.8502201352636,62965341.75,23.132333333333335,21.729999999999997,True,False,22.68,1111167295.56,1350784831.303
2026-01-05,20.72,21.12,20.59,21.11,64867222.0,1358080816.0,4501990089.0,0.014408566149111308,21.190000000000005,21.087,21.332,23.048999999999996,44.65408791925422,64376283.3,23.126333333333335,21.648999999999997,True,True,22.68,1369347056.42,1379452031.498
2026-01-06,21.11,21.63,21.0,21.59,71351669.0,1529812440.0,4501990089.0,0.01584891738752115,21.148,21.166,21.319499999999998,23.045666666666666,48.53801156344404,65984189.2,23.1235,21.595,True,True,22.68,1540482533.71,1413676800.4915001
2026-01-07,21.56,22.0,21.38,21.65,65022064.0,1404587205.0,4501990089.0,0.014442960271918982,21.176,21.247,21.307499999999997,23.0415,59.99999980235293,66784428.55,23.119666666666667,21.5045,False,True,22.68,1407727685.6,1430413775.095
2026-01-08,21.4,21.9,21.26,21.66,76938950.0,1665540339.0,4501990089.0,0.017089986534619402,21.306,21.327,21.2565,23.017166666666665,56.18556680757786,64625127.3,23.105,21.437500000000004,False,False,22.68,1666497657.0,1377516936.295
2026-01-09,21.0,21.26,20.7,20.83,157342481.0,3290765405.0,4501990089.0,0.03494953962347561,21.368,21.306,21.198,22.958166666666667,50.81585065001816,67538738.3,23.075499999999998,21.3625,False,False,22.0,3277443879.2299995,1432411843.1565
2026-01-12,20.53,21.59,20.52,21.27,121943348.0,2583880466.0,4501990089.0,0.027086542970841267,21.4,21.294999999999998,21.198500000000003,22.898666666666664,55.010660816599284,70448688.1,23.048999999999996,21.332,True,False,21.8,2593735011.96,1494338347.5785
2026-01-13,21.22,21.26,20.38,20.45,120993682.0,2499282150.0,4501990089.0,0.026875599370072268,21.172,21.160000000000004,21.14,22.846166666666665,46.43510042959938,73780735.3,23.045666666666666,21.319499999999998,False,True,21.8,2474320796.9,1559299077.6455
2026-01-14,20.65,21.05,20.33,20.57,110864727.0,2299402012.0,4501990089.0,0.024625715474337197,20.956,21.066,21.0815,22.805166666666665,47.396768283024294,76464936.8,23.0415,21.307499999999997,True,False,21.8,2280487434.39,1611168031.726
2026-01-15,20.45,20.65,19.88,20.02,97305891.0,1962152979.0,4501990089.0,0.021613972726806686,20.628,20.967,21.042499999999997,22.754166666666666,41.41414131653234,78187993.65,23.017166666666665,21.2565,True,True,21.8,1948063937.82,1643212684.457
2026-01-16,20.15,20.32,19.9,20.02,70378983.0,1409732847.0,4501990089.0,0.015632860492510073,20.466,20.916999999999998,20.984499999999997,22.713333333333335,37.85714276250002,78429318.0,22.958166666666667,21.198,True,True,21.8,1408987239.66,1644241953.176
2026-01-19,19.0,19.49,18.88,19.27,99396586.0,1910048972.0,4501990089.0,0.0220783662413789,20.066,20.733,20.91,22.653333333333332,28.667790826079425,81193926.95,22.898666666666664,21.198500000000003,True,True,21.8,1915372212.22,1694230189.3209999
2026-01-20,19.26,19.44,18.5,18.59,91503966.0,1722217722.0,4501990089.0,0.020325225998070826,19.694,20.433,20.7995,22.593,26.898734117629388,82858247.95,22.846166666666665,21.14,True,True,21.8,1701058727.94,1718736877.8779998
2026-01-21,18.51,18.69,18.3,18.49,52780389.0,977829765.0,4501990089.0,0.011723790580739326,19.278,20.116999999999997,20.682,22.519000000000002,28.716216148306245,82974389.6,22.805166666666665,21.0815,True,True,21.8,975909392.6099999,1714955574.1564999
2026-01-22,18.47,19.16,18.46,18.82,76904810.0,1448974200.0,4501990089.0,0.017082403221612245,19.038,19.833,20.58,22.45583333333333,35.24305546989537,83624411.2,22.754166666666666,21.042499999999997,True,True,21.8,1447348524.2,1720670734.1125
2026-01-23,19.0,20.5,18.95,20.28,187635144.0,3758030271.0,4501990089.0,0.041678266786606424,19.09,19.778,20.542,22.37933333333333,43.74057305997467,90443763.25,22.713333333333335,20.984499999999997,True,True,21.8,3805240720.32,1857019765.7724998
2026-01-26,20.36,20.5,19.55,19.6,101083414.0,2006558621.0,4501990089.0,0.022453051206617173,19.156,19.611,20.453,22.293,35.43191793615715,92527618.35,22.653333333333332,20.91,True,True,21.8,1981234914.4,1892576163.9645
2026-01-27,19.48,19.78,18.75,19.5,92994656.0,1790032050.0,4501990089.0,0.020656344008224227,19.338,19.516000000000002,20.338,22.205,34.35225611631276,91999656.5,22.593,20.7995,True,True,21.8,1813395792.0,1870372210.1945
2026-01-28,19.4,19.59,18.88,19.02,88527480.0,1693629821.0,4501990089.0,0.01966407705256945,19.444,19.360999999999997,20.213500000000003,22.101833333333335,32.01634871277538,93313085.5,22.519000000000002,20.682,True,True,21.66,1683792669.6,1887602396.7245002
2026-01-29,19.0,19.44,18.81,19.06,73383555.0,1401468622.0,4501990089.0,0.016300248012385173,19.491999999999997,19.265,20.116,22.014499999999998,36.488549540329835,93768473.5,22.45583333333333,20.58,True,True,21.66,1398690558.3,1890015201.9919999
2026-01-30,18.8,19.0,18.01,18.2,93786610.0,1722820701.0,4501990089.0,0.02083225599033521,19.076,19.083,20.0,21.911166666666666,27.977044420132202,95750281.35,22.37933333333333,20.542,True,True,21.66,1706916302.0,1919802652.314
2026-02-02,18.5,18.58,17.79,17.84,56452282.0,1027163457.0,4501990089.0,0.012539406103521522,18.724,18.939999999999998,19.836499999999997,21.7925,29.953916986274237,95329534.35,22.293,20.453,True,True,21.66,1007108710.88,1901690735.037
2026-02-03,18.2,18.69,18.02,18.66,81040885.0,1493056997.0,4501990089.0,0.01800112470216502,18.556,18.947000000000003,19.69,21.659333333333333,36.754507556926065,95813995.15,22.205,20.338,True,True,21.66,1512222914.1,1900277754.0565002
2026-02-04,18.68,19.58,18.6,19.56,128378622.0,2462656694.0,4501990089.0,0.028515971706307326,18.663999999999998,19.054,19.585500000000003,21.532666666666668,46.9576718707133,98981823.05,22.101833333333335,20.213500000000003,True,True,21.66,2511085846.3199997,1955445662.0925
2026-02-05,19.34,19.34,18.3,18.37,104996215.0,1961700343.0,4501990089.0,0.023322178175501532,18.526,19.009,19.421,21.393500000000003,40.571428506514295,100384686.3,22.014499999999998,20.116,True,True,21.66,1928780469.5500002,1968559802.7199998
2026-02-06,18.19,18.81,18.02,18.57,60267308.0,1114630255.0,4501990089.0,0.013386814899316408,18.6,18.838,19.308,21.284666666666666,45.73170723899465,95530927.65,21.911166666666666,20.0,True,True,21.27,1119163909.56,1860645804.2365003
2026-02-09,18.8,19.49,18.79,19.08,97431034.0,1874722935.0,4501990089.0,0.021641769989245305,18.848,18.785999999999998,19.1985,21.175666666666665,53.051058438018075,94305311.95,21.7925,19.836499999999997,True,True,21.27,1858984128.7199998,1823908260.0744998
2026-02-10,18.92,19.18,18.79,18.85,49363887.0,934069447.0,4501990089.0,0.010964903525801609,18.886000000000003,18.720999999999997,19.1185,21.0605,52.20588226337228,90723822.2,21.659333333333333,19.69,True,True,20.57,930509269.95,1746717683.727
2026-02-11,18.75,18.96,18.64,18.67,33688038.0,631471645.0,4501990089.0,0.007482921404538881,18.708,18.686,19.0235,20.95133333333333,49.06367032623079,86864987.75,21.532666666666668,19.585500000000003,True,True,20.57,628955669.46,1664141095.4805
2026-02-12,18.67,18.73,18.41,18.42,37580046.0,695474963.0,4501990089.0,0.008347429749306141,18.718,18.622,18.9435,20.843666666666664,36.323529336980954,83878695.5,21.393500000000003,19.421,True,True,20.28,692224447.32,1601349120.9555001
2026-02-13,18.33,18.36,18.0,18.01,54526794.0,989423355.0,4501990089.0,0.012111709026909855,18.606,18.603,18.843,20.712,37.825421052135376,83086086.05,21.284666666666666,19.308,True,True,20.28,982027559.94,1580001136.9695
2026-02-24,18.23,18.36,18.07,18.16,39867050.0,726796663.0,4501990089.0,0.008855428202165462,18.422000000000004,18.635,18.7875,20.604833333333332,39.817629094612926,80109609.25,21.175666666666665,19.1985,True,True,20.28,723985628.0,1520431807.7584999
2026-03-11,18.73,19.15,18.43,18.62,162512375.0,3059711251.0,4501990089.0,0.03609789710489965,18.376,18.631,18.789,20.532333333333334,46.95121941199435,83660029.7,21.0605,19.1185,True,True,20.28,3025980422.5,1586677892.4865
2026-03-12,18.63,19.87,18.0,19.55,187955752.0,3549935392.0,4501990089.0,0.04174948151468487,18.552000000000003,18.630000000000003,18.842000000000002,20.479499999999998,53.288590503887235,90418797.85,20.95133333333333,19.0235,True,True,20.28,3674534951.6,1721609170.436
2026-03-13,19.5,19.74,19.1,19.32,111005932.0,2153374971.0,4501990089.0,0.024657080492297815,18.732,18.725,18.867,20.422666666666668,58.211143575519664,92123853.95,20.843666666666664,18.9435,False,True,20.28,2144634606.24,1756473474.538
2026-03-16,19.33,19.43,18.7,18.79,78191053.0,1481434815.0,4501990089.0,0.017368108648450648,18.887999999999998,18.747000000000003,18.792499999999997,20.354833333333332,56.79542191772019,86651649.4,20.712,18.843,False,False,20.28,1469209885.87,1639671932.8154998
2026-03-17,18.8,19.27,18.36,18.44,76600284.0,1443158926.0,4501990089.0,0.017014760691535586,18.944000000000003,18.683,18.7345,20.278833333333335,48.31288333184351,85427492.9,20.604833333333332,18.7875,True,False,19.6,1412509236.96,1611235648.9435
2026-03-18,18.35,18.58,18.12,18.35,50134411.0,915039132.0,4501990089.0,0.011136055390814078,18.89,18.633000000000003,18.677,20.203333333333333,39.40455331844768,83284480.65,20.532333333333334,18.789,True,True,19.56,919966441.85,1566564181.4359999
2026-03-19,18.01,18.36,18.0,18.1,51643765.0,937855944.0,4501990089.0,0.01147131912311058,18.6,18.576,18.631,20.116333333333333,47.16981118231082,81440294.9,20.479499999999998,18.842000000000002,True,True,19.56,934752146.5000001,1529112155.281
2026-03-20,18.11,18.99,18.03,18.46,87184513.0,1610181149.0,4501990089.0,0.019365771864541304,18.428,18.580000000000002,18.601,20.051499999999997,48.88438119992266,82130342.8,20.422666666666668,18.867,True,True,19.56,1609426109.98,1539648932.865
2026-03-23,18.3,18.64,17.93,17.94,79911148.0,1462546565.0,4501990089.0,0.017750183012453097,18.258,18.573,18.588,19.9835,38.46153835253817,81436569.7,20.354833333333332,18.792499999999997,True,True,19.56,1433605995.1200001,1525983417.5210001
2026-03-24,18.07,18.26,17.02,17.42,90310935.0,1571234722.0,4501990089.0,0.02006022519255706,18.054000000000002,18.499000000000002,18.567,19.911833333333334,36.328871795677976,83129502.35,20.278833333333335,18.7345,True,True,19.56,1573216487.7,1554288806.362
2026-03-25,17.3,17.59,17.21,17.45,51355433.0,894074767.0,4501990089.0,0.011407273668922554,17.874000000000002,18.381999999999998,18.5065,19.83866666666667,37.99212587954923,81645229.75,20.203333333333333,18.677,True,True,19.56,896152305.8499999,1523485275.9495
2026-03-26,17.4,17.4,16.71,16.76,65064117.0,1106417382.0,4501990089.0,0.014452301252056354,17.606,18.103,18.3665,19.75316666666667,34.963768027265786,78479504.5,20.116333333333333,18.631,True,True,19.56,1090474600.92,1452454713.6795
2026-03-27,16.49,17.15,16.46,16.98,46224599.0,777396504.0,4501990089.0,0.010267592350534826,17.310000000000002,17.869000000000003,18.297,19.658166666666666,40.337710963465646,75540923.7,20.051499999999997,18.601,True,True,19.55,784893691.02,1395260374.753
2026-03-30,16.75,17.05,16.46,16.75,39026223.0,650117378.0,4501990089.0,0.00866866035430759,17.072000000000003,17.665,18.206,19.570666666666668,36.968576614129354,74478869.45,19.9835,18.588,True,True,19.55,653689235.25,1371986641.0375
2026-03-31,16.72,16.85,16.48,16.52,33302675.0,554495240.0,4501990405.0,0.007397322518282888,16.892,17.473000000000003,18.078,19.491666666666667,29.729729649379067,71272451.5,19.911833333333334,18.567,True,True,19.55,550160191.0,1306545444.1515
2026-04-01,16.7,16.86,16.48,16.69,36289447.0,604515628.0,4501990405.0,0.008060756184574764,16.740000000000002,17.307000000000002,17.97,19.409499999999998,17.64705876763371,70618729.5,19.83866666666667,18.5065,True,True,19.55,605670870.4300001,1290303524.1755
2026-04-02,16.8,16.8,16.07,16.21,51730269.0,847739692.0,4501990405.0,0.011490532930178468,16.630000000000003,17.118000000000002,17.847,19.317333333333334,16.702355410314098,71520841.05,19.75316666666667,18.3665,True,True,19.55,838547660.49,1300783123.727
2026-04-03,16.11,16.19,15.6,15.61,47569548.0,750811152.0,4501990405.0,0.010566337046646815,16.356,16.833000000000002,17.7065,19.230833333333337,16.455696153928287,72020316.15,19.658166666666666,18.297,True,True,19.55,742560644.28,1303299933.575
2026-04-07,15.59,15.74,15.49,15.64,26562967.0,415533307.0,4501990405.0,0.005900271793226978,16.134,16.603,17.588,19.1385,18.325791797158104,70622124.8,19.570666666666668,18.206,True,True,19.55,415444803.88,1274970795.772
2026-04-08,15.89,16.4,15.76,16.4,54829815.0,886408069.0,4501990405.0,0.012179016405522526,16.11,16.500999999999998,17.5,19.065833333333334,30.844793628324695,71370263.05,19.491666666666667,18.078,True,True,19.55,899208965.9999999,1283731962.6720002
2026-04-09,16.2,16.2,15.96,16.02,33332746.0,534652126.0,4501990405.0,0.007404002008307257,15.975999999999999,16.358,17.369999999999997,18.98616666666667,30.0766282718251,64911281.6,19.409499999999998,17.97,True,True,19.55,533990590.91999996,1159132471.093
2026-04-10,16.15,16.49,16.11,16.29,36534486.0,596652100.0,4501990405.0,0.008115185221057796,15.991999999999999,16.311,17.207,18.910333333333334,28.84990245538036,57340218.3,19.317333333333334,17.847,True,True,19.55,595146776.9399999,1005163062.3599999
2026-04-13,16.26,17.92,16.18,17.57,146997012.0,2539619470.0,4501990405.0,0.03265156048239068,16.383999999999997,16.369999999999997,17.1195,18.8555,46.85908308047076,59139772.3,19.230833333333337,17.7065,True,True,19.32,2582737500.84,1027068207.0900002
2026-04-14,17.5,17.79,17.4,17.62,100428111.0,1763224718.0,4501990405.0,0.022307491124028727,16.779999999999998,16.457,17.061,18.7985,51.84501831626748,60251625.2,19.1385,17.588,False,True,18.79,1769543315.8200002,1042084878.5875002
2026-04-15,17.57,17.68,17.29,17.34,52133933.0,911954109.0,4501990405.0,0.01158019638204893,16.968,16.539,17.006,18.731166666666663,49.029982242254015,59028307.65,19.065833333333334,17.5,False,False,18.46,904002398.22,1016659536.6504999
2026-04-16,17.49,17.98,17.42,17.59,66446662.0,1172708303.0,4501990405.0,0.014759396627367978,17.282,16.628999999999998,16.968,18.660999999999998,57.93499028468643,59843920.2,18.98616666666667,17.369999999999997,False,False,18.46,1168796784.58,1029101053.7870001
2026-04-17,17.41,17.65,17.32,17.61,44699258.0,782191667.0,4501990405.0,0.009928776825102984,17.546,16.769,16.9435,18.596,56.26242529072087,59496694.85,18.910333333333334,17.207,False,False,18.46,787153933.38,1021721143.1310002
2026-04-20,17.8,18.71,17.6,18.24,102863376.0,1867685003.0,4501990405.0,0.022848421863751172,17.68,17.032,16.932499999999997,18.549833333333332,63.720073500537545,60280638.0,18.8555,17.1195,False,False,18.46,1876227978.2399998,1035061236.544
2026-04-21,18.26,18.79,18.2,18.24,73226655.0,1347521878.0,4501990405.0,0.016265395616719445,17.804,17.292,16.947499999999998,18.511833333333335,66.53846135931951,59946413.35,18.7985,17.061,False,False,18.24,1335654187.1999998,1030163646.148
2026-04-22,18.2,18.57,17.88,18.47,68038972.0,1246917844.0,4501990405.0,0.015113086852525178,18.029999999999998,17.499000000000002,17.0,18.467833333333335,66.92015191314024,58832815.2,18.731166666666663,17.006,False,False,18.24,1256679812.84,1014336812.4050001
2026-04-23,18.61,18.83,18.09,18.33,78106156.0,1438744865.0,4501990405.0,0.01734924977033575,18.177999999999997,17.729999999999997,17.044,18.4135,71.54471524357191,60170351.35,18.660999999999998,16.968,False,False,18.47,1431685839.4799998,1041113489.0864999
2026-04-24,18.1,18.24,17.79,17.85,61548697.0,1105570751.0,4501990405.0,0.013671441176694377,18.226,17.886,17.0985,18.350166666666667,73.33333311944448,59994580.35,18.596,16.9435,False,False,18.47,1098644241.45,1041521971.1130002
2026-04-27,17.64,17.9,17.52,17.62,47139329.0,833623346.0,4501990405.0,0.010470775092644827,18.101999999999997,17.891,17.1305,18.282833333333333,69.79999980456002,60040316.85,18.549833333333332,16.932499999999997,False,False,18.47,830594976.98,1043807035.411
2026-04-28,17.55,17.72,17.13,17.23,48414829.0,840063701.0,4501990405.0,0.010754094221575757,17.9,17.852,17.1545,18.222833333333334,58.963282759074325,60509747.15,18.511833333333335,16.947499999999998,False,False,18.47,834187503.6700001,1052831948.832
2026-04-29,17.01,17.46,16.81,17.33,53082884.0,913763746.0,4501990405.0,0.011790981149370086,17.672,17.851,17.195,18.15716666666667,65.05747105498745,61498757.6,18.467833333333335,17.0,False,False,18.47,919926379.7199999,1071320258.268
2026-04-30,17.1,17.72,17.1,17.37,59071215.0,1029495072.0,4501990405.0,0.013121133029158466,17.48,17.829,17.229000000000003,18.105833333333337,63.106795902064306,62637846.0,18.4135,17.044,False,False,18.47,1026067004.5500001,1092340064.974
2026-05-06,17.37,17.52,17.19,17.36,56652581.0,982816837.0,4501990405.0,0.01258389643324884,17.381999999999998,17.804000000000002,17.286499999999997,18.052333333333333,46.315789246168045,62883961.6,18.350166666666667,17.0985,False,False,18.47,983488806.16,1099587122.2575
2026-05-07,17.59,17.88,17.39,17.49,83390089.0,1467555652.0,4501990405.0,0.018522937967034605,17.355999999999998,17.729,17.3805,18.010166666666667,47.78156973756242,64674988.65,18.282833333333333,17.1305,False,False,18.47,1458492656.61,1135383722.874
2026-05-08,17.46,17.46,17.06,17.22,61125579.0,1051610430.0,4501990405.0,0.013577456525032287,17.354,17.627,17.4595,17.9635,47.94520524957776,66403119.25,18.222833333333334,17.1545,False,False,18.47,1052582470.3799999,1167240606.199
2026-05-11,17.12,17.45,17.11,17.22,63156535.0,1091860170.0,4501990405.0,0.014028580542920993,17.332,17.502,17.5005,17.929333333333332,43.07116082284782,66819455.25,18.15716666666667,17.195,True,False,18.47,1087555532.6999998,1176657934.534
2026-05-12,17.22,17.4,16.7,16.99,72911719.0,1240976267.0,4501990405.0,0.01619544078082059,17.256,17.368000000000002,17.549,17.90266666666667,39.23611092038,68798403.9,18.105833333333337,17.229000000000003,True,True,18.47,1238770105.81,1211896910.2785
2026-05-13,16.86,17.28,16.82,17.21,54257466.0,929826762.0,4501990742.0,0.012051883068932352,17.226,17.304000000000002,17.595,17.881333333333334,29.149797405628746,69684552.9,18.052333333333333,17.286499999999997,True,True,18.47,933770989.86,1228828120.9245
2026-05-14,17.3,17.84,16.91,16.94,87390244.0,1518136739.0,4501990742.0,0.019411466839484675,17.116,17.236,17.563499999999998,17.85,26.277372128509853,66704214.5,18.010166666666667,17.3805,True,True,18.47,1480390733.3600001,1173710782.5505002
2026-05-15,16.83,16.9,16.1,16.25,86166547.0,1404649487.0,4501990742.0,0.01913965441912941,16.922,17.137999999999998,17.494999999999997,17.782833333333333,15.31249993300787,65991136.3,17.9635,17.4595,True,True,18.47,1400206388.75,1155243936.197
2026-05-18,16.1,16.22,15.91,16.07,43988501.0,705786302.0,4501990742.0,0.009770899924253998,16.692,17.012,17.431499999999996,17.724,15.123456724775238,65583864.7,17.929333333333332,17.5005,True,True,18.47,706895211.07,1145388576.8395
2026-05-19,16.08,16.18,15.81,16.11,45061741.0,719599460.0,4501990742.0,0.01000929224034375,16.516,16.886,17.357499999999998,17.6675,18.928571333928588,64514618.65,17.90266666666667,17.549,True,True,18.47,725944647.51,1123245969.9859998
2026-05-20,16.02,16.47,15.83,16.15,54038696.0,872474846.0,4501990742.0,0.012003289010761808,16.304,16.765,17.2845,17.619666666666667,21.839080342625607,64981590.55,17.881333333333334,17.595,True,True,18.47,872724940.4,1127524520.337
2026-05-21,16.25,16.44,15.57,15.59,52994273.0,847092023.0,4501990742.0,0.011771297640753789,16.034,16.575,17.152,17.561833333333333,20.503597019046637,62488135.4,17.85,17.563499999999998,True,True,18.47,826180716.0699999,1075022157.2285
2026-05-22,15.65,16.1,15.42,16.1,50473565.0,791191241.0,4501990742.0,0.011211388004227042,16.004,16.463,17.045,17.526833333333332,30.721002999970594,61350480.9,17.782833333333333,17.494999999999997,True,True,18.47,812624396.5000001,1048870667.6934999
2026-05-25,15.86,15.86,15.44,15.6,54988560.0,855960384.0,4501990742.0,0.012214276561477656,15.91,16.301,16.9015,17.489500000000003,25.75342455875399,60697960.3,17.724,17.431499999999996,True,True,18.47,857821536.0,1028927753.8514999
2026-05-26,15.48,15.58,15.14,15.3,46336617.0,709172387.0,4501990742.0,0.010292472742717159,15.748,16.131999999999998,16.75,17.4335,23.85786793553045,59109483.35,17.6675,17.357499999999998,True,True,18.33,708950240.1,992790973.8824999
2026-05-27,15.27,15.87,15.16,15.33,62344464.0,963571055.0,4501990742.0,0.013848199068553304,15.584,15.944000000000003,16.624,17.363,21.874999920247433,59149271.7,17.619666666666667,17.2845,True,True,17.85,955740633.12,985645793.466
2026-05-28,15.29,15.3,14.85,15.13,47786829.0,718686796.0,4501990742.0,0.010614599571293388,15.492,15.763,16.499499999999998,17.309,22.281167026011616,59181646.7,17.561833333333333,17.152,True,True,17.62,723014722.77,980266780.7554998
2026-05-29,15.14,15.23,14.76,14.77,51798810.0,771812793.0,4501990742.0,0.011505756668213069,15.225999999999999,15.614999999999998,16.3765,17.24566666666667,20.33898298190178,59350845.75,17.526833333333332,17.045,True,True,17.49,765068423.6999999,976810826.757
2026-06-01,14.6,14.88,14.5,14.53,40342011.0,592116462.0,4501990742.0,0.008960927134665352,15.012,15.460999999999999,16.2365,17.169833333333333,20.28985500385076,58713802.1,17.489500000000003,16.9015,True,True,17.49,586169419.8299999,960122978.7625
2026-06-02,14.58,14.6,13.96,14.11,50409125.0,712936952.0,4501990742.0,0.011197074336409197,14.774000000000001,15.261000000000001,16.073500000000003,17.090833333333332,14.285714239631318,58280697.6,17.4335,16.75,True,True,17.49,711272753.75,944383266.2225001
2026-06-03,14.09,14.24,13.94,13.98,38328816.0,540739797.0,4501990742.0,0.008513748294154088,14.504000000000001,15.044,15.904500000000002,17.012666666666668,14.761904712698382,57364509.35,17.363,16.624,True,True,17.49,535836847.68,922000668.2985001
2026-06-04,13.9,14.16,13.77,13.89,45222865.0,631260143.0,4501990742.0,0.01004508174086334,14.256,14.874,15.7245,16.937166666666666,17.222222155246897,55456148.15,17.309,16.499499999999998,True,True,17.49,628145594.85,880483315.2105
2026-06-05,13.82,13.92,13.5,13.6,45916677.0,629211798.0,4501990742.0,0.010199194008027128,14.022,14.624,15.543499999999998,16.863666666666667,16.71159023343334,54695703.05,17.24566666666667,16.3765,True,True,17.22,624466807.1999999,859077532.0515
2026-06-08,13.31,13.48,12.81,12.89,53767425.0,705685855.0,4501990742.0,0.011943033222701372,13.693999999999999,14.353,15.327000000000002,16.775833333333335,13.242009090094044,54226247.55,17.169833333333333,16.2365,True,True,17.22,693062108.25,839352860.829
2026-06-09,13.05,13.19,12.69,13.17,46453834.0,604542315.0,4501990742.0,0.010318509446637151,13.506,14.14,15.136,16.685,17.748917695133144,52903353.3,17.090833333333332,16.073500000000003,True,True,17.21,611796993.78,808004205.2275
2026-06-10,13.0,14.16,12.69,13.97,77968850.0,1036863660.0,4501990742.0,0.017318749519543104,13.504,14.004,14.974,16.592,33.33333323731139,54088922.5,17.012666666666668,15.904500000000002,True,True,17.21,1089224834.5,815776897.4595
2026-06-11,13.6,14.33,13.5,14.2,101906357.0,1410282477.0,4501990742.0,0.022635843305783502,13.565999999999999,13.910999999999998,14.837,16.506666666666668,29.25764183196351,54814728.15,16.937166666666666,15.7245,True,True,16.94,1447070269.3999999,814110874.2615
2026-06-12,14.2,14.32,13.7,13.7,91921668.0,1290749125.0,4501990742.0,0.020418004671232174,13.585999999999999,13.803999999999998,14.7095,16.421833333333332,29.257641831963525,55102484.2,16.863666666666667,15.543499999999998,True,True,16.25,1259326851.6,807066897.404
2026-06-15,13.58,13.69,13.42,13.57,53743811.0,728632976.0,4501990742.0,0.011937787987570232,13.722,13.707999999999998,14.5845,16.340666666666667,30.38548743188278,55590249.7,16.775833333333335,15.327000000000002,True,True,16.15,729303515.27,808187312.6140001
2026-06-16,13.36,13.74,13.31,13.51,51814293.0,700424851.0,4501990742.0,0.011509195813446211,13.789999999999997,13.648,14.454500000000001,16.26,29.50450441147227,55927877.3,16.685,15.136,True,True,16.15,700011098.43,806890635.1600001
2026-06-17,13.45,13.53,13.12,13.18,48849406.0,645916254.0,4501990742.0,0.010850623379624889,13.632,13.568000000000001,14.306000000000001,16.178,28.665207789647056,55668412.8,16.592,14.974,True,True,16.15,643835171.08,795446146.694
2026-06-18,13.17,13.18,12.82,12.85,50334167.0,652124356.0,4501990742.0,0.011180424368806932,13.362,13.463999999999999,14.169,16.0845,28.854625461681763,55535407.5,16.506666666666668,14.837,True,True,16.1,646794045.9499999,786476813.188
2026-06-22,12.8,13.04,12.4,13.0,80523860.0,1019624166.0,4501990742.0,0.017886278452058178,13.222,13.404,14.014,16.002166666666668,32.80898866082565,57037922.25,16.421833333333332,14.7095,True,True,16.1,1046810180.0,798186102.3629999
2026-06-23,12.95,13.1,12.35,12.36,61273004.0,777505260.0,4501990742.0,0.013610202133107808,12.979999999999999,13.350999999999999,13.852,15.917833333333334,31.263383203921336,57352144.45,16.340666666666667,14.5845,True,True,15.6,757334329.4399999,793161742.035
2026-06-24,12.35,12.42,12.03,12.24,53442855.0,652099416.0,4501990742.0,0.011870938449833,12.725999999999999,13.258,13.699000000000002,15.831,31.330472008878402,57707456.35,16.26,14.454500000000001,True,True,15.33,654140545.2,790421257.29
2026-06-25,12.19,12.48,12.07,12.25,58444910.0,715001286.0,4501990742.0,0.012982014701797448,12.540000000000001,13.085999999999999,13.545000000000002,15.755833333333333,32.09606977088535,57512478.65,16.178,14.306000000000001,True,True,15.33,715950147.5,778431733.0090001
2026-06-26,12.24,12.77,11.95,11.96,84241081.0,1035293248.0,4501990742.0,0.018711962291280963,12.362,12.862,13.386500000000002,15.672166666666667,32.09606977088538,59335191.25,16.0845,14.169,True,True,15.13,1007523328.7600001,792657163.3085
2026-06-29,11.96,12.16,11.65,12.03,65491807.0,784817434.0,4501990742.0,0.014547299351154463,12.168,12.695,13.249500000000001,15.5935,39.08629427735832,60019841.1,16.002166666666668,14.014,True,True,14.77,787866438.2099999,793797064.034
2026-06-30,11.89,12.31,11.89,12.11,55174106.0,670464711.0,4501990940.0,0.012255490234282879,12.117999999999999,12.549,13.128499999999999,15.520000000000001,35.828876871228786,60761445.85,15.917833333333334,13.852,True,True,14.53,668158423.66,797896514.2255
2026-07-01,12.08,12.77,11.84,12.54,85744466.0,1054382179.0,4501990940.0,0.019045899279397482,12.177999999999999,12.452,13.05,15.450833333333332,28.78338266974258,62528212.9,15.831,13.699000000000002,True,True,14.2,1075235603.6399999,816094656.72
2026-07-02,12.38,12.59,12.06,12.09,63150559.0,778984237.0,4501990940.0,0.0140272514631049,12.146,12.343,12.9555,15.382166666666668,20.612813290089292,63769300.05,15.755833333333333,13.545000000000002,True,True,14.2,763490258.31,827477327.2514999
2026-07-03,12.1,12.17,11.69,11.8,65789821.0,781208245.0,4501990940.0,0.014613494757499445,12.113999999999999,12.238000000000001,12.850999999999999,15.318666666666667,21.89349103357725,64797647.85,15.672166666666667,13.386500000000002,True,True,14.2,776319887.8000001,834886041.8989999
2026-07-06,11.8,12.02,11.61,11.64,56446413.0,665833248.0,4501990940.0,0.012538100087780274,12.036,12.102,12.753,15.252,21.700879676301355,65324134.65,15.5935,13.249500000000001,True,True,14.2,657036247.32,836514513.905
2026-07-07,11.66,11.74,11.41,11.45,44588907.0,515527341.0,4501990940.0,0.009904264045453632,11.904,12.011,12.681000000000001,15.1695,20.903954719588853,64865208.75,15.520000000000001,13.128499999999999,True,True,14.2,510542985.15,827388557.7499999
2026-07-08,11.5,11.61,11.11,11.12,48113044.0,542591991.0,4501990940.0,0.010687059268049082,11.620000000000001,11.899,12.5785,15.087833333333332,20.903954719588853,64948169.25,15.450833333333332,13.05,True,True,14.2,535017049.28,823549560.525
2026-07-09,11.12,11.2,10.85,11.09,51160383.0,565254320.0,4501990940.0,0.011363946236639916,11.419999999999998,11.783,12.4345,15.001166666666666,22.83950607415025,63607745.9,15.382166666666668,12.9555,True,True,14.2,567368647.47,797456751.1735
2026-07-10,11.19,11.68,11.11,11.36,75258713.0,858417153.0,4501990940.0,0.016716762428668947,11.331999999999999,11.723,12.2925,14.897666666666664,25.595237988591222,62275363.7,15.318666666666667,12.850999999999999,True,True,14.2,854938979.68,767850186.6875
2026-07-13,11.31,11.33,10.67,10.68,63491105.0,691344159.0,4501990940.0,0.014102894884990594,11.14,11.588,12.141499999999999,14.782,25.294117542906548,60853835.55,15.252,12.753,True,True,13.7,678085001.4,738788094.1775
2026-07-14,10.71,10.78,10.52,10.68,41176681.0,437290350.0,4501990940.0,0.009146326935966691,10.985999999999999,11.445,11.997,14.671,26.219512083209366,60225479.05,15.1695,12.681000000000001,True,True,13.57,439766953.08,724311266.068
2026-07-15,10.56,11.0,10.51,10.8,54881946.0,594663739.0,4501990940.0,0.012190594501729496,10.922,11.270999999999999,11.861500000000001,14.557833333333333,28.61356920336577,60378861.7,15.087833333333332,12.5785,True,True,13.51,592725016.8000001,718946961.9865
2026-07-16,10.75,10.92,10.61,10.72,38966425.0,419220381.0,4501990940.0,0.008655376147869369,10.847999999999999,11.134,11.7385,14.443,30.50314451979746,59884712.65,15.001166666666666,12.4345,True,True,13.18,417720076.0,707641207.2325
2026-07-17,10.72,10.85,10.42,10.48,54648206.0,578787420.0,4501990940.0,0.012138675250199415,10.672,11.001999999999999,11.620000000000001,14.313666666666666,26.865671529516604,60100414.6,14.897666666666664,12.2925,True,True,13.0,572713198.88,703937164.879
2026-07-20,10.44,10.67,10.32,10.6,51460268.0,540936086.0,4501990940.0,0.011430557876689108,10.656,10.898,11.5,14.186333333333332,27.728613454808084,58647235.0,14.782,12.141499999999999,True,True,13.0,545478840.8,678870597.919
2026-07-21,10.61,10.74,10.52,10.72,54148245.0,575392276.0,4501990940.0,0.01202762193919475,10.664,10.825,11.418,14.057166666666667,20.454545361570283,58290997.05,14.671,11.997,True,True,12.54,580469186.4,670027340.767
2026-07-22,10.66,11.14,10.56,11.09,69774621.0,765996092.0,4501990940.0,0.01549861426420374,10.722,10.822,11.3605,13.9365,33.33333317777779,59107585.35,14.557833333333333,11.861500000000001,True,True,12.54,773800546.89,676010340.8514999
2026-07-23,11.0,11.64,10.98,11.6,70702543.0,804266663.0,4501990940.0,0.015704727961980306,10.898,10.873,11.328,13.832333333333333,46.894409733999446,59720467.0,14.443,11.7385,True,True,12.54,820149498.8,681220308.4164999
2026-07-24,11.5,11.62,11.12,11.14,41189984.0,466347063.0,4501990940.0,0.009149281850842642,11.03,10.850999999999999,11.287,13.724333333333332,42.89772710211131,57567912.15,14.313666666666666,11.620000000000001,False,True,12.54,458856421.76000005,653786963.0665
2026-07-27,11.15,11.24,11.08,11.17,43135162.0,481195393.0,4501990940.0,0.009581352467137573,11.144,10.9,11.244,13.623333333333333,45.83333314236111,56450079.9,14.186333333333332,11.5,True,False,12.54,481819759.54,638484629.133
2026-07-28,11.05,11.31,11.01,11.19,33362500.0,372843140.0,4501990940.0,0.0074106102043821525,11.238,10.950999999999999,11.197999999999999,13.520999999999999,51.14754074883097,55359499.6,14.057166666666667,11.418,True,True,12.54,373326375.0,623743026.7
2026-07-29,11.15,11.64,11.13,11.54,64975940.0,745425513.0,4501990940.0,0.01443271229683994,11.328,11.025,11.148,13.423833333333334,56.676557628049906,54321073.3,13.9365,11.3605,True,True,12.54,749822347.5999999,607472363.898
2026-07-30,11.42,12.19,11.41,11.69,74891774.0,885226908.0,4501990940.0,0.016635256489432208,11.346,11.122,11.128,13.329333333333333,55.07692283966865,54908134.05,13.832333333333333,11.328,False,True,12.09,875484838.06,613072092.8855001
2026-07-31,11.56,11.79,11.52,11.68,47754105.0,558912755.0,4501990940.0,0.010607330320393758,11.453999999999999,11.242,11.122,13.2325,69.37984458476055,54006348.25,13.724333333333332,11.287,False,False,11.8,557767946.4,602144495.8155
2026-08-03,11.9,12.85,11.9,12.85,124565816.0,1549139406.0,4501990940.0,0.027669050795557575,11.79,11.467,11.1825,13.159666666666665,78.9333330386489,57412318.4,13.623333333333333,11.244,False,False,11.69,1600670735.6,649326220.2295
2026-08-04,12.97,13.0,12.68,12.84,106326458.0,1368381519.0,4501990940.0,0.023617652593499,12.12,11.679,11.251999999999999,13.086666666666666,78.0219777218935,60499195.95,13.520999999999999,11.197999999999999,False,False,12.85,1365231720.72,692060657.008
2026-08-05,12.82,12.98,12.45,12.79,78755152.0,1002668019.0,4501990940.0,0.017493405262161633,12.37,11.849,11.3355,13.016666666666667,78.67035980571052,62031301.35,13.423833333333334,11.148,False,False,12.85,1007278394.0799999,715673724.2479999
2026-08-06,12.6,12.76,12.12,12.31,85326270.0,1053267259.0,4501990940.0,0.01895300793297465,12.494,11.919999999999998,11.3965,12.935,73.76623349799294,63739595.7,13.329333333333333,11.128,False,False,12.85,1050366383.7,739823611.0595
2026-08-07,12.92,13.4,12.65,13.08,151996191.0,1979419459.0,4501990940.0,0.03376199397682484,12.774000000000001,12.114,11.4825,12.870666666666667,77.55555531427163,67576469.6,13.2325,11.122,False,False,12.85,1988110178.28,796482170.9894999
