日期,开盘,最高,最低,收盘,成交量,amount,outstanding_share,turnover,MA5,MA10,MA20,MA60,RSI14,Vol_MA20,MA60_prev5,MA20_break_1,MA20_break_2,High_20
2021-04-12,5.19,5.22,5.14,5.17,58529320.0,364871956.0,24327798048.0,0.0024058617999261024,5.184,5.21,5.2605,5.4215,41.66666597222226,79168239.35,5.384666666666666,True,True,5.56
2021-04-13,5.16,5.17,5.07,5.08,54966551.0,337359656.0,24327798048.0,0.0022594133218118697,5.16,5.2,5.237,5.421166666666666,40.22988441009383,76385925.0,5.398166666666667,True,True,5.55
2021-04-14,5.07,5.14,5.07,5.12,40640182.0,249970753.0,24327798048.0,0.0016705244724497805,5.134,5.1899999999999995,5.216,5.4191666666666665,51.99999902933337,73685347.6,5.411666666666666,True,True,5.54
2021-04-15,5.12,5.12,5.04,5.07,47733896.0,291153000.0,24327798048.0,0.0019621132954909673,5.118,5.164,5.197,5.407666666666667,47.4358965844839,72546349.4,5.4159999999999995,True,True,5.45
2021-04-16,5.07,5.17,5.07,5.15,57265603.0,353053294.0,24327798048.0,0.0023539164081768523,5.118,5.152,5.1855,5.387833333333334,46.753245903187754,71526219.6,5.416833333333333,True,True,5.38
2021-04-19,5.17,5.24,5.16,5.23,82243627.0,515078525.0,24327798048.0,0.003380644102591163,5.130000000000001,5.157,5.1855,5.376166666666666,53.01204729859201,70247112.3,5.4215,True,True,5.33
2021-04-20,5.22,5.22,5.15,5.16,62532244.0,389348082.0,24327798048.0,0.002570402955360804,5.146,5.1530000000000005,5.178,5.3613333333333335,46.51162714981074,68843608.9,5.421166666666666,False,True,5.33
2021-04-21,5.15,5.16,5.1,5.11,47222363.0,290641605.0,24327798048.0,0.001941086608283571,5.144,5.139,5.171,5.352666666666667,36.24999936562502,67880313.65,5.4191666666666665,True,False,5.33
2021-04-22,5.09,5.15,5.09,5.11,37350401.0,229865691.0,24327798048.0,0.0015352972318458799,5.152,5.135,5.172,5.342666666666667,39.18918844777215,63824707.55,5.407666666666667,True,True,5.33
2021-04-23,5.11,5.11,5.04,5.08,57573684.0,350883022.0,24327798048.0,0.002366580151907055,5.138,5.128,5.1705,5.331333333333333,42.64705794550178,64250224.6,5.387833333333334,True,True,5.33
2021-04-26,5.07,5.08,4.98,4.99,73119126.0,443418269.0,24327798048.0,0.0030055792906424246,5.090000000000001,5.11,5.16,5.323666666666667,35.999999328,64596905.55,5.376166666666666,True,True,5.33
2021-04-27,4.99,5.02,4.94,4.99,53556713.0,320806761.0,24327798048.0,0.002201461591153044,5.056,5.101000000000001,5.1505,5.315833333333333,31.428570800000017,64272038.2,5.3613333333333335,True,True,5.33
2021-04-28,5.0,5.06,4.97,5.02,46532111.0,281204310.0,24327798048.0,0.0019127136335228426,5.038,5.091,5.1405,5.308833333333334,39.682538800705416,63922684.6,5.352666666666667,True,True,5.33
2021-04-29,5.02,5.05,4.99,5.03,38476456.0,232739336.0,24327798048.0,0.0015815839939185604,5.022,5.087000000000001,5.125500000000001,5.299166666666666,40.62499911132813,59616533.1,5.342666666666667,True,True,5.33
2021-04-30,5.03,5.04,4.94,4.96,52157179.0,312457110.0,24327798048.0,0.002143933408896736,4.998,5.068,5.11,5.292000000000001,34.782607989918105,58062378.1,5.331333333333333,True,True,5.27
2021-05-06,4.97,5.02,4.95,4.97,46357713.0,278054017.0,24327798048.0,0.0019055449617155587,4.994,5.042,5.099500000000001,5.288333333333333,40.98360561676969,57293252.15,5.323666666666667,True,True,5.25
2021-05-07,4.97,5.04,4.96,5.02,59723652.0,359414292.0,24327798048.0,0.002454955104533594,5.0,5.0280000000000005,5.0905000000000005,5.285833333333333,41.93548292403744,56179876.75,5.315833333333333,True,True,5.25
2021-05-10,5.01,5.02,4.95,4.97,62412938.0,373786333.0,24327798048.0,0.002565498853486701,4.99,5.014,5.0765,5.281833333333334,41.93548292403744,55287865.15,5.308833333333334,True,True,5.25
2021-05-11,4.95,4.97,4.9,4.97,64314376.0,381753883.0,24327798048.0,0.002643657920585514,4.978,5.0,5.067500000000001,5.281499999999999,33.33333246913577,54479735.55,5.299166666666666,True,True,5.23
2021-05-12,4.95,4.96,4.92,4.96,40174310.0,238879972.0,24327798048.0,0.0016513746916483774,4.978,4.988,5.058,5.2805,21.276595110909867,54144122.25,5.292000000000001,True,True,5.23
2021-05-13,4.95,5.23,4.92,5.17,197537662.0,1220585348.0,24327798048.0,0.008119833188776395,5.018,5.005999999999999,5.058,5.284166666666667,50.819670964794426,61094539.35,5.288333333333333,True,True,5.23
2021-05-14,5.11,5.16,5.08,5.14,112742116.0,695045694.0,24327798048.0,0.004634291840862621,5.042,5.020999999999999,5.061,5.2876666666666665,52.54237163458774,63983317.6,5.285833333333333,False,True,5.23
2021-05-17,5.12,5.22,5.11,5.12,74931828.0,464555277.0,24327798048.0,0.0030800908430822895,5.072,5.031000000000001,5.061,5.287333333333334,50.819670964794426,65697899.9,5.281833333333334,False,False,5.23
2021-05-18,5.13,5.17,5.09,5.13,56097060.0,345973433.0,24327798048.0,0.0023058831666276417,5.104000000000001,5.0409999999999995,5.064,5.287833333333334,54.23728684860675,66116058.1,5.281499999999999,False,False,5.23
2021-05-19,5.13,5.15,5.06,5.07,62682935.0,383421975.0,24327798048.0,0.0025765971452214186,5.126,5.052,5.0600000000000005,5.2860000000000005,57.14285571428577,66386924.7,5.2805,False,False,5.23
2021-05-20,5.05,5.06,4.99,5.02,61326301.0,370449946.0,24327798048.0,0.0025208323778009027,5.095999999999999,5.057,5.0495,5.274666666666666,52.459015189465184,65341058.4,5.284166666666667,False,False,5.23
2021-05-21,5.02,5.07,5.0,5.01,40908006.0,247800559.0,24327798048.0,0.0016815334424959626,5.069999999999999,5.055999999999999,5.042,5.262166666666666,49.15254120654989,64259846.5,5.2876666666666665,True,False,5.17
2021-05-24,5.0,5.02,4.99,5.02,38122820.0,229922933.0,24327798048.0,0.0015670477009379028,5.05,5.061,5.0375,5.252333333333334,49.15254120654981,63804869.35,5.287333333333334,True,True,5.17
2021-05-25,5.01,5.11,4.98,5.09,91529799.0,558074169.0,24327798048.0,0.0037623544399459,5.042,5.0729999999999995,5.036499999999999,5.238833333333333,61.01694770468261,66513839.25,5.287833333333334,True,True,5.17
2021-05-26,5.07,5.18,5.07,5.12,86358941.0,532589689.0,24327798048.0,0.0035498050760537124,5.0520000000000005,5.0889999999999995,5.0385,5.223333333333333,62.295080537489994,67953102.1,5.2860000000000005,False,True,5.17
2021-05-27,5.11,5.12,5.07,5.09,51941504.0,318217562.0,24327798048.0,0.002135068036059685,5.066000000000001,5.081,5.0435,5.213166666666666,55.93220206262575,66894221.0,5.274666666666666,False,False,5.17
2021-05-28,5.09,5.11,5.03,5.04,55140665.0,335872579.0,24327798048.0,0.0022665703197307305,5.072,5.071,5.045999999999999,5.198833333333334,55.93220206262575,66973418.6,5.262166666666666,False,False,5.17
2021-05-31,5.03,5.04,5.0,5.02,47625554.0,287414539.0,24327798048.0,0.001957659871478394,5.072,5.061,5.046,5.187166666666666,54.098359414136,67028090.75,5.252333333333334,True,False,5.17
2021-06-01,5.03,5.06,5.01,5.04,43468954.0,263563684.0,24327798048.0,0.001786801827038909,5.061999999999999,5.0520000000000005,5.0465,5.175166666666667,56.451611628512,67277715.65,5.238833333333333,True,True,5.17
2021-06-02,5.05,5.06,4.99,5.0,54631649.0,329166988.0,24327798048.0,0.002245647094414749,5.037999999999999,5.045,5.0485,5.166166666666666,31.111110143209956,67401439.15,5.223333333333333,True,True,5.17
2021-06-03,5.0,5.06,4.99,5.0,53234106.0,321365354.0,24327798048.0,0.0021882007526931274,5.02,5.043,5.05,5.157166666666667,33.333332222222325,67745258.8,5.213166666666666,True,True,5.17
2021-06-04,4.99,5.03,4.97,5.0,51752849.0,311285320.0,24327798048.0,0.002127313326832497,5.012,5.042,5.0489999999999995,5.149,34.999998775000066,67346718.65,5.198833333333334,True,True,5.17
2021-06-07,5.01,5.11,5.0,5.07,77324194.0,471132970.0,24327798048.0,0.003178429623899186,5.022,5.047000000000001,5.054,5.143833333333333,43.47825954631391,68092281.45,5.187166666666666,True,True,5.17
2021-06-08,5.09,5.09,5.02,5.03,52429347.0,318293104.0,24327798048.0,0.0021551209401095076,5.0200000000000005,5.0409999999999995,5.057,5.139,45.454544008264534,67498030.0,5.175166666666667,False,True,5.17
2021-06-09,5.03,5.06,5.01,5.03,40004547.0,242026206.0,24327798048.0,0.0016443965426327927,5.026000000000001,5.032,5.0605,5.132833333333333,51.282049441157284,67489541.85,5.166166666666666,True,False,5.17
2021-06-10,5.07,5.17,5.07,5.11,118755653.0,732021205.0,24327798048.0,0.004881479728074401,5.048,5.034000000000001,5.0575,5.125333333333333,60.86956336483939,63550441.4,5.157166666666667,True,True,5.17
2021-06-11,5.09,5.14,5.07,5.12,101150352.0,622784636.0,24327798048.0,0.004157809588867235,5.072000000000001,5.042,5.0565,5.118166666666667,60.86956336483939,62970853.2,5.149,False,True,5.14
2021-06-15,5.12,5.14,5.0,5.03,88361709.0,537768575.0,24327798048.0,0.003632129337215715,5.064,5.043000000000001,5.052,5.109666666666667,43.74999872395843,63642347.25,5.143833333333333,False,False,5.13
2021-06-16,5.05,5.27,5.02,5.21,225103714.0,1409852145.0,24327798048.0,0.00925294239765797,5.1,5.0600000000000005,5.056,5.105666666666667,57.14285587301589,72092679.95,5.139,True,False,5.13
2021-06-17,5.21,5.24,5.13,5.16,115783586.0,720728584.0,24327798048.0,0.004759312197986559,5.1259999999999994,5.076,5.060499999999999,5.102,55.384614191716025,74747712.5,5.132833333333333,False,True,5.21
2021-06-18,5.16,5.22,5.13,5.22,148640299.0,928413304.0,24327798048.0,0.006109895301939165,5.148000000000001,5.098,5.0705,5.101833333333333,63.63636228650138,79113412.4,5.125333333333333,False,False,5.21
2021-06-21,5.18,5.3,5.17,5.18,118143204.0,742993598.0,24327798048.0,0.00485630486437356,5.159999999999999,5.116,5.079000000000001,5.099666666666667,61.764704610726696,82975172.3,5.118166666666667,False,False,5.22
2021-06-22,5.2,5.24,5.12,5.13,90054290.0,558674748.0,24327798048.0,0.0037017032870101207,5.18,5.122,5.0845,5.097666666666667,56.33802705812341,85571745.8,5.109666666666667,False,False,5.22
2021-06-23,5.14,5.17,5.09,5.17,75894276.0,469892108.0,24327798048.0,0.0031196525000025356,5.172,5.136,5.0885,5.099,61.971829763935766,84789969.65,5.105666666666667,False,False,5.22
2021-06-24,5.16,5.22,5.12,5.12,69351703.0,430310221.0,24327798048.0,0.0028507184605514034,5.164,5.1450000000000005,5.088500000000001,5.099166666666666,57.89473577562331,83939607.75,5.102,False,False,5.22
2021-06-25,5.12,5.16,5.1,5.14,64134300.0,395672290.0,24327798048.0,0.002636255853220243,5.148000000000001,5.148000000000001,5.090999999999999,5.098166666666668,58.974357915844855,84549247.55,5.101833333333333,False,False,5.22
2021-06-28,5.13,5.18,5.11,5.12,61777897.0,381915092.0,24327798048.0,0.002539395340182824,5.136,5.148,5.095000000000001,5.097166666666667,53.42465650966412,84881109.15,5.099666666666667,False,False,5.22
2021-06-29,5.12,5.14,5.04,5.05,76688474.0,467938006.0,24327798048.0,0.0031522982001367197,5.119999999999999,5.15,5.0965,5.094333333333333,51.31578852839335,86334255.15,5.097666666666667,False,False,5.22
2021-06-30,5.04,5.07,5.02,5.05,42534375.0,258321953.0,24327798048.0,0.0017483857320780732,5.096,5.1339999999999995,5.0969999999999995,5.089666666666667,51.31578852839335,86287526.2,5.099,True,False,5.22
2021-07-01,5.03,5.09,5.01,5.02,60229804.0,365318478.0,24327798048.0,0.0024757606044395588,5.076,5.12,5.098000000000001,5.0855,43.66197097004557,86567433.95,5.099166666666666,True,True,5.22
2021-07-02,5.0,5.01,4.95,4.96,73027545.0,437224477.0,24327798048.0,0.003001814831573038,5.04,5.093999999999999,5.096,5.081833333333334,39.473683483379475,87557105.9,5.098166666666668,True,True,5.22
2021-07-05,4.96,4.97,4.91,4.92,61404245.0,364542329.0,24327798048.0,0.00252403628469976,4.999999999999999,5.068,5.0920000000000005,5.077166666666668,42.25352029359251,88039675.7,5.097166666666667,True,True,5.22
2021-07-06,4.92,4.96,4.92,4.95,45817713.0,272438406.0,24327798048.0,0.0018833481316146777,4.9799999999999995,5.05,5.086,5.072166666666667,26.785713616071405,86464351.65,5.094333333333333,True,True,5.22
2021-07-07,4.93,4.98,4.92,4.96,42889027.0,255423610.0,24327798048.0,0.0017629637879835133,4.962,5.029,5.0825,5.069,30.769229940828353,85987335.65,5.089666666666667,True,True,5.22
2021-07-08,4.97,4.97,4.92,4.92,43899499.0,260612082.0,24327798048.0,0.001804499482994064,4.942,5.0089999999999995,5.077,5.065166666666667,19.999999439999982,86182083.25,5.0855,True,True,5.22
2021-07-09,4.9,4.95,4.9,4.94,37880243.0,224494259.0,24327798048.0,0.0015570765149094188,4.938,4.989,5.068499999999999,5.061333333333334,24.9999992708334,82138312.75,5.081833333333334,True,True,5.22
2021-07-12,4.96,4.97,4.94,4.96,50603409.0,302070246.0,24327798048.0,0.0020800653187007254,4.946,4.973000000000001,5.0605,5.059333333333333,31.111110143209885,79610965.6,5.077166666666668,True,True,5.22
2021-07-13,4.95,5.03,4.92,4.99,63362707.0,380277980.0,24327798048.0,0.002604539337057226,4.954000000000001,4.967,5.0585,5.057166666666666,29.545453605371932,78361015.5,5.072166666666667,True,True,5.22
2021-07-14,4.97,4.98,4.93,4.93,44837659.0,267057613.0,24327798048.0,0.0018430627758226612,4.948,4.955,5.0445,5.054833333333334,28.88888799012345,69347712.75,5.069,True,True,5.22
2021-07-15,4.92,4.95,4.9,4.94,44090665.0,261219826.0,24327798048.0,0.0018123574074812214,4.952,4.947000000000001,5.0335,5.051333333333333,27.272726404958846,65763066.7,5.065166666666667,True,True,5.22
2021-07-16,4.94,4.95,4.91,4.91,41638019.0,246727586.0,24327798048.0,0.0017115408027412115,4.946000000000001,4.942,5.018,5.046000000000001,26.666665837037172,60412952.7,5.061333333333334,True,True,5.22
2021-07-19,4.92,4.92,4.75,4.9,103043043.0,598491861.0,24327798048.0,0.004235609108423654,4.934,4.94,5.004,5.041666666666667,30.769229664694464,59657944.65,5.059333333333333,True,True,5.18
2021-07-20,4.85,5.02,4.81,4.97,97342963.0,577407419.0,24327798048.0,0.004001305946717303,4.93,4.942,4.996,5.0393333333333326,41.304346568998156,60022378.3,5.057166666666666,True,True,5.17
2021-07-21,4.99,5.0,4.92,4.94,52967225.0,315704834.0,24327798048.0,0.00217723054488914,4.932,4.9399999999999995,4.9845,5.036500000000001,41.304346568998234,58876025.75,5.054833333333334,True,True,5.17
2021-07-22,4.94,5.0,4.92,4.94,52923690.0,316377937.0,24327798048.0,0.002175441028225359,4.932,4.942,4.975499999999999,5.034166666666667,47.49999833750012,58054625.1,5.051333333333333,True,True,5.14
2021-07-23,4.96,5.13,4.95,5.07,154523345.0,943276361.0,24327798048.0,0.006351719325157068,4.964,4.955,4.972,5.0355,65.30612058309046,62574077.35,5.046000000000001,True,True,5.14
2021-07-26,5.08,5.11,4.98,5.04,103626025.0,628197280.0,24327798048.0,0.004259572723990084,4.992,4.962999999999999,4.968,5.036333333333333,59.18367177842568,64666483.75,5.041666666666667,False,True,5.12
2021-07-27,5.02,5.06,4.9,4.91,88267894.0,529950903.0,24327798048.0,0.003628273049038096,4.98,4.955,4.961,5.0344999999999995,45.90163829078209,65245454.75,5.0393333333333326,False,False,5.07
2021-07-28,4.89,4.92,4.83,4.83,68782572.0,401992835.0,24327798048.0,0.002827324193677062,4.958,4.945,4.95,5.031166666666667,43.076922149112455,66557864.6,5.036500000000001,True,False,5.07
2021-07-29,4.85,4.9,4.8,4.86,54148019.0,315976603.0,24327798048.0,0.0022257673667449543,4.942,4.936999999999999,4.942,5.0295,43.9393930073462,66253775.35,5.034166666666667,True,True,5.07
2021-07-30,4.83,4.93,4.78,4.87,66622525.0,391229417.0,24327798048.0,0.0027385349413272145,4.901999999999999,4.933000000000001,4.9375,5.027833333333334,43.076922149112455,65933524.35,5.0355,True,True,5.07
2021-08-02,4.85,5.08,4.8,5.03,138285043.0,827550300.0,24327798048.0,0.005684240009192631,4.9,4.946000000000001,4.943,5.0280000000000005,52.56410162064434,69777564.25,5.036333333333333,True,True,5.07
2021-08-03,5.0,5.1,4.99,5.03,97635047.0,593251214.0,24327798048.0,0.004013312129908388,4.924,4.952,4.947,5.029,56.94444333719142,72368430.95,5.0344999999999995,False,True,5.07
2021-08-04,5.02,5.05,4.96,4.98,78086664.0,468824690.0,24327798048.0,0.003209771136949221,4.954,4.956,4.948,5.029166666666667,52.63157797783936,74128312.8,5.031166666666667,False,False,5.07
2021-08-05,4.97,5.06,4.97,5.0,66530522.0,402033885.0,24327798048.0,0.0027347531358461563,4.982,4.962000000000001,4.952,5.0298333333333325,55.999998954666694,75259863.95,5.0295,False,False,5.07
2021-08-06,5.03,5.04,4.96,4.99,54729684.0,328516342.0,24327798048.0,0.002249676846709082,5.006,4.954000000000001,4.9545,5.026833333333332,55.999998954666694,76102336.0,5.027833333333334,False,False,5.07
2021-08-09,4.97,5.17,4.97,5.1,145806133.0,895359972.0,24327798048.0,0.005993396225680474,5.0200000000000005,4.959999999999999,4.9615,5.026166666666667,58.22784706937994,80862472.2,5.0280000000000005,False,False,5.07
2021-08-10,5.09,5.1,5.06,5.09,66012679.0,403592352.0,24327798048.0,0.0027134670745685074,5.032,4.978,4.966500000000001,5.025666666666666,59.74025865407321,80994970.8,5.029,False,False,5.1
2021-08-11,5.08,5.15,5.05,5.07,85975943.0,526483647.0,24327798048.0,0.00353406185098894,5.05,5.002000000000001,4.9735,5.024666666666667,58.22784706937994,83051885.0,5.029166666666667,False,False,5.1
2021-08-12,5.07,5.09,5.04,5.07,69918319.0,426312635.0,24327798048.0,0.0028740093477448124,5.064,5.023000000000001,4.9799999999999995,5.024666666666667,49.99999893939396,84343267.7,5.0298333333333325,False,False,5.1
2021-08-13,5.09,5.09,5.03,5.07,83869360.0,496129857.0,24327798048.0,0.0034474702492400433,5.08,5.043,4.988,5.0255,52.380951216931265,86454834.75,5.026833333333332,False,False,5.1
2021-08-16,5.08,5.19,5.07,5.13,92881676.0,557949064.0,24327798048.0,0.0038179236697353236,5.086,5.053,4.999499999999999,5.027500000000001,69.64285540178581,85946766.4,5.026166666666667,False,False,5.1
2021-08-17,5.13,5.21,5.04,5.07,101623375.0,608676385.0,24327798048.0,0.004177253313246511,5.082,5.057,5.0045,5.028333333333333,72.22222034979441,86160787.0,5.025666666666666,False,False,5.13
2021-08-18,5.06,5.19,5.02,5.18,95465814.0,570097631.0,24327798048.0,0.00392414528481538,5.104,5.077,5.0165,5.029833333333333,75.80644990114477,88285716.45,5.024666666666667,False,False,5.13
2021-08-19,5.16,5.17,5.05,5.07,91999299.0,546747224.0,24327798048.0,0.0037816533505613883,5.104,5.0840000000000005,5.023000000000001,5.029,63.88888764660505,90239496.9,5.024666666666667,False,False,5.18
2021-08-20,5.06,5.07,5.02,5.07,55886138.0,329481567.0,24327798048.0,0.0022972131670007194,5.104,5.0920000000000005,5.023,5.028666666666667,53.57142723214292,85307636.55,5.0255,False,False,5.18
2021-08-23,5.07,5.1,5.06,5.09,59093143.0,350878388.0,24327798048.0,0.0024290378801816006,5.096,5.091,5.0255,5.0295000000000005,55.17241246135557,83080992.45,5.027500000000001,False,False,5.18
2021-08-24,5.09,5.13,5.07,5.08,57797416.0,343892605.0,24327798048.0,0.0023757767096702596,5.098000000000001,5.09,5.034,5.030500000000001,59.259257722908174,81557468.55,5.028333333333333,False,False,5.18
2021-08-25,5.08,5.21,5.07,5.19,138787730.0,837027309.0,24327798048.0,0.005704903079438783,5.1,5.102,5.052,5.033,65.07936363315713,85057726.45,5.029833333333333,False,False,5.18
2021-08-26,5.16,5.47,5.16,5.31,233745815.0,1457304944.0,24327798048.0,0.009608178041383255,5.148000000000001,5.1259999999999994,5.0745,5.038166666666667,71.62162026661808,94037616.25,5.029,False,False,5.19
2021-08-27,5.31,5.82,5.25,5.66,368081465.0,2376097211.0,24327798048.0,0.015130077299793277,5.266,5.1850000000000005,5.114,5.049166666666666,78.57142744897972,109110563.25,5.028666666666667,False,False,5.31
2021-08-30,5.55,5.64,5.49,5.54,228995377.0,1483725886.0,24327798048.0,0.009412910142881831,5.356,5.226,5.1395,5.058166666666667,70.64220092753143,113646079.95,5.0295000000000005,False,False,5.66
2021-08-31,5.51,5.78,5.44,5.78,345548186.0,2279507018.0,24327798048.0,0.014203841437610408,5.496,5.297,5.1770000000000005,5.069999999999999,77.09923581726012,126041736.9,5.030500000000001,False,False,5.66
2021-09-01,5.72,6.1,5.69,5.86,403176406.0,2796752256.0,24327798048.0,0.01657266330493669,5.63,5.365,5.221,5.083833333333333,78.41726539723622,142296224.0,5.033,False,False,5.78
2021-09-02,5.83,6.04,5.76,5.99,288568201.0,1992252696.0,24327798048.0,0.011861665426136803,5.766,5.457,5.2705,5.099833333333334,80.26315715547096,153398107.95,5.038166666666667,False,False,5.86
2021-09-03,5.95,6.02,5.74,5.74,244789778.0,1675337936.0,24327798048.0,0.010062142801293283,5.782,5.523999999999999,5.308000000000001,5.110333333333333,67.83625675455698,162901112.65,5.049166666666666,False,False,5.99
2021-09-06,5.76,5.96,5.76,5.85,199512792.0,1366398015.0,24327798048.0,0.00820102138328964,5.843999999999999,5.6,5.3454999999999995,5.1225000000000005,72.15909033509814,165586445.6,5.058166666666667,False,False,5.99
2021-09-07,5.8,5.92,5.7,5.84,199218334.0,1352903439.0,24327798048.0,0.008188917616256595,5.856,5.676,5.383,5.136,69.87951748294385,172246728.35,5.069999999999999,False,False,5.99
2021-09-08,5.85,5.96,5.8,5.88,178431038.0,1227263101.0,24327798048.0,0.007334450805944145,5.86,5.744999999999999,5.4235,5.147166666666666,75.47169744867688,176869483.1,5.083833333333333,False,False,5.99
2021-09-09,5.88,6.02,5.84,5.95,254042752.0,1763246051.0,24327798048.0,0.010442488526859708,5.852,5.809,5.4675,5.160333333333333,76.50602345115402,186075704.75,5.099833333333334,False,False,5.99
2021-09-10,5.97,6.09,5.84,5.85,274050451.0,1907218096.0,24327798048.0,0.011264909814660757,5.874,5.828,5.5065,5.170833333333333,71.83907988175451,195584759.3,5.110333333333333,False,False,5.99
2021-09-13,5.78,5.83,5.66,5.72,240478813.0,1613269064.0,24327798048.0,0.009884939546338017,5.848,5.846,5.536,5.179833333333333,67.20430056942999,202964616.15,5.1225000000000005,False,False,5.99
2021-09-14,5.72,5.77,5.59,5.6,158442248.0,1046102593.0,24327798048.0,0.006512806777143796,5.799999999999999,5.828,5.5625,5.187666666666667,60.962566388515526,205805559.8,5.136,False,False,5.99
2021-09-15,5.59,5.63,5.51,5.54,131951822.0,856538346.0,24327798048.0,0.005423911434140166,5.731999999999999,5.796,5.5805,5.193833333333334,56.35359072433687,207629860.2,5.147166666666666,False,False,5.99
2021-09-16,5.55,5.66,5.5,5.55,126835647.0,826171761.0,24327798048.0,0.005213609828137619,5.651999999999999,5.752,5.6045,5.201,46.258502960803355,209371677.6,5.160333333333333,True,False,5.99
2021-09-17,5.55,5.57,5.4,5.49,110798015.0,709921314.0,24327798048.0,0.004554379100870116,5.58,5.727,5.625500000000001,5.206833333333333,48.22694987576079,212117271.45,5.170833333333333,True,True,5.99
2021-09-22,5.4,5.58,5.4,5.55,94115074.0,606225577.0,24327798048.0,0.0038686227916848908,5.545999999999999,5.697,5.6485,5.2139999999999995,40.65040604137746,213868368.0,5.179833333333333,True,True,5.99
2021-09-23,5.59,5.64,5.55,5.6,96639258.0,631016547.0,24327798048.0,0.003972379983150376,5.546,5.673,5.6745,5.223166666666668,39.16666620972219,215810460.1,5.187666666666667,True,True,5.99
2021-09-24,5.6,5.62,5.42,5.46,97157498.0,625744596.0,24327798048.0,0.003993682363208673,5.529999999999999,5.631,5.688000000000001,5.23,28.099173228604556,213728948.5,5.193833333333334,True,True,5.99
2021-09-27,5.45,5.49,5.29,5.34,99397244.0,623185910.0,24327798048.0,0.004085747662155206,5.488,5.569999999999999,5.689500000000001,5.235333333333333,31.481481073388167,207011519.95,5.201,True,True,5.99
2021-09-28,5.35,5.41,5.33,5.37,57946609.0,363633994.0,24327798048.0,0.0023819093238799647,5.464,5.522,5.675,5.242166666666666,25.999999636,191504777.15,5.206833333333333,True,True,5.99
2021-09-29,5.36,5.36,5.25,5.31,79615953.0,493580901.0,24327798048.0,0.0032726329297420842,5.416,5.481,5.6635,5.248666666666666,24.761904431746018,184035805.95,5.2139999999999995,True,True,5.99
2021-09-30,5.3,5.37,5.3,5.31,50625587.0,315281229.0,24327798048.0,0.0020809769507340167,5.358,5.452,5.64,5.254666666666666,21.782177915890585,169289676.0,5.223166666666668,True,True,5.99
2021-10-08,5.41,5.43,5.34,5.37,47599814.0,298615058.0,24327798048.0,0.0019566018225769186,5.34,5.435,5.6155,5.2615,20.999999705999997,151510846.4,5.23,True,True,5.99
2021-10-11,5.37,5.43,5.35,5.36,59223851.0,372987841.0,24327798048.0,0.00243441066401276,5.343999999999999,5.4159999999999995,5.5840000000000005,5.268833333333333,23.07692272189351,140043628.9,5.235333333333333,True,True,5.99
2021-10-12,5.35,5.36,5.19,5.25,79906386.0,490193218.0,24327798048.0,0.0032845712481803977,5.32,5.392,5.5595,5.274,23.59550524681228,131799459.3,5.242166666666666,True,True,5.95
2021-10-13,5.22,5.25,5.18,5.22,46163645.0,281474986.0,24327798048.0,0.0018975677498192292,5.302,5.359,5.5280000000000005,5.278333333333333,26.249999540625012,124132001.95,5.248666666666666,True,True,5.95
2021-10-14,5.23,5.27,5.2,5.23,37498800.0,229352544.0,24327798048.0,0.0015413972084942884,5.286,5.322,5.4975000000000005,5.282333333333333,29.33333278577784,116046025.25,5.254666666666666,True,True,5.95
2021-10-15,5.23,5.25,5.19,5.2,42231987.0,257102023.0,24327798048.0,0.001735956000484471,5.252,5.296,5.4635,5.286833333333333,27.27272677685957,109236072.7,5.2615,True,True,5.95
2021-10-18,5.19,5.24,5.18,5.23,35550382.0,216564015.0,24327798048.0,0.0014613070171766989,5.226000000000001,5.285,5.4275,5.291666666666667,32.43243181884594,98311454.2,5.268833333333333,True,True,5.95
2021-10-19,5.22,5.25,5.19,5.23,43951137.0,268248367.0,24327798048.0,0.0018066220754250812,5.2219999999999995,5.271,5.3965000000000005,5.297,26.47058769031156,86806488.5,5.274,True,True,5.85
2021-10-20,5.23,5.23,5.2,5.21,33339544.0,203138449.0,24327798048.0,0.0013704299885348998,5.220000000000001,5.261000000000001,5.371,5.3021666666666665,19.99999956923095,76449525.05,5.278333333333333,True,True,5.72
2021-10-21,5.22,5.22,5.12,5.13,71207418.0,429836928.0,24327798048.0,0.0029269980727192856,5.2,5.243,5.3475,5.304833333333334,22.03389778224664,72087783.55,5.282333333333333,True,True,5.6
2021-10-22,5.12,5.21,5.11,5.16,53846631.0,324124800.0,24327798048.0,0.00221337874039228,5.192,5.222,5.3285,5.3085,31.99999910400018,68182524.0,5.286833333333333,True,True,5.6
2021-10-25,5.16,5.18,5.13,5.18,40240197.0,242406868.0,24327798048.0,0.0016540829926573715,5.182,5.204,5.31,5.3125,30.61224402332371,63852751.5,5.291666666666667,True,True,5.6
2021-10-26,5.18,5.23,5.14,5.15,50940423.0,308202543.0,24327798048.0,0.002093918360366685,5.1659999999999995,5.194000000000001,5.293,5.313833333333333,32.60869465973552,60859871.9,5.297,True,True,5.6
2021-10-27,5.15,5.15,5.07,5.09,55926485.0,333178655.0,24327798048.0,0.0022988716401564236,5.142,5.181,5.2700000000000005,5.314666666666667,28.846153069526764,58950442.45,5.3021666666666665,True,True,5.6
2021-10-28,5.07,5.09,5.01,5.02,51357229.0,301920865.0,24327798048.0,0.0021110512714167364,5.119999999999999,5.16,5.2410000000000005,5.3165000000000004,16.98113162691358,56686341.0,5.304833333333334,True,True,5.6
2021-10-29,5.01,5.08,5.01,5.08,43593768.0,257160199.0,24327798048.0,0.001791932336580041,5.103999999999999,5.148,5.2219999999999995,5.320666666666667,25.86206834126051,54008154.5,5.3085,True,True,5.46
2021-11-01,5.06,5.12,5.02,5.1,40466829.0,240449125.0,24327798048.0,0.0016633987556192657,5.087999999999999,5.135,5.209999999999999,5.324666666666667,34.69387655976682,51061633.75,5.3125,True,True,5.37
2021-11-02,5.1,5.14,5.01,5.06,61286654.0,363281264.0,24327798048.0,0.0025192026783138477,5.069999999999999,5.118,5.1945,5.327833333333333,33.99999904800008,51228636.0,5.313833333333333,True,True,5.37
2021-11-03,5.02,5.07,5.01,5.03,31989707.0,188349790.0,24327798048.0,0.0013149446134369687,5.058,5.1,5.1805,5.327833333333333,30.769229940828424,48847323.7,5.314666666666667,True,True,5.37
2021-11-04,5.04,5.16,5.03,5.15,70377688.0,420079624.0,24327798048.0,0.0028928918211644635,5.0840000000000005,5.102,5.1725,5.329833333333332,45.90163829078209,49834928.75,5.3165000000000004,True,True,5.37
2021-11-05,5.15,5.2,5.1,5.13,60675504.0,364631546.0,24327798048.0,0.002494081210320971,5.094,5.098999999999999,5.1605,5.332333333333334,41.666665694444426,50488713.25,5.320666666666667,True,True,5.37
2021-11-08,5.13,5.2,5.11,5.19,46474524.0,281144843.0,24327798048.0,0.0019103465060135475,5.112,5.1,5.151999999999999,5.335500000000001,46.96969597337009,49851246.9,5.324666666666667,True,True,5.36
2021-11-09,5.19,5.19,5.11,5.13,45694961.0,274178474.0,24327798048.0,0.001878302381080338,5.126,5.098,5.146,5.337833333333334,44.28571340000002,48140675.65,5.327833333333333,False,True,5.25
2021-11-10,5.13,5.14,5.05,5.1,55141836.0,326958338.0,24327798048.0,0.0022666184539678566,5.14,5.099,5.14,5.337833333333333,47.69230666508877,48589585.2,5.327833333333333,True,False,5.23
2021-11-11,5.07,5.13,5.07,5.13,54076280.0,323260836.0,24327798048.0,0.0022228185178660522,5.136,5.11,5.135,5.3385,47.69230666508877,49418459.2,5.329833333333332,True,True,5.23
2021-11-12,5.16,5.2,5.13,5.14,51976914.0,313337792.0,24327798048.0,0.00213652357264093,5.138,5.1160000000000005,5.132,5.339666666666668,46.874998974609404,49905705.55,5.332333333333334,True,True,5.23
2021-11-15,5.13,5.16,5.1,5.15,35778161.0,214557416.0,24327798048.0,0.001470669927849937,5.130000000000001,5.121,5.128,5.340999999999999,49.999998870967765,49917094.5,5.335500000000001,False,True,5.23
2021-11-16,5.14,5.19,5.13,5.14,44459208.0,267845573.0,24327798048.0,0.0018275064562883862,5.132,5.129,5.1235,5.3421666666666665,54.38596357648506,49942498.05,5.337833333333334,False,False,5.23
2021-11-17,5.13,5.17,5.13,5.14,39234583.0,235989641.0,24327798048.0,0.0016127469869072469,5.14,5.140000000000001,5.12,5.3423333333333325,61.999998264,50237250.0,5.337833333333333,False,False,5.21
2021-11-18,5.13,5.18,5.12,5.12,39600420.0,237683952.0,24327798048.0,0.0016277848049324616,5.138,5.137,5.1194999999999995,5.343166666666666,54.347824432892295,48656900.1,5.3385,False,False,5.19
2021-11-19,5.09,5.14,5.08,5.13,40436612.0,241406176.0,24327798048.0,0.0016621566785541577,5.136,5.1370000000000005,5.118,5.3423333333333325,53.33333167407414,47986399.15,5.339666666666668,False,False,5.19
2021-11-22,5.13,5.17,5.13,5.15,46782671.0,281561315.0,24327798048.0,0.0019230129626896515,5.136,5.133,5.1165,5.343666666666667,60.46511431043817,48313522.85,5.340999999999999,False,False,5.19
2021-11-23,5.14,5.25,5.13,5.25,103092381.0,628296975.0,24327798048.0,0.0042376371588005385,5.1579999999999995,5.1450000000000005,5.121499999999999,5.346666666666667,71.99999798399992,50921120.75,5.3421666666666665,False,False,5.19
2021-11-24,5.24,5.24,5.19,5.2,54464600.0,331749438.0,24327798048.0,0.0022387805050230413,5.17,5.154999999999999,5.127,5.3485,55.813951671173605,50848026.5,5.3423333333333325,False,False,5.25
2021-11-25,5.19,5.2,5.15,5.16,48835564.0,295108489.0,24327798048.0,0.0020073976240531474,5.178,5.1579999999999995,5.134,5.349833333333334,53.33333167407414,50721943.25,5.343166666666666,False,False,5.25
2021-11-26,5.15,5.15,5.11,5.11,48310008.0,289322582.0,24327798048.0,0.0019857945180522243,5.174,5.154999999999999,5.1355,5.3485,40.90908960743808,50957755.25,5.3423333333333325,False,False,5.25
2021-11-29,5.07,5.1,5.05,5.09,46696716.0,277225386.0,24327798048.0,0.0019194797617057232,5.162,5.149,5.135,5.344833333333333,44.999998425000065,51269249.6,5.343666666666667,True,False,5.25
2021-11-30,5.1,5.21,5.09,5.21,79955495.0,481554760.0,24327798048.0,0.003286589885457109,5.154,5.156000000000001,5.1425,5.3373333333333335,61.22448804664729,52202691.65,5.346666666666667,True,True,5.25
2021-12-01,5.19,5.21,5.15,5.21,46382912.0,281150762.0,24327798048.0,0.001906580772681692,5.156000000000001,5.162999999999999,5.1515,5.331833333333334,58.69565038752368,52922351.9,5.3485,False,True,5.25
2021-12-02,5.2,5.3,5.19,5.26,97609969.0,599518586.0,24327798048.0,0.004012281292676407,5.176,5.1770000000000005,5.157,5.323166666666667,61.99999826400004,54283965.95,5.349833333333334,False,False,5.25
2021-12-03,5.25,5.3,5.23,5.28,64608421.0,397106094.0,24327798048.0,0.0026557447111540573,5.21,5.192,5.1645,5.3135,62.74509631680125,54480611.8,5.3485,False,False,5.26
2021-12-06,5.28,5.3,5.22,5.24,55180162.0,339167163.0,24327798048.0,0.002268193853431646,5.24,5.201,5.167,5.301,59.25925772290818,54915893.7,5.344833333333333,False,False,5.28
2021-12-07,5.27,5.33,5.24,5.31,85683806.0,530333221.0,24327798048.0,0.003522053489220086,5.26,5.207,5.176,5.293833333333334,63.93442476216075,56915335.95,5.3373333333333335,False,False,5.28
2021-12-08,5.31,5.33,5.28,5.31,55683264.0,344799449.0,24327798048.0,0.0022888739823527823,5.279999999999999,5.218000000000001,5.1865000000000006,5.284833333333333,66.10169334673944,56942407.35,5.331833333333334,False,False,5.31
2021-12-09,5.31,5.32,5.29,5.3,61422667.0,380893190.0,24327798048.0,0.0025247935254481277,5.288,5.232,5.195,5.275833333333334,64.40677813272052,57309726.7,5.323166666666667,False,False,5.31
2021-12-10,5.28,5.3,5.24,5.27,68383886.0,420539042.0,24327798048.0,0.002810936109592618,5.286,5.247999999999999,5.2015,5.265666666666666,59.99999859999998,58130075.3,5.3135,False,False,5.31
2021-12-13,5.28,5.37,5.28,5.3,71778443.0,446739704.0,24327798048.0,0.002950470192919944,5.297999999999999,5.269,5.209,5.254833333333334,54.716979686721274,59930089.4,5.301,False,False,5.31
2021-12-14,5.29,5.29,5.21,5.23,56009747.0,342923825.0,24327798048.0,0.002302294144726534,5.281999999999999,5.271,5.2135,5.2445,52.727271385124034,60507616.35,5.293833333333334,False,False,5.31
2021-12-15,5.23,5.28,5.21,5.24,39375226.0,241547937.0,24327798048.0,0.0016185281513070213,5.268,5.274,5.218500000000001,5.2365,57.6923061390533,60514648.5,5.284833333333333,False,False,5.31
2021-12-16,5.24,5.29,5.23,5.27,44533331.0,274061357.0,24327798048.0,0.0018305533000616595,5.262,5.275,5.226,5.231,65.999998152,60761294.05,5.275833333333334,False,False,5.31
2021-12-17,5.28,5.34,5.25,5.25,60887044.0,376416709.0,24327798048.0,0.0025027766129867867,5.258,5.272,5.232,5.226166666666667,65.99999815200012,61783815.65,5.265666666666666,False,False,5.31
2021-12-20,5.23,5.3,5.22,5.25,56197957.0,345105178.0,24327798048.0,0.0023100305621215093,5.248,5.273000000000001,5.237,5.221166666666667,55.263155858725874,62254579.95,5.254833333333334,False,False,5.31
2021-12-21,5.25,5.34,5.23,5.31,73519400.0,454803223.0,24327798048.0,0.0030220326498494616,5.263999999999999,5.273,5.24,5.218166666666667,61.36363441115711,60775930.9,5.2445,False,False,5.31
2021-12-22,5.32,5.32,5.25,5.27,64573217.0,397812253.0,24327798048.0,0.0026542976422524434,5.27,5.269,5.2435,5.2135,51.16278903190917,61281361.75,5.2365,False,False,5.31
2021-12-23,5.25,5.27,5.22,5.25,46814662.0,286856704.0,24327798048.0,0.001924327960452165,5.266,5.264,5.248,5.207666666666666,46.51162639264467,61180316.65,5.231,False,False,5.31
2021-12-24,5.25,5.27,5.14,5.15,95348563.0,578318276.0,24327798048.0,0.0039193256542113825,5.246,5.252000000000001,5.249999999999999,5.2025,40.816325364431464,63532244.4,5.226166666666667,False,False,5.31
2021-12-27,5.15,5.18,5.14,5.16,50818562.0,306255880.0,24327798048.0,0.0020889092346020118,5.228,5.2379999999999995,5.253500000000001,5.1995000000000005,32.55813847485125,63738336.7,5.221166666666667,True,False,5.31
2021-12-28,5.16,5.19,5.15,5.17,43765061.0,264158142.0,24327798048.0,0.0017989733766142452,5.2,5.232,5.2515,5.1961666666666675,34.090908006198305,61928815.0,5.218166666666667,True,True,5.31
2021-12-29,5.16,5.2,5.15,5.19,47827490.0,289961116.0,24327798048.0,0.001965960499410341,5.184,5.226999999999999,5.250500000000001,5.194166666666667,37.77777660246917,62001043.9,5.2135,True,True,5.31
2021-12-30,5.19,5.2,5.18,5.18,31887169.0,193299058.0,24327798048.0,0.0013107297642427388,5.17,5.218000000000001,5.246499999999999,5.192000000000001,39.53488243374798,58714903.9,5.207666666666666,True,True,5.31
2021-12-31,5.19,5.23,5.19,5.21,44951814.0,273881923.0,24327798048.0,0.0018477551446007465,5.182,5.214,5.243,5.189333333333334,39.53488243374798,57732073.55,5.2025,True,True,5.31
2022-01-04,5.22,5.25,5.2,5.23,52847674.0,323089346.0,24327798048.0,0.0021723163722310096,5.196,5.212000000000001,5.2425,5.187166666666667,49.99999815789481,57615449.15,5.1995000000000005,True,True,5.31
2022-01-05,5.23,5.25,5.2,5.22,47030652.0,287315752.0,24327798048.0,0.001933206281440108,5.206,5.203,5.2379999999999995,5.1866666666666665,47.36841930747923,55682791.45,5.1961666666666675,True,True,5.31
2022-01-06,5.21,5.31,5.2,5.3,92475272.0,569423680.0,24327798048.0,0.0038012183354014005,5.228,5.2059999999999995,5.2375,5.188000000000001,53.48837035154146,57522391.85,5.194166666666667,True,True,5.31
2022-01-07,5.29,5.37,5.27,5.33,135849448.0,848511003.0,24327798048.0,0.005584124289915678,5.258,5.214,5.239,5.189666666666667,59.09090721074384,61243730.9,5.192000000000001,False,True,5.31
2022-01-10,5.32,5.38,5.28,5.34,78767740.0,490033514.0,24327798048.0,0.003237766930019198,5.284,5.233,5.242500000000001,5.192000000000001,59.99999813333336,61762923.6,5.189333333333334,False,False,5.33
2022-01-11,5.31,5.37,5.28,5.3,51442674.0,319829374.0,24327798048.0,0.0021145635087277915,5.298,5.247,5.242500000000001,5.1931666666666665,48.83720771227699,60746135.15,5.187166666666667,False,False,5.34
2022-01-12,5.3,5.31,5.25,5.27,50683961.0,312493830.0,24327798048.0,0.002083376428067922,5.308,5.257,5.2445,5.193833333333333,49.99999833333339,60479845.85,5.1866666666666665,False,False,5.34
2022-01-13,5.27,5.31,5.25,5.25,52828653.0,325459938.0,24327798048.0,0.0021715345094433266,5.298,5.263,5.245,5.194500000000001,49.99999833333339,61152517.2,5.188000000000001,False,False,5.34
2022-01-14,5.25,5.25,5.15,5.16,89889890.0,545065029.0,24327798048.0,0.00369494558540163,5.264,5.261,5.2395,5.194999999999999,51.21951044616302,63420345.15,5.189666666666667,False,False,5.34
2022-01-17,5.16,5.19,5.14,5.17,50883112.0,306871938.0,24327798048.0,0.0020915625779038857,5.2299999999999995,5.257,5.2355,5.195166666666666,51.21951044616302,62920148.55,5.192000000000001,True,False,5.34
2022-01-18,5.16,5.31,5.15,5.25,101582076.0,621457675.0,24327798048.0,0.004175555707901443,5.220000000000001,5.2589999999999995,5.2355,5.196333333333333,58.33333163194446,65189354.5,5.1931666666666665,True,True,5.34
2022-01-19,5.23,5.31,5.22,5.28,87382690.0,538359385.0,24327798048.0,0.0035918865253480583,5.2219999999999995,5.265,5.234,5.1985,59.183671778425655,65882519.0,5.193833333333333,False,True,5.34
2022-01-20,5.27,5.32,5.25,5.28,90907515.0,561907760.0,24327798048.0,0.0037367753062005358,5.228,5.263,5.2345,5.201666666666667,60.416664904513965,67199233.9,5.194500000000001,False,False,5.34
2022-01-21,5.28,5.29,5.19,5.21,66138822.0,403397605.0,24327798048.0,0.002718652212974832,5.238,5.2509999999999994,5.2325,5.204833333333332,49.99999865384619,68165441.9,5.194999999999999,False,False,5.34
2022-01-24,5.19,5.24,5.16,5.19,47472369.0,288227780.0,24327798048.0,0.001951363165146906,5.242,5.236,5.234500000000001,5.206666666666666,46.153844911242636,65771632.2,5.195166666666666,True,False,5.34
2022-01-25,5.18,5.19,5.05,5.05,89430782.0,533648662.0,24327798048.0,0.0036760738404498614,5.202,5.211,5.229,5.205833333333333,36.92307612781068,67702243.2,5.196333333333333,True,True,5.34
2022-01-26,5.04,5.08,5.04,5.07,46574844.0,275252650.0,24327798048.0,0.0019144701837834,5.16,5.191000000000001,5.223999999999999,5.2059999999999995,30.508473852341368,67842732.35,5.1985,True,True,5.34
2022-01-27,5.07,5.07,4.98,5.01,52912779.0,310353298.0,24327798048.0,0.002174992528941598,5.106,5.167,5.215,5.205666666666667,24.19354784079087,68096996.8,5.201666666666667,True,True,5.34
2022-01-28,5.01,5.04,4.97,4.98,47918420.0,279806044.0,24327798048.0,0.001969698198967884,5.0600000000000005,5.149,5.205,5.202833333333333,21.874999521484455,68898559.35,5.204833333333332,True,True,5.34
2022-02-07,5.03,5.13,5.01,5.12,62777721.0,372886865.0,24327798048.0,0.002580493346587978,5.045999999999999,5.144,5.2005,5.2026666666666666,37.83783712198688,69789854.7,5.206666666666666,True,True,5.34
2022-02-08,5.11,5.16,5.09,5.15,51844454.0,310726812.0,24327798048.0,0.0021310787724276655,5.066000000000001,5.134,5.1965,5.202,41.89189109934266,69739693.7,5.205833333333333,True,True,5.34
2022-02-09,5.13,5.19,5.13,5.16,51972706.0,313633513.0,24327798048.0,0.0021363506017871067,5.0840000000000005,5.122,5.1935,5.2025,43.83561559767314,69986796.4,5.2059999999999995,True,True,5.34
2022-02-10,5.16,5.22,5.13,5.2,62551760.0,379247650.0,24327798048.0,0.002571205165242746,5.122,5.114,5.1884999999999994,5.204166666666667,52.94117538062286,68490620.8,5.205666666666667,True,True,5.34
2022-02-11,5.19,5.23,5.16,5.17,50017984.0,303471234.0,24327798048.0,0.00205600128303071,5.16,5.11,5.1805,5.204833333333334,49.99999900000002,64199047.6,5.202833333333333,False,True,5.34
2022-02-14,5.13,5.18,5.09,5.1,51119161.0,306127246.0,24327798048.0,0.002101265428919595,5.156,5.101000000000001,5.1685,5.204166666666667,39.13043398865785,62816618.65,5.2026666666666666,True,False,5.34
2022-02-15,5.1,5.13,5.07,5.1,37987844.0,226349791.0,24327798048.0,0.0015614994799384649,5.146,5.106,5.1585,5.203333333333333,36.36363559228649,62143877.15,5.202,True,True,5.3
2022-02-16,5.12,5.17,5.11,5.13,35339905.0,212311002.0,24327798048.0,0.0014526553093819894,5.14,5.112,5.1515,5.203166666666666,39.13043398865785,61376674.35,5.2025,True,True,5.28
2022-02-17,5.13,5.13,5.07,5.08,44992196.0,267976416.0,24327798048.0,0.0018494150564398832,5.116,5.119,5.143,5.202166666666668,40.29850662062824,60984851.5,5.204166666666667,True,True,5.28
2022-02-18,5.07,5.15,5.05,5.13,57382777.0,341804346.0,24327798048.0,0.002358732873677298,5.108,5.134,5.1415,5.202333333333334,45.71428479999999,59359495.85,5.204833333333334,True,True,5.28
2022-02-21,5.12,5.13,5.08,5.13,43989920.0,262590329.0,24327798048.0,0.0018082162599839747,5.114,5.135,5.1395,5.202333333333334,57.14285571428576,59014836.25,5.204166666666667,True,True,5.28
2022-02-22,5.11,5.11,5.05,5.06,49096195.0,291204433.0,24327798048.0,0.0020181109241013376,5.106,5.1259999999999994,5.130000000000001,5.200833333333334,49.18032674012359,56390542.2,5.203333333333333,True,True,5.28
2022-02-23,5.07,5.08,5.04,5.06,50449130.0,298003666.0,24327798048.0,0.0020737236432356626,5.0920000000000005,5.116,5.119,5.197666666666667,54.54545315702482,54543864.2,5.203166666666666,True,True,5.28
2022-02-24,5.06,5.07,4.92,4.96,91804253.0,535277897.0,24327798048.0,0.0037736359377394317,5.068,5.0920000000000005,5.103,5.193666666666667,48.38709568158167,54588701.1,5.202166666666668,True,True,5.28
2022-02-25,4.98,5.01,4.95,4.97,51106931.0,297249742.0,24327798048.0,0.0021007627118230505,5.036,5.072,5.091,5.190499999999999,34.693876559766764,53837106.55,5.202333333333334,True,True,5.21
2022-02-28,4.99,4.99,4.93,4.95,43697683.0,252651647.0,24327798048.0,0.0017962037876910282,5.0,5.0569999999999995,5.079,5.187833333333334,29.16666581597221,53648372.25,5.202333333333334,True,True,5.2
2022-03-01,4.96,5.0,4.95,5.0,30784903.0,179057933.0,24327798048.0,0.0012654208547464838,4.988,5.047,5.0765,5.186333333333334,34.61538368343194,50716078.3,5.200833333333334,True,True,5.2
2022-03-02,4.99,5.0,4.96,4.99,23360924.0,136035306.0,24327798048.0,0.0009602564093103574,4.974,5.0329999999999995,5.0725,5.182666666666667,28.571427755102036,49555382.3,5.197666666666667,True,True,5.2
2022-03-03,5.0,5.03,4.99,5.02,38747905.0,227284160.0,24327798048.0,0.001592741970463105,4.986,5.027,5.0729999999999995,5.1795,34.69387655976671,48847138.6,5.193666666666667,True,True,5.2
2022-03-04,5.01,5.01,4.94,4.95,46463047.0,270018087.0,24327798048.0,0.0019098747411634219,4.982000000000001,5.0089999999999995,5.0714999999999995,5.174333333333333,34.69387655976678,48774369.95,5.190499999999999,True,True,5.2
2022-03-07,4.95,4.97,4.88,4.89,63193951.0,363255836.0,24327798048.0,0.0025976025810192553,4.97,4.984999999999999,5.0600000000000005,5.167833333333333,30.909090122313998,48795181.45,5.187833333333334,True,True,5.2
2022-03-08,4.89,4.9,4.77,4.78,65843158.0,370873699.0,24327798048.0,0.002706498873021227,4.926,4.957,5.0415,5.160166666666667,22.222221728394985,49495116.65,5.186333333333334,True,True,5.2
2022-03-09,4.79,4.81,4.52,4.68,79263586.0,434115845.0,24327798048.0,0.0032581487993121635,4.864,4.919,5.0175,5.149666666666667,20.58823487024212,50859660.65,5.182666666666667,True,True,5.2
2022-03-10,4.72,4.75,4.69,4.71,43080355.0,237669259.0,24327798048.0,0.001770828371519701,4.8020000000000005,4.894,4.993,5.139666666666667,18.181817796143193,49886090.4,5.1795,True,True,5.2
2022-03-11,4.67,4.73,4.59,4.72,50265991.0,272772563.0,24327798048.0,0.0020661956705174305,4.756,4.869,4.9704999999999995,5.129999999999999,19.40298466919127,49898490.75,5.174333333333333,True,True,5.17
2022-03-14,4.7,4.74,4.66,4.66,33240056.0,182457535.0,24327798048.0,0.001366340510325499,4.71,4.840000000000001,4.9485,5.119833333333333,19.696969279155127,49004535.5,5.167833333333333,True,True,5.13
2022-03-15,4.64,4.65,4.42,4.42,90308458.0,476657246.0,24327798048.0,0.0037121509238861963,4.638,4.782,4.914499999999999,5.105166666666666,14.44444421975301,51620566.2,5.160166666666667,True,True,5.13
2022-03-16,4.48,4.55,4.39,4.53,66616761.0,348107245.0,24327798048.0,0.002738298010718508,4.608,4.736,4.8845,5.0935,26.373625967878255,53184409.0,5.149666666666667,True,True,5.13
2022-03-17,4.56,4.61,4.54,4.56,51037787.0,272507851.0,24327798048.0,0.0020979205310443557,4.578,4.6899999999999995,4.8585,5.082166666666667,27.95698882645388,53486688.55,5.139666666666667,True,True,5.13
2022-03-18,4.55,4.6,4.52,4.6,72360740.0,386475797.0,24327798048.0,0.002974405651396338,4.554,4.654999999999999,4.832,5.071,31.57894690304704,54235586.7,5.129999999999999,True,True,5.13
2022-03-21,4.58,4.59,4.52,4.55,41330785.0,219974527.0,24327798048.0,0.0016989118751500744,4.532,4.621,4.802999999999999,5.059333333333333,26.315789085872538,54102629.95,5.119833333333333,True,True,5.13
2022-03-22,4.62,4.74,4.62,4.66,94250680.0,515927224.0,24327798048.0,0.0038741969089861133,4.58,4.609,4.7829999999999995,5.049499999999999,34.28571382857142,56360354.2,5.105166666666666,True,True,5.06
2022-03-23,4.63,4.66,4.6,4.65,44633539.0,240927523.0,24327798048.0,0.0018346723740445283,4.604,4.606,4.7625,5.0385,32.03883451597703,56069574.65,5.0935,True,True,5.06
2022-03-24,4.6,4.66,4.59,4.65,37824645.0,204441794.0,24327798048.0,0.0015547911457243285,4.622000000000001,4.6,4.747,5.0281666666666665,34.37499949869793,53370594.25,5.082166666666667,True,True,5.02
2022-03-25,4.65,4.65,4.55,4.59,35439690.0,190288808.0,24327798048.0,0.0014567569958479458,4.62,4.587,4.728,5.017166666666666,34.37499949869793,52587232.2,5.071,True,True,5.02
2022-03-28,4.54,4.59,4.49,4.58,33178932.0,175966757.0,24327798048.0,0.001363827993579043,4.6259999999999994,4.579,4.7095,5.007666666666667,38.37209239859384,52061294.65,5.059333333333333,True,True,5.02
2022-03-29,4.59,4.59,4.53,4.54,23824986.0,126690992.0,24327798048.0,0.0009793317896256814,4.601999999999999,4.591,4.6865,4.997333333333333,41.24999927812503,51713298.8,5.049499999999999,True,True,5.02
2022-03-30,4.54,4.61,4.54,4.61,34050936.0,182186942.0,24327798048.0,0.0013996719280888368,4.594,4.599,4.6674999999999995,4.9879999999999995,44.047618313492094,52247799.4,5.0385,True,True,5.02
2022-03-31,4.61,4.63,4.6,4.62,37231581.0,200655973.0,24327798048.0,0.0015304131071188676,4.587999999999999,4.6049999999999995,4.6475,4.9784999999999995,44.047618313492094,52171983.2,5.0281666666666665,True,True,5.02
2022-04-01,4.6,4.63,4.58,4.62,31428324.0,169341604.0,24327798048.0,0.0012918688299693338,4.593999999999999,4.607000000000001,4.631,4.969166666666666,47.4358965844839,51420247.05,5.017166666666666,True,True,4.95
2022-04-06,4.61,4.72,4.6,4.69,53731935.0,293241419.0,24327798048.0,0.0022086641336788526,4.6160000000000005,4.621,4.621,4.9605,72.13114588551471,50947146.25,5.007666666666667,True,True,4.89
2022-04-07,4.66,4.72,4.65,4.68,43997492.0,240759441.0,24327798048.0,0.0018085275088682781,4.644,4.623,4.616,4.951333333333333,64.70588057670125,49854862.95,4.997333333333333,False,True,4.78
2022-04-08,4.71,4.76,4.66,4.74,60618465.0,334220761.0,24327798048.0,0.0024917366084837044,4.67,4.632,4.619,4.943333333333333,66.66666493827165,48922606.9,4.9879999999999995,False,False,4.72
2022-04-11,4.74,4.75,4.62,4.62,52290991.0,285852858.0,24327798048.0,0.002149433783395734,4.67,4.629,4.6145000000000005,4.932,51.61290206035385,49383138.7,4.9784999999999995,False,False,4.74
2022-04-12,4.6,4.7,4.59,4.69,42503990.0,230444986.0,24327798048.0,0.0017471367493324893,4.684,4.639,4.613,4.921333333333334,60.93749866699221,48995038.65,4.969166666666666,False,False,4.74
2022-04-13,4.62,4.62,4.5,4.5,82038569.0,437329080.0,24327798048.0,0.0033722151440970394,4.646,4.631,4.605,4.907333333333333,38.88888813271609,51434964.3,4.9605,False,False,4.74
2022-04-14,4.51,4.56,4.51,4.53,36099929.0,191236051.0,24327798048.0,0.0014838962790127154,4.6160000000000005,4.63,4.6105,4.8945,41.89189109934262,48724537.85,4.951333333333333,True,False,4.74
2022-04-15,4.51,4.54,4.48,4.5,39739590.0,209345188.0,24327798048.0,0.0016335054213123497,4.5680000000000005,4.619,4.609,4.881666666666666,40.25973952774502,47380679.3,4.943333333333333,True,True,4.74
2022-04-18,4.5,4.51,4.43,4.47,29583434.0,154077971.0,24327798048.0,0.0012160341820344925,4.538,4.604000000000001,4.6045,4.868666666666667,41.89189109934262,46307961.65,4.932,True,True,4.74
2022-04-19,4.47,4.5,4.46,4.48,26598473.0,139283608.0,24327798048.0,0.0010933366409701297,4.496,4.59,4.5985,4.857333333333333,43.2432424251279,44019848.3,4.921333333333334,True,True,4.74
2022-04-20,4.49,4.51,4.42,4.44,39716446.0,207050769.0,24327798048.0,0.0016325540816163225,4.484,4.5649999999999995,4.593000000000001,4.845166666666667,43.2432424251279,43939131.35,4.907333333333333,True,True,4.74
2022-04-21,4.41,4.44,4.36,4.37,47984089.0,246741056.0,24327798048.0,0.0019723975390343556,4.452,4.534000000000001,4.5785,4.8305,33.7837831446312,41625801.8,4.8945,True,True,4.74
2022-04-22,4.37,4.43,4.34,4.42,38214868.0,196214220.0,24327798048.0,0.0015708313561548027,4.436,4.502,4.567,4.816166666666666,37.17948651216312,41304868.25,4.881666666666666,True,True,4.74
2022-04-25,4.39,4.43,4.25,4.27,67208373.0,341790507.0,24327798048.0,0.002762616364514142,4.396,4.4670000000000005,4.548,4.799333333333333,31.182795229506368,42774054.65,4.868666666666667,True,True,4.74
2022-04-26,4.27,4.33,4.12,4.16,66479441.0,329519544.0,24327798048.0,0.0027326534390343356,4.332,4.414,4.5265,4.781833333333334,22.680412043787953,44326042.2,4.857333333333333,True,True,4.74
2022-04-27,4.13,4.24,4.1,4.23,48223601.0,236016129.0,24327798048.0,0.0019822427374993966,4.29,4.3870000000000005,4.509,4.765833333333334,28.15533942313141,45078275.65,4.845166666666667,True,True,4.74
2022-04-28,4.22,4.29,4.18,4.24,39242432.0,194224385.0,24327798048.0,0.0016130696219432872,4.264,4.3580000000000005,4.494000000000001,4.7523333333333335,24.489795568513188,45849147.95,4.8305,True,True,4.74
2022-04-29,4.26,4.33,4.24,4.32,42566760.0,213466037.0,24327798048.0,0.0017497169253055122,4.244,4.340000000000001,4.4795,4.739833333333334,34.04255268447265,46274939.15,4.816166666666666,True,True,4.74
2022-05-05,4.3,4.34,4.3,4.3,32296045.0,162926716.0,24327798048.0,0.0013275367107322346,4.25,4.323,4.463500000000001,4.728,28.08988719858607,46028162.35,4.799333333333333,True,True,4.74
2022-05-06,4.26,4.26,4.19,4.2,32175682.0,158765842.0,24327798048.0,0.001322589160618471,4.258,4.295,4.4425,4.715000000000001,31.249999453125056,46065530.25,4.781833333333334,True,True,4.74
2022-05-09,4.19,4.23,4.18,4.22,20752852.0,101999131.0,24327798048.0,0.0008530509813939409,4.256,4.273000000000001,4.419,4.7,30.379746297067783,44416576.1,4.765833333333334,True,True,4.74
2022-05-10,4.18,4.25,4.16,4.24,32696289.0,160942836.0,24327798048.0,0.001343988836782044,4.255999999999999,4.26,4.397,4.684833333333334,33.33333273504279,43851515.95,4.7523333333333335,True,True,4.74
2022-05-11,4.24,4.3,4.23,4.25,38236054.0,191014082.0,24327798048.0,0.0015717022117890938,4.242,4.243,4.3725000000000005,4.669666666666667,35.5263151350416,42732395.4,4.739833333333334,True,True,4.74
2022-05-12,4.24,4.26,4.22,4.25,24553476.0,121775690.0,24327798048.0,0.0010092765465889977,4.232,4.2410000000000005,4.354,4.653833333333334,34.666666019555535,41345519.65,4.728,True,True,4.69
2022-05-13,4.26,4.3,4.24,4.3,31562360.0,157661425.0,24327798048.0,0.0012973784120422999,4.252000000000001,4.255,4.3345,4.639333333333334,40.78947293282546,40798438.15,4.715000000000001,True,True,4.69
2022-05-16,4.31,4.34,4.26,4.27,24020025.0,120158191.0,24327798048.0,0.0009873489147109514,4.262,4.259,4.3229999999999995,4.6255,43.05555471836418,37897510.95,4.7,True,True,4.53
2022-05-17,4.26,4.27,4.22,4.25,19555320.0,97027231.0,24327798048.0,0.0008038261400154813,4.264,4.26,4.308999999999999,4.6113333333333335,37.6811586557446,37070280.5,4.684833333333334,True,True,4.53
2022-05-18,4.26,4.28,4.24,4.24,23134681.0,115158652.0,24327798048.0,0.000950956636287184,4.2620000000000005,4.252,4.296,4.596500000000001,47.272726069421566,36240035.05,4.669666666666667,True,True,4.5
2022-05-19,4.2,4.25,4.18,4.25,19083937.0,94231014.0,24327798048.0,0.0007844498282313265,4.2620000000000005,4.247,4.285,4.582666666666666,59.9999981333334,35715060.2,4.653833333333334,True,True,4.48
2022-05-20,4.24,4.3,4.24,4.29,30569026.0,152780448.0,24327798048.0,0.0012565471786507654,4.26,4.255999999999999,4.275499999999999,4.568666666666667,57.14285523809527,35913587.85,4.639333333333334,True,True,4.48
2022-05-23,4.29,4.3,4.27,4.3,24479041.0,122550748.0,24327798048.0,0.001006216877980555,4.266,4.264,4.2684999999999995,4.554833333333333,57.14285523809527,35151717.6,4.6255,False,True,4.44
2022-05-24,4.29,4.3,4.21,4.21,35201697.0,174832058.0,24327798048.0,0.0014469742362438736,4.258,4.261,4.2605,4.540666666666667,37.2093011141157,34512598.0,4.6113333333333335,False,False,4.42
2022-05-25,4.2,4.24,4.2,4.23,25656142.0,126620198.0,24327798048.0,0.0010546018981816238,4.255999999999999,4.2589999999999995,4.251,4.526833333333332,41.860463753380294,33884661.7,4.596500000000001,True,False,4.42
2022-05-26,4.24,4.3,4.23,4.29,35674699.0,177763076.0,24327798048.0,0.0014664170974130902,4.264,4.263,4.252,4.515666666666666,61.53845932938866,32307978.0,4.582666666666666,True,True,4.32
2022-05-27,4.3,4.35,4.28,4.33,49531046.0,249934872.0,24327798048.0,0.0020359855792239268,4.272,4.266,4.2604999999999995,4.505,63.41463198096385,31460558.25,4.568666666666667,False,True,4.32
2022-05-30,4.34,4.35,4.3,4.3,27117759.0,136762803.0,24327798048.0,0.0011146820171104373,4.272,4.269,4.263999999999999,4.494166666666667,57.14285523809527,30405266.15,4.554833333333333,False,False,4.33
2022-05-31,4.3,4.37,4.29,4.33,52098670.0,263861296.0,24327798048.0,0.0021415283823553056,4.296,4.276999999999999,4.2685,4.483,59.09090721074387,31048078.05,4.540666666666667,False,False,4.33
2022-06-01,4.32,4.35,4.3,4.34,36395189.0,184071697.0,24327798048.0,0.001496033012448986,4.318,4.287000000000001,4.2695,4.472166666666666,59.9999981333334,30739499.5,4.526833333333332,False,False,4.33
2022-06-02,4.34,4.36,4.3,4.36,32629736.0,165522429.0,24327798048.0,0.0013412531596825922,4.331999999999999,4.298,4.272499999999999,4.461166666666667,57.142855238095365,30756184.05,4.515666666666666,False,False,4.34
2022-06-06,4.34,4.36,4.31,4.35,32502533.0,164761864.0,24327798048.0,0.0013360244497208841,4.336,4.304,4.28,4.4511666666666665,59.99999790000007,30772526.6,4.505,False,False,4.36
2022-06-07,4.35,4.36,4.31,4.35,36577410.0,185517272.0,24327798048.0,0.0015035232505560463,4.345999999999999,4.308999999999999,4.2865,4.442166666666667,63.15789240997231,31563754.5,4.494166666666667,False,False,4.36
2022-06-08,4.35,4.36,4.31,4.36,43575336.0,221013940.0,24327798048.0,0.0017911746847792643,4.352,4.324,4.2924999999999995,4.4351666666666665,65.78947126038784,32107706.85,4.483,False,False,4.36
2022-06-09,4.36,4.36,4.32,4.34,32918014.0,166959515.0,24327798048.0,0.0013531028963267066,4.352,4.335,4.297,4.4295,61.538459329388544,31841804.85,4.472166666666666,False,False,4.36
2022-06-10,4.31,4.36,4.3,4.36,43317119.0,219758167.0,24327798048.0,0.0017805606127826732,4.351999999999999,4.3420000000000005,4.3025,4.423666666666667,59.45945720964213,32779987.0,4.461166666666667,False,False,4.36
2022-06-13,4.34,4.36,4.3,4.31,42191592.0,213226562.0,24327798048.0,0.0017342955542772023,4.343999999999999,4.340000000000001,4.303,4.416833333333334,51.21951044616302,33311448.6,4.4511666666666665,False,False,4.36
2022-06-14,4.3,4.39,4.27,4.38,57759921.0,291644280.0,24327798048.0,0.002374235468661681,4.35,4.348,4.3085,4.412166666666667,71.79486921761985,34998443.4,4.442166666666667,False,False,4.36
2022-06-15,4.37,4.53,4.37,4.48,110575167.0,579766387.0,24327798048.0,0.004545218880139892,4.374,4.363,4.32,4.413166666666666,76.59574239927552,39549435.75,4.4351666666666665,False,False,4.38
2022-06-16,4.49,4.49,4.42,4.42,54935173.0,285566141.0,24327798048.0,0.0022581235215620448,4.39,4.3709999999999996,4.329,4.411333333333333,63.82978533272964,41139460.35,4.4295,False,False,4.48
2022-06-17,4.41,4.45,4.39,4.42,43947435.0,227042143.0,24327798048.0,0.0018064699038231674,4.401999999999999,4.377,4.3375,4.409000000000001,60.465114310438,42382635.25,4.423666666666667,False,False,4.48
2022-06-20,4.45,4.48,4.42,4.45,35565540.0,185093845.0,24327798048.0,0.0014619300904186788,4.430000000000001,4.3870000000000005,4.3454999999999995,4.406499999999999,67.44185826933469,42632460.95,4.416833333333334,False,False,4.48
2022-06-21,4.45,4.47,4.41,4.44,32395284.0,168142992.0,24327798048.0,0.0013316159537366445,4.442,4.396,4.352500000000001,4.4046666666666665,63.41463198096368,43028273.1,4.412166666666667,False,False,4.48
2022-06-22,4.44,4.45,4.38,4.38,32672328.0,168418101.0,24327798048.0,0.0013430039141041788,4.422,4.398000000000001,4.361,4.4,54.34782443289226,42901804.65,4.413166666666666,False,False,4.48
2022-06-23,4.38,4.42,4.37,4.42,27608301.0,142097387.0,24327798048.0,0.0011348458642055231,4.422,4.406000000000001,4.3705,4.396166666666667,56.24999835937494,42999412.6,4.411333333333333,False,False,4.48
2022-06-24,4.42,4.44,4.41,4.42,26123105.0,135071976.0,24327798048.0,0.0010737965248008787,4.422,4.412,4.377000000000001,4.392333333333334,57.44680679945677,42521832.9,4.409000000000001,False,False,4.48
2022-06-27,4.44,4.46,4.42,4.44,35489681.0,183997348.0,24327798048.0,0.0014588118879471552,4.42,4.425,4.3825,4.389833333333334,59.18367177842569,41819764.65,4.406499999999999,False,False,4.48
2022-06-28,4.42,4.48,4.41,4.48,38230855.0,198952012.0,24327798048.0,0.0015714885056415115,4.428,4.4350000000000005,4.391500000000001,4.388166666666666,61.53845988165677,42375419.45,4.4046666666666665,False,False,4.48
2022-06-29,4.46,4.52,4.43,4.44,44067336.0,230330295.0,24327798048.0,0.0018113984633156225,4.4399999999999995,4.431,4.397,4.3865,59.259257722908124,41973852.75,4.4,False,False,4.48
2022-06-30,4.43,4.48,4.43,4.45,31091433.0,161835937.0,24327798048.0,0.001278020844248008,4.446000000000001,4.433999999999999,4.402500000000001,4.3838333333333335,58.490564492702006,41708664.95,4.396166666666667,False,False,4.48
2022-07-01,4.45,4.47,4.42,4.42,27776753.0,144152682.0,24327798048.0,0.001141770124250252,4.446,4.434,4.405500000000001,4.3805,60.78431205690122,41466015.8,4.392333333333334,False,False,4.48
2022-07-04,4.42,4.43,4.39,4.42,26357318.0,135824467.0,24327798048.0,0.0010834239065942446,4.442,4.431,4.409,4.377166666666667,54.545452809917386,41158755.05,4.389833333333334,False,False,4.48
2022-07-05,4.42,4.44,4.38,4.42,32486640.0,167459477.0,24327798048.0,0.0013353711641268225,4.430000000000001,4.429,4.4125,4.3726666666666665,41.1764688927336,40954216.55,4.388166666666666,False,False,4.48
2022-07-06,4.4,4.42,4.33,4.36,38490621.0,196337353.0,24327798048.0,0.0015821662496562994,4.414,4.4270000000000005,4.4125,4.367333333333334,41.1764688927337,40699980.8,4.3865,False,False,4.48
2022-07-07,4.36,4.41,4.34,4.39,26123043.0,133588904.0,24327798048.0,0.0010737939762759411,4.401999999999999,4.4239999999999995,4.415,4.3615,45.94594420745073,40360232.25,4.3838333333333335,True,False,4.48
2022-07-08,4.39,4.57,4.38,4.48,80855644.0,424098352.0,24327798048.0,0.0033235907269728087,4.414,4.430000000000001,4.421,4.359166666666666,53.48837035154146,42237158.5,4.3805,True,True,4.48
2022-07-11,4.48,4.49,4.44,4.45,35179538.0,183423137.0,24327798048.0,0.0014460633852101598,4.42,4.431,4.428,4.355166666666666,51.11110952098768,41886555.8,4.377166666666667,False,True,4.48
2022-07-12,4.46,4.5,4.43,4.44,36572327.0,190854455.0,24327798048.0,0.0015033143126164117,4.424,4.4270000000000005,4.431,4.354166666666667,57.49999798750012,40827176.1,4.3726666666666665,False,False,4.48
2022-07-13,4.44,4.48,4.43,4.45,28410670.0,147973806.0,24327798048.0,0.0011678274352633264,4.442,4.428,4.4295,4.352833333333334,54.05405200876563,36718951.25,4.367333333333334,False,False,4.48
2022-07-14,4.45,4.47,4.4,4.41,34319274.0,177425254.0,24327798048.0,0.0014107020262288557,4.446,4.424,4.429,4.351333333333334,48.78048613920294,35688156.3,4.3615,False,False,4.48
2022-07-15,4.4,4.42,4.34,4.34,36225261.0,185319125.0,24327798048.0,0.001489048081068648,4.418,4.416,4.425,4.349166666666666,39.1304335916824,35302047.6,4.359166666666666,True,False,4.48
2022-07-18,4.34,4.42,4.33,4.41,25530151.0,131058778.0,24327798048.0,0.00104942300777192,4.41,4.415,4.423,4.348000000000001,42.85714163265307,34800278.15,4.355166666666666,True,True,4.48
2022-07-19,4.4,4.42,4.38,4.42,20265222.0,104364909.0,24327798048.0,0.0008330068327604361,4.406000000000001,4.415000000000001,4.422,4.347666666666667,47.826085500945176,34193775.05,4.354166666666667,True,True,4.48
2022-07-20,4.42,4.45,4.41,4.44,25386832.0,131387235.0,24327798048.0,0.0010435318457474232,4.404000000000001,4.423,4.425,4.348833333333333,48.93616875509287,33829500.25,4.352833333333334,True,True,4.48
2022-07-21,4.43,4.44,4.4,4.4,21402560.0,110612555.0,24327798048.0,0.0008797573852665024,4.402,4.424000000000001,4.424,4.3485000000000005,47.91666526909731,33519213.2,4.351333333333334,False,True,4.48
2022-07-22,4.43,4.43,4.39,4.42,21701320.0,111935045.0,24327798048.0,0.0008920379870460194,4.418000000000001,4.418,4.424,4.351,49.99999860000004,33298123.95,4.349166666666666,True,False,4.48
2022-07-25,4.42,4.43,4.36,4.38,18968337.0,97380575.0,24327798048.0,0.0007796980623801009,4.412000000000001,4.411,4.421,4.354666666666666,46.29629509602197,32472056.75,4.348000000000001,True,True,4.48
2022-07-26,4.38,4.41,4.37,4.39,15571370.0,79886352.0,24327798048.0,0.0006400649154221391,4.406000000000001,4.406000000000001,4.4165,4.357333333333333,53.06122297376091,31339082.5,4.347666666666667,True,True,4.48
2022-07-27,4.39,4.41,4.37,4.37,14631760.0,74958455.0,24327798048.0,0.0006014420199941969,4.392,4.398,4.413,4.359500000000001,47.91666526909731,29867303.7,4.348833333333333,True,True,4.48
2022-07-28,4.39,4.45,4.38,4.42,30441205.0,157315312.0,24327798048.0,0.0012512930656501642,4.396,4.399,4.411499999999999,4.361166666666666,43.18181680785122,29834792.3,4.3485000000000005,True,True,4.48
2022-07-29,4.42,4.44,4.39,4.41,25109003.0,129468831.0,24327798048.0,0.001032111617765761,4.394,4.406,4.4110000000000005,4.363,45.23809373015876,29701404.8,4.351,False,True,4.48
2022-08-01,4.41,4.42,4.37,4.38,26340825.0,135107563.0,24327798048.0,0.0010827459578556264,4.394,4.4030000000000005,4.409000000000001,4.366,43.18181680785122,29700580.15,4.354666666666666,True,False,4.48
2022-08-02,4.36,4.37,4.18,4.23,78984169.0,390704574.0,24327798048.0,0.0032466632962079084,4.362,4.384,4.399500000000001,4.366166666666667,31.0344820095125,32025456.6,4.357333333333333,True,True,4.48
2022-08-03,4.23,4.29,4.19,4.2,35909442.0,177968571.0,24327798048.0,0.0014760662649841477,4.328,4.36,4.391500000000001,4.3655,31.57894659279779,31896397.65,4.359500000000001,True,True,4.48
2022-08-04,4.22,4.24,4.19,4.22,24057197.0,118563928.0,24327798048.0,0.0009888768787267104,4.287999999999999,4.3420000000000005,4.383000000000001,4.364999999999999,38.46153742603549,31793105.35,4.361166666666666,True,True,4.48
2022-08-05,4.24,4.29,4.22,4.28,27895537.0,138527039.0,24327798048.0,0.001146652769188591,4.262,4.328,4.373,4.3655,37.25490093810074,29145100.0,4.363,True,True,4.48
2022-08-08,4.28,4.32,4.26,4.3,21735794.0,109229240.0,24327798048.0,0.0008934550491217561,4.246,4.32,4.3655,4.3655,38.46153742603549,28472912.8,4.366,True,True,4.45
2022-08-09,4.3,4.32,4.29,4.3,15672111.0,78841855.0,24327798048.0,0.0006442058984984222,4.26,4.311,4.3585,4.366,35.99999899199992,27427902.0,4.366166666666667,True,True,4.45
2022-08-10,4.3,4.33,4.3,4.32,18028648.0,90817727.0,24327798048.0,0.0007410719196381254,4.284000000000001,4.306,4.351999999999999,4.367166666666667,41.666665451388894,26908800.9,4.3655,True,True,4.45
2022-08-11,4.33,4.41,4.32,4.4,37524664.0,191712972.0,24327798048.0,0.001542460354445639,4.32,4.304,4.3515,4.369833333333333,48.148146899862894,27069070.4,4.364999999999999,True,True,4.44
2022-08-12,4.43,4.43,4.4,4.42,31655477.0,157525935.0,24327798048.0,0.0013012060087617512,4.348000000000001,4.305000000000001,4.3555,4.3726666666666665,53.84615239644975,26840581.2,4.3655,False,True,4.44
2022-08-15,4.42,4.44,4.4,4.42,23465476.0,117101408.0,24327798048.0,0.0009645540444598153,4.372,4.309,4.356,4.374833333333332,52.941175017301106,26737347.45,4.3655,False,False,4.44
2022-08-16,4.43,4.43,4.4,4.41,23010186.0,114491738.0,24327798048.0,0.0009458392393179077,4.394,4.327,4.3555,4.376666666666667,53.99999848800006,26874595.65,4.366,False,False,4.44
2022-08-17,4.42,4.47,4.39,4.45,28980195.0,144931413.0,24327798048.0,0.0011912378976025935,4.42,4.352,4.356,4.3806666666666665,53.061222973761005,27054263.8,4.367166666666667,False,False,4.44
2022-08-18,4.44,4.46,4.41,4.41,18977249.0,94638009.0,24327798048.0,0.0007800643922872473,4.422,4.371,4.3565,4.3836666666666675,49.99999865384619,26932998.25,4.369833333333333,False,False,4.45
2022-08-19,4.41,4.45,4.4,4.42,23321541.0,116354761.0,24327798048.0,0.0009586375616069074,4.422,4.385,4.3565,4.385833333333333,53.99999848800006,27014009.3,4.3726666666666665,False,False,4.45
2022-08-22,4.42,4.44,4.4,4.43,19381724.0,96701953.0,24327798048.0,0.000796690434611421,4.424,4.398,4.359,4.3875,77.77777475308648,27034678.65,4.374833333333332,False,False,4.45
2022-08-23,4.43,4.43,4.4,4.4,20867655.0,103758869.0,24327798048.0,0.0008577699863681473,4.422,4.4079999999999995,4.3595,4.389166666666667,77.77777475308667,27299492.9,4.376666666666667,False,False,4.45
2022-08-24,4.42,4.42,4.36,4.36,31401447.0,155413774.0,24327798048.0,0.0012907640444089238,4.404,4.412,4.359,4.389666666666668,68.42105011080353,28137977.25,4.3806666666666665,False,False,4.45
2022-08-25,4.37,4.4,4.34,4.39,28258860.0,139104021.0,24327798048.0,0.001161587248638114,4.4,4.411,4.3575,4.3905,65.7142830857144,28028860.0,4.3836666666666675,False,False,4.45
2022-08-26,4.39,4.39,4.35,4.36,18467826.0,91096580.0,24327798048.0,0.0007591244371382082,4.388,4.404999999999999,4.3549999999999995,4.3905,58.333331064815034,27696801.15,4.385833333333333,False,False,4.45
2022-08-29,4.35,4.46,4.35,4.46,55563102.0,277336790.0,24327798048.0,0.002283934694392445,4.394,4.409,4.359,4.392333333333334,67.39130229678656,29157915.0,4.3875,False,False,4.45
2022-08-30,4.44,4.48,4.43,4.46,32889627.0,165188501.0,24327798048.0,0.001351936041852496,4.406000000000001,4.414,4.3705,4.394166666666666,65.90908881198362,26853187.9,4.389166666666667,False,False,4.46
2022-08-31,4.44,4.47,4.41,4.44,38139267.0,190738742.0,24327798048.0,0.0015677237588354383,4.422,4.412999999999999,4.382499999999999,4.395499999999999,55.26315585872589,26964679.15,4.389666666666668,False,False,4.46
2022-09-01,4.42,4.45,4.4,4.4,24753129.0,123516652.0,24327798048.0,0.0010174833312559073,4.4239999999999995,4.412000000000001,4.3915,4.3965000000000005,47.49999833750009,26999475.75,4.3905,False,False,4.46
2022-09-02,4.41,4.42,4.37,4.38,21537032.0,106597242.0,24327798048.0,0.0008852848892245129,4.428,4.4079999999999995,4.3965,4.396833333333333,45.238093730158745,26681550.5,4.3905,False,False,4.46
2022-09-05,4.37,4.41,4.37,4.4,20267358.0,100274016.0,24327798048.0,0.0008330946335550574,4.4159999999999995,4.405,4.4015,4.3983333333333325,48.83720771227698,26608128.7,4.392333333333334,True,False,4.46
2022-09-06,4.41,4.44,4.4,4.43,28300795.0,141390705.0,24327798048.0,0.001163310996916411,4.41,4.408,4.4079999999999995,4.399166666666667,47.61904603174602,27239562.9,4.394166666666666,True,True,4.46
2022-09-07,4.45,4.5,4.42,4.46,41226737.0,207177947.0,24327798048.0,0.001694634957042044,4.414,4.418000000000001,4.415000000000001,4.398833333333333,56.09755906008336,28399467.35,4.395499999999999,False,True,4.46
2022-09-08,4.47,4.5,4.45,4.48,41461047.0,209774467.0,24327798048.0,0.00170426632604378,4.430000000000001,4.4270000000000005,4.419,4.3998333333333335,57.1428552380954,28596286.5,4.3965000000000005,False,False,4.46
2022-09-09,4.49,4.5,4.47,4.49,27524981.0,139403205.0,24327798048.0,0.001131420975531439,4.452,4.44,4.4225,4.401,57.1428552380954,28389761.7,4.396833333333333,False,False,4.48
2022-09-13,4.49,4.51,4.46,4.49,26412369.0,133656304.0,24327798048.0,0.0010856867912125477,4.470000000000001,4.4430000000000005,4.426,4.401666666666667,61.53845932938866,28537106.35,4.3983333333333325,False,False,4.49
2022-09-14,4.47,4.48,4.43,4.44,27799395.0,139767442.0,24327798048.0,0.0011427008291153339,4.472,4.441000000000001,4.4275,4.401666666666667,59.99999790000012,28776566.8,4.399166666666667,False,False,4.49
2022-09-15,4.46,4.48,4.39,4.42,30876927.0,154432908.0,24327798048.0,0.0012692035234376014,4.464,4.439,4.426,4.402333333333334,53.846151913215095,28871403.4,4.398833333333333,False,False,4.49
2022-09-16,4.42,4.42,4.3,4.32,59674488.0,293052651.0,24327798048.0,0.0024529342064686316,4.432,4.431,4.4215,4.400666666666667,45.65217252362953,30906265.35,4.3998333333333335,True,False,4.49
2022-09-19,4.33,4.34,4.25,4.27,43489148.0,209943744.0,24327798048.0,0.0017876319062742,4.388,4.42,4.414,4.398166666666667,26.829267376561617,31914645.7,4.401,True,True,4.49
2022-09-20,4.27,4.3,4.27,4.27,20382903.0,98406301.0,24327798048.0,0.000837844138618032,4.343999999999999,4.407,4.406,4.395333333333332,26.829267376561617,31964704.65,4.401666666666667,True,True,4.49
2022-09-21,4.27,4.29,4.23,4.27,23784871.0,114199903.0,24327798048.0,0.0009776828528858725,4.31,4.391,4.399500000000001,4.391833333333334,28.20512719263644,32110565.45,4.401666666666667,True,True,4.49
2022-09-22,4.26,4.32,4.25,4.3,25865705.0,124974488.0,24327798048.0,0.0010632160357861254,4.286,4.375,4.3965000000000005,4.3895,36.84210390581722,31833778.35,4.402333333333334,True,True,4.49
2022-09-23,4.3,4.35,4.27,4.32,27395772.0,133156155.0,24327798048.0,0.0011261098084564304,4.286,4.359,4.393,4.387333333333333,42.10526160664834,31790623.95,4.400666666666667,True,True,4.49
2022-09-26,4.31,4.32,4.2,4.2,38223146.0,183269536.0,24327798048.0,0.0015711716253392009,4.272,4.33,4.385,4.3836666666666675,29.166665815972294,32778389.95,4.398166666666667,True,True,4.49
2022-09-27,4.2,4.26,4.18,4.26,19041671.0,90431441.0,24327798048.0,0.0007827124741182824,4.2700000000000005,4.307,4.375,4.381,33.33333241830074,30952318.4,4.395333333333332,True,True,4.49
2022-09-28,4.24,4.25,4.18,4.19,21313889.0,100958872.0,24327798048.0,0.0008761125424482149,4.2540000000000004,4.282,4.3615,4.377166666666667,25.454544806611665,30373531.5,4.391833333333334,True,True,4.49
2022-09-29,4.19,4.22,4.12,4.15,27105658.0,127564544.0,24327798048.0,0.001114184602589973,4.224,4.255,4.3469999999999995,4.373666666666666,21.052631061865213,29821851.05,4.3895,True,True,4.49
2022-09-30,4.14,4.19,4.13,4.16,27861325.0,131092656.0,24327798048.0,0.0011452464766859775,4.192,4.239,4.335,4.369833333333333,21.052631061865213,29977260.85,4.387333333333333,True,True,4.49
2022-10-10,4.17,4.21,4.12,4.13,26764869.0,125707623.0,24327798048.0,0.0011001763886395117,4.178,4.225,4.3225,4.364000000000001,19.99999953333335,30238652.7,4.3836666666666675,True,True,4.49
2022-10-11,4.14,4.17,4.11,4.13,20706962.0,96492417.0,24327798048.0,0.0008511646618877753,4.151999999999999,4.211,4.308999999999999,4.358666666666666,21.818181262809915,30260632.9,4.381,True,True,4.49
2022-10-12,4.13,4.19,4.09,4.19,27748390.0,129119237.0,24327798048.0,0.0011406042563018239,4.152,4.203,4.297000000000001,4.3545,30.508473852341368,30233012.65,4.377166666666667,True,True,4.49
2022-10-13,4.17,4.2,4.16,4.18,18152314.0,85533545.0,24327798048.0,0.0007461552403626727,4.1579999999999995,4.191000000000001,4.2829999999999995,4.35,35.999998992000016,29079291.5,4.373666666666666,True,True,4.49
2022-10-14,4.19,4.24,4.19,4.21,20842542.0,99146982.0,24327798048.0,0.0008567377104527335,4.168,4.180000000000001,4.269500000000001,4.346666666666666,43.74999872395843,28048366.25,4.369833333333333,True,True,4.49
2022-10-17,4.22,4.24,4.2,4.23,21063896.0,100372354.0,24327798048.0,0.0008658365199530121,4.188000000000001,4.183,4.2565,4.344833333333333,45.99999871200013,27725312.0,4.364000000000001,True,True,4.49
2022-10-18,4.24,4.26,4.21,4.22,20417619.0,97311616.0,24327798048.0,0.000839271148162073,4.206,4.179,4.243,4.341666666666667,45.09803797770096,27425574.5,4.358666666666666,True,True,4.49
2022-10-19,4.22,4.23,4.18,4.18,15748843.0,74597184.0,24327798048.0,0.0006473599858452754,4.204,4.178,4.23,4.337666666666666,38.46153742603557,26823046.9,4.3545,True,True,4.44
2022-10-20,4.18,4.23,4.16,4.19,18100501.0,85531426.0,24327798048.0,0.0007440254545144931,4.206,4.182,4.218500000000001,4.3335,37.25490093810083,26184225.6,4.35,True,True,4.42
2022-10-21,4.2,4.3,4.19,4.28,54583116.0,262775093.0,24327798048.0,0.0022436521337568117,4.220000000000001,4.194,4.2165,4.3315,58.33333163194446,25929657.0,4.346666666666666,True,True,4.32
2022-10-24,4.29,4.32,4.19,4.22,41572033.0,199858372.0,24327798048.0,0.0017088284323133658,4.218,4.203,4.214,4.328166666666666,45.83333199652784,25833801.25,4.344833333333333,False,True,4.32
2022-10-25,4.24,4.27,4.19,4.25,29964663.0,142861483.0,24327798048.0,0.0012317046919280642,4.224,4.215,4.213,4.326,56.818180010330536,26312889.25,4.341666666666667,False,False,4.32
2022-10-26,4.27,4.32,4.25,4.28,35597184.0,172243806.0,24327798048.0,0.0014632308246625904,4.244000000000001,4.224,4.2135,4.324166666666667,65.11627694970245,26903504.9,4.337666666666666,False,False,4.32
2022-10-27,4.29,4.32,4.27,4.27,34918962.0,168955210.0,24327798048.0,0.0014353523459502207,4.26,4.233,4.212,4.322500000000001,62.79069563007016,27356167.75,4.3335,False,False,4.32
2022-10-28,4.26,4.28,4.16,4.16,44061506.0,209384139.0,24327798048.0,0.0018111588197610147,4.236,4.228,4.204,4.3181666666666665,52.94117501730108,28189454.45,4.3315,False,False,4.32
2022-10-31,4.17,4.25,4.15,4.21,35370592.0,167451719.0,24327798048.0,0.0014539167059103334,4.234,4.226,4.2045,4.3148333333333335,57.14285571428571,28046826.75,4.328166666666666,True,False,4.28
2022-11-01,4.2,4.34,4.2,4.34,57154266.0,277093239.0,24327798048.0,0.002349339873967701,4.252,4.2379999999999995,4.2085,4.314166666666667,61.90476052910045,29952456.5,4.326,False,True,4.28
2022-11-02,4.33,4.39,4.3,4.37,42446498.0,208420959.0,24327798048.0,0.0017447735268210822,4.27,4.257,4.217499999999999,4.3165000000000004,64.61538322366863,31009086.95,4.324166666666667,False,False,4.34
2022-11-03,4.36,4.73,4.33,4.5,110354610.0,558616050.0,24327798048.0,0.004536152831516632,4.316,4.288,4.234999999999999,4.3215,69.33333203911107,35171534.55,4.322500000000001,False,False,4.37
2022-11-04,4.43,4.54,4.42,4.5,102566819.0,518748381.0,24327798048.0,0.00421603380616817,4.3839999999999995,4.3100000000000005,4.252,4.3261666666666665,68.49314937136418,38906809.25,4.3181666666666665,False,False,4.5
2022-11-07,4.5,4.54,4.48,4.5,46748334.0,237666770.0,24327798048.0,0.001921601532031922,4.442,4.338,4.2705,4.329833333333334,69.4444430941358,39905982.5,4.3148333333333335,False,False,4.5
2022-11-08,4.5,4.66,4.5,4.66,137873634.0,716727702.0,24327798048.0,0.005667328943127866,4.505999999999999,4.379,4.297000000000001,4.335833333333334,78.57142726190476,45764316.1,4.314166666666667,False,False,4.5
2022-11-09,4.62,4.68,4.58,4.59,61048912.0,317367398.0,24327798048.0,0.0025094302361252487,4.55,4.41,4.316999999999999,4.3406666666666665,72.22222109876539,47429342.2,4.3165000000000004,False,False,4.66
2022-11-10,4.57,4.6,4.52,4.58,45780736.0,235570950.0,24327798048.0,0.0018818281831208992,4.566000000000001,4.441000000000001,4.337,4.345,68.29268176085662,48810763.3,4.3215,False,False,4.66
2022-11-11,4.66,4.67,4.6,4.66,78565862.0,411880985.0,24327798048.0,0.0032294686861912246,4.598000000000001,4.491,4.359500000000001,4.349333333333333,76.19047492063494,51696929.3,4.3261666666666665,False,False,4.66
2022-11-14,4.69,4.71,4.6,4.61,48608180.0,255116434.0,24327798048.0,0.001998050949950076,4.62,4.531000000000001,4.378500000000001,4.352500000000001,70.93023140346136,53074143.5,4.329833333333334,False,False,4.66
2022-11-15,4.61,4.65,4.58,4.62,50070798.0,260826368.0,24327798048.0,0.002058172215225058,4.612,4.559,4.3985,4.355833333333334,70.23809406746034,54556802.45,4.335833333333334,False,False,4.66
2022-11-16,4.63,4.66,4.61,4.63,33778980.0,176408102.0,24327798048.0,0.001388493111187142,4.62,4.584999999999999,4.421,4.3595,71.4285702380953,55458309.3,4.3406666666666665,False,False,4.66
2022-11-17,4.61,4.63,4.57,4.63,42431049.0,219990520.0,24327798048.0,0.0017441384919539924,4.63,4.598,4.443,4.3625,82.19177924563712,56674836.7,4.345,False,False,4.66
2022-11-18,4.6,4.66,4.59,4.65,41461411.0,216874067.0,24327798048.0,0.0017042812883514774,4.628,4.6129999999999995,4.4615,4.3665,81.42856980000005,56018751.45,4.349333333333333,False,False,4.66
2022-11-21,4.63,4.64,4.56,4.58,32180470.0,166444710.0,24327798048.0,0.0013227859725120322,4.622,4.621,4.4795,4.369166666666667,68.74999849609378,55549173.3,4.352500000000001,False,False,4.66
2022-11-22,4.57,4.97,4.56,4.77,189000061.0,1023153570.0,24327798048.0,0.0077688930427280405,4.651999999999999,4.632,4.5055,4.374833333333333,74.9999986875,63500943.2,4.355833333333334,False,False,4.66
2022-11-23,4.76,4.92,4.73,4.85,160685430.0,878309555.0,24327798048.0,0.006605013313698156,4.696,4.6579999999999995,4.534,4.382333333333333,73.33333196444444,69755355.5,4.3595,False,False,4.77
2022-11-24,4.88,4.89,4.69,4.7,92076362.0,493228986.0,24327798048.0,0.0037848210437429887,4.71,4.67,4.5555,4.388000000000001,61.11111016049386,72613225.5,4.3625,False,False,4.85
2022-11-25,4.7,4.8,4.67,4.74,88780070.0,475648991.0,24327798048.0,0.0036493261669154086,4.728,4.678,4.5845,4.393833333333333,62.765956511996414,74849153.7,4.3665,False,False,4.85
2022-11-28,4.68,4.73,4.63,4.67,64064382.0,337575526.0,24327798048.0,0.00263338185698507,4.746,4.684,4.6075,4.399,50.588234460899656,76283843.2,4.369166666666667,False,False,4.85
2022-11-29,4.67,4.76,4.66,4.73,61331984.0,325485839.0,24327798048.0,0.002521065978885094,4.738,4.695,4.627,4.4035,58.33333236111117,76492729.1,4.374833333333333,False,False,4.85
2022-11-30,4.73,4.79,4.68,4.75,67908232.0,362546911.0,24327798048.0,0.0027913842373244614,4.718,4.707000000000001,4.646,4.408333333333333,59.99999901176473,77765815.8,4.382333333333333,False,False,4.85
2022-12-01,4.77,4.79,4.71,4.72,62587584.0,334688053.0,24327798048.0,0.002572677719393735,4.7219999999999995,4.716,4.657,4.412999999999999,53.74999905937499,75377464.5,4.388000000000001,False,False,4.85
2022-12-02,4.7,4.72,4.67,4.67,46854755.0,247867455.0,24327798048.0,0.0019259759928766736,4.708,4.718,4.6655,4.4175,53.74999905937499,72591861.3,4.393833333333333,False,False,4.85
2022-12-05,4.74,4.96,4.74,4.9,198107516.0,1089625868.0,24327798048.0,0.008143257174739927,4.754,4.75,4.6855,4.426166666666666,63.725489321414855,80159820.4,4.399,False,False,4.85
2022-12-06,4.89,4.89,4.8,4.82,89912546.0,490852326.0,24327798048.0,0.003695876865740085,4.772,4.755000000000001,4.693499999999999,4.433166666666667,58.71559557612998,77761766.0,4.4035,False,False,4.9
2022-12-07,4.79,4.83,4.73,4.74,81683257.0,438819780.0,24327798048.0,0.0033576099587325874,4.7700000000000005,4.744,4.7010000000000005,4.438333333333333,54.70085404631458,78793483.25,4.408333333333333,False,False,4.9
2022-12-08,4.74,4.76,4.7,4.72,61592906.0,328234800.0,24327798048.0,0.002531791240558394,4.7700000000000005,4.7459999999999996,4.708,4.442666666666667,52.99145235736721,79584091.75,4.412999999999999,False,False,4.9
2022-12-09,4.72,4.75,4.66,4.75,81757026.0,434081551.0,24327798048.0,0.0033606422512505725,4.786,4.747,4.7125,4.447166666666666,57.52212318114183,79743649.95,4.4175,False,False,4.9
2022-12-12,4.73,4.73,4.66,4.66,59583538.0,314391556.0,24327798048.0,0.00244919568480627,4.738,4.746,4.715,4.45,44.66019356772556,80292417.85,4.426166666666666,False,False,4.9
2022-12-13,4.66,4.71,4.63,4.68,45933880.0,241962049.0,24327798048.0,0.0018881232041375092,4.71,4.7410000000000005,4.718000000000001,4.453166666666666,41.23711280688704,80085571.95,4.433166666666667,True,False,4.9
2022-12-14,4.68,4.7,4.64,4.66,41074162.0,216035982.0,24327798048.0,0.001688363324907522,4.694,4.731999999999999,4.7195,4.456833333333334,47.619046825396836,80450331.05,4.438333333333333,True,True,4.9
2022-12-15,4.66,4.67,4.62,4.64,32800419.0,171474943.0,24327798048.0,0.0013482691255198305,4.678,4.723999999999999,4.720000000000001,4.4605,43.9024382748364,79968799.55,4.442666666666667,True,True,4.9
2022-12-16,4.61,4.68,4.6,4.68,47595087.0,249958049.0,24327798048.0,0.001956407518103054,4.664,4.725,4.7215,4.4665,50.63291049511297,80275483.35,4.447166666666666,True,True,4.9
2022-12-19,4.67,4.68,4.5,4.54,56331870.0,290826391.0,24327798048.0,0.0023155350882498415,4.64,4.689,4.7195,4.471,39.08045914123397,81483053.35,4.45,True,True,4.9
2022-12-20,4.51,4.58,4.5,4.56,33705783.0,173030971.0,24327798048.0,0.0013854843308669675,4.616,4.662999999999999,4.7090000000000005,4.475833333333333,39.08045914123397,73718339.45,4.453166666666666,True,True,4.9
2022-12-21,4.57,4.58,4.51,4.53,29207331.0,149640771.0,24327798048.0,0.0012005743776059153,4.59,4.642,4.6930000000000005,4.480166666666666,39.08045914123401,67144434.5,4.456833333333334,True,True,4.9
2022-12-22,4.54,4.56,4.49,4.5,32087500.0,163361707.0,24327798048.0,0.0013189644182629973,4.561999999999999,4.62,4.683,4.4835,39.999999341176476,64144991.4,4.4605,True,True,4.9
2022-12-23,4.5,4.52,4.47,4.5,29117289.0,147734538.0,24327798048.0,0.0011968731795023162,4.526,4.595000000000001,4.670999999999999,4.4865,17.74193508324656,61161852.35,4.4665,True,True,4.9
2022-12-26,4.49,4.52,4.47,4.5,21746092.0,110356210.0,24327798048.0,0.000893878350892828,4.518,4.579,4.6625,4.4915,20.370369842249588,59045937.85,4.471,True,True,4.9
2022-12-27,4.51,4.53,4.5,4.51,22040450.0,112144454.0,24327798048.0,0.000905978007401782,4.508,4.561999999999999,4.6515,4.495666666666667,25.531914133091817,57081361.15,4.475833333333333,True,True,4.9
2022-12-28,4.5,4.52,4.48,4.5,25351319.0,128702400.0,24327798048.0,0.001042072075326363,4.502,4.545999999999999,4.639,4.5008333333333335,26.086955727788236,54953515.5,4.480166666666666,True,True,4.9
2022-12-29,4.49,4.52,4.47,4.48,29302589.0,148472107.0,24327798048.0,0.0012044899806461925,4.498,4.53,4.627000000000001,4.506333333333333,19.999999377777684,53289265.75,4.4835,True,True,4.9
2022-12-30,4.49,4.55,4.48,4.53,29209729.0,148916227.0,24327798048.0,0.0012006729479736595,4.504,4.515000000000001,4.62,4.5125,34.14634029744195,52407014.45,4.4865,True,True,4.9
2023-01-03,4.53,4.57,4.51,4.55,31856010.0,163352052.0,24327798048.0,0.001309448966040677,4.514,4.516,4.6025,4.519499999999999,34.14634029744195,44094439.15,4.4915,True,True,4.9
2023-01-04,4.55,4.58,4.53,4.58,36280183.0,186870663.0,24327798048.0,0.0014913056631108712,4.5280000000000005,4.518,4.5905000000000005,4.527,40.476189126984124,41412821.0,4.495666666666667,True,True,4.82
2023-01-05,4.58,4.6,4.56,4.58,33584407.0,173437383.0,24327798048.0,0.0013804951411441444,4.5440000000000005,4.523000000000001,4.5825,4.5335,42.49999851250006,39007878.5,4.5008333333333335,True,True,4.75
2023-01-06,4.58,4.59,4.54,4.56,36174216.0,186191967.0,24327798048.0,0.0014869498640455007,4.5600000000000005,4.529,4.5745,4.539833333333333,34.21052505540162,37736944.0,4.506333333333333,True,True,4.75
2023-01-09,4.57,4.58,4.56,4.57,23194983.0,119644049.0,24327798048.0,0.0009534353645255975,4.568,4.536,4.5655,4.545833333333333,55.99999686400025,34808841.85,4.5125,True,True,4.75
2023-01-10,4.57,4.6,4.54,4.55,26626469.0,137260558.0,24327798048.0,0.0010944874232951378,4.568,4.5409999999999995,4.5600000000000005,4.551166666666666,47.9999973120002,33160988.4,4.519499999999999,False,True,4.68
2023-01-11,4.55,4.63,4.54,4.6,57457702.0,297951343.0,24327798048.0,0.0023618126838537952,4.572,4.55,4.556,4.5575,62.96295969821677,33737179.5,4.527,True,False,4.68
2023-01-12,4.6,4.61,4.55,4.56,34806961.0,179368421.0,24327798048.0,0.0014307485178610933,4.568,4.556,4.551,4.563833333333333,60.71428267857151,33423819.45,4.5335,False,True,4.68
2023-01-13,4.55,4.59,4.55,4.59,30261689.0,155761378.0,24327798048.0,0.0012439140172198129,4.574,4.566999999999999,4.5485,4.5705,64.51612611862652,33296882.95,4.539833333333333,False,False,4.68
2023-01-16,4.58,4.64,4.56,4.61,55713336.0,289754013.0,24327798048.0,0.002290110099157956,4.582,4.575,4.545,4.576,66.66666383838395,33702795.4,4.545833333333333,False,False,4.68
2023-01-17,4.61,4.64,4.59,4.63,26906422.0,140050966.0,24327798048.0,0.00110599495880853,4.598,4.583,4.5495,4.582833333333334,67.64705603806237,32231523.0,4.551166666666666,False,False,4.61
2023-01-18,4.63,4.65,4.61,4.62,18621025.0,97138374.0,24327798048.0,0.0007654217189430691,4.602,4.587000000000001,4.5525,4.5889999999999995,67.64705603806237,31477285.1,4.5575,False,False,4.63
2023-01-19,4.63,4.65,4.6,4.65,28657900.0,149387040.0,24327798048.0,0.0011779898839778464,4.62,4.594,4.5585,4.5951666666666675,74.28571131428572,31449813.55,4.563833333333333,False,False,4.63
2023-01-20,4.64,4.7,4.64,4.7,37963245.0,200419276.0,24327798048.0,0.0015604883321168879,4.642,4.608,4.568499999999999,4.602333333333333,74.28571131428572,31743600.8,4.5705,False,False,4.65
2023-01-30,4.74,4.77,4.71,4.74,58374675.0,311903200.0,24327798048.0,0.00239950507994286,4.668,4.625,4.580500000000001,4.612,75.67567281227176,33206470.1,4.576,False,False,4.7
2023-01-31,4.73,4.75,4.72,4.74,39257591.0,209801385.0,24327798048.0,0.001613692736290508,4.69,4.644,4.5925,4.620833333333334,73.52940873702426,34082045.05,4.582833333333334,False,False,4.74
2023-02-01,4.75,4.82,4.74,4.81,51817912.0,279523102.0,24327798048.0,0.0021299877571229666,4.728,4.665000000000001,4.6075,4.628666666666667,78.04877782272453,35570918.15,4.5889999999999995,False,False,4.74
2023-02-02,4.82,4.83,4.77,4.78,45127753.0,243679255.0,24327798048.0,0.0018549871595843,4.7540000000000004,4.686999999999999,4.6215,4.6354999999999995,76.19047365079382,36559739.85,4.5951666666666675,False,False,4.81
2023-02-03,4.78,4.78,4.74,4.75,41489271.0,222194196.0,24327798048.0,0.0017054264803637192,4.764,4.703,4.635,4.639666666666667,70.45454321280998,37169073.95,4.602333333333333,False,False,4.81
2023-02-06,4.75,4.78,4.72,4.77,30388850.0,163164238.0,24327798048.0,0.0012491410007614018,4.7700000000000005,4.719,4.647,4.644166666666666,74.9999976136365,37228030.0,4.612,False,False,4.81
2023-02-07,4.77,4.82,4.76,4.82,35066053.0,189567364.0,24327798048.0,0.001441398556943496,4.786,4.738,4.6605,4.649500000000001,74.99999761363654,37388532.15,4.620833333333334,False,False,4.81
2023-02-08,4.82,4.86,4.79,4.82,34231269.0,186187338.0,24327798048.0,0.001407084559501026,4.788,4.758000000000001,4.6725,4.652166666666667,82.49999711250022,37286086.45,4.628666666666667,False,False,4.82
2023-02-09,4.8,4.87,4.79,4.86,42751570.0,233707091.0,24327798048.0,0.001757313584881334,4.804,4.779,4.6865000000000006,4.656666666666666,82.92682643664507,37744444.6,4.6354999999999995,False,False,4.82
2023-02-10,4.87,4.89,4.84,4.87,44220734.0,242878685.0,24327798048.0,0.001817703925063428,4.828,4.796,4.702,4.6615,82.4999971125002,38146770.5,4.639666666666667,False,False,4.86
2023-02-13,4.89,4.97,4.87,4.94,72389114.0,403158014.0,24327798048.0,0.0029755719715024165,4.862,4.816000000000001,4.7204999999999995,4.666166666666666,84.44444181728414,40606477.05,4.644166666666666,False,False,4.87
2023-02-14,4.94,4.96,4.9,4.92,36661020.0,203519817.0,24327798048.0,0.0015069600597499995,4.882,4.8340000000000005,4.739,4.671333333333333,82.60869313799628,41108204.6,4.649500000000001,False,False,4.94
2023-02-15,4.91,4.92,4.89,4.91,39125852.0,216366397.0,24327798048.0,0.0016082775729559526,4.9,4.843999999999999,4.7545,4.676166666666666,79.5454520144629,40191612.1,4.652166666666667,False,False,4.94
2023-02-16,4.91,4.96,4.83,4.87,56691399.0,313904198.0,24327798048.0,0.0023303136144152852,4.902,4.853,4.7700000000000005,4.680166666666667,69.7674395889671,41285834.0,4.656666666666666,False,False,4.94
2023-02-17,4.86,4.91,4.85,4.86,38834800.0,214089022.0,24327798048.0,0.001596313810373505,4.9,4.864,4.7835,4.683999999999999,64.9999977250001,41714489.55,4.6615,False,False,4.94
2023-02-20,4.88,5.0,4.87,4.99,66189394.0,371020015.0,24327798048.0,0.0027207309872190207,4.910000000000001,4.886,4.8025,4.689666666666667,73.5849037166252,42238292.45,4.666166666666666,False,False,4.94
2023-02-21,4.99,5.0,4.93,4.97,46806088.0,262190645.0,24327798048.0,0.0019239755241164521,4.92,4.901,4.8195,4.6961666666666675,66.6666647222223,43233275.75,4.671333333333333,False,False,4.99
2023-02-22,4.96,5.08,4.95,5.04,87679280.0,498259293.0,24327798048.0,0.0036040779287547626,4.946,4.923,4.8405000000000005,4.700666666666666,74.9999979807692,46686188.5,4.676166666666666,False,False,4.99
2023-02-23,5.05,5.06,4.99,5.03,49026632.0,277532002.0,24327798048.0,0.002015251520226694,4.978,4.9399999999999995,4.859500000000001,4.703666666666667,77.99999781600003,47704625.1,4.680166666666667,False,False,5.04
2023-02-24,5.04,5.08,5.03,5.05,64826241.0,369211095.0,24327798048.0,0.002664698254732898,5.016,4.958,4.877000000000001,4.7095,77.99999781600003,49047774.9,4.683999999999999,False,False,5.04
2023-02-27,5.05,5.05,4.97,5.0,54218153.0,306165876.0,24327798048.0,0.0022286502417121676,5.017999999999999,4.964,4.89,4.713833333333334,67.99999809600003,48839948.8,4.689666666666667,False,False,5.05
2023-02-28,5.03,5.06,4.99,5.05,54512981.0,309567458.0,24327798048.0,0.0022407692176843576,5.034,4.976999999999999,4.9055,4.7201666666666675,70.90908910413225,49602718.3,4.6961666666666675,False,False,5.05
2023-03-01,5.05,5.17,5.05,5.13,92684613.0,536428864.0,24327798048.0,0.003809823347642416,5.052,4.9990000000000006,4.9215,4.726833333333333,72.88135420281529,51646053.35,4.700666666666666,False,False,5.05
2023-03-02,5.14,5.3,5.13,5.27,145721203.0,862877585.0,24327798048.0,0.005989905157568497,5.1,5.039,4.946,4.7355,77.7777762654321,56675725.85,4.703666666666667,False,False,5.13
2023-03-03,5.28,5.59,5.27,5.56,297313912.0,1838796718.0,24327798048.0,0.012221159983874592,5.202,5.109,4.9864999999999995,4.7495,82.97872216840199,69466957.9,4.7095,False,False,5.27
2023-03-06,5.58,5.7,5.53,5.6,256747425.0,1620833374.0,24327798048.0,0.010553664762154967,5.321999999999999,5.17,5.0280000000000005,4.765,85.41666542100698,80784886.65,4.713833333333334,False,False,5.56
2023-03-07,5.55,5.72,5.46,5.5,243807609.0,1536510546.0,24327798048.0,0.010021770507916706,5.412,5.223000000000001,5.062,4.775,78.09523705396829,91221964.45,4.7201666666666675,False,False,5.6
2023-03-08,5.45,5.51,5.39,5.48,120501287.0,741322375.0,24327798048.0,0.004953234434215737,5.482,5.2669999999999995,5.095000000000001,4.786,79.61164940333687,95535465.35,4.726833333333333,False,False,5.6
2023-03-09,5.5,5.57,5.44,5.52,138121361.0,859795367.0,24327798048.0,0.0056775118211471265,5.532,5.316000000000001,5.128,4.799,81.13207440014244,100303954.9,4.7355,False,False,5.6
2023-03-10,5.49,5.53,5.41,5.41,119691273.0,738302551.0,24327798048.0,0.004919938613591043,5.502,5.351999999999999,5.154999999999999,4.8105,70.19230674741131,104077481.85,4.7495,False,False,5.6
2023-03-13,5.45,5.53,5.43,5.52,116398915.0,720472505.0,24327798048.0,0.004784605444781272,5.486,5.404,5.183999999999999,4.823333333333333,74.33628226486029,106277971.9,4.765,False,False,5.6
2023-03-14,5.5,5.6,5.4,5.42,124543148.0,769874053.0,24327798048.0,0.005119376104416436,5.470000000000001,5.441,5.209,4.836,66.37930954369804,110672078.3,4.775,False,False,5.6
2023-03-15,5.44,5.57,5.36,5.51,118093755.0,727686378.0,24327798048.0,0.004854272251314933,5.476,5.479,5.239,4.849833333333334,69.35483792663898,114620473.45,4.786,False,False,5.6
2023-03-16,5.48,5.51,5.41,5.42,75937507.0,466117276.0,24327798048.0,0.0031214295206730748,5.456,5.494,5.2665,4.8625,64.12213671930546,115582778.85,4.799,False,False,5.6
2023-03-17,5.43,5.6,5.42,5.53,130155796.0,811148635.0,24327798048.0,0.005350085352698008,5.4799999999999995,5.491,5.3,4.8773333333333335,69.34306498481546,120148828.65,4.8105,False,False,5.6
2023-03-20,5.52,5.75,5.42,5.43,230425503.0,1451124256.0,24327798048.0,0.009471695816668594,5.462000000000001,5.473999999999999,5.322,4.889833333333333,63.38028106526486,128360634.1,4.823333333333333,False,False,5.6
2023-03-21,5.43,5.52,5.4,5.46,93941589.0,578653347.0,24327798048.0,0.0038614916489625737,5.47,5.47,5.346500000000001,4.905166666666667,62.0437949864138,130717409.15,4.836,False,False,5.6
2023-03-22,5.45,5.49,5.39,5.4,89238574.0,545371833.0,24327798048.0,0.0036681730843016575,5.448,5.462,5.3645,4.9191666666666665,55.03875909260265,130795373.85,4.849833333333334,False,False,5.6
2023-03-23,5.4,5.45,5.33,5.42,95133784.0,578408914.0,24327798048.0,0.003910497111670203,5.4479999999999995,5.452,5.3839999999999995,4.934,43.13725430988082,133100731.45,4.8625,False,False,5.6
2023-03-24,5.4,5.42,5.29,5.29,89709858.0,539306229.0,24327798048.0,0.0036875453266669604,5.4,5.4399999999999995,5.396,4.947166666666666,36.03603558152745,134344912.3,4.8773333333333335,False,False,5.6
2023-03-27,5.31,5.35,5.27,5.29,57011934.0,340745743.0,24327798048.0,0.0023434892828159996,5.372000000000001,5.417,5.4105,4.960333333333334,39.603959847073796,134484601.35,4.889833333333333,True,False,5.6
2023-03-28,5.29,5.35,5.28,5.29,43069234.0,257959780.0,24327798048.0,0.0017703712401353456,5.338,5.404000000000001,5.4225,4.9735000000000005,40.404039832670094,133912414.0,4.905166666666667,True,True,5.6
2023-03-29,5.3,5.32,5.21,5.26,51596394.0,305655056.0,24327798048.0,0.002120882206363176,5.31,5.379,5.429,4.986000000000001,36.734693352769675,131858003.05,4.9191666666666665,True,True,5.6
2023-03-30,5.26,5.36,5.21,5.3,61488684.0,366849741.0,24327798048.0,0.0025275071701384424,5.286,5.367,5.4305,4.999333333333334,43.956043279797115,127646377.1,4.934,True,True,5.6
2023-03-31,5.35,5.49,5.34,5.43,108836319.0,663982399.0,24327798048.0,0.00447374311416349,5.314,5.357,5.424,5.015166666666667,45.16128964273329,118222497.45,4.947166666666666,True,True,5.6
2023-04-03,5.46,5.68,5.46,5.64,167378800.0,1059309147.0,24327798048.0,0.00688014590016544,5.3839999999999995,5.378,5.426,5.033666666666667,60.576922261464496,113754066.2,4.960333333333334,False,True,5.6
2023-04-04,5.66,6.03,5.64,5.97,289322971.0,1910733999.0,24327798048.0,0.011892690428831695,5.52,5.429,5.4495,5.057333333333333,67.96874925659179,116029834.3,4.9735000000000005,False,False,5.64
2023-04-06,5.91,5.92,5.8,5.9,121436826.0,802489493.0,24327798048.0,0.004991689990207863,5.648,5.479,5.4704999999999995,5.0793333333333335,69.04761828042331,116076611.25,4.986000000000001,False,False,5.97
2023-04-07,5.88,5.93,5.83,5.85,80532374.0,532616095.0,24327798048.0,0.003310302635738157,5.758,5.522,5.487,5.100499999999999,63.33333259444442,113197161.9,4.999333333333334,False,False,5.97
2023-04-10,5.86,6.06,5.85,5.92,129473032.0,871211770.0,24327798048.0,0.005322020173981345,5.856,5.585,5.5125,5.123166666666666,70.94017009131422,113686249.85,5.015166666666667,False,False,5.97
2023-04-11,5.92,5.99,5.88,5.99,107635126.0,722366911.0,24327798048.0,0.0044243677864979946,5.926,5.655,5.536,5.146833333333333,71.90082561437063,113248060.4,5.033666666666667,False,False,5.97
2023-04-12,5.98,6.12,5.94,6.07,118709589.0,810953621.0,24327798048.0,0.004879586256256315,5.946,5.7330000000000005,5.5685,5.172166666666667,77.23577147861722,112956382.45,5.057333333333333,False,False,5.99
2023-04-13,6.03,6.07,5.97,6.0,81805209.0,554294489.0,24327798048.0,0.0033626228250741848,5.965999999999999,5.807,5.593,5.1955,72.65624920532225,111141955.15,5.0793333333333335,False,False,6.07
2023-04-14,6.05,6.12,5.99,6.07,109832861.0,749292811.0,24327798048.0,0.00451470621316792,6.01,5.884,5.6255,5.220666666666667,81.96721217414671,112836722.85,5.100499999999999,False,False,6.07
2023-04-17,6.06,6.11,5.95,6.04,131926595.0,899056578.0,24327798048.0,0.005422874472227286,6.034000000000001,5.945,5.651,5.244833333333333,79.99999910399997,112925262.8,5.123166666666666,False,False,6.07
2023-04-18,6.04,6.07,5.97,6.04,81365221.0,552469677.0,24327798048.0,0.0033445370123289507,6.0440000000000005,5.985,5.6815,5.268666666666666,79.99999910399997,105472248.7,5.146833333333333,False,False,6.07
2023-04-19,6.02,6.11,5.98,5.99,69080196.0,470312235.0,24327798048.0,0.0028395580999028853,6.0280000000000005,5.987,5.708,5.291333333333332,78.74015661231323,104229179.05,5.172166666666667,False,False,6.07
2023-04-20,5.99,6.17,5.98,6.16,173220375.0,1194684200.0,24327798048.0,0.007120265247936837,6.0600000000000005,6.013,5.746,5.317000000000001,80.71428490714285,108428269.1,5.1955,False,False,6.07
2023-04-21,6.13,6.38,6.1,6.12,206334161.0,1454790311.0,24327798048.0,0.008481415399490412,6.07,6.040000000000001,5.781000000000001,5.3415,76.33587704679215,113988287.95,5.220666666666667,False,False,6.16
2023-04-24,6.13,6.17,6.01,6.02,133697564.0,917387613.0,24327798048.0,0.005495670579647521,6.066000000000001,6.05,5.8175,5.3635,65.83333256527776,116187673.25,5.244833333333333,False,False,6.16
2023-04-25,6.05,6.11,5.97,6.06,95916682.0,653164029.0,24327798048.0,0.0039426783225819054,6.069999999999999,6.057,5.856,5.3854999999999995,54.94505409974641,118132910.65,5.268666666666666,False,False,6.16
2023-04-26,6.02,6.02,5.85,5.93,109700825.0,734202742.0,24327798048.0,0.004509278841576809,6.058,6.043,5.888,5.405333333333333,51.546391008608744,121464490.2,5.291333333333332,False,False,6.16
2023-04-27,5.91,6.11,5.91,6.07,88066459.0,599481137.0,24327798048.0,0.0036199930148318534,6.04,6.05,5.9285000000000005,5.426333333333333,60.37735769312925,123287993.45,5.317000000000001,False,False,6.16
2023-04-28,6.07,6.23,6.02,6.2,126995641.0,879254180.0,24327798048.0,0.005220186420054583,6.056,6.063,5.9735,5.45,62.49999921875,126563341.3,5.3415,False,False,6.16
2023-05-04,6.2,6.24,6.06,6.18,134216483.0,930385752.0,24327798048.0,0.005517000870164409,6.087999999999999,6.077,6.011,5.473833333333333,58.87850390252421,127832349.5,5.3635,False,False,6.2
2023-05-05,6.13,6.25,5.98,5.99,140067142.0,958726460.0,24327798048.0,0.005757493617944391,6.074,6.072,6.028499999999999,5.4941666666666675,46.610168938523415,126466766.6,5.3854999999999995,False,False,6.2
2023-05-08,6.03,6.3,6.01,6.24,179504769.0,1255591437.0,24327798048.0,0.0073785867773905325,6.136,6.0969999999999995,6.042,5.517833333333333,58.82352880622838,120975856.5,5.405333333333333,True,False,6.2
2023-05-09,6.27,6.31,6.1,6.12,164565694.0,1154864520.0,24327798048.0,0.006764512500280683,6.146,6.093,6.053,5.5395,51.77304913133142,123132299.9,5.426333333333333,False,True,6.24
2023-05-10,6.12,6.13,5.89,5.94,132683561.0,891819154.0,24327798048.0,0.005453989742031255,6.094,6.075,6.0575,5.5575,46.79487137491783,125739859.25,5.45,False,False,6.24
2023-05-11,5.94,5.97,5.84,5.85,82496374.0,548009549.0,24327798048.0,0.00339103332891988,6.0280000000000005,6.058,6.054,5.573833333333334,44.24242386703398,123391026.35,5.473833333333333,True,False,6.24
2023-05-12,5.84,5.9,5.74,5.75,82607874.0,539176877.0,24327798048.0,0.0033956165632833026,5.9799999999999995,6.026999999999999,6.042,5.5873333333333335,42.94117611695501,122139663.75,5.4941666666666675,True,True,6.24
2023-05-15,5.75,5.84,5.62,5.84,94137412.0,608457160.0,24327798048.0,0.0038695410005567307,5.9,6.018,6.0305,5.602666666666667,40.12345644337754,120911054.9,5.517833333333333,True,True,6.24
2023-05-16,5.84,5.91,5.78,5.81,53961684.0,354962140.0,24327798048.0,0.002218108021676718,5.838,5.991999999999999,6.021,5.617666666666667,40.37267045638671,119518878.65,5.5395,True,True,6.24
2023-05-17,5.79,5.85,5.74,5.82,44537557.0,291025548.0,24327798048.0,0.0018307270108098195,5.814,5.954,6.0085,5.6335,43.42105223164823,116254113.45,5.5575,True,True,6.24
2023-05-18,5.81,5.99,5.81,5.96,76585480.0,512523872.0,24327798048.0,0.003148064606952627,5.836,5.932,6.0045,5.651833333333333,46.913579841487596,113487057.7,5.573833333333334,True,True,6.24
2023-05-19,5.95,5.95,5.77,5.83,74445304.0,490764745.0,24327798048.0,0.0030600921568452507,5.851999999999999,5.9159999999999995,5.994000000000001,5.6658333333333335,46.913579841487596,113141061.85,5.5873333333333335,True,True,6.24
2023-05-22,5.78,5.88,5.76,5.83,49430890.0,325143945.0,24327798048.0,0.0020318686427135864,5.85,5.875,5.986,5.680166666666667,41.89189149561724,112158596.55,5.602666666666667,True,True,6.24
2023-05-23,5.83,5.86,5.69,5.71,61713601.0,400010983.0,24327798048.0,0.0025367524376121455,5.83,5.8340000000000005,5.9635,5.691333333333334,33.33333301587302,106583257.85,5.617666666666667,True,True,6.24
2023-05-24,5.68,5.69,5.49,5.59,111253652.0,700674866.0,24327798048.0,0.004573108169530625,5.784,5.799,5.936999999999999,5.700666666666667,31.210190804495127,101829232.4,5.6335,True,True,6.24
2023-05-25,5.58,5.66,5.54,5.61,65465755.0,413318040.0,24327798048.0,0.0026909856317794438,5.714,5.775,5.9165,5.709999999999999,36.428571064285734,98417641.95,5.651833333333333,True,True,6.24
2023-05-26,5.61,5.67,5.57,5.63,30688142.0,194657666.0,24327798048.0,0.0012614434705290924,5.674,5.763,5.895,5.7204999999999995,23.931623645262633,95156214.95,5.6658333333333335,True,True,6.24
2023-05-29,5.66,5.76,5.65,5.73,50920893.0,328495325.0,24327798048.0,0.0020931155750113697,5.654,5.752,5.885,5.7318333333333324,33.043477858601165,92217218.35,5.680166666666667,True,True,6.24
2023-05-30,5.73,6.3,5.71,6.16,359883066.0,2510227411.0,24327798048.0,0.014793080133678032,5.744000000000001,5.787000000000001,5.8895,5.749,57.85714227857141,105808048.7,5.691333333333334,True,True,6.24
2023-05-31,6.1,6.28,6.07,6.24,239980427.0,1676138422.0,24327798048.0,0.009864453269733094,5.8740000000000006,5.829000000000001,5.8915,5.7651666666666666,64.02877633352313,111457288.0,5.700666666666667,False,True,6.24
2023-06-01,6.16,6.18,6.01,6.1,136233723.0,936033593.0,24327798048.0,0.005599920006373114,5.9719999999999995,5.843,5.8875,5.774166666666667,62.23776162844147,111558150.0,5.709999999999999,False,False,6.24
2023-06-02,6.09,6.14,5.91,5.92,125103940.0,844799049.0,24327798048.0,0.0051424275946866825,6.029999999999999,5.851999999999999,5.8839999999999995,5.7795000000000005,52.63157846260388,110809989.9,5.7204999999999995,False,False,6.24
2023-06-05,5.91,5.95,5.86,5.87,86621041.0,576516275.0,24327798048.0,0.0035605787597008253,6.058,5.856,5.8655,5.785666666666668,51.94805147579695,106165803.5,5.7318333333333324,False,False,6.24
2023-06-06,5.9,6.19,5.85,5.88,158436878.0,1072239770.0,24327798048.0,0.0065125860420000145,6.002,5.872999999999999,5.8534999999999995,5.792333333333334,51.94805147579692,105859362.7,5.749,False,False,6.24
2023-06-07,5.89,5.9,5.76,5.85,89592915.0,587946617.0,24327798048.0,0.003682738356477169,5.924,5.899,5.848999999999999,5.797833333333333,46.15384570199031,103704830.4,5.7651666666666666,False,False,6.24
2023-06-08,5.85,5.9,5.76,5.87,73165214.0,481215273.0,24327798048.0,0.0030074737489862936,5.878,5.925,5.85,5.805499999999999,51.515150968778705,103238272.4,5.774166666666667,False,False,6.24
2023-06-09,5.87,5.89,5.78,5.79,84955123.0,556895505.0,24327798048.0,0.0034921007989452708,5.852,5.941,5.852,5.8100000000000005,48.571428085714295,103355634.85,5.7795000000000005,False,False,6.24
2023-06-12,5.81,5.86,5.76,5.79,69698468.0,456093105.0,24327798048.0,0.002864972319421648,5.836,5.947,5.8495,5.816166666666667,53.12499941894532,102133687.65,5.785666666666668,True,False,6.24
2023-06-13,5.77,5.78,5.66,5.7,74200966.0,476956540.0,24327798048.0,0.003050048584487493,5.8,5.901,5.843999999999999,5.819333333333334,54.39999939072002,103145651.75,5.792333333333334,True,True,6.24
2023-06-14,5.69,5.75,5.68,5.68,44934653.0,288962684.0,24327798048.0,0.0018470497375611887,5.766,5.845,5.837000000000001,5.823666666666667,52.799999408639984,103165506.55,5.797833333333333,True,True,6.24
2023-06-15,5.69,5.73,5.67,5.7,53077671.0,340715975.0,24327798048.0,0.002181770454328625,5.732000000000001,5.805000000000001,5.824,5.8265,52.79999940864001,101990116.1,5.805499999999999,True,True,6.24
2023-06-16,5.7,5.83,5.68,5.81,103191469.0,673750844.0,24327798048.0,0.004241710194913568,5.736,5.794,5.8229999999999995,5.832833333333334,53.174602583774224,103427424.35,5.8100000000000005,True,True,6.24
2023-06-19,5.81,5.83,5.68,5.68,70093751.0,451371793.0,24327798048.0,0.0028812205223712156,5.714,5.7749999999999995,5.8155,5.8365,24.99999963541667,104460567.4,5.816166666666667,True,True,6.24
2023-06-20,5.69,5.73,5.64,5.68,44849380.0,287555416.0,24327798048.0,0.0018435445703515732,5.71,5.755,5.814,5.841166666666667,18.181817892561995,103617356.35,5.819333333333334,True,True,6.24
2023-06-21,5.67,5.73,5.62,5.62,51572307.0,329915483.0,24327798048.0,0.002119892104424954,5.698,5.732,5.8155,5.844499999999999,19.999999650000035,100633289.1,5.823666666666667,True,True,6.24
2023-06-26,5.6,5.65,5.5,5.51,65562613.0,410785254.0,24327798048.0,0.002694967003205205,5.659999999999999,5.696,5.8105,5.848166666666668,21.917807798836563,100638132.0,5.8265,True,True,6.24
2023-06-27,5.52,5.73,5.52,5.71,79344937.0,507152306.0,24327798048.0,0.0032614927517668614,5.64,5.688000000000001,5.814500000000001,5.855166666666666,40.90909025826447,103070971.75,5.832833333333334,True,True,6.24
2023-06-28,5.71,5.73,5.65,5.71,42983034.0,275755713.0,24327798048.0,0.00176682796836739,5.645999999999999,5.680000000000001,5.8134999999999994,5.862166666666666,40.22988441009383,102674078.8,5.8365,True,True,6.24
2023-06-29,5.73,5.83,5.71,5.81,62881175.0,409872025.0,24327798048.0,0.0025847458481828975,5.672,5.691,5.796,5.871333333333333,47.87233971253961,87823984.25,5.841166666666667,True,True,6.24
2023-06-30,5.81,5.84,5.76,5.76,45612856.0,297268079.0,24327798048.0,0.001874927435273981,5.7,5.699,5.772,5.879,44.32989626740354,78105605.7,5.844499999999999,False,True,6.24
2023-07-03,5.78,5.92,5.78,5.86,74593187.0,493389007.0,24327798048.0,0.0030661709231893405,5.7700000000000005,5.715,5.76,5.886166666666666,53.53535277828795,75023578.9,5.848166666666668,True,False,6.1
2023-07-04,5.86,5.98,5.85,5.9,71734241.0,477594379.0,24327798048.0,0.0029486532590604644,5.808,5.724,5.759,5.8905,55.33980507305121,72355093.95,5.855166666666666,False,True,5.92
2023-07-05,5.88,5.98,5.87,5.91,56494384.0,377569917.0,24327798048.0,0.0023222152653739423,5.848,5.747,5.761,5.8895,61.05263067922438,70848761.1,5.862166666666666,False,False,5.9
2023-07-06,5.91,5.91,5.82,5.84,43624538.0,288238615.0,24327798048.0,0.001793197144843382,5.854,5.763,5.759,5.8885,57.99999918800002,65108144.1,5.871333333333333,False,False,5.91
2023-07-07,5.83,5.91,5.83,5.88,34540201.0,228396411.0,24327798048.0,0.001419783283791258,5.878,5.789,5.7605,5.889,58.82352860438293,62355508.4,5.879,False,False,5.91
2023-07-10,5.87,5.9,5.82,5.87,32103471.0,212235049.0,24327798048.0,0.0013196209100658513,5.880000000000001,5.825,5.7605,5.888166666666667,53.260868754725934,60302421.25,5.886166666666666,False,False,5.91
2023-07-11,5.88,5.94,5.85,5.89,32415629.0,215164354.0,24327798048.0,0.0013324522398633157,5.878,5.843,5.765499999999999,5.8865,62.962961874714246,57675446.55,5.8905,False,False,5.91
2023-07-12,5.87,5.89,5.71,5.72,58683337.0,382800218.0,24327798048.0,0.002412192705818042,5.84,5.843999999999999,5.7620000000000005,5.8806666666666665,52.04081558309039,57124690.0,5.8895,False,False,5.91
2023-07-13,5.75,5.85,5.74,5.85,42668984.0,279452162.0,24327798048.0,0.0017539188674540907,5.8420000000000005,5.848000000000001,5.7695,5.878166666666667,60.95238013968253,55548090.9,5.8885,True,False,5.91
2023-07-14,5.86,5.93,5.82,5.9,43384046.0,287855988.0,24327798048.0,0.0017833116632422318,5.846,5.862,5.780499999999999,5.875333333333333,69.69696871135602,55470560.55,5.889,False,True,5.91
2023-07-17,5.87,5.93,5.85,5.93,39942035.0,266041317.0,24327798048.0,0.0016418269718119292,5.858,5.869,5.792,5.873499999999999,63.414633063652595,54813778.75,5.888166666666667,False,False,5.91
2023-07-18,5.93,5.93,5.86,5.88,27136021.0,180449266.0,24327798048.0,0.0011154326810202564,5.856,5.867,5.7955,5.870833333333334,59.77011398071082,51011006.35,5.8865,False,False,5.93
2023-07-19,5.9,5.9,5.82,5.83,35212840.0,232261798.0,24327798048.0,0.0014474322719435293,5.878,5.859,5.802999999999999,5.868166666666667,51.21951132064252,49266960.8,5.8806666666666665,False,False,5.93
2023-07-20,5.83,5.87,5.76,5.77,36711798.0,240430756.0,24327798048.0,0.0015090473016738189,5.862,5.851999999999999,5.8075,5.861666666666666,50.60240878501959,48860081.7,5.878166666666667,False,False,5.93
2023-07-21,5.76,5.81,5.7,5.74,32219501.0,208686206.0,24327798048.0,0.0013243903511706758,5.83,5.837999999999999,5.8134999999999994,5.855333333333333,42.10526238227146,47892441.4,5.875333333333333,True,False,5.93
2023-07-24,5.72,5.78,5.69,5.73,23450679.0,151717188.0,24327798048.0,0.0009639458102098103,5.79,5.824,5.8245,5.850499999999999,38.35616364796397,45786844.7,5.873499999999999,True,True,5.93
2023-07-25,5.78,5.84,5.78,5.83,31542334.0,206971401.0,24327798048.0,0.0012965552384874846,5.78,5.818,5.8305,5.846666666666667,45.121950449137415,43396714.55,5.870833333333334,True,True,5.93
2023-07-26,5.84,5.84,5.72,5.75,39189108.0,254622113.0,24327798048.0,0.0016108777260760662,5.764,5.821,5.8325000000000005,5.843666666666667,44.5783125010887,43207018.25,5.868166666666667,True,True,5.93
2023-07-27,5.76,5.78,5.7,5.72,32958309.0,213451691.0,24327798048.0,0.0013547592320098825,5.754,5.808,5.828,5.837833333333333,40.243901751933365,41710874.95,5.861666666666666,True,True,5.93
2023-07-28,5.71,5.87,5.68,5.86,60223461.0,393570337.0,24327798048.0,0.0024754998738963554,5.7780000000000005,5.804,5.833,5.832166666666667,49.47368348144046,42441405.2,5.855333333333333,True,True,5.93
2023-07-31,5.86,5.99,5.86,5.95,78243965.0,523960693.0,24327798048.0,0.0032162370324523666,5.822,5.806,5.8375,5.828333333333333,52.941175743944676,42623944.1,5.850499999999999,False,True,5.93
2023-08-01,5.92,5.99,5.92,5.94,43264403.0,289921674.0,24327798048.0,0.0017783937089019361,5.843999999999999,5.811999999999999,5.839499999999999,5.8275,62.79069665224451,41200452.2,5.846666666666667,False,False,5.95
2023-08-02,5.96,6.0,5.9,5.91,45688068.0,306333945.0,24327798048.0,0.0018780190426546245,5.8759999999999994,5.82,5.839499999999999,5.822,53.94736742728537,40660136.4,5.843666666666667,False,False,5.95
2023-08-03,5.88,5.92,5.84,5.91,36195632.0,240355268.0,24327798048.0,0.0014878301738852054,5.914,5.8340000000000005,5.843,5.818499999999999,50.70422435231105,40288691.1,5.837833333333333,False,False,5.95
2023-08-04,5.93,5.98,5.92,5.93,39898322.0,267905007.0,24327798048.0,0.0016400301384152628,5.928,5.853,5.8454999999999995,5.8183333333333325,49.99999900000002,40556597.15,5.832166666666667,False,False,5.95
2023-08-07,5.92,5.96,5.86,5.94,44935909.0,300013958.0,24327798048.0,0.0018471013657437938,5.926,5.874,5.848999999999999,5.819833333333333,54.54545338842981,41198219.05,5.828333333333333,False,False,5.95
2023-08-08,5.94,5.95,5.9,5.92,28772983.0,192139396.0,24327798048.0,0.0011827203984195126,5.922,5.883,5.8505,5.822666666666667,57.14285587301589,41016086.75,5.8275,False,False,5.95
2023-08-09,5.91,5.94,5.85,5.87,36712290.0,243724835.0,24327798048.0,0.0015090675254523552,5.914,5.8950000000000005,5.858,5.823166666666666,58.0645148178981,39917534.4,5.822,False,False,5.95
2023-08-10,5.86,5.91,5.83,5.86,29882406.0,197462772.0,24327798048.0,0.001228323498125086,5.904000000000001,5.909000000000001,5.8585,5.824,59.99999860000003,39278205.5,5.818499999999999,False,False,5.95
2023-08-11,5.91,5.96,5.76,5.76,70951523.0,453766212.0,24327798048.0,0.0029164794470921285,5.87,5.899,5.8515,5.8229999999999995,52.17391198487711,40656579.35,5.8183333333333325,False,False,5.95
2023-08-14,5.72,5.75,5.61,5.72,71752281.0,446059241.0,24327798048.0,0.002949394797606797,5.826,5.8759999999999994,5.841,5.819,41.2698403527337,42247091.65,5.819833333333333,True,False,5.95
2023-08-15,5.72,5.8,5.7,5.77,40115305.0,252373448.0,24327798048.0,0.0016489492769074469,5.796,5.859,5.835500000000001,5.8180000000000005,51.66666546111111,42896055.85,5.822666666666667,True,True,5.95
2023-08-16,5.77,5.77,5.66,5.67,40704001.0,253293057.0,24327798048.0,0.0016731477678205364,5.756,5.834999999999999,5.827500000000001,5.815333333333332,46.2686557496102,43170613.9,5.823166666666666,True,True,5.95
2023-08-17,5.67,5.73,5.63,5.72,33900451.0,210801513.0,24327798048.0,0.0013934862059078533,5.728,5.816,5.825,5.8155,37.931033567181906,43030046.55,5.824,True,True,5.95
2023-08-18,5.72,5.78,5.61,5.62,49656656.0,308638412.0,24327798048.0,0.0020411488085368373,5.7,5.785,5.819,5.816,22.033897782246484,43901904.3,5.8229999999999995,True,True,5.95
2023-08-21,5.64,5.67,5.55,5.55,31018151.0,190132662.0,24327798048.0,0.0012750085699823547,5.6659999999999995,5.7459999999999996,5.8100000000000005,5.815,19.999999569230752,44280277.9,5.819,True,True,5.95
2023-08-22,5.56,5.66,5.55,5.64,41623261.0,255404605.0,24327798048.0,0.0017109341715956026,5.64,5.718,5.8005,5.815166666666667,30.985914881967844,44784324.25,5.8180000000000005,True,True,5.95
2023-08-23,5.62,5.64,5.57,5.58,27342616.0,167618650.0,24327798048.0,0.0011239248182696852,5.622,5.688999999999999,5.792,5.812666666666667,28.571428051948047,44191999.65,5.815333333333332,True,True,5.95
2023-08-24,5.59,5.61,5.39,5.39,88208305.0,526049654.0,24327798048.0,0.0036258236288364636,5.556,5.6419999999999995,5.7755,5.799833333333333,21.2765954277954,46954499.45,5.8155,True,True,5.95
2023-08-25,5.36,5.47,5.33,5.43,42836763.0,253568801.0,24327798048.0,0.0017608154636716755,5.517999999999999,5.609,5.754,5.786333333333333,23.711339863960006,46085164.55,5.816,True,True,5.95
2023-08-28,5.71,5.78,5.61,5.65,112462078.0,701529468.0,24327798048.0,0.00462278081140375,5.538,5.601999999999999,5.739,5.778833333333334,38.46153800131495,47796070.2,5.815,True,True,5.95
2023-08-29,5.63,5.68,5.59,5.59,72403141.0,444810297.0,24327798048.0,0.0029761485547169075,5.5280000000000005,5.584,5.721500000000001,5.7733333333333325,38.1355927678828,49253007.1,5.815166666666667,True,True,5.94
2023-08-30,5.59,5.61,5.5,5.5,47098554.0,285760083.0,24327798048.0,0.001935997409509571,5.512,5.567,5.7010000000000005,5.767166666666666,35.71428531746031,49323531.4,5.812666666666667,True,True,5.94
2023-08-31,5.51,5.58,5.43,5.43,47120549.0,282073167.0,24327798048.0,0.0019369015192837727,5.5200000000000005,5.538,5.677,5.759666666666666,36.585365437239744,49869777.25,5.799833333333333,True,True,5.94
2023-09-01,5.45,5.5,5.42,5.46,28209895.0,168304374.0,24327798048.0,0.0011595745305160961,5.526000000000001,5.522,5.653499999999999,5.753166666666667,39.344261843590445,49285355.9,5.786333333333333,True,True,5.94
2023-09-04,5.47,5.61,5.47,5.61,54774470.0,333549982.0,24327798048.0,0.0022515177860292636,5.518,5.5280000000000005,5.6370000000000005,5.748833333333334,43.9393934733701,49777283.95,5.778833333333334,True,True,5.94
2023-09-05,5.61,5.61,5.52,5.54,33111418.0,200936945.0,24327798048.0,0.00136105281434306,5.508,5.518,5.618,5.744666666666666,44.961239822126096,49994205.7,5.7733333333333325,True,True,5.92
2023-09-06,5.53,5.54,5.47,5.5,33055455.0,198497590.0,24327798048.0,0.0013587524417450311,5.508,5.51,5.5995,5.739833333333333,41.406249547119174,49811363.95,5.767166666666666,True,True,5.87
2023-09-07,5.48,5.5,5.4,5.41,34940560.0,207838265.0,24327798048.0,0.0014362401369437741,5.504,5.5120000000000005,5.577,5.734999999999999,41.73228300452603,50064271.65,5.759666666666666,True,True,5.86
2023-09-08,5.4,5.42,5.38,5.4,27205215.0,160459995.0,24327798048.0,0.0011182769170609977,5.492,5.509,5.559,5.730333333333333,43.80165238576603,47876956.25,5.753166666666667,True,True,5.77
2023-09-11,5.4,5.47,5.38,5.42,34283765.0,203121875.0,24327798048.0,0.0014092424202287591,5.454,5.486,5.544,5.725666666666666,40.3508766974454,46003530.45,5.748833333333334,True,True,5.77
2023-09-12,5.42,5.44,5.4,5.4,23621368.0,139894273.0,24327798048.0,0.0009709620226784941,5.426,5.4670000000000005,5.525499999999999,5.718833333333333,41.818181285950445,45178833.6,5.744666666666666,True,True,5.77
2023-09-13,5.4,5.43,5.34,5.38,37141950.0,218163292.0,24327798048.0,0.0015267288032692896,5.402,5.455,5.511,5.713833333333333,49.46236484680312,45000731.05,5.739833333333333,True,True,5.72
2023-09-14,5.38,5.44,5.37,5.4,35592444.0,210126988.0,24327798048.0,0.001463035985820594,5.4,5.452,5.494999999999999,5.709166666666666,48.35164760777689,45085330.7,5.734999999999999,True,True,5.72
2023-09-15,5.41,5.49,5.34,5.35,77935844.0,460957131.0,24327798048.0,0.003203571644512527,5.39,5.441,5.4815000000000005,5.704666666666667,29.729729167275394,46499290.1,5.730333333333333,True,True,5.65
2023-09-18,5.36,5.38,5.3,5.33,45420757.0,264614682.0,24327798048.0,0.0018670311595970382,5.372,5.413,5.4704999999999995,5.701666666666666,31.42857080000006,47219420.4,5.725666666666666,True,True,5.65
2023-09-19,5.33,5.35,5.31,5.34,37116833.0,216520136.0,24327798048.0,0.0015256963629329122,5.359999999999999,5.393,5.4555,5.6955,37.09677335587932,46994099.0,5.718833333333333,True,True,5.65
2023-09-20,5.34,5.35,5.28,5.33,42210872.0,245124013.0,24327798048.0,0.0017350880633222856,5.35,5.376,5.443,5.689166666666667,41.07142754464292,47737511.8,5.713833333333333,True,True,5.65
2023-09-21,5.3,5.35,5.26,5.28,41535060.0,240269981.0,24327798048.0,0.0017073086482405511,5.3260000000000005,5.3629999999999995,5.4375,5.6803333333333335,34.48275778834726,45403849.55,5.709166666666666,True,True,5.65
2023-09-22,5.26,5.43,5.26,5.42,75285930.0,441981282.0,24327798048.0,0.0030946462911052197,5.34,5.365,5.437,5.674666666666667,33.333332514619855,47026307.9,5.704666666666667,True,True,5.65
2023-09-25,5.42,5.46,5.36,5.37,42412157.0,250235779.0,24327798048.0,0.0017433619317423889,5.348,5.359999999999999,5.423,5.6665,34.545453666115705,43523811.85,5.701666666666666,True,True,5.65
2023-09-26,5.37,5.4,5.28,5.29,48932676.0,283998693.0,24327798048.0,0.0020113894362101046,5.337999999999999,5.349,5.408,5.656333333333333,32.20338906636023,42350288.6,5.6955,True,True,5.61
2023-09-27,5.29,5.35,5.28,5.31,41872569.0,243716328.0,24327798048.0,0.0017211820370007702,5.3340000000000005,5.342,5.3985,5.646333333333334,40.38461429733724,42088989.35,5.689166666666667,True,True,5.61
2023-09-28,5.33,5.38,5.31,5.34,35269344.0,206238195.0,24327798048.0,0.0014497548824769,5.345999999999999,5.336,5.394,5.638,44.44444329218105,41496429.1,5.6803333333333335,True,True,5.61
2023-10-09,5.34,5.35,5.26,5.29,44590057.0,257939436.0,24327798048.0,0.0018328850359585161,5.32,5.33,5.3855,5.628166666666667,38.5964902800862,42315437.2,5.674666666666667,True,True,5.61
2023-10-10,5.29,5.3,5.07,5.11,96868213.0,543185778.0,24327798048.0,0.003981791233586945,5.268,5.308,5.3605,5.615499999999999,30.136985723400258,44420124.35,5.6665,True,True,5.61
2023-10-11,5.12,5.18,5.12,5.13,47630397.0,268212444.0,24327798048.0,0.001957858944160206,5.236,5.287000000000001,5.34,5.602833333333334,32.87671169825481,45146073.3,5.656333333333333,True,True,5.54
2023-10-12,5.15,5.23,5.15,5.18,47665685.0,270573333.0,24327798048.0,0.0019593094659020576,5.209999999999999,5.272,5.324,5.593833333333333,35.526315135041486,45876584.8,5.646333333333334,True,True,5.5
2023-10-13,5.17,5.17,5.1,5.11,47388323.0,265284991.0,24327798048.0,0.0019479084340679085,5.164,5.255000000000001,5.309,5.5815,34.61538399408283,46498972.95,5.638,True,True,5.42
2023-10-16,5.13,5.16,5.05,5.08,47445581.0,264411381.0,24327798048.0,0.0019502620379529385,5.122,5.221,5.293,5.5678333333333345,34.17721458420121,47510991.25,5.628166666666667,True,True,5.42
2023-10-17,5.08,5.13,5.07,5.11,42557356.0,237417390.0,24327798048.0,0.0017493303716198294,5.122,5.195,5.2775,5.554166666666666,35.80246851699437,47924670.8,5.615499999999999,True,True,5.42
2023-10-18,5.19,5.2,5.03,5.03,66190234.0,368387738.0,24327798048.0,0.0027207655156213997,5.102,5.169,5.259,5.540000000000001,32.95454493026858,50053114.1,5.602833333333334,True,True,5.42
2023-10-19,4.98,5.04,4.94,4.94,56687491.0,308231714.0,24327798048.0,0.0023301529751337405,5.054,5.132,5.237,5.525166666666666,31.52173865075612,51030391.15,5.593833333333333,True,True,5.42
2023-10-20,4.91,4.96,4.88,4.9,50704934.0,272677083.0,24327798048.0,0.0020842385282858955,5.0120000000000005,5.088,5.212000000000001,5.510666666666666,18.292682614515144,51786015.65,5.5815,True,True,5.42
2023-10-23,4.89,4.9,4.81,4.85,45328999.0,240883986.0,24327798048.0,0.0018632594249000072,4.966,5.044,5.186999999999999,5.495833333333334,18.292682614515115,50155673.4,5.5678333333333345,True,True,5.42
2023-10-24,4.87,4.89,4.81,4.86,41161201.0,218906968.0,24327798048.0,0.0016919410839726155,4.916,5.019,5.1635,5.4813333333333345,21.333332935111144,49942695.6,5.554166666666666,True,True,5.42
2023-10-25,4.93,4.96,4.89,4.92,48095225.0,259037678.0,24327798048.0,0.0019769658110900807,4.894,4.997999999999999,5.1425,5.466166666666666,25.316455247556505,50491615.2,5.540000000000001,True,True,5.42
2023-10-26,4.9,4.97,4.88,4.96,41882500.0,225390359.0,24327798048.0,0.0017215902531484218,4.898,4.976,5.1240000000000006,5.453,26.249999540625012,50475196.6,5.525166666666666,True,True,5.42
2023-10-27,4.95,5.06,4.94,5.05,42956885.0,235743841.0,24327798048.0,0.0017657531074223754,4.928,4.970000000000001,5.1125,5.441833333333333,35.71428511904762,50546287.85,5.510666666666666,True,True,5.42
2023-10-30,5.06,5.07,4.94,4.97,81020929.0,440032151.0,24327798048.0,0.00333038480671952,4.952,4.9590000000000005,5.09,5.4270000000000005,40.54053977355732,50833037.8,5.495833333333334,True,True,5.42
2023-10-31,4.97,4.98,4.86,4.88,66304684.0,354892756.0,24327798048.0,0.0027254700104455587,4.956,4.936,5.0655,5.409166666666667,34.56790063709802,52027664.15,5.4813333333333345,True,True,5.37
2023-11-01,4.89,4.9,4.83,4.86,48076317.0,255235355.0,24327798048.0,0.0019761885931946226,4.944,4.919,5.044,5.391166666666667,29.487178957922467,51984846.2,5.466166666666666,True,True,5.34
2023-11-02,4.85,4.9,4.83,4.84,38027770.0,202279469.0,24327798048.0,0.0015631406477877386,4.92,4.909000000000001,5.0205,5.373333333333333,31.50684871082757,51792606.25,5.453,True,True,5.34
2023-11-03,4.85,4.91,4.84,4.89,49309055.0,263341536.0,24327798048.0,0.0020268605856851776,4.888,4.9079999999999995,4.998,5.356333333333334,37.333332636444446,52494591.8,5.441833333333333,True,True,5.34
2023-11-06,4.91,4.94,4.87,4.91,78635950.0,421963656.0,24327798048.0,0.0032323496703173553,4.876,4.914,4.979,5.339333333333333,36.48648579620163,54196886.45,5.4270000000000005,True,True,5.29
2023-11-07,4.9,4.91,4.85,4.86,66827789.0,355321348.0,24327798048.0,0.0027469723675009683,4.872,4.914,4.9665,5.3213333333333335,38.028168264233315,52694865.25,5.409166666666667,True,True,5.18
2023-11-08,4.86,4.87,4.83,4.84,42123960.0,223394925.0,24327798048.0,0.0017315155246227897,4.868,4.906000000000001,4.952,5.303333333333333,42.18749907714843,52419543.4,5.391166666666667,True,True,5.18
2023-11-09,4.85,4.91,4.84,4.88,70293430.0,375430622.0,24327798048.0,0.0028894283757743893,4.8759999999999994,4.898000000000001,4.936999999999999,5.286833333333333,48.43749894042968,53550930.65,5.373333333333333,True,True,5.18
2023-11-10,4.87,4.88,4.76,4.79,77276220.0,404820339.0,24327798048.0,0.003176457641070928,4.856,4.872000000000001,4.921,5.269,45.58823435553638,55045325.5,5.356333333333334,True,True,5.11
2023-11-13,4.8,4.85,4.77,4.85,56413903.0,296810757.0,24327798048.0,0.0023189070744788517,4.843999999999999,4.859999999999999,4.9094999999999995,5.253833333333334,49.31506754738221,55493741.6,5.339333333333333,True,True,5.11
2023-11-14,4.86,4.91,4.84,4.86,45979630.0,244788132.0,24327798048.0,0.001890003768909945,4.843999999999999,4.858,4.897,5.2395000000000005,45.58823435553638,55664855.3,5.3213333333333335,True,True,5.11
2023-11-15,4.89,4.9,4.86,4.89,40879646.0,218332848.0,24327798048.0,0.001680367697863257,4.854,4.861,4.89,5.224833333333334,44.77611846736467,54399325.9,5.303333333333333,True,True,5.05
2023-11-16,4.88,4.9,4.85,4.86,37866732.0,201597299.0,24327798048.0,0.0015565211419992465,4.85,4.8629999999999995,4.886,5.211333333333333,34.42622871808658,53458287.95,5.286833333333333,False,True,5.05
2023-11-17,4.86,4.87,4.83,4.86,29121475.0,154353279.0,24327798048.0,0.0011970452460408388,4.864,4.86,4.8839999999999995,5.197,39.622640462798216,52379115.0,5.269,True,False,5.05
2023-11-20,4.86,4.88,4.82,4.87,35456207.0,188293944.0,24327798048.0,0.0014574359311123463,4.868,4.856,4.885,5.1845,48.888887367901305,51885475.4,5.253833333333334,True,True,5.05
2023-11-21,4.9,4.93,4.86,4.87,60141415.0,322337968.0,24327798048.0,0.002472127353299213,4.87,4.857,4.8855,5.173166666666666,51.16278903190917,52834486.1,5.2395000000000005,True,True,5.05
2023-11-22,4.86,4.89,4.83,4.83,41135668.0,218622457.0,24327798048.0,0.0016908915438560122,4.858,4.856,4.881,5.159666666666666,48.888887367901305,52486508.25,5.224833333333334,True,True,5.05
2023-11-23,4.82,4.86,4.8,4.86,32907893.0,173973049.0,24327798048.0,0.0013526868701832788,4.858,4.854000000000001,4.8759999999999994,5.147666666666667,46.51162639264479,52037777.9,5.211333333333333,True,True,5.05
2023-11-24,4.85,4.87,4.8,4.81,39946160.0,210843072.0,24327798048.0,0.0016419965309307553,4.848000000000001,4.856,4.864,5.138000000000001,39.1304335916824,51887241.65,5.197,True,True,5.05
2023-11-27,4.8,4.81,4.73,4.76,65395089.0,339963286.0,24327798048.0,0.002688080888824057,4.826,4.847,4.8534999999999995,5.126833333333334,39.1304335916824,51105949.65,5.1845,True,True,4.97
2023-11-28,4.75,4.78,4.73,4.76,34434412.0,179199190.0,24327798048.0,0.0014154348014587727,4.804,4.837,4.8475,5.111999999999999,40.90908960743805,49512436.05,5.173166666666666,True,True,4.91
2023-11-29,4.77,4.8,4.72,4.73,37953926.0,196791882.0,24327798048.0,0.001560105272376684,4.784000000000001,4.821,4.841,5.097666666666667,32.55813847485132,49006316.5,5.159666666666666,True,True,4.91
2023-11-30,4.73,4.81,4.73,4.76,44521265.0,232222381.0,24327798048.0,0.0018300573242246276,4.764,4.811,4.837,5.085333333333334,45.94594420745071,49330991.25,5.147666666666667,True,True,4.91
2023-12-01,4.76,4.82,4.73,4.81,50180991.0,262785652.0,24327798048.0,0.0020627017250385883,4.764,4.805999999999999,4.833,5.075,44.44444271604943,49374588.05,5.138000000000001,True,True,4.91
2023-12-04,4.83,4.84,4.79,4.8,39202207.0,206049916.0,24327798048.0,0.0016114161636269762,4.772,4.799,4.8275,5.064000000000001,41.66666504629623,47402900.9,5.126833333333334,True,True,4.91
2023-12-05,4.78,4.79,4.72,4.72,46231407.0,240020358.0,24327798048.0,0.0019003531231549624,4.764,4.784000000000001,4.8205,5.049166666666666,29.26829168352168,46373081.8,5.111999999999999,True,True,4.89
2023-12-06,4.7,4.72,4.63,4.68,48632178.0,248988843.0,24327798048.0,0.0019990373935218552,4.754,4.769,4.8125,5.034833333333333,28.57142761904754,46698492.7,5.097666666666667,True,True,4.89
2023-12-07,4.69,4.74,4.66,4.73,41686258.0,214380688.0,24327798048.0,0.001713523678458316,4.748,4.755999999999999,4.805000000000001,5.022,36.17021168854689,45268134.1,5.085333333333334,True,True,4.89
2023-12-08,4.72,4.83,4.71,4.74,72546430.0,378871014.0,24327798048.0,0.002982038483584176,4.734,4.7490000000000006,4.8025,5.010833333333334,36.17021168854689,45031644.6,5.075,True,True,4.89
2023-12-11,4.74,4.81,4.65,4.79,72625427.0,375030098.0,24327798048.0,0.00298528567430173,4.732,4.752,4.7995,5.000666666666666,42.307691168639074,45842220.8,5.064000000000001,True,True,4.89
2023-12-12,4.78,4.82,4.75,4.79,38310517.0,200353652.0,24327798048.0,0.0015747630313442825,4.7459999999999996,4.755,4.796,4.990166666666667,45.83333199652782,45458765.15,5.049166666666666,True,True,4.89
2023-12-13,4.77,4.79,4.75,4.76,33901585.0,176676527.0,24327798048.0,0.0013935328192510653,4.762,4.758,4.7895,4.9795,39.58333217881941,45109862.1,5.034833333333333,True,True,4.89
2023-12-14,4.76,4.78,4.73,4.73,30783800.0,159946246.0,24327798048.0,0.0012653755156657408,4.762,4.755,4.7829999999999995,4.968666666666667,41.3043465689982,44755715.5,5.022,True,True,4.87
2023-12-15,4.73,4.76,4.68,4.69,44280860.0,228700034.0,24327798048.0,0.0018201754187794383,4.752000000000001,4.743,4.774500000000001,4.956833333333334,42.22222090864206,45513684.75,5.010833333333334,True,True,4.87
2023-12-18,4.68,4.73,4.65,4.66,39947616.0,204558794.0,24327798048.0,0.0016420563801615457,4.726000000000001,4.729,4.764,4.945333333333333,39.58333217881949,45738255.2,5.000666666666666,True,True,4.87
2023-12-19,4.66,4.68,4.62,4.65,35636306.0,181124953.0,24327798048.0,0.0014648389438981584,4.698,4.7219999999999995,4.753,4.934,41.30434656899812,44512999.75,4.990166666666667,True,True,4.87
2023-12-20,4.65,4.7,4.62,4.62,41458875.0,211342265.0,24327798048.0,0.0017041770454604853,4.67,4.715999999999999,4.7425,4.922,34.782607637051115,44529160.1,4.9795,True,True,4.86
2023-12-21,4.62,4.69,4.6,4.68,42585695.0,216470398.0,24327798048.0,0.0017504952530424753,4.66,4.711,4.7335,4.911166666666667,36.17021168854689,45013050.2,4.968666666666667,True,True,4.86
2023-12-22,4.68,4.76,4.67,4.74,57124597.0,295427667.0,24327798048.0,0.002348120322574621,4.67,4.711,4.7299999999999995,4.902166666666668,44.230768039940905,45871972.05,4.956833333333334,True,True,4.81
2023-12-25,4.74,4.76,4.7,4.76,37136300.0,192508604.0,24327798048.0,0.0015264965586580489,4.6899999999999995,4.708,4.73,4.891166666666667,54.3478244328923,44459032.6,4.945333333333333,False,True,4.81
2023-12-26,4.76,4.78,4.74,4.75,33939171.0,176509834.0,24327798048.0,0.0013950778008365683,4.71,4.704000000000001,4.7295,4.880833333333333,58.13953299080594,44434270.55,4.934,False,False,4.81
2023-12-27,4.76,4.77,4.71,4.75,35708574.0,185231173.0,24327798048.0,0.0014678095374495112,4.736,4.703,4.7305,4.871833333333333,52.63157700831028,44322002.95,4.922,False,False,4.81
2023-12-28,4.76,4.81,4.74,4.8,72308391.0,377799085.0,24327798048.0,0.002972253833139021,4.76,4.71,4.7325,4.863333333333332,57.14285523809527,45711359.25,4.911166666666667,False,False,4.81
2023-12-29,4.78,4.82,4.78,4.81,59498723.0,312736192.0,24327798048.0,0.0024457093437969995,4.774,4.7219999999999995,4.7325,4.8545,52.63157700831028,46177245.85,4.902166666666668,False,False,4.81
2024-01-02,4.82,4.86,4.8,4.8,57236215.0,301846378.0,24327798048.0,0.0023527084073564734,4.782,4.736,4.7325,4.846333333333333,51.28204944115718,47078946.25,4.891166666666667,False,False,4.81
2024-01-03,4.8,4.84,4.79,4.82,37085308.0,195295672.0,24327798048.0,0.0015244005202126709,4.796,4.753,4.7375,4.841499999999999,57.894734709141446,46621641.3,4.880833333333333,False,False,4.81
2024-01-04,4.82,4.82,4.75,4.79,42757433.0,223199984.0,24327798048.0,0.0017575545849088923,4.804,4.77,4.743,4.8358333333333325,57.894734709141304,46327904.05,4.871833333333333,False,False,4.82
2024-01-05,4.78,4.83,4.74,4.76,49951251.0,261625725.0,24327798048.0,0.0020532582069878913,4.795999999999999,4.778,4.7445,4.828833333333334,59.459457209642075,46741153.7,4.863333333333332,False,False,4.82
2024-01-08,4.76,4.8,4.72,4.73,60852154.0,316201119.0,24327798048.0,0.0025013424511308243,4.779999999999999,4.777,4.744,4.822500000000001,59.45945720964222,46156439.9,4.8545,False,False,4.82
2024-01-09,4.74,4.79,4.71,4.77,48022228.0,249791208.0,24327798048.0,0.001973965251818092,4.773999999999999,4.7780000000000005,4.743,4.817333333333333,64.99999772500004,44926279.95,4.846333333333333,True,False,4.82
2024-01-10,4.77,4.79,4.74,4.76,39242694.0,204470881.0,24327798048.0,0.0016130803915164102,4.762,4.779000000000001,4.7415,4.8115,68.42105011080346,44972888.8,4.841499999999999,False,True,4.82
2024-01-11,4.76,4.77,4.69,4.75,50709405.0,262568847.0,24327798048.0,0.0020844223098180825,4.754,4.779000000000001,4.741,4.806833333333333,60.60605803489461,45813279.8,4.8358333333333325,False,False,4.82
2024-01-12,4.73,4.86,4.73,4.83,74625044.0,393807288.0,24327798048.0,0.0030674804128495697,4.767999999999999,4.782,4.746,4.805000000000001,62.8571403428573,48005342.0,4.828833333333334,False,False,4.82
2024-01-15,4.82,4.9,4.76,4.89,85564841.0,453216716.0,24327798048.0,0.0035171634042331394,4.8,4.790000000000001,4.755999999999999,4.804833333333334,66.66666427350444,50069541.05,4.822500000000001,False,False,4.83
2024-01-16,4.86,4.92,4.83,4.89,83497446.0,445392839.0,24327798048.0,0.0034321826346657117,4.824,4.7989999999999995,4.7675,4.805499999999999,68.42105011080346,52247032.55,4.817333333333333,False,False,4.89
2024-01-17,4.88,4.94,4.85,4.85,87647223.0,469304665.0,24327798048.0,0.003602760218046348,4.8420000000000005,4.802,4.7775,4.8053333333333335,61.90475984126992,54847578.4,4.8115,False,False,4.89
2024-01-18,4.85,4.91,4.72,4.87,113721910.0,596494966.0,24327798048.0,0.004674566509291996,4.866,4.8100000000000005,4.79,4.804500000000001,58.97435685733085,58460730.15,4.806833333333333,False,False,4.89
2024-01-19,4.86,4.88,4.79,4.82,74045295.0,391090508.0,24327798048.0,0.0030436496905270594,4.864,4.816000000000001,4.797,4.8021666666666665,51.16278903190928,60033710.15,4.805000000000001,False,False,4.89
2024-01-22,4.8,4.88,4.73,4.76,122010797.0,642230553.0,24327798048.0,0.005015283206448295,4.838,4.819,4.798,4.7973333333333334,45.83333199652782,63278020.15,4.804833333333334,False,False,4.89
2024-01-23,4.74,4.77,4.67,4.72,79255453.0,409229754.0,24327798048.0,0.0032578144903877,4.804,4.814,4.795999999999999,4.793166666666666,39.999998879999964,65383977.8,4.805499999999999,True,False,4.89
2024-01-24,4.74,4.94,4.73,4.93,111652203.0,590785384.0,24327798048.0,0.004589490704407544,4.82,4.8309999999999995,4.805,4.794,60.29411640570937,69269629.4,4.8053333333333335,True,True,4.89
2024-01-25,4.95,5.19,4.94,5.18,178667213.0,999435088.0,24327798048.0,0.007344158836220211,4.882,4.8740000000000006,4.8265,4.799333333333333,73.33333219259265,76417561.35,4.804500000000001,False,True,4.93
2024-01-26,5.19,5.21,5.11,5.17,102153345.0,576223609.0,24327798048.0,0.004199037857780888,4.952,4.9079999999999995,4.845,4.804833333333334,74.9999988068182,77909809.05,4.8021666666666665,False,False,5.18
2024-01-29,5.17,5.4,5.12,5.27,165772423.0,958171659.0,24327798048.0,0.006814115386559953,5.053999999999999,4.946,4.868,4.811166666666667,76.59574354006341,83223494.05,4.7973333333333334,False,False,5.18
2024-01-30,5.24,5.35,5.21,5.23,97933806.0,565045078.0,24327798048.0,0.004025592690582664,5.156000000000001,4.9799999999999995,4.8895,4.8165000000000004,74.22680305239672,85258373.6,4.793166666666666,False,False,5.27
2024-01-31,5.21,5.28,5.16,5.2,95513275.0,545778131.0,24327798048.0,0.003926096180655043,5.21,5.015,4.9085,4.822166666666666,72.72727169880628,88179771.95,4.794,False,False,5.27
2024-02-01,5.18,5.24,5.13,5.15,104880034.0,594049670.0,24327798048.0,0.004311119066060409,5.204,5.043,4.9265,4.827333333333333,66.66666569444449,91285902.0,4.799333333333333,False,False,5.27
2024-02-02,5.16,5.27,5.07,5.17,112269073.0,637654647.0,24327798048.0,0.004614847294378527,5.204000000000001,5.077999999999999,4.947,4.832166666666667,65.2173903119093,94401793.1,4.804833333333334,False,False,5.27
2024-02-05,5.18,5.29,5.14,5.23,153183399.0,878074688.0,24327798048.0,0.006296640521997151,5.196,5.125,4.9719999999999995,4.8395,67.34693781341113,99018355.35,4.811166666666667,False,False,5.27
2024-02-06,5.23,5.4,5.2,5.37,134868844.0,784970918.0,24327798048.0,0.0055438163262411504,5.223999999999999,5.1899999999999995,5.002,4.848166666666667,74.07407311385464,103360686.15,4.8165000000000004,False,False,5.27
2024-02-07,5.38,5.4,5.24,5.36,151783868.0,880458909.0,24327798048.0,0.006239112463056566,5.256,5.233,5.032,4.8565000000000005,72.8971953078872,108987744.85,4.822166666666666,False,False,5.37
2024-02-08,5.34,5.4,5.26,5.39,127384427.0,742193641.0,24327798048.0,0.005236167562253845,5.304,5.254,5.064,4.864833333333333,77.14285611428575,112821495.95,4.827333333333333,False,False,5.37
2024-02-19,5.4,5.44,5.32,5.44,114089228.0,671984381.0,24327798048.0,0.004689665204179024,5.358,5.281000000000001,5.0945,4.8745,82.69230657914211,114794705.15,4.832166666666667,False,False,5.39
2024-02-20,5.43,5.5,5.38,5.48,68728708.0,409824071.0,24327798048.0,0.00282511010097974,5.4079999999999995,5.3020000000000005,5.1240000000000006,4.884833333333334,86.53846037352082,113952898.5,4.8395,False,False,5.44
2024-02-21,5.46,5.58,5.43,5.53,83939319.0,508618809.0,24327798048.0,0.0034503459307900944,5.44,5.332,5.156000000000001,4.895833333333333,84.0909077530993,113974992.15,4.848166666666667,False,False,5.48
2024-02-22,5.53,5.55,5.49,5.55,59472176.0,359118397.0,24327798048.0,0.0024446181229660956,5.478,5.367,5.191,4.907166666666667,78.46153677159778,112566239.8,4.8565000000000005,False,False,5.53
2024-02-23,5.53,5.57,5.5,5.52,55592254.0,336341329.0,24327798048.0,0.0022851329943759653,5.504,5.404,5.2235,4.918666666666667,76.11940139452003,109659757.0,4.864833333333333,False,False,5.55
2024-02-26,5.52,5.94,5.52,5.74,178348373.0,1128466418.0,24327798048.0,0.007331052841202869,5.564,5.461,5.2695,4.933333333333334,79.74683402980301,114874910.9,4.8745,False,False,5.55
2024-02-27,5.72,5.77,5.69,5.75,79916088.0,500657376.0,24327798048.0,0.003284970051227877,5.618,5.513,5.319000000000001,4.949,84.21052476454295,112770175.45,4.884833333333334,False,False,5.74
2024-02-28,5.75,5.78,5.65,5.67,93724635.0,585348015.0,24327798048.0,0.0038525737025223764,5.646,5.543,5.3665,4.964166666666667,79.0123443133669,113493634.55,4.895833333333333,False,False,5.75
2024-02-29,5.65,5.83,5.63,5.83,98873634.0,623031822.0,24327798048.0,0.004064224546953129,5.702,5.590000000000001,5.4115,4.982,86.95652041587903,112854706.1,4.907166666666667,False,False,5.75
2024-03-01,5.87,6.05,5.87,5.99,139171433.0,910782178.0,24327798048.0,0.005720675283698409,5.796,5.65,5.452,5.003,88.67924411178356,110879917.1,4.918666666666667,False,False,5.83
2024-03-04,6.0,6.15,6.0,6.08,123834139.0,824133048.0,24327798048.0,0.0050902321186516285,5.864,5.714,5.4975000000000005,5.025,88.99082454507197,111963956.8,4.933333333333334,False,False,5.99
2024-03-05,6.07,6.22,6.07,6.22,143731998.0,971113407.0,24327798048.0,0.005908138406789195,5.958,5.788,5.545,5.048500000000001,88.99082454507197,110861935.55,4.949,False,False,6.08
2024-03-06,6.23,6.28,6.16,6.2,109690978.0,746056221.0,24327798048.0,0.004508874078269396,6.064,5.8549999999999995,5.593500000000001,5.071833333333333,88.18181705950416,111449794.15,4.964166666666667,False,False,6.22
2024-03-07,6.2,6.37,6.19,6.27,125642917.0,865789741.0,24327798048.0,0.005164582374126094,6.152,5.9270000000000005,5.647,5.097666666666667,88.59649014004312,112956276.25,4.982,False,False,6.22
2024-03-08,6.29,6.3,6.2,6.29,82216902.0,562840836.0,24327798048.0,0.0033795455650273737,6.212,6.004,5.704,5.1245,88.28828717474232,111823119.65,5.003,False,False,6.27
2024-03-11,6.28,6.4,6.15,6.22,128303258.0,876288144.0,24327798048.0,0.005273936331880553,6.24,6.052,5.7565,5.149333333333333,82.45613933825791,112624828.9,5.025,False,False,6.29
2024-03-12,6.21,6.23,5.93,5.96,217634322.0,1434630106.0,24327798048.0,0.0089459112399156,6.188,6.0729999999999995,5.793000000000001,5.169666666666667,65.92592524224966,115847375.05,5.048500000000001,False,False,6.29
2024-03-13,5.93,5.94,5.85,5.93,106365910.0,686856057.0,24327798048.0,0.004372196357028884,6.1339999999999995,6.099,5.821,5.188666666666667,63.970587576773354,114422228.35,5.071833333333333,False,False,6.29
2024-03-14,5.94,6.05,5.92,5.94,87559474.0,572911186.0,24327798048.0,0.0035991532742601956,6.068,6.109999999999999,5.85,5.207833333333334,65.67164110492317,111211008.65,5.097666666666667,False,False,6.29
2024-03-15,5.94,5.97,5.89,5.95,72484585.0,470030671.0,24327798048.0,0.0029794963299590114,6.0,6.106,5.878,5.227666666666667,59.29203466363851,108466016.55,5.1245,False,False,6.29
2024-03-18,5.94,6.04,5.91,5.93,115983618.0,756730277.0,24327798048.0,0.00476753456153978,5.942,6.090999999999999,5.902500000000001,5.2476666666666665,57.89473613111726,108560736.05,5.149333333333333,False,False,6.29
2024-03-19,5.94,5.97,5.88,5.89,64578176.0,417546109.0,24327798048.0,0.0026545014831422034,5.928,6.058,5.923,5.267666666666667,59.99999923636363,108353209.45,5.169666666666667,False,False,6.29
2024-03-20,5.87,5.92,5.82,5.89,76465067.0,490834747.0,24327798048.0,0.003143115001576817,5.92,6.027,5.941,5.288166666666667,53.19148856948845,107979496.85,5.188666666666667,True,False,6.29
2024-03-21,5.89,5.93,5.83,5.91,66603677.0,429361589.0,24327798048.0,0.002737760189746212,5.914,5.991,5.9590000000000005,5.309166666666667,44.999999212500015,108336071.9,5.207833333333334,True,True,6.29
2024-03-22,5.93,5.95,5.82,5.92,78102448.0,503393060.0,24327798048.0,0.0032104199420720215,5.9079999999999995,5.954,5.979000000000001,5.330833333333333,38.88888813271606,109461581.6,5.227666666666667,True,True,6.29
2024-03-25,5.9,5.99,5.88,5.92,72318961.0,469783160.0,24327798048.0,0.0029726883155356256,5.906000000000001,5.924,5.9879999999999995,5.3515,24.13793045184312,104160111.0,5.2476666666666665,True,True,6.29
2024-03-26,5.92,6.03,5.89,5.99,86449358.0,564923603.0,24327798048.0,0.0035535216886226594,5.926,5.927,6.0,5.372333333333333,33.333332592592654,104486774.5,5.267666666666667,True,True,6.29
2024-03-27,5.99,6.04,5.95,5.99,67100021.0,440245093.0,24327798048.0,0.002758162529449159,5.946000000000001,5.933,6.016,5.392833333333333,24.999999375000172,103155543.8,5.288166666666667,True,True,6.29
2024-03-28,5.97,6.07,5.93,6.05,78831264.0,518684385.0,24327798048.0,0.0032403780993438803,5.973999999999999,5.944000000000001,6.026999999999999,5.4145,29.99999930000004,102153425.3,5.309166666666667,True,True,6.29
2024-03-29,6.04,6.24,6.02,6.24,107063197.0,723063957.0,24327798048.0,0.004400858507159538,6.038,5.973,6.0395,5.439333333333333,51.388887889660545,100548013.5,5.330833333333333,False,True,6.29
2024-04-01,6.25,6.31,6.21,6.28,93658255.0,642160187.0,24327798048.0,0.003849845136629605,6.110000000000001,6.008,6.0495,5.464,81.99999770399998,99039219.3,5.3515,False,False,6.29
2024-04-02,6.29,6.38,6.25,6.32,79788905.0,551990574.0,24327798048.0,0.0032797421633709873,6.176,6.051,6.0545,5.489166666666667,88.23529169550173,95842064.65,5.372333333333333,False,False,6.29
2024-04-03,6.34,6.36,6.24,6.31,78678847.0,542781121.0,24327798048.0,0.0032341129618374247,6.24,6.093,6.0600000000000005,5.514333333333334,86.27450743560158,94291458.1,5.392833333333333,False,False,6.32
2024-04-08,6.28,6.34,6.25,6.28,63146187.0,434783193.0,24327798048.0,0.002595639230291591,6.286,6.130000000000001,6.0605,5.538666666666667,81.13207332858669,91166621.6,5.4145,False,False,6.32
2024-04-09,6.29,6.31,6.15,6.16,75051076.0,509771528.0,24327798048.0,0.003084992560852419,6.2700000000000005,6.154,6.054,5.5615,68.25396673721345,90808330.3,5.439333333333333,False,False,6.32
2024-04-10,6.15,6.22,6.08,6.1,53256707.0,357623528.0,24327798048.0,0.0021891297722433315,6.234,6.172,6.048,5.583833333333334,66.15384472899407,87056002.75,5.464,False,False,6.32
2024-04-11,6.05,6.25,6.03,6.19,68073836.0,460049625.0,24327798048.0,0.0027981914296430284,6.208,6.192,6.0595,5.6081666666666665,70.27026894083275,79577978.45,5.489166666666667,False,False,6.32
2024-04-12,6.15,6.29,6.15,6.2,92126873.0,629478376.0,24327798048.0,0.0037868973105674806,6.186,6.213,6.073,5.632000000000001,69.86301235879151,78866026.6,5.514333333333334,False,False,6.32
2024-04-15,6.3,6.82,6.3,6.82,495444953.0,3649830051.0,24327798048.0,0.02036538415940734,6.294,6.29,6.117,5.666333333333333,83.58208867899307,99260300.55,5.538666666666667,False,False,6.32
2024-04-16,6.75,7.13,6.69,7.0,630805661.0,4744573626.0,24327798048.0,0.025929418673872082,6.462000000000001,6.3660000000000005,6.1695,5.703833333333334,85.52631500173128,127176354.35,5.5615,False,False,6.82
2024-04-17,6.86,7.24,6.74,7.21,487039645.0,3735201016.0,24327798048.0,0.020019881948997013,6.684,6.4590000000000005,6.2335,5.743499999999999,86.74698722020611,145729155.7,5.583833333333334,False,False,7.0
2024-04-18,7.13,7.39,7.06,7.11,371041193.0,2909077169.0,24327798048.0,0.015251737632313314,6.868,6.537999999999999,6.294500000000001,5.7805,81.81818116735536,161052306.55,5.6081666666666665,False,False,7.21
2024-04-19,7.04,7.28,7.0,7.13,314944005.0,2457930934.0,24327798048.0,0.012945849204214835,7.054,6.62,6.3565000000000005,5.817833333333334,81.39534817468902,172976253.45,5.632000000000001,False,False,7.21
2024-04-22,7.13,7.17,6.76,6.79,327728275.0,2480555207.0,24327798048.0,0.013471349702647779,7.048,6.670999999999999,6.400499999999999,5.8501666666666665,64.70588186851211,186032483.35,5.666333333333333,False,False,7.21
2024-04-23,6.77,6.8,6.57,6.66,248605230.0,1814191283.0,24327798048.0,0.010218977875000814,6.9799999999999995,6.721000000000001,6.4375,5.879999999999999,59.69387712463556,194557622.45,5.703833333333334,False,False,7.21
2024-04-24,6.68,6.7,6.57,6.65,212880407.0,1546005982.0,24327798048.0,0.008750500418491472,6.868,6.776000000000001,6.474000000000001,5.9105,58.549222373218086,201585694.75,5.743499999999999,False,False,7.21
2024-04-25,6.62,6.69,6.55,6.65,160212063.0,1162619902.0,24327798048.0,0.006585555449116,6.776000000000001,6.822,6.507,5.941999999999999,58.85416623752173,205273830.0,5.7805,False,False,7.21
2024-04-26,6.63,6.7,6.59,6.61,205396275.0,1488749565.0,24327798048.0,0.00844286336949783,6.672,6.8629999999999995,6.537999999999999,5.9735000000000005,58.549222373218086,212188642.7,5.817833333333334,False,False,7.21
2024-04-29,6.59,6.63,6.46,6.48,287382880.0,2045813399.0,24327798048.0,0.01181294252085531,6.610000000000001,6.829000000000001,6.5595,5.999333333333334,58.24742226007016,222616223.5,5.8501666666666665,False,False,7.21
2024-04-30,6.49,6.57,6.38,6.39,214920436.0,1517117357.0,24327798048.0,0.008834356302035676,6.556,6.768000000000001,6.567,6.0195,57.360405683733156,228009085.45,5.879999999999999,True,False,7.21
2024-05-06,6.47,6.55,6.43,6.54,233656127.0,1661986729.0,24327798048.0,0.009604491394534944,6.534000000000001,6.7010000000000005,6.58,6.042333333333334,58.62068925089179,235008979.05,5.9105,True,True,7.21
2024-05-07,6.55,6.55,6.44,6.47,158752096.0,1124208719.0,24327798048.0,0.0065255431538347175,6.498,6.6370000000000005,6.5875,6.062333333333333,56.459329765344194,238957138.6,5.941999999999999,True,True,7.21
2024-05-08,6.44,6.47,6.34,6.47,116945645.0,821322875.0,24327798048.0,0.0048070789131535955,6.470000000000001,6.571,6.5954999999999995,6.083,38.095237732426284,240870478.5,5.9735000000000005,True,True,7.21
2024-05-09,6.42,6.53,6.4,6.49,155704963.0,1101689322.0,24327798048.0,0.006400290017731407,6.4719999999999995,6.5409999999999995,6.606,6.1045,30.534350818716874,245498417.3,5.999333333333334,True,True,7.21
2024-05-10,6.51,6.59,6.45,6.56,182024049.0,1298650387.0,24327798048.0,0.007482142388754509,6.506,6.531000000000001,6.626,6.128,22.222221956315266,250847065.95,6.0195,True,True,7.21
2024-05-13,6.66,7.04,6.66,6.86,429637546.0,3221756306.0,24327798048.0,0.017660354839854515,6.57,6.552,6.664,6.156166666666667,40.87591199104908,269666107.9,6.042333333333334,True,True,7.21
2024-05-14,6.79,6.9,6.66,6.71,223442307.0,1649140218.0,24327798048.0,0.00918464986264424,6.618,6.558,6.69,6.180833333333334,35.99999966400003,277434531.45,6.062333333333333,False,True,7.21
2024-05-15,6.68,6.76,6.57,6.57,142743094.0,1035151475.0,24327798048.0,0.005867489269614969,6.638,6.553999999999999,6.708500000000001,6.200833333333334,41.53846109112428,279965342.5,6.083,False,False,7.21
2024-05-16,6.57,6.6,6.48,6.5,144755063.0,1035553170.0,24327798048.0,0.005950191740098746,6.640000000000001,6.556,6.6925,6.219833333333333,43.54838660509887,262430848.0,6.1045,True,False,7.21
2024-05-17,6.5,6.53,6.45,6.5,117446763.0,832150329.0,24327798048.0,0.004827677489276731,6.628,6.567,6.6674999999999995,6.238333333333333,43.90243852468769,236762903.1,6.128,True,True,7.21
2024-05-20,6.49,6.49,6.36,6.47,154757202.0,1089115058.0,24327798048.0,0.006361332073484664,6.55,6.5600000000000005,6.6305000000000005,6.2555,42.85714238095238,220148780.95,6.156166666666667,True,True,7.21
2024-05-21,6.47,6.53,6.43,6.47,100956549.0,715004822.0,24327798048.0,0.004149843269859751,6.502,6.5600000000000005,6.5985,6.272,44.26229457403923,206644548.75,6.180833333333334,True,True,7.13
2024-05-22,6.45,6.47,6.39,6.4,104621804.0,734187296.0,24327798048.0,0.004300504459695686,6.468000000000001,6.553,6.562,6.2865,46.55172357609989,196128438.7,6.200833333333334,True,True,7.13
2024-05-23,6.38,6.39,6.25,6.26,134335988.0,928046697.0,24327798048.0,0.005521913151981456,6.42,6.529999999999999,6.535500000000001,6.298333333333333,44.628098657195565,186458824.35,6.219833333333333,True,True,6.86
2024-05-24,6.25,6.34,6.23,6.25,88549183.0,609124977.0,24327798048.0,0.0036398355011533676,6.37,6.499,6.514999999999999,6.3105,36.448597653943594,178456022.0,6.238333333333333,True,True,6.86
2024-05-27,6.25,6.45,6.25,6.44,125921330.0,878064632.0,24327798048.0,0.0051760266075684585,6.364,6.457000000000001,6.5045,6.322166666666666,48.739495224913526,174108068.15,6.2555,True,True,6.86
2024-05-28,6.46,6.48,6.37,6.37,90850311.0,637575607.0,24327798048.0,0.003734423921998516,6.344,6.423,6.4905,6.3325,46.031745520282215,170639980.55,6.272,True,True,6.86
2024-05-29,6.36,6.39,6.28,6.36,81611339.0,566805151.0,24327798048.0,0.003354653752015559,6.336,6.401999999999999,6.478,6.343999999999999,44.79999949824002,164450733.75,6.2865,True,True,6.86
2024-05-30,6.36,6.46,6.33,6.37,87097460.0,608641134.0,24327798048.0,0.003580162077478291,6.3580000000000005,6.389,6.472499999999999,6.353,42.01680622837374,154436462.75,6.298333333333333,True,True,6.86
2024-05-31,6.36,6.43,6.35,6.37,97302232.0,679978560.0,24327798048.0,0.0039996316891490824,6.382,6.3759999999999994,6.471500000000001,6.359333333333334,22.471909758868847,148555552.55,6.3105,True,True,6.86
2024-06-03,6.37,6.53,6.37,6.43,149124863.0,1052526139.0,24327798048.0,0.006129813421903986,6.380000000000001,6.372,6.465999999999999,6.365166666666667,32.49999943124999,144328989.35,6.322166666666666,True,True,6.86
2024-06-04,6.43,6.51,6.38,6.51,119462000.0,844945912.0,24327798048.0,0.004910514291687859,6.4079999999999995,6.376,6.468000000000001,6.37,45.9459450766983,142364484.55,6.3325,True,True,6.86
2024-06-05,6.5,6.5,6.31,6.31,145351921.0,1014517883.0,24327798048.0,0.005974725731988286,6.398000000000001,6.366999999999999,6.460000000000001,6.371833333333333,39.08045914123397,143784798.35,6.343999999999999,False,True,6.86
2024-06-06,6.34,6.6,6.34,6.5,242838088.0,1724697878.0,24327798048.0,0.00998191811362738,6.4239999999999995,6.391,6.460500000000001,6.375666666666667,49.99999933962265,148141454.6,6.353,True,False,6.86
2024-06-07,6.5,6.62,6.45,6.58,173934077.0,1246522871.0,24327798048.0,0.007149602140597316,6.465999999999999,6.4239999999999995,6.461499999999999,6.3805,54.954954261829414,147736956.0,6.359333333333334,False,True,6.86
2024-06-11,6.58,6.61,6.31,6.35,203666780.0,1427292099.0,24327798048.0,0.008371772060839824,6.45,6.415000000000001,6.436,6.382666666666667,45.52238758409446,136438417.7,6.365166666666667,False,False,6.86
2024-06-12,6.31,6.44,6.23,6.43,104648437.0,727958766.0,24327798048.0,0.004301599215577309,6.434,6.420999999999999,6.422,6.3905,51.11111058106994,130498724.2,6.37,True,False,6.71
2024-06-13,6.42,6.47,6.36,6.42,76306714.0,534849973.0,24327798048.0,0.003136605863360215,6.456,6.427,6.414500000000001,6.398666666666666,56.55737640016126,127176905.2,6.371833333333333,False,True,6.58
2024-06-14,6.39,6.44,6.31,6.32,101883460.0,706080058.0,24327798048.0,0.004187944169833154,6.419999999999999,6.422,6.405500000000001,6.404999999999999,52.671755162286594,125033325.05,6.375666666666667,False,False,6.58
2024-06-17,6.27,6.36,6.14,6.19,135978120.0,927055592.0,24327798048.0,0.005589413383476308,6.3420000000000005,6.404000000000001,6.390000000000001,6.409,39.999999552000006,125959892.9,6.3805,True,False,6.58
2024-06-18,6.22,6.47,6.2,6.47,178771091.0,1247500596.0,24327798048.0,0.007348428766437284,6.366,6.4079999999999995,6.39,6.418,53.42465702195533,127160587.35,6.382666666666667,True,True,6.58
2024-06-19,6.47,6.54,6.42,6.48,99093707.0,703545441.0,24327798048.0,0.004073270700639778,6.3759999999999994,6.404999999999999,6.3905,6.427833333333334,54.109588522236834,127067445.25,6.3905,False,True,6.58
2024-06-20,6.48,6.56,6.47,6.5,86832872.0,618084644.0,24327798048.0,0.003569286123991751,6.392,6.424000000000001,6.3955,6.438000000000001,54.42176818918044,126177998.65,6.398666666666666,False,False,6.58
2024-06-21,6.49,6.62,6.47,6.62,178970641.0,1284181638.0,24327798048.0,0.007356631317264378,6.452,6.436,6.413500000000001,6.449833333333333,57.861634710652275,128409731.3,6.404999999999999,False,False,6.58
2024-06-24,6.56,6.58,6.4,6.48,134204833.0,953380467.0,24327798048.0,0.005516521994107603,6.51,6.426,6.425,6.4591666666666665,51.497005556312544,130692513.8,6.409,False,False,6.62
2024-06-25,6.48,6.63,6.47,6.52,125071341.0,897242741.0,24327798048.0,0.005141087604937685,6.5200000000000005,6.4430000000000005,6.429,6.469166666666667,50.30674803417517,130650014.35,6.418,False,False,6.62
2024-06-26,6.49,6.6,6.47,6.58,90363531.0,646358101.0,24327798048.0,0.0037144147128197994,6.540000000000001,6.458,6.4395,6.479,59.06040212963382,130625675.35,6.427833333333334,False,False,6.62
2024-06-27,6.55,6.63,6.52,6.57,119704401.0,860821555.0,24327798048.0,0.00492047824319394,6.554,6.473000000000001,6.45,6.488666666666666,52.6717551622866,132530328.45,6.438000000000001,False,False,6.62
2024-06-28,6.56,6.95,6.54,6.87,258115642.0,1920264233.0,24327798048.0,0.010609905651581148,6.603999999999999,6.5280000000000005,6.475,6.5023333333333335,59.47712363877144,141081237.55,6.449833333333333,False,False,6.62
2024-07-01,6.87,6.99,6.84,6.97,157166513.0,1190568981.0,24327798048.0,0.006460367382609078,6.702,6.606,6.505,6.5145,72.14285642142862,144074451.6,6.4591666666666665,False,False,6.87
2024-07-02,6.95,7.09,6.92,7.01,165908138.0,1269834962.0,24327798048.0,0.006819693984332437,6.8,6.660000000000001,6.534000000000001,6.526666666666667,71.32352867755195,144913615.35,6.469166666666667,False,False,6.97
2024-07-03,7.01,7.13,7.0,7.08,145475585.0,1125058082.0,24327798048.0,0.005979808970502352,6.9,6.720000000000001,6.5625,6.539333333333333,73.2394358976394,146214294.6,6.479,False,False,7.01
2024-07-04,7.09,7.15,7.02,7.03,119863268.0,927339848.0,24327798048.0,0.004927008509504378,6.992,6.773000000000001,6.5985,6.551333333333333,75.91240798337688,144939861.95,6.488666666666666,False,False,7.08
2024-07-05,7.01,7.07,6.89,7.0,166209252.0,1264760814.0,24327798048.0,0.006832071347849097,7.018000000000001,6.811,6.6235,6.5633333333333335,81.88976287680578,141108420.15,6.5023333333333335,False,False,7.08
2024-07-08,7.04,7.11,6.99,7.04,103789537.0,798713360.0,24327798048.0,0.004266293924144631,7.032000000000001,6.867,6.6465000000000005,6.578,77.66990185691398,137601193.15,6.5145,False,False,7.08
2024-07-09,7.07,7.15,6.96,7.14,120852513.0,934820497.0,24327798048.0,0.0049676716635657595,7.058,6.929,6.686,6.595333333333333,79.46428472098216,133460479.8,6.526666666666667,False,False,7.08
2024-07-10,7.12,7.21,6.97,7.0,132103529.0,1018166063.0,24327798048.0,0.0054301473869255625,7.042,6.970999999999999,6.714499999999999,6.608833333333333,70.16128953043707,134833234.4,6.539333333333333,False,False,7.14
2024-07-11,7.01,7.1,6.97,7.08,78533867.0,606093706.0,24327798048.0,0.0032281535240077474,7.052,7.022,6.7475,6.623499999999999,69.16666585972226,134944592.05,6.551333333333333,False,False,7.14
2024-07-12,7.07,7.07,6.89,6.97,114188794.0,869817904.0,24327798048.0,0.004693757888597218,7.045999999999999,7.031999999999999,6.779999999999999,6.626,70.94017009131419,135559858.75,6.5633333333333335,False,False,7.14
2024-07-15,6.93,7.06,6.92,7.01,71805792.0,551046586.0,24327798048.0,0.002951594380154072,7.040000000000001,7.036,6.821000000000001,6.626166666666666,70.94017009131422,132351242.35,6.578,False,False,7.14
2024-07-16,7.0,7.06,6.97,7.01,67563582.0,518195589.0,24327798048.0,0.0027772173160387787,7.014,7.036,6.848000000000001,6.622833333333333,69.3693684944404,126790866.9,6.595333333333333,False,False,7.14
2024-07-17,7.0,7.0,6.89,6.95,74377431.0,564486589.0,24327798048.0,0.0030573022208277745,7.004,7.022999999999999,6.8715,6.620166666666667,66.37930954369799,125555053.1,6.608833333333333,False,False,7.14
2024-07-18,6.95,7.12,6.9,7.11,117328099.0,903843597.0,24327798048.0,0.004822799776967304,7.010000000000001,7.031000000000001,6.901999999999999,6.619833333333333,61.76470503460211,127079814.45,6.623499999999999,False,False,7.14
2024-07-19,7.08,7.32,7.04,7.28,154854256.0,1221768261.0,24327798048.0,0.0063653215015376475,7.072,7.059,6.935,6.628,64.22018266139219,125873995.2,6.626,False,False,7.14
2024-07-22,7.31,7.33,7.04,7.17,154255933.0,1205246898.0,24327798048.0,0.006340727290470148,7.104000000000001,7.072,6.969499999999999,6.6365,56.89655103745543,126876550.2,6.626166666666666,False,False,7.28
2024-07-23,7.17,7.21,7.11,7.13,81767550.0,640179758.0,24327798048.0,0.003361074842806094,7.128,7.071,7.0,6.6445,52.21238873365181,124711360.65,6.622833333333333,False,False,7.28
2024-07-24,7.08,7.32,7.06,7.27,147624085.0,1170006804.0,24327798048.0,0.006068123580635208,7.192,7.097999999999999,7.0344999999999995,6.654833333333333,59.8360648871271,127574388.35,6.620166666666667,False,False,7.28
2024-07-25,7.22,7.24,7.02,7.1,120996138.0,940475497.0,24327798048.0,0.00497357540379398,7.19,7.1,7.061,6.662999999999999,53.67647003568339,127638975.2,6.619833333333333,False,False,7.28
2024-07-26,7.11,7.17,7.0,7.06,97907208.0,754127819.0,24327798048.0,0.004024499373384473,7.145999999999999,7.109,7.0705,6.672666666666666,50.735293595371964,119628553.5,6.628,False,False,7.28
2024-07-29,7.05,7.26,7.03,7.11,96342816.0,752896146.0,24327798048.0,0.003960194663319329,7.133999999999999,7.119,7.077500000000001,6.684666666666667,48.854961309947,116587368.65,6.6365,True,False,7.28
2024-07-30,7.06,7.08,6.96,7.06,89234293.0,685493162.0,24327798048.0,0.0036679971127652465,7.119999999999999,7.1240000000000006,7.08,6.6933333333333325,52.45901579145389,112753676.4,6.6445,False,True,7.28
2024-07-31,7.02,7.07,6.87,6.98,144621764.0,1096744998.0,24327798048.0,0.005944712452588344,7.062,7.127,7.075,6.701833333333334,45.9016388175222,112710985.35,6.654833333333333,True,False,7.28
2024-08-01,7.18,7.43,7.13,7.39,266034163.0,2133564068.0,24327798048.0,0.010935398365076069,7.12,7.154999999999999,7.093000000000001,6.7171666666666665,63.81578888590721,120019530.1,6.662999999999999,True,True,7.28
2024-08-02,7.28,7.38,7.21,7.33,134986123.0,1079069288.0,24327798048.0,0.005548637107791894,7.1739999999999995,7.159999999999999,7.1095,6.731166666666667,60.38960984061395,118458373.65,6.672666666666666,False,True,7.39
2024-08-05,7.29,7.32,7.09,7.1,131761977.0,1033650525.0,24327798048.0,0.005416107809676274,7.172,7.1530000000000005,7.1125,6.740166666666667,52.54237246576654,119856995.65,6.684666666666667,False,False,7.39
2024-08-06,7.11,7.17,6.99,7.06,77973710.0,601583607.0,24327798048.0,0.0032051281355654896,7.172,7.146000000000001,7.108499999999999,6.7435,53.14285671771427,117713055.5,6.6933333333333325,True,False,7.39
2024-08-07,7.05,7.14,7.0,7.0,72029488.0,557193053.0,24327798048.0,0.002960789458128603,7.175999999999999,7.119,7.108499999999999,6.748333333333333,46.66666627070707,114709353.45,6.701833333333334,True,True,7.39
2024-08-08,6.98,7.02,6.84,6.94,89960214.0,681055027.0,24327798048.0,0.00369783627036462,7.086,7.103,7.1015,6.754499999999999,38.9610386068477,115280670.8,6.7171666666666665,True,True,7.39
2024-08-09,6.98,7.03,6.91,6.94,45511675.0,346551708.0,24327798048.0,0.0018707683658916899,7.008,7.090999999999999,7.1,6.761833333333333,41.958041547263946,111846814.85,6.731166666666667,True,True,7.39
2024-08-12,6.93,7.0,6.88,6.91,46653530.0,353188728.0,24327798048.0,0.0019177045907710257,6.970000000000001,7.071000000000001,7.095000000000001,6.768666666666666,42.25352071017656,110589201.75,6.740166666666667,True,True,7.39
2024-08-13,6.9,7.01,6.9,7.0,60722371.0,462905367.0,24327798048.0,0.002496007689647523,6.958,7.065,7.094500000000001,6.777500000000001,40.14598499120892,110247141.2,6.7435,True,True,7.39
2024-08-14,7.03,7.04,6.93,6.97,51365830.0,381857908.0,24327798048.0,0.0021114048175939542,6.952,7.064,7.0954999999999995,6.785833333333333,44.71544664551524,109096561.15,6.748333333333333,True,True,7.39
2024-08-15,6.97,7.2,6.93,7.15,104361266.0,792106021.0,24327798048.0,0.004289794982434902,6.994,7.040000000000001,7.097499999999999,6.798333333333333,53.28467098833186,108448219.5,6.754499999999999,True,True,7.39
2024-08-16,7.17,7.21,7.1,7.15,54041446.0,411169561.0,24327798048.0,0.0022213866579035815,7.036,7.022,7.090999999999999,6.813166666666667,51.515150968778705,103407579.0,6.761833333333333,False,True,7.39
2024-08-19,7.31,7.56,7.29,7.53,200420334.0,1599423209.0,24327798048.0,0.008238326115851518,7.159999999999999,7.065,7.109,6.8345,64.24242369733705,105715799.05,6.768666666666666,False,False,7.39
2024-08-20,7.51,7.52,7.39,7.44,86556821.0,684804666.0,24327798048.0,0.0035579389811284576,7.248,7.103,7.124499999999999,6.851166666666667,63.855421148207306,105955262.6,6.777500000000001,False,False,7.53
2024-08-21,7.43,7.47,7.38,7.46,58571346.0,463710400.0,24327798048.0,0.002407589288781324,7.346000000000001,7.149000000000001,7.134,6.8693333333333335,52.755904930249876,101502625.65,6.785833333333333,False,False,7.53
2024-08-22,7.46,7.63,7.44,7.56,120220623.0,969064923.0,24327798048.0,0.004941697672876046,7.428,7.211,7.157000000000001,6.889333333333334,58.77862532602994,101463849.9,6.798333333333333,False,False,7.53
2024-08-23,7.56,7.6,7.48,7.6,78221153.0,628844875.0,24327798048.0,0.003215299339696327,7.517999999999999,7.277000000000001,7.184,6.909833333333333,72.32142766741075,100479547.15,6.813166666666667,False,False,7.56
2024-08-26,7.42,7.42,7.09,7.21,216102891.0,1656230343.0,24327798048.0,0.00888296139969667,7.453999999999999,7.3069999999999995,7.189,6.9238333333333335,55.102040291545215,106467550.9,6.8345,False,False,7.6
2024-08-27,7.17,7.21,6.91,7.0,138519256.0,1037920172.0,24327798048.0,0.005693867390985997,7.366,7.3069999999999995,7.186,6.933333333333334,49.99999956790124,108931799.05,6.851166666666667,False,False,7.6
2024-08-28,7.0,7.12,6.85,6.87,121988739.0,905158713.0,24327798048.0,0.005014376507043915,7.248,7.297,7.1805,6.939333333333334,47.928993685795305,107800147.8,6.8693333333333335,True,False,7.6
2024-08-29,6.87,6.9,6.77,6.82,104721278.0,761190849.0,24327798048.0,0.004304593362431714,7.1,7.264,7.151999999999999,6.9478333333333335,46.551723763376934,99734503.55,6.889333333333334,True,True,7.6
2024-08-30,6.8,6.81,6.69,6.7,175531308.0,1259485684.0,24327798048.0,0.007215256705669279,6.92,7.218999999999999,7.1205,6.9511666666666665,44.26229474334857,101761762.8,6.909833333333333,True,True,7.6
2024-09-02,6.73,6.73,6.45,6.49,195190938.0,1357724422.0,24327798048.0,0.008023370533365914,6.775999999999999,7.115,7.090000000000001,6.949666666666667,36.923076657988176,104933210.85,6.9238333333333335,True,True,7.6
2024-09-03,6.47,6.54,6.34,6.5,117261738.0,804596116.0,24327798048.0,0.00482007199207411,6.675999999999999,7.021000000000001,7.062,6.952166666666667,37.8238339225214,106897612.25,6.933333333333334,True,True,7.6
2024-09-04,6.43,6.49,6.33,6.46,87286239.0,595998002.0,24327798048.0,0.0035879218837553545,6.593999999999999,6.920999999999999,7.035000000000001,6.9526666666666666,30.7262567429231,107660449.8,6.939333333333334,True,True,7.6
2024-09-05,6.48,6.55,6.4,6.47,86011553.0,593808500.0,24327798048.0,0.0035355256086183704,6.524000000000001,6.812,7.011500000000001,6.953500000000001,31.11111086913577,107463016.75,6.9478333333333335,True,True,7.6
2024-09-06,6.47,6.57,6.4,6.41,71032509.0,490797508.0,24327798048.0,0.0029198083961338877,6.465999999999999,6.6930000000000005,6.985000000000001,6.955,12.16216204711462,108739058.45,6.9511666666666665,True,True,7.6
2024-09-09,6.38,6.41,6.24,6.31,104128829.0,698358590.0,24327798048.0,0.004280240603549423,6.43,6.603,6.955,6.957,12.08053679924322,111612823.4,6.949666666666667,True,True,7.6
2024-09-10,6.29,6.36,6.23,6.33,68291968.0,458279082.0,24327798048.0,0.0028071577980570387,6.396,6.536,6.921499999999999,6.954666666666666,12.080536799243262,111991303.25,6.952166666666667,True,True,7.6
2024-09-11,6.33,6.34,6.2,6.26,77046464.0,512121666.0,24327798048.0,0.003167013465336376,6.356,6.475,6.886,6.951,5.479452002251833,113275334.95,6.9526666666666666,True,True,7.6
2024-09-12,6.26,6.47,6.24,6.41,111255082.0,755795337.0,24327798048.0,0.0045731669500251515,6.343999999999999,6.434,6.849000000000001,6.9495,12.101910720110382,113620025.75,6.953500000000001,True,True,7.6
2024-09-13,6.39,6.41,6.33,6.37,64431184.0,436399585.0,24327798048.0,0.00264845934156778,6.336,6.401000000000001,6.8100000000000005,6.945333333333333,15.573770313087905,114139512.65,6.955,True,True,7.6
2024-09-18,6.34,6.45,6.31,6.44,61317132.0,418888643.0,24327798048.0,0.002520455483846838,6.362,6.396,6.7555000000000005,6.9446666666666665,24.074073762002783,107184352.55,6.957,True,True,7.6
2024-09-19,6.47,6.51,6.35,6.47,87781495.0,602212352.0,24327798048.0,0.003608279500956173,6.39,6.393,6.706999999999999,6.943833333333333,29.591836311953344,107245586.25,6.954666666666666,True,True,7.6
2024-09-20,6.43,6.45,6.36,6.43,83322801.0,568674299.0,24327798048.0,0.0034250038098639184,6.424000000000001,6.39,6.655500000000001,6.941333333333334,29.896906784993078,108483159.0,6.951,True,True,7.6
2024-09-23,6.42,6.63,6.38,6.59,102322788.0,713293065.0,24327798048.0,0.004206002853119377,6.459999999999999,6.401999999999999,6.606999999999999,6.941666666666666,44.55445482795804,107588267.25,6.9495,True,True,7.6
2024-09-24,6.67,6.87,6.6,6.86,138847635.0,999120407.0,24327798048.0,0.005707365488896548,6.558,6.447,6.57,6.9415000000000004,67.289718745742,110619591.35,6.945333333333333,True,True,7.6
2024-09-25,6.99,7.14,6.96,7.06,165230412.0,1241187304.0,24327798048.0,0.006791835893819567,6.6819999999999995,6.522,6.5625,6.9430000000000005,72.22222141975307,108075967.4,6.9446666666666665,False,True,7.21
2024-09-26,7.11,7.17,7.0,7.16,133954299.0,1009468469.0,24327798048.0,0.005506223733677058,6.82,6.6049999999999995,6.5705,6.945499999999999,76.51515070362717,107847719.55,6.943833333333333,False,False,7.06
2024-09-27,7.29,7.41,7.11,7.18,134033107.0,1032556591.0,24327798048.0,0.005509463155504077,6.970000000000001,6.697,6.586,6.947166666666666,76.6917285160269,108449937.95,6.941333333333334,False,False,7.16
2024-09-30,7.35,7.78,7.26,7.67,344544862.0,2757623071.0,24327798048.0,0.014162599562862007,7.186,6.823,6.6285,6.957833333333334,85.79545386299067,120441117.15,6.941666666666666,False,False,7.18
2024-10-08,8.44,8.44,7.76,8.08,412440101.0,3568106942.0,24327798048.0,0.016953449719791097,7.43,6.994,6.6975,6.975833333333333,92.7536225610866,132286556.8,6.9415000000000004,False,False,7.67
2024-10-09,8.08,8.08,7.45,7.46,278490818.0,2281493811.0,24327798048.0,0.011447432170002532,7.51,7.095999999999999,6.7459999999999996,6.982833333333333,71.16104831600947,136451550.8,6.9430000000000005,False,False,8.08
2024-10-10,7.46,8.22,7.46,7.99,384600836.0,3255447465.0,24327798048.0,0.01580911002471998,7.676,7.248,6.8205,6.997,77.63578240035113,149818505.7,6.945499999999999,False,False,8.08
2024-10-11,8.08,8.08,7.5,7.57,223267568.0,1826687127.0,24327798048.0,0.009177467173949799,7.7540000000000004,7.362,6.8759999999999994,7.0065,67.0588232532872,156617572.15,6.947166666666666,False,False,8.08
2024-10-14,7.58,7.83,7.58,7.77,184133414.0,1516093221.0,24327798048.0,0.007568848345283666,7.773999999999999,7.4799999999999995,6.941,7.018000000000001,69.66292107435929,161523665.2,6.957833333333334,False,False,8.08
2024-10-15,7.77,7.84,7.61,7.63,120205162.0,989675146.0,24327798048.0,0.0049410621447460645,7.684,7.557,7.002,7.029,66.3911843169486,163982297.85,6.975833333333333,False,False,8.08
2024-10-16,7.56,7.72,7.53,7.6,99765086.0,810482868.0,24327798048.0,0.004100867896188481,7.712000000000001,7.611,7.0665,7.038833333333333,65.56473803914426,163764110.7,6.982833333333333,False,False,8.08
2024-10-17,7.61,7.69,7.48,7.49,87813789.0,707895023.0,24327798048.0,0.0036096069536066876,7.612,7.644,7.1245,7.046833333333334,64.324324080935,164740201.75,6.997,False,False,8.08
2024-10-18,7.44,7.77,7.4,7.67,161155357.0,1306517048.0,24327798048.0,0.00662432977625152,7.632,7.693,7.1949999999999985,7.058833333333334,64.51612878945544,168945646.4,7.0065,False,False,8.08
2024-10-21,7.71,7.85,7.63,7.68,154420816.0,1270985900.0,24327798048.0,0.0063475048459100064,7.614,7.694,7.2585,7.068333333333333,61.84971073240001,171103933.1,7.018000000000001,False,False,8.08
2024-10-22,7.66,7.81,7.63,7.71,87654734.0,720056191.0,24327798048.0,0.0036030689595109547,7.63,7.656999999999999,7.3255,7.0755,59.878419198085766,172265110.6,7.029,False,False,8.08
2024-10-23,7.71,7.86,7.7,7.75,105242932.0,871361402.0,24327798048.0,0.0043260360757825375,7.659999999999999,7.686,7.391,7.085166666666667,59.13312667867994,174461400.6,7.038833333333333,False,False,8.08
2024-10-24,7.7,7.82,7.66,7.77,71702215.0,592317507.0,24327798048.0,0.0029473368226145182,7.715999999999999,7.664,7.456,7.095833333333333,59.13312667867994,173657436.6,7.046833333333334,False,False,8.08
2024-10-25,7.77,7.8,7.64,7.66,93794949.0,767162843.0,24327798048.0,0.0038554639764329566,7.714,7.673,7.5175,7.102333333333333,49.824561158756545,174181044.0,7.058833333333334,False,False,8.08
2024-10-28,7.67,7.76,7.57,7.75,83800575.0,686079341.0,24327798048.0,0.0034446428252428414,7.728,7.671000000000001,7.575500000000001,7.113166666666667,43.47826062897405,173254933.35,7.068333333333333,False,False,8.08
2024-10-29,7.77,7.92,7.74,7.81,117047836.0,976603033.0,24327798048.0,0.0048112794988292235,7.748,7.689,7.623,7.125666666666667,58.88324831250484,172164943.4,7.0755,False,False,8.08
2024-10-30,7.81,7.97,7.78,7.85,99039334.0,826555082.0,24327798048.0,0.004071035685374824,7.768000000000001,7.714,7.6625,7.138000000000001,45.270269842037955,168855389.5,7.085166666666667,False,False,8.08
2024-10-31,7.88,7.89,7.61,7.81,132336398.0,1090775480.0,24327798048.0,0.005439719523275122,7.776000000000001,7.746,7.695,7.1505,60.9090901338843,168774494.45,7.095833333333333,False,False,8.08
2024-11-01,7.82,8.08,7.78,7.94,164593131.0,1395672512.0,24327798048.0,0.0067656403047760124,7.831999999999999,7.773000000000001,7.733,7.1665,58.252426392685514,170302495.65,7.102333333333333,False,False,8.08
2024-11-04,7.9,7.97,7.83,7.97,81735335.0,687990677.0,24327798048.0,0.0033597506374696126,7.876,7.802,7.748,7.176166666666666,68.47825982750477,157162019.3,7.113166666666667,False,False,8.08
2024-11-05,7.95,8.03,7.82,8.03,128750550.0,1090219486.0,24327798048.0,0.005292322377305522,7.919999999999999,7.8340000000000005,7.7455,7.187833333333334,72.63157787700837,142977541.75,7.125666666666667,False,False,8.08
2024-11-06,8.02,8.28,8.0,8.13,150951485.0,1312675352.0,24327798048.0,0.006204897159297563,7.976000000000001,7.872,7.779000000000001,7.205,84.04255193979182,136600575.1,7.138000000000001,False,False,8.03
2024-11-07,8.08,8.3,8.06,8.28,122900922.0,1074387436.0,24327798048.0,0.005051872009028936,8.069999999999999,7.922999999999999,7.7935,7.225333333333333,83.51648223161459,123515579.4,7.1505,False,False,8.13
2024-11-08,8.35,8.38,8.02,8.08,151721724.0,1316827927.0,24327798048.0,0.006236558018964364,8.098,7.964999999999999,7.819,7.243333333333333,68.18181731404965,119938287.2,7.1665,False,False,8.28
2024-11-11,7.99,8.06,7.83,7.92,123106364.0,1036133869.0,24327798048.0,0.005060316751935576,8.088,7.981999999999999,7.8265,7.259666666666666,58.5365846995836,116886934.7,7.176166666666666,False,False,8.28
2024-11-12,7.91,7.95,7.68,7.71,147595787.0,1225976120.0,24327798048.0,0.006066960384527441,8.024,7.9719999999999995,7.830500000000001,7.2725,48.57142808571429,118256465.95,7.187833333333334,False,False,8.28
2024-11-13,7.68,7.91,7.66,7.84,103401910.0,861650244.0,24327798048.0,0.004250360422919604,7.965999999999999,7.970999999999999,7.842499999999999,7.287999999999999,52.31788030963556,118438307.15,7.205,True,False,8.28
2024-11-14,7.79,7.85,7.75,7.76,66141648.0,549106548.0,24327798048.0,0.0027187683763856933,7.862,7.965999999999999,7.856,7.300666666666666,53.378377873447775,117354700.1,7.225333333333333,True,True,8.28
2024-11-15,7.72,7.82,7.61,7.63,103064473.0,844926864.0,24327798048.0,0.004236489993736732,7.772,7.935,7.854000000000001,7.3116666666666665,46.05263115477839,114450155.9,7.243333333333333,True,True,8.28
2024-11-18,7.68,8.11,7.68,7.86,200396932.0,1695262094.0,24327798048.0,0.008237364171003332,7.76,7.9239999999999995,7.8629999999999995,7.3235,51.47928951437277,116748961.7,7.259666666666666,True,True,8.28
2024-11-19,7.86,7.86,7.61,7.67,124220167.0,1016785240.0,24327798048.0,0.005106099892596412,7.752,7.888,7.861,7.332166666666667,45.10869530895558,118577233.35,7.2725,True,True,8.28
2024-11-20,7.68,7.69,7.61,7.65,71535153.0,582407368.0,24327798048.0,0.002940469698854679,7.714,7.840000000000001,7.856,7.3341666666666665,45.604395253592585,116891844.4,7.287999999999999,True,True,8.28
2024-11-21,7.63,7.69,7.61,7.67,52559543.0,427717841.0,24327798048.0,0.0021604726780573118,7.696000000000001,7.779000000000001,7.850999999999999,7.338,42.10526281317327,115934710.8,7.300666666666666,True,True,8.28
2024-11-22,7.68,7.71,7.43,7.45,85783187.0,689976799.0,24327798048.0,0.0035261385691687077,7.659999999999999,7.716000000000001,7.8405000000000005,7.337833333333333,36.31578920609419,115534122.7,7.3116666666666665,True,True,8.28
2024-11-25,7.46,7.5,7.34,7.39,70135566.0,554357284.0,24327798048.0,0.0028829393380206013,7.566,7.663000000000001,7.8225,7.334999999999999,33.15789449252078,114850872.25,7.3235,True,True,8.28
2024-11-26,7.37,7.4,7.31,7.33,48091807.0,376525768.0,24327798048.0,0.00197682531337659,7.498,7.625,7.7985,7.330500000000001,28.49462344143828,111403070.8,7.332166666666667,True,True,8.28
2024-11-27,7.32,7.48,7.28,7.46,64207621.0,505719318.0,24327798048.0,0.0026392697305902923,7.459999999999999,7.587000000000001,7.778999999999999,7.334666666666666,27.717391093454637,109661485.15,7.3341666666666665,True,True,8.28
2024-11-28,7.47,7.52,7.38,7.4,59026770.0,466969695.0,24327798048.0,0.002426309602025516,7.406000000000001,7.551,7.7585,7.341333333333333,29.99999975294118,105996003.75,7.338,True,True,8.28
2024-11-29,7.44,7.5,7.37,7.45,70459861.0,559286370.0,24327798048.0,0.0028962695621272037,7.406000000000001,7.533000000000001,7.734,7.351,35.220125476049205,101289340.25,7.337833333333333,True,True,8.28
2024-12-02,7.64,7.79,7.61,7.66,149981497.0,1229955643.0,24327798048.0,0.0061650255688607235,7.460000000000001,7.513000000000001,7.718500000000001,7.364999999999999,48.42767252956767,104701648.35,7.334999999999999,True,True,8.28
2024-12-03,7.66,7.76,7.6,7.75,100978817.0,828722039.0,24327798048.0,0.004150758601364726,7.544,7.521000000000001,7.7045,7.382499999999999,47.09677376815817,103313061.7,7.330500000000001,True,True,8.28
2024-12-04,7.71,7.77,7.63,7.7,75333302.0,616693304.0,24327798048.0,0.0030965935285784396,7.5920000000000005,7.526000000000001,7.683,7.402666666666666,48.02631534712605,99532152.55,7.334666666666666,False,True,8.28
2024-12-05,7.68,7.8,7.66,7.73,73640962.0,607464751.0,24327798048.0,0.0030270294851470975,7.6579999999999995,7.531999999999999,7.655499999999999,7.423166666666666,53.52112623289033,97069154.55,7.341333333333333,False,False,8.28
2024-12-06,7.73,7.81,7.7,7.77,72780914.0,603068566.0,24327798048.0,0.0029916770048978333,7.7219999999999995,7.564,7.640000000000001,7.444999999999999,46.3414628871703,93122114.05,7.351,False,False,8.08
2024-12-09,7.77,7.89,7.7,7.86,87747444.0,730047067.0,24327798048.0,0.003606879826397349,7.7620000000000005,7.611,7.6370000000000005,7.468166666666666,58.407078922390205,91354168.05,7.364999999999999,False,False,7.92
2024-12-10,8.06,8.08,7.89,7.91,104953107.0,888014731.0,24327798048.0,0.004314122749330709,7.794,7.669,7.647,7.493166666666667,61.206895813020225,89222034.05,7.382499999999999,False,False,7.86
2024-12-11,7.89,7.93,7.82,7.87,82698157.0,692330869.0,24327798048.0,0.0033993276677499653,7.828,7.710000000000001,7.648500000000001,7.519166666666667,58.4745755774203,88186846.4,7.402666666666666,False,False,7.91
2024-12-12,7.87,7.89,7.77,7.84,101798234.0,849571068.0,24327798048.0,0.004184440934569863,7.85,7.754,7.652499999999999,7.544333333333333,69.69696871135599,89969675.7,7.423166666666666,False,False,7.91
2024-12-13,7.79,7.81,7.49,7.54,295982473.0,2391158439.0,24327798048.0,0.012166430862999246,7.803999999999999,7.763,7.648000000000001,7.565666666666667,56.09756033710096,99615575.7,7.444999999999999,False,False,7.91
2024-12-16,7.54,7.68,7.49,7.51,110383519.0,888245203.0,24327798048.0,0.0045373411429266075,7.734,7.748,7.6305000000000005,7.5840000000000005,57.49999932916667,95114905.05,7.468166666666666,True,False,7.91
2024-12-17,7.51,7.69,7.5,7.66,123046903.0,999415147.0,24327798048.0,0.005057872593204782,7.684,7.739,7.63,7.6055,58.1967206436442,95056241.85,7.493166666666667,True,True,7.91
2024-12-18,7.73,7.82,7.69,7.74,79498309.0,656343261.0,24327798048.0,0.0032677971447784026,7.6579999999999995,7.742999999999999,7.6345,7.627166666666667,63.70967670005203,95454399.65,7.519166666666667,False,True,7.91
2024-12-19,7.69,7.71,7.62,7.64,62224131.0,507866501.0,24327798048.0,0.0025577378962628916,7.617999999999999,7.734,7.633,7.646666666666666,57.36434046271256,95937629.05,7.544333333333333,False,False,7.91
2024-12-20,7.64,7.67,7.57,7.59,71220316.0,576153113.0,24327798048.0,0.0029275282481167693,7.628,7.715999999999999,7.639999999999999,7.666,46.90265428616179,95209485.5,7.565666666666667,False,False,7.91
2024-12-23,7.6,7.66,7.57,7.6,60661362.0,492909237.0,24327798048.0,0.0024934999000037735,7.646000000000001,7.6899999999999995,7.650499999999999,7.682833333333333,42.85714228571428,94735775.3,7.5840000000000005,True,False,7.91
2024-12-24,7.63,7.89,7.6,7.87,133825258.0,1112179971.0,24327798048.0,0.005500919472282525,7.688,7.686,7.677499999999999,7.699666666666666,56.692912760865525,99022447.85,7.6055,True,True,7.91
2024-12-25,7.87,7.88,7.77,7.86,74932942.0,625303615.0,24327798048.0,0.003080136634320683,7.712000000000001,7.685,7.697500000000001,7.712999999999999,55.19999938176001,99558713.9,7.627166666666667,False,True,7.91
2024-12-26,7.87,7.87,7.7,7.75,63125720.0,520836284.0,24327798048.0,0.002594797929325527,7.734,7.676,7.715000000000001,7.722833333333333,49.24242372015613,99763661.4,7.646666666666666,False,False,7.91
2024-12-27,7.76,7.86,7.73,7.84,78174182.0,650851922.0,24327798048.0,0.003213368585424719,7.784000000000001,7.706,7.7345,7.733833333333334,49.24242372015609,100149377.45,7.666,False,False,7.91
2024-12-30,7.89,8.03,7.85,7.86,89492883.0,754126657.0,24327798048.0,0.0036786265170167037,7.836,7.741,7.7444999999999995,7.736999999999999,48.062014982272714,97124946.75,7.682833333333333,False,False,7.91
2024-12-31,7.86,7.98,7.84,7.87,119020921.0,1003122670.0,24327798048.0,0.004892383633124773,7.836,7.7620000000000005,7.7505,7.7335,49.99999944444445,98027051.95,7.699666666666666,False,False,7.91
2025-01-02,7.85,7.91,7.43,7.47,140116981.0,1138455761.0,24327798048.0,0.005759542262046979,7.758,7.735000000000001,7.739,7.733666666666667,38.65030641650044,101266235.9,7.712999999999999,False,False,7.91
2025-01-03,7.51,7.59,7.32,7.35,96125934.0,761843729.0,24327798048.0,0.003951279676456479,7.678,7.706,7.720000000000001,7.723,43.448275442568374,102390484.5,7.722833333333333,True,False,7.91
2025-01-06,7.35,7.37,7.15,7.23,78236291.0,602582017.0,24327798048.0,0.0032159215908334885,7.556,7.67,7.6930000000000005,7.717333333333333,40.90909053719011,102663253.35,7.733833333333334,True,True,7.91
2025-01-07,7.23,7.27,7.1,7.18,59739254.0,456124643.0,24327798048.0,0.0024555964285025455,7.42,7.628,7.658999999999999,7.7075,33.33333300925926,101262843.85,7.736999999999999,True,True,7.91
2025-01-08,7.2,7.26,7.05,7.17,73556047.0,560711674.0,24327798048.0,0.0030235390336137338,7.279999999999999,7.558,7.622,7.699833333333333,29.197079993606494,99692990.85,7.7335,True,True,7.91
2025-01-09,7.17,7.18,7.06,7.08,58359767.0,441464006.0,24327798048.0,0.002398892283011112,7.202,7.4799999999999995,7.582499999999999,7.691166666666667,29.411764403114205,98476071.35,7.733666666666667,True,True,7.87
2025-01-10,7.09,7.14,7.01,7.01,53932381.0,405680473.0,24327798048.0,0.0022169035148018176,7.134,7.406000000000001,7.541000000000001,7.683166666666667,28.985506952320947,96082778.7,7.723,True,True,7.87
2025-01-13,7.0,7.02,6.89,6.95,62695491.0,463385028.0,24327798048.0,0.002577113262626505,7.078,7.317,7.5115,7.671166666666666,27.272727005721578,84418429.6,7.717333333333333,True,True,7.87
2025-01-14,6.94,7.1,6.93,7.07,71726197.0,537554904.0,24327798048.0,0.002948322608502443,7.056,7.2379999999999995,7.4895,7.661,18.749999794921877,82485563.5,7.7075,True,True,7.87
2025-01-15,7.07,7.08,6.98,7.01,50791917.0,380352531.0,24327798048.0,0.0020878139854574973,7.024000000000001,7.151999999999999,7.457000000000001,7.649333333333334,18.045112592006333,78872814.2,7.699833333333333,True,True,7.87
2025-01-16,7.03,7.12,6.98,7.0,58751463.0,440798985.0,24327798048.0,0.002414993041461473,7.008,7.1049999999999995,7.42,7.636833333333334,19.5121948998612,77835471.9,7.691166666666667,True,True,7.87
2025-01-17,7.0,7.05,6.93,7.01,43595828.0,325468072.0,24327798048.0,0.0017920170133763518,7.008,7.071,7.3885000000000005,7.6241666666666665,13.913043308884696,76904056.75,7.683166666666667,True,True,7.87
2025-01-20,7.09,7.12,6.96,6.98,65122805.0,487768019.0,24327798048.0,0.002676888589403338,7.014,7.046000000000001,7.358,7.612833333333333,12.068965371581427,76599181.2,7.671166666666666,True,True,7.87
2025-01-21,7.01,7.1,6.94,6.97,76520620.0,571091450.0,24327798048.0,0.0031453985210260654,6.994,7.025,7.3265,7.599833333333334,11.206896416468481,77392144.1,7.661,True,True,7.87
2025-01-22,6.95,6.97,6.82,6.87,79530449.0,581154915.0,24327798048.0,0.0032691182672218147,6.965999999999999,6.995,7.2765,7.5841666666666665,15.116278823688475,74677403.65,7.649333333333334,True,True,7.87
2025-01-23,6.93,7.03,6.91,6.93,83722962.0,621444916.0,24327798048.0,0.0034414525241787306,6.952,6.9799999999999995,7.2299999999999995,7.568833333333333,23.749999584374976,75116904.65,7.636833333333334,True,True,7.87
2025-01-24,6.94,7.05,6.9,7.0,76998632.0,574207301.0,24327798048.0,0.003165047319452329,6.95,6.978999999999999,7.1925,7.5553333333333335,34.666666019555535,75810550.25,7.6241666666666665,True,True,7.87
2025-01-27,7.0,7.08,6.99,6.99,56692744.0,424137966.0,24327798048.0,0.002330368900964333,6.952,6.983,7.15,7.5395,36.61971758778023,74736478.35,7.612833333333333,True,True,7.87
2025-02-05,7.03,7.03,6.85,6.88,70809479.0,519874460.0,24327798048.0,0.0029106406942498142,6.934,6.964,7.101000000000001,7.521333333333334,32.098764877305285,73802308.15,7.599833333333334,True,True,7.87
2025-02-06,6.85,6.93,6.74,6.92,80985226.0,592497164.0,24327798048.0,0.0033289172263026834,6.944,6.955,7.0535,7.502833333333332,39.4736834833795,71900523.4,7.5841666666666665,True,True,7.87
2025-02-07,6.91,7.06,6.85,7.0,97756664.0,725570876.0,24327798048.0,0.004018311225994275,6.958,6.955,7.029999999999999,7.483999999999999,49.35064845336485,69782507.55,7.568833333333333,True,True,7.47
2025-02-10,7.0,7.08,6.95,7.02,76989109.0,576078879.0,24327798048.0,0.003164655874242976,6.962000000000001,6.956,7.0135000000000005,7.463,54.79451949709137,68825666.3,7.5553333333333335,True,True,7.35
2025-02-11,7.0,7.03,6.92,6.95,54665257.0,404821393.0,24327798048.0,0.002247028559351842,6.953999999999999,6.953,6.999499999999999,7.444166666666667,41.17646974048443,67647114.6,7.5395,False,True,7.23
2025-02-12,6.93,7.02,6.92,7.0,47425254.0,352226888.0,24327798048.0,0.001949426491720604,6.978,6.956,6.9905,7.428833333333333,49.25373031410117,67031414.6,7.521333333333334,True,False,7.18
2025-02-13,7.0,7.03,6.95,6.96,58270127.0,433803478.0,24327798048.0,0.002395207609214366,6.986,6.964999999999999,6.9799999999999995,7.416333333333332,47.14285620000001,66267118.6,7.502833333333332,False,True,7.17
2025-02-14,6.95,7.09,6.94,7.08,82797625.0,618729812.0,24327798048.0,0.0034034163238545476,7.002,6.9799999999999995,6.980000000000001,7.403666666666667,54.32098671543976,67489011.5,7.483999999999999,True,False,7.08
2025-02-17,7.12,7.14,7.01,7.09,77051208.0,579868039.0,24327798048.0,0.0031672084685993363,7.016,6.989,6.983999999999999,7.3925,56.96202430700207,68644952.85,7.463,False,True,7.08
2025-02-18,7.09,7.23,7.05,7.09,116073361.0,882346324.0,24327798048.0,0.004771223469176342,7.044,6.9990000000000006,6.991,7.3835,57.692306656804774,71313846.35,7.444166666666667,False,False,7.09
2025-02-19,7.08,7.2,7.06,7.09,96386280.0,731156953.0,24327798048.0,0.0039619812615110045,7.062,7.0200000000000005,6.992,7.370666666666667,66.17646922577859,72546850.5,7.428833333333333,False,False,7.09
2025-02-20,7.07,7.07,6.9,6.97,103116073.0,764880372.0,24327798048.0,0.004238611024168594,7.064,7.025,6.989999999999999,7.358999999999999,52.70270170562457,75163058.3,7.416333333333332,False,False,7.09
2025-02-21,7.0,7.1,6.95,7.1,115584442.0,867614550.0,24327798048.0,0.004751126335887281,7.0680000000000005,7.034999999999999,6.994999999999999,7.349833333333334,56.24999901562501,78004707.25,7.403666666666667,True,False,7.09
2025-02-24,7.1,7.25,7.07,7.16,101055088.0,772742176.0,24327798048.0,0.004153893739195512,7.081999999999999,7.049000000000001,7.0025,7.341333333333334,59.99999901176473,80877670.25,7.3925,False,True,7.1
2025-02-25,7.12,7.17,7.02,7.05,79881852.0,603271050.0,24327798048.0,0.003283562772199481,7.074,7.059,7.006,7.334666666666666,59.99999901176473,81615622.6,7.3835,False,False,7.16
2025-02-26,7.05,7.15,7.04,7.08,60303588.0,455342806.0,24327798048.0,0.0024787935135361576,7.072,7.067,7.011500000000001,7.3295,59.523808531746056,80804771.0,7.370666666666667,False,False,7.16
2025-02-27,7.06,7.13,7.02,7.13,68683101.0,517506194.0,24327798048.0,0.002823235414256757,7.104000000000001,7.0840000000000005,7.024500000000001,7.3261666666666665,58.02469035512881,80262403.6,7.358999999999999,False,False,7.16
2025-02-28,7.11,7.21,7.02,7.02,94288744.0,714781160.0,24327798048.0,0.0038757615388767797,7.087999999999999,7.078,7.028999999999999,7.318833333333333,49.999999222222236,80790692.7,7.349833333333334,False,False,7.16
2025-03-03,7.04,7.16,7.02,7.04,85629593.0,646920045.0,24327798048.0,0.0035198250507936803,7.064,7.072999999999999,7.031000000000001,7.312833333333334,55.29411673633218,81222240.75,7.341333333333334,True,False,7.16
2025-03-04,7.02,7.08,7.01,7.06,48367343.0,363207001.0,24327798048.0,0.0019881512870408057,7.066,7.07,7.0344999999999995,7.306333333333333,53.658535669244486,80805970.7,7.334666666666666,False,True,7.16
2025-03-05,7.04,7.14,7.02,7.09,62270606.0,469678910.0,24327798048.0,0.002559648262335,7.0680000000000005,7.0699999999999985,7.044999999999999,7.296833333333334,58.02469035512879,80379027.05,7.3295,False,False,7.16
2025-03-06,7.1,7.14,7.0,7.11,82636143.0,623108017.0,24327798048.0,0.0033967785673390837,7.064,7.0840000000000005,7.0545,7.286166666666667,52.11267502876417,80461572.9,7.3261666666666665,False,False,7.16
2025-03-07,7.11,7.15,7.08,7.13,79916429.0,605528623.0,24327798048.0,0.003284984068115033,7.086,7.087000000000001,7.061,7.276666666666667,52.777776751543236,79569561.15,7.318833333333333,False,False,7.16
2025-03-10,7.12,7.18,6.97,6.99,106733350.0,800128246.0,24327798048.0,0.0043873000667553055,7.075999999999999,7.07,7.0595,7.264333333333334,44.186045792320215,81056773.2,7.312833333333334,False,False,7.16
2025-03-11,6.94,7.0,6.88,6.95,87166838.0,642831426.0,24327798048.0,0.0035830138768833636,7.054,7.0600000000000005,7.0595,7.250666666666667,42.222221565432136,82681852.25,7.306333333333333,True,False,7.16
2025-03-12,6.95,6.95,6.85,6.88,78554899.0,575868318.0,24327798048.0,0.003229018049434936,7.0120000000000005,7.039999999999999,7.0535,7.234333333333334,44.70588161660903,84238334.5,7.296833333333334,True,True,7.16
2025-03-13,6.88,6.91,6.81,6.84,68257581.0,498157164.0,24327798048.0,0.0028057443121372624,6.958,7.011,7.047499999999999,7.216499999999999,32.894736236149654,84737707.2,7.286166666666667,True,True,7.16
2025-03-14,6.84,7.09,6.84,7.06,143019410.0,1065950791.0,24327798048.0,0.005878847305367109,6.944,7.014999999999999,7.046499999999999,7.202999999999999,44.565216713137985,87748796.45,7.276666666666667,True,True,7.16
2025-03-17,7.15,7.15,6.98,6.98,99469044.0,746551553.0,24327798048.0,0.004088699018453806,6.942,7.009,7.041000000000001,7.188666666666666,46.06741500568115,88869688.25,7.264333333333334,False,True,7.16
2025-03-18,7.0,7.01,6.95,6.96,54169727.0,402220884.0,24327798048.0,0.00222665967931501,6.944,6.999,7.0344999999999995,7.178999999999999,43.18181749483472,85774506.55,7.250666666666667,True,False,7.16
2025-03-19,6.96,6.99,6.93,6.98,45503057.0,337241850.0,24327798048.0,0.001870414120925376,6.964,6.9879999999999995,7.029000000000001,7.170166666666666,41.176469910034655,83230345.4,7.234333333333334,True,True,7.16
2025-03-20,6.97,6.97,6.87,6.94,66118716.0,487030157.0,24327798048.0,0.0027178257510007426,6.984,6.971000000000001,7.027500000000001,7.158166666666667,44.87179406640375,81380477.55,7.216499999999999,True,True,7.16
2025-03-21,6.92,7.06,6.85,6.86,106242962.0,784927731.0,24327798048.0,0.004367142549867323,6.944,6.944,7.0155,7.1435,39.2857136309524,80913403.55,7.202999999999999,True,True,7.16
2025-03-24,6.86,6.94,6.82,6.85,68247813.0,498836948.0,24327798048.0,0.0028053427961438823,6.918000000000001,6.9300000000000015,7.0,7.1303333333333345,37.349396960371635,79273039.8,7.188666666666666,True,True,7.16
2025-03-25,6.85,6.97,6.81,6.93,64573513.0,476095050.0,24327798048.0,0.002654309809403758,6.912000000000001,6.928,6.994,7.119333333333333,40.90909025826447,78507622.85,7.178999999999999,True,True,7.13
2025-03-26,6.95,6.98,6.91,6.96,49457730.0,366065979.0,24327798048.0,0.0020329719073800823,6.9079999999999995,6.936,6.9879999999999995,7.108666666666667,41.57303305390733,77965329.95,7.170166666666666,True,True,7.13
2025-03-27,6.94,6.98,6.87,6.93,50655034.0,373554047.0,24327798048.0,0.0020821873767636104,6.906000000000001,6.945,6.978,7.093000000000001,38.88888828395064,77063926.6,7.158166666666667,True,True,7.13
2025-03-28,6.91,6.94,6.84,6.85,57582680.0,421721223.0,24327798048.0,0.0023669499346544395,6.904000000000001,6.9239999999999995,6.969500000000001,7.0761666666666665,41.66666597222222,75228623.4,7.1435,True,True,7.13
2025-03-31,6.83,6.84,6.62,6.63,126709149.0,903403541.0,24327798048.0,0.005208410097370765,6.859999999999999,6.889,6.949,7.0575,34.313725019223384,77282601.2,7.1303333333333345,True,True,7.13
2025-04-01,6.65,6.67,6.52,6.55,118259604.0,825469330.0,24327798048.0,0.0048610895144175275,6.784000000000001,6.848000000000001,6.9235,7.036,33.980582062399876,80777214.25,7.119333333333333,True,True,7.13
2025-04-02,6.56,6.62,6.5,6.51,79293364.0,551705266.0,24327798048.0,0.0032593728311765043,6.694,6.800999999999999,6.894499999999999,7.0135,33.980582062399876,81628352.15,7.108666666666667,True,True,7.13
2025-04-03,6.44,6.54,6.42,6.49,81502128.0,563104162.0,24327798048.0,0.00335016460754862,6.606,6.756,6.8635,6.9905,15.66265033822043,81571651.4,7.093000000000001,True,True,7.13
2025-04-07,6.31,6.32,5.88,5.99,235474545.0,1521748049.0,24327798048.0,0.009679237904531951,6.434,6.669,6.8065,6.965833333333333,10.399999883520053,89349557.2,7.0761666666666665,True,True,7.13
2025-04-08,6.28,6.59,6.28,6.59,316961707.0,2192347897.0,24327798048.0,0.01302878733104485,6.425999999999999,6.642999999999999,6.786499999999999,6.953166666666666,39.89071007733883,99860975.05,7.0575,True,True,7.06
2025-04-09,6.67,6.71,6.38,6.71,282692167.0,1968455220.0,24327798048.0,0.011620129632868284,6.458,6.6209999999999996,6.774500000000001,6.944500000000001,43.00518103519557,109637241.5,7.036,True,True,7.06
2025-04-10,6.78,6.78,6.53,6.56,234962301.0,1646207803.0,24327798048.0,0.009658181991498255,6.467999999999999,6.581,6.758500000000001,6.934166666666667,40.686274230584374,117457611.6,7.0135,True,True,7.06
2025-04-11,6.56,6.56,6.46,6.54,129249901.0,895427140.0,24327798048.0,0.005312848320467939,6.478,6.542,6.7435,6.923666666666666,41.91919162279358,120507227.6,6.9905,True,True,7.06
2025-04-14,6.53,6.56,6.49,6.54,100461350.0,698844759.0,24327798048.0,0.004129487995657666,6.587999999999999,6.511,6.717499999999999,6.914666666666666,42.1319793960164,118379324.6,6.965833333333333,True,True,7.06
2025-04-15,6.52,6.54,6.44,6.53,82767143.0,571439896.0,24327798048.0,0.003402163353900594,6.575999999999999,6.501,6.695,6.906666666666666,39.4736839196676,117544229.55,6.953166666666666,True,True,6.98
2025-04-16,6.51,6.6,6.48,6.6,125433407.0,873921828.0,24327798048.0,0.005155970415099361,6.553999999999999,6.506,6.677,6.900833333333334,40.7216491906685,121107413.55,6.944500000000001,True,True,6.98
2025-04-17,6.56,6.62,6.54,6.6,69214353.0,484109274.0,24327798048.0,0.0028450726557100034,6.562,6.515000000000001,6.6579999999999995,6.893000000000001,41.36125624133109,122292978.35,6.934166666666667,True,True,6.98
2025-04-18,6.57,6.61,6.54,6.59,51414333.0,360528846.0,24327798048.0,0.0021133985450946637,6.572,6.525,6.6405,6.885999999999999,42.934782282017956,121557759.2,6.923666666666666,True,True,6.96
2025-04-21,6.59,6.61,6.54,6.55,48114972.0,336613388.0,24327798048.0,0.001977777516282677,6.574,6.581,6.625,6.8785,47.590361044418636,118651359.7,6.914666666666666,True,True,6.96
2025-04-22,6.54,6.59,6.53,6.56,52517898.0,367286219.0,24327798048.0,0.0021587608502988834,6.58,6.578,6.6105,6.8709999999999996,50.31446496578457,117864863.95,6.906666666666666,True,True,6.96
2025-04-23,6.58,6.61,6.54,6.56,58104518.0,406767227.0,24327798048.0,0.0023884002113695943,6.572,6.563,6.5920000000000005,6.864000000000001,51.61290275962539,117541414.2,6.900833333333334,True,True,6.96
2025-04-24,6.57,6.62,6.55,6.6,62507067.0,438941517.0,24327798048.0,0.0025693680487099708,6.572,6.567,6.574,6.857833333333333,53.50318423627732,118193881.05,6.893000000000001,True,True,6.96
2025-04-25,6.61,6.64,6.56,6.58,48848002.0,342722121.0,24327798048.0,0.0020079088910398045,6.57,6.571,6.5565,6.853,77.06421919367062,118103529.45,6.885999999999999,False,True,6.93
2025-04-28,6.59,6.63,6.54,6.6,60999633.0,429089443.0,24327798048.0,0.002507404610957579,6.58,6.577,6.544,6.847499999999999,50.98039075740102,118274377.1,6.8785,False,False,6.85
2025-04-29,6.6,6.69,6.58,6.69,65457614.0,464505419.0,24327798048.0,0.0026906509940130526,6.606,6.592999999999999,6.547,6.8423333333333325,47.91666526909731,115211800.35,6.8709999999999996,False,False,6.71
2025-04-30,6.7,6.72,6.58,6.59,88723104.0,628302046.0,24327798048.0,0.0036469845657607293,6.612,6.5920000000000005,6.5489999999999995,6.835666666666667,53.48837035154147,113734975.35,6.864000000000001,False,False,6.71
2025-05-06,6.63,6.67,6.58,6.62,84368146.0,594936133.0,24327798048.0,0.003467972967941336,6.616,6.593999999999999,6.5545,6.831333333333333,59.09090721074387,113988714.45,6.857833333333333,False,False,6.71
2025-05-07,6.75,6.75,6.62,6.71,93699410.0,665565559.0,24327798048.0,0.003851536822819979,6.642,6.606,6.5655,6.827833333333333,66.03773410466364,114598578.55,6.853,False,False,6.71
2025-05-08,6.68,6.84,6.67,6.8,97252004.0,703324220.0,24327798048.0,0.003997567055107774,6.6819999999999995,6.631,6.606,6.8245000000000005,72.13114588551467,107687451.5,6.847499999999999,False,False,6.71
2025-05-09,6.82,6.82,6.74,6.77,42646285.0,307837654.0,24327798048.0,0.0017529858195902762,6.698,6.651999999999999,6.615,6.820333333333333,64.9122791074177,93971680.4,6.8423333333333325,False,False,6.8
2025-05-12,6.82,6.93,6.77,6.85,71540246.0,522443399.0,24327798048.0,0.0029406790478467225,6.75,6.681,6.622,6.818666666666667,69.23076773964499,83414084.35,6.835666666666667,False,False,6.8
2025-05-13,6.97,6.97,6.83,6.87,75154054.0,550917883.0,24327798048.0,0.003089225496352657,6.8,6.708,6.6375,6.8165000000000004,71.21211970156108,75423672.0,6.831333333333333,False,False,6.85
2025-05-14,6.88,6.95,6.82,6.91,61648191.0,452097280.0,24327798048.0,0.0025340637438030743,6.840000000000001,6.741,6.656000000000001,6.815666666666667,77.27272563360883,72043586.5,6.827833333333333,False,False,6.87
2025-05-15,6.9,6.95,6.87,6.9,48997897.0,360278536.0,24327798048.0,0.0020140703611286406,6.859999999999999,6.770999999999999,6.6739999999999995,6.812666666666667,75.75757415059692,69470413.85,6.8245000000000005,False,False,6.91
2025-05-16,6.89,6.92,6.79,6.84,58497094.0,426140074.0,24327798048.0,0.0024045371424319707,6.874,6.786,6.6895,6.8084999999999996,69.4444430941358,68256911.4,6.820333333333333,False,False,6.91
2025-05-19,6.84,6.88,6.81,6.86,41273192.0,301089329.0,24327798048.0,0.0016965445010093335,6.876,6.813,6.702500000000001,6.804666666666667,68.57142720000002,64048900.65,6.818666666666667,False,False,6.91
2025-05-20,6.84,6.89,6.84,6.84,34887619.0,254628386.0,24327798048.0,0.0014340639843838283,6.87,6.834999999999999,6.714499999999999,6.8004999999999995,68.57142719999993,62332563.95,6.8165000000000004,False,False,6.91
2025-05-21,6.85,6.87,6.82,6.82,41543472.0,302553131.0,24327798048.0,0.0017076544255272337,6.851999999999999,6.845999999999999,6.726000000000001,6.798,65.71428440000001,61839020.9,6.815666666666667,False,False,6.91
2025-05-22,6.81,6.99,6.8,6.94,95591942.0,704676493.0,24327798048.0,0.0039293298066430905,6.860000000000001,6.860000000000001,6.7455,6.795333333333333,67.12328638393691,64212869.4,6.812666666666667,False,False,6.91
2025-05-23,6.92,6.99,6.84,6.84,52273190.0,384452865.0,24327798048.0,0.0021487020690019827,6.859999999999999,6.867,6.7595,6.79,67.12328638393691,64200634.0,6.8084999999999996,False,False,6.94
2025-05-26,6.83,6.85,6.76,6.79,50772345.0,367541477.0,24327798048.0,0.002087009473682063,6.845999999999999,6.861,6.770999999999999,6.785666666666667,61.33333218844444,63834025.35,6.804666666666667,False,False,6.94
2025-05-27,6.79,6.85,6.78,6.81,44301262.0,321717520.0,24327798048.0,0.0018210140479048423,6.840000000000001,6.8549999999999995,6.781499999999999,6.781166666666666,57.35293999567472,62923735.1,6.8004999999999995,False,False,6.94
2025-05-28,6.83,6.84,6.78,6.79,29278906.0,212183334.0,24327798048.0,0.0012035164852253052,6.8340000000000005,6.843000000000001,6.792,6.775499999999999,49.18032674012367,61945280.3,6.798,False,False,6.94
2025-05-29,6.79,6.84,6.78,6.81,46150404.0,335033499.0,24327798048.0,0.0018970234753241076,6.808,6.8340000000000005,6.8025,6.772,53.333332088888916,61202818.85,6.795333333333333,True,False,6.94
2025-05-30,6.8,6.82,6.73,6.76,53017184.0,382420125.0,24327798048.0,0.00217928412162064,6.791999999999999,6.8260000000000005,6.806,6.767333333333332,42.10526212373042,60580797.35,6.79,False,True,6.94
2025-06-03,6.74,6.8,6.72,6.77,46503225.0,334761723.0,24327798048.0,0.0019115262675334093,6.787999999999999,6.817,6.815,6.7625,41.07142754464283,58469803.4,6.785666666666667,True,False,6.94
2025-06-04,6.76,6.78,6.7,6.71,55342321.0,397235280.0,24327798048.0,0.002274859438195218,6.767999999999999,6.803999999999999,6.8195,6.756166666666667,32.75861989892982,57018512.15,6.781166666666666,True,True,6.94
2025-06-05,6.71,6.76,6.68,6.73,46263182.0,331097559.0,24327798048.0,0.0019016592421854355,6.756,6.795,6.820500000000001,6.749833333333333,35.593219494398184,54646700.75,6.775499999999999,True,True,6.94
2025-06-06,6.73,6.78,6.72,6.74,40392254.0,290478812.0,24327798048.0,0.0016603333322770932,6.742,6.775,6.8175,6.743333333333333,40.74073968449936,51803713.25,6.772,True,True,6.94
2025-06-09,6.74,6.8,6.73,6.75,40540990.0,291825757.0,24327798048.0,0.0016664471613916942,6.74,6.766,6.8165,6.739333333333333,39.62264046279811,51698448.5,6.767333333333332,True,True,6.94
2025-06-10,6.73,6.77,6.67,6.68,52162370.0,372936068.0,24327798048.0,0.002144146786202391,6.7219999999999995,6.755,6.808,6.734833333333333,36.20689567776453,50729554.7,6.7625,True,True,6.94
2025-06-11,6.69,6.77,6.68,6.72,52541033.0,377216269.0,24327798048.0,0.0021597118200477427,6.723999999999999,6.7459999999999996,6.8004999999999995,6.732166666666667,41.66666569444441,49598903.65,6.756166666666667,True,True,6.94
2025-06-12,6.71,6.73,6.67,6.7,42863375.0,305755909.0,24327798048.0,0.0017619093563432395,6.717999999999999,6.736999999999999,6.789999999999999,6.729833333333334,25.99999927199991,48659662.85,6.749833333333333,True,True,6.94
2025-06-13,6.7,6.78,6.69,6.78,68551399.0,492440418.0,24327798048.0,0.0028178217718161157,6.726000000000001,6.734,6.783999999999999,6.7251666666666665,43.749998723958385,49637337.95,6.743333333333333,True,True,6.94
2025-06-16,6.77,6.78,6.7,6.73,42310863.0,303232682.0,24327798048.0,0.001739198217467873,6.7219999999999995,6.731,6.778499999999999,6.721,43.749998723958385,48828026.4,6.739333333333333,True,True,6.94
2025-06-17,6.72,6.74,6.69,6.72,39073127.0,279259077.0,24327798048.0,0.001606110299128047,6.7299999999999995,6.726000000000001,6.7715000000000005,6.7170000000000005,40.425530710728864,48718023.15,6.734833333333333,True,True,6.94
2025-06-18,6.71,6.76,6.69,6.69,43101022.0,308214235.0,24327798048.0,0.0017716778935339508,6.724000000000001,6.723999999999999,6.764,6.712166666666667,39.58333217881949,49128693.3,6.732166666666667,True,True,6.94
2025-06-19,6.69,6.7,6.54,6.58,92832133.0,652241711.0,24327798048.0,0.0038158871927840496,6.7,6.7090000000000005,6.752000000000001,6.706166666666666,29.824560670975714,51693126.35,6.729833333333334,True,True,6.94
2025-06-20,6.59,6.67,6.58,6.6,56645808.0,399354213.0,24327798048.0,0.002328439585376157,6.664,6.695,6.735000000000001,6.701833333333334,35.18518427297667,49745819.65,6.7251666666666665,True,True,6.94
2025-06-23,6.58,6.6,6.54,6.57,55570138.0,388503115.0,24327798048.0,0.002284223910867611,6.632000000000001,6.677,6.721500000000001,6.697166666666666,32.14285633928576,49910667.05,6.721,True,True,6.84
2025-06-24,6.6,6.68,6.58,6.6,92480624.0,652502511.0,24327798048.0,0.0038014383306508447,6.608,6.669,6.712000000000001,6.691666666666666,39.62264046279811,51996081.0,6.7170000000000005,True,True,6.81
2025-06-25,6.61,6.66,6.54,6.65,97836176.0,686091600.0,24327798048.0,0.0040215795859109065,6.6,6.662000000000001,6.703999999999999,6.6865,42.85714178571428,54672826.7,6.712166666666667,True,True,6.81
2025-06-26,6.63,6.69,6.62,6.64,67334141.0,477758816.0,24327798048.0,0.002767786088455119,6.612,6.656000000000001,6.6965,6.681666666666667,41.07142754464283,56575588.45,6.706166666666666,True,True,6.81
2025-06-27,6.64,6.71,6.61,6.62,71156942.0,503942320.0,24327798048.0,0.0029249232445782264,6.616,6.640000000000001,6.687,6.677833333333334,38.5964902800862,57825915.35,6.701833333333334,True,True,6.81
2025-06-30,6.62,6.66,6.59,6.61,50323382.0,354287966.0,24327798048.0,0.002068554741399504,6.624,6.628,6.6795,6.6775,43.13725371780093,57691225.25,6.697166666666666,True,True,6.78
2025-07-01,6.61,6.62,6.57,6.59,61579450.0,432199987.0,24327798048.0,0.002531238128436473,6.622,6.615,6.6705,6.678166666666667,36.73469282798836,58445036.5,6.691666666666666,True,True,6.78
2025-07-02,6.59,6.65,6.58,6.64,63780818.0,449986962.0,24327798048.0,0.0026217258904466883,6.62,6.609999999999999,6.667,6.6803333333333335,44.230768039940806,58866961.35,6.6865,True,True,6.78
2025-07-03,6.65,6.69,6.63,6.67,54686926.0,387878568.0,24327798048.0,0.0022479192688175014,6.626,6.619,6.664,6.683333333333334,38.29787119963784,59288148.55,6.681666666666667,True,True,6.78
2025-07-04,6.67,6.72,6.65,6.69,57823177.0,411846911.0,24327798048.0,0.0023768356217817943,6.640000000000001,6.628,6.661499999999999,6.694999999999999,45.454544008264506,60159694.7,6.677833333333334,False,True,6.78
2025-07-07,6.69,6.7,6.65,6.68,34516925.0,245053911.0,24327798048.0,0.0014188265182034283,6.654000000000001,6.639,6.6579999999999995,6.6965,45.454544008264506,59858491.45,6.6775,False,False,6.78
2025-07-08,6.68,6.75,6.66,6.74,58889337.0,420639719.0,24327798048.0,0.0024206603854491186,6.684,6.6530000000000005,6.661,6.697,55.31914728836579,60194839.8,6.678166666666667,False,False,6.78
2025-07-09,6.73,6.84,6.72,6.79,80879158.0,584824779.0,24327798048.0,0.0033245572756079793,6.714,6.667,6.664499999999999,6.700833333333333,75.60975351576445,61611746.05,6.6803333333333335,False,False,6.78
2025-07-10,6.76,6.82,6.76,6.78,62830601.0,454069656.0,24327798048.0,0.0025826669917282273,6.736,6.681,6.6685,6.704833333333334,72.49999746250009,62610107.35,6.683333333333334,False,False,6.79
2025-07-11,6.8,6.88,6.77,6.77,112274785.0,816919052.0,24327798048.0,0.004615082087514705,6.752,6.696,6.667999999999999,6.708666666666667,76.31578666204969,64796276.65,6.694999999999999,False,False,6.79
2025-07-14,6.93,7.24,6.93,7.06,254436236.0,1921329306.0,24327798048.0,0.010458662781480848,6.828,6.741,6.6845,6.7175,85.93749812011704,75402545.3,6.6965,False,False,6.79
2025-07-15,7.02,7.1,6.99,7.04,110396701.0,827870268.0,24327798048.0,0.0045378829922125144,6.888,6.786,6.7005,6.724833333333334,81.96721123353927,78968724.0,6.697,False,False,7.06
2025-07-16,7.05,7.08,6.99,7.01,63875895.0,477894035.0,24327798048.0,0.0026256340534383574,6.9319999999999995,6.822999999999999,6.716499999999999,6.7316666666666665,79.3650776014109,80007467.65,6.700833333333333,False,False,7.06
2025-07-17,7.03,7.05,6.96,7.01,54395108.0,405154320.0,24327798048.0,0.0022359240196205034,6.978,6.857000000000001,6.7379999999999995,6.738666666666666,81.96721123353927,78085616.4,6.704833333333334,False,False,7.06
2025-07-18,7.02,7.08,7.0,7.08,58595153.0,439786711.0,24327798048.0,0.0024085678812520864,7.039999999999999,6.895999999999999,6.7620000000000005,6.7475,85.07462508799276,78183083.65,6.708666666666667,False,False,7.06
2025-07-21,7.09,7.15,7.07,7.14,73298093.0,555421740.0,24327798048.0,0.0030129357722955066,7.056,6.942,6.7905,6.7571666666666665,88.73239261654426,79069481.4,6.7175,False,False,7.08
2025-07-22,7.14,7.3,7.13,7.28,127542143.0,981913715.0,24327798048.0,0.005242650516431975,7.104000000000001,6.996,6.824499999999999,6.769166666666666,89.99999842499994,80822557.35,6.724833333333334,False,False,7.14
2025-07-23,7.31,7.34,7.19,7.21,111377246.0,861122823.0,24327798048.0,0.004578188530677826,7.144,7.037999999999999,6.852500000000001,6.779333333333333,82.14285577380946,81499610.85,6.7316666666666665,False,False,7.28
2025-07-24,7.22,7.29,7.15,7.23,99042064.0,761459686.0,24327798048.0,0.004071147902682557,7.188,7.083,6.882,6.790166666666666,82.14285577380946,83085007.0,6.738666666666666,False,False,7.28
2025-07-25,7.21,7.22,7.12,7.12,88010867.0,670526634.0,24327798048.0,0.0036177078922782087,7.196,7.118,6.906999999999999,6.7988333333333335,73.40425422589405,83927703.25,6.7475,False,False,7.28
2025-07-28,7.12,7.14,7.04,7.07,76367691.0,576025142.0,24327798048.0,0.003139112337636255,7.1819999999999995,7.119,6.93,6.805166666666667,67.74193446409988,85229918.7,6.7571666666666665,False,False,7.28
2025-07-29,7.06,7.08,7.01,7.03,64370086.0,482647947.0,24327798048.0,0.002645947893557588,7.132000000000001,7.117999999999999,6.952,6.8125,63.04347730151228,85369450.5,6.769166666666666,False,False,7.28
2025-07-30,7.09,7.13,7.04,7.08,69519886.0,524776619.0,24327798048.0,0.002857631663286323,7.106,7.125,6.973999999999999,6.820166666666666,65.62499904296874,85656403.9,6.779333333333333,False,False,7.28
2025-07-31,7.06,7.07,6.91,6.94,103663300.0,767453715.0,24327798048.0,0.004261104921845659,7.048,7.118,6.9875,6.824,57.79816439525296,88105222.6,6.790166666666666,False,False,7.28
2025-08-01,6.94,6.96,6.85,6.86,95546316.0,701647911.0,24327798048.0,0.00392745433892053,6.996,7.096000000000001,6.996,6.825,38.63636302169428,89991379.55,6.7988333333333335,True,False,7.28
2025-08-04,6.85,6.89,6.84,6.86,62660614.0,457578493.0,24327798048.0,0.0025756796351386747,6.954000000000001,7.0680000000000005,7.005,6.8265,39.534883077339146,91398564.0,6.805166666666667,True,True,7.28
2025-08-05,6.86,6.95,6.85,6.93,77953620.0,573768302.0,24327798048.0,0.003204302331275255,6.934,7.0329999999999995,7.0145,6.8278333333333325,45.555554846913594,92351778.15,6.8125,True,True,7.28
2025-08-06,6.92,7.02,6.9,6.97,91844713.0,682321371.0,24327798048.0,0.003775299055787361,6.912000000000001,7.009,7.0235,6.8294999999999995,47.87233971253961,92900055.9,6.820166666666666,True,True,7.28
2025-08-07,6.99,7.01,6.93,6.96,72469710.0,537837646.0,24327798048.0,0.0029788848895002137,6.9159999999999995,6.981999999999999,7.032500000000001,6.830333333333333,43.18181749483472,93382011.35,6.824,True,True,7.28
2025-08-08,6.95,7.04,6.94,7.02,87646888.0,654441069.0,24327798048.0,0.0036027464477906375,6.948,6.9719999999999995,7.045,6.832333333333334,43.18181749483472,92150616.5,6.825,True,True,7.28
2025-08-11,7.13,7.13,7.04,7.04,79147007.0,596022573.0,24327798048.0,0.00325335679143007,6.984,6.968999999999999,7.044000000000001,6.835666666666667,34.210525685595556,83386155.05,6.8265,True,True,7.28
2025-08-12,7.04,7.12,7.02,7.09,71615730.0,540881392.0,24327798048.0,0.0029437818358528985,7.016,6.975,7.046499999999999,6.8395,41.89189109934258,81447106.5,6.8278333333333325,True,True,7.28
2025-08-13,7.11,7.14,7.05,7.08,104267037.0,788256714.0,24327798048.0,0.004285921676687539,7.037999999999999,6.975,7.05,6.843500000000001,39.72602663539122,83466663.6,6.8294999999999995,False,True,7.28
2025-08-14,7.11,7.15,7.06,7.06,98759612.0,726624262.0,24327798048.0,0.004059537645172086,7.058,6.987,7.0525,6.8475,45.31249900878905,85684888.8,6.830333333333333,False,False,7.28
2025-08-15,7.06,7.09,7.0,7.0,113462407.0,827032194.0,24327798048.0,0.004663899575955572,7.054,7.001,7.0485,6.8485000000000005,44.61538365443786,88428251.5,6.832333333333334,False,False,7.28
2025-08-18,7.03,7.15,7.01,7.01,145063582.0,1063326745.0,24327798048.0,0.005962873487924476,7.048,7.016,7.042,6.851333333333333,48.38709568158167,92016525.95,6.835666666666667,True,False,7.28
2025-08-19,7.04,7.07,6.94,6.94,129715933.0,939458733.0,24327798048.0,0.005332004678107891,7.017999999999999,7.017,7.025,6.853833333333333,39.06249914550782,92125215.45,6.8395,True,True,7.28
2025-08-20,7.01,7.21,7.0,7.12,181680018.0,1336521780.0,24327798048.0,0.00746800091161296,7.026000000000001,7.031999999999999,7.0205,6.859,63.23529281574399,95640354.05,6.843500000000001,True,True,7.23
2025-08-21,7.12,7.42,7.1,7.35,244028740.0,1848053564.0,24327798048.0,0.010030860150948258,7.0840000000000005,7.071,7.0265,6.868333333333334,79.518070947888,102889687.85,6.8475,False,True,7.23
2025-08-22,7.26,7.41,7.24,7.41,144501856.0,1098369895.0,24327798048.0,0.0059397836053592026,7.1659999999999995,7.109999999999999,7.0409999999999995,6.878333333333333,80.89887513192787,105714237.3,6.8485000000000005,False,False,7.35
2025-08-25,7.5,7.75,7.49,7.64,231325669.0,1828864822.0,24327798048.0,0.00950869735697339,7.292,7.169999999999999,7.069500000000001,6.893,83.80952269206357,113462136.2,6.851333333333333,False,False,7.41
2025-08-26,7.61,7.61,7.51,7.53,131043604.0,1025883638.0,24327798048.0,0.005386578914435421,7.410000000000001,7.214,7.094500000000001,6.905666666666666,74.9999990625001,116795812.1,6.853833333333333,False,False,7.64
2025-08-27,7.53,7.54,7.33,7.34,128337990.0,988341347.0,24327798048.0,0.005275363999108449,7.454000000000001,7.24,7.1075,6.916166666666666,64.61538391952665,119736717.3,6.859,False,False,7.64
2025-08-28,7.35,7.44,7.29,7.4,115412783.0,881677194.0,24327798048.0,0.004744070251334898,7.464,7.274000000000001,7.1305000000000005,6.927333333333333,64.61538391952666,120324191.45,6.868333333333334,False,False,7.64
2025-08-29,7.4,7.48,7.33,7.41,121158619.0,928905299.0,24327798048.0,0.004980254224445131,7.464,7.315,7.1579999999999995,6.9385,64.34108457304251,121604806.6,6.878333333333333,False,False,7.64
2025-09-01,7.4,7.43,7.3,7.33,109424051.0,832069214.0,24327798048.0,0.0044979019796243256,7.401999999999999,7.3469999999999995,7.1815,6.948166666666667,59.09090846418735,123942978.45,6.893,False,False,7.64
2025-09-02,7.34,7.37,7.25,7.35,106520262.0,808079079.0,24327798048.0,0.004378541033176534,7.366,7.388,7.202499999999999,6.959333333333333,60.15037530668778,125371310.55,6.905666666666666,False,False,7.64
2025-09-03,7.38,7.4,7.2,7.25,109432084.0,822210485.0,24327798048.0,0.004498232178024696,7.348000000000001,7.400999999999999,7.216499999999999,6.968166666666666,56.737588089130355,126250679.1,6.916166666666666,False,False,7.64
2025-09-04,7.21,7.24,7.12,7.21,122303580.0,908375983.0,24327798048.0,0.005027318122202787,7.31,7.3870000000000005,7.228999999999999,6.9766666666666675,57.553956254852245,128742372.6,6.927333333333333,False,False,7.64
2025-09-05,7.21,7.28,7.16,7.23,104828060.0,784710577.0,24327798048.0,0.00430898266226844,7.273999999999999,7.3690000000000015,7.239500000000001,6.984166666666667,57.85714227857146,129601431.2,6.9385,True,False,7.64
2025-09-08,7.23,7.37,7.19,7.36,133031487.0,1002542106.0,24327798048.0,0.005468291324086217,7.279999999999999,7.341000000000001,7.2555,6.994666666666666,64.383561026459,132295655.2,6.948166666666667,True,True,7.64
2025-09-09,7.34,7.41,7.3,7.35,95394763.0,725708971.0,24327798048.0,0.003921224716342236,7.279999999999999,7.323,7.2685,7.005166666666667,58.91472804278588,133484606.85,6.959333333333333,False,True,7.64
2025-09-10,7.37,7.39,7.31,7.34,80216050.0,610586118.0,24327798048.0,0.0032973000615069887,7.298,7.323,7.281499999999999,7.016,49.53270963228231,132282057.5,6.968166666666666,False,False,7.64
2025-09-11,7.32,7.5,7.27,7.5,145138199.0,1115650036.0,24327798048.0,0.0059659406376867665,7.356,7.333,7.3035,7.031333333333333,53.84615320184089,134600986.85,6.9766666666666675,False,False,7.64
2025-09-12,7.5,7.5,7.43,7.47,90923235.0,702823812.0,24327798048.0,0.003737421480587917,7.404000000000001,7.339,7.327,7.045833333333333,41.23711280688704,133474028.25,6.984166666666667,False,False,7.64
2025-09-15,7.48,7.5,7.4,7.42,70975235.0,547358912.0,24327798048.0,0.0029174541345650027,7.4159999999999995,7.348000000000001,7.347500000000001,7.06,43.95604327979713,129769610.9,6.994666666666666,False,False,7.64
2025-09-16,7.41,7.45,7.34,7.38,63124788.0,482407224.0,24327798048.0,0.0025947596192409826,7.422,7.351000000000001,7.3695,7.0729999999999995,52.631577977839356,126440053.65,7.005166666666667,False,False,7.64
2025-09-17,7.4,7.42,7.31,7.38,65313277.0,498209714.0,24327798048.0,0.002684717986853292,7.43,7.364,7.3825,7.085166666666666,48.571427599999986,120621716.6,7.016,False,False,7.64
2025-09-18,7.39,7.39,7.18,7.23,105122458.0,792781521.0,24327798048.0,0.004321083962987031,7.376,7.366,7.3765,7.095,39.2857136309524,113676402.5,7.031333333333333,True,False,7.64
2025-09-19,7.22,7.33,7.19,7.26,75343460.0,567395016.0,24327798048.0,0.003097011075615782,7.3340000000000005,7.369,7.3690000000000015,7.105666666666666,45.56961944560166,110218482.7,7.045833333333333,True,True,7.64
2025-09-22,7.28,7.28,7.18,7.22,64899693.0,485626055.0,24327798048.0,0.0026677175168895086,7.294,7.3549999999999995,7.348000000000001,7.115833333333333,41.97530791647616,101897183.9,7.06,True,True,7.64
2025-09-23,7.21,7.27,7.13,7.23,76815060.0,571198790.0,24327798048.0,0.0031575015481647753,7.264,7.343000000000001,7.333,7.126500000000001,48.61111016589511,99185756.7,7.0729999999999995,True,True,7.53
2025-09-24,7.22,7.26,7.15,7.2,69846773.0,520206778.0,24327798048.0,0.0028710684321774094,7.228,7.328999999999999,7.325999999999999,7.135833333333334,49.295773675858,96261195.85,7.085166666666666,True,True,7.5
2025-09-25,7.21,7.21,7.13,7.14,68516208.0,507833167.0,24327798048.0,0.002816375237282634,7.210000000000001,7.292999999999999,7.313,7.143666666666666,43.99999917866664,93916367.1,7.095,True,True,7.5
2025-09-26,7.15,7.17,7.07,7.07,75695611.0,557450037.0,24327798048.0,0.0031114863273136624,7.172,7.253,7.295999999999999,7.15,28.985506658265095,91643216.7,7.105666666666666,True,True,7.5
2025-09-29,7.06,7.17,6.98,7.09,109200011.0,798022125.0,24327798048.0,0.004488692761446916,7.146000000000001,7.220000000000001,7.284000000000001,7.156833333333334,31.428570800000017,91632014.7,7.115833333333333,True,True,7.5
2025-09-30,7.2,7.43,7.19,7.21,175861188.0,1326272118.0,24327798048.0,0.007228816502546462,7.142,7.203,7.277000000000001,7.164666666666666,41.97530791647616,95099061.0,7.126500000000001,True,True,7.5
2025-10-09,7.22,7.53,7.19,7.52,207334569.0,1593929253.0,24327798048.0,0.008522537411356269,7.206,7.2170000000000005,7.2905,7.176833333333334,51.04166592230903,99994185.25,7.135833333333334,True,True,7.5
2025-10-10,7.46,7.54,7.42,7.47,118855018.0,920674234.0,24327798048.0,0.004885564150339168,7.272,7.241,7.3035,7.1883333333333335,49.999999285714296,99821757.15,7.143666666666666,False,True,7.52
2025-10-13,7.29,7.41,7.26,7.39,126495057.0,960829067.0,24327798048.0,0.005199609794130103,7.336,7.254,7.3115,7.198666666666667,48.51485081266543,100905107.0,7.15,False,False,7.52
2025-10-14,7.4,7.49,7.36,7.44,133940876.0,1027915755.0,24327798048.0,0.0055056719780280875,7.406000000000001,7.275999999999999,7.3155,7.205,52.941175743944676,100950576.45,7.156833333333334,False,False,7.52
2025-10-15,7.46,7.58,7.4,7.56,149907093.0,1167413180.0,24327798048.0,0.00616196717451475,7.475999999999999,7.308999999999999,7.3260000000000005,7.213666666666667,57.89473613111727,103676192.95,7.164666666666666,False,False,7.52
2025-10-16,7.55,7.72,7.51,7.6,143771794.0,1134238135.0,24327798048.0,0.005909774230957148,7.492,7.349000000000001,7.339,7.2235000000000005,67.96116412479968,106853980.15,7.176833333333334,False,False,7.56
2025-10-17,7.62,7.63,7.44,7.45,113765891.0,885154228.0,24327798048.0,0.004676374358893231,7.4879999999999995,7.38,7.336499999999999,7.230833333333334,58.26086885595466,105285364.75,7.1883333333333335,False,False,7.6
2025-10-20,7.5,7.53,7.36,7.42,82886022.0,636699926.0,24327798048.0,0.003407049903836821,7.494,7.414999999999999,7.3340000000000005,7.2365,58.77192910280088,104883504.1,7.198666666666667,False,False,7.6
2025-10-21,7.42,7.71,7.41,7.66,142424999.0,1124280976.0,24327798048.0,0.005854413898002118,7.537999999999999,7.4719999999999995,7.345999999999999,7.245166666666666,65.69342998561459,108455992.3,7.205,False,False,7.6
2025-10-22,7.63,7.72,7.6,7.65,93265054.0,738354354.0,24327798048.0,0.0038336825147916487,7.556,7.516,7.3595,7.251333333333333,66.66666597530867,109963005.6,7.213666666666667,False,False,7.66
2025-10-23,7.65,7.72,7.6,7.71,110280150.0,876241250.0,24327798048.0,0.004533092135277166,7.578,7.535000000000001,7.376,7.259666666666667,71.1111103736626,112211349.25,7.2235000000000005,False,False,7.66
2025-10-24,7.74,7.78,7.66,7.69,94183997.0,751640577.0,24327798048.0,0.003871455888205341,7.626,7.557,7.399000000000001,7.267333333333334,73.84615305088762,111664426.2,7.230833333333334,False,False,7.71
2025-10-27,7.71,7.8,7.66,7.73,107578980.0,860601859.0,24327798048.0,0.0044220598916408765,7.688000000000001,7.591000000000001,7.422499999999999,7.277500000000001,74.24242345500465,113276202.2,7.2365,False,False,7.71
2025-10-28,7.73,7.81,7.66,7.76,104935829.0,840885668.0,24327798048.0,0.004313412532977962,7.708,7.623,7.449499999999999,7.289000000000001,72.35772275365197,115278009.0,7.245166666666666,False,False,7.73
2025-10-29,7.76,7.81,7.71,7.77,69958547.0,562357010.0,24327798048.0,0.002875662929376846,7.731999999999999,7.644,7.4765,7.301333333333333,63.44085926003011,114935183.35,7.251333333333333,False,False,7.76
2025-10-30,7.77,7.95,7.75,7.77,130596433.0,1058642465.0,24327798048.0,0.005368197842744605,7.744,7.661,7.505000000000001,7.312833333333333,67.04545347882237,117972666.35,7.259666666666667,False,False,7.77
2025-10-31,7.55,7.55,7.33,7.41,305007686.0,2341207201.0,24327798048.0,0.012537414417786769,7.688,7.657000000000001,7.5185,7.320666666666667,50.86206835166471,129797240.25,7.267333333333334,False,False,7.77
2025-11-03,7.41,7.45,7.34,7.38,134691082.0,1028137130.0,24327798048.0,0.005536509376403386,7.618,7.6530000000000005,7.534000000000001,7.3293333333333335,47.36842047091411,132747013.8,7.277500000000001,True,False,7.77
2025-11-04,7.38,7.49,7.35,7.37,121181858.0,931188529.0,24327798048.0,0.004981209469139046,7.539999999999999,7.624,7.548,7.337833333333333,40.77669847487983,133346106.15,7.289000000000001,True,True,7.77
2025-11-05,7.36,7.47,7.31,7.46,100239201.0,767179355.0,24327798048.0,0.00412035650749085,7.478,7.6049999999999995,7.560499999999999,7.346666666666667,43.51851795438958,129565006.8,7.301333333333333,True,True,7.77
2025-11-06,7.44,7.68,7.43,7.64,141108245.0,1112888826.0,24327798048.0,0.005800288407589793,7.452,7.597999999999999,7.5665000000000004,7.357833333333333,58.55855781998215,126253690.6,7.312833333333333,True,True,7.77
2025-11-07,7.62,7.72,7.61,7.68,91592006.0,729281207.0,24327798048.0,0.0037649114736682805,7.506,7.5969999999999995,7.577000000000001,7.369833333333333,61.6071420870536,124890540.0,7.320666666666667,False,True,7.77
2025-11-10,7.7,7.72,7.57,7.66,73654749.0,583360001.0,24327798048.0,0.0030275962031037656,7.562,7.589999999999999,7.5905000000000005,7.3805,49.999999222222236,122248524.6,7.3293333333333335,False,False,7.77
2025-11-11,7.68,7.7,7.6,7.66,67406319.0,533912699.0,24327798048.0,0.0027707529825347884,7.62,7.58,7.6015,7.390833333333333,50.56179695745487,118921796.75,7.337833333333333,False,False,7.77
2025-11-12,7.69,7.72,7.61,7.65,72466698.0,575403181.0,24327798048.0,0.0029787610805145403,7.6579999999999995,7.5680000000000005,7.606,7.400166666666666,46.428570654761934,115049777.0,7.346666666666667,False,False,7.77
2025-11-13,7.66,7.7,7.53,7.58,82887063.0,650689301.0,24327798048.0,0.0034070926943926263,7.646000000000001,7.5489999999999995,7.6049999999999995,7.4085,43.820224029794204,112005540.45,7.357833333333333,False,False,7.77
2025-11-14,7.58,7.61,7.47,7.48,80374091.0,625060179.0,24327798048.0,0.003303796374888421,7.606,7.556,7.606500000000001,7.4155,36.84210472022158,110335950.45,7.369833333333333,True,False,7.77
2025-11-17,7.48,7.49,7.34,7.36,84938323.0,649606736.0,24327798048.0,0.003491410230897688,7.546000000000001,7.554,7.6034999999999995,7.4215,30.769230355029592,110438565.5,7.3805,True,True,7.77
2025-11-18,7.36,7.39,7.27,7.29,70372133.0,532456201.0,24327798048.0,0.002892663481551111,7.4719999999999995,7.545999999999999,7.584999999999999,7.426166666666666,28.18181782314049,106835922.2,7.390833333333333,True,True,7.77
2025-11-19,7.31,7.33,7.27,7.31,54713000.0,413860236.0,24327798048.0,0.002248991046869447,7.403999999999999,7.531000000000001,7.568,7.432333333333333,29.46428534598212,104908319.5,7.400166666666666,True,True,7.77
2025-11-20,7.35,7.36,7.28,7.3,54802365.0,409552106.0,24327798048.0,0.0022526644167249377,7.348000000000001,7.497,7.547499999999999,7.435333333333333,42.857142077922056,102134430.25,7.4085,True,True,7.77
2025-11-21,7.26,7.27,7.13,7.19,105360043.0,771448685.0,24327798048.0,0.004330849951652805,7.290000000000001,7.448,7.522499999999999,7.432666666666666,38.823528772318355,102693232.55,7.4155,True,True,7.77
2025-11-24,7.18,7.2,7.11,7.11,98489659.0,717083372.0,24327798048.0,0.004048441162067969,7.24,7.393000000000001,7.4915,7.427666666666667,35.86956467155008,102238766.5,7.4215,True,True,7.77
2025-11-25,7.13,7.14,7.08,7.09,94545872.0,684578994.0,24327798048.0,0.0038863308472660008,7.2,7.336,7.458,7.4185,28.235293652595132,101719268.65,7.426166666666666,True,True,7.77
2025-11-26,7.09,7.14,7.05,7.13,85094257.0,615135372.0,24327798048.0,0.0034978199355364856,7.164,7.284000000000001,7.426,7.411833333333333,14.084506764530829,102476054.15,7.432333333333333,True,True,7.77
2025-11-27,7.12,7.12,7.06,7.09,66607632.0,481407459.0,24327798048.0,0.0027379227609740805,7.122,7.234999999999999,7.391999999999999,7.4076666666666675,8.450704058718472,99276614.1,7.435333333333333,True,True,7.77
2025-11-28,7.09,7.14,7.03,7.13,61390051.0,444318059.0,24327798048.0,0.0025234528369100346,7.110000000000001,7.2,7.378,7.4031666666666665,13.698629874272825,87095732.35,7.432666666666666,True,True,7.68
2025-12-01,7.06,7.09,6.95,6.99,134668174.0,960058561.0,24327798048.0,0.0055355677375442175,7.086,7.162999999999999,7.358499999999999,7.396166666666668,11.494252688598209,87094586.95,7.427666666666667,True,True,7.68
2025-12-02,6.99,7.0,6.94,6.97,55433346.0,393562494.0,24327798048.0,0.002278601042750649,7.062,7.131,7.338499999999999,7.3901666666666666,11.363636182851195,83807161.35,7.4185,True,True,7.68
2025-12-03,6.97,7.01,6.94,6.96,67182996.0,477292047.0,24327798048.0,0.0027615732368151233,7.0280000000000005,7.096000000000001,7.3135,7.3836666666666675,12.195121743010077,82154351.1,7.411833333333333,True,True,7.68
2025-12-04,6.96,6.99,6.85,6.89,98288491.0,692702116.0,24327798048.0,0.0040401721029610545,6.9879999999999995,7.055,7.276000000000001,7.377666666666667,12.658227623778203,80013363.4,7.4076666666666675,True,True,7.68
2025-12-05,6.88,6.97,6.86,6.97,96161093.0,679861945.0,24327798048.0,0.003952724895622251,6.956,7.0329999999999995,7.2405,7.373666666666666,23.999999551999977,80241817.75,7.4031666666666665,True,True,7.68
2025-12-08,6.96,7.01,6.91,6.92,95192397.0,674702585.0,24327798048.0,0.00391290641315669,6.942,7.014,7.2035,7.3685,24.6575337736911,81318700.15,7.396166666666668,True,True,7.66
2025-12-09,6.92,6.93,6.79,6.81,96414879.0,673004847.0,24327798048.0,0.003963156830296292,6.909999999999999,6.986,7.161,7.359333333333334,19.512194788816203,82769128.15,7.3901666666666666,True,True,7.66
2025-12-10,6.8,6.88,6.73,6.87,90218700.0,625470589.0,24327798048.0,0.0037084613996710204,6.892,6.960000000000001,7.122,7.351333333333333,25.287355914916162,83656728.25,7.3836666666666675,True,True,7.65
2025-12-11,6.86,6.92,6.81,6.85,104249549.0,729770840.0,24327798048.0,0.004285202828234198,6.883999999999999,6.936,7.085500000000001,7.343166666666666,28.205127698882336,84724852.55,7.377666666666667,True,True,7.58
2025-12-12,6.84,6.96,6.79,6.95,194698870.0,1370559781.0,24327798048.0,0.008003143959673173,6.88,6.917999999999999,7.058999999999999,7.3340000000000005,39.99999930000004,90441091.5,7.373666666666666,True,True,7.48
2025-12-15,6.93,6.93,6.62,6.65,273144700.0,1875265787.0,24327798048.0,0.011227678701585381,6.8260000000000005,6.884,7.0235,7.320333333333333,29.629629245541906,99851410.35,7.3685,True,True,7.36
2025-12-16,6.65,6.65,6.58,6.64,109387750.0,738937915.0,24327798048.0,0.004496409818273414,6.792,6.851000000000001,6.991000000000001,7.307333333333333,26.666666311111157,101802191.2,7.359333333333334,True,True,7.31
2025-12-17,6.65,6.74,6.6,6.7,90405976.0,615949952.0,24327798048.0,0.00371615942477097,6.758,6.825,6.960500000000001,7.296000000000001,31.77570051882269,103586840.0,7.351333333333333,True,True,7.31
2025-12-18,6.75,6.76,6.68,6.75,73070048.0,501826837.0,24327798048.0,0.003003561927628182,6.7379999999999995,6.811,6.933,7.285500000000001,32.40740698731145,104500224.15,7.343166666666666,True,True,7.3
2025-12-19,6.72,6.77,6.72,6.73,79221483.0,545160851.0,24327798048.0,0.003256418145353391,6.694,6.787000000000001,6.909999999999999,7.277166666666667,36.45833280164937,103193296.15,7.3340000000000005,True,True,7.19
2025-12-22,6.74,6.79,6.71,6.71,79818025.0,548851481.0,24327798048.0,0.003280939147986798,6.706,6.766,6.889999999999999,7.268000000000001,36.45833280164937,102259714.45,7.320333333333333,True,True,7.13
2025-12-23,6.72,6.77,6.7,6.76,72583274.0,499903343.0,24327798048.0,0.002983552965080911,6.7299999999999995,6.761,6.8735,7.2603333333333335,39.999999440000025,101161584.55,7.307333333333333,True,True,7.13
2025-12-24,6.75,6.82,6.71,6.79,76126720.0,527705910.0,24327798048.0,0.0031292071666247003,6.747999999999999,6.753,6.8565,7.252999999999999,44.79166601345491,100713207.7,7.296000000000001,True,True,7.13
2025-12-25,6.79,6.79,6.76,6.78,44938506.0,310759282.0,24327798048.0,0.0018472081160544826,6.754,6.7459999999999996,6.841000000000001,7.2459999999999996,39.325842078020514,99629751.4,7.285500000000001,True,True,7.13
2025-12-26,6.78,6.79,6.74,6.76,54604520.0,376996984.0,24327798048.0,0.0022445319503336253,6.760000000000001,6.726999999999999,6.8225,7.2396666666666665,40.697673756084406,99290474.85,7.277166666666667,True,True,7.13
2025-12-29,6.76,6.84,6.74,6.77,78018551.0,540866213.0,24327798048.0,0.003206971335673922,6.772,6.739,6.8115000000000006,7.234666666666667,47.36842018005542,96457993.7,7.268000000000001,True,True,6.99
2025-12-30,6.76,6.77,6.67,6.71,63674537.0,436538808.0,24327798048.0,0.0026173571843356664,6.7620000000000005,6.7459999999999996,6.7985,7.2283333333333335,39.473683483379524,96870053.25,7.2603333333333335,True,True,6.97
2025-12-31,6.71,6.73,6.67,6.68,56150593.0,383328392.0,24327798048.0,0.0023080836534902166,6.74,6.744,6.7844999999999995,7.2195,38.96103825265647,96318433.1,7.252999999999999,True,True,6.97
2026-01-05,6.69,6.79,6.69,6.78,91495830.0,629465269.0,24327798048.0,0.003760958136016832,6.739999999999999,6.747,6.778999999999999,7.207166666666667,38.96103825265647,95978800.05,7.2459999999999996,True,True,6.97
2026-01-06,6.8,6.97,6.78,6.92,128298877.0,901527689.0,24327798048.0,0.005273756249820049,6.772,6.766,6.7765,7.1979999999999995,72.13114588551461,97585689.25,7.2396666666666665,False,True,6.97
2026-01-07,6.92,6.93,6.84,6.87,89376374.0,627774831.0,24327798048.0,0.0036738373865014746,6.792,6.781999999999999,6.773999999999999,7.189333333333334,67.69230623431957,97294888.1,7.234666666666667,False,False,6.95
2026-01-08,6.85,6.9,6.81,6.88,63919738.0,447357299.0,24327798048.0,0.002627436230516344,6.8260000000000005,6.794,6.777500000000001,7.180000000000001,64.99999848333336,95670131.05,7.2283333333333335,False,False,6.95
2026-01-09,6.87,6.93,6.85,6.89,87649576.0,615641053.0,24327798048.0,0.0036028569386782508,6.868,6.803999999999999,6.778499999999999,7.168833333333334,62.499998437500025,95541674.85,7.2195,False,False,6.95
2026-01-12,6.89,6.95,6.86,6.93,102800843.0,724837663.0,24327798048.0,0.004225653419071,6.897999999999999,6.819,6.782500000000001,7.157666666666667,67.24137768727704,95469239.55,7.207166666666667,False,False,6.95
2026-01-13,6.95,6.97,6.87,6.91,100298172.0,707814353.0,24327798048.0,0.004122780524653589,6.896000000000001,6.8340000000000005,6.780500000000001,7.148666666666666,67.24137768727712,90749204.65,7.1979999999999995,False,False,6.95
2026-01-14,6.9,6.92,6.76,6.77,169895628.0,1185836182.0,24327798048.0,0.006983600721478663,6.8759999999999994,6.8340000000000005,6.786500000000001,7.137833333333334,50.746267596346634,85586751.05,7.189333333333334,False,False,6.93
2026-01-15,6.74,6.77,6.72,6.74,83117283.0,571721611.0,24327798048.0,0.0034165559429589687,6.848000000000001,6.837000000000001,6.791499999999999,7.1225000000000005,46.26865574961019,84273227.7,7.180000000000001,True,False,6.93
2026-01-16,6.74,6.88,6.6,6.62,221340778.0,1515012440.0,24327798048.0,0.009098266006782992,6.794,6.831,6.7875,7.105333333333334,39.743589030243264,90819967.8,7.168833333333334,True,True,6.93
2026-01-19,6.6,6.74,6.59,6.66,123077129.0,838847387.0,24327798048.0,0.005059115040217058,6.74,6.819,6.7829999999999995,7.087833333333333,43.749999234375025,93320321.85,7.157666666666667,True,True,6.93
2026-01-20,6.68,6.77,6.66,6.76,128190169.0,879681713.0,24327798048.0,0.005269287781289296,6.709999999999999,6.803,6.7844999999999995,7.072333333333333,49.438201469511455,95768756.15,7.148666666666666,True,True,6.93
2026-01-21,6.76,6.79,6.68,6.69,118295311.0,812027772.0,24327798048.0,0.004862557259255328,6.694,6.784999999999999,6.783500000000001,7.054999999999999,48.888888128395095,97692620.45,7.137833333333334,True,True,6.93
2026-01-22,6.69,6.79,6.59,6.6,235891903.0,1601641582.0,24327798048.0,0.009696393505674994,6.6659999999999995,6.757,6.775500000000001,7.035666666666667,45.833332664930566,105858051.9,7.1225000000000005,True,True,6.93
2026-01-23,6.62,6.65,6.46,6.47,314424427.0,2095172954.0,24327798048.0,0.012924491825344176,6.636,6.715000000000001,6.7595,7.013999999999999,34.34343385776957,117772937.25,7.105333333333334,True,True,6.93
2026-01-26,6.47,6.56,6.39,6.41,476500143.0,3125327820.0,24327798048.0,0.01958665318003054,6.586,6.662999999999999,6.741,6.991333333333333,21.97802163989853,139351019.1,7.087833333333333,True,True,6.93
2026-01-27,6.42,6.44,6.3,6.31,223549147.0,1450655133.0,24327798048.0,0.009189041546584939,6.4959999999999996,6.603,6.718500000000001,6.973,20.833333029513838,147798250.45,7.072333333333333,True,True,6.93
2026-01-28,6.31,6.39,6.18,6.21,563648155.0,3598230121.0,24327798048.0,0.0231688932096482,6.4,6.547,6.6905,6.9535,18.09523785396823,172079730.65,7.054999999999999,True,True,6.93
2026-01-29,6.21,6.26,6.1,6.23,343548005.0,2161893127.0,24327798048.0,0.014121623515706686,6.326,6.4959999999999996,6.666499999999999,6.9345,18.867924279102922,186073404.05,7.035666666666667,True,True,6.93
2026-01-30,6.23,6.27,6.13,6.18,220466120.0,1396422454.0,24327798048.0,0.009062312978963776,6.268,6.452,6.641500000000001,6.913166666666667,14.953270832387119,194289180.4,7.013999999999999,True,True,6.93
2026-02-02,6.16,6.26,6.11,6.12,208643933.0,1315097142.0,24327798048.0,0.008576359134038139,6.21,6.398,6.608500000000001,6.887833333333334,14.414414232610994,200146585.55,6.991333333333333,True,True,6.93
2026-02-03,6.16,6.19,6.11,6.17,165293570.0,1037429645.0,24327798048.0,0.00679443201862607,6.182,6.339,6.571,6.862666666666667,20.588235011534024,201996320.2,6.973,True,True,6.93
2026-02-04,6.16,6.36,6.15,6.35,281443217.0,1806103075.0,24327798048.0,0.011568791242211812,6.21,6.305,6.545,6.840833333333333,33.33333293447291,211599662.35,6.9535,True,True,6.93
2026-02-05,6.34,6.36,6.28,6.29,139834043.0,900495254.0,24327798048.0,0.005747912027389418,6.2219999999999995,6.274,6.5155,6.8180000000000005,35.13513469198928,215395377.6,6.9345,True,True,6.93
2026-02-06,6.27,6.29,6.22,6.24,120295792.0,768308582.0,24327798048.0,0.004944787512731329,6.234,6.2509999999999994,6.483,6.7945,31.249999609374996,217027688.4,6.913166666666667,True,True,6.93
2026-02-09,6.28,6.34,6.27,6.29,105183288.0,676457486.0,24327798048.0,0.004323584394792654,6.268,6.239,6.450999999999999,6.773,28.03738281072583,217146810.65,6.887833333333334,True,True,6.93
2026-02-10,6.3,6.31,6.26,6.28,63425661.0,406617064.0,24327798048.0,0.0026071270763945798,6.290000000000001,6.236,6.419499999999999,6.753,29.70296988530535,215303185.1,6.862666666666667,True,True,6.91
2026-02-11,6.28,6.29,6.24,6.27,74655249.0,477988860.0,24327798048.0,0.0030687219966517867,6.274,6.242,6.3945,6.734833333333333,32.258064030523755,210541166.15,6.840833333333333,True,True,6.77
2026-02-12,6.28,6.29,6.23,6.27,100936046.0,644834821.0,24327798048.0,0.004149000489105014,6.2700000000000005,6.2459999999999996,6.371,6.717833333333333,37.49999934374999,211432104.3,6.8180000000000005,True,True,6.76
2026-02-13,6.25,6.26,6.17,6.18,121555642.0,769654373.0,24327798048.0,0.004996573950513912,6.258,6.2459999999999996,6.349,6.699,36.14457770358542,206442847.5,6.7945,True,True,6.76
2026-02-24,6.24,6.37,6.22,6.34,183956332.0,1188016204.0,24327798048.0,0.007561569347009732,6.268,6.268,6.333,6.683000000000001,51.685392445398335,209486807.65,6.773,True,True,6.76
2026-02-25,6.36,6.44,6.25,6.27,320754996.0,2070373517.0,24327798048.0,0.013184711389297702,6.266,6.278,6.3085,6.667666666666666,53.48837122228231,219115049.0,6.753,False,True,6.76
2026-02-26,6.27,6.3,6.19,6.22,203802280.0,1294570803.0,24327798048.0,0.008377341820985507,6.255999999999999,6.264999999999999,6.285,6.652833333333333,49.438201469511405,223390397.45,6.734833333333333,True,False,6.69
2026-02-27,6.2,6.23,6.16,6.16,207390186.0,1309180399.0,24327798048.0,0.008524823561540936,6.234,6.252,6.263,6.637333333333333,48.888888128395095,221965311.6,6.717833333333333,True,True,6.6
2026-03-02,6.13,6.23,6.1,6.16,253674130.0,1597587136.0,24327798048.0,0.01042733623073851,6.2299999999999995,6.244,6.2475,6.621166666666667,52.38095150793653,218927796.75,6.699,True,True,6.47
2026-03-03,6.17,6.23,6.13,6.15,235061328.0,1480954577.0,24327798048.0,0.009662252520191587,6.192,6.2299999999999995,6.2345,6.6055,48.74999914687504,206855856.0,6.683000000000001,True,True,6.41
2026-03-04,6.1,6.12,5.99,6.03,232787972.0,1435704190.0,24327798048.0,0.00956880567409748,6.144,6.205,6.2204999999999995,6.587166666666666,28.378377841490178,207317797.25,6.667666666666666,True,True,6.35
2026-03-05,6.05,6.17,6.04,6.13,189524652.0,1183253357.0,24327798048.0,0.007790456482171469,6.126,6.191,6.2165,6.5728333333333335,39.743589030243264,188611622.1,6.652833333333333,True,True,6.35
2026-03-06,6.12,6.2,6.1,6.18,130533387.0,819974843.0,24327798048.0,0.005365606321725086,6.13,6.182,6.214,6.559666666666667,46.15384532544377,177960891.2,6.637333333333333,True,True,6.35
2026-03-09,6.14,6.19,6.12,6.14,153589965.0,964052055.0,24327798048.0,0.006313352515380104,6.1259999999999994,6.178,6.212000000000001,6.546,40.25973952774497,174617083.45,6.621166666666667,True,True,6.35
2026-03-10,6.16,6.19,6.13,6.16,102152234.0,642370689.0,24327798048.0,0.004198992189858218,6.127999999999999,6.16,6.214,6.533833333333333,42.30769154832348,169292498.5,6.6055,True,True,6.35
2026-03-11,6.16,6.29,6.13,6.27,206589197.0,1312473603.0,24327798048.0,0.008491898715715613,6.176,6.16,6.218999999999999,6.522166666666667,49.99999920454547,171357279.85,6.587166666666666,True,True,6.35
2026-03-12,6.31,6.34,6.27,6.32,172517180.0,1111146168.0,24327798048.0,0.007091360248042782,6.214,6.17,6.2175,6.512166666666667,52.68817124985552,165910978.0,6.5728333333333335,False,True,6.35
2026-03-13,6.32,6.39,6.27,6.29,172313636.0,1113782539.0,24327798048.0,0.007082993522883424,6.236,6.183,6.217499999999999,6.5035,56.32183817413136,167534957.65,6.559666666666667,False,False,6.34
2026-03-16,6.35,6.37,6.25,6.28,159713890.0,1026401701.0,24327798048.0,0.006565077927927396,6.264,6.195,6.2195,6.493666666666667,45.833332442129674,169505862.55,6.546,False,False,6.34
2026-03-17,6.27,6.32,6.24,6.25,128517421.0,823878177.0,24327798048.0,0.005282739553593321,6.282,6.205,6.217499999999999,6.483666666666667,48.52941076557099,170672569.2,6.533833333333333,False,False,6.34
2026-03-18,6.24,6.26,6.16,6.22,134726585.0,853171511.0,24327798048.0,0.005537968735772038,6.272,6.223999999999999,6.214499999999999,6.4715,49.99999893939396,174237615.4,6.522166666666667,False,False,6.34
2026-03-19,6.16,6.19,6.1,6.12,119673440.0,749796872.0,24327798048.0,0.004919205583829582,6.232,6.223000000000001,6.207,6.462666666666666,47.14285620000002,176488524.95,6.512166666666667,False,False,6.34
2026-03-20,6.12,6.27,6.07,6.19,192324561.0,1210885147.0,24327798048.0,0.007905547416191705,6.212,6.224,6.203,6.455166666666667,51.94805100354194,181057950.7,6.5035,True,False,6.34
2026-03-23,6.1,6.15,5.98,5.99,222558419.0,1369826942.0,24327798048.0,0.009148317433451262,6.154000000000001,6.2090000000000005,6.193499999999999,6.4433333333333325,41.66666605902779,186108089.55,6.493666666666667,True,True,6.34
2026-03-24,6.05,6.1,6.01,6.09,130404055.0,806555057.0,24327798048.0,0.0053602900987054425,6.122,6.202,6.181,6.432333333333333,53.19148856948845,183430475.7,6.483666666666667,True,True,6.34
2026-03-25,6.11,6.25,6.08,6.23,157004369.0,990799380.0,24327798048.0,0.00645370241442412,6.1240000000000006,6.198,6.179,6.424,55.10204002915455,175242944.35,6.4715,True,True,6.32
2026-03-26,6.22,6.24,6.13,6.16,101009470.0,638073651.0,24327798048.0,0.004152018600314879,6.132000000000001,6.182,6.176,6.414833333333333,48.999999314000036,170103303.85,6.462666666666666,False,True,6.32
2026-03-27,6.11,6.19,6.09,6.16,111953543.0,703740845.0,24327798048.0,0.004601877357708654,6.126,6.1690000000000005,6.176,6.4048333333333325,51.041665922309065,165331471.7,6.455166666666667,True,False,6.32
2026-03-30,6.01,6.05,5.9,5.98,264138763.0,1605650127.0,24327798048.0,0.010857487491421977,6.124,6.139,6.167,6.391333333333334,41.96428518973217,165854703.35,6.4433333333333325,True,True,6.32
2026-03-31,5.98,6.32,5.97,6.21,409689347.0,2596826600.0,24327798048.0,0.016840379313888654,6.148000000000001,6.135,6.17,6.381833333333333,47.580644624089516,174586104.3,6.432333333333333,True,True,6.32
2026-04-01,6.25,6.27,6.14,6.22,206032562.0,1302087331.0,24327798048.0,0.008469018099931903,6.145999999999999,6.135,6.1795,6.372833333333333,45.833332798611096,173248333.8,6.424,False,True,6.32
2026-04-02,6.21,6.21,6.11,6.15,104148613.0,654232376.0,24327798048.0,0.004281053829635934,6.144,6.138,6.1805,6.3625,44.354838208897,168979531.85,6.414833333333333,False,False,6.32
2026-04-03,6.15,6.15,6.05,6.09,81465332.0,506052437.0,24327798048.0,0.0033486520991034495,6.130000000000001,6.128,6.176,6.352166666666666,42.63565845201609,166526129.1,6.4048333333333325,True,False,6.32
2026-04-07,6.1,6.12,6.03,6.05,70003755.0,432917223.0,24327798048.0,0.002877521215108699,6.144,6.1339999999999995,6.1715,6.341666666666667,42.307691852071,162346818.6,6.391333333333334,True,True,6.32
2026-04-08,6.12,6.16,6.1,6.16,119924013.0,750235595.0,24327798048.0,0.004929505447364523,6.134,6.141,6.1715,6.331333333333333,47.82608647132957,163235407.55,6.381833333333333,True,True,6.32
2026-04-09,6.13,6.14,6.04,6.06,103969777.0,643785660.0,24327798048.0,0.004273702732769414,6.102,6.124,6.161,6.316999999999999,47.82608647132954,158104436.55,6.372833333333333,True,True,6.32
2026-04-10,6.09,6.2,6.08,6.16,149138322.0,937486406.0,24327798048.0,0.006130366657341631,6.104,6.1240000000000006,6.1530000000000005,6.305166666666667,48.9361697268749,156935493.65,6.3625,True,True,6.32
2026-04-13,6.15,6.15,6.1,6.11,78785090.0,491273265.0,24327798048.0,0.003238480105949291,6.108,6.119,6.144,6.292333333333333,54.76190415343916,152259066.35,6.352166666666666,False,True,6.29
2026-04-14,6.14,6.15,6.06,6.12,90563970.0,562797681.0,24327798048.0,0.0037226538062060783,6.122,6.133,6.136,6.2795,51.28205066841991,148801570.35,6.341666666666667,True,False,6.28
2026-04-15,6.13,6.14,6.06,6.07,90479920.0,562276371.0,24327798048.0,0.0037191989107061172,6.104,6.119,6.127000000000001,6.2651666666666666,42.5925920404664,146899695.3,6.331333333333333,True,True,6.25
2026-04-16,6.07,6.09,6.04,6.07,92767860.0,573322717.0,24327798048.0,0.003813245235633913,6.106,6.104000000000001,6.1195,6.251166666666667,45.5445538241349,144801759.05,6.316999999999999,True,True,6.23
2026-04-17,6.08,6.08,6.01,6.03,155396723.0,956298848.0,24327798048.0,0.006387619738267896,6.08,6.092,6.115,6.238833333333333,43.80952322539684,146587923.2,6.305166666666667,True,True,6.23
2026-04-20,6.03,6.04,5.97,5.97,167369061.0,1023066812.0,24327798048.0,0.006879745576224046,6.0520000000000005,6.08,6.104,6.226,49.46236484680307,145340148.2,6.292333333333333,True,True,6.23
2026-04-21,5.98,5.99,5.95,5.97,119418478.0,727032729.0,24327798048.0,0.00490872530939221,6.022,6.072000000000001,6.103,6.215166666666666,32.85714220000003,140183151.15,6.2795,True,True,6.23
2026-04-22,5.96,5.97,5.89,5.9,199167241.0,1202312722.0,24327798048.0,0.008186817426181884,5.988,6.046,6.093500000000001,6.2025,28.947367887811694,143621310.45,6.2651666666666666,True,True,6.23
2026-04-23,5.91,5.92,5.82,5.85,189723150.0,1135186971.0,24327798048.0,0.0077986157902851065,5.944,6.025,6.0745,6.187333333333333,29.729729167275394,145257249.5,6.251166666666667,True,True,6.23
2026-04-24,5.84,5.84,5.78,5.79,124756455.0,738688968.0,24327798048.0,0.00512814414004297,5.895999999999999,5.988,6.056,6.1723333333333334,29.729729167275437,146444598.75,6.238833333333333,True,True,6.22
2026-04-27,5.78,5.8,5.74,5.75,118328208.0,696355551.0,24327798048.0,0.004863909498366122,5.851999999999999,5.952,6.035500000000001,6.158166666666667,29.729729167275437,146763332.0,6.226,True,True,6.22
2026-04-28,5.75,5.8,5.74,5.79,147764956.0,868817484.0,24327798048.0,0.006073914117029915,5.816000000000001,5.9190000000000005,6.026,6.146833333333333,22.38805923368237,140944641.65,6.215166666666666,True,True,6.22
2026-04-29,5.77,5.8,5.76,5.79,121431627.0,717478948.0,24327798048.0,0.004991476284060281,5.794,5.891,6.005,6.1365,26.315788827331545,126531755.65,6.2025,True,True,6.22
2026-04-30,5.94,6.07,5.82,5.85,468737381.0,2831507744.0,24327798048.0,0.019267562977757256,5.794,5.869000000000001,5.9864999999999995,6.128833333333334,20.7547164328942,139666996.6,6.187333333333333,True,True,6.22
2026-05-06,5.85,5.87,5.79,5.82,214075873.0,1270832447.0,24327798048.0,0.008799640336442175,5.8,5.848000000000001,5.970000000000001,6.122333333333334,21.568626858900373,145163359.6,6.1723333333333334,True,True,6.16
2026-05-07,5.83,5.9,5.81,5.82,264853926.0,1578171321.0,24327798048.0,0.010886884438839452,5.814,5.833,5.9565,6.1155,19.999999439999982,154332789.3,6.158166666666667,True,True,6.16
2026-05-08,5.83,5.83,5.75,5.76,210388705.0,1240605903.0,24327798048.0,0.008648078407461795,5.808,5.811999999999999,5.942,6.1085,19.607842599000335,161352036.8,6.146833333333333,True,True,6.16
2026-05-11,5.77,5.87,5.75,5.86,314882531.0,1864138227.0,24327798048.0,0.012943322300634054,5.822,5.808,5.9270000000000005,6.104166666666667,32.78688449341578,171099962.7,6.1365,True,True,6.16
2026-05-12,5.88,6.08,5.87,5.92,581322494.0,3526817452.0,24327798048.0,0.023895401172478525,5.836,5.8149999999999995,5.92,6.1,41.269840352733674,194967598.55,6.128833333333334,True,True,6.16
2026-05-13,5.92,5.98,5.88,5.95,307077110.0,1858574042.0,24327798048.0,0.012622478589888037,5.862,5.831,5.9095,6.093333333333334,48.333332205555614,202864537.95,6.122333333333334,False,True,6.16
2026-05-14,5.94,6.0,5.88,5.9,284480744.0,1723145582.0,24327798048.0,0.011693649521370772,5.878,5.846,5.898999999999999,6.086833333333333,44.615383654437935,213149320.65,6.1155,False,False,6.12
2026-05-15,5.89,5.92,5.84,5.85,231437146.0,1388297462.0,24327798048.0,0.009513279645916271,5.896,5.851999999999999,5.8855,6.080333333333333,46.03174500881832,220192979.45,6.1085,False,False,6.12
2026-05-18,5.83,5.84,5.74,5.76,196162037.0,1155529011.0,24327798048.0,0.008063287791725424,5.876,5.849,5.869999999999999,6.0715,43.2835811851192,225477085.3,6.104166666666667,True,False,6.07
2026-05-19,5.76,5.83,5.74,5.79,197688341.0,1165862393.0,24327798048.0,0.00812602688537412,5.85,5.843,5.856,6.063333333333333,49.99999890625003,230723109.35,6.1,True,True,6.07
2026-05-20,5.77,5.78,5.66,5.67,217885682.0,1265662434.0,24327798048.0,0.008956243453275151,5.794,5.828,5.838,6.053333333333333,44.44444358024693,233847557.3,6.093333333333334,True,True,6.03
2026-05-21,5.67,5.7,5.62,5.62,237015869.0,1369849444.0,24327798048.0,0.009742594398899377,5.738,5.808,5.8205,6.0425,38.356163647964,237329897.7,6.086833333333333,True,True,5.97
2026-05-22,5.63,5.66,5.55,5.66,164793851.0,942538942.0,24327798048.0,0.006773890948734992,5.7,5.798,5.805000000000001,6.033833333333334,41.55844080283355,239598666.35,6.080333333333333,True,True,5.97
2026-05-25,5.66,5.7,5.62,5.65,124217680.0,715949969.0,24327798048.0,0.005105997663862225,5.678,5.777,5.7924999999999995,6.022333333333333,36.111110408950694,235851188.3,6.0715,True,True,5.95
2026-05-26,5.66,5.71,5.62,5.68,235613438.0,1361159405.0,24327798048.0,0.009684947134760102,5.656000000000001,5.753,5.784000000000001,6.0125,40.277776994598746,238145702.7,6.063333333333333,True,True,5.95
2026-05-27,5.67,5.7,5.6,5.66,186897179.0,1076794361.0,24327798048.0,0.007682453571475817,5.654000000000001,5.723999999999999,5.7775,6.003166666666668,39.1891884477721,241252738.9,6.053333333333333,True,True,5.95
2026-05-28,5.65,5.67,5.6,5.62,128862231.0,740584918.0,24327798048.0,0.005296913051717552,5.654,5.696,5.771,5.994166666666667,40.277776994598796,241779440.05,6.0425,True,True,5.95
2026-05-29,5.62,5.7,5.6,5.66,303171701.0,1748993513.0,24327798048.0,0.012461945812022387,5.654,5.677,5.7645,5.985833333333333,34.84848410927455,249549777.3,6.033833333333334,True,True,5.95
2026-06-01,5.66,5.67,5.59,5.66,200878404.0,1156269088.0,24327798048.0,0.008257155193563206,5.656,5.667,5.758,5.977666666666667,28.33333267222224,253522116.15,6.022333333333333,True,True,5.95
2026-06-02,5.65,5.67,5.54,5.58,250562508.0,1430461065.0,24327798048.0,0.010299432258753021,5.636000000000001,5.646,5.7445,5.9701666666666675,21.538461074556196,242613372.5,6.0125,True,True,5.95
2026-06-03,5.56,5.6,5.54,5.56,208939237.0,1186062325.0,24327798048.0,0.00858849767610501,5.6160000000000005,5.635,5.7315,5.960666666666667,22.58064465140474,242356540.7,6.003166666666668,True,True,5.95
2026-06-04,5.55,5.59,5.48,5.53,209861926.0,1185076754.0,24327798048.0,0.008626425029751217,5.598000000000001,5.6259999999999994,5.7170000000000005,5.949833333333333,23.333332788888896,239606940.7,5.994166666666667,True,True,5.95
2026-06-05,5.53,5.66,5.51,5.55,264754484.0,1507486177.0,24327798048.0,0.010882796851471133,5.5760000000000005,5.615,5.7065,5.9399999999999995,30.188678447846172,242325229.65,5.985833333333333,True,True,5.95
2026-06-08,5.5,5.54,5.42,5.46,189898375.0,1061778304.0,24327798048.0,0.007805818456126638,5.536,5.596,5.6865000000000006,5.928333333333333,22.0338977822464,236076021.85,5.977666666666667,True,True,5.95
2026-06-09,5.47,5.51,5.42,5.5,119021094.0,664772592.0,24327798048.0,0.004892390744331453,5.52,5.578,5.6655,5.915499999999999,33.333332418300614,212960951.85,5.9701666666666675,True,True,5.95
2026-06-10,5.5,5.54,5.46,5.54,156472408.0,877461990.0,24327798048.0,0.0064318360293550555,5.516,5.566000000000001,5.645,5.9025,41.999998823999995,205430716.75,5.960666666666667,True,True,5.95
2026-06-11,5.52,5.62,5.51,5.6,183483460.0,1043770356.0,24327798048.0,0.007542131829521836,5.529999999999999,5.564,5.630000000000001,5.891000000000001,44.230768039940784,200380852.55,5.949833333333333,True,True,5.9
2026-06-12,5.59,5.7,5.58,5.65,243516028.0,1405565724.0,24327798048.0,0.010009785000661808,5.55,5.563000000000001,5.619999999999999,5.8805,49.99999875000003,200984796.65,5.9399999999999995,True,True,5.85
2026-06-15,5.66,5.7,5.59,5.65,172836010.0,993879041.0,24327798048.0,0.007104465832007715,5.588,5.561999999999999,5.6145000000000005,5.870500000000001,47.16981007475979,199818495.3,5.928333333333333,False,True,5.79
2026-06-16,5.64,5.66,5.59,5.61,123317593.0,706829230.0,24327798048.0,0.005068999370871463,5.61,5.5649999999999995,5.6055,5.860333333333333,45.454544297520705,196099957.9,5.915499999999999,False,False,5.79
2026-06-17,5.59,5.64,5.52,5.62,195414857.0,1111279422.0,24327798048.0,0.008032574777809172,5.6259999999999994,5.571000000000001,5.603,5.852,49.99999865384619,194976416.65,5.9025,False,False,5.68
2026-06-18,5.59,5.6,5.45,5.49,187679490.0,1053965822.0,24327798048.0,0.007714610653611095,5.604000000000001,5.567,5.5965,5.840333333333334,36.06557294275734,192509597.7,5.891000000000001,False,False,5.68
2026-06-22,5.49,5.57,5.39,5.56,216322848.0,1210341868.0,24327798048.0,0.008892002785175372,5.586,5.568,5.5915,5.833166666666667,42.6470579455017,195086047.55,5.8805,True,False,5.68
2026-06-23,5.55,5.63,5.31,5.32,324324092.0,1806874972.0,24327798048.0,0.013331419940271283,5.5200000000000005,5.554,5.575,5.820333333333333,34.52380894841268,205091368.15,5.870500000000001,True,True,5.68
2026-06-24,5.33,5.35,5.15,5.16,274628155.0,1463153850.0,24327798048.0,0.01128865647676557,5.430000000000001,5.52,5.549,5.8025,29.591836311953344,207042104.0,5.860333333333333,True,True,5.68
2026-06-25,5.15,5.29,5.13,5.2,231143663.0,1230582275.0,24327798048.0,0.00950121595649313,5.346,5.486,5.526000000000001,5.7865,33.33333286195284,209254428.2,5.852,True,True,5.66
2026-06-26,5.2,5.23,5.11,5.12,163780334.0,862255015.0,24327798048.0,0.006732230088265816,5.272,5.438000000000001,5.5009999999999994,5.769166666666667,29.523809130158725,211000333.35,5.840333333333334,True,True,5.66
2026-06-29,5.1,5.19,5.02,5.17,195358584.0,1022251167.0,24327798048.0,0.008030261662586455,5.194,5.39,5.4765,5.755666666666667,35.64356386236642,205609677.5,5.833166666666667,True,True,5.66
2026-06-30,5.16,5.17,5.05,5.1,169629171.0,880673525.0,24327798048.0,0.0069726479422968285,5.15,5.335,5.4485,5.737166666666667,30.769230355029563,204047215.85,5.820333333333333,True,True,5.66
2026-07-01,5.12,5.27,5.1,5.2,209251952.0,1109067738.0,24327798048.0,0.008601351901521672,5.1579999999999995,5.294,5.4295,5.720166666666667,34.545454105785126,201981688.05,5.8025,True,True,5.65
2026-07-02,5.23,5.27,5.18,5.22,211151067.0,1128200817.0,24327798048.0,0.00867941548114581,5.162,5.254,5.4125,5.704666666666667,32.07547127447491,202092279.55,5.7865,True,True,5.65
2026-07-03,5.22,5.31,5.2,5.25,177833669.0,954002548.0,24327798048.0,0.007309895809276491,5.188,5.23,5.3985,5.690666666666667,30.769230355029563,200490866.7,5.769166666666667,True,True,5.65
2026-07-06,5.24,5.36,5.23,5.33,188654473.0,1023528569.0,24327798048.0,0.007754687564726368,5.220000000000001,5.207,5.3875,5.6786666666666665,35.71428526785712,196685866.15,5.755666666666667,True,True,5.65
2026-07-07,5.33,5.36,5.25,5.28,122419222.0,661797833.0,24327798048.0,0.005032071614474132,5.256,5.203,5.3785,5.664000000000001,35.39822964993341,193311908.5,5.737166666666667,True,True,5.65
2026-07-08,5.26,5.33,5.21,5.3,126897330.0,684106602.0,24327798048.0,0.005216145322713754,5.276,5.2170000000000005,5.3685,5.651333333333333,35.964911839027366,193705720.3,5.720166666666667,True,True,5.65
2026-07-09,5.29,5.31,5.2,5.29,145908483.0,782038477.0,24327798048.0,0.005997603347089409,5.290000000000001,5.226,5.356,5.636833333333333,40.19607787966165,193177524.05,5.704666666666667,True,True,5.65
2026-07-10,5.27,5.41,5.24,5.39,173527130.0,947752309.0,24327798048.0,0.007132874486117569,5.318,5.253,5.3454999999999995,5.624833333333333,41.904761346031755,192679707.55,5.690666666666667,True,True,5.65
2026-07-13,5.37,5.41,5.27,5.33,178961268.0,973152626.0,24327798048.0,0.007356246037841164,5.318,5.269,5.3295,5.611666666666667,50.57471182983221,189451969.55,5.6786666666666665,False,True,5.65
2026-07-14,5.3,5.41,5.27,5.4,131089160.0,715178698.0,24327798048.0,0.005388451504791117,5.3420000000000005,5.299,5.317,5.6005,65.3846142110454,187364627.05,5.664000000000001,False,False,5.65
2026-07-15,5.39,5.5,5.37,5.49,149774042.0,835059933.0,24327798048.0,0.006156498081104097,5.380000000000001,5.328,5.311,5.590833333333333,67.46987838002616,188687449.5,5.651333333333333,False,False,5.62
2026-07-16,5.47,5.53,5.43,5.5,126723493.0,708899318.0,24327798048.0,0.00520899971094663,5.422,5.356,5.305,5.582,74.9999986184211,185252881.3,5.636833333333333,False,False,5.62
2026-07-17,5.47,5.61,5.47,5.54,234769516.0,1332280674.0,24327798048.0,0.009650257517626036,5.452,5.385,5.3075,5.574833333333332,74.66666527288895,187607382.6,5.624833333333333,False,False,5.56
2026-07-20,5.57,5.92,5.56,5.91,538468807.0,3197414952.0,24327798048.0,0.022133890043709394,5.568,5.443,5.325,5.573833333333334,88.57142739047627,203714680.55,5.611666666666667,False,False,5.56
2026-07-21,5.91,5.99,5.82,5.87,386945207.0,2328962404.0,24327798048.0,0.01590547595949856,5.662000000000001,5.502,5.352500000000001,5.573333333333334,83.8383826527906,206845736.3,5.6005,False,False,5.91
2026-07-22,5.87,5.89,5.77,5.87,229343384.0,1368044136.0,24327798048.0,0.009427215054461308,5.7379999999999995,5.559,5.388,5.573666666666667,83.5051534339463,204581497.75,5.590833333333333,False,False,5.91
2026-07-23,5.83,5.9,5.8,5.88,148429159.0,887879644.0,24327798048.0,0.006101216341369721,5.814,5.618,5.422000000000001,5.575166666666666,83.15789351135741,200445772.55,5.582,False,False,5.91
2026-07-24,5.87,5.9,5.81,5.82,118098456.0,706284991.0,24327798048.0,0.004854465487052533,5.87,5.661,5.457,5.576333333333333,76.34408487223965,198161678.65,5.574833333333332,False,False,5.91
2026-07-27,5.78,5.86,5.78,5.8,122693242.0,727435314.0,24327798048.0,0.005043335272593101,5.848000000000001,5.708,5.4885,5.5765,78.88888766172843,194528411.55,5.573833333333334,False,False,5.91
2026-07-28,5.79,5.89,5.74,5.88,167975950.0,998587094.0,24327798048.0,0.006904691894785331,5.85,5.755999999999999,5.527500000000001,5.578,80.20833216362853,194445750.5,5.573333333333334,False,False,5.91
2026-07-29,5.87,6.08,5.86,6.05,265993210.0,1629675192.0,24327798048.0,0.010933714982144363,5.886,5.812,5.57,5.581333333333333,83.92857037946432,197282813.4,5.573666666666667,False,False,5.91
2026-07-30,6.05,6.22,6.04,6.2,290796811.0,1822581121.0,24327798048.0,0.011953272977120366,5.95,5.882,5.619000000000001,5.587666666666666,84.61538360289288,201265100.6,5.575166666666666,False,False,6.05
2026-07-31,6.13,6.16,6.04,6.04,232095829.0,1443312661.0,24327798048.0,0.009540354969326158,5.994,5.932,5.6585,5.591333333333334,77.95275504619009,203978208.6,5.576333333333333,False,False,6.2
2026-08-03,6.06,6.16,6.06,6.1,177120264.0,1104966563.0,24327798048.0,0.007280571124872567,6.054,5.951,5.697000000000001,5.5969999999999995,77.77777691358023,203401498.15,5.5765,False,False,6.2
2026-08-04,6.1,6.12,5.9,5.91,223017409.0,1353119555.0,24327798048.0,0.009167184327984603,6.06,5.955,5.7285,5.597833333333333,65.44117579692909,208431407.5,5.578,False,False,6.2
2026-08-05,5.91,5.93,5.81,5.83,180798527.0,1077874969.0,24327798048.0,0.007431767011682487,6.016,5.951,5.755,5.596333333333334,61.5384609359871,211126467.35,5.581333333333333,False,False,6.2
2026-08-06,5.84,5.86,5.74,5.81,158006832.0,934020770.0,24327798048.0,0.0064949088975600824,5.938,5.944000000000001,5.781000000000001,5.593999999999999,59.57446749358683,211731384.8,5.587666666666666,False,False,6.2
2026-08-07,5.79,5.81,5.71,5.76,144224921.0,847165116.0,24327798048.0,0.0059284001254629294,5.882,5.938000000000001,5.7995,5.591666666666667,43.11926550122042,210266274.35,5.591333333333334,False,False,6.2
