日期,开盘,最高,最低,收盘,成交量,amount,outstanding_share,turnover,MA5,MA10,MA20,MA60,RSI14,Vol_MA20,MA60_prev5,MA20_break_1,MA20_break_2,High_20
2021-04-13,17.58,18.18,17.58,17.82,10576950.0,188853923.0,945834325.0,0.011182666689538889,19.588,19.724,19.336000000000002,19.3215,41.98782955498685,10837553.15,19.44,True,False,21.02
2021-04-14,17.96,18.0,16.85,17.59,10238514.0,178004319.0,945834325.0,0.010824849267338654,19.022,19.598,19.274,19.241333333333333,42.288048969148846,10896467.2,19.421166666666668,True,True,21.02
2021-04-15,17.59,18.54,17.08,17.89,9925900.0,178118235.0,945834325.0,0.01049433260946625,18.4,19.410000000000004,19.2015,19.166333333333334,45.820433370331685,11027805.55,19.422833333333333,True,True,21.02
2021-04-16,17.89,18.32,17.71,18.18,5269987.0,95220786.0,945834325.0,0.005571786581122439,17.962,19.317,19.192,19.099666666666668,45.48286597749115,10903869.9,19.431333333333335,True,True,21.02
2021-04-19,18.19,18.77,17.94,18.42,12622302.0,232065204.0,945834325.0,0.013345151118299708,17.98,19.057000000000002,19.186500000000002,19.055500000000002,44.67860899625917,11266310.7,19.389333333333333,True,True,21.02
2021-04-20,18.28,18.5,18.03,18.17,7801909.0,141518143.0,945834325.0,0.00824870571281075,18.05,18.819,19.1585,19.014499999999998,46.28820953624072,11315016.15,19.3215,True,True,21.02
2021-04-21,17.9,18.05,16.66,17.08,23913574.0,410414347.0,945834325.0,0.0252830473243821,17.948,18.485,19.0425,18.953333333333333,35.584137138458956,12183215.5,19.241333333333333,True,True,21.02
2021-04-22,17.09,17.24,16.6,16.84,12571302.0,212589530.0,945834325.0,0.013291230469987437,17.738,18.069000000000003,18.929499999999997,18.904333333333334,37.26150386962278,12584113.2,19.166333333333334,True,True,21.02
2021-04-23,16.89,17.04,16.7,16.81,6985507.0,117871055.0,945834325.0,0.007385550318233587,17.464,17.713,18.835,18.8525,20.0568989643248,12704718.25,19.099666666666668,True,True,21.02
2021-04-26,16.79,17.52,16.28,17.28,14726736.0,249351208.0,945834325.0,0.015570101032228873,17.236,17.607999999999997,18.7465,18.791833333333333,26.742531952433097,13245090.05,19.055500000000002,True,True,21.02
2021-04-27,17.0,17.26,16.53,16.82,8789000.0,147922456.0,945834325.0,0.009292325059148177,16.965999999999998,17.508000000000003,18.616,18.725833333333338,25.543478212281443,13463645.05,19.014499999999998,True,True,21.02
2021-04-28,16.97,16.99,16.57,16.62,7253000.0,121560643.0,945834325.0,0.007668362004096225,16.874000000000002,17.411,18.5045,18.659499999999998,18.62464179645491,13534295.05,18.953333333333333,True,True,21.02
2021-04-29,16.64,16.82,15.91,16.18,14039455.0,228900483.0,945834325.0,0.014843461089234629,16.742,17.240000000000002,18.325,18.603,19.145802611481443,13725147.4,18.904333333333334,True,True,21.02
2021-04-30,16.25,16.35,15.22,15.75,13918828.0,218612358.0,945834325.0,0.014715926068764738,16.53,16.997,18.157000000000004,18.546333333333333,25.096525028696703,12933000.75,18.8525,True,True,21.02
2021-05-06,16.0,16.41,15.66,16.21,8181067.0,130907105.0,945834325.0,0.008649577186786914,16.316,16.776,17.9165,18.509500000000003,34.307992109101036,12428198.95,18.791833333333333,True,True,21.02
2021-05-07,16.16,16.45,15.88,15.88,4846400.0,78319567.0,945834325.0,0.005123941764325375,16.128,16.547,17.683,18.4825,33.652007558101744,11465229.4,18.725833333333338,True,True,21.0
2021-05-10,15.83,15.83,15.25,15.47,9171407.0,141403997.0,945834325.0,0.009696631595602115,15.898000000000001,16.386,17.4355,18.463166666666666,27.340823898357428,11336980.1,18.659499999999998,True,True,21.0
2021-05-11,15.2,15.73,15.13,15.57,6861300.0,105934007.0,945834325.0,0.007254230279705698,15.776,16.259,17.164,18.431666666666665,24.660194107719903,10942029.95,18.603,True,True,21.0
2021-05-12,15.6,15.6,15.18,15.27,6217544.0,95276032.0,945834325.0,0.006573607909609328,15.680000000000001,16.105,16.909,18.3865,19.76967365129073,10664513.95,18.546333333333333,True,True,20.37
2021-05-13,15.1,15.55,14.91,15.06,8389680.0,127422308.0,945834325.0,0.008870136955539227,15.45,15.883,16.7455,18.347500000000004,19.92263050697936,10115018.1,18.509500000000003,True,True,18.42
2021-05-14,15.0,15.7,14.75,15.4,8762978.0,133685783.0,945834325.0,0.00926481284129755,15.354000000000003,15.741,16.6245,18.308666666666667,30.995475014946493,10024319.5,18.4825,True,True,18.42
2021-05-17,15.44,15.75,15.18,15.37,7475819.0,115241460.0,945834325.0,0.00790394131657254,15.334,15.616,16.5135,18.266666666666666,32.54156758774778,9886184.75,18.463166666666666,True,True,18.42
2021-05-18,15.25,16.19,15.12,15.77,12711116.0,200056373.0,945834325.0,0.013439051284166495,15.373999999999999,15.575,16.407500000000002,18.21966666666667,38.64628809147425,10025445.55,18.431666666666665,True,True,18.42
2021-05-19,15.84,16.12,15.55,15.85,6903088.0,109669692.0,945834325.0,0.007298411378758114,15.49,15.585000000000003,16.291,18.174666666666667,32.93556074914133,10107100.6,18.3865,True,True,18.42
2021-05-20,15.88,16.08,15.52,15.9,7000439.0,110542058.0,945834325.0,0.007401337438245329,15.657999999999998,15.553999999999998,16.165,18.115166666666667,37.83068769057418,9826007.45,18.347500000000004,True,True,18.42
2021-05-21,15.9,16.12,15.72,15.9,6040500.0,96319736.0,945834325.0,0.006386425022162311,15.758,15.556000000000001,16.051499999999997,18.05566666666667,39.94413392200618,9737937.0,18.308666666666667,True,True,18.17
2021-05-24,15.93,16.29,15.57,15.58,7071506.0,112162979.0,945834325.0,0.007476474275767059,15.8,15.567000000000002,15.976499999999998,17.991833333333332,41.32947960155704,8895833.6,18.266666666666666,True,True,17.28
2021-05-25,15.6,16.01,15.41,15.75,7093000.0,111661811.0,945834325.0,0.007499199185861646,15.796000000000001,15.584999999999999,15.922,17.933,49.999999781250004,8621918.5,18.21966666666667,True,True,17.28
2021-05-26,15.91,15.95,15.5,15.52,6766831.0,106110809.0,945834325.0,0.007154351265481933,15.73,15.61,15.857500000000002,17.868333333333332,38.38383820290446,8610984.7,18.174666666666667,True,True,17.28
2021-05-27,15.55,15.65,15.28,15.34,5056600.0,77859882.0,945834325.0,0.005346179416781052,15.618,15.638,15.760499999999999,17.796333333333333,40.42553171419948,8127477.9,18.115166666666667,True,True,17.28
2021-05-28,15.34,15.45,15.2,15.27,4396095.0,67200733.0,945834325.0,0.004647848871418364,15.491999999999999,15.625,15.682999999999998,17.734333333333332,45.967741675988535,7907832.65,18.05566666666667,True,True,16.82
2021-05-31,15.29,15.6,14.6,15.58,11184535.0,169783078.0,945834325.0,0.011825046632770491,15.492,15.645999999999997,15.631,17.666999999999998,50.18587334475754,8104409.4,17.991833333333332,True,True,16.62
2021-06-01,15.57,16.1,15.47,15.57,9201448.0,144905702.0,945834325.0,0.009728392971993271,15.456,15.626000000000001,15.6005,17.597666666666665,56.24999967187502,7862509.05,17.933,True,True,16.21
2021-06-02,15.55,15.59,14.89,14.89,8990709.0,136466860.0,945834325.0,0.009505585452293666,15.330000000000002,15.529999999999998,15.5575,17.5155,47.03832729667716,7616103.1,17.868333333333332,True,True,16.21
2021-06-03,14.8,14.87,14.2,14.8,16827067.0,244228292.0,945834325.0,0.017790712977137937,15.222,15.420000000000002,15.487,17.436333333333334,38.54961811462039,8048403.1,17.796333333333333,True,True,16.21
2021-06-04,14.61,14.95,14.5,14.81,7407232.0,109275118.0,945834325.0,0.007831426502733446,15.13,15.311000000000002,15.4335,17.350833333333334,39.230769019526655,8176444.7,17.734333333333332,True,True,15.9
2021-06-07,14.92,16.09,14.92,15.71,16589821.0,257173132.0,945834325.0,0.017539880464794932,15.156,15.324000000000002,15.4455,17.297,49.03225784308015,8547365.4,17.666999999999998,True,True,15.9
2021-06-08,15.77,15.98,15.54,15.9,7872002.0,124260549.0,945834325.0,0.008322812771676477,15.222,15.338999999999999,15.462,17.262166666666666,50.77881597791172,8597900.5,17.597666666666665,False,True,15.9
2021-06-09,16.1,16.15,15.58,15.94,8639941.0,137050149.0,945834325.0,0.009134729805878001,15.431999999999999,15.381,15.495500000000002,17.240833333333335,50.624999778515615,8719020.35,17.5155,False,False,15.9
2021-06-10,15.99,15.99,15.65,15.8,5261483.0,83049498.0,945834325.0,0.005562795577333271,15.632000000000001,15.427000000000001,15.532500000000002,17.213166666666666,48.50299380867009,8562610.5,17.436333333333334,False,False,15.94
2021-06-11,15.81,15.85,15.11,15.27,7723782.0,119446824.0,945834325.0,0.00816610456593442,15.724,15.427000000000001,15.526,17.162166666666668,45.633802636937105,8510650.7,17.350833333333334,False,False,15.94
2021-06-15,15.05,15.33,14.77,14.93,7563202.0,113005871.0,945834325.0,0.007996328532483742,15.568000000000001,15.361999999999998,15.504000000000001,17.097166666666666,38.97849447696265,8515019.85,17.297,True,False,15.94
2021-06-16,14.9,14.9,14.33,14.37,7024500.0,102336536.0,945834325.0,0.007426776354304968,15.262,15.241999999999999,15.434000000000001,17.014333333333333,35.802469012040845,8230689.05,17.262166666666666,True,True,15.94
2021-06-17,14.5,14.52,14.13,14.19,6280400.0,89795753.0,945834325.0,0.006640063522752782,14.912,15.172,15.351000000000003,16.944666666666667,35.802469012040845,8199554.65,17.240833333333335,True,True,15.94
2021-06-18,14.21,15.15,13.87,15.07,15713714.0,230682489.0,945834325.0,0.016613600907325922,14.766,15.199000000000002,15.3095,16.886999999999997,47.942386693170086,8635218.4,17.213166666666666,True,True,15.94
2021-06-21,15.0,16.32,14.9,15.93,16115751.0,255098976.0,945834325.0,0.017038661607042014,14.898,15.310999999999998,15.311000000000002,16.840333333333334,53.23475032434631,9138980.95,17.162166666666668,True,True,15.94
2021-06-22,15.94,16.29,15.55,15.79,11603000.0,184029216.0,945834325.0,0.01226747612484882,15.069999999999999,15.318999999999999,15.3215,16.780166666666666,51.985559435415546,9365555.65,17.097166666666666,False,True,15.94
2021-06-23,15.89,16.0,15.7,15.78,8179908.0,129494215.0,945834325.0,0.008648351813622328,15.351999999999999,15.306999999999999,15.323000000000002,16.724833333333333,59.137576832048026,9419901.05,17.014333333333333,False,False,15.94
2021-06-24,15.78,15.91,15.26,15.44,7106302.0,110190580.0,945834325.0,0.007513262959662623,15.602,15.257000000000001,15.318999999999999,16.6705,56.2499998461914,9436874.6,16.944666666666667,False,False,15.94
2021-06-25,15.43,15.78,15.23,15.48,7530347.0,116739289.0,945834325.0,0.007961592005026885,15.684000000000001,15.225,15.325999999999999,16.611,56.50485421532661,9560561.95,16.886999999999997,False,False,15.94
2021-06-28,15.52,15.65,15.23,15.4,6699600.0,102985043.0,945834325.0,0.007083270106527377,15.578,15.238,15.332500000000001,16.543833333333332,46.420323175546294,9675737.2,16.840333333333334,False,False,15.94
2021-06-29,15.4,15.49,14.65,14.67,8564900.0,128025420.0,945834325.0,0.00905539138685837,15.354,15.212,15.287,16.474166666666665,37.371663136919246,9544755.45,16.780166666666666,False,False,15.94
2021-06-30,14.67,14.89,14.5,14.59,5941500.0,87152030.0,628631202.0,0.009451487583016917,15.116,15.234,15.238,16.387833333333333,36.25254572147951,9381758.05,16.724833333333333,True,False,15.94
2021-07-01,14.6,14.75,14.1,14.1,7025148.0,100663060.0,628631202.0,0.011175309112321154,14.848000000000003,15.225,15.198500000000001,16.304333333333332,33.84030409244026,9283480.0,16.6705,True,True,15.94
2021-07-02,14.08,14.39,13.89,13.99,5692201.0,80194157.0,628631202.0,0.009054913249438102,14.55,15.116999999999999,15.157999999999998,16.187166666666666,36.7768593977529,8726736.7,16.611,True,True,15.94
2021-07-05,14.06,14.16,13.58,13.67,7958002.0,109700896.0,628631202.0,0.01265925390703085,14.203999999999999,14.891,15.100999999999999,16.0725,36.929460473648874,8754275.2,16.543833333333332,True,True,15.94
2021-07-06,13.67,13.73,13.0,13.14,12860131.0,170704121.0,628631202.0,0.02045735394470604,13.898,14.626,14.9725,15.951166666666666,37.16075145715022,8567790.7,16.474166666666665,True,True,15.94
2021-07-07,13.2,14.15,13.08,14.0,12253004.0,167918610.0,628631202.0,0.019491561922184066,13.780000000000001,14.448000000000002,14.877499999999998,15.834499999999998,48.26325398981983,8786840.8,16.387833333333333,True,True,15.94
2021-07-08,14.03,14.53,13.69,14.25,13040356.0,185032309.0,628631202.0,0.020744048272678645,13.809999999999999,14.328999999999999,14.792999999999997,15.732499999999998,41.528925499709715,9006861.55,16.304333333333332,True,True,15.94
2021-07-09,14.03,14.35,13.65,13.69,9808800.0,136318509.0,628631202.0,0.01560342529736537,13.75,14.15,14.687499999999996,15.655166666666668,25.33039639765957,9234227.4,16.187166666666666,True,True,15.93
2021-07-12,13.85,14.1,13.6,13.76,8232901.0,114077572.0,628631202.0,0.013096551640782222,13.768,13.985999999999999,14.612,15.5875,27.293064791475857,9259683.35,16.0725,True,True,15.93
2021-07-13,13.8,13.8,13.3,13.45,8380100.0,113427254.0,628631202.0,0.01333070960101659,13.829999999999998,13.864,14.538,15.5185,25.57651984107521,9300528.25,15.951166666666666,True,True,15.93
2021-07-14,13.48,13.48,13.18,13.22,5735597.0,76159087.0,628631202.0,0.009123945775761859,13.673999999999998,13.727,14.480499999999997,15.440666666666665,26.180257432076488,9236083.1,15.834499999999998,True,True,15.93
2021-07-15,13.22,13.4,13.12,13.16,6913687.0,91594391.0,628631202.0,0.010998001655030799,13.456,13.633000000000001,14.428999999999998,15.357,25.213675138249684,9267747.45,15.732499999999998,True,True,15.93
2021-07-16,13.09,13.9,13.05,13.61,13844203.0,187531747.0,628631202.0,0.022022774173401594,13.440000000000001,13.594999999999999,14.356,15.276833333333334,32.277227633290835,9174271.9,15.655166666666668,True,True,15.93
2021-07-19,13.67,14.05,13.22,13.32,9317500.0,126189007.0,628631202.0,0.014821885980772555,13.352,13.559999999999999,14.2255,15.196,35.35791746312128,8834359.35,15.5875,True,True,15.93
2021-07-20,13.2,13.78,13.11,13.72,9377888.0,126457249.0,628631202.0,0.014917948663960845,13.406,13.618,14.122,15.140000000000002,41.17647047130414,8723103.75,15.5185,True,True,15.79
2021-07-21,13.72,13.95,13.6,13.85,7598400.0,104715730.0,628631202.0,0.01208721421371636,13.532,13.603,14.0255,15.090166666666667,47.26477009590661,8694028.35,15.440666666666665,True,True,15.78
2021-07-22,13.96,13.98,13.63,13.71,7638500.0,105126706.0,628631202.0,0.012151003602267901,13.642000000000001,13.549000000000001,13.938999999999998,15.038499999999999,46.95652159621929,8720638.25,15.357,True,True,15.48
2021-07-23,13.71,14.9,13.66,14.4,19593903.0,281552322.0,628631202.0,0.0311691544066882,13.8,13.62,13.885000000000002,14.990499999999999,57.34406422478535,9323816.05,15.276833333333334,True,True,15.48
2021-07-26,14.29,14.77,14.18,14.52,14615502.0,212252551.0,628631202.0,0.023249724088623906,14.040000000000001,13.696000000000002,13.841,14.952166666666669,65.13157874740305,9719611.15,15.196,False,True,15.4
2021-07-27,14.4,14.6,14.03,14.05,13423629.0,192213443.0,628631202.0,0.021353742794332376,14.106,13.756,13.809999999999999,14.909333333333334,50.59952021381457,9962547.6,15.140000000000002,False,False,14.67
2021-07-28,13.92,13.94,13.07,13.2,13619617.0,181822854.0,628631202.0,0.021665512237809666,13.975999999999999,13.754000000000001,13.7405,14.859666666666666,38.99371057737693,10346453.45,15.090166666666667,False,False,14.59
2021-07-29,13.36,14.2,13.07,13.97,11246103.0,154469489.0,628631202.0,0.017889826283233073,14.028,13.834999999999999,13.734,14.83,52.811244831454346,10557501.2,15.038499999999999,True,False,14.52
2021-07-30,13.98,14.18,13.66,14.14,14005314.0,195147368.0,628631202.0,0.022279062756417237,13.975999999999999,13.888,13.741500000000002,14.795499999999999,53.74015733221217,10973156.85,14.990499999999999,False,True,14.52
2021-08-02,14.16,14.62,14.01,14.46,13582819.0,195743530.0,628631202.0,0.02160697553157726,13.964000000000002,14.002,13.781,14.771833333333332,59.921414373497115,11254397.7,14.952166666666669,False,False,14.52
2021-08-03,14.49,14.65,13.8,13.83,11038813.0,156678972.0,628631202.0,0.01756007809488273,13.920000000000002,14.013,13.8155,14.7445,55.55555541388382,11163331.8,14.909333333333334,False,False,14.52
2021-08-04,14.03,14.34,13.92,14.22,9776479.0,138686636.0,628631202.0,0.0155520104138897,14.124,14.05,13.826500000000001,14.722,59.10652906744135,11039505.55,14.859666666666666,False,False,14.52
2021-08-05,14.26,15.64,13.86,15.64,34343795.0,505001019.0,628631202.0,0.054632660438639825,14.458000000000002,14.243,13.896,14.728166666666668,64.94845347433309,12104677.5,14.83,False,False,14.52
2021-08-06,15.24,15.64,14.92,15.05,28365023.0,431329593.0,628631202.0,0.04512188213018418,14.64,14.308000000000002,13.964000000000002,14.728,62.200281964625674,13032488.65,14.795499999999999,False,False,15.64
2021-08-09,15.16,15.41,14.81,15.15,13859774.0,209018446.0,628631202.0,0.022047543863404986,14.778,14.370999999999999,14.033499999999998,14.723833333333333,60.53019133322199,13313832.3,14.771833333333332,False,False,15.64
2021-08-10,15.15,15.85,15.12,15.52,19700324.0,303705326.0,628631202.0,0.03133844444456958,15.116000000000003,14.518,14.137,14.726333333333333,61.877667017597815,13879843.5,14.7445,False,False,15.64
2021-08-11,15.41,15.83,15.13,15.72,18323644.0,284874416.0,628631202.0,0.02914847996997769,15.416,14.770000000000001,14.262,14.7255,64.1748940904868,14509245.85,14.722,False,False,15.64
2021-08-12,15.72,16.3,15.61,15.95,16607743.0,265799091.0,628631202.0,0.026418897037185245,15.478,14.967999999999998,14.401499999999999,14.727166666666667,61.68929097079183,14993948.65,14.728166666666668,False,False,15.72
2021-08-13,15.85,16.63,15.8,16.33,18179267.0,295924830.0,628631202.0,0.028918811128309217,15.734,15.187000000000001,14.5375,14.734333333333332,63.13497810103196,15210701.85,14.728,False,False,15.95
2021-08-16,16.39,17.15,16.11,17.01,20072872.0,336141646.0,628631202.0,0.03193107808861196,16.106,15.441999999999998,14.722,14.752833333333333,70.8450702828407,15748470.45,14.723833333333333,False,False,16.33
2021-08-17,16.93,17.35,16.3,16.35,22933590.0,384145075.0,628631202.0,0.03648178761575376,16.272,15.694000000000003,14.853500000000002,14.765666666666666,72.79305339810381,16426255.55,14.726333333333333,False,False,17.01
2021-08-18,16.33,17.25,15.91,17.02,18726706.0,313009151.0,628631202.0,0.02978965399811637,16.532,15.974,15.012,14.786833333333332,72.39353876453603,16982670.85,14.7255,False,False,17.01
2021-08-19,17.0,17.26,16.76,17.14,15722292.0,267619627.0,628631202.0,0.025010358935381,16.77,16.124000000000002,15.1835,14.813833333333333,72.18934896292146,17386860.45,14.727166666666667,False,False,17.02
2021-08-20,17.14,17.2,16.63,17.15,13126400.0,222908009.0,628631202.0,0.020880923438477368,16.934,16.333999999999996,15.320999999999998,14.844,70.85271302450573,17063485.3,14.734333333333332,False,False,17.14
2021-08-23,17.18,17.92,17.15,17.72,14637104.0,259089022.0,628631202.0,0.023284087639035136,17.076,16.591,15.481,14.884833333333331,80.43818448730288,17064565.4,14.752833333333333,False,False,17.15
2021-08-24,17.42,18.48,16.86,18.11,22844655.0,407832376.0,628631202.0,0.036340313569099614,17.428,16.85,15.684000000000001,14.927,80.43818448730288,17535616.7,14.765666666666666,False,False,17.72
2021-08-25,17.93,18.4,17.67,17.83,12559688.0,225889124.0,628631202.0,0.01997942189321999,17.59,17.061,15.9155,14.964666666666666,70.85714266819045,17482620.25,14.786833333333332,False,False,18.11
2021-08-26,17.73,18.08,17.47,17.74,11448407.0,203856028.0,628631202.0,0.01821164295309669,17.71,17.240000000000002,16.104,15.012166666666667,78.3157892428587,17492735.45,14.813833333333333,False,False,18.11
2021-08-27,17.74,17.86,17.03,17.7,12023812.0,211064222.0,628631202.0,0.019126972956076717,17.82,17.377,16.282,15.060500000000001,77.18550083569359,17393660.35,14.844,False,False,18.11
2021-08-30,17.71,18.21,16.03,16.9,29404186.0,501888245.0,628631202.0,0.046774938797899505,17.656,17.366,16.404,15.095333333333334,63.476562326431264,18184728.7,14.884833333333331,False,False,18.11
2021-08-31,16.7,17.2,16.26,16.35,16897768.0,281409650.0,628631202.0,0.02688025657371045,17.304,17.365999999999996,16.53,15.105999999999998,55.75868358672366,18477676.45,14.927,False,False,18.11
2021-09-01,16.39,16.39,15.52,15.91,16970695.0,271148868.0,628631202.0,0.026996265769194193,16.919999999999998,17.255000000000003,16.6145,15.106166666666667,49.64788720157212,18837387.25,14.964666666666666,True,False,18.11
2021-09-02,15.88,17.32,15.66,16.58,19609732.0,326585532.0,628631202.0,0.031194334512208956,16.688,17.198999999999998,16.6615,15.116833333333334,52.093802222895604,18100684.1,15.012166666666667,True,True,18.11
2021-09-03,16.58,16.79,16.07,16.51,13116900.0,215228598.0,628631202.0,0.020865811239194582,16.45,17.134999999999998,16.7345,15.128666666666668,45.33582077710792,17338277.95,15.060500000000001,True,True,18.11
2021-09-06,16.58,16.88,16.1,16.77,11708976.0,192917093.0,628631202.0,0.018626145127298342,16.424,17.04,16.8155,15.153666666666668,54.233870814662446,17230738.05,15.095333333333334,True,True,18.11
2021-09-07,16.75,17.05,16.57,16.83,10614978.0,178412643.0,628631202.0,0.01688585925456497,16.52,16.912,16.881,15.185333333333334,47.8160918001321,16776470.75,15.105999999999998,True,True,18.11
2021-09-08,16.8,17.7,16.75,17.1,15506269.0,266225027.0,628631202.0,0.02466671865899523,16.758000000000003,16.839000000000002,16.95,15.230833333333333,49.555555401382726,16635602.0,15.106166666666667,True,True,18.11
2021-09-09,16.9,17.09,16.25,16.53,15673700.0,258633776.0,628631202.0,0.02493306083142847,16.748,16.718,16.979000000000003,15.269833333333333,43.8735176651721,16588899.85,15.116833333333334,False,True,18.11
2021-09-10,16.47,16.65,16.2,16.21,10077167.0,165253253.0,628631202.0,0.016030332201041463,16.688,16.569000000000003,16.973,15.288833333333335,34.30353420369033,16183794.85,15.128666666666668,True,False,18.11
2021-09-13,16.21,16.21,15.52,15.59,15989967.0,252326561.0,628631202.0,0.025436165034646182,16.452,16.438,16.901999999999997,15.283166666666666,24.999999930555532,15979649.6,15.153666666666668,True,True,18.11
2021-09-14,15.7,15.75,15.11,15.2,12136644.0,187200295.0,628631202.0,0.019306461342337253,16.126,16.323,16.8445,15.273333333333333,24.46601935096615,15439802.3,15.185333333333334,True,True,18.11
2021-09-15,15.12,15.52,15.11,15.25,10817604.0,165216532.0,628631202.0,0.017208188148446376,15.756,16.256999999999998,16.756,15.2645,25.636007757553003,15044347.2,15.230833333333333,True,True,18.11
2021-09-16,15.27,15.91,15.0,15.23,14677079.0,225808025.0,628631202.0,0.023347678182859273,15.495999999999999,16.122,16.6605,15.261,25.736738632551194,14992086.55,15.269833333333333,True,True,18.11
2021-09-17,15.26,15.35,14.74,14.92,8917241.0,134060637.0,628631202.0,0.014185170846801206,15.238,15.963,16.549,15.251666666666667,28.47826078289225,14781628.6,15.288833333333335,True,True,18.11
2021-09-22,14.92,15.33,14.69,14.93,8934913.0,134347279.0,628631202.0,0.014213282718982822,15.106,15.779,16.4095,15.243833333333333,32.51231515882451,14496519.05,15.283166666666666,True,True,18.11
2021-09-23,15.06,15.28,14.85,15.09,7493463.0,112897537.0,628631202.0,0.011920284860438729,15.084,15.604999999999999,16.258499999999998,15.250833333333334,39.15343900842641,13728959.45,15.273333333333333,True,True,18.11
2021-09-24,14.99,14.99,14.42,14.64,10022410.0,146610021.0,628631202.0,0.015943227075133314,14.962,15.359,16.099,15.251666666666667,22.752808899286734,13602095.55,15.2645,True,True,17.83
2021-09-27,14.6,14.89,13.81,14.16,8222113.0,117005060.0,628631202.0,0.013079390545428256,14.748,15.122,15.919999999999998,15.252666666666666,20.403022598074983,13440780.85,15.261,True,True,17.74
2021-09-28,14.14,14.38,13.99,14.26,4556500.0,64797340.0,628631202.0,0.007248288003368945,14.616,14.926999999999998,15.748,15.257166666666667,17.060367391379273,13067415.25,15.251666666666667,True,True,17.7
2021-09-29,14.07,14.12,13.66,13.88,5701100.0,78875244.0,628631202.0,0.009069069403271523,14.406,14.756,15.597,15.260666666666667,14.28571423728819,11882260.95,15.243833333333333,True,True,17.1
2021-09-30,13.87,14.03,13.68,13.86,4666700.0,64603433.0,628631202.0,0.007423589515049239,14.16,14.622,15.4725,15.272666666666668,8.247422650653618,11270707.55,15.250833333333334,True,True,17.1
2021-10-08,13.86,14.19,13.81,13.91,4439801.0,61918820.0,628631202.0,0.007062648156621408,14.014000000000001,14.488,15.372499999999999,15.271166666666666,11.011904716021832,10644162.85,15.251666666666667,True,True,17.1
2021-10-11,14.03,14.3,13.82,14.02,5602162.0,78970982.0,628631202.0,0.008911683006151515,13.985999999999999,14.367,15.244499999999999,15.267333333333335,15.238095170370372,9943784.35,15.252666666666666,True,True,17.1
2021-10-12,14.05,14.1,13.5,13.71,5254035.0,72015645.0,628631202.0,0.008357897258812808,13.876,14.245999999999999,15.104499999999998,15.267666666666665,16.901408367387432,9550641.1,15.257166666666667,True,True,17.1
2021-10-13,13.7,13.75,13.45,13.71,3836602.0,52309399.0,628631202.0,0.00610310463081341,13.841999999999999,14.124,14.951500000000001,15.266833333333333,19.591836622740544,9157022.4,15.260666666666667,True,True,17.1
2021-10-14,13.69,14.05,13.6,14.0,4321901.0,60078459.0,628631202.0,0.006875097809732963,13.87,14.015,14.809999999999999,15.276000000000002,26.76579911720401,8842368.55,15.272666666666668,True,True,17.1
2021-10-15,14.08,14.57,13.92,14.48,7341936.0,105592631.0,628631202.0,0.011679242100362686,13.984,13.999,14.679000000000002,15.297,38.09523792592592,8434151.9,15.271166666666666,True,True,17.1
2021-10-18,14.59,14.8,14.41,14.64,6794000.0,99415443.0,628631202.0,0.01080760862391937,14.108,14.047,14.5845,15.321666666666667,45.333333121777784,7990166.9,15.267333333333335,True,True,16.53
2021-10-19,14.6,14.72,14.35,14.37,4702691.0,68224829.0,628631202.0,0.00748084247972152,14.24,14.058000000000002,14.492500000000001,15.334333333333335,41.41104276694644,7721443.1,15.267666666666665,False,True,16.21
2021-10-20,14.36,14.63,14.28,14.42,5341435.0,77199131.0,628631202.0,0.008496929492214419,14.382,14.112,14.433999999999997,15.352666666666666,39.36507919012347,7189016.5,15.266833333333333,True,False,15.59
2021-10-21,14.3,14.41,13.66,13.83,8179569.0,114171439.0,628631202.0,0.01301171334476649,14.347999999999999,14.109,14.3655,15.3545,37.68996944448037,6991162.75,15.276000000000002,True,True,15.25
2021-10-22,13.96,13.96,13.5,13.6,5000469.0,68248936.0,628631202.0,0.007954535161619293,14.172,14.078,14.282999999999998,15.350333333333335,40.789473496364266,6700306.0,15.297,True,True,15.25
2021-10-25,13.6,13.77,13.01,13.29,11372148.0,150627932.0,628631202.0,0.018090333352559232,13.902000000000001,14.005,14.186000000000002,15.343333333333334,35.07692292582249,6535059.45,15.321666666666667,True,True,15.23
2021-10-26,13.15,13.62,13.07,13.3,9068600.0,120584631.0,628631202.0,0.014425946359563615,13.687999999999999,13.963999999999999,14.105,15.325,39.930555361448704,6542627.4,15.334333333333335,True,True,15.09
2021-10-27,13.35,13.41,13.09,13.32,7848701.0,104110275.0,628631202.0,0.012485382486630054,13.468,13.925,14.0245,15.305000000000001,40.624999802517394,6488316.8,15.352666666666666,True,True,15.09
2021-10-28,13.21,13.45,12.97,13.03,11108700.0,146313233.0,628631202.0,0.017671251386595983,13.308000000000002,13.828,13.9215,15.288,35.897435736357664,6669078.65,15.3545,True,True,15.09
2021-10-29,12.96,13.74,12.88,13.71,12436537.0,166039523.0,628631202.0,0.019783518477022716,13.330000000000002,13.751,13.875,15.2965,45.79945782081508,6789785.0,15.350333333333335,True,True,14.64
2021-11-01,13.4,15.08,13.31,14.69,31944784.0,464045625.0,628631202.0,0.05081641493194606,13.61,13.756,13.901500000000002,15.3085,61.238531913454224,7975918.55,15.343333333333334,True,True,14.64
2021-11-02,14.75,15.15,14.3,14.58,18626641.0,273948197.0,628631202.0,0.02963047481693408,13.866,13.776999999999997,13.9175,15.315833333333334,59.7315434370824,8679425.6,15.325,False,True,14.69
2021-11-03,14.54,14.57,13.74,14.01,14316959.0,201377942.0,628631202.0,0.022774814476994414,14.004,13.735999999999999,13.924000000000001,15.308333333333334,50.10526301021606,9110218.55,15.305000000000001,False,False,14.69
2021-11-04,14.01,15.26,13.98,14.95,21552863.0,316674719.0,628631202.0,0.0342853853442674,14.388,13.847999999999999,13.9785,15.327,54.510556475403476,9954526.7,15.288,False,False,14.69
2021-11-05,14.81,15.3,14.7,15.17,19750679.0,296976645.0,628631202.0,0.03141854705455743,14.680000000000001,14.005,14.0415,15.342833333333335,55.028462851916785,10720070.6,15.2965,False,False,14.95
2021-11-08,15.12,15.75,14.9,15.58,16274996.0,249881925.0,628631202.0,0.025889577145106455,14.857999999999999,14.234,14.119499999999999,15.341833333333334,61.18299429638412,11253712.3,15.3085,False,False,15.17
2021-11-09,15.55,15.81,15.23,15.56,12706258.0,197056080.0,628631202.0,0.02021257926678606,15.053999999999998,14.460000000000003,14.212,15.350333333333333,60.59479538135183,11626323.45,15.315833333333334,False,False,15.58
2021-11-10,15.57,16.02,15.3,15.4,12023336.0,187785675.0,628631202.0,0.01912621575535476,15.331999999999999,14.667999999999997,14.2965,15.3545,65.85858567231915,12035660.15,15.308333333333334,False,False,15.58
2021-11-11,15.22,15.5,14.93,15.07,12727516.0,192412745.0,628631202.0,0.020246395596507472,15.356,14.872,14.35,15.347000000000001,64.5544552665817,12455940.9,15.327,False,False,15.58
2021-11-12,15.18,16.32,15.18,16.09,21510981.0,341215830.0,628631202.0,0.034218761225281974,15.539999999999997,15.110000000000003,14.430499999999999,15.353166666666668,74.30555537495178,13164393.15,15.342833333333335,False,False,15.58
2021-11-15,16.3,16.78,15.89,16.15,19969523.0,325057029.0,628631202.0,0.03176667485875129,15.654,15.256,14.506,15.3565,74.5266779615536,13823169.3,15.341833333333334,False,False,16.09
2021-11-16,16.0,17.2,15.94,16.25,24800700.0,412425275.0,628631202.0,0.03945190744763573,15.791999999999998,15.422999999999998,14.6,15.355166666666667,74.87266535683916,14828069.75,15.350333333333333,False,False,16.15
2021-11-17,16.62,17.88,16.47,17.67,62370617.0,1089137400.0,628631202.0,0.09921654668359907,16.246,15.789000000000001,14.7625,15.366166666666667,83.04843288280941,17679528.85,15.3545,False,False,16.25
2021-11-18,17.49,17.96,17.24,17.75,28106715.0,495016301.0,628631202.0,0.04471097665941182,16.782,16.069,14.958499999999997,15.3895,81.46417427718093,18675886.15,15.347000000000001,False,False,17.67
2021-11-19,17.78,18.25,17.63,17.74,22188770.0,397328084.0,628631202.0,0.035296959376827114,17.112000000000002,16.326,15.1655,15.4015,77.98165117582694,19535301.2,15.353166666666668,False,False,17.75
2021-11-22,17.95,18.36,17.45,18.16,26881449.0,481450504.0,628631202.0,0.0427618751892624,17.514,16.583999999999996,15.409,15.418499999999998,81.0763886918282,20310766.25,15.3565,False,False,17.75
2021-11-23,18.3,18.48,17.41,17.8,22308267.0,395604780.0,628631202.0,0.035487050163952885,17.823999999999998,16.808,15.634,15.429333333333334,84.14414393188864,20972749.6,15.355166666666667,False,False,18.16
2021-11-24,17.69,18.36,17.1,17.95,26972474.0,476318723.0,628631202.0,0.04290667391975876,17.88,17.063,15.8655,15.433166666666665,81.51260480227384,21928938.25,15.366166666666667,False,False,18.16
2021-11-25,17.7,18.12,17.34,17.55,17311202.0,307351860.0,628631202.0,0.027537929941950288,17.84,17.311,16.091500000000003,15.423833333333334,74.08906861594193,22239063.35,15.3895,False,False,18.16
2021-11-26,17.64,19.0,17.4,18.09,24431233.0,448486553.0,628631202.0,0.03886417492843443,17.91,17.511,16.310499999999998,15.428166666666668,74.75345147010881,22838798.15,15.4015,False,False,18.16
2021-11-29,17.92,18.58,17.7,18.31,16582473.0,303632686.0,628631202.0,0.02637869858709304,17.94,17.727,16.4915,15.437666666666667,76.09108139178839,22070682.6,15.418499999999998,False,False,18.16
2021-11-30,18.56,18.99,18.17,18.54,19393739.0,359419866.0,628631202.0,0.030850741958557762,18.088,17.956,16.689500000000002,15.451666666666664,79.40074885550365,22109037.5,15.429333333333334,False,False,18.31
2021-12-01,18.54,18.65,18.0,18.36,12199602.0,223334365.0,628631202.0,0.01940661227312099,18.169999999999998,18.025,16.907,15.475999999999999,81.69556818039732,22003169.65,15.433166666666665,False,False,18.54
2021-12-02,18.3,18.7,18.07,18.52,13474400.0,248097956.0,628631202.0,0.02143450715957303,18.363999999999997,18.101999999999997,17.085500000000003,15.512166666666667,78.06004593698832,21599246.5,15.423833333333334,False,False,18.54
2021-12-03,18.65,19.19,17.98,18.88,31463793.0,584995948.0,628631202.0,0.050051274737711794,18.522,18.216,17.271,15.561666666666666,79.48164122834926,22184902.2,15.428166666666668,False,False,18.54
2021-12-06,18.66,19.88,18.59,19.26,27189156.0,523012590.0,628631202.0,0.04325136250554741,18.712,18.326,17.455000000000002,15.606333333333334,80.65173093093195,22730610.2,15.437666666666667,False,False,18.88
2021-12-07,19.12,19.5,17.95,17.95,20864667.0,387059767.0,628631202.0,0.033190632176097426,18.594,18.341,17.5745,15.630333333333333,52.916666512326366,23138530.65,15.451666666666664,False,False,19.26
2021-12-08,18.05,19.56,17.61,19.45,29843255.0,551868364.0,628631202.0,0.047473391242835575,18.812,18.490999999999996,17.776999999999997,15.675,63.66559471200669,24029526.6,15.475999999999999,False,False,19.26
2021-12-09,19.46,19.99,19.02,19.46,19613853.0,383159146.0,628631202.0,0.031200890025182046,19.0,18.682,17.9965,15.718833333333333,63.826366415824914,24373843.45,15.512166666666667,False,False,19.45
2021-12-10,19.12,20.3,18.85,19.64,24730421.0,485405313.0,628631202.0,0.039340110578857335,19.151999999999997,18.837,18.174,15.761166666666666,62.37458179377188,24534815.45,15.561666666666666,False,False,19.46
2021-12-13,19.75,19.94,19.21,19.27,14159634.0,276269296.0,628631202.0,0.022524548503082418,19.154000000000003,18.933,18.33,15.806833333333335,62.27045060571179,24244321.0,15.606333333333334,False,False,19.64
2021-12-14,19.45,19.87,18.99,19.63,20290490.0,393371563.0,628631202.0,0.03227725562371942,19.490000000000002,19.042,18.499,15.863833333333334,63.548386953277834,24018810.5,15.630333333333333,False,False,19.64
2021-12-15,19.44,19.79,19.0,19.58,14296258.0,277241136.0,628631202.0,0.02274188419937832,19.516,19.163999999999998,18.5945,15.930333333333332,67.3504271892468,21615092.55,15.675,False,False,19.64
2021-12-16,19.75,19.86,19.4,19.52,8472786.0,166114461.0,628631202.0,0.013478150580250708,19.528,19.264000000000003,18.683,16.002333333333333,63.3147111943378,20633396.1,15.718833333333333,False,False,19.64
2021-12-17,19.48,19.65,19.09,19.15,10569421.0,204702817.0,628631202.0,0.016813389100593833,19.43,19.291,18.7535,16.067333333333334,57.60869550606489,20052428.65,15.761166666666666,False,False,19.64
2021-12-20,19.26,19.28,18.19,18.36,12509550.0,233038701.0,628631202.0,0.019899664477678918,19.247999999999998,19.201,18.7635,16.1195,48.51973673038219,19333833.7,15.806833333333335,False,False,19.64
2021-12-21,18.49,18.67,18.0,18.4,11574354.0,212887380.0,628631202.0,0.01841199412815656,19.002,19.246000000000002,18.793499999999998,16.1775,50.33670021806164,18797138.05,15.863833333333334,True,False,19.64
2021-12-22,18.28,19.64,18.07,19.3,16934500.0,322231508.0,628631202.0,0.026938688289926786,18.945999999999998,19.230999999999998,18.860999999999997,16.250333333333334,55.83832323626699,18295239.35,15.930333333333332,True,True,19.64
2021-12-23,19.2,19.75,19.12,19.49,10441400.0,203093383.0,628631202.0,0.016609738693816857,18.94,19.234,18.958,16.323666666666664,54.6850997287878,17951749.25,16.002333333333333,False,True,19.64
2021-12-24,19.46,20.36,19.3,19.96,20224340.0,401230625.0,628631202.0,0.03217202699397667,19.101999999999997,19.266,19.051499999999997,16.412333333333333,55.303030185720836,17741404.6,16.067333333333334,False,False,19.64
2021-12-27,19.8,20.37,19.32,19.5,12945320.0,255075925.0,628631202.0,0.020592869012569313,19.33,19.289,19.110999999999997,16.501333333333335,63.47826071500945,17559546.95,16.1195,False,False,19.96
2021-12-28,19.2,20.17,19.1,20.07,15018220.0,295590206.0,628631202.0,0.023890350896072766,19.664,19.333,19.187499999999996,16.598166666666668,56.43153510580052,17340771.0,16.1775,False,False,19.96
2021-12-29,19.9,20.6,19.73,20.51,18381623.0,371917446.0,628631202.0,0.02924071051757943,19.906,19.426,19.295,16.708666666666666,59.99999984,17649872.05,16.250333333333334,False,False,20.07
2021-12-30,20.35,21.56,20.21,21.41,24107870.0,511732790.0,628631202.0,0.03834978270773139,20.29,19.615,19.4395,16.834500000000002,64.8241204509987,18181545.55,16.323666666666664,False,False,20.51
2021-12-31,21.26,22.73,21.26,21.89,21007823.0,464219996.0,628631202.0,0.033418358702468606,20.676000000000002,19.889000000000003,19.589999999999996,16.9675,71.54605246683475,17658747.05,16.412333333333333,False,False,21.41
2022-01-04,21.8,22.56,21.38,21.7,16709904.0,364649065.0,628631202.0,0.026581410446756666,21.116000000000003,20.223,19.712,17.0955,67.5126901954014,17134784.45,16.501333333333335,False,False,21.89
2022-01-05,21.72,21.8,20.05,20.26,25400202.0,523130325.0,628631202.0,0.04040556994178599,21.154,20.409,19.8275,17.204666666666665,54.65753414175269,17361561.2,16.598166666666668,False,False,21.89
2022-01-06,20.27,20.3,18.82,19.99,19028491.0,372547997.0,628631202.0,0.03026972084659584,21.05,20.478,19.8545,17.30933333333333,53.12916101946627,16820823.0,16.708666666666666,False,False,21.89
2022-01-07,19.9,20.14,19.46,19.5,10886828.0,214964562.0,628631202.0,0.017318306767725476,20.668,20.479,19.8565,17.401,52.293577885699854,16384471.75,16.834500000000002,False,False,21.89
2022-01-10,19.74,20.3,19.31,19.92,10396917.0,206756994.0,628631202.0,0.016538977013743586,20.274,20.475,19.8705,17.491666666666667,60.743801535755765,15667796.55,16.9675,True,False,21.89
2022-01-11,19.81,19.95,18.15,18.56,18513033.0,349479503.0,628631202.0,0.029449752002605814,19.646,20.381,19.835,17.557000000000002,50.932400849294446,15885466.5,17.0955,False,True,21.89
2022-01-12,18.7,19.71,18.35,19.35,15527000.0,297790919.0,628631202.0,0.024699696659345904,19.464000000000002,20.309,19.821,17.639999999999997,50.295159302935986,15647292.0,17.204666666666665,True,False,21.89
2022-01-13,19.35,19.42,18.36,18.46,10683704.0,200222932.0,628631202.0,0.016995185676450086,19.158,20.104000000000003,19.765,17.70733333333333,44.38386034663316,15466664.3,17.30933333333333,True,True,21.89
2022-01-14,18.38,19.31,18.23,18.99,10744587.0,203457873.0,628631202.0,0.0170920357847589,19.056,19.862000000000002,19.7385,17.793333333333333,44.745395381751294,15580254.35,17.401,True,True,21.89
2022-01-17,18.84,20.18,18.84,19.74,13657600.0,270079855.0,628631202.0,0.021725933992057873,19.020000000000003,19.647,19.768,17.895666666666667,51.26050412629757,15734663.3,17.491666666666667,True,True,21.89
2022-01-18,19.62,19.87,19.37,19.59,7832700.0,153613777.0,628631202.0,0.012459928770764388,19.226,19.436,19.8295,18.00066666666667,47.36263728977176,15500820.8,17.557000000000002,True,True,21.89
2022-01-19,19.59,19.7,18.01,18.26,17053962.0,316262206.0,628631202.0,0.027128723400528885,19.008,19.235999999999997,19.8225,18.083333333333332,38.73873868445022,15774801.2,17.639999999999997,True,True,21.89
2022-01-20,18.0,18.4,16.45,17.0,30081306.0,518085180.0,628631202.0,0.04785207273246357,18.716,18.937,19.707500000000003,18.14466666666667,28.695652135097674,16432141.5,17.70733333333333,True,True,21.89
2022-01-21,16.98,17.57,16.37,16.88,24796693.0,414637903.0,628631202.0,0.03944553328105403,18.294,18.675,19.577,18.208833333333335,24.924924889995097,17149906.15,17.793333333333333,True,True,21.89
2022-01-24,16.9,18.23,16.9,18.15,23998256.0,423781430.0,628631202.0,0.03817541338013317,17.976,18.497999999999998,19.4865,18.282833333333333,33.965672947107564,17338601.95,17.895666666666667,True,True,21.89
2022-01-25,18.99,19.79,17.68,17.72,45041700.0,844279654.0,628631202.0,0.07165043646688095,17.601999999999997,18.413999999999998,19.3975,18.333333333333332,37.375745474824996,18943420.95,18.00066666666667,True,True,21.89
2022-01-26,17.76,18.48,17.09,17.43,15979984.0,281794848.0,628631202.0,0.025420284499336702,17.436,18.222,19.2655,18.38083333333333,37.301587249779544,18991509.15,18.083333333333332,True,True,21.89
2022-01-27,17.43,17.62,16.73,16.8,12531066.0,212882405.0,628631202.0,0.019933891222917693,17.396,18.055999999999997,19.08,18.427333333333333,36.79060660322227,18698981.3,18.14466666666667,True,True,21.89
2022-01-28,16.91,17.45,16.18,16.76,15414211.0,259749365.0,628631202.0,0.024520276675671596,17.371999999999996,17.833000000000002,18.8475,18.4575,33.9430893826013,18264298.35,18.208833333333335,True,True,21.89
2022-02-07,16.99,17.16,15.54,15.68,20995502.0,337298171.0,628631202.0,0.033398758975377744,16.878,17.427,18.537,18.465999999999998,34.93723844256053,18263682.3,18.282833333333333,True,True,21.89
2022-02-08,15.68,15.74,14.68,15.0,27378186.0,410056204.0,628631202.0,0.04355206345611842,16.334,16.968,18.201999999999998,18.45633333333333,26.98412694415049,18797096.4,18.333333333333332,True,True,21.7
2022-02-09,14.9,15.23,14.6,15.18,18308531.0,273714009.0,628631202.0,0.02912443884705551,15.884000000000004,16.66,17.948,18.45,31.235697890469112,18442512.85,18.38083333333333,True,True,20.26
2022-02-10,15.1,15.19,14.75,14.85,8335357.0,124097635.0,628631202.0,0.013259534323910317,15.494,16.445,17.691,18.44083333333333,25.76112407954851,17907856.15,18.427333333333333,True,True,19.99
2022-02-11,14.79,14.82,14.27,14.6,15043229.0,219124987.0,628631202.0,0.02393013415837415,15.062000000000001,16.217000000000002,17.445999999999998,18.433,18.034825839242828,18115676.2,18.4575,True,True,19.92
2022-02-14,14.65,15.31,14.5,14.81,13172883.0,196743038.0,628631202.0,0.02095486663418912,14.888,15.883000000000001,17.1905,18.41166666666667,20.4938271250724,18254474.5,18.465999999999998,True,True,19.92
2022-02-15,14.95,15.61,14.68,15.5,18847759.0,287192931.0,628631202.0,0.02998222000440888,14.988,15.661000000000001,17.0375,18.40083333333333,31.501340423455915,18271210.8,18.45633333333333,True,True,19.74
2022-02-16,15.56,15.65,15.19,15.26,9515591.0,146525670.0,628631202.0,0.015137000787943708,15.004,15.443999999999999,16.833,18.384333333333334,36.49068315048609,17970640.35,18.45,True,True,19.74
2022-02-17,15.25,15.35,14.94,14.98,9489550.0,143475293.0,628631202.0,0.015095575863572868,15.030000000000001,15.262,16.659,18.339499999999997,35.6060605305326,17910932.65,18.44083333333333,True,True,19.74
2022-02-18,15.05,16.48,14.98,16.04,36212296.0,581941988.0,628631202.0,0.05760499301464836,15.318000000000001,15.189999999999998,16.5115,18.310999999999996,33.48982778265139,19184318.1,18.433,True,True,19.74
2022-02-21,16.0,16.65,15.75,16.45,22886272.0,372894373.0,628631202.0,0.036406516137262944,15.646,15.267,16.347,18.289499999999997,40.03139708627323,19645751.7,18.41166666666667,True,True,19.74
2022-02-22,16.35,16.58,16.05,16.3,12027160.0,195109395.0,628631202.0,0.019132298813255535,15.806000000000001,15.397000000000002,16.1825,18.2585,40.930979041246594,19855474.7,18.40083333333333,False,True,19.59
2022-02-23,16.27,17.28,16.27,17.26,15861525.0,267967831.0,628631202.0,0.025231844918827302,16.206,15.605,16.1325,18.2495,53.50609744678579,19795852.85,18.384333333333334,False,False,18.26
2022-02-24,17.08,17.37,16.35,16.87,15873081.0,267323620.0,628631202.0,0.025250227716186447,16.584000000000003,15.807000000000002,16.125999999999998,18.2315,50.795947798676806,19085441.6,18.339499999999997,False,False,18.15
2022-02-25,17.0,17.23,16.61,16.86,12196780.0,206050806.0,628631202.0,0.019402123154555095,16.748,16.032999999999998,16.125,18.220000000000002,60.102739581945485,18455445.95,18.310999999999996,False,False,18.15
2022-02-28,17.01,17.66,16.74,17.15,13314442.0,229190523.0,628631202.0,0.021180052720322973,16.887999999999998,16.267,16.075,18.204333333333334,69.72477046309231,17921255.25,18.289499999999997,False,False,18.15
2022-03-01,17.21,17.46,17.01,17.45,8198984.0,141563944.0,628631202.0,0.013042597907827044,17.118000000000002,16.461999999999996,16.0615,18.19,70.37701957176333,16079119.45,18.2585,False,False,17.72
2022-03-02,17.32,17.62,17.02,17.06,8981723.0,155189467.0,628631202.0,0.014287746092501467,17.077999999999996,16.642,16.043,18.165333333333333,69.62699805066109,15729206.4,18.2495,False,False,17.45
2022-03-03,17.07,17.23,16.77,16.8,7494438.0,127114476.0,628631202.0,0.011921835849312487,17.064,16.824,16.043,18.139333333333333,69.50354592676426,15477375.0,18.2315,False,False,17.45
2022-03-04,16.76,17.05,16.4,16.55,8485996.0,141226582.0,628631202.0,0.013499164491042874,17.002000000000002,16.875,16.032500000000002,18.106499999999997,65.31690124745835,15130964.25,18.220000000000002,False,False,17.45
2022-03-07,16.42,16.55,15.76,16.26,13731811.0,222138774.0,628631202.0,0.021843985720581525,16.824,16.856,16.061500000000002,18.062833333333334,57.196969545311084,14767779.7,18.204333333333334,False,False,17.45
2022-03-08,16.3,16.35,15.11,15.2,13049536.0,202936628.0,628631202.0,0.02075865142945927,16.374000000000002,16.746,16.0715,17.995166666666666,49.5081966076861,14051347.2,18.19,False,False,17.45
2022-03-09,15.33,15.52,14.09,14.93,12406601.0,184489412.0,628631202.0,0.019735897550945937,15.947999999999999,16.512999999999998,16.059,17.944833333333335,49.58949085480248,13756250.7,18.165333333333333,True,False,17.45
2022-03-10,15.37,15.7,15.0,15.5,11467600.0,176909816.0,628631202.0,0.018242174367921367,15.687999999999999,16.375999999999998,16.0915,17.879,45.17857131562501,13912862.85,18.139333333333333,True,True,17.45
2022-03-11,15.35,15.45,14.58,15.11,11493180.0,171888395.0,628631202.0,0.018282865952937537,15.4,16.201,16.117,17.806499999999996,37.99283144589613,13735360.4,18.106499999999997,True,True,17.45
2022-03-14,14.86,14.99,14.45,14.5,7845100.0,115476372.0,628631202.0,0.012479654167722969,15.047999999999998,15.936000000000002,16.1015,17.720833333333335,35.09933766698829,13468971.25,18.062833333333334,True,True,17.45
2022-03-15,14.48,14.63,13.7,13.8,10815692.0,153375878.0,628631202.0,0.01720514661949599,14.768,15.571000000000002,16.0165,17.629666666666665,20.06920410363861,13067367.9,17.995166666666666,True,True,17.45
2022-03-16,14.01,14.49,13.4,14.19,10398533.0,144747397.0,628631202.0,0.016541547678379478,14.62,15.284,15.963000000000003,17.538999999999998,26.816608931586046,13111515.0,17.944833333333335,True,True,17.45
2022-03-17,14.3,15.58,14.3,15.23,16405634.0,247152971.0,628631202.0,0.026097390565096384,14.565999999999999,15.127,15.9755,17.4665,38.03230535499967,13457319.2,17.879,True,True,17.45
2022-03-18,15.22,15.37,14.79,15.06,9811099.0,147114397.0,628631202.0,0.015607082449591804,14.556000000000001,14.978000000000003,15.926499999999999,17.392166666666665,34.37967107902611,12137259.35,17.806499999999996,True,True,17.45
2022-03-21,15.01,15.49,14.89,15.06,8796133.0,133820658.0,628631202.0,0.013992517348828637,14.668000000000001,14.857999999999999,15.857,17.324,31.298904469767663,11432752.4,17.720833333333335,True,True,17.45
2022-03-22,15.07,15.07,14.6,14.68,7213140.0,106443830.0,628631202.0,0.011474358856275797,14.844,14.806000000000001,15.776,17.262666666666668,31.34796231365651,11192051.4,17.629666666666665,True,True,17.45
2022-03-23,14.7,15.2,14.7,14.9,8472000.0,126792714.0,628631202.0,0.013476900244604784,14.986,14.803,15.657999999999998,17.204333333333334,35.01577279334056,10822575.15,17.538999999999998,True,True,17.45
2022-03-24,14.91,14.96,14.36,14.5,5665400.0,82343194.0,628631202.0,0.00901227934912464,14.84,14.703,15.539499999999999,17.124333333333333,34.20647142081809,10312191.1,17.4665,True,True,17.45
2022-03-25,14.44,14.61,14.0,14.12,9623862.0,137165703.0,628631202.0,0.015309233727790686,14.652000000000001,14.604000000000003,15.402499999999998,17.034833333333335,33.73860175192394,10183545.2,17.392166666666665,True,True,17.45
2022-03-28,14.0,14.05,13.7,13.84,7246900.0,100354795.0,628631202.0,0.011528062840253353,14.407999999999998,14.538000000000002,15.237,16.93283333333333,38.27586197657551,9880168.1,17.324,True,True,17.45
2022-03-29,13.85,14.54,13.85,14.05,10051200.0,142973059.0,628631202.0,0.015989024992749245,14.282,14.562999999999999,15.067000000000002,16.842,42.334494670264306,9972778.9,17.262666666666668,True,True,17.45
2022-03-30,14.05,14.42,14.05,14.28,9362900.0,133718473.0,628631202.0,0.014894106385766069,14.157999999999998,14.572,14.928,16.7455,38.70370360336076,9991837.75,17.204333333333334,True,True,17.06
2022-03-31,14.12,14.33,13.95,14.06,6688026.0,94172974.0,628631202.0,0.010639029654783187,14.069999999999999,14.454999999999998,14.791,16.638,39.96175897524578,9951517.15,17.124333333333333,True,True,16.8
2022-04-01,13.9,14.35,13.9,14.23,9468000.0,134347765.0,628631202.0,0.015061295032568237,14.092000000000002,14.372000000000003,14.675,16.51833333333333,47.18162825458397,10000617.35,17.034833333333335,True,True,16.55
2022-04-06,14.2,14.23,13.82,14.02,7930700.0,110883839.0,628631202.0,0.01261582303704995,14.128,14.268,14.562999999999999,16.387166666666666,52.55813936376419,9710561.8,16.93283333333333,True,True,16.26
2022-04-07,13.99,14.08,13.5,13.5,6429300.0,88220252.0,628631202.0,0.010227459247242393,14.018,14.15,14.478,16.250500000000002,42.212189482850874,9379550.0,16.842,True,True,15.5
2022-04-08,13.51,13.62,12.9,13.2,10785152.0,142685327.0,628631202.0,0.017156564875696386,13.802000000000001,13.98,14.391499999999999,16.132833333333334,22.493224846909172,9298477.55,16.7455,True,True,15.5
2022-04-11,13.1,13.39,12.69,12.81,10986565.0,143058687.0,628631202.0,0.017476964180343058,13.551999999999998,13.811000000000002,14.257,16.013166666666667,21.227621407369128,9274425.8,16.638,True,True,15.5
2022-04-12,12.52,13.61,12.52,13.61,17546379.0,232402188.0,628631202.0,0.027912039593605793,13.428,13.76,14.181999999999999,15.915000000000001,34.60721858078533,9577085.75,16.51833333333333,True,True,15.23
2022-04-13,13.42,13.5,12.97,12.99,9191200.0,121560902.0,628631202.0,0.01462097326820249,13.222,13.675,14.1065,15.799499999999998,32.929292836159576,9644390.75,16.387166666666666,True,True,15.23
2022-04-14,13.22,13.22,12.9,12.99,6511682.0,84739333.0,628631202.0,0.010358509057907056,13.12,13.568999999999999,14.065999999999999,15.706666666666667,29.809725070330614,9429190.25,16.250500000000002,True,True,15.23
2022-04-15,12.98,13.14,12.6,13.0,6445362.0,83035642.0,628631202.0,0.010253009999335032,13.080000000000002,13.440999999999999,14.006499999999999,15.600833333333332,32.718893903671756,9231531.7,16.132833333333334,True,True,15.23
2022-04-18,12.89,13.35,12.55,13.18,7359100.0,95486656.0,628631202.0,0.01170654586757213,13.154,13.353,13.904000000000002,15.512833333333333,38.64734286447758,8779205.0,16.013166666666667,True,True,15.23
2022-04-19,13.23,13.56,13.1,13.42,9007459.0,120254177.0,628631202.0,0.014328685835737438,13.116,13.272,13.822,15.419999999999998,44.87804862724568,8739023.0,15.915000000000001,True,True,15.06
2022-04-20,13.41,14.26,13.23,13.92,18474848.0,256764702.0,628631202.0,0.02938900891527812,13.301999999999998,13.262,13.765,15.323000000000002,48.51936203205669,9222958.75,15.799499999999998,True,True,15.06
2022-04-21,13.95,13.95,12.71,12.83,14099148.0,186303148.0,628631202.0,0.022428329925627842,13.270000000000001,13.195000000000002,13.6725,15.210333333333333,36.19047609396825,9567259.15,15.706666666666667,False,True,14.9
2022-04-22,12.71,13.64,12.46,13.36,14157120.0,185987629.0,628631202.0,0.022520549337924845,13.342000000000002,13.211000000000002,13.595499999999998,15.128666666666668,43.70503586117436,9851515.15,15.600833333333332,True,False,14.9
2022-04-25,13.1,13.1,12.02,12.02,15803856.0,196113083.0,628631202.0,0.025140107506149527,13.11,13.132,13.471499999999997,15.045666666666667,33.58098061365024,10358437.95,15.512833333333333,True,True,14.5
2022-04-26,12.01,12.08,10.82,10.9,14322080.0,162699161.0,628631202.0,0.022782960747786744,12.606,12.861,13.3105,14.946,29.581151778254423,10593348.85,15.419999999999998,True,True,14.28
2022-04-27,10.92,11.86,10.82,11.65,22271871.0,255529716.0,628631202.0,0.03542915294236381,12.152,12.727,13.200999999999999,14.837666666666667,38.24650564987914,11344597.4,15.323000000000002,True,True,14.28
2022-04-28,11.77,12.07,11.47,11.8,12762700.0,150046935.0,628631202.0,0.02030236481961963,11.946000000000002,12.608,13.0885,14.739,40.93264241281645,11480172.4,15.210333333333333,True,True,14.28
2022-04-29,11.8,12.98,11.71,12.87,21983380.0,276845032.0,628631202.0,0.034970233628333326,11.848,12.594999999999999,13.018,14.663,50.35714277321428,12111196.4,15.128666666666668,True,True,14.28
2022-05-05,12.86,14.16,12.72,13.92,29061858.0,399569027.0,628631202.0,0.04623037785515457,12.228,12.669,13.011000000000001,14.615,51.79190743062582,13229888.0,15.045666666666667,True,True,14.23
2022-05-06,13.55,14.22,13.34,14.06,23059155.0,318708841.0,628631202.0,0.03668153112132668,12.86,12.733,13.002500000000001,14.57,56.54834751631862,13909445.75,14.946,False,True,14.23
2022-05-09,13.98,15.13,13.95,15.09,24445847.0,363153913.0,628631202.0,0.03888742226320481,13.548000000000002,12.85,13.056000000000001,14.560166666666666,61.41304338480624,14735203.1,14.837666666666667,False,False,14.06
2022-05-10,14.74,15.4,14.72,14.9,24833056.0,373711900.0,628631202.0,0.03950337800763507,14.168000000000001,13.056999999999999,13.126,14.5585,60.12793167997963,15655390.9,14.739,False,False,15.09
2022-05-11,14.91,15.85,14.61,15.08,30711751.0,467892076.0,628631202.0,0.04885495804581459,14.61,13.229,13.219999999999999,14.556833333333334,60.12793167997963,16651720.85,14.663,False,False,15.09
2022-05-12,15.13,15.33,14.6,14.98,17027071.0,254166836.0,628631202.0,0.027085946332011692,14.822,13.525,13.3285,14.559,58.44155835301063,16953746.15,14.615,False,False,15.09
2022-05-13,15.04,15.26,14.73,14.85,12936499.0,192917629.0,628631202.0,0.020578836937845794,14.979999999999999,13.919999999999998,13.3905,14.563166666666666,55.24238999172565,16723252.15,14.57,False,False,15.09
2022-05-16,14.9,15.31,14.36,14.5,16942340.0,249652030.0,628631202.0,0.026951159831229633,14.862,14.204999999999998,13.466,14.558,60.27060260224005,17110809.15,14.560166666666666,False,False,15.09
2022-05-17,14.51,14.67,13.91,14.34,18372520.0,261794117.0,628631202.0,0.029226229849150884,14.75,14.459,13.533499999999998,14.538666666666668,56.314432888092526,17703851.05,14.5585,False,False,15.09
2022-05-18,14.32,15.38,14.21,15.08,22847100.0,340945605.0,628631202.0,0.03634420297196766,14.75,14.680000000000001,13.6375,14.535666666666666,71.36871494425112,18523937.95,14.556833333333334,False,False,15.09
2022-05-19,14.89,15.58,14.75,15.45,20945401.0,319272680.0,628631202.0,0.03331906041787598,14.844,14.832999999999998,13.751,14.5435,85.49141947006555,19203253.0,14.559,False,False,15.09
2022-05-20,15.55,15.77,15.23,15.4,14836734.0,228991614.0,628631202.0,0.0236016506224901,14.953999999999999,14.966999999999999,13.85,14.532833333333334,82.83712764278114,19494716.75,14.563166666666666,False,False,15.45
2022-05-23,15.4,15.66,14.92,15.59,19441648.0,297657535.0,628631202.0,0.03092695357491975,15.172,15.017,13.9335,14.5185,82.95652153714936,19543056.75,14.558,False,False,15.45
2022-05-24,15.59,16.5,15.3,15.49,32265170.0,513058087.0,628631202.0,0.05132607146662122,15.402000000000001,15.076000000000002,14.066500000000001,14.505,77.40585751387408,20451357.85,14.538666666666668,False,False,15.59
2022-05-25,15.53,17.04,15.41,17.04,44463071.0,726319085.0,628631202.0,0.07072997786069168,15.794,15.272,14.250499999999999,14.501333333333333,79.54545433453859,21966655.4,14.535666666666666,False,False,15.59
2022-05-26,16.91,17.66,16.68,17.1,32239262.0,551017685.0,628631202.0,0.05128485811304034,16.124000000000002,15.484,14.504500000000002,14.505166666666668,79.23076901745564,22788425.7,14.5435,False,False,17.04
2022-05-27,17.08,17.8,16.78,17.8,25022022.0,431012976.0,628631202.0,0.039803977149705655,16.604,15.779000000000002,14.8495,14.520833333333334,77.82340840050767,23323422.8,14.532833333333334,False,False,17.1
2022-05-30,18.01,18.8,17.6,18.04,27599500.0,497974254.0,628631202.0,0.0439041204321258,17.094,16.133000000000003,15.169,14.535666666666666,81.91056887261222,23589804.25,14.5185,False,False,17.8
2022-05-31,18.11,18.35,17.76,17.98,16076880.0,290193212.0,628631202.0,0.025574422568989823,17.592,16.497,15.478,14.5445,80.20833309939239,23755513.25,14.505,False,False,18.04
2022-06-01,17.76,18.6,17.73,18.48,23726181.0,432336039.0,628631202.0,0.037742607946463336,17.880000000000003,16.837,15.758500000000002,14.568166666666665,83.65384592862429,23842653.3,14.501333333333333,False,False,18.04
2022-06-02,18.21,18.53,17.58,17.66,23224295.0,420787645.0,628631202.0,0.036944228867596046,17.991999999999997,17.058,15.9455,14.582500000000001,73.85398963769852,23550775.15,14.505166666666668,False,False,18.48
2022-06-06,17.31,18.35,17.14,18.16,39858122.0,705488250.0,628631202.0,0.06340461923173836,18.064,17.334,16.1505,14.609333333333334,80.29801305891192,24390723.5,14.520833333333334,False,False,18.48
2022-06-07,18.1,18.67,17.6,18.58,25197822.0,457710076.0,628631202.0,0.04008363237432812,18.172000000000004,17.633,16.325,14.648000000000001,83.65079346490302,24428322.25,14.535666666666666,False,False,18.48
2022-06-08,18.3,19.57,18.13,19.57,25308495.0,475058661.0,628631202.0,0.040259686314456915,18.490000000000002,18.041,16.558500000000002,14.720833333333333,84.274808980176,24452094.2,14.5445,False,False,18.58
2022-06-09,19.31,20.12,18.88,19.41,23981101.0,470659382.0,628631202.0,0.03814812392974411,18.676,18.278,16.775,14.795499999999999,81.23028373229909,24115561.7,14.568166666666665,False,False,19.57
2022-06-10,19.1,20.42,19.1,19.35,26570720.0,523888822.0,628631202.0,0.042267580602847646,19.014000000000003,18.503,16.9935,14.859666666666667,81.10236202591608,24592744.15,14.582500000000001,False,False,19.57
2022-06-13,19.3,20.25,19.0,20.08,23388942.0,463170123.0,628631202.0,0.03720614237026052,19.398,18.731,17.255000000000003,14.9425,82.58345411376368,25115366.3,14.609333333333334,False,False,19.57
2022-06-14,19.8,20.49,19.23,20.3,21584359.0,429121448.0,628631202.0,0.034335487852542194,19.741999999999997,18.957,17.544999999999998,15.039166666666667,84.30813107270846,25347467.25,14.648000000000001,False,False,20.08
2022-06-15,20.3,21.17,19.73,19.75,17228911.0,351245342.0,628631202.0,0.027407024890247177,19.778,19.134,17.8155,15.138333333333332,72.54575690255565,25290286.8,14.720833333333333,False,False,20.3
2022-06-16,19.74,20.15,18.73,18.87,26644526.0,512221706.0,628631202.0,0.042384988074454504,19.67,19.173,18.005,15.216333333333333,62.957540134494074,25480158.1,14.795499999999999,False,False,20.3
2022-06-17,18.62,19.85,17.59,18.78,38907479.0,730387967.0,628631202.0,0.061892376446182194,19.556,19.285,18.1715,15.2755,57.87781337455155,26378262.0,14.859666666666667,False,False,20.3
2022-06-20,18.75,19.6,18.5,19.18,27491003.0,527868098.0,628631202.0,0.043731527981011674,19.375999999999998,19.387,18.360500000000002,15.344166666666666,58.93416914967425,27010975.45,14.9425,False,False,20.3
2022-06-21,19.18,19.29,18.22,19.08,23554180.0,441536841.0,628631202.0,0.03746899601079617,19.131999999999998,19.437,18.535,15.411166666666666,58.56697806543025,27216602.05,15.039166666666667,False,False,20.3
2022-06-22,19.01,19.68,18.95,19.19,19724043.0,382897348.0,628631202.0,0.031376175629284145,19.02,19.399,18.72,15.486333333333333,55.88723038434143,26589545.7,15.138333333333332,False,False,20.3
2022-06-23,19.23,19.7,18.64,19.63,19703616.0,378919929.0,628631202.0,0.031343681219310526,19.172,19.421,18.8495,15.565166666666666,67.43362815149189,25351572.95,15.216333333333333,False,False,20.3
2022-06-24,19.66,19.9,19.25,19.52,15569701.0,303834001.0,628631202.0,0.02476762360898529,19.32,19.438,18.970499999999998,15.648833333333332,62.92775648650407,24518094.9,15.2755,False,False,20.3
2022-06-27,19.35,19.5,18.68,19.16,17354850.0,331844901.0,628631202.0,0.027607363339244493,19.316,19.345999999999997,19.0385,15.732833333333332,55.57692292729291,24134736.3,15.344166666666666,False,False,20.3
2022-06-28,19.36,20.63,19.1,20.26,25092511.0,497847175.0,628631202.0,0.03991610807762609,19.552,19.342000000000002,19.1495,15.839833333333335,56.497174992286176,24009386.85,15.411166666666666,False,False,20.3
2022-06-29,20.23,20.25,18.77,18.78,23887088.0,460774834.0,628631202.0,0.03799857201488385,19.47,19.245,19.189500000000002,15.918666666666667,45.2488686827324,24399897.25,15.486333333333333,False,False,20.3
2022-06-30,18.79,19.57,18.7,18.96,13611388.0,260144349.0,628631202.0,0.021652421891715137,19.336000000000002,19.254,19.2135,15.996666666666666,47.11111101339917,23894157.6,15.565166666666666,True,False,20.3
2022-07-01,18.84,19.55,18.84,19.0,8292506.0,158595346.0,628631202.0,0.013191368760598047,19.232,19.276,19.2805,16.079,41.089108815965766,23147568.15,15.648833333333332,True,True,20.3
2022-07-04,19.09,20.2,18.7,20.18,22016388.0,438097088.0,628631202.0,0.03502274136243081,19.436,19.375999999999998,19.3815,16.178166666666666,49.14529904728857,22255481.45,15.732833333333332,True,True,20.3
2022-07-05,20.28,20.3,19.08,19.27,19070041.0,371825036.0,628631202.0,0.030335816833985278,19.238,19.395000000000003,19.416,16.265666666666664,46.74796739099301,21949092.4,15.839833333333335,False,True,20.3
2022-07-06,19.06,19.56,18.9,19.22,9299175.0,178143242.0,628631202.0,0.014792735343734974,19.326,19.398,19.398500000000002,16.361,52.67175561260997,21148626.4,15.918666666666667,True,False,20.3
2022-07-07,19.15,20.67,19.13,20.55,27744027.0,561098193.0,628631202.0,0.044134027887467155,19.644,19.49,19.4555,16.4835,61.36071876007058,21336772.7,15.996666666666666,True,True,20.3
2022-07-08,21.1,21.6,20.8,21.15,36982305.0,783603360.0,628631202.0,0.05882989085228385,20.073999999999998,19.653,19.5455,16.6225,62.32790977814884,21857351.95,16.079,False,True,20.55
2022-07-11,21.21,21.42,19.94,20.41,21911231.0,447319587.0,628631202.0,0.03485546204243295,20.119999999999997,19.778,19.561999999999998,16.735833333333336,57.70567777428976,21783466.4,16.178166666666666,False,False,21.15
2022-07-12,20.42,21.1,20.29,20.44,14823839.0,306292907.0,628631202.0,0.023581137800410996,20.354000000000003,19.796,19.569,16.86,57.309941426627,21445440.4,16.265666666666664,False,False,21.15
2022-07-13,20.3,20.92,20.22,20.61,10174527.0,209206491.0,628631202.0,0.016185208382322708,20.631999999999998,19.979,19.612000000000002,16.987000000000002,55.91787430158814,21092721.2,16.361,False,False,21.15
2022-07-14,20.78,22.67,20.55,22.4,45131174.0,1011799203.0,628631202.0,0.07179276793199967,21.002,20.323,19.788500000000003,17.143666666666668,64.45783123469784,22017053.6,16.4835,False,False,21.15
2022-07-15,22.12,23.99,21.7,23.46,29675537.0,682461258.0,628631202.0,0.04720659252290821,21.464,20.769,20.0225,17.315,70.16885544255499,21555456.5,16.6225,False,False,22.4
2022-07-18,23.09,23.68,22.61,23.02,16007480.0,369970872.0,628631202.0,0.025464023976334536,21.986,21.053,20.214499999999997,17.475,63.799999910679986,20981280.35,16.735833333333336,False,False,23.46
2022-07-19,22.99,23.63,22.49,23.27,14993216.0,346346158.0,628631202.0,0.02385057558756048,22.552,21.453,20.424,17.630833333333335,75.5986315782918,20553232.15,16.86,False,False,23.46
2022-07-20,23.43,25.0,23.19,24.98,21897901.0,532761732.0,628631202.0,0.03483425724070247,23.426000000000002,22.029,20.7135,17.833333333333332,79.22330086319162,20661925.05,16.987000000000002,False,False,23.46
2022-07-21,24.9,25.46,23.62,24.24,18684806.0,460812884.0,628631202.0,0.029723001245490197,23.794,22.398000000000003,20.944,18.014666666666667,73.81818172423138,20610984.55,17.143666666666668,False,False,24.98
2022-07-22,23.9,24.99,22.78,23.66,19356553.0,452812188.0,628631202.0,0.030791588038291486,23.833999999999996,22.649,21.151000000000003,18.208666666666666,66.73076914093934,20800327.15,17.315,False,False,24.98
2022-07-25,23.58,23.58,22.57,22.95,13427607.0,308491568.0,628631202.0,0.021360070828937313,23.82,22.903,21.3405,18.409499999999998,68.03921559288734,20603965.0,17.475,False,False,24.98
2022-07-26,23.34,24.07,23.01,23.76,10820207.0,255988323.0,628631202.0,0.017212328891049858,23.918,23.235,21.5155,18.611333333333334,70.71167874179166,19890349.8,17.630833333333335,False,False,24.98
2022-07-27,23.5,24.47,23.4,23.98,9684985.0,233696505.0,628631202.0,0.015406465617976118,23.718,23.572,21.7755,18.814333333333334,67.41116741687753,19180244.65,17.833333333333332,False,False,24.98
2022-07-28,23.9,24.39,23.6,23.88,8934839.0,213944816.0,628631202.0,0.0142131650029042,23.646,23.72,22.0215,18.997833333333332,64.59893038455775,18946417.2,18.014666666666667,False,False,24.98
2022-07-29,23.66,24.24,23.15,23.48,10295540.0,243341721.0,628631202.0,0.01637771075830245,23.610000000000003,23.722,22.2455,19.157166666666665,67.0366258669797,19046568.9,18.208666666666666,False,False,24.98
2022-08-01,23.73,24.78,23.15,24.27,18239365.0,442568708.0,628631202.0,0.029014412491729927,23.874000000000002,23.847,22.45,19.327333333333332,69.60081873342767,18857717.75,18.409499999999998,False,False,24.98
2022-08-02,24.0,25.04,23.38,23.98,13745716.0,330929225.0,628631202.0,0.021866105208058064,23.918,23.918,22.6855,19.4755,67.0374114318985,18591501.5,18.611333333333334,False,False,24.98
2022-08-03,23.56,25.2,23.56,24.91,18954848.0,469950136.0,628631202.0,0.030152572668513518,24.104000000000003,23.911,22.97,19.642333333333333,63.898117287422636,19074285.15,18.814333333333334,False,False,24.98
2022-08-04,24.81,25.16,24.02,24.57,12821980.0,315050654.0,628631202.0,0.0203966649431442,24.241999999999997,23.944,23.171,19.8005,56.67870026552324,18328182.8,18.997833333333332,False,False,24.98
2022-08-05,24.28,26.5,24.28,26.14,18052099.0,460388453.0,628631202.0,0.028716517637952053,24.773999999999997,24.192,23.420499999999997,19.9865,66.52542363015297,17381672.5,19.157166666666665,False,False,24.98
2022-08-08,26.07,27.3,25.76,27.19,21422792.0,575440670.0,628631202.0,0.03407847388396098,25.357999999999997,24.616000000000003,23.759500000000003,20.19216666666667,69.14062490547181,17357250.55,19.327333333333332,False,False,26.14
2022-08-09,26.85,27.05,25.99,26.65,14054460.0,372373200.0,628631202.0,0.022357242140201624,25.892000000000003,24.904999999999998,24.07,20.39466666666667,59.2061741092738,17318781.6,19.4755,False,False,27.19
2022-08-10,26.5,27.27,26.33,27.17,10800981.0,289698079.0,628631202.0,0.017181744981217145,26.344,25.224,24.398000000000003,20.6085,66.55367221110154,17350104.3,19.642333333333333,False,False,27.19
2022-08-11,27.0,27.13,25.97,26.18,14330253.0,378383183.0,628631202.0,0.022795962011443398,26.666000000000004,25.454,24.587,20.7935,63.60691135091826,15810058.25,19.8005,False,False,27.19
2022-08-12,25.99,26.3,23.56,23.56,26244267.0,641062266.0,628631202.0,0.04174827294048315,26.15,25.461999999999996,24.592,20.92866666666667,52.730528134446956,15638494.75,19.9865,False,False,27.19
2022-08-15,23.3,24.72,23.01,24.26,14776665.0,355850487.0,628631202.0,0.023506095391046148,25.564,25.461000000000002,24.654000000000003,21.07633333333333,52.26039776386567,15576954.0,20.19216666666667,True,False,27.19
2022-08-16,24.41,24.73,23.63,23.86,9936010.0,239722745.0,628631202.0,0.015805785599550943,25.006,25.448999999999998,24.6835,21.214166666666664,49.46619210920581,15324093.7,20.39466666666667,True,True,27.19
2022-08-17,23.8,25.24,23.7,24.9,16410666.0,405181515.0,628631202.0,0.026105395258442802,24.552,25.448,24.6795,21.371,54.18719205594247,15049731.95,20.6085,True,True,27.19
2022-08-18,25.02,25.19,23.22,23.71,22441251.0,538776581.0,628631202.0,0.03569859550178675,24.058,25.362000000000002,24.653,21.482166666666668,50.88666147167206,15237554.2,20.7935,False,True,27.19
2022-08-19,23.73,23.92,23.3,23.5,9497309.0,224260617.0,628631202.0,0.015107918553492354,24.046,25.098000000000003,24.645,21.588833333333337,46.892655314245594,14744592.0,20.92866666666667,True,False,27.19
2022-08-22,23.51,23.93,22.38,23.07,15921642.0,365267926.0,628631202.0,0.02532747650664658,23.808,24.686,24.651,21.676666666666666,46.36871503199026,14869293.75,21.07633333333333,True,True,27.19
2022-08-23,23.11,24.09,22.77,23.64,13890692.0,328277697.0,628631202.0,0.02209672691366026,23.764,24.385,24.645,21.77,44.782251386446056,15022818.0,21.214166666666664,True,True,27.19
2022-08-24,23.64,23.84,22.44,23.09,10795868.0,248319707.0,628631202.0,0.017173611436487365,23.401999999999997,23.976999999999997,24.6005,21.855166666666666,44.022617074610935,15078362.15,21.371,True,True,27.19
2022-08-25,23.19,23.98,22.9,23.53,9124192.0,213982698.0,628631202.0,0.014514379768250828,23.366,23.711999999999996,24.583,21.93933333333333,38.399999952213356,15087829.8,21.482166666666668,True,True,27.19
2022-08-26,23.4,24.89,23.39,24.45,15868590.0,388273049.0,628631202.0,0.025243083622820236,23.556,23.801000000000002,24.6315,22.052500000000002,37.67985606766925,15366482.3,21.588833333333337,True,True,27.19
2022-08-29,23.78,25.29,22.88,25.11,14554551.0,361699393.0,628631202.0,0.023152765808783383,23.964000000000002,23.886,24.673499999999997,22.168333333333333,43.14946613842594,15182241.6,21.676666666666666,True,True,27.19
2022-08-30,24.97,25.29,24.08,24.23,8243232.0,202556340.0,628631202.0,0.013112985759812793,24.082,23.923000000000002,24.686,22.2625,37.32758616184602,14907117.4,21.77,False,True,27.19
2022-08-31,24.03,24.22,23.0,23.0,11754235.0,276749337.0,628631202.0,0.018698141235439343,24.064,23.733,24.5905,22.319666666666663,36.57094590270328,14547086.75,21.855166666666666,True,False,27.19
2022-09-01,23.3,23.3,21.74,21.79,15479927.0,346518449.0,628631202.0,0.0246248149165208,23.716,23.541,24.451500000000003,22.359333333333332,41.51486092222358,14679984.1,21.93933333333333,True,True,27.19
2022-09-02,22.06,22.58,21.4,22.12,10909107.0,240276784.0,628631202.0,0.017353747261180334,23.25,23.403,24.250500000000002,22.4055,39.36381704263485,14322834.5,22.052500000000002,True,True,27.19
2022-09-05,22.29,22.4,21.18,21.58,15077988.0,325729205.0,628631202.0,0.023985427309413127,22.544,23.253999999999998,23.970000000000002,22.4305,38.82352935847751,14005594.3,22.168333333333333,True,True,27.19
2022-09-06,21.6,22.98,21.46,22.6,12943245.0,290385435.0,628631202.0,0.020589568190094387,22.218,23.15,23.767500000000002,22.468833333333336,38.70333982889523,13950033.55,22.2625,True,True,27.17
2022-09-07,22.47,22.92,22.24,22.81,9526611.0,215304360.0,628631202.0,0.015154530939111737,22.18,23.122,23.5495,22.519833333333334,45.108695583530235,13886315.05,22.319666666666663,True,True,27.17
2022-09-08,22.82,23.33,22.5,23.03,11070418.0,255527978.0,628631202.0,0.017610353995759824,22.428,23.072,23.392,22.589166666666664,47.448425552195665,13723323.3,22.359333333333332,True,True,26.18
2022-09-09,23.03,23.27,22.0,22.55,6942299.0,157013198.0,628631202.0,0.011043516417754905,22.514,22.881999999999998,23.341500000000003,22.651999999999997,47.1922245506813,12758224.9,22.4055,True,True,25.11
2022-09-13,22.59,23.22,22.11,22.71,6880260.0,156336923.0,628631202.0,0.010944827393407049,22.740000000000002,22.642000000000003,23.264,22.710833333333333,44.74576264108015,12363404.65,22.4305,True,True,25.11
2022-09-14,22.4,23.75,22.21,23.43,11104881.0,257999554.0,628631202.0,0.017665176282484304,22.906,22.562,23.2425,22.783333333333335,51.88470058465789,12421848.2,22.468833333333336,True,True,25.11
2022-09-15,23.44,23.89,22.2,22.75,12497184.0,286198783.0,628631202.0,0.01987999316648619,22.894,22.537,23.134999999999998,22.842666666666666,45.78833686381893,12226174.1,22.519833333333334,False,True,25.11
2022-09-16,22.56,24.12,22.56,23.35,13970478.0,329489151.0,628631202.0,0.022223647117026176,22.958000000000002,22.693,23.117,22.904666666666667,43.847874651692386,11802635.45,22.589166666666664,True,False,25.11
2022-09-19,23.44,23.44,21.02,22.18,16380333.0,363089478.0,628631202.0,0.026057142801511782,22.884000000000004,22.699,23.051,22.949,34.49735444624733,12146786.65,22.651999999999997,False,True,25.11
2022-09-20,22.43,23.16,21.9,22.6,11547700.0,261265967.0,628631202.0,0.018369594069242524,22.862000000000002,22.801000000000002,23.0275,23.00633333333333,40.934371460168954,11928089.55,22.710833333333333,True,False,25.11
2022-09-21,22.63,22.84,21.84,21.92,8137500.0,179958809.0,628631202.0,0.012944791754068867,22.56,22.733,22.941499999999998,23.034,43.60189566227176,11640429.95,22.783333333333335,True,True,25.11
2022-09-22,21.93,23.16,21.64,22.59,10993169.0,249348748.0,628631202.0,0.01748746954498132,22.528000000000002,22.711000000000002,22.9165,23.0975,55.06329104165999,11650295.0,22.842666666666666,True,True,25.11
2022-09-23,22.67,22.89,21.8,22.0,8408801.0,186101257.0,628631202.0,0.01337636594118661,22.258000000000003,22.608,22.84,23.148166666666665,49.26470579783015,11614525.45,22.904666666666667,True,True,25.11
2022-09-26,21.68,22.32,21.38,21.55,6152839.0,134461942.0,628631202.0,0.009787676749777367,22.132,22.508000000000003,22.695,23.19066666666667,49.8141263076335,11128737.9,22.949,True,True,25.11
2022-09-27,21.67,22.1,21.48,21.86,6135739.0,133747103.0,628631202.0,0.009760474791068357,21.984,22.423,22.532500000000002,23.218666666666667,44.972826001410375,10707797.3,23.00633333333333,True,True,25.11
2022-09-28,21.9,22.32,20.4,20.6,10263789.0,215819576.0,628631202.0,0.016327202606783747,21.72,22.140000000000004,22.351,23.24083333333333,36.860879843513416,10808825.15,23.034,True,True,24.23
2022-09-29,20.6,21.15,20.52,20.82,7869307.0,163952508.0,628631202.0,0.012518161642253322,21.366,21.947000000000003,22.242,23.267500000000002,36.86087984351339,10614578.75,23.0975,True,True,23.43
2022-09-30,20.95,20.99,19.82,19.89,9051711.0,182252637.0,628631202.0,0.014399080050754465,20.944,21.601,22.147,23.2565,34.98871326299751,10293167.95,23.148166666666665,True,True,23.43
2022-10-10,19.94,20.38,19.31,19.46,7629977.0,149960798.0,628631202.0,0.012137445573374515,20.526,21.329,22.014,23.228333333333335,32.201533356974636,10129211.45,23.19066666666667,True,True,23.43
2022-10-11,19.57,20.38,19.48,20.31,7861144.0,157224046.0,628631202.0,0.012505176286174863,20.216,21.1,21.950499999999998,23.226666666666667,33.15334768205754,9768369.25,23.218666666666667,True,True,23.43
2022-10-12,20.82,21.26,19.82,21.13,11079899.0,226935100.0,628631202.0,0.01762543597064404,20.321999999999996,21.021,21.877,23.238166666666665,41.382978661770025,9675201.95,23.24083333333333,True,True,23.43
2022-10-13,21.01,22.2,20.78,21.39,13357800.0,288795823.0,628631202.0,0.021249024797849597,20.436,20.901,21.806,23.251166666666666,39.18322289750936,9866761.4,23.267500000000002,True,True,23.43
2022-10-14,21.59,23.21,21.59,22.95,23710998.0,533141248.0,628631202.0,0.03771845547049381,21.048,20.996000000000002,21.802,23.26033333333333,54.07407399396433,10498790.4,23.2565,True,True,23.43
2022-10-17,22.94,23.5,22.72,23.25,11742300.0,270511943.0,628631202.0,0.01867915554086671,21.806,21.166,21.837,23.25683333333333,53.48338684364765,10738790.45,23.228333333333335,False,True,23.43
2022-10-18,23.19,23.93,22.9,23.04,17867971.0,416891399.0,628631202.0,0.028423614582210953,22.352,21.284,21.8535,23.257166666666663,56.32054167172825,11288176.0,23.226666666666667,False,False,23.43
2022-10-19,23.1,23.1,21.35,21.55,21880116.0,485285522.0,628631202.0,0.034805965612887284,22.436,21.379,21.7595,23.2285,44.62809910900894,11826937.75,23.238166666666665,False,False,23.43
2022-10-20,21.55,21.58,19.8,20.18,30777533.0,622991185.0,628631202.0,0.048959601276679865,22.194,21.314999999999998,21.631,23.1485,41.3001911493114,12740955.2,23.251166666666666,True,False,23.35
2022-10-21,20.08,20.76,19.95,20.62,16847257.0,344913833.0,628631202.0,0.026799905805502795,21.728,21.387999999999998,21.4945,23.088166666666666,45.55023917342552,12884794.15,23.26033333333333,True,True,23.35
2022-10-24,20.88,22.68,20.78,22.18,30792381.0,680256321.0,628631202.0,0.04898322084877995,21.514000000000003,21.66,21.494500000000002,23.063499999999998,51.36752130605596,13605396.55,23.25683333333333,True,True,23.25
2022-10-25,22.29,23.05,21.76,22.88,23642535.0,531680830.0,628631202.0,0.037609547417915154,21.482,21.916999999999998,21.5085,23.062333333333335,60.23339310204061,14210138.3,23.257166666666663,False,True,23.25
2022-10-26,22.79,23.3,22.37,22.73,22709840.0,515240917.0,628631202.0,0.03612585555369872,21.718,22.077,21.549,23.045166666666667,58.626919528385116,14938755.3,23.2285,False,False,23.25
2022-10-27,22.65,23.3,21.91,21.91,18959845.0,424446854.0,628631202.0,0.030160521685336263,22.064,22.128999999999998,21.515,23.01066666666667,59.21532839151327,15337089.1,23.1485,False,False,23.25
2022-10-28,21.98,22.38,21.55,21.77,11784540.0,257648979.0,628631202.0,0.018746349151151424,22.294,22.011,21.5035,22.975500000000004,60.8247421882337,15505876.05,23.088166666666666,False,False,23.25
2022-10-31,21.63,23.3,21.11,22.85,23700512.0,534648525.0,628631202.0,0.03770177478400125,22.428,21.971,21.5685,22.965,61.65137606760374,16383259.7,23.063499999999998,False,False,23.25
2022-11-01,22.97,23.62,22.37,22.96,21779502.0,501200802.0,628631202.0,0.03464591310566223,22.444,21.963,21.6235,22.94316666666667,58.97939147932174,17165447.85,23.062333333333335,False,False,23.25
2022-11-02,23.0,23.3,21.46,21.93,30150964.0,671024172.0,628631202.0,0.04796288174063622,22.284,22.000999999999998,21.69,22.909000000000002,52.46350358261961,18159806.6,23.045166666666667,False,False,23.25
2022-11-03,21.5,22.45,21.41,21.67,18144798.0,399716974.0,628631202.0,0.02886397929703782,22.236,22.15,21.732499999999998,22.855,43.374741137966225,18673581.15,23.01066666666667,False,False,23.25
2022-11-04,21.73,22.45,21.48,22.1,15796652.0,348546936.0,628631202.0,0.02512864768681972,22.302,22.298000000000002,21.843,22.813833333333335,44.12665979389446,19010828.2,22.975500000000004,True,False,23.25
2022-11-07,22.57,22.7,21.27,21.76,22551295.0,490036609.0,628631202.0,0.03587364885524724,22.084,22.256,21.958000000000002,22.740833333333335,43.54838703531478,19756894.1,22.965,False,True,23.25
2022-11-08,21.7,22.59,21.39,22.33,18879290.0,418116335.0,628631202.0,0.03003237818920735,21.958000000000002,22.201,22.059,22.65983333333333,54.3333332488148,20307801.4,22.94316666666667,True,False,23.25
2022-11-09,22.33,23.41,22.2,22.6,22377145.0,510372853.0,628631202.0,0.035596618381026526,22.092000000000002,22.188,22.1325,22.592333333333332,65.31645558045187,20872663.7,22.909000000000002,False,True,23.25
2022-11-10,22.27,22.49,21.49,21.64,19732065.0,429424489.0,945834325.0,0.02086207328117427,22.086000000000002,22.161,22.145,22.500166666666665,56.05700703268431,21191376.95,22.855,False,False,23.25
2022-11-11,21.95,22.27,20.94,21.4,18733565.0,401404275.0,945834325.0,0.019806391568629105,21.946,22.124000000000002,22.0675,22.4205,44.50704216576076,20942505.3,22.813833333333335,True,False,23.25
2022-11-14,21.2,21.37,20.27,20.65,18221844.0,376672700.0,945834325.0,0.01926536552794275,21.724,21.904,21.9375,22.372,34.405594338226805,21266482.5,22.740833333333335,True,True,23.25
2022-11-15,20.66,21.03,20.49,20.94,11167812.0,232445668.0,945834325.0,0.011807365946462135,21.446,21.702,21.832500000000003,22.316666666666666,37.72290802083394,20931474.55,22.65983333333333,True,True,23.04
2022-11-16,20.96,21.27,20.2,20.33,13783128.0,284802359.0,945834325.0,0.014572454853549537,20.991999999999997,21.542,21.7715,22.257833333333334,38.841807832798686,20526625.15,22.592333333333332,True,True,22.96
2022-11-17,20.09,20.24,19.43,19.94,13567084.0,266748377.0,945834325.0,0.014344038529157842,20.651999999999997,21.369,21.7595,22.175166666666666,37.51705313434671,19666102.7,22.500166666666665,True,True,22.96
2022-11-18,19.94,20.11,19.55,19.71,9650321.0,191285023.0,945834325.0,0.010202971857677084,20.314,21.130000000000003,21.714,22.1085,25.771604882592214,19306255.9,22.4205,True,True,22.96
2022-11-21,19.68,20.9,19.54,20.69,18140503.0,371571247.0,945834325.0,0.01917936632295513,20.322,21.023000000000003,21.6395,22.061666666666667,34.55782306342729,18673662.0,22.372,True,True,22.96
2022-11-22,20.54,20.71,19.95,20.09,11195713.0,225314218.0,945834325.0,0.011836864770159404,20.151999999999997,20.799,21.5,22.012,36.70520223787966,18051320.9,22.316666666666666,True,True,22.96
2022-11-23,19.95,20.08,19.3,19.89,11028934.0,216904824.0,945834325.0,0.011660534734769749,20.064,20.528,21.357999999999997,21.9495,37.02623899149164,17467275.6,22.257833333333334,True,True,22.96
2022-11-24,20.0,20.24,19.47,19.63,10736022.0,212211899.0,945834325.0,0.011350848363427707,20.002000000000002,20.326999999999998,21.244,21.891833333333334,31.53961129423699,17056084.45,22.175166666666666,True,True,22.96
2022-11-25,19.64,19.65,19.09,19.12,7986964.0,153716017.0,945834325.0,0.00844435837111325,19.884000000000004,20.099,21.1115,21.818333333333335,30.758017429939926,16866205.65,22.1085,True,True,22.96
2022-11-28,19.0,19.92,18.76,19.81,16111627.0,315729056.0,945834325.0,0.017034301435402018,19.708,20.015,20.9595,21.741,31.948424004687993,16486761.4,22.061666666666667,True,True,22.96
2022-11-29,19.83,19.99,19.25,19.33,15419920.0,299175063.0,945834325.0,0.016302982025948362,19.555999999999997,19.854,20.778,21.64466666666667,27.260083396155608,16168782.3,22.012,True,True,22.96
2022-11-30,19.41,19.44,19.04,19.23,8412436.0,161321027.0,945834325.0,0.00889419613736264,19.424,19.744,20.643,21.561333333333334,30.963665018405806,15081855.9,21.9495,True,True,22.6
2022-12-01,19.42,20.09,19.22,19.83,16898172.0,333382710.0,945834325.0,0.017865889990828998,19.464,19.732999999999997,20.551,21.5085,38.26606867926383,15019524.6,21.891833333333334,True,True,22.6
2022-12-02,19.7,20.25,19.6,19.69,11790693.0,234518719.0,945834325.0,0.012465917855116963,19.577999999999996,19.731,20.4305,21.4735,42.105263060941844,14819226.65,21.818333333333335,True,True,22.6
2022-12-05,19.78,19.83,19.31,19.48,15323774.0,298208604.0,945834325.0,0.016201329973935974,19.512,19.61,20.316499999999998,21.4295,37.83333324505553,14457850.6,21.741,True,True,22.6
2022-12-06,19.59,19.91,19.27,19.78,11340938.0,222930851.0,945834325.0,0.011990406459397633,19.602,19.579,20.189,21.3995,45.16695946707603,14080933.0,21.64466666666667,True,True,22.6
2022-12-07,19.79,19.95,19.34,19.38,11212458.0,219482112.0,945834325.0,0.011854568716355266,19.631999999999998,19.528,20.028,21.345833333333335,45.08771918750382,13522698.65,21.561333333333334,True,True,22.6
2022-12-08,19.42,19.55,19.03,19.22,9547406.0,183908882.0,945834325.0,0.01009416316118576,19.509999999999998,19.487000000000002,19.907,21.286,45.64831249749973,13013465.7,21.5085,True,True,21.64
2022-12-09,19.1,19.88,19.02,19.2,24823499.0,484942312.0,945834325.0,0.026245081558020217,19.412,19.494999999999997,19.797,21.222166666666666,34.04710910564032,13317962.4,21.4735,True,True,21.4
2022-12-12,19.4,19.56,18.86,19.05,12942289.0,247631172.0,945834325.0,0.013683463010289883,19.326,19.419,19.717,21.163833333333336,37.6777249934862,13053984.65,21.4295,True,True,20.94
2022-12-13,19.05,19.09,18.26,18.38,15599044.0,289011698.0,945834325.0,0.016492364030032427,19.046,19.324,19.589,21.091666666666665,33.90191887534604,13275546.25,21.3995,True,True,20.94
2022-12-14,18.3,18.6,18.2,18.39,6429345.0,117786228.0,945834325.0,0.006797538247514965,18.848000000000003,19.24,19.492,21.00766666666667,36.03603592240889,12907857.1,21.345833333333335,True,True,20.69
2022-12-15,18.3,18.49,18.07,18.16,8010780.0,145850221.0,945834325.0,0.008469538256607467,18.636000000000003,19.073,19.403,20.931166666666666,38.46153833210057,12630041.9,21.286,True,True,20.69
2022-12-16,18.01,18.15,17.73,17.85,8824300.0,157681174.0,945834325.0,0.00932964660592118,18.366,18.889000000000003,19.310000000000002,20.8395,24.074073984910854,12588740.85,21.222166666666666,True,True,20.69
2022-12-19,17.92,18.23,17.81,17.9,7366700.0,132615288.0,945834325.0,0.007788573331804172,18.136000000000003,18.731,19.170499999999997,20.768166666666666,28.65671629815101,12050050.7,21.163833333333336,True,True,20.69
2022-12-20,17.77,18.7,17.74,18.17,10025706.0,183588377.0,945834325.0,0.010599854260945753,18.094,18.57,19.0745,20.694333333333336,34.94318167920328,11991550.35,21.091666666666665,True,True,20.09
2022-12-21,18.14,18.32,17.66,17.8,7751600.0,138560462.0,945834325.0,0.00819551563641973,17.976000000000003,18.412,18.970000000000002,20.625666666666667,19.148936088727993,11827683.65,21.00766666666667,True,True,19.89
2022-12-22,17.8,18.24,17.66,17.82,7518981.0,135120369.0,945834325.0,0.007949575101326547,17.907999999999998,18.272,18.8795,20.546166666666668,20.504731770641598,11666831.6,20.931166666666666,True,True,19.83
2022-12-23,17.64,17.91,17.33,17.58,7550073.0,133064109.0,945834325.0,0.00798244766597998,17.854000000000003,18.110000000000003,18.802500000000002,20.472500000000004,20.312499911132846,11644987.05,20.8395,True,True,19.83
2022-12-26,17.58,18.58,17.52,18.48,12417686.0,226236987.0,945834325.0,0.013128817248200418,17.97,18.053,18.736,20.421333333333333,32.89473672091415,11460290.0,20.768166666666666,True,True,19.83
2022-12-27,18.6,19.19,18.44,19.1,11364376.0,215465248.0,945834325.0,0.01201518669773377,18.156,18.125,18.7245,20.375333333333334,46.51741277332248,11257512.8,20.694333333333336,True,True,19.83
2022-12-28,19.1,19.3,18.87,18.95,7297026.0,139006562.0,945834325.0,0.007714909268068697,18.386000000000003,18.181,18.710500000000003,20.347833333333334,46.633416296042945,11201742.3,20.625666666666667,False,True,19.83
2022-12-29,18.95,19.32,18.76,18.8,8055557.0,152917110.0,945834325.0,0.008516879528558027,18.582,18.244999999999997,18.659,20.314166666666665,45.1690819728582,10759611.55,20.546166666666668,False,False,19.83
2022-12-30,18.99,18.99,18.67,18.8,5555400.0,104350696.0,945834325.0,0.00587354450262735,18.826,18.34,18.6145,20.296,46.8671677553533,10447846.9,20.472500000000004,False,False,19.78
2023-01-03,18.8,19.52,18.5,19.12,14330015.0,273924499.0,945834325.0,0.015150660767148622,18.954,18.462,18.5965,20.290333333333333,60.164834933431955,10398158.95,20.421333333333333,False,False,19.78
2023-01-04,19.11,19.15,18.5,18.57,9879800.0,185176260.0,945834325.0,0.010445592572462413,18.848,18.502000000000002,18.535999999999998,20.261333333333333,52.1531098731714,10325102.05,20.375333333333334,False,False,19.78
2023-01-05,18.67,18.73,18.07,18.22,13429326.0,244604854.0,945834325.0,0.014198391457193097,18.701999999999998,18.544,18.478,20.212833333333332,50.69767425354244,10435945.45,20.347833333333334,False,False,19.38
2023-01-06,18.15,18.76,18.12,18.3,11186578.0,205857879.0,945834325.0,0.011827206630505823,18.601999999999997,18.592000000000002,18.432,20.161333333333335,55.52825533724922,10517904.05,20.314166666666665,True,False,19.22
2023-01-09,18.31,19.06,18.23,18.25,16697851.0,309169243.0,945834325.0,0.01765409708513169,18.492,18.659000000000002,18.384500000000003,20.083000000000002,54.29975411297383,10111621.65,20.296,True,True,19.2
2023-01-10,18.24,18.31,17.38,17.49,28378265.0,499435514.0,945834325.0,0.030003420525048084,18.166,18.56,18.3065,19.987000000000002,42.54385951850568,10883420.45,20.290333333333333,True,True,19.12
2023-01-11,17.52,18.05,17.45,17.56,14916156.0,263729892.0,945834325.0,0.015770368663666334,17.964,18.406,18.2655,19.895666666666667,47.18309843648745,10849276.05,20.261333333333333,True,True,19.12
2023-01-12,17.85,18.18,17.5,17.67,15862231.0,282503260.0,945834325.0,0.016770623121549328,17.854000000000003,18.278000000000002,18.229499999999998,19.831,48.27586191359495,11320920.35,20.212833333333332,True,True,19.12
2023-01-13,17.67,17.78,17.41,17.71,9954664.0,174617490.0,945834325.0,0.010524743855114373,17.735999999999997,18.169,18.207,19.789833333333334,51.56626488628251,11418114.55,20.161333333333335,True,True,19.12
2023-01-16,17.62,18.12,17.58,18.0,14350213.0,256819927.0,945834325.0,0.015172015458415511,17.686,18.089,18.214499999999997,19.746166666666667,43.22033881212297,11694410.2,20.083000000000002,True,True,19.12
2023-01-17,18.39,19.7,17.78,19.16,34866611.0,659078333.0,945834325.0,0.036863338619054664,18.02,18.092999999999996,18.2775,19.695833333333333,50.73529394355535,13069405.75,19.987000000000002,True,True,19.12
2023-01-18,19.18,19.32,18.96,19.03,9573511.0,182915702.0,945834325.0,0.010121763132248347,18.314,18.139,18.3205,19.631666666666668,50.985221499065766,13046796.0,19.895666666666667,False,True,19.16
2023-01-19,18.98,19.41,18.83,19.31,10844167.0,207326893.0,945834325.0,0.011465186569540072,18.642000000000003,18.247999999999998,18.395999999999997,19.574666666666666,56.085918667015996,13201424.35,19.831,False,False,19.16
2023-01-20,19.24,19.64,19.09,19.31,13149471.0,253846699.0,945834325.0,0.01390250982908661,18.962,18.349,18.470499999999998,19.531333333333333,56.085918667015996,13482948.85,19.789833333333334,False,False,19.31
2023-01-30,19.59,20.38,19.41,20.11,23140955.0,462412568.0,945834325.0,0.024466182277747217,19.384,18.535000000000004,18.597,19.503666666666668,60.599571552806395,14262492.95,19.746166666666667,False,False,19.31
2023-01-31,20.15,20.5,19.89,20.25,11963208.0,241720203.0,945834325.0,0.012648312377540327,19.602,18.811,18.685499999999998,19.460333333333335,69.7183096300337,14239769.05,19.695833333333333,False,False,20.11
2023-02-01,20.25,20.33,20.0,20.24,12070371.0,243213149.0,945834325.0,0.012761612346855777,19.844,19.079,18.7425,19.415,75.76530585185857,14275068.8,19.631666666666668,False,False,20.25
2023-02-02,20.2,20.5,20.01,20.06,11728148.0,237322573.0,945834325.0,0.012399791052201452,19.994,19.318,18.798,19.38383333333333,71.89054701331646,14496624.9,19.574666666666666,False,False,20.25
2023-02-03,20.13,20.24,19.79,20.1,10675517.0,213591465.0,945834325.0,0.011286878386444687,20.151999999999997,19.557,18.863,19.357666666666667,73.06733141572502,14627622.9,19.531333333333333,False,False,20.25
2023-02-06,20.15,20.36,20.0,20.11,8891769.0,179363131.0,945834325.0,0.00940097939456786,20.151999999999997,19.768,18.9285,19.3245,90.18404869246113,14794441.35,19.503666666666668,False,False,20.25
2023-02-07,20.23,20.36,19.68,19.82,11006576.0,218966717.0,945834325.0,0.011636896345456695,20.066,19.834,18.9635,19.292166666666667,82.47126403603517,14628269.4,19.460333333333335,False,False,20.25
2023-02-08,19.8,19.95,19.55,19.61,8342907.0,164317644.0,945834325.0,0.00882068537743119,19.94,19.892000000000003,19.0155,19.24683333333333,77.09497176555037,14551424.75,19.415,False,False,20.25
2023-02-09,19.62,20.21,19.5,20.2,14742466.0,295088943.0,945834325.0,0.01558673185179656,19.968,19.981,19.1145,19.206833333333336,80.14527817868428,14617081.75,19.38383333333333,False,False,20.25
2023-02-10,20.49,21.3,20.21,20.76,24770023.0,515855906.0,945834325.0,0.026188543115095764,20.1,20.125999999999998,19.2375,19.192166666666665,81.36363610475206,15296254.0,19.357666666666667,False,False,20.25
2023-02-13,21.3,21.3,20.18,21.09,27690013.0,574673462.0,945834325.0,0.02927575397520068,20.296,20.223999999999997,19.3795,19.186999999999998,77.03081202284835,15845862.1,19.3245,False,False,20.76
2023-02-14,21.06,21.8,20.76,21.6,24245630.0,518036842.0,945834325.0,0.025634119379205234,20.651999999999997,20.358999999999998,19.585,19.202833333333334,82.53164527710301,15639230.35,19.292166666666667,False,False,21.09
2023-02-15,21.5,21.6,21.23,21.4,12025920.0,257072284.0,945834325.0,0.012714615744147369,21.009999999999998,20.475,19.777,19.2105,77.00258370076578,15494718.55,19.24683333333333,False,False,21.6
2023-02-16,21.35,21.36,20.3,20.59,16410016.0,342137975.0,945834325.0,0.017349778461465754,21.088,20.528,19.923,19.214833333333335,63.67521348473226,15522107.8,19.206833333333336,False,False,21.6
2023-02-17,20.46,20.64,19.9,20.46,14187718.0,287268259.0,945834325.0,0.015000214757484087,21.028,20.564,20.0605,19.2235,54.36408958576129,15733760.5,19.192166666666665,False,False,21.6
2023-02-20,20.46,20.59,19.68,20.51,16912889.0,338877412.0,945834325.0,0.017881449798303736,20.912,20.604,20.186,19.236833333333333,53.31632634019681,15861894.3,19.186999999999998,False,False,21.6
2023-02-21,20.43,21.09,20.28,20.55,16955989.0,350576933.0,945834325.0,0.017927018032465675,20.702,20.677,20.2555,19.2345,53.924050441788204,14966363.2,19.202833333333334,False,False,21.6
2023-02-22,20.49,21.89,20.38,21.51,26830207.0,572313596.0,945834325.0,0.028366708937106928,20.724,20.866999999999997,20.3795,19.258166666666668,65.32769536689479,15829198.0,19.2105,False,False,21.6
2023-02-23,21.61,22.06,21.0,21.12,16199595.0,346770861.0,945834325.0,0.01712730715286739,20.830000000000002,20.959,20.470000000000002,19.278666666666663,60.03936991327732,16096969.4,19.214833333333335,False,False,21.6
2023-02-24,21.48,22.1,21.3,21.47,22610363.0,491653867.0,945834325.0,0.023905204539917707,21.032000000000004,21.03,20.578,19.30933333333333,62.54612529969635,16570014.0,19.2235,False,False,21.6
2023-02-27,22.0,22.19,21.42,21.77,19056502.0,416471850.0,945834325.0,0.02014782240008048,21.284,21.098000000000003,20.661,19.353499999999997,67.95580092976402,16365791.35,19.236833333333333,False,False,21.6
2023-02-28,21.77,21.83,21.25,21.8,12014141.0,259052920.0,945834325.0,0.012702162188922462,21.534,21.118,20.7385,19.386666666666667,70.85714266819048,16368338.0,19.2345,False,False,21.77
2023-03-01,21.6,22.01,21.41,21.69,10692800.0,231816117.0,945834325.0,0.011305151142616864,21.57,21.147000000000002,20.811,19.426,65.61844844472574,16299459.45,19.258166666666668,False,False,21.8
2023-03-02,21.69,22.44,21.59,22.2,17162966.0,378821928.0,945834325.0,0.01814584811140154,21.785999999999998,21.308,20.918,19.4755,65.25423709458488,16571200.35,19.278666666666663,False,False,21.8
2023-03-03,22.2,23.37,22.07,23.0,22984645.0,526308604.0,945834325.0,0.024300920777008173,22.092,21.562,21.063000000000002,19.528333333333332,68.40077052839868,17186656.75,19.30933333333333,False,False,22.2
2023-03-06,23.22,23.8,22.51,22.69,22784600.0,523756684.0,945834325.0,0.024089419677172322,22.276,21.78,21.192,19.578333333333333,60.921843516451744,17881298.3,19.353499999999997,False,False,23.0
2023-03-07,22.84,22.85,22.1,22.15,13304444.0,298340532.0,945834325.0,0.014066357763025781,22.346,21.94,21.308500000000002,19.622833333333336,57.03564712973751,17996191.7,19.386666666666667,False,False,23.0
2023-03-08,21.95,22.43,21.88,22.15,10721117.0,237155303.0,945834325.0,0.011335089789641543,22.438,22.004,21.4355,19.662333333333333,67.25663695982456,18115102.2,19.426,False,False,23.0
2023-03-09,22.15,22.37,21.68,22.2,11852227.0,260496115.0,945834325.0,0.012530975760474754,22.438,22.112000000000002,21.535500000000003,19.709333333333333,69.59459437515216,17970590.25,19.4755,False,False,23.0
2023-03-10,21.95,22.06,20.97,21.02,21016175.0,449578880.0,945834325.0,0.022219721196944296,22.042,22.067,21.5485,19.73933333333333,54.57809681075521,17782897.85,19.528333333333332,False,False,23.0
2023-03-13,21.0,21.53,20.78,21.24,17169862.0,362025038.0,945834325.0,0.01815313902886745,21.752000000000002,22.014,21.556,19.773333333333333,55.99999986365216,17256890.3,19.578333333333333,True,False,23.0
2023-03-14,21.09,21.16,20.2,20.65,18531356.0,382371797.0,945834325.0,0.01959260254167663,21.451999999999998,21.899,21.508499999999998,19.8,42.00743483492486,16971176.6,19.622833333333336,True,True,23.0
2023-03-15,20.75,21.19,20.61,20.9,9465714.0,197787673.0,945834325.0,0.010007792855265641,21.201999999999998,21.82,21.4835,19.842,47.90076323079946,16843166.3,19.662333333333333,True,True,23.0
2023-03-16,20.9,21.35,20.65,20.79,14771426.0,311102629.0,945834325.0,0.01561735032189702,20.919999999999998,21.679,21.4935,19.881999999999998,43.19999987904001,16761236.8,19.709333333333333,True,True,23.0
2023-03-17,20.77,21.15,20.45,20.65,11617802.0,241364933.0,945834325.0,0.012283125800070746,20.845999999999997,21.444,21.503,19.9235,38.42975195495526,16632741.0,19.73933333333333,True,True,23.0
2023-03-20,20.55,20.59,19.82,20.4,16150617.0,326412798.0,945834325.0,0.017075524299670557,20.677999999999997,21.214999999999996,21.4975,19.965999999999998,36.166007805074265,16594627.4,19.773333333333333,True,True,23.0
2023-03-21,20.6,20.99,20.38,20.9,13181322.0,273286328.0,945834325.0,0.013936184859859046,20.728,21.089999999999996,21.514999999999997,20.016000000000002,42.752293468159216,16405894.05,19.8,True,True,23.0
2023-03-22,20.85,20.85,20.13,20.31,12900397.0,263127583.0,945834325.0,0.013639171955405614,20.609999999999996,20.906,21.455,20.051666666666666,32.91139232174331,15709403.55,19.842,True,True,23.0
2023-03-23,20.31,20.31,19.67,19.9,18187355.0,361950839.0,945834325.0,0.019228901425204673,20.432,20.676,21.394,20.086666666666666,19.84435792260291,15808791.55,19.881999999999998,True,True,23.0
2023-03-24,19.9,20.34,19.5,20.0,12699479.0,254281827.0,945834325.0,0.013426747860942771,20.302,20.574,21.320500000000003,20.123,22.718052673822967,15313247.35,19.9235,True,True,23.0
2023-03-27,19.98,20.16,19.76,19.84,8428051.0,167845454.0,945834325.0,0.008910705371154721,20.19,20.434,21.223999999999997,20.160666666666664,24.615384539644978,14781824.8,19.965999999999998,True,True,23.0
2023-03-28,19.8,19.9,19.2,19.38,10897680.0,212359972.0,945834325.0,0.011521764131366241,19.886,20.307,21.103,20.175666666666665,22.355289358687827,14726001.75,20.016000000000002,True,True,23.0
2023-03-29,19.13,19.65,19.0,19.25,12691210.0,244384205.0,945834325.0,0.013418005315042886,19.674,20.142,20.981,20.178166666666666,21.021610944144896,14825922.25,20.051666666666666,True,True,23.0
2023-03-30,19.17,19.6,19.17,19.5,10082669.0,195893388.0,945834325.0,0.010660079396040105,19.594,20.012999999999998,20.845999999999997,20.187333333333335,31.730769123982995,14471907.4,20.086666666666666,True,True,23.0
2023-03-31,19.51,20.86,19.48,20.59,28701188.0,587070488.0,945834325.0,0.030344836554752862,19.712,20.006999999999998,20.7255,20.217166666666667,43.53876727444481,14757734.55,20.123,True,True,23.0
2023-04-03,20.59,20.66,20.05,20.35,18232595.0,369442232.0,945834325.0,0.0192767322120605,19.814,20.002000000000002,20.6085,20.243000000000002,46.79487165488717,14530134.3,20.160666666666664,True,True,22.69
2023-04-04,20.29,20.33,19.52,19.85,17307811.0,343211844.0,945834325.0,0.018298988038946463,19.908,19.897,20.4935,20.255166666666664,39.35091266715768,14730302.65,20.175666666666665,True,True,22.2
2023-04-06,19.77,20.67,19.48,20.67,19495297.0,393101076.0,945834325.0,0.02061174614275074,20.192,19.933,20.419500000000003,20.290166666666668,48.936170091293214,15169011.65,20.178166666666666,True,True,22.2
2023-04-07,21.28,21.35,19.96,20.3,42109313.0,863083933.0,945834325.0,0.044520812881262264,20.352,19.973,20.324499999999997,20.324833333333334,47.01873924050047,16681865.95,20.187333333333335,False,True,22.2
2023-04-10,20.19,20.25,19.54,19.9,18988353.0,377094835.0,945834325.0,0.020075770669456303,20.214,19.963,20.2685,20.351499999999998,45.84717597311288,16580474.85,20.217166666666667,True,False,21.24
2023-04-11,19.9,19.97,19.48,19.9,11029750.0,217063830.0,945834325.0,0.011661397465142746,20.124000000000002,19.969,20.2015,20.379,40.942028881668776,16273469.25,20.243000000000002,True,True,21.24
2023-04-12,19.79,19.88,19.16,19.19,19265979.0,374393060.0,945834325.0,0.020369295648051258,19.991999999999997,19.95,20.1285,20.407333333333334,40.07092188634879,16310200.4,20.255166666666664,True,True,20.9
2023-04-13,19.29,19.3,18.45,18.52,19483084.0,364077489.0,945834325.0,0.020598833733381373,19.562,19.877,20.009499999999996,20.423333333333336,38.3050846548693,16811068.9,20.290166666666668,True,True,20.9
2023-04-14,18.52,18.85,18.44,18.55,13277522.0,247237215.0,945834325.0,0.014037894004322586,19.212,19.782,19.8975,20.438,37.56432237977693,16736373.7,20.324833333333334,True,True,20.9
2023-04-17,18.66,18.79,18.49,18.57,10183000.0,189686777.0,945834325.0,0.010766156113016939,18.945999999999998,19.58,19.793499999999998,20.452333333333332,38.84007020320545,16664633.6,20.351499999999998,True,True,20.9
2023-04-18,18.57,18.64,18.16,18.19,12094402.0,221522931.0,945834325.0,0.012787019544886997,18.604000000000003,19.363999999999997,19.683,20.455499999999997,39.39393929563012,16461822.85,20.379,True,True,20.9
2023-04-19,18.18,18.57,18.09,18.4,11286178.0,206916545.0,945834325.0,0.011932510484856848,18.446,19.219,19.558,20.442833333333336,42.53075560712993,16367065.65,20.407333333333334,True,True,20.9
2023-04-20,18.3,18.39,17.97,18.23,10659564.0,193372877.0,945834325.0,0.011270011796199086,18.388,18.975,19.454,20.4295,38.68092681969108,16255024.0,20.423333333333336,True,True,20.67
2023-04-21,18.19,18.55,17.97,18.0,11169082.0,203465050.0,945834325.0,0.011808708676331872,18.278,18.745,19.359,20.407666666666668,22.73684203824928,15904110.35,20.438,True,True,20.67
2023-04-24,18.0,18.19,17.7,18.02,7189515.0,129251589.0,945834325.0,0.007601241369623586,18.168,18.557,19.259999999999998,20.386166666666668,24.28256063135629,15628612.15,20.452333333333332,True,True,20.67
2023-04-25,17.91,18.26,17.79,17.99,11303707.0,203926078.0,945834325.0,0.01195104332886206,18.128,18.366,19.1675,20.350833333333334,27.093595965687072,15772394.95,20.455499999999997,True,True,20.67
2023-04-26,18.04,19.06,18.02,18.91,19413067.0,362942003.0,945834325.0,0.020524807026854306,18.23,18.338,19.144,20.3285,28.846153749075427,16198164.3,20.442833333333336,True,True,20.67
2023-04-27,18.85,19.27,18.6,18.99,12204914.0,231881041.0,945834325.0,0.01290386030344162,18.381999999999998,18.385,19.131,20.307666666666666,33.07493528086583,16173849.5,20.4295,True,True,20.67
2023-04-28,19.05,19.05,18.45,18.59,11958108.0,222401261.0,945834325.0,0.0126429203127091,18.5,18.389,19.085500000000003,20.283166666666666,33.07493528086586,16267621.45,20.407666666666668,True,True,20.67
2023-05-04,18.63,18.78,18.1,18.1,10410638.0,191218845.0,945834325.0,0.011006830398124957,18.516,18.342000000000002,18.961,20.249833333333335,29.35779807086945,15353093.95,20.386166666666668,True,True,20.67
2023-05-05,18.06,18.2,17.79,18.05,7491511.0,134875205.0,945834325.0,0.007920531959970896,18.528,18.328,18.846,20.2155,34.59459446369611,14816039.75,20.350833333333334,True,True,20.67
2023-05-08,18.04,18.74,18.04,18.1,16437204.0,301139167.0,945834325.0,0.017378523453354264,18.366,18.298000000000002,18.7585,20.186833333333333,43.18181798553721,14772509.4,20.3285,True,True,20.67
2023-05-09,17.95,18.09,17.52,17.98,11990095.0,214510095.0,945834325.0,0.012676739131877033,18.163999999999998,18.273,18.624,20.15966666666667,41.009463541283104,14397249.3,20.307666666666666,True,True,20.67
2023-05-10,17.8,18.19,17.73,17.98,9141634.0,163613043.0,945834325.0,0.009665153566931503,18.041999999999998,18.270999999999997,18.508000000000003,20.122666666666664,40.63492045432098,12748865.35,20.283166666666666,True,True,20.3
2023-05-11,17.95,18.05,17.64,17.66,7414624.0,132200813.0,945834325.0,0.007839241824935884,17.954,18.235000000000003,18.395999999999997,20.071,41.42394803238338,12170178.9,20.249833333333335,True,True,19.9
2023-05-12,17.5,17.5,16.6,16.91,33262122.0,563430270.0,1116288870.0,0.029797056025471256,17.726000000000003,18.127000000000002,18.2465,20.001333333333335,29.476583908354783,13281797.5,20.2155,True,True,19.9
2023-05-15,16.95,17.35,16.95,17.22,14711309.0,252138151.0,1116288870.0,0.013178765277844255,17.55,17.958000000000002,18.148000000000003,19.928333333333335,36.60477439987614,13054064.0,20.186833333333333,True,True,19.19
2023-05-16,17.3,17.52,16.93,16.97,11976641.0,205166539.0,1116288870.0,0.010728980035427568,17.348000000000003,17.756,18.070500000000003,19.854500000000005,36.41160936417874,12678741.85,20.15966666666667,True,True,18.99
2023-05-17,16.9,17.45,16.81,17.24,17654871.0,303426003.0,1116288870.0,0.01581568308568731,17.2,17.621000000000002,18.005000000000003,19.798666666666666,40.3465345136506,12897609.3,20.122666666666664,True,True,18.99
2023-05-18,17.18,17.35,16.73,16.79,17146758.0,290297029.0,1116288870.0,0.015360502519388194,17.026,17.49,17.916000000000004,19.7375,36.547085087071935,13245797.2,20.071,True,True,18.99
2023-05-19,16.71,17.5,16.63,17.19,19019136.0,326862996.0,1116288870.0,0.017037826418532687,17.082,17.404000000000003,17.866,19.682166666666664,28.17258873238167,13592033.9,20.001333333333335,True,True,18.99
2023-05-22,17.31,17.47,17.02,17.15,13630386.0,235375754.0,1116288870.0,0.012210446924907529,17.067999999999998,17.308999999999997,17.8035,19.6255,26.410256315450383,13709244.3,19.928333333333335,True,True,18.99
2023-05-23,17.17,17.19,16.8,16.81,8529500.0,144386278.0,1116288870.0,0.007640943333959784,17.035999999999998,17.192,17.732499999999998,19.547166666666666,26.82291656887479,13602741.1,19.854500000000005,True,True,18.99
2023-05-24,16.79,16.95,16.67,16.71,7121383.0,119645233.0,1116288870.0,0.006379516262667745,16.93,17.065,17.668,19.473666666666666,29.855072342617106,13400356.15,19.798666666666666,True,True,18.99
2023-05-25,16.78,17.13,16.67,17.02,12045159.0,204293771.0,1116288870.0,0.010790360204881376,16.976000000000003,17.001,17.618000000000002,19.3995,36.11859824645272,13643138.35,19.7375,True,True,18.99
2023-05-26,17.1,17.11,16.53,16.73,12249776.0,205031620.0,1116288870.0,0.010973661324778774,16.883999999999997,16.982999999999997,17.555,19.3155,32.65822773235057,13690441.8,19.682166666666664,True,True,18.99
2023-05-29,16.8,16.84,16.37,16.43,13390666.0,221855550.0,1116288870.0,0.011995699643587775,16.740000000000002,16.904,17.431,19.226,31.23486672220625,13389321.75,19.6255,True,True,18.99
2023-05-30,16.4,16.52,16.0,16.35,13619801.0,221448346.0,1116288870.0,0.012200964612322973,16.648000000000003,16.842,17.299,19.137,30.641330064375623,13460066.1,19.547166666666666,True,True,18.99
2023-05-31,16.3,16.64,16.25,16.46,10424159.0,172021151.0,1116288870.0,0.009338227120368942,16.598,16.764000000000003,17.1925,19.041333333333334,34.99999987749999,13383368.65,19.473666666666666,True,True,18.59
2023-06-01,16.37,16.55,16.22,16.3,9129678.0,149240620.0,1116288870.0,0.008178598072020551,16.454,16.715,17.1025,18.929666666666666,41.055718306516106,13319320.65,19.3995,True,True,18.1
2023-06-02,16.32,16.78,16.32,16.59,12158979.0,202235387.0,1116288870.0,0.010892323059711238,16.426,16.654999999999998,17.0295,18.828,40.70796443365443,13552694.05,19.3155,True,True,18.1
2023-06-05,16.64,16.66,16.2,16.29,10841810.0,176982822.0,1116288870.0,0.009712369523132484,16.398000000000003,16.569,16.939,18.73033333333333,40.11627890650352,13272924.35,19.226,True,True,18.1
2023-06-06,16.22,16.27,15.71,15.73,14222359.0,226847255.0,1116288870.0,0.012740751414998879,16.274,16.461000000000002,16.826500000000003,18.623333333333335,29.758713025034325,13384537.55,19.137,True,True,17.98
2023-06-07,15.77,16.05,15.71,15.77,9363905.0,148638045.0,1116288870.0,0.008388424584041584,16.136000000000003,16.367,16.716,18.516166666666667,34.63855407080128,13395651.1,19.041333333333334,True,True,17.98
2023-06-08,15.78,17.35,15.5,16.94,36377875.0,599748716.0,1116288870.0,0.032588226916568645,16.264000000000003,16.359,16.68,18.44816666666667,46.94376512048589,14843813.65,18.929666666666666,True,True,17.66
2023-06-09,16.94,17.26,16.58,17.26,35570056.0,604531962.0,1116288870.0,0.0318645620823936,16.398000000000003,16.412,16.697499999999998,18.381833333333336,51.258581071482844,14959210.35,18.828,False,True,17.24
2023-06-12,17.12,17.22,16.72,17.11,16560968.0,281079192.0,1116288870.0,0.01483573691816886,16.562,16.48,16.692,18.32283333333333,53.58851656692842,15051693.3,18.73033333333333,False,False,17.26
2023-06-13,17.02,17.21,16.88,17.1,10053744.0,171524121.0,1116288870.0,0.009006399929437619,16.836000000000002,16.555,16.698500000000003,18.2595,54.76772597390022,14955548.45,18.623333333333335,False,False,17.26
2023-06-14,17.1,17.56,17.0,17.44,16489414.0,286175316.0,1116288870.0,0.014771637022592548,17.169999999999998,16.653,16.7085,18.203666666666667,55.09708719141769,14897275.6,18.516166666666667,False,False,17.26
2023-06-15,17.44,17.85,17.29,17.55,16409902.0,288339993.0,1116288870.0,0.01470040814793755,17.292,16.778000000000002,16.746499999999997,18.151999999999997,60.40609115591745,14860432.8,18.44816666666667,False,False,17.44
2023-06-16,17.55,17.75,17.43,17.58,11980187.0,210879372.0,1116288870.0,0.010732156632539031,17.356,16.877000000000002,16.766,18.105000000000004,65.6675746813771,14508485.35,18.381833333333336,False,False,17.55
2023-06-19,17.75,18.02,17.48,17.85,16249243.0,289239186.0,1116288870.0,0.014556485723986481,17.503999999999998,17.033,16.801,18.054166666666667,69.43005156165266,14639428.2,18.32283333333333,False,False,17.58
2023-06-20,17.8,17.93,17.59,17.74,13107549.0,232554301.0,1116288870.0,0.011742076224409547,17.631999999999998,17.234,16.8475,18.011333333333333,66.58031063934598,14868330.65,18.2595,False,False,17.85
2023-06-21,17.67,17.87,17.36,17.39,10172617.0,178840505.0,1116288870.0,0.009112889390360042,17.622,17.395999999999997,16.8815,17.9695,63.456789904099985,15020892.35,18.203666666666667,False,False,17.85
2023-06-26,17.39,17.49,17.0,17.06,9249950.0,158879918.0,1116288870.0,0.00828634079277347,17.524,17.407999999999998,16.883499999999998,17.9205,55.74572108057697,14881131.9,18.151999999999997,False,False,17.85
2023-06-27,17.07,17.66,17.01,17.57,12331535.0,214272881.0,1116288870.0,0.011046903119261594,17.522,17.439,16.9255,17.88266666666667,64.88372071898323,14885219.85,18.105000000000004,False,False,17.85
2023-06-28,17.6,18.25,17.1,18.08,19057559.0,339439325.0,1116288870.0,0.017072246720510616,17.568,17.535999999999998,17.008000000000003,17.860999999999997,77.64705856775082,15168564.5,18.054166666666667,False,False,17.85
2023-06-29,18.06,18.55,17.95,18.51,23578145.0,433601076.0,1116288870.0,0.02112190279206134,17.722,17.677,17.116,17.848666666666663,79.52586182901678,15666481.7,18.011333333333333,False,False,18.08
2023-06-30,18.41,19.28,18.33,19.09,27316087.0,520030445.0,1116288870.0,0.024470446435607657,18.062,17.842,17.2475,17.841833333333334,76.54320961194935,16511078.1,17.9695,False,False,18.51
2023-07-03,19.49,19.56,18.83,19.0,19432859.0,371547242.0,1116288870.0,0.017408450018855784,18.45,17.987000000000002,17.3825,17.815333333333335,72.77486884323342,17026237.15,17.9205,False,False,19.09
2023-07-04,19.1,19.31,18.95,19.26,13141023.0,252172162.0,1116288870.0,0.011772063086143644,18.788000000000004,18.155,17.516000000000002,17.797166666666666,77.35368929186981,17075339.35,17.88266666666667,False,False,19.09
2023-07-05,19.3,19.59,19.19,19.4,13907274.0,269589911.0,1116288870.0,0.012458490247242186,19.052,18.31,17.6715,17.789666666666665,78.32512288262268,17228612.55,17.860999999999997,False,False,19.26
2023-07-06,18.86,19.86,18.45,19.67,32119263.0,618704371.0,1116288870.0,0.02877325382631469,19.284,18.503,17.8685,17.773,77.9448618818977,18123457.75,17.848666666666663,False,False,19.4
2023-07-07,19.67,19.79,18.71,18.75,25570695.0,490065746.0,1116288870.0,0.0229068798294119,19.216,18.639000000000003,18.017500000000002,17.747166666666665,62.49999981770831,18933797.25,17.841833333333334,False,False,19.67
2023-07-10,18.97,19.17,18.44,18.68,12802844.0,240093140.0,1116288870.0,0.011469113725016357,19.152,18.801000000000002,18.1045,17.726833333333335,61.36363618613823,17755045.7,17.815333333333335,False,False,19.67
2023-07-11,18.68,18.78,18.39,18.41,12826465.0,237780795.0,1116288870.0,0.011490274018408873,18.982,18.884999999999998,18.162,17.702,55.7851238055802,16617866.15,17.797166666666666,False,False,19.67
2023-07-12,18.49,18.6,17.97,18.01,17101035.0,310024494.0,1116288870.0,0.015319542691489883,18.704,18.878,18.207,17.682333333333336,52.631578803734506,16644869.5,17.789666666666665,False,False,19.67
2023-07-13,18.04,18.74,17.85,18.64,18370537.0,337027412.0,1116288870.0,0.016456794915459472,18.498,18.891000000000002,18.284,17.68433333333333,61.552680062525404,17060709.15,17.773,True,False,19.67
2023-07-14,18.5,18.59,18.05,18.11,14111697.0,257225370.0,1116288870.0,0.012641617576998686,18.37,18.793,18.3175,17.677000000000003,59.35828862192228,16941823.3,17.747166666666665,False,True,19.67
2023-07-17,18.14,18.3,17.87,18.18,12371278.0,223223053.0,1116288870.0,0.011082505910858003,18.27,18.711000000000002,18.348999999999997,17.6705,55.89941957783521,16739892.1,17.726833333333335,True,False,19.67
2023-07-18,18.22,18.25,17.56,17.81,18455638.0,328027755.0,1116288870.0,0.016533030558658172,18.15,18.566,18.3605,17.66416666666667,47.31610324802676,17063664.65,17.702,True,True,19.67
2023-07-19,17.7,18.0,17.7,17.84,8733981.0,155922220.0,1116288870.0,0.007824122621593458,18.116,18.410000000000004,18.360000000000003,17.654833333333332,42.764578704383545,16687901.55,17.682333333333336,True,True,19.67
2023-07-20,17.83,17.94,17.49,17.54,8416131.0,148903622.0,1116288870.0,0.007539384496416237,17.895999999999997,18.197,18.35,17.64333333333333,32.18390794239663,16453330.65,17.68433333333333,True,True,19.67
2023-07-21,17.54,17.63,17.3,17.5,8077995.0,140861740.0,1116288870.0,0.007236473655784098,17.773999999999997,18.072,18.3555,17.634999999999998,32.558139428880494,16348599.55,17.677000000000003,True,True,19.67
2023-07-24,17.44,18.03,17.37,17.85,11370425.0,202522782.0,1116288870.0,0.010185916303187723,17.708000000000002,17.988999999999997,18.395000000000003,17.632166666666663,33.94077437923217,16454623.3,17.6705,True,True,19.67
2023-07-25,17.91,18.16,17.66,17.94,10046214.0,179738783.0,1116288870.0,0.008999654363659472,17.734,17.942,18.413500000000003,17.63133333333333,33.17972339527283,16340357.25,17.66416666666667,True,True,19.67
2023-07-26,17.99,17.99,17.6,17.67,6282555.0,111310553.0,1116288870.0,0.005628072776538567,17.7,17.908,18.393,17.610666666666667,26.95852525865915,15701607.05,17.654833333333332,True,True,19.67
2023-07-27,17.7,18.52,17.54,17.56,17787554.0,319801228.0,1116288870.0,0.015934543896330346,17.704,17.8,18.3455,17.586833333333335,33.14447578922872,15412077.5,17.64333333333333,True,True,19.67
2023-07-28,17.51,17.71,17.36,17.69,6404740.0,112282816.0,1116288870.0,0.0057375292114128125,17.742,17.758000000000003,18.2755,17.571833333333334,36.21169902312992,14366510.15,17.634999999999998,True,True,19.67
2023-07-31,17.6,17.95,17.17,17.58,13454363.0,235425804.0,1116288870.0,0.012052761038457725,17.688,17.698,18.204500000000003,17.563166666666667,37.90087448087108,14067585.35,17.632166666666663,True,True,19.67
2023-08-01,17.52,17.96,17.43,17.73,8296304.0,146870415.0,1116288870.0,0.007432040417996822,17.646,17.69,18.128,17.557833333333335,45.597484075985925,13825349.4,17.63133333333333,True,True,19.67
2023-08-02,17.88,18.03,17.2,17.22,13810800.0,240988114.0,1116288870.0,0.012372066380989716,17.556,17.628,18.019,17.543166666666664,26.797385498312707,13820525.7,17.610666666666667,True,True,19.67
2023-08-03,17.2,17.28,16.93,17.03,9022928.0,153895907.0,1116288870.0,0.008082968703253307,17.45,17.577,17.887,17.52733333333333,30.147058668360856,12665708.95,17.586833333333335,True,True,19.67
2023-08-04,17.08,17.74,16.8,17.46,16991073.0,292612779.0,1116288870.0,0.01522103593131767,17.404,17.573,17.822499999999998,17.518666666666668,38.311688137544344,12236727.85,17.571833333333334,True,True,18.75
2023-08-07,18.03,18.79,18.03,18.14,34225324.0,630850883.0,1116288870.0,0.030659916908425327,17.516,17.602,17.795499999999997,17.526666666666667,54.86725641057771,13307851.85,17.563166666666667,True,True,18.68
2023-08-08,18.09,18.28,17.71,17.71,12596868.0,225531734.0,1116288870.0,0.011284595178307207,17.512,17.579,17.7605,17.54,48.284960243802274,13296372.0,17.557833333333335,False,True,18.64
2023-08-09,17.59,17.78,17.18,17.26,10026300.0,174808816.0,1116288870.0,0.008981814895278854,17.52,17.538,17.723000000000003,17.540666666666663,46.446700342575205,12942635.25,17.543166666666664,True,False,18.64
2023-08-10,17.26,17.43,17.21,17.4,3982772.0,69111987.0,1116288870.0,0.003567868593010338,17.594,17.522,17.660999999999998,17.547833333333333,48.76237606864522,12223247.0,17.52733333333333,True,True,18.64
2023-08-11,17.3,17.4,16.88,16.92,8070392.0,138095228.0,1116288870.0,0.007229662694746746,17.486,17.445,17.6015,17.542500000000004,38.848920732881325,11921181.75,17.518666666666668,True,True,18.18
2023-08-14,16.8,17.53,16.7,17.51,11247633.0,193071938.0,1116288870.0,0.01007591610225407,17.360000000000003,17.438000000000002,17.568,17.5545,45.39614547418715,11864999.5,17.526666666666667,True,True,18.18
2023-08-15,17.51,17.67,17.0,17.09,6797178.0,117421138.0,1116288870.0,0.006089085166637915,17.236,17.374000000000002,17.532,17.552833333333336,43.98340236187392,11282076.5,17.54,True,True,18.14
2023-08-16,17.05,17.06,16.73,16.79,6520774.0,109996404.0,1116288870.0,0.005841475423830034,17.142000000000003,17.331,17.479499999999998,17.546833333333332,42.31536914323051,11171416.15,17.540666666666663,True,True,18.14
2023-08-17,16.8,17.23,16.59,17.08,9256735.0,157163430.0,1116288870.0,0.00829241896857755,17.078,17.336,17.4565,17.551333333333336,44.1005801513717,11213446.35,17.547833333333333,True,True,18.14
2023-08-18,17.1,17.16,16.62,16.64,7125196.0,120285269.0,1116288870.0,0.006382932045179309,17.022,17.254,17.413500000000003,17.550166666666666,41.4545453490248,11165806.4,17.542500000000004,True,True,18.14
2023-08-21,16.7,16.77,16.32,16.33,6088285.0,100758300.0,1116288870.0,0.0054540407627642114,16.785999999999998,17.073,17.3375,17.538666666666664,37.63250874083828,10901699.4,17.5545,True,True,18.14
2023-08-22,16.4,16.55,16.21,16.53,5666300.0,92808438.0,1116288870.0,0.005076015852419992,16.674,16.955,17.267,17.535333333333334,43.55140175519261,10682703.7,17.552833333333336,True,True,18.14
2023-08-23,16.54,16.54,15.9,15.91,6815400.0,109660577.0,1116288870.0,0.006105408898325753,16.497999999999998,16.82,17.179,17.526666666666664,40.31141858748098,10709345.95,17.546833333333332,True,True,18.14
2023-08-24,15.99,16.55,15.81,16.18,8958024.0,144768243.0,1116288870.0,0.008024826047042823,16.318,16.698,17.11,17.523833333333336,38.61209954794137,10267869.45,17.551333333333336,True,True,18.14
2023-08-25,16.02,16.49,15.95,16.42,8014385.0,130808149.0,1116288870.0,0.007179490197729912,16.274,16.648000000000003,17.0465,17.52316666666667,33.397683307419385,10348351.7,17.550166666666666,True,True,18.14
2023-08-28,17.23,17.39,16.2,16.21,10107617.0,168455094.0,1116288870.0,0.009054660734904577,16.25,16.517999999999997,16.978,17.521666666666665,34.87903215961563,10181014.4,17.538666666666664,True,True,18.14
2023-08-29,16.21,17.43,16.21,17.23,17369614.0,295733961.0,1116288870.0,0.015560142600006394,16.39,16.532,16.953,17.53233333333333,49.728752134502244,10634679.9,17.535333333333334,True,True,18.14
2023-08-30,17.26,17.41,17.1,17.19,6285297.0,108335239.0,1116288870.0,0.00563052912997332,16.646,16.572,16.951500000000003,17.54733333333333,48.06629821861362,10258404.75,17.526666666666664,False,True,18.14
2023-08-31,17.2,17.33,16.99,17.08,5906126.0,101254968.0,1116288870.0,0.005290858091239412,16.826,16.572,16.954,17.56983333333333,51.58102752526985,10102564.65,17.523833333333336,False,False,18.14
2023-09-01,16.91,17.14,16.91,17.04,4889898.0,83215351.0,1116288870.0,0.0043804951669902436,16.95,16.612000000000002,16.933,17.591,44.78935684544322,9497505.9,17.52316666666667,False,False,18.14
2023-09-04,17.15,17.28,16.93,17.18,5058300.0,86572287.0,1116288870.0,0.004531353967544261,17.144,16.697,16.884999999999998,17.594999999999995,51.06382961822845,8039154.7,17.521666666666665,False,False,18.14
2023-09-05,17.18,17.54,17.08,17.36,10597447.0,183725382.0,1116288870.0,0.009493462924162274,17.169999999999998,16.78,16.8675,17.596666666666668,56.93430637540626,7939183.65,17.53233333333333,False,False,17.71
2023-09-06,17.28,17.55,17.0,17.43,8407601.0,145224795.0,1116288870.0,0.007531743105169543,17.218,16.932000000000002,16.875999999999998,17.602,54.49871445681697,7858248.7,17.54733333333333,False,False,17.51
2023-09-07,17.47,17.6,17.2,17.2,9150025.0,159312667.0,1116288870.0,0.008196825432829048,17.242,17.034,16.866,17.603666666666665,57.608695433010354,8116611.35,17.56983333333333,False,False,17.51
2023-09-08,17.06,17.64,17.06,17.4,13084804.0,228244994.0,1116288870.0,0.011721700674127478,17.314,17.131999999999998,16.89,17.603,64.98599414291203,8367331.95,17.591,False,False,17.51
2023-09-11,17.39,17.49,16.75,16.89,19084400.0,325065432.0,1116288870.0,0.017096291571911847,17.256,17.2,16.859,17.592,54.63917506058028,8759170.3,17.594999999999995,False,False,17.51
2023-09-12,16.9,17.14,16.69,16.79,11715968.0,197916504.0,1116288870.0,0.010495462523065378,17.142000000000003,17.156,16.844,17.578833333333332,63.09523783234124,9005109.8,17.596666666666668,False,False,17.43
2023-09-13,16.79,16.83,16.33,16.44,10151119.0,167563783.0,1116288870.0,0.009093630934437248,16.944,17.081,16.826500000000003,17.555333333333333,53.779069548573574,9186627.05,17.602,True,False,17.43
2023-09-14,16.52,16.52,16.15,16.41,8814500.0,143776832.0,1116288870.0,0.007896253592495283,16.786,17.014000000000003,16.793,17.533166666666666,49.845201022342756,9164515.3,17.603666666666665,True,True,17.43
2023-09-15,16.43,16.48,16.12,16.32,10851162.0,175826770.0,1116288870.0,0.009720747282914322,16.57,16.942,16.776999999999997,17.51533333333333,51.76848851293928,9350813.6,17.603,True,True,17.43
2023-09-18,16.25,16.79,16.1,16.74,8758763.0,144378113.0,1116288870.0,0.007846322968354956,16.54,16.898000000000003,16.7975,17.509999999999998,40.23904360026026,9484337.5,17.592,True,True,17.43
2023-09-19,16.62,16.69,16.14,16.19,9306866.0,152073812.0,1116288870.0,0.008337327595141211,16.419999999999998,16.781,16.7805,17.487000000000002,33.44370845423444,9666365.8,17.578833333333332,True,True,17.43
2023-09-20,16.11,16.28,15.85,15.87,8249887.0,132229994.0,1116288870.0,0.007390458887223341,16.306,16.625,16.7785,17.45016666666667,31.269349709668433,9738090.15,17.555333333333333,True,True,17.43
2023-09-21,15.88,16.05,15.82,15.9,5706449.0,90897023.0,1116288870.0,0.00511198234915663,16.204,16.494999999999997,16.764499999999998,17.40666666666667,32.298136505536064,9575511.4,17.533166666666666,True,True,17.43
2023-09-22,15.83,16.15,15.83,16.02,9173293.0,146685661.0,1116288870.0,0.008217669499831168,16.144,16.357,16.7445,17.3555,31.87499986054685,9633456.8,17.51533333333333,True,True,17.43
2023-09-25,16.0,16.24,15.89,16.1,6535180.0,105133382.0,1116288870.0,0.005854380685529902,16.016,16.278,16.738999999999997,17.307166666666667,29.67741922081167,9454834.95,17.509999999999998,True,True,17.43
2023-09-26,16.08,16.15,15.65,15.7,11239400.0,178210857.0,1116288870.0,0.010068540771171534,15.918000000000001,16.169000000000004,16.6625,17.247833333333332,24.78134100672338,9148324.25,17.487000000000002,True,True,17.43
2023-09-27,15.7,16.04,15.68,15.81,7072484.0,112361004.0,1116288870.0,0.006335711293081333,15.906,16.106,16.5935,17.188,29.003021025364887,9187683.6,17.45016666666667,True,True,17.43
2023-09-28,15.85,16.23,15.83,16.01,10092104.0,162105053.0,1116288870.0,0.009040763794411029,15.928,16.066,16.54,17.127000000000002,29.003021025364916,9396982.5,17.40666666666667,True,True,17.43
2023-10-09,16.03,16.14,15.9,15.93,5782664.0,92339740.0,1116288870.0,0.0051802576872418335,15.910000000000002,16.027,16.4845,17.08,33.33333317129632,9441620.8,17.3555,True,True,17.43
2023-10-10,15.92,16.06,15.52,15.54,11263032.0,176785770.0,1116288870.0,0.010089710918644204,15.798000000000002,15.907,16.4025,17.027666666666665,30.283911538178344,9751857.4,17.307166666666667,True,True,17.43
2023-10-11,15.57,15.73,15.44,15.69,7783453.0,121214118.0,1116288870.0,0.006972615430627737,15.796000000000001,15.857,16.319,16.982333333333333,37.37373719756487,9611157.7,17.247833333333332,True,True,17.43
2023-10-12,15.63,15.78,15.48,15.72,7273220.0,113615929.0,1116288870.0,0.006515535714335305,15.778,15.841999999999999,16.2335,16.944166666666668,38.383838202904506,9554438.65,17.188,True,True,17.43
2023-10-13,15.63,15.64,15.07,15.11,12729667.0,194233983.0,1116288870.0,0.011403559904704595,15.597999999999999,15.763000000000002,16.129,16.88533333333333,32.66475631595803,9733420.75,17.127000000000002,True,True,17.4
2023-10-16,15.11,15.2,14.4,14.41,19372393.0,284400101.0,1116288870.0,0.017354283036074704,15.294,15.602,15.979499999999998,16.823666666666668,19.09814316515289,10047800.2,17.08,True,True,17.4
2023-10-17,14.52,14.53,13.66,13.96,21611951.0,300368139.0,1116288870.0,0.019360536130759772,14.978,15.388,15.832999999999998,16.753333333333334,19.618528535515253,10174177.75,17.027666666666665,True,True,16.89
2023-10-18,13.97,14.15,13.88,13.97,9829716.0,137559131.0,1116288870.0,0.008805709941370284,14.634,15.215,15.692000000000002,16.689333333333334,21.726190385664793,10079865.15,16.982333333333333,True,True,16.79
2023-10-19,13.94,13.94,13.5,13.54,11067996.0,151247571.0,1116288870.0,0.009914992702560943,14.198000000000002,14.988,15.547,16.617666666666665,18.61702120727712,10125709.0,16.944166666666668,True,True,16.74
2023-10-20,13.48,13.85,13.31,13.58,10213363.0,139544919.0,1116288870.0,0.0091493906949014,13.892000000000001,14.745,15.4055,16.551666666666666,16.847826022861653,10195652.15,16.88533333333333,True,True,16.74
2023-10-23,13.63,13.63,13.05,13.14,10930935.0,144907137.0,1116288870.0,0.009792209968016613,13.638,14.466,15.246500000000001,16.479,13.366336587344449,10199640.8,16.823666666666668,True,True,16.74
2023-10-24,13.17,13.47,13.05,13.42,9594094.0,127777875.0,1116288870.0,0.00859463375282063,13.530000000000001,14.254,15.0805,16.405166666666666,20.91836727223037,10241407.35,16.753333333333334,True,True,16.74
2023-10-25,13.44,14.28,13.43,14.1,15313588.0,214660738.0,1116288870.0,0.013718302145214438,13.556000000000001,14.094999999999999,14.975999999999999,16.341166666666666,30.957683645120824,10541743.45,16.689333333333334,True,True,16.19
2023-10-26,14.01,14.44,13.9,14.39,10896423.0,154418604.0,1116288870.0,0.009761293239446167,13.725999999999999,13.962,14.902000000000001,16.2865,32.314410381571676,10674070.25,16.617666666666665,True,True,16.1
2023-10-27,14.23,14.5,14.22,14.42,7589512.0,109289006.0,1116288870.0,0.006798878143432533,13.894,13.893,14.828,16.234166666666667,33.33333323031641,10768223.4,16.551666666666666,True,True,16.1
2023-10-30,14.32,14.67,14.26,14.6,7545018.0,109630172.0,1116288870.0,0.006759019285035065,14.186000000000002,13.912,14.757,16.182666666666666,39.12037024359141,10686809.65,16.479,True,True,16.1
2023-10-31,14.6,14.64,14.3,14.41,6194657.0,89466923.0,1116288870.0,0.005549331509504345,14.384,13.956999999999999,14.672500000000003,16.129833333333334,35.32110080401482,10669783.5,16.405166666666666,True,True,16.1
2023-11-01,14.5,14.51,14.28,14.29,5633380.0,81025676.0,1116288870.0,0.005046525277995471,14.422,13.988999999999999,14.601999999999999,16.0725,33.93258416290871,10389482.5,16.341166666666666,True,True,16.01
2023-11-02,14.37,14.38,14.12,14.18,6245885.0,88832278.0,1116288870.0,0.005595222856607,14.38,14.053,14.520499999999998,16.021833333333333,38.22784796577472,10348152.55,16.2865,True,True,16.01
2023-11-03,14.36,14.56,14.14,14.49,7392050.0,106827195.0,1116288870.0,0.00662198665476258,14.394,14.144,14.4445,15.9795,51.12359530457014,10213149.85,16.234166666666667,True,True,16.01
2023-11-06,14.57,14.77,14.53,14.7,8466209.0,124321783.0,1116288870.0,0.007584245644230064,14.414000000000001,14.3,14.383,15.9335,61.1445780554144,10347327.1,16.182666666666666,False,True,15.93
2023-11-07,14.7,14.7,14.36,14.57,9182500.0,133471526.0,1116288870.0,0.008225917364920067,14.446000000000002,14.415000000000001,14.3345,15.874,58.720929993577606,10243300.5,16.129833333333334,False,False,15.72
2023-11-08,14.51,14.65,14.38,14.46,9218870.0,133742658.0,1116288870.0,0.008258498537211072,14.48,14.450999999999999,14.273000000000001,15.819833333333332,64.74358945307367,10315071.35,16.0725,False,False,15.72
2023-11-09,14.44,15.05,14.4,14.79,14423136.0,213348045.0,1116288870.0,0.012920612565097061,14.602,14.491000000000003,14.226499999999998,15.778666666666668,67.7419352057516,10672567.15,16.021833333333333,False,False,15.72
2023-11-10,14.7,15.02,14.51,14.87,9788477.0,145449446.0,1116288870.0,0.008768766994872931,14.678,14.535999999999998,14.214499999999997,15.736500000000001,78.36065537801669,10525507.65,15.9795,False,False,15.11
2023-11-13,14.89,15.43,14.79,15.33,12331678.0,186657656.0,1116288870.0,0.011047031222303596,14.803999999999998,14.609,14.260499999999999,15.71,79.56656312262174,10173471.9,15.9335,False,False,14.87
2023-11-14,15.38,15.85,15.25,15.32,13805228.0,213703089.0,1116288870.0,0.01236707484147898,14.953999999999999,14.7,14.328500000000002,15.673499999999999,73.82812459625248,9783135.75,15.874,False,False,15.33
2023-11-15,15.44,15.49,15.09,15.2,8834619.0,134302751.0,1116288870.0,0.007914276705096953,15.102,14.791,14.39,15.642,66.94560630241067,9733380.9,15.819833333333332,False,False,15.33
2023-11-16,15.17,15.3,15.03,15.07,5321621.0,80482207.0,1116288870.0,0.00476724362574716,15.158000000000001,14.88,14.4665,15.613333333333333,63.052208480830984,9446062.15,15.778666666666668,False,False,15.33
2023-11-17,15.01,15.15,15.0,15.03,5358620.0,80725970.0,1116288870.0,0.004800388272257879,15.189999999999998,14.934000000000001,14.538999999999998,15.579166666666667,59.14893581783613,9203325.0,15.736500000000001,False,False,15.33
2023-11-20,15.03,15.62,15.03,15.58,13211545.0,203439086.0,1116288870.0,0.011835238489836416,15.24,15.022,14.661000000000001,15.5615,71.586715497338,9317355.5,15.71,False,False,15.33
2023-11-21,15.58,15.78,15.35,15.36,8433984.0,131001825.0,1116288870.0,0.007555377668506181,15.248,15.100999999999999,14.758,15.545333333333334,69.03914556350605,9259350.0,15.673499999999999,False,False,15.58
2023-11-22,15.35,15.39,15.04,15.04,6719301.0,101837405.0,1116288870.0,0.006019320966623989,15.216,15.159,14.804999999999998,15.5205,64.23841029823254,8829635.65,15.642,False,False,15.58
2023-11-23,15.01,15.17,14.9,15.09,3953535.0,59477024.0,1116288870.0,0.00354167734378647,15.219999999999999,15.188999999999998,14.839999999999998,15.506833333333335,60.86956490863263,8482491.25,15.613333333333333,False,False,15.58
2023-11-24,15.1,15.15,14.8,14.9,5560423.0,82796500.0,1116288870.0,0.004981168539286789,15.193999999999999,15.192000000000002,14.864,15.4855,53.64963476237415,8381036.8,15.579166666666667,False,False,15.58
2023-11-27,15.06,15.15,14.79,15.06,9809119.0,147135493.0,1116288870.0,0.00878725862419465,15.09,15.165000000000001,14.887,15.462833333333332,58.84476504554992,8494241.85,15.5615,False,False,15.58
2023-11-28,15.06,15.17,14.94,15.12,5013100.0,75657540.0,1116288870.0,0.004490862656366,15.042000000000002,15.145,14.9225,15.444666666666667,62.132352621377564,8435164.0,15.545333333333334,False,False,15.58
2023-11-29,15.12,15.23,14.97,14.97,5414338.0,81721061.0,1116288870.0,0.004850301875714304,15.028,15.122,14.9565,15.407,53.54330679149361,8424211.9,15.5205,False,False,15.58
2023-11-30,14.95,15.1,14.63,14.7,7689300.0,113960668.0,1116288870.0,0.006888270775287762,14.95,15.084999999999999,14.982499999999998,15.3655,46.88644664600358,8496382.65,15.506833333333335,False,False,15.58
2023-12-01,15.08,15.1,14.54,14.67,9701164.0,142724530.0,1116288870.0,0.008690549785737809,14.904,15.048999999999998,14.991499999999998,15.325333333333333,35.652173696030246,8611838.35,15.4855,True,False,15.58
2023-12-04,14.63,15.05,14.5,14.83,8755815.0,129265715.0,1116288870.0,0.007843682074873685,14.857999999999999,14.974,14.998,15.2885,39.99999977142858,8626318.65,15.462833333333332,True,True,15.58
2023-12-05,14.82,14.92,14.63,14.69,6832600.0,100854994.0,1116288870.0,0.006120817096384738,14.772,14.907,15.004000000000001,15.246999999999998,39.676113135439046,8508823.65,15.444666666666667,True,True,15.58
2023-12-06,14.69,14.98,14.52,14.95,6637402.0,98317504.0,1116288870.0,0.005945953756575572,14.768,14.898,15.0285,15.206833333333332,47.69230743550295,8379750.25,15.407,True,True,15.58
2023-12-07,14.93,15.35,14.72,15.22,11178454.0,168915547.0,1116288870.0,0.010013943792165553,14.872,14.910999999999998,15.05,15.17,53.35689019540763,8217516.15,15.3655,True,True,15.58
2023-12-08,15.29,15.32,15.05,15.13,15859987.0,241226184.0,1116288870.0,0.01420778028540229,14.963999999999999,14.934000000000001,15.062999999999999,15.1355,40.50632887464618,8521091.65,15.325333333333333,False,True,15.58
2023-12-11,15.15,15.73,14.91,15.68,14155374.0,218944049.0,1116288870.0,0.01268074454598835,15.134,14.995999999999999,15.0805,15.106833333333332,55.925925635939656,8612276.45,15.2885,False,False,15.58
2023-12-12,15.66,16.1,15.55,15.86,11362350.0,179754456.0,1116288870.0,0.010178682512529217,15.368,15.069999999999999,15.107499999999998,15.089666666666666,66.01562463897707,8490132.55,15.246999999999998,False,False,15.68
2023-12-13,15.84,15.98,15.71,15.76,7032661.0,111108224.0,1116288870.0,0.0063000368354474414,15.529999999999998,15.148999999999997,15.135499999999999,15.0725,62.835248705098294,8400034.65,15.206833333333332,False,False,15.86
2023-12-14,15.76,15.99,15.44,15.45,6612436.0,103404676.0,1116288870.0,0.005923588577927862,15.575999999999999,15.224,15.154499999999999,15.056000000000001,60.07325976519206,8464575.4,15.17,False,False,15.86
2023-12-15,15.48,15.54,15.26,15.34,3978225.0,61196372.0,1116288870.0,0.0035637952746048612,15.618,15.291,15.170000000000002,15.038166666666665,55.22388030853196,8395555.65,15.1355,False,False,15.86
2023-12-18,15.26,15.5,15.06,15.13,6070462.0,92530856.0,1116288870.0,0.0054380744654383235,15.508,15.321000000000002,15.147499999999999,15.018333333333333,50.17667819700586,8038501.5,15.106833333333332,False,False,15.86
2023-12-19,15.18,15.2,14.91,15.04,6036337.0,90628093.0,1116288870.0,0.005407504421324204,15.344,15.356,15.131499999999999,14.99,51.263537647043464,7918619.15,15.089666666666666,True,False,15.86
2023-12-20,15.04,15.09,14.01,14.13,10536321.0,151745101.0,1116288870.0,0.009438704696571954,15.018,15.274000000000001,15.086000000000002,14.955666666666668,41.64222856803779,8109470.15,15.0725,True,True,15.86
2023-12-21,14.08,15.48,13.99,15.38,16624813.0,247820099.0,1116288870.0,0.014892930895208155,15.004000000000001,15.290000000000001,15.100500000000002,14.9475,57.667386434699054,8743034.05,15.056000000000001,True,True,15.86
2023-12-22,15.4,15.4,14.96,15.15,12341869.0,187003575.0,1116288870.0,0.011056160579653545,14.966,15.291999999999998,15.113,14.935,53.40425516007243,9082106.35,15.038166666666665,False,True,15.86
2023-12-25,15.19,15.83,15.17,15.6,13482485.0,210668050.0,1116288870.0,0.012077953442284165,15.060000000000002,15.284,15.14,14.928,59.08183616224637,9265774.65,15.018333333333333,False,False,15.86
2023-12-26,15.56,15.69,15.13,15.32,8048111.0,123352918.0,1116288870.0,0.007209702807482081,15.116,15.23,15.15,14.915,53.677932256164816,9417525.2,14.99,False,False,15.86
2023-12-27,15.32,15.53,15.13,15.3,8734111.0,133774231.0,1116288870.0,0.00782423907890437,15.35,15.184000000000001,15.166500000000003,14.908333333333333,50.836819934787556,9583513.85,14.955666666666668,False,False,15.86
2023-12-28,15.31,16.2,15.3,15.83,18484126.0,292610947.0,1116288870.0,0.0165585508346061,15.440000000000001,15.222,15.223000000000003,14.908666666666667,56.70498069082956,10123255.15,14.9475,False,False,15.86
2023-12-29,15.88,15.95,15.63,15.88,11918801.0,188191549.0,1116288870.0,0.01067716549032689,15.586000000000002,15.276000000000002,15.2835,14.9065,52.11864391320743,10234137.0,14.935,False,False,15.86
2024-01-02,16.07,16.81,15.94,16.41,22236352.0,365886824.0,1116288870.0,0.019919890449145123,15.748000000000001,15.404,15.3625,14.9145,55.42406296332607,10908163.85,14.928,False,False,15.88
2024-01-03,16.51,16.58,15.88,16.11,13053569.0,210613342.0,1116288870.0,0.011693719565617456,15.906,15.511000000000001,15.433499999999999,14.924000000000001,53.320682970305576,11219212.3,14.915,False,False,16.41
2024-01-04,16.12,16.4,15.86,16.02,9696862.0,155632279.0,1116288870.0,0.008686695944572125,16.05,15.7,15.487,14.929499999999999,55.643564202176265,11372185.3,14.908333333333333,False,False,16.41
2024-01-05,15.92,16.06,15.38,15.5,12399001.0,193771578.0,1116288870.0,0.011107340880322492,15.984,15.712,15.501000000000001,14.925833333333335,51.46520133323941,11433212.65,14.908666666666667,False,False,16.41
2024-01-08,15.48,15.59,14.72,14.75,11285119.0,169563830.0,1116288870.0,0.01010949701576797,15.758,15.672,15.482000000000003,14.919833333333335,46.83333322405555,11204469.25,14.9065,True,False,16.41
2024-01-09,14.76,14.95,14.51,14.72,11755223.0,173011580.0,1116288870.0,0.010530628151833137,15.419999999999998,15.584,15.434000000000001,14.925,47.30639719490076,11084461.7,14.9145,True,True,16.41
2024-01-10,14.68,14.92,14.44,14.5,8468156.0,123827898.0,1116288870.0,0.007585989816417322,15.097999999999999,15.501999999999999,15.366,14.934000000000001,53.52380938107936,10939752.0,14.924000000000001,True,True,16.41
2024-01-11,14.5,15.02,14.36,14.6,10688466.0,156269505.0,1116288870.0,0.009575000062483826,14.814000000000002,15.431999999999999,15.308000000000002,14.9445,40.48780473979772,11122542.25,14.929499999999999,True,True,16.41
2024-01-12,14.57,14.66,14.11,14.12,13791754.0,196665588.0,1116288870.0,0.012355004489115798,14.538,15.261,15.241500000000002,14.954166666666667,38.16091941741311,11481508.15,14.925833333333335,True,True,16.41
2024-01-15,14.06,14.19,13.69,13.72,11644202.0,161928354.0,1116288870.0,0.010431172712489735,14.331999999999999,15.044999999999998,15.160499999999999,14.9565,28.139534792103845,11864807.0,14.919833333333335,True,True,16.41
2024-01-16,13.73,14.1,13.55,13.78,9769422.0,134634863.0,1116288870.0,0.008751697040569795,14.144,14.782,15.093,14.967166666666666,31.127450873582248,12049755.0,14.925,True,True,16.41
2024-01-17,13.78,13.85,13.5,13.51,6829444.0,93567912.0,1116288870.0,0.006117989871206007,13.945999999999998,14.521999999999997,15.016500000000002,14.968666666666667,29.330253946738168,12089410.35,14.934000000000001,True,True,16.41
2024-01-18,13.39,13.59,12.95,13.42,17607164.0,231645503.0,1116288870.0,0.015772945940059405,13.709999999999999,14.262,14.980999999999998,14.957333333333334,19.023136178322872,12442952.5,14.9445,True,True,16.41
2024-01-19,13.31,13.47,12.98,13.01,8893404.0,117237590.0,1116288870.0,0.007966937805265407,13.488,14.013,14.8625,14.934333333333335,16.235294064166055,12056382.05,14.954166666666667,True,True,16.41
2024-01-22,12.95,12.97,12.15,12.2,13007943.0,162956628.0,1116288870.0,0.011652846632789593,13.184000000000001,13.758000000000001,14.715,14.897333333333332,3.5320088191063377,12089685.75,14.9565,True,True,16.41
2024-01-23,12.15,12.47,11.91,12.41,11366439.0,139242606.0,1116288870.0,0.0101823455428701,12.91,13.527000000000001,14.555499999999999,14.860833333333334,8.333333307057046,11983883.45,14.967166666666666,True,True,16.41
2024-01-24,12.45,12.53,11.93,12.4,9252004.0,113164773.0,1116288870.0,0.008288180818285862,12.687999999999999,13.317000000000002,14.4095,14.827333333333334,8.486238504860694,12044078.1,14.968666666666667,True,True,16.41
2024-01-25,12.42,13.29,12.27,13.0,20449635.0,264812871.0,1116288870.0,0.018319303855461714,12.604,13.157,14.2945,14.805833333333334,21.84684677796038,12629854.3,14.957333333333334,True,True,16.41
2024-01-26,13.0,13.1,12.75,13.05,14347447.0,185065911.0,1116288870.0,0.012852808431208312,12.612,13.05,14.1555,14.786999999999999,27.27272717063684,12423020.35,14.934333333333335,True,True,16.41
2024-01-29,13.02,13.15,12.4,12.44,11069203.0,140638520.0,1116288870.0,0.009916073963901477,12.66,12.922,13.983500000000001,14.752833333333335,23.611111034593605,12380540.45,14.897333333333332,True,True,16.41
2024-01-30,12.43,12.77,12.13,12.16,10797837.0,134979786.0,1116288870.0,0.00967297738980413,12.61,12.760000000000002,13.770999999999997,14.7105,23.287671158441228,11808614.7,14.860833333333334,True,True,16.41
2024-01-31,12.16,12.35,11.55,11.72,13820400.0,163085141.0,1116288870.0,0.012380666305487755,12.474,12.581,13.5515,14.663,19.49152536591498,11846956.25,14.827333333333334,True,True,16.11
2024-02-01,11.55,11.73,11.21,11.32,13411222.0,153289252.0,1116288870.0,0.012014114231919198,12.138000000000002,12.370999999999999,13.3165,14.610666666666667,19.82758614707194,12032674.25,14.805833333333334,True,True,16.02
2024-02-02,11.33,11.66,10.19,10.65,20450059.0,221142935.0,1116288870.0,0.018319683685460376,11.658,12.135,13.074000000000002,14.541666666666666,18.73727082233772,12435227.15,14.786999999999999,True,True,15.5
2024-02-05,10.6,10.6,9.59,9.83,26040031.0,259886038.0,1116288870.0,0.023327322971517222,11.136,11.898,12.828,14.457666666666665,15.167548463431103,13172972.75,14.752833333333335,True,True,14.75
2024-02-06,9.8,10.76,9.68,10.66,27196194.0,278279782.0,1116288870.0,0.02436304323270732,10.836,11.722999999999999,12.625,14.379833333333334,27.126805717532065,13945021.3,14.7105,True,True,14.72
2024-02-07,10.78,11.73,10.75,11.73,31944327.0,367565922.0,1116288870.0,0.028616541702149195,10.838,11.656,12.486500000000001,14.319999999999999,38.28016636117582,15118829.85,14.663,True,True,14.6
2024-02-08,11.89,12.89,11.76,12.1,34523907.0,429361906.0,1116288870.0,0.03092739516430008,10.994,11.565999999999999,12.361500000000001,14.268333333333334,43.654114280173275,16310601.9,14.610666666666667,True,True,14.6
2024-02-19,12.3,12.3,11.58,11.83,23934573.0,284621948.0,1116288870.0,0.021441200072164115,11.23,11.444,12.247,14.214333333333334,47.20965299231748,16817742.85,14.541666666666666,True,True,14.12
2024-02-20,11.7,11.78,11.44,11.64,14744193.0,170622549.0,1116288870.0,0.01320822360255191,11.592,11.364,12.143,14.157833333333334,44.17549158571001,16972742.4,14.457666666666665,True,True,13.78
2024-02-21,11.54,12.18,11.45,11.76,18565960.0,220467576.0,1116288870.0,0.016631859815999062,11.812000000000001,11.324,12.042,14.094166666666666,45.2380951438492,17412569.3,14.379833333333334,True,True,13.78
2024-02-22,11.68,11.94,11.66,11.82,14794254.0,174462935.0,1116288870.0,0.013253069521332771,11.830000000000002,11.334,11.9575,14.035166666666667,40.4530743420157,17810809.8,14.319999999999999,True,True,13.51
2024-02-23,11.88,12.16,11.7,12.04,19059449.0,227416788.0,1116288870.0,0.017073939830646166,11.818000000000001,11.406,11.8885,13.985166666666666,42.047244001785586,17883424.05,14.268333333333334,True,True,13.42
2024-02-26,12.1,12.28,11.85,12.04,17319973.0,208435822.0,1116288870.0,0.015515672927922322,11.86,11.545,11.84,13.934333333333333,46.51567932905583,18304752.5,14.214333333333334,False,True,13.05
2024-02-27,11.98,12.42,11.92,12.41,17603200.0,214458393.0,1116288870.0,0.015769394887902088,12.014,11.803,11.8505,13.892833333333332,52.14408220754423,18534515.35,14.157833333333334,False,False,13.05
2024-02-28,12.5,12.8,11.93,11.98,25922000.0,321211254.0,1116288870.0,0.023221587795639313,12.058000000000002,11.935,11.828999999999999,13.8415,52.23367685029699,19262293.4,14.094166666666666,False,False,13.05
2024-02-29,11.96,12.59,11.89,12.57,23101343.0,284332830.0,1116288870.0,0.020694771417007856,12.207999999999998,12.019,11.8375,13.799000000000001,60.3993343018984,19954760.35,14.035166666666667,False,False,13.05
2024-03-01,12.5,12.72,12.27,12.48,18740522.0,232893341.0,1116288870.0,0.01678823690143932,12.296000000000001,12.057,11.811499999999999,13.7575,66.85082855692237,19869304.7,13.985166666666666,False,False,13.05
2024-03-04,12.49,13.06,12.41,12.84,22482289.0,286978461.0,1116288870.0,0.020140207077402824,12.456,12.158,11.801,13.726499999999998,80.28168991469948,20276046.8,13.934333333333333,False,False,13.05
2024-03-05,12.76,13.08,12.6,12.71,19772767.0,253476446.0,1116288870.0,0.017712948262218184,12.516,12.264999999999999,11.8145,13.693833333333334,74.00468359811114,20711225.0,13.892833333333332,False,False,12.84
2024-03-06,12.72,12.85,12.3,12.65,18377652.0,230553453.0,1116288870.0,0.016463168713668173,12.65,12.354000000000001,11.839,13.657499999999999,64.11042917253192,21090215.75,13.8415,False,False,12.84
2024-03-07,12.6,13.04,12.42,12.43,16888593.0,214606636.0,1116288870.0,0.015129231737301116,12.622000000000002,12.415,11.874500000000001,13.619833333333334,55.30546598897861,21243625.4,13.799000000000001,False,False,12.84
2024-03-08,12.59,13.2,12.5,13.09,29277569.0,376270325.0,1116288870.0,0.02622759196730144,12.744,12.52,11.963,13.588833333333334,67.999999728,22036942.75,13.7575,False,False,12.84
2024-03-11,13.09,13.19,12.81,13.03,19491119.0,251666983.0,1116288870.0,0.01746064081065325,12.782,12.619,12.082,13.552333333333333,70.62314510720354,21988995.75,13.726499999999998,False,False,13.09
2024-03-12,13.0,13.5,12.93,13.13,21723744.0,286375978.0,1116288870.0,0.019460683147364894,12.866,12.690999999999999,12.247,13.519,70.4477608996213,21773181.4,13.693833333333334,False,False,13.09
2024-03-13,13.26,13.89,13.18,13.61,27646382.0,373939320.0,1116288870.0,0.02476633310874093,13.057999999999998,12.854,12.3945,13.4845,73.74005277656212,21795690.8,13.657499999999999,False,False,13.13
2024-03-14,13.55,13.82,13.44,13.59,19325612.0,263388625.0,1116288870.0,0.017312375424830672,13.290000000000001,12.956,12.4875,13.446666666666665,71.70868319217884,21164755.05,13.619833333333334,False,False,13.61
2024-03-15,13.52,13.57,12.94,13.24,26270486.0,345877160.0,1116288870.0,0.0235337704298709,13.319999999999999,13.032,12.5445,13.404666666666666,65.30612221574346,20752084.0,13.588833333333334,False,False,13.61
2024-03-18,13.27,13.75,13.23,13.72,22034966.0,297963056.0,1116288870.0,0.019739483741336595,13.458000000000002,13.12,12.639,13.375833333333333,66.25310150681305,20657103.65,13.552333333333333,False,False,13.61
2024-03-19,13.7,14.3,13.64,13.87,22920901.0,321089050.0,1116288870.0,0.02053312687781255,13.606,13.236,12.750499999999999,13.351333333333335,75.19999971925333,21065939.05,13.519,False,False,13.72
2024-03-20,13.85,14.08,13.6,14.0,19124800.0,264467010.0,1116288870.0,0.017132482920841092,13.684000000000001,13.371,12.8625,13.332500000000001,71.7325224911078,21093881.05,13.4845,False,False,13.87
2024-03-21,14.02,14.46,13.89,14.28,21659106.0,307869476.0,1116288870.0,0.019402778780729043,13.822,13.556000000000001,12.985500000000002,13.319833333333332,75.86206866032501,21437123.65,13.446666666666665,False,False,14.0
2024-03-22,14.26,14.3,13.7,13.87,21762880.0,302705361.0,1116288870.0,0.019495742172901894,13.947999999999999,13.634,13.076999999999998,13.315499999999998,64.58923487131747,21572295.2,13.404666666666666,False,False,14.28
2024-03-25,13.79,13.87,13.4,13.6,20820772.0,283545775.0,1116288870.0,0.018651777832381325,13.924000000000001,13.690999999999999,13.155000000000001,13.285833333333333,62.12534036246463,21747335.15,13.375833333333333,False,False,14.28
2024-03-26,13.41,13.62,13.21,13.45,18315592.0,245567547.0,1116288870.0,0.016407573785090234,13.839999999999998,13.722999999999999,13.206999999999999,13.2575,60.638297646559515,21782954.75,13.351333333333335,False,False,14.28
2024-03-27,13.4,13.45,12.9,12.99,19641527.0,257463404.0,1116288870.0,0.017595380127726257,13.638,13.661000000000001,13.257500000000002,13.214,56.99999980050001,21468931.1,13.332500000000001,False,False,14.28
2024-03-28,12.85,13.37,12.85,13.26,16472380.0,216717377.0,1116288870.0,0.014756377531561343,13.434000000000001,13.628,13.291999999999998,13.179666666666668,52.354570434082,21137482.95,13.319833333333332,True,False,14.28
2024-03-29,13.24,13.39,12.98,13.26,16775823.0,220700021.0,1116288870.0,0.015028209499213227,13.312000000000001,13.629999999999999,13.331,13.145666666666667,53.23943640975998,21039248.0,13.315499999999998,True,True,14.28
2024-04-01,13.25,13.55,13.03,13.39,20746111.0,275307277.0,1116288870.0,0.018584894607074243,13.27,13.597,13.358500000000001,13.105,53.631284706469835,20952439.1,13.285833333333333,True,True,14.28
2024-04-02,13.39,13.5,13.01,13.2,15167574.0,200447574.0,1116288870.0,0.013587499085250218,13.219999999999999,13.530000000000001,13.383,13.060333333333334,43.76899677423527,20722179.45,13.2575,False,True,14.28
2024-04-03,13.18,13.18,12.84,12.9,16864286.0,217930490.0,1116288870.0,0.015107456907637179,13.202000000000002,13.419999999999998,13.395500000000002,13.001833333333334,40.3361342956006,20646511.15,13.214,True,False,14.28
2024-04-08,12.9,12.97,12.67,12.8,13085157.0,167738477.0,1116288870.0,0.011722016900517874,13.11,13.272,13.414000000000001,12.946666666666665,43.373493793003355,20456339.35,13.179666666666668,True,True,14.28
2024-04-09,12.78,13.0,12.68,12.83,12976824.0,166620623.0,1116288870.0,0.011624969440033923,13.024000000000001,13.168000000000001,13.401,12.8935,34.49477335089655,19641302.1,13.145666666666667,True,True,14.28
2024-04-10,12.66,12.82,12.01,12.24,26832572.0,329597734.0,1116288870.0,0.024037301384183828,12.794,13.032,13.361500000000001,12.839166666666667,25.377643397194277,20008374.75,13.105,True,True,14.28
2024-04-11,12.14,12.47,12.02,12.26,11252196.0,138031044.0,1116288870.0,0.010080003753867044,12.606,12.913,13.318000000000001,12.797666666666666,22.81249990019529,19484797.35,13.060333333333334,True,True,14.28
2024-04-12,12.17,12.48,12.17,12.35,10220205.0,126528677.0,1116288870.0,0.00915551993275719,12.495999999999999,12.849,13.254999999999999,12.758166666666664,17.940199252105373,18613488.5,13.001833333333334,True,True,14.28
2024-04-15,12.28,12.6,12.02,12.18,15437281.0,188815396.0,1116288870.0,0.01382910948489525,12.372,12.741,13.1845,12.7195,19.49458473901653,18419071.95,12.946666666666665,True,True,14.28
2024-04-16,12.07,12.24,11.68,11.78,15285545.0,181219865.0,1116288870.0,0.013693180511600013,12.162,12.593,13.111500000000001,12.672500000000001,18.620689565279406,17869824.9,12.8935,True,True,14.28
2024-04-17,11.78,12.3,11.78,12.15,13485548.0,163441565.0,1116288870.0,0.012080697355694319,12.144,12.469,13.033000000000001,12.639666666666667,29.16666653579061,17442354.0,12.839166666666667,True,True,14.28
2024-04-18,12.1,12.3,11.93,12.1,11427400.0,138277255.0,1116288870.0,0.010236955959258108,12.111999999999998,12.359,12.9445,12.612666666666666,33.579335619885356,16867678.95,12.797666666666666,True,True,14.28
2024-04-19,12.0,12.13,11.9,11.93,13050768.0,156412807.0,1116288870.0,0.011691210358480059,12.028,12.262,12.841,12.581833333333334,24.52107266540422,16563977.35,12.758166666666664,True,True,14.28
2024-04-22,12.03,12.27,11.71,11.94,11962820.0,143651046.0,1116288870.0,0.0107165988316268,11.98,12.176,12.724,12.555666666666667,24.809160172775492,16079163.05,12.7195,True,True,14.28
2024-04-23,11.97,12.03,11.73,11.91,14336172.0,170086158.0,1116288870.0,0.01284270799905046,12.006,12.084,12.626,12.530499999999998,20.63492052028218,15707827.65,12.672500000000001,True,True,13.87
2024-04-24,12.0,12.59,11.93,12.53,20653102.0,255007302.0,1116288870.0,0.018501574776070284,12.081999999999999,12.113,12.5725,12.5225,38.64406761321459,15699444.15,12.639666666666667,True,True,13.6
2024-04-25,12.51,12.89,12.34,12.79,16959768.0,215423945.0,1116288870.0,0.01519299211502485,12.219999999999999,12.166,12.5395,12.532333333333334,48.10996540428193,15631652.95,12.612666666666666,True,True,13.45
2024-04-26,12.69,13.01,12.69,12.92,12139375.0,156607793.0,1116288870.0,0.010874761297225869,12.418,12.222999999999999,12.536,12.540833333333332,52.04081607871719,15256545.35,12.581833333333334,False,True,13.39
2024-04-29,12.93,13.15,12.83,13.1,15096961.0,196306194.0,1116288870.0,0.013524242161439807,12.65,12.315000000000001,12.528,12.5525,54.36893179250322,15187774.4,12.555666666666667,False,False,13.39
2024-04-30,13.02,13.42,12.96,13.18,20476048.0,269870739.0,1116288870.0,0.01834296529356241,12.904,12.455,12.524,12.555499999999999,68.21705389339581,15372785.65,12.530499999999998,False,False,13.39
2024-05-06,13.19,13.32,12.8,13.0,25575756.0,333337222.0,1116288870.0,0.022911413602108206,12.998,12.54,12.5045,12.554666666666666,63.5036493105653,15614267.9,12.5225,False,False,13.39
2024-05-07,12.95,13.08,12.85,12.96,10062040.0,130465807.0,1116288870.0,0.009013831697524673,13.032,12.626,12.4925,12.563333333333333,61.33828964359257,15358991.2,12.532333333333334,False,False,13.2
2024-05-08,12.91,12.96,12.61,12.63,11673503.0,148863916.0,1116288870.0,0.010457421294543589,12.974,12.696,12.479000000000001,12.571166666666667,57.89473655771009,15099452.05,12.540833333333332,False,False,13.18
2024-05-09,12.64,13.36,12.62,13.22,21857567.0,286230959.0,1116288870.0,0.019580565199042072,12.998000000000001,12.824000000000002,12.5,12.596166666666667,73.68421018698064,15538072.55,12.5525,False,False,13.18
2024-05-10,13.15,13.25,12.87,12.95,11855090.0,153990692.0,1116288870.0,0.01062009155390038,12.952000000000002,12.928,12.505999999999998,12.623333333333335,63.60544187398768,15481985.85,12.555499999999999,False,False,13.22
2024-05-13,12.82,12.98,12.66,12.81,9114300.0,116875127.0,1116288870.0,0.008164822067965257,12.914000000000001,12.956,12.5345,12.659333333333333,61.71617133200451,14596072.25,12.554666666666666,False,False,13.22
2024-05-14,12.81,12.95,12.73,12.8,8986564.0,115357928.0,1116288870.0,0.008050392905915115,12.882,12.956999999999999,12.561499999999999,12.708833333333333,65.15679410724911,14482790.65,12.563333333333333,False,False,13.22
2024-05-15,12.78,12.8,12.29,12.29,12128450.0,151438127.0,1116288870.0,0.010864974403982009,12.813999999999998,12.894,12.558499999999999,12.735999999999999,55.192878108991,14578202.9,12.571166666666667,False,False,13.22
2024-05-16,12.3,12.36,11.82,12.0,18626897.0,225235985.0,1116288870.0,0.016686448732575826,12.57,12.784,12.549499999999998,12.7405,51.23966922386904,14737683.7,12.596166666666667,True,False,13.22
2024-05-17,11.92,12.19,11.78,12.17,12972196.0,156277786.0,1116288870.0,0.011620823559765493,12.414000000000001,12.683,12.568999999999999,12.741666666666667,44.339622446303565,14622016.25,12.623333333333335,True,True,13.22
2024-05-20,12.0,12.4,11.98,12.19,12799772.0,156021389.0,1116288870.0,0.011466361749176986,12.290000000000001,12.602,12.571000000000002,12.747666666666667,39.795918177842566,14587727.45,12.659333333333333,True,True,13.22
2024-05-21,12.17,12.19,11.76,11.84,13407751.0,159606644.0,1116288870.0,0.012011004821717877,12.097999999999999,12.49,12.558,12.751,32.911392259253304,14686745.0,12.708833333333333,True,True,13.22
2024-05-22,11.84,11.87,11.5,11.81,13773580.0,161059942.0,1116288870.0,0.01233872375705045,12.001999999999999,12.408,12.552000000000001,12.751833333333334,28.571428438538206,14722885.6,12.735999999999999,True,True,13.22
2024-05-23,11.82,11.9,11.45,11.49,13730993.0,159559497.0,1116288870.0,0.012300573237821497,11.9,12.235,12.5295,12.746333333333332,23.99999989661538,14811294.25,12.7405,True,True,13.22
2024-05-24,11.38,11.54,11.31,11.39,9251702.0,105447317.0,1116288870.0,0.008287910278994361,11.744,12.078999999999999,12.5035,12.7355,24.605678124769867,14557070.75,12.741666666666667,True,True,13.22
2024-05-27,11.46,11.67,11.23,11.64,10709301.0,122596949.0,1116288870.0,0.009593664586120975,11.634,11.962,12.459,12.728833333333334,30.473372654844,14059880.7,12.747666666666667,True,True,13.22
2024-05-28,11.64,11.81,11.53,11.63,9275292.0,108300242.0,1116288870.0,0.008309042801797352,11.592000000000002,11.845,12.401,12.715833333333332,33.66013056495363,13675656.9,12.751,True,True,13.22
2024-05-29,11.64,11.77,11.47,11.59,6922554.0,80425148.0,1116288870.0,0.00620140018058229,11.548,11.775,12.3345,12.709333333333335,17.52988038031141,13414815.85,12.751833333333334,True,True,13.22
2024-05-30,11.65,11.68,11.51,11.6,6540060.0,75874960.0,1116288870.0,0.005858752313816405,11.57,11.735000000000001,12.2595,12.693166666666666,19.999999875555545,12986970.8,12.746333333333332,True,True,13.22
2024-05-31,11.57,11.69,11.44,11.44,8344300.0,96269154.0,1116288870.0,0.007475036457185137,11.58,11.662,12.1725,12.675833333333333,19.82378842399423,12380383.4,12.7355,True,True,13.22
2024-06-03,11.43,11.44,10.98,11.19,13123794.0,146319983.0,1116288870.0,0.01175662890914607,11.489999999999998,11.562000000000001,12.082,12.648333333333335,17.928286752591205,11757785.3,12.728833333333334,True,True,13.22
2024-06-04,11.2,11.36,11.01,11.33,9039789.0,100959084.0,1116288870.0,0.008098073216478456,11.429999999999998,11.511,12.000499999999999,12.625333333333334,27.570093277578835,11706672.75,12.715833333333332,True,True,13.22
2024-06-05,11.33,11.48,11.24,11.24,8031215.0,91323000.0,1116288870.0,0.007194566940365535,11.36,11.454,11.931000000000001,12.601833333333333,30.412370914549896,11524558.35,12.709333333333335,True,True,13.22
2024-06-06,11.3,11.32,10.78,10.81,14985800.0,164094558.0,1116288870.0,0.013424661306530809,11.202,11.386000000000001,11.810500000000001,12.574833333333334,19.09090896942149,11180970.0,12.693166666666666,True,True,13.22
2024-06-07,10.92,11.01,10.79,10.87,9226081.0,100732851.0,1116288870.0,0.008264958334664754,11.088,11.334,11.706500000000002,12.537833333333333,20.53571415736606,11049519.55,12.675833333333333,True,True,12.95
2024-06-11,10.85,11.02,10.7,10.97,6626985.0,72109416.0,1116288870.0,0.005936621942669732,11.044,11.267,11.614500000000001,12.503499999999999,28.140703319613166,10925153.8,12.648333333333335,True,True,12.81
2024-06-12,10.97,11.23,10.96,11.05,6184549.0,68764293.0,1116288870.0,0.005540276505668286,10.988000000000001,11.209,11.527,12.468833333333333,31.37254880430605,10785053.05,12.625333333333334,True,True,12.8
2024-06-13,11.04,11.13,10.87,10.99,6089595.0,66870147.0,1116288870.0,0.005455214294128007,10.938,11.149,11.462,12.425166666666666,35.95505589698273,10483110.3,12.601833333333333,True,True,12.29
2024-06-14,10.92,11.0,10.85,10.98,7726450.0,84415905.0,1116288870.0,0.006921550691444232,10.972,11.087,11.411,12.381666666666668,37.8698221714926,9938087.95,12.574833333333334,True,True,12.19
2024-06-17,10.91,11.07,10.83,10.89,6577264.0,71964743.0,1116288870.0,0.0058920806045481755,10.976,11.032,11.347,12.342500000000001,25.49019584518777,9618341.35,12.537833333333333,True,True,12.19
2024-06-18,10.95,11.01,10.82,10.97,6089081.0,66586436.0,1116288870.0,0.005454753839837174,10.975999999999999,11.010000000000002,11.286,12.296666666666665,29.374999742968768,9282806.8,12.503499999999999,True,True,12.19
2024-06-19,11.03,11.05,10.58,10.6,10437159.0,111599009.0,1116288870.0,0.009349872851460035,10.886,10.937000000000001,11.224,12.242166666666666,24.352331429568594,9134277.2,12.468833333333333,True,True,11.84
2024-06-20,10.58,10.64,10.28,10.38,12436140.0,129553196.0,1116288870.0,0.011140610942398807,10.764,10.850999999999999,11.1525,12.181833333333334,21.49532696218013,9067405.2,12.425166666666666,True,True,11.81
2024-06-21,10.37,10.54,10.2,10.35,11855426.0,122751673.0,1116288870.0,0.010620392551257811,10.638000000000002,10.805,11.0955,12.116333333333333,22.885571979901513,8973626.85,12.381666666666668,True,True,11.64
2024-06-24,10.27,10.27,9.92,9.97,10823300.0,108870962.0,1116288870.0,0.009695787793709705,10.454,10.715,11.0245,12.051333333333334,21.49532696218013,9052206.75,12.342500000000001,True,True,11.64
2024-06-25,10.03,10.07,9.82,9.85,7692400.0,76345564.0,1116288870.0,0.006891047834240253,10.23,10.603,10.935,11.988833333333334,15.094339522961917,8901361.7,12.296666666666665,True,True,11.64
2024-06-26,9.85,10.18,9.73,10.14,8736301.0,86681012.0,1116288870.0,0.007826200936680485,10.138000000000002,10.511999999999999,10.8605,11.933666666666666,26.2931032896106,8874412.15,12.242166666666666,True,True,11.63
2024-06-27,10.18,10.18,9.78,9.81,9352182.0,92720117.0,1116288870.0,0.008377922822073823,10.024000000000001,10.394,10.7715,11.880666666666665,27.477477304196114,8995893.55,12.181833333333334,True,True,11.6
2024-06-28,9.81,10.21,9.79,9.94,10177929.0,102294548.0,1116288870.0,0.009117648015248956,9.942,10.29,10.688500000000001,11.825333333333333,29.694322962567483,9177787.0,12.116333333333333,True,True,11.6
2024-07-01,9.99,10.09,9.77,9.88,9620707.0,95013607.0,1116288870.0,0.008618474356015034,9.924000000000001,10.189,10.610499999999998,11.769,25.777777617382725,9241607.35,12.051333333333334,True,True,11.44
2024-07-02,9.9,10.04,9.76,9.83,9075100.0,89724358.0,1116288870.0,0.00812970570959827,9.92,10.075,10.5425,11.709666666666665,22.52252238048858,9039172.65,11.988833333333334,True,True,11.33
2024-07-03,9.77,9.81,9.48,9.51,13743829.0,131819471.0,1116288870.0,0.012312072053535749,9.794,9.966,10.4515,11.648166666666668,20.161290208766914,9274374.65,11.933666666666666,True,True,11.33
2024-07-04,9.51,9.66,9.26,9.39,17045800.0,160328955.0,1116288870.0,0.015270061771734766,9.709999999999999,9.867,10.359,11.589666666666666,19.305019200667857,9725103.9,11.880666666666665,True,True,11.24
2024-07-05,9.32,9.6,9.32,9.58,14427500.0,137012656.0,1116288870.0,0.012924521947441795,9.638,9.790000000000001,10.2975,11.536,25.650557487320512,9697188.9,11.825333333333333,True,True,11.05
2024-07-08,9.58,9.58,9.28,9.3,8962941.0,84002982.0,1116288870.0,0.008029230820871662,9.522000000000002,9.723,10.219,11.477166666666667,21.10726633373642,9684031.9,11.769,True,True,11.05
2024-07-09,9.24,9.38,8.99,9.23,14842337.0,135793733.0,1116288870.0,0.01329614349733685,9.402,9.661000000000001,10.132,11.427,23.55212342481478,10094799.5,11.709666666666665,True,True,11.05
2024-07-10,9.19,9.32,9.1,9.21,8337428.0,76959190.0,1116288870.0,0.007468880344565292,9.342,9.568000000000001,10.040000000000001,11.376166666666666,25.523012402794052,10202443.45,11.648166666666668,True,True,11.05
2024-07-11,9.4,9.61,9.35,9.52,11141239.0,105700274.0,1116288870.0,0.009980605647353627,9.368,9.539,9.9665,11.329,34.45692865827826,10455025.65,11.589666666666666,True,True,10.99
2024-07-12,9.52,9.59,9.31,9.36,7669100.0,72051164.0,1116288870.0,0.006870175100823141,9.324000000000002,9.481,9.8855,11.282,37.55102019358597,10452158.15,11.536,True,True,10.98
2024-07-15,9.35,9.35,9.11,9.14,7471385.0,68603125.0,1116288870.0,0.006693056968309645,9.292,9.407,9.798,11.238,36.078431174471355,10496864.2,11.477166666666667,True,True,10.97
2024-07-16,9.13,9.15,8.92,9.03,15532684.0,139914365.0,1116288870.0,0.013914573922070907,9.252,9.327,9.701,11.186000000000002,26.582278323986472,10969044.35,11.427,True,True,10.97
2024-07-17,9.03,9.14,8.94,9.01,9945200.0,89744987.0,1116288870.0,0.008909163449779805,9.212,9.277,9.621500000000001,11.134500000000001,30.5825240640022,10944446.4,11.376166666666666,True,True,10.6
2024-07-18,9.07,9.4,8.87,9.28,15860100.0,145035104.0,1116288870.0,0.014207881513680236,9.163999999999998,9.266,9.566500000000001,11.090333333333332,34.99999977727269,11115644.4,11.329,True,True,10.38
2024-07-19,9.26,9.52,9.12,9.41,12461103.0,116586379.0,1116288870.0,0.011162973433570112,9.174,9.248999999999999,9.5195,11.048166666666667,39.64757684798849,11145928.25,11.282,True,True,10.35
2024-07-22,9.42,9.77,9.42,9.57,15355800.0,147271251.0,1116288870.0,0.013756116729892685,9.26,9.276,9.499500000000001,11.009166666666667,44.53781486406327,11372553.25,11.238,True,True,10.14
2024-07-23,9.56,9.57,9.27,9.27,9095200.0,85819102.0,1116288870.0,0.008147711801516036,9.307999999999998,9.28,9.4705,10.954833333333333,44.915253970841704,11442693.25,11.186000000000002,False,True,10.14
2024-07-24,9.22,9.48,9.22,9.27,13373200.0,124467907.0,1116288870.0,0.011980053155954157,9.36,9.286,9.427000000000001,10.896166666666666,47.32142827566962,11674538.2,11.134500000000001,True,False,10.14
2024-07-25,9.24,9.32,9.1,9.24,13666300.0,125874244.0,1116288870.0,0.012242619600784876,9.352,9.258,9.3985,10.834833333333334,41.8269227953957,11890244.1,11.090333333333332,True,True,9.94
2024-07-26,9.14,9.62,9.14,9.62,18809744.0,177592228.0,1116288870.0,0.016850247732022983,9.394,9.284,9.3825,10.776833333333334,57.33944917304939,12321834.85,11.048166666666667,True,True,9.94
2024-07-29,9.65,10.32,9.62,10.04,28722142.0,286874629.0,1116288870.0,0.025730026314783556,9.488,9.374,9.3905,10.7245,66.00790477307878,13276906.6,11.009166666666667,False,True,9.88
2024-07-30,10.0,10.15,9.85,10.1,18528700.0,185228342.0,1116288870.0,0.016598481359041052,9.654,9.481,9.404,10.676166666666667,67.3151747305788,13749586.6,10.954833333333333,False,False,10.04
2024-07-31,10.1,10.49,10.06,10.47,21013407.0,216962675.0,1116288870.0,0.01882434517151461,9.894,9.626999999999999,9.452000000000002,10.634666666666668,68.06083613960013,14113065.5,10.896166666666666,False,False,10.1
2024-08-01,10.49,10.58,10.33,10.48,16996909.0,177955850.0,1116288870.0,0.015226263968752103,10.142,9.747,9.506499999999999,10.598833333333335,72.5806447515609,14110620.95,10.834833333333334,False,False,10.47
2024-08-02,10.48,10.62,10.36,10.4,12232064.0,128172335.0,1116288870.0,0.010957794464079894,10.298,9.846,9.547500000000001,10.551833333333333,76.92307646285336,14000849.15,10.776833333333334,False,False,10.48
2024-08-05,10.31,10.47,9.93,9.96,18127200.0,184298162.0,1116288870.0,0.01623880743341999,10.282,9.885,9.580499999999999,10.502,67.41572998358797,14459062.1,10.7245,False,False,10.48
2024-08-06,10.08,10.27,9.97,10.15,11589184.0,117068484.0,1116288870.0,0.010381886186861292,10.292,9.972999999999999,9.6265,10.457666666666666,70.0704221897937,14296404.45,10.676166666666667,False,False,10.48
2024-08-07,10.13,10.38,10.08,10.28,10278028.0,105284078.0,1116288870.0,0.009207319248824904,10.254000000000001,10.074,9.68,10.415666666666668,68.51851816323732,14393434.45,10.634666666666668,False,False,10.48
2024-08-08,10.22,10.28,10.06,10.13,10351140.0,104947835.0,1116288870.0,0.00927281484048121,10.184000000000001,10.163,9.7105,10.379666666666667,63.235293792171305,14353929.5,10.598833333333335,False,False,10.48
2024-08-09,10.11,10.24,10.09,10.11,7682700.0,77883320.0,1116288870.0,0.006882358327195361,10.126,10.212,9.748000000000001,10.348166666666666,60.465115950964474,14354609.5,10.551833333333333,False,False,10.48
2024-08-12,10.07,10.29,10.0,10.22,9379395.0,95354297.0,1116288870.0,0.008402300920549355,10.178,10.23,9.802,10.315666666666667,69.87447657814118,14450010.0,10.502,False,False,10.48
2024-08-13,10.18,10.28,10.12,10.28,6561700.0,66992523.0,1116288870.0,0.005878137976955732,10.203999999999999,10.248000000000001,9.8645,10.283833333333332,70.61224449446065,14001460.8,10.457666666666666,False,False,10.48
2024-08-14,10.25,10.36,10.1,10.11,7618414.0,77889852.0,1116288870.0,0.006824769291124438,10.169999999999998,10.212,9.9195,10.255,66.79536643431075,13885121.5,10.415666666666668,False,False,10.48
2024-08-15,10.1,10.37,10.04,10.16,7557800.0,77085533.0,1116288870.0,0.0067704697261740145,10.176,10.18,9.9635,10.2275,61.9469022711254,13470006.5,10.379666666666667,False,False,10.48
2024-08-16,10.16,10.18,9.93,9.99,9245656.0,92677185.0,1116288870.0,0.008282494118211534,10.152,10.139,9.9925,10.202499999999999,48.75621856587711,13309234.15,10.348166666666666,False,False,10.48
2024-08-19,9.97,10.08,9.71,9.75,8549086.0,84319194.0,1325406445.0,0.006450161784146146,10.058,10.117999999999999,10.0015,10.175166666666666,42.0091321515398,12968898.45,10.315666666666667,True,False,10.48
2024-08-20,9.75,9.8,9.46,9.5,8880700.0,84929826.0,1325406445.0,0.006700359752664399,9.902000000000001,10.053,10.013,10.1395,26.570048129477897,12958173.45,10.283833333333332,True,True,10.48
2024-08-21,9.49,9.5,9.24,9.29,7630554.0,71378810.0,1325406445.0,0.005757142670299902,9.738000000000001,9.954,10.014,10.1005,23.788546108793085,12671041.15,10.255,True,True,10.48
2024-08-22,9.27,9.4,9.16,9.23,7929507.0,73161586.0,1325406445.0,0.005982698386531537,9.552,9.864,10.0135,10.061166666666667,23.999999850666654,12384201.5,10.2275,True,True,10.48
2024-08-23,9.2,9.41,9.13,9.19,8766954.0,80873482.0,1325406445.0,0.006614540040206308,9.392,9.772,9.992,10.020999999999999,29.189188968297998,11882062.0,10.202499999999999,True,True,10.48
2024-08-26,9.22,9.35,9.16,9.2,5374655.0,49600605.0,1325406445.0,0.004055099490632098,9.282,9.669999999999998,9.95,9.983666666666666,21.556886046828467,10714687.65,10.175166666666666,True,True,10.48
2024-08-27,9.2,9.21,8.96,8.98,6089200.0,55157247.0,1325406445.0,0.0045942133622264075,9.178,9.54,9.894000000000002,9.946833333333332,13.068181714230406,10092712.65,10.1395,True,True,10.48
2024-08-28,8.96,9.07,8.85,9.0,5667442.0,50843721.0,1325406445.0,0.004276003049011883,9.12,9.428999999999998,9.820500000000001,9.908,15.337423181150953,9325414.4,10.1005,True,True,10.48
2024-08-29,8.99,9.56,8.96,9.54,14185970.0,133035000.0,1325406445.0,0.010703109263966195,9.181999999999999,9.367,9.7735,9.879666666666667,36.74418580724714,9184867.45,10.061166666666667,True,True,10.48
2024-08-30,9.55,9.9,9.41,9.77,14098800.0,136921015.0,1325406445.0,0.010637340759271773,9.298,9.345,9.741999999999999,9.862333333333334,40.0881054796328,9278204.25,10.020999999999999,True,True,10.4
2024-09-02,9.84,10.0,9.42,9.5,12814601.0,124486873.0,1325406445.0,0.00966843118074622,9.358,9.32,9.719,9.8395,34.27419335490376,9012574.3,9.983666666666666,False,True,10.28
2024-09-03,9.5,9.75,9.45,9.69,8497220.0,81614708.0,1325406445.0,0.006411029637025795,9.5,9.339,9.696000000000002,9.818166666666666,41.599999767039996,8857976.1,9.946833333333332,True,False,10.28
2024-09-04,9.66,9.82,9.56,9.63,6235537.0,60516233.0,1325406445.0,0.004704622512983178,9.626000000000001,9.373,9.6635,9.7945,39.4422308557007,8655851.55,9.908,True,True,10.28
2024-09-05,9.66,9.71,9.55,9.56,5465200.0,52515914.0,1325406445.0,0.004123414384030704,9.63,9.405999999999999,9.635000000000002,9.770666666666667,41.0788379356416,8411554.55,9.879666666666667,True,True,10.28
2024-09-06,9.53,9.6,9.22,9.26,7269800.0,68134420.0,1325406445.0,0.005484958993088343,9.528,9.413,9.5925,9.741999999999999,40.08097143273942,8390909.55,9.862333333333334,True,True,10.28
2024-09-09,9.22,9.3,9.05,9.09,7670459.0,70269076.0,1325406445.0,0.005787250415852626,9.446000000000002,9.402000000000001,9.536,9.711999999999998,41.422593899616594,8305462.75,9.8395,True,True,10.28
2024-09-10,9.13,9.3,8.86,9.23,10148907.0,91902477.0,1325406445.0,0.007657203598402601,9.354000000000001,9.427000000000001,9.4835,9.683,48.70689625780324,8484823.1,9.818166666666666,True,True,10.28
2024-09-11,9.16,9.4,9.15,9.33,7425093.0,69147931.0,1325406445.0,0.0056021253163590886,9.294,9.46,9.444500000000001,9.661833333333334,52.118643758618205,8475157.05,9.7945,True,True,10.16
2024-09-12,9.36,9.55,9.28,9.28,6494800.0,60946178.0,1325406445.0,0.004900232698053615,9.238,9.434000000000001,9.400500000000001,9.6435,51.89873387064039,8422007.05,9.770666666666667,True,True,10.16
2024-09-13,9.3,9.34,9.14,9.16,6108900.0,56263942.0,1325406445.0,0.004609076727403419,9.218,9.373000000000001,9.359,9.623666666666667,49.19354810939127,8265169.25,9.741999999999999,True,True,9.99
2024-09-18,9.15,9.17,8.96,9.09,7100600.0,64318710.0,1325406445.0,0.005357300039385277,9.218,9.331999999999999,9.326,9.609,52.36051470684668,8192744.95,9.711999999999998,True,True,9.77
2024-09-19,9.14,9.4,9.0,9.31,8022164.0,74180027.0,1325406445.0,0.006052606753394805,9.234,9.294,9.316500000000001,9.6,56.12648190285743,8149818.15,9.683,True,True,9.77
2024-09-20,9.32,9.35,9.0,9.04,8813106.0,80137157.0,1325406445.0,0.006649361056939783,9.176,9.235000000000001,9.304,9.581666666666667,38.93805285613596,8208945.75,9.661833333333334,True,True,9.77
2024-09-23,9.05,9.16,8.95,8.97,7930880.0,71764110.0,1325406445.0,0.005983734295180676,9.114,9.176,9.291,9.567666666666668,30.952380746031764,8209014.4,9.6435,True,True,9.77
2024-09-24,9.0,9.5,8.97,9.5,18727791.0,173409159.0,1325406445.0,0.014129847542728675,9.181999999999999,9.2,9.3065,9.560333333333334,49.999999703389825,8707056.25,9.623666666666667,True,True,9.77
2024-09-25,9.56,10.15,9.54,9.82,20441940.0,202612302.0,1325406445.0,0.015423148180028655,9.328,9.273,9.3375,9.559333333333333,52.61044147126661,9460420.5,9.609,False,True,9.77
2024-09-26,9.82,10.29,9.74,10.29,22088326.0,223669501.0,1325406445.0,0.016665322613547424,9.524,9.379000000000001,9.403,9.567000000000002,61.379310048513645,10260376.8,9.6,False,False,9.82
2024-09-27,10.55,10.96,10.49,10.84,15915699.0,170521325.0,1325406445.0,0.012008164786010226,9.884,9.53,9.495,9.589166666666666,68.93491095707432,10772789.65,9.581666666666667,False,False,10.29
2024-09-30,11.42,11.92,11.14,11.9,44139543.0,512074343.0,1325406445.0,0.0333026470231175,10.47,9.792,9.613,9.631,81.88405769411189,12270468.3,9.567666666666668,False,False,10.84
2024-10-08,13.09,13.09,12.16,12.89,47890855.0,611748403.0,1325406445.0,0.03613295769057468,11.148,10.165,9.769000000000002,9.686166666666669,88.30645136365115,13960071.05,9.560333333333334,False,False,11.9
2024-10-09,12.7,12.71,11.9,11.99,33230132.0,408211343.0,1325406445.0,0.02507165415209672,11.581999999999999,10.455000000000002,9.8935,9.731,74.12587394444716,14980847.6,9.559333333333333,False,False,12.89
2024-10-10,12.0,12.34,11.78,11.94,25353692.0,306874961.0,1325406445.0,0.01912899404982145,11.912,10.718,10.005999999999998,9.776166666666665,73.0158728355869,15823671.2,9.567000000000002,False,False,12.89
2024-10-11,11.98,11.98,11.21,11.38,19147000.0,221242844.0,1325406445.0,0.014446134672296693,12.02,10.952,10.0935,9.812333333333333,66.990291110378,16469244.35,9.589166666666666,False,False,12.89
2024-10-14,11.44,11.94,11.34,11.81,23507921.0,273825349.0,1325406445.0,0.01773638651651494,12.001999999999999,11.236,10.206,9.850500000000002,70.41602450141382,17371380.4,9.631,False,False,12.89
2024-10-15,11.78,12.12,11.58,11.81,19271344.0,228732957.0,1325406445.0,0.01453995042252869,11.786,11.467,10.3335,9.891333333333334,71.18380046782349,17971457.6,9.686166666666669,False,False,12.89
2024-10-16,11.7,11.83,11.46,11.56,13753900.0,160093772.0,1325406445.0,0.010377118695842768,11.7,11.641,10.456999999999999,9.931666666666668,67.44186031873085,18275629.65,9.731,False,False,12.89
2024-10-17,11.56,11.98,11.51,11.51,15067180.0,176529722.0,1325406445.0,0.01136796946841465,11.614,11.763,10.571000000000002,9.973,69.82343483506773,18521543.3,9.776166666666665,False,False,12.89
2024-10-18,11.52,12.0,11.43,11.75,23435067.0,276114718.0,1325406445.0,0.017681419226839506,11.687999999999999,11.854,10.692,10.018666666666666,71.71874984311523,19322042.0,9.812333333333333,False,False,12.89
2024-10-21,11.87,12.12,11.66,11.71,24713253.0,294577216.0,1325406445.0,0.01864579208380113,11.668000000000001,11.835,10.8135,10.059166666666666,68.69712335672425,20232964.65,9.850500000000002,False,False,12.89
2024-10-22,11.72,11.91,11.59,11.83,16204246.0,190377623.0,1325406445.0,0.012225869325692014,11.672,11.729000000000001,10.947,10.0995,67.60070035964802,20737731.95,9.891333333333334,False,False,12.89
2024-10-23,11.94,13.01,11.82,13.01,42333550.0,531286221.0,1325406445.0,0.03194005141569988,11.962,11.831,11.142999999999999,10.156833333333333,71.18380046782349,22499379.45,9.931666666666668,False,False,12.89
2024-10-24,13.1,13.5,12.34,12.84,67496156.0,863643423.0,1325406445.0,0.050924873841246485,12.228,11.921000000000001,11.3195,10.216333333333333,66.55629123645893,25473079.05,9.973,False,False,13.01
2024-10-25,12.79,13.47,12.71,13.19,46326388.0,609034326.0,1325406445.0,0.0349525899581694,12.516,12.102,11.527,10.281666666666666,62.10131315770762,27348743.15,10.018666666666666,False,False,13.01
2024-10-28,13.27,13.35,12.98,13.17,37114865.0,487822561.0,1325406445.0,0.028002629035050453,12.807999999999998,12.238,11.737,10.347166666666668,53.21100900345088,28807942.4,10.059166666666666,False,False,13.19
2024-10-29,13.12,13.38,12.71,12.74,32883999.0,425846953.0,1325406445.0,0.02481050180799445,12.99,12.331,11.899,10.399166666666668,59.64010261312046,29515752.8,10.0995,False,False,13.19
2024-10-30,12.62,13.0,12.58,12.81,15035710.0,192205423.0,1325406445.0,0.011344225808408529,12.95,12.456,12.0485,10.445333333333334,61.12531947423161,29245441.3,10.156833333333333,False,False,13.19
2024-10-31,12.74,14.09,12.4,14.09,64180995.0,873026218.0,1325406445.0,0.04842363279740955,13.2,12.714000000000002,12.2385,10.511833333333334,79.26565850762005,31350074.75,10.216333333333333,False,False,13.19
2024-11-01,14.64,15.2,13.79,13.93,82291796.0,1182163623.0,1325406445.0,0.06208797030559181,13.348000000000003,12.931999999999999,12.393,10.5695,74.31192636688831,34668879.6,10.281666666666666,False,False,14.09
2024-11-04,13.91,14.25,13.67,13.9,30925958.0,429036033.0,1325406445.0,0.023333188182889816,13.494,13.151,12.493,10.626499999999998,73.8040999924243,34008200.35,10.347166666666668,False,False,14.09
2024-11-05,13.87,14.8,13.79,14.65,47026934.0,679496291.0,1325406445.0,0.03548114178666152,13.876,13.433000000000002,12.581,10.697333333333335,81.59509179093432,33965004.3,10.399166666666668,False,False,14.09
2024-11-06,14.69,15.26,14.35,14.72,47470889.0,701410270.0,1325406445.0,0.035816099415451386,14.258,13.604,12.717500000000001,10.776666666666666,82.6883908029252,34677042.15,10.445333333333334,False,False,14.65
2024-11-07,14.58,14.78,14.36,14.47,31690101.0,460476368.0,1325406445.0,0.023909723028395263,14.334,13.767,12.844,10.848666666666666,77.64227620183095,34993862.6,10.511833333333334,False,False,14.72
2024-11-08,14.47,14.89,14.42,14.6,38772867.0,568109618.0,1325406445.0,0.029253567572624865,14.468,13.907999999999998,13.004999999999999,10.920666666666667,78.84231514894364,35975155.95,10.5695,False,False,14.72
2024-11-11,14.6,14.6,14.18,14.4,35534744.0,510312750.0,1325406445.0,0.026810450585971007,14.568000000000001,14.031,13.1345,10.991833333333334,75.24557936081769,36576497.1,10.626499999999998,False,False,14.72
2024-11-12,14.41,14.45,13.8,13.91,37221106.0,522329824.0,1325406445.0,0.02808278633351598,14.419999999999998,14.148,13.239499999999998,11.055166666666667,60.22727253564051,37473985.2,10.697333333333335,False,False,14.72
2024-11-13,13.92,14.61,13.86,14.35,29010921.0,411515259.0,1325406445.0,0.0218883204540325,14.346,14.302000000000001,13.379000000000001,11.123999999999999,66.16702335624447,38236836.25,10.776666666666666,False,False,14.72
2024-11-14,14.5,14.59,14.02,14.21,27844533.0,397749558.0,1325406445.0,0.021008297571693188,14.294,14.313999999999998,13.514000000000001,11.1895,61.434977385630134,38875703.9,10.848666666666666,False,False,14.72
2024-11-15,14.2,14.8,13.91,13.91,38301390.0,550845801.0,1325406445.0,0.028897844992748622,14.156,14.311999999999998,13.622,11.252833333333333,57.80590700226104,39619020.05,10.920666666666667,False,False,14.72
2024-11-18,14.2,14.37,13.71,13.93,23412668.0,327804912.0,1325406445.0,0.01766451950518469,14.062000000000001,14.315000000000001,13.732999999999999,11.315666666666667,63.74133928582477,39553990.8,10.991833333333334,False,False,14.72
2024-11-19,14.06,14.18,13.32,13.7,26970083.0,368395976.0,1325406445.0,0.02034853768950852,14.020000000000001,14.220000000000002,13.826500000000001,11.3775,59.910912953507165,40092282.65,11.055166666666667,False,False,14.72
2024-11-20,13.7,14.06,13.58,13.87,19690792.0,271847102.0,1325406445.0,0.01485641787414124,13.924000000000001,14.135,13.869499999999999,11.446166666666667,46.74556193655683,38960144.75,11.123999999999999,True,False,14.72
2024-11-21,13.86,14.05,13.68,13.97,13274718.0,184287755.0,1325406445.0,0.010015582804865567,13.876,14.084999999999999,13.925999999999998,11.520666666666667,50.60240942517058,36249072.85,11.1895,False,True,14.72
2024-11-22,14.0,14.1,13.17,13.22,20999640.0,286003724.0,1325406445.0,0.015843924766791067,13.738,13.947,13.927499999999998,11.586166666666667,41.58415827173807,34982735.45,11.252833333333333,False,False,14.72
2024-11-25,13.24,13.28,12.83,13.05,15860721.0,206380309.0,1325406445.0,0.011966684679883233,13.562000000000001,13.812000000000001,13.9215,11.649833333333333,26.87861260800561,33920028.25,11.315666666666667,True,False,14.72
2024-11-26,13.0,13.05,11.88,11.93,39636400.0,485474041.0,1325406445.0,0.029905090736147732,13.208000000000002,13.613999999999999,13.881,11.695500000000001,19.068736082713443,34257648.3,11.3775,True,True,14.72
2024-11-27,11.93,12.0,11.4,11.99,27543000.0,322657169.0,1325406445.0,0.020780795282763245,12.831999999999999,13.378,13.84,11.742,21.29629622728052,34883012.8,11.446166666666667,True,True,14.72
2024-11-28,11.98,12.17,11.46,11.55,27361400.0,320472510.0,1325406445.0,0.020643780708339624,12.348,13.112,13.713,11.784833333333333,17.062634937607598,33042033.05,11.520666666666667,True,True,14.72
2024-11-29,11.6,11.97,11.37,11.84,24412936.0,285876833.0,1325406445.0,0.018419207249290234,12.072,12.905000000000001,13.608500000000001,11.832166666666668,22.88135586433495,30148090.05,11.586166666666667,True,True,14.72
2024-12-02,11.78,12.09,11.67,11.99,24823434.0,296897823.0,1325406445.0,0.018728922055302064,11.860000000000001,12.711000000000002,13.513,11.873000000000001,28.082191691061496,29842963.85,11.649833333333333,True,True,14.72
2024-12-03,12.04,12.08,11.68,11.81,17648336.0,208431579.0,1325406445.0,0.013315414352010337,11.836000000000002,12.522,13.371,11.907,19.174757216396486,28374033.95,11.695500000000001,True,True,14.72
2024-12-04,11.77,11.83,11.57,11.63,13924200.0,162576164.0,1325406445.0,0.010505607583642013,11.764000000000001,12.298,13.2165,11.942499999999999,18.99038455147469,26696699.5,11.742,True,True,14.72
2024-12-05,11.55,11.75,11.55,11.7,11968800.0,139562401.0,1325406445.0,0.009030286554853745,11.794,12.071000000000002,13.078,11.976,21.882951575989466,25710634.45,11.784833333333333,True,True,14.6
2024-12-06,11.72,11.78,11.54,11.65,15730118.0,183827786.0,1325406445.0,0.011868146604643982,11.756,11.914,12.9305,12.009666666666668,21.21212113712886,24558497.0,11.832166666666668,True,True,14.6
2024-12-09,11.65,11.74,11.45,11.55,15533800.0,179789709.0,1325406445.0,0.011720027512013493,11.668000000000001,11.764,12.788,12.042833333333332,21.932114802336926,23558449.8,11.873000000000001,True,True,14.4
2024-12-10,11.76,11.87,11.57,11.61,19814567.0,232526020.0,1325406445.0,0.014949804322099853,11.628,11.732,12.673,12.081999999999999,19.623655840126006,22688122.85,11.907,True,True,14.35
2024-12-11,11.58,11.69,11.57,11.63,12983360.0,150956064.0,1325406445.0,0.009795757406325272,11.628,11.696000000000002,12.537,12.124333333333334,17.857142788461502,21886744.8,11.942499999999999,True,True,14.35
2024-12-12,11.63,11.67,11.47,11.64,16822514.0,194860791.0,1325406445.0,0.012692343592761087,11.616,11.705000000000002,12.4085,12.1645,22.75862057978594,21335643.85,11.976,True,True,14.21
2024-12-13,11.58,11.6,11.33,11.33,22879329.0,260806365.0,1325406445.0,0.017262122940710462,11.552000000000001,11.654,12.2795,12.197833333333334,21.710526215806752,20564540.8,12.009666666666668,True,True,13.97
2024-12-16,11.26,11.35,11.0,11.16,21642783.0,241141913.0,1325406445.0,0.0163291668617169,11.474,11.571000000000002,12.141,12.229166666666666,31.578947156887423,20476046.55,12.042833333333332,True,True,13.97
2024-12-17,11.12,11.36,11.05,11.1,16399776.0,183214360.0,1325406445.0,0.012373393883715422,11.372,11.5,12.011,12.261500000000002,28.708133778988525,19947531.2,12.081999999999999,True,True,13.97
2024-12-18,11.11,11.23,11.09,11.13,8994600.0,100287873.0,1325406445.0,0.006786295655895954,11.272000000000002,11.45,11.873999999999999,12.2955,37.499999687499994,19412721.6,12.124333333333334,True,True,13.97
2024-12-19,11.1,11.2,10.97,11.15,12043618.0,133560953.0,1325406445.0,0.009086735654133628,11.174,11.395000000000001,11.733,12.326166666666666,25.53191464010864,19351166.6,12.1645,True,True,13.97
2024-12-20,11.11,11.33,11.08,11.18,10686535.0,119511879.0,1325406445.0,0.008062836151366383,11.144,11.348,11.631,12.361833333333333,18.604650960879667,18835511.35,12.197833333333334,True,True,13.22
2024-12-23,11.19,11.25,10.89,10.89,13955732.0,153726953.0,1325406445.0,0.010529398021751735,11.09,11.282,11.523,12.393833333333333,17.1428569714285,18740261.9,12.229166666666666,True,True,13.05
2024-12-24,10.93,11.12,10.91,11.02,12763749.0,140532533.0,1325406445.0,0.009630064081965439,11.074000000000002,11.223,11.477500000000001,12.419166666666666,27.407407123182338,17396629.35,12.261500000000002,True,True,11.99
2024-12-25,11.05,11.07,10.73,10.82,11177601.0,121080169.0,1325406445.0,0.008433338348524479,11.012,11.142,11.419,12.435833333333335,20.270270078524447,16578359.4,12.2955,True,True,11.99
2024-12-26,10.8,10.98,10.8,10.84,9794591.0,106599004.0,1325406445.0,0.007389877299110312,10.95,11.062000000000001,11.3835,12.444999999999999,22.06896530416165,15700018.95,12.326166666666666,True,True,11.99
2024-12-27,10.91,11.44,10.89,11.27,30885725.0,347147708.0,1325406445.0,0.023302832966079323,10.968,11.056000000000001,11.355,12.452166666666667,42.13483112927656,16023658.4,12.361833333333333,True,True,11.99
2024-12-30,11.29,11.65,11.05,11.56,34299069.0,390230189.0,1325406445.0,0.02587815166388451,11.102,11.096,11.3335,12.446499999999999,48.75621856587711,16497440.15,12.393833333333333,True,True,11.99
2024-12-31,11.57,11.57,11.22,11.29,22677318.0,257763510.0,1325406445.0,0.01710970856188948,11.155999999999999,11.115,11.307500000000001,12.419833333333333,42.47787584305737,16748889.25,12.419166666666666,False,True,11.81
2025-01-02,11.25,11.31,10.67,10.76,20105638.0,220391433.0,1325406445.0,0.015169413183289598,11.144,11.078,11.264,12.399333333333333,34.172661698411034,17057961.15,12.435833333333335,True,False,11.7
2025-01-03,10.77,10.8,10.24,10.34,17711599.0,185791763.0,1325406445.0,0.013363145370852637,11.044,10.997,11.196,12.372666666666667,32.87197215909771,17345101.1,12.444999999999999,True,True,11.7
2025-01-06,10.41,10.41,10.03,10.09,16254888.0,165166431.0,1325406445.0,0.01226407798250898,10.808000000000002,10.888,11.117999999999999,12.351166666666668,31.98653183575371,17371339.6,12.452166666666667,True,True,11.65
2025-01-07,10.1,10.15,9.96,10.14,17352000.0,174554054.0,1325406445.0,0.013091833124442065,10.524000000000001,10.812999999999999,11.047500000000001,12.323333333333332,33.78378362399562,17462249.6,12.446499999999999,True,True,11.64
2025-01-08,10.11,10.11,9.72,10.01,17874758.0,177640216.0,1325406445.0,0.0134862464773966,10.268,10.712,10.9675,12.293333333333333,31.69934626019905,17365259.15,12.419833333333333,True,True,11.64
2025-01-09,9.95,10.07,9.86,9.95,15663853.0,155953186.0,1325406445.0,0.011818150620204658,10.105999999999998,10.625,10.8835,12.2665,30.645161151925052,17499283.8,12.399333333333333,True,True,11.64
2025-01-10,9.94,10.11,9.58,9.59,22081853.0,216476612.0,1325406445.0,0.016660438828634185,9.956,10.499999999999998,10.781,12.234499999999999,26.822157324924135,17762250.75,12.372666666666667,True,True,11.64
2025-01-13,9.5,9.82,9.46,9.74,12675860.0,122493540.0,1325406445.0,0.009563753102166332,9.886,10.347,10.7015,12.200999999999999,32.5227962141887,17252077.3,12.351166666666668,True,True,11.56
2025-01-14,9.8,10.17,9.76,10.13,22496760.0,225474369.0,1325406445.0,0.016973480161400604,9.883999999999999,10.203999999999999,10.65,12.174666666666667,37.46478858464593,17294776.15,12.323333333333332,True,True,11.56
2025-01-15,10.14,10.14,9.86,9.94,14328900.0,142600899.0,1325406445.0,0.010810947882481438,9.87,10.068999999999999,10.592,12.143166666666668,37.57062132034218,17191232.35,12.293333333333333,True,True,11.56
2025-01-16,9.94,10.17,9.93,10.03,13124600.0,131657304.0,1325406445.0,0.00990232094427457,9.886,9.995999999999999,10.537,12.0935,38.7811632845052,17397732.35,12.2665,True,True,11.56
2025-01-17,9.98,10.1,9.94,10.04,9021101.0,90426971.0,1325406445.0,0.006806290277243974,9.975999999999999,9.966000000000001,10.4815,12.046833333333332,30.721002999970537,17246606.5,12.234499999999999,True,True,11.56
2025-01-20,10.1,10.22,10.04,10.07,8439202.0,85228797.0,1325406445.0,0.006367255894851183,10.042,9.964,10.426,11.994833333333334,24.573378722175022,17134239.85,12.200999999999999,True,True,11.56
2025-01-21,10.1,10.12,9.92,10.05,7569500.0,75786320.0,1325406445.0,0.005711078310019837,10.026,9.955,10.383999999999999,11.942833333333333,26.86567150144805,16814928.25,12.174666666666667,True,True,11.56
2025-01-22,10.01,10.01,9.87,9.97,8367960.0,83179961.0,1325406445.0,0.0063135048358694225,10.032,9.950999999999999,10.3315,11.896666666666667,32.28699531299648,16595138.8,12.143166666666668,True,True,11.56
2025-01-23,10.04,10.2,9.96,9.96,12975683.0,130908777.0,1325406445.0,0.00978996522081949,10.018,9.952,10.2885,11.849166666666667,39.56043925612855,16685042.9,12.0935,True,True,11.56
2025-01-24,9.96,10.33,9.9,10.21,17102700.0,173491311.0,1325406445.0,0.012903739878826377,10.052000000000001,10.014000000000001,10.257000000000001,11.7845,53.29670288672868,17050448.35,12.046833333333332,True,True,11.56
2025-01-27,10.23,10.31,10.05,10.18,11350906.0,115364274.0,1325406445.0,0.008564094465377373,10.074000000000002,10.058,10.2025,11.722000000000001,51.111110713580224,16073707.4,11.994833333333334,True,True,11.56
2025-02-05,10.2,10.53,10.15,10.34,13485201.0,139660180.0,1325406445.0,0.010174389185198205,10.132,10.079,10.141499999999999,11.662666666666668,59.016392991131404,15033014.0,11.942833333333333,True,True,11.56
2025-02-06,10.31,10.68,10.25,10.64,13081750.0,137754078.0,1325406445.0,0.009869991238800713,10.266,10.149000000000001,10.109,11.595833333333333,66.66666621578099,14553235.6,11.896666666666667,False,True,11.29
2025-02-07,10.65,10.8,10.48,10.59,17930209.0,191139113.0,1325406445.0,0.013528083455184949,10.392,10.205000000000002,10.1005,11.527,78.40909028538215,14444464.15,11.849166666666667,False,False,10.76
2025-02-10,10.56,10.83,10.56,10.77,16844531.0,180551152.0,1325406445.0,0.012708955100938868,10.504,10.278,10.122,11.465333333333335,78.77094910458467,14401110.75,11.7845,False,False,10.64
2025-02-11,10.75,10.76,10.56,10.65,10368673.0,110281326.0,1325406445.0,0.007823013868021443,10.598,10.336,10.15,11.3995,67.1052625398199,14106800.0,11.722000000000001,False,False,10.77
2025-02-12,10.62,10.7,10.53,10.66,10548600.0,111964938.0,1325406445.0,0.007958766188133331,10.662,10.397000000000002,10.175999999999998,11.337166666666667,76.86567083871685,13766630.0,11.662666666666668,False,False,10.77
2025-02-13,10.68,10.7,10.48,10.48,13629600.0,144094180.0,1325406445.0,0.010283336142974617,10.63,10.447999999999999,10.1995,11.280000000000001,65.7342650907135,13554372.1,11.595833333333333,False,False,10.77
2025-02-14,10.48,10.54,10.42,10.51,11482423.0,120186652.0,1325406445.0,0.008663322140401995,10.614,10.503,10.227500000000001,11.216000000000001,66.20689591248515,13345300.6,11.527,False,False,10.77
2025-02-17,10.5,10.56,10.43,10.5,9982800.0,104828420.0,1325406445.0,0.007531878268480881,10.559999999999999,10.532,10.273,11.154166666666667,65.03496439825909,12740347.95,11.465333333333335,False,False,10.77
2025-02-18,10.49,10.53,10.17,10.22,14539302.0,150491578.0,1325406445.0,0.010969693149485175,10.474,10.536,10.297,11.092666666666668,55.029585342950185,12833520.05,11.3995,False,False,10.77
2025-02-19,10.18,10.52,10.18,10.51,14229701.0,147978344.0,1325406445.0,0.010736103671202535,10.443999999999999,10.553,10.315999999999999,11.035666666666666,64.21052584265928,12420167.1,11.337166666666667,True,False,10.77
2025-02-20,10.51,10.55,10.32,10.45,13316709.0,138898124.0,1325406445.0,0.010047264407258862,10.437999999999999,10.534,10.3415,10.9815,62.56410211492436,12369557.55,11.280000000000001,False,True,10.77
2025-02-21,10.43,10.51,10.34,10.42,14036995.0,146263546.0,1325406445.0,0.01059070978034968,10.42,10.517,10.361,10.924000000000001,56.06936370810917,12415177.3,11.216000000000001,False,False,10.77
2025-02-24,10.41,10.5,10.28,10.37,16532895.0,171469173.0,1325406445.0,0.012473830244578297,10.394,10.477,10.377500000000001,10.864,55.428570985142855,12790767.0,11.154166666666667,False,False,10.77
2025-02-25,10.24,10.37,10.15,10.2,15988496.0,164029887.0,1325406445.0,0.012063089070009766,10.39,10.432,10.383999999999999,10.813666666666666,46.02272690663738,13168231.7,11.092666666666668,True,False,10.77
2025-02-26,10.16,11.2,10.16,11.03,51344339.0,554104751.0,1325406445.0,0.03873856143803496,10.493999999999998,10.469,10.433,10.780000000000001,58.515283485059385,15356973.65,11.035666666666666,True,True,10.77
2025-02-27,11.0,11.0,10.56,10.73,27229601.0,292693781.0,1325406445.0,0.02054434026839216,10.55,10.494,10.471,10.759999999999998,52.75590522103046,16300055.7,10.9815,False,True,11.03
2025-02-28,10.67,10.95,10.55,10.57,25703901.0,275893883.0,1325406445.0,0.019393221676992825,10.58,10.5,10.5015,10.736333333333333,46.03174577601412,16936466.6,10.924000000000001,False,False,11.03
2025-03-03,10.55,10.87,10.54,10.64,18501722.0,198170239.0,1325406445.0,0.013959281750738732,10.634,10.514,10.523,10.721166666666667,49.797570567948995,17006417.7,10.864,False,False,11.03
2025-03-04,10.59,11.48,10.55,11.33,39356101.0,434811935.0,1325406445.0,0.0296936091932162,10.86,10.625,10.580499999999999,10.712666666666667,60.63492036543211,18406677.45,10.813666666666666,False,False,11.03
2025-03-05,11.16,11.43,11.06,11.11,26540700.0,296532624.0,1325406445.0,0.020024574424036393,10.876000000000001,10.684999999999999,10.619,10.698,59.874607887697636,19059452.4,10.780000000000001,False,False,11.33
2025-03-06,11.19,11.32,11.15,11.19,26547360.0,297768035.0,1325406445.0,0.020029599297745983,10.968,10.759,10.6465,10.687666666666667,60.49382689910075,19732732.9,10.759999999999998,False,False,11.33
2025-03-07,11.2,11.65,11.11,11.24,42528669.0,482431464.0,1325406445.0,0.032087265880165534,11.102,10.841,10.678999999999998,10.681166666666666,61.280487543315,20962655.9,10.736333333333333,False,False,11.33
2025-03-10,11.2,11.85,11.17,11.74,45737089.0,528901894.0,1325406445.0,0.034507972382765956,11.322,10.978,10.727500000000001,10.681833333333334,71.71428542742856,22407283.8,10.721166666666667,False,False,11.33
2025-03-11,11.5,12.36,11.46,12.24,58605626.0,708556333.0,1325406445.0,0.04421709749570442,11.504,11.181999999999999,10.807,10.691666666666666,73.31536360473987,24819131.45,10.712666666666667,False,False,11.74
2025-03-12,12.25,12.38,12.0,12.09,38556351.0,466971153.0,1325406445.0,0.02909020938101746,11.7,11.288,10.878499999999999,10.700666666666669,71.57894710470914,26219519.0,10.698,False,False,12.24
2025-03-13,12.09,12.5,11.92,12.43,40606202.0,494653743.0,1325406445.0,0.030636792323731305,11.948,11.458000000000002,10.975999999999999,10.714333333333334,74.45255449091586,27568349.1,10.687666666666667,False,False,12.24
2025-03-14,12.5,12.54,12.05,12.3,35555200.0,436034199.0,1325406445.0,0.026825884342217755,12.16,11.631,11.0655,10.7255,73.03102600896557,28771987.95,10.681166666666666,False,False,12.43
2025-03-17,12.4,12.49,11.9,11.92,34438558.0,416172196.0,1325406445.0,0.025983394097649798,12.196,11.759,11.1365,10.730166666666667,69.54545432417356,29994775.85,10.681833333333334,False,False,12.43
2025-03-18,11.9,12.12,11.86,11.97,19351846.0,232284525.0,1325406445.0,0.014600688017629189,12.142,11.823,11.224,10.740833333333335,62.983425170782354,30235403.05,10.691666666666666,False,False,12.43
2025-03-19,11.97,12.1,11.85,11.91,17177059.0,205501484.0,1325406445.0,0.01295984266924249,12.106,11.903,11.294,10.753333333333334,67.45562102237315,30382770.95,10.700666666666669,False,False,12.43
2025-03-20,11.88,12.02,11.71,11.82,18161358.0,215550109.0,1325406445.0,0.013702482033728152,11.984,11.966,11.3625,10.765333333333333,68.88217493524155,30625003.4,10.714333333333334,False,False,12.43
2025-03-21,11.77,12.04,11.69,11.77,22338311.0,264207576.0,1325406445.0,0.016853932681759366,11.878,12.019,11.43,10.776000000000002,67.17325199379161,31040069.2,10.7255,False,False,12.43
2025-03-24,11.84,11.86,11.11,11.33,31470400.0,358033766.0,1325406445.0,0.023743961800336652,11.760000000000002,11.978,11.478,10.779,49.999999769736846,31786944.45,10.730166666666667,False,False,12.43
2025-03-25,11.26,11.6,11.23,11.38,18140300.0,206685289.0,1325406445.0,0.013686594077185131,11.642,11.892,11.537,10.782333333333332,54.7038324857653,31894534.65,10.740833333333335,True,False,12.43
2025-03-26,11.32,11.66,11.27,11.5,17711926.0,203118596.0,1325406445.0,0.013363392087624864,11.559999999999999,11.833,11.560500000000001,10.792499999999999,55.326460214924246,30212914.0,10.753333333333334,True,True,12.43
2025-03-27,11.43,11.43,11.07,11.22,17844501.0,200627616.0,1325406445.0,0.013463418008352901,11.440000000000001,11.712,11.584999999999999,10.795833333333333,49.68152844091039,29743659.0,10.765333333333333,True,True,12.43
2025-03-28,11.22,11.28,11.06,11.07,13818520.0,154021304.0,1325406445.0,0.010425873551565535,11.3,11.589,11.61,10.8,37.99283135057361,29149389.95,10.776000000000002,True,True,12.43
2025-03-31,11.02,11.02,10.64,10.78,16184000.0,174867304.0,1325406445.0,0.012210594011409082,11.190000000000001,11.475,11.617,10.799000000000001,21.705426238807775,29033503.85,10.779,True,True,12.43
2025-04-01,10.78,11.07,10.77,11.0,17564781.0,192256616.0,1325406445.0,0.013252373312550175,11.114,11.378,11.6005,10.794500000000001,29.43396210865079,27943937.85,10.782333333333332,True,True,12.43
2025-04-02,10.96,11.09,10.85,10.94,8115325.0,89056358.0,1325406445.0,0.006122895380971231,11.002,11.281,11.591999999999999,10.784166666666666,18.565400734212858,27022669.1,10.792499999999999,True,True,12.43
2025-04-03,10.86,11.11,10.73,10.79,13111434.0,142799885.0,1325406445.0,0.009892387387628857,10.916,11.178,11.572,10.775833333333335,18.410041733162956,26350872.8,10.795833333333333,True,True,12.43
2025-04-07,10.31,10.34,9.71,9.71,29178142.0,289851785.0,1325406445.0,0.022014486280847987,10.644,10.972,11.4955,10.758333333333333,14.23948213613184,25683346.45,10.8,True,True,12.43
2025-04-08,9.72,9.96,9.48,9.65,28927234.0,278728379.0,1325406445.0,0.021825179822480795,10.418,10.803999999999998,11.391,10.746833333333335,12.580645104474527,24842853.7,10.799000000000001,True,True,12.43
2025-04-09,9.51,10.03,9.13,9.94,28329054.0,273308671.0,1325406445.0,0.021373861660979022,10.206,10.66,11.276,10.744333333333334,20.42042033456879,23329025.1,10.794500000000001,True,True,12.43
2025-04-10,9.98,10.36,9.98,10.24,23599200.0,240958777.0,1325406445.0,0.01780525520230136,10.065999999999999,10.534,11.1835,10.746,27.683615709725814,22581167.55,10.784166666666666,True,True,12.43
2025-04-11,10.2,10.33,10.1,10.25,14729426.0,150488558.0,1325406445.0,0.011113138958668637,9.958,10.437000000000001,11.0745,10.75,28.28571417257143,21287328.75,10.775833333333335,True,True,12.43
2025-04-14,10.27,10.42,10.24,10.33,13053557.0,134840863.0,1325406445.0,0.009848720027915663,10.081999999999999,10.363,10.976,10.756333333333334,34.07643296908596,20162246.6,10.758333333333333,True,True,12.3
2025-04-15,10.33,10.34,10.05,10.11,15111700.0,153058464.0,1325406445.0,0.011401559164743611,10.174,10.296,10.8855,10.765000000000002,30.81570983945015,19195903.7,10.746833333333335,True,True,11.97
2025-04-16,10.04,10.1,9.78,10.0,14101200.0,140112875.0,1325406445.0,0.010639151524572524,10.186,10.196,10.787,10.769333333333334,27.27272715702479,18933371.4,10.744333333333334,True,True,11.97
2025-04-17,9.94,10.06,9.9,9.91,10564710.0,105361081.0,1325406445.0,0.007970920950214634,10.120000000000001,10.093,10.687,10.765666666666668,28.938906622139967,18602753.95,10.746,True,True,11.91
2025-04-18,9.94,10.03,9.82,10.0,10025900.0,99279165.0,1325406445.0,0.007564396595340231,10.07,10.014,10.596,10.766666666666667,32.45901624445041,18195981.05,10.75,True,True,11.82
2025-04-21,10.0,10.1,9.93,10.03,8191100.0,82098761.0,1325406445.0,0.0061800665229147875,10.01,10.046,10.509,10.766666666666667,36.55913960149535,17488620.5,10.756333333333334,True,True,11.77
2025-04-22,10.02,10.14,9.95,10.01,9822340.0,98510081.0,1325406445.0,0.007410813518414723,9.99,10.082,10.443,10.766166666666667,30.888030721068546,16406217.5,10.765000000000002,True,True,11.5
2025-04-23,10.04,10.24,10.02,10.15,11977000.0,121298770.0,1325406445.0,0.009036473336297984,10.02,10.103,10.381499999999999,10.7675,35.20599232476259,16098052.5,10.769333333333334,True,True,11.5
2025-04-24,10.15,10.18,9.94,9.99,12619000.0,126766628.0,1325406445.0,0.009520853054249332,10.036,10.078,10.306000000000001,10.7665,35.07462668244598,15843406.2,10.765666666666668,True,True,11.5
2025-04-25,9.96,10.09,9.96,10.06,9028300.0,90579112.0,1325406445.0,0.00681172181866069,10.047999999999998,10.059000000000001,10.248000000000001,10.768,60.47904140915772,15402596.15,10.766666666666667,True,True,11.22
2025-04-28,10.1,10.13,9.9,9.95,9543406.0,95102492.0,1325406445.0,0.0072003618482479916,10.032,10.021,10.192,10.767833333333332,58.72092975459705,15188840.45,10.766666666666667,True,True,11.07
2025-04-29,9.9,10.03,9.87,9.9,7432500.0,73863878.0,1325406445.0,0.005607713790768537,10.01,10.0,10.148,10.762666666666668,48.648648188458765,14751265.45,10.766166666666667,True,True,11.0
2025-04-30,9.87,9.97,9.78,9.9,9485300.0,93983798.0,1325406445.0,0.0071565217113456845,9.959999999999999,9.99,10.093,10.758000000000001,35.593219916690614,14347291.4,10.7675,True,True,11.0
2025-05-06,9.94,10.19,9.91,10.18,18803118.0,189609424.0,1325406445.0,0.014186680675149426,9.998,10.017,10.055000000000001,10.755333333333333,47.58620643709869,14881681.05,10.7665,True,True,10.94
2025-05-07,10.25,10.54,10.12,10.36,25035800.0,258129340.0,1325406445.0,0.01888914913191025,10.057999999999998,10.053,10.0335,10.750666666666666,50.967741475130055,15477899.35,10.768,False,True,10.79
2025-05-08,10.3,10.76,10.23,10.69,28773300.0,304461376.0,1325406445.0,0.0217090388450616,10.206,10.119,10.0825,10.752333333333334,67.46987894904923,15457657.25,10.767833333333332,False,False,10.36
2025-05-09,10.7,10.72,10.38,10.41,21711500.0,227425341.0,1325406445.0,0.016381012844705157,10.308,10.159,10.1205,10.746333333333332,61.20218532413631,15096870.55,10.762666666666668,False,False,10.69
2025-05-12,10.4,11.24,10.4,10.84,35567303.0,386066423.0,1325406445.0,0.026835015880732345,10.496,10.227999999999998,10.1655,10.749500000000001,71.42857096774195,15458783.0,10.758000000000001,False,False,10.69
2025-05-13,10.87,10.93,10.59,10.64,17790261.0,190391298.0,1325406445.0,0.013422494712555891,10.588,10.293,10.185500000000001,10.749166666666667,64.03508732610037,15168336.05,10.755333333333333,False,False,10.84
2025-05-14,10.63,10.65,10.46,10.53,12680800.0,133592599.0,1325406445.0,0.009567480260743715,10.622,10.34,10.1995,10.75,60.593219979531746,15065904.75,10.750666666666666,False,False,10.84
2025-05-15,10.5,10.56,10.38,10.41,9264600.0,96691887.0,1325406445.0,0.006990006752230634,10.565999999999999,10.386,10.2035,10.748333333333333,58.13008096999142,14876456.9,10.752333333333334,False,False,10.84
2025-05-16,10.39,10.56,10.38,10.47,10269209.0,107592219.0,1325406445.0,0.007747969718073915,10.578,10.443000000000001,10.2215,10.747833333333334,56.72268874196739,14634332.35,10.746333333333332,False,False,10.84
2025-05-19,10.5,10.51,10.2,10.3,13726909.0,141169070.0,1325406445.0,0.010356754376579179,10.47,10.483,10.2365,10.749166666666666,56.48535531765903,14615617.8,10.749500000000001,False,False,10.84
2025-05-20,10.3,10.93,10.21,10.74,29749115.0,316148917.0,1325406445.0,0.0224452771542091,10.49,10.539,10.278,10.752999999999998,62.318840263600094,15574838.05,10.749166666666667,False,False,10.84
2025-05-21,10.74,10.82,10.55,10.62,14322329.0,152704776.0,1325406445.0,0.010805990157985085,10.508,10.565000000000001,10.309000000000001,10.755833333333333,62.093862502052694,15789659.5,10.75,False,False,10.84
2025-05-22,10.6,10.69,10.44,10.46,11136600.0,117533929.0,1325406445.0,0.008402403686817744,10.518,10.542,10.3305,10.756499999999999,59.722221931905885,15936934.5,10.748333333333333,False,False,10.84
2025-05-23,10.46,10.82,10.42,10.6,17556129.0,186791290.0,1325406445.0,0.01324584550364096,10.544,10.561,10.360000000000001,10.760333333333334,61.589403687996146,16323623.95,10.747833333333334,False,False,10.84
2025-05-26,10.85,11.2,10.73,10.99,32794081.0,360553685.0,1325406445.0,0.02474265997703067,10.681999999999999,10.576,10.402000000000001,10.773500000000002,62.939296843083035,17364478.0,10.749166666666666,False,False,10.84
2025-05-27,10.96,11.07,10.79,10.98,15942110.0,173826204.0,1325406445.0,0.012028091503659468,10.73,10.610000000000001,10.4515,10.772666666666664,60.47297268695219,17530633.5,10.752999999999998,False,False,10.99
2025-05-28,10.98,11.3,10.94,11.11,19639553.0,219089699.0,1325406445.0,0.014817758789455713,10.828,10.668000000000001,10.504,10.779,57.6086953599559,18061196.15,10.755833333333333,False,False,10.99
2025-05-29,11.15,11.29,11.07,11.17,17748879.0,198495505.0,1325406445.0,0.013391272591857663,10.969999999999999,10.744000000000002,10.565000000000001,10.789,64.96062956320915,18471469.8,10.756499999999999,False,False,11.11
2025-05-30,11.12,11.12,10.89,10.97,13831370.0,151882711.0,1325406445.0,0.010435568690779981,11.044,10.794,10.618500000000001,10.7945,52.81385249376888,18791413.3,10.760333333333334,False,False,11.17
2025-06-03,10.95,11.15,10.86,11.09,14526600.0,160076009.0,1325406445.0,0.010960109674130941,11.064,10.873000000000001,10.678,10.7905,60.08968572141004,19043478.3,10.773500000000002,False,False,11.17
2025-06-04,11.06,11.66,11.06,11.46,27179233.0,310173174.0,1325406445.0,0.020506338340613696,11.16,10.945,10.742,10.796333333333333,68.67469840905798,19462284.05,10.772666666666664,False,False,11.17
2025-06-05,11.44,11.69,11.42,11.61,23676226.0,274461380.0,1325406445.0,0.01786337020565793,11.26,11.044,10.8045,10.803333333333335,73.80952339947092,19394305.35,10.779,False,False,11.46
2025-06-06,11.59,11.64,11.41,11.47,14185900.0,162916105.0,1325406445.0,0.010703056449978255,11.319999999999999,11.145,10.8435,10.807166666666667,69.23076885798821,18664935.35,10.789,False,False,11.61
2025-06-09,11.5,11.86,11.48,11.77,23438623.0,275670431.0,1325406445.0,0.01768410217742679,11.48,11.262,10.9115,10.807666666666668,76.92307652859965,18751291.5,10.7945,False,False,11.61
2025-06-10,11.76,11.77,11.4,11.46,18568505.0,214612423.0,1325406445.0,0.014009668558688803,11.554,11.309000000000001,10.9425,10.794666666666666,63.846153502366924,17901351.6,10.7905,False,False,11.77
2025-06-11,11.54,11.85,11.54,11.67,21205301.0,248885902.0,1325406445.0,0.015999093017840273,11.596,11.378,10.994,10.787666666666667,69.5167282627383,18072103.6,10.796333333333333,False,False,11.77
2025-06-12,11.71,11.87,11.65,11.8,23062310.0,271354240.0,1325406445.0,0.01740017945966756,11.634,11.447,11.057500000000001,10.777166666666666,75.18796952908593,18591179.1,10.803333333333335,False,False,11.77
2025-06-13,11.85,11.85,11.6,11.6,31425408.0,367030344.0,1325406445.0,0.023710015986831874,11.66,11.49,11.117,10.765500000000001,68.38235258920851,19699219.5,10.807166666666667,False,False,11.8
2025-06-16,11.5,11.6,11.21,11.56,25112120.0,287742092.0,1325406445.0,0.018946731468474184,11.618,11.549,11.1715,10.7595,62.02531608930197,20441365.05,10.807666666666668,False,False,11.8
2025-06-17,11.61,12.12,11.52,11.94,34811144.0,413038654.0,1325406445.0,0.026264504847794065,11.714,11.634,11.2535,10.758999999999999,67.51824783019876,21495576.8,10.794666666666666,False,False,11.8
2025-06-18,11.88,12.14,11.67,11.77,21358080.0,252812425.0,1325406445.0,0.016114362564458484,11.734,11.665000000000001,11.305,10.756666666666666,61.87050328554426,21076025.05,10.787666666666667,False,False,11.94
2025-06-19,11.71,11.76,11.38,11.42,19161902.0,220550181.0,1325406445.0,0.014457378015843283,11.658,11.646,11.345,10.75,54.07166099120416,21318003.7,10.777166666666666,False,False,11.94
2025-06-20,11.39,11.52,11.23,11.3,14131000.0,160169464.0,1325406445.0,0.010661635193723538,11.598,11.629000000000001,11.386999999999999,10.742166666666666,55.5183943888771,21467723.7,10.765500000000001,False,False,11.94
2025-06-23,11.22,11.72,11.16,11.63,20925700.0,241272493.0,1325406445.0,0.015788138105817043,11.612,11.615,11.438500000000001,10.747166666666667,58.437499744335966,21636202.25,10.7595,True,False,11.94
2025-06-24,11.63,12.26,11.56,12.07,29844301.0,357111696.0,1325406445.0,0.022517093615008036,11.638,11.676,11.4925,10.758666666666667,59.32721687138196,21488713.25,10.758999999999999,False,True,11.94
2025-06-25,12.1,12.26,11.97,12.25,27512650.0,334178069.0,1325406445.0,0.02075789664656414,11.734,11.734,11.556000000000001,10.771166666666666,59.696969443709854,22067240.25,10.756666666666666,False,False,12.07
2025-06-26,12.28,12.72,12.15,12.2,32534123.0,402078077.0,1325406445.0,0.024546525424508556,11.89,11.774000000000001,11.6105,10.7875,61.37071624324298,22711968.75,10.75,False,False,12.25
2025-06-27,12.2,12.42,12.13,12.22,21863250.0,267128486.0,1325406445.0,0.016495506025700667,12.074,11.836000000000002,11.663,10.806666666666667,57.67918061177186,22917687.3,10.742166666666666,False,False,12.25
2025-06-30,12.21,13.44,12.15,13.44,94928457.0,1239881211.0,1325406445.0,0.07162214832899805,12.435999999999998,12.024000000000001,11.7865,10.850999999999999,75.78124972371418,26972541.65,10.747166666666667,False,False,12.25
2025-07-01,13.17,14.78,13.0,14.31,156598905.0,2178801558.0,1325406445.0,0.11815160971244561,12.884,12.261000000000001,11.9475,10.906166666666667,79.33333308651852,34076156.9,10.758666666666667,False,False,13.44
2025-07-02,14.03,14.65,13.6,14.07,107882995.0,1519255372.0,1325406445.0,0.08139615995303237,13.248000000000001,12.491,12.078,10.958333333333334,74.62039022891855,38111345.0,10.771166666666666,False,False,14.31
2025-07-03,13.76,14.38,13.36,13.39,84876711.0,1162900432.0,1325406445.0,0.0640382513003398,13.486,12.687999999999999,12.167,11.001666666666667,67.5834968671574,41171369.25,10.7875,False,False,14.31
2025-07-04,13.47,13.53,12.98,13.32,70153217.0,924985318.0,1325406445.0,0.05292958794990619,13.706,12.89,12.2595,11.061833333333334,67.18749981628417,43969735.1,10.806666666666667,False,False,14.31
2025-07-07,13.32,13.71,13.1,13.55,52257957.0,705775216.0,1325406445.0,0.03942787300992791,13.728,13.081999999999999,12.3485,11.126833333333332,66.19718291212062,45410701.8,10.850999999999999,False,False,14.31
2025-07-08,13.46,13.74,13.41,13.56,39370824.0,533308933.0,1325406445.0,0.029704717483850774,13.578,13.231,12.4535,11.187166666666666,68.60706840738068,46450817.75,10.906166666666667,False,False,14.31
2025-07-09,13.59,13.7,13.19,13.25,34628354.0,464199633.0,1325406445.0,0.02612659243557549,13.414000000000001,13.331,12.5325,11.237333333333334,69.18238973405587,47121970.4,10.958333333333334,False,False,14.31
2025-07-10,13.11,13.37,13.01,13.15,27683767.0,363190155.0,1325406445.0,0.020887001949051184,13.366,13.426000000000002,12.6,11.285666666666666,69.47368400576175,47353043.25,11.001666666666667,False,False,14.31
2025-07-11,13.16,13.38,13.07,13.23,25077314.0,332148661.0,1325406445.0,0.01892047084470002,13.348000000000003,13.527000000000001,12.6815,11.334,67.77777756691357,47035638.55,11.061833333333334,False,False,14.31
2025-07-14,13.15,13.21,12.88,12.99,30498920.0,396527335.0,1325406445.0,0.023010994186013635,13.236,13.482,12.753,11.382,60.69767422098431,47304978.55,11.126833333333332,False,False,14.31
2025-07-15,13.17,13.2,12.88,13.05,22294385.0,290572214.0,1325406445.0,0.01682079114984234,13.134,13.356,12.8085,11.432833333333331,59.569377790915965,46679140.6,11.187166666666666,False,False,14.31
2025-07-16,13.01,13.13,12.87,12.93,19736689.0,255901891.0,1325406445.0,0.014891046497061512,13.069999999999999,13.242,12.866500000000002,11.483166666666667,58.58823510112111,46598071.05,11.237333333333334,False,False,14.31
2025-07-17,12.93,13.29,12.82,13.16,36532575.0,477893160.0,1325406445.0,0.027563299648810748,13.072,13.219,12.9535,11.535833333333333,60.53811640189827,47466604.7,11.285666666666666,False,False,14.31
2025-07-18,13.16,13.32,13.06,13.29,25484322.0,336343032.0,1325406445.0,0.019227552496170336,13.084,13.216,13.053,11.590166666666667,47.77448051369652,48034270.8,11.334,False,False,14.31
2025-07-21,13.33,13.64,13.19,13.38,38804982.0,519822507.0,1325406445.0,0.02927779787580556,13.162,13.199000000000002,13.1405,11.646333333333333,32.046331873108656,48928234.9,11.382,False,False,14.31
2025-07-22,13.39,13.68,13.35,13.39,30955773.0,417709483.0,1325406445.0,0.023355683169323956,13.23,13.181999999999999,13.2065,11.700333333333335,35.59322012783686,48983808.5,11.432833333333331,False,False,14.31
2025-07-23,13.35,13.95,13.23,13.82,47066123.0,644651409.0,1325406445.0,0.03551070932056619,13.407999999999998,13.238999999999999,13.285,11.764166666666666,60.18957306035353,49961482.15,11.483166666666667,False,False,14.31
2025-07-24,13.9,14.11,13.78,14.06,39209096.0,547249702.0,1325406445.0,0.029582696046117386,13.588,13.330000000000002,13.378,11.830833333333334,66.22806976877499,50295230.8,11.535833333333333,False,False,14.31
2025-07-25,13.95,14.2,13.87,14.07,28908491.0,405818406.0,1325406445.0,0.021811038499967458,13.744,13.414000000000001,13.470500000000001,11.8995,62.6213587977189,50647492.85,11.590166666666667,False,False,14.31
2025-07-28,14.02,14.95,14.0,14.41,57016604.0,834998992.0,1325406445.0,0.04301820337081581,13.95,13.556000000000001,13.519,11.974666666666666,67.78242638119079,48751900.2,11.646333333333333,False,False,14.31
2025-07-29,14.52,14.58,13.83,14.06,53069723.0,743748751.0,1325406445.0,0.04004033872039908,14.084,13.657,13.506499999999999,12.044,66.66666628257889,43575441.1,11.700333333333335,False,False,14.41
2025-07-30,14.05,14.45,13.85,13.92,44871502.0,633503433.0,1325406445.0,0.03385489950593985,14.104,13.756,13.499,12.106333333333334,65.58704416266451,40424866.45,11.764166666666666,False,False,14.41
2025-07-31,14.08,14.59,13.72,13.96,49987786.0,703044692.0,1325406445.0,0.037715061812604964,14.084,13.836000000000002,13.527499999999998,12.166333333333334,65.0205757570831,38680420.2,11.830833333333334,False,False,14.41
2025-08-01,13.93,14.1,13.56,13.98,28779006.0,399441748.0,1325406445.0,0.021713343939564138,14.066000000000003,13.905000000000001,13.5605,12.221166666666667,72.39818958661779,36611709.65,11.8995,False,False,14.41
2025-08-04,14.04,14.94,13.92,14.87,73451730.0,1065276472.0,1325406445.0,0.05541826831844023,14.158000000000001,14.054000000000002,13.626500000000002,12.2955,79.93421015819769,37671398.3,11.974666666666666,False,False,14.41
2025-08-05,14.84,14.94,14.62,14.83,41614277.0,615167593.0,1325406445.0,0.031397370336463094,14.312000000000001,14.198000000000002,13.690000000000001,12.361999999999998,82.09459420630937,37783570.95,12.044,False,False,14.87
2025-08-06,14.75,15.57,14.73,15.34,55224020.0,837914392.0,1325406445.0,0.04166572466003061,14.595999999999998,14.35,13.794500000000003,12.440333333333333,83.64197494722605,38813354.25,12.106333333333334,False,False,14.87
2025-08-07,15.3,15.47,15.15,15.19,34754500.0,531687854.0,1325406445.0,0.026221767768754133,14.842000000000002,14.463000000000003,13.8965,12.518,79.14110395460877,39166890.9,12.166333333333334,False,False,15.34
2025-08-08,15.0,15.1,14.6,14.72,40106952.0,593474075.0,1325406445.0,0.030260115416897646,14.99,14.528,13.970999999999998,12.589833333333333,68.40659314349114,39918372.8,12.221166666666667,False,False,15.34
2025-08-11,14.71,15.0,14.6,14.84,28268783.0,420346806.0,1325406445.0,0.021328388062878328,14.984,14.570999999999998,14.063500000000001,12.662666666666667,69.3333330744889,39806865.95,12.2955,False,False,15.34
2025-08-12,14.95,14.96,14.37,14.45,33502392.0,487235535.0,1325406445.0,0.025277070385756273,14.908000000000001,14.61,14.133500000000002,12.731833333333334,58.49056581701673,40367266.3,12.361999999999998,False,False,15.34
2025-08-13,14.45,14.7,14.38,14.46,37159548.0,539325928.0,1325406445.0,0.02803634171252276,14.732,14.664000000000001,14.209999999999999,12.793833333333334,55.747126212511574,41238409.25,12.440333333333333,False,False,15.34
2025-08-14,14.5,14.51,13.67,13.69,51553595.0,720457979.0,1325406445.0,0.038896442064607586,14.431999999999999,14.637,14.236499999999998,12.845,45.518867774230145,41989460.25,12.518,False,False,15.34
2025-08-15,13.6,15.06,13.58,15.06,76173678.0,1100436709.0,1325406445.0,0.05747193873046241,14.5,14.745000000000001,14.325,12.921666666666665,56.16698277299094,44523928.05,12.589833333333333,True,False,15.34
2025-08-18,15.52,16.2,15.21,15.61,116559810.0,1828481698.0,1325406445.0,0.08794269142097011,14.654,14.818999999999999,14.4365,13.005166666666666,64.16818996373772,48411669.45,12.662666666666667,False,True,15.34
2025-08-19,15.61,16.77,15.38,16.49,94724672.0,1521902910.0,1325406445.0,0.0714683954928256,15.062000000000001,14.985,14.5915,13.096833333333333,70.69243140262574,51600114.4,12.731833333333334,False,False,15.61
2025-08-20,16.49,16.73,16.12,16.65,67968201.0,1118728773.0,1325406445.0,0.05128102496891057,15.5,15.115999999999996,14.732999999999999,13.191333333333334,71.24802511888271,52645218.3,12.793833333333334,False,False,16.49
2025-08-21,16.92,17.15,16.28,16.44,46884123.0,781112108.0,1325406445.0,0.03537339295192578,16.05,15.241,14.851999999999999,13.280166666666668,68.86503052697695,53028969.65,12.845,False,False,16.65
2025-08-22,16.58,16.89,16.22,16.74,44434639.0,735641265.0,1325406445.0,0.03352529268861372,16.386,15.442999999999998,14.985499999999998,13.373,65.76728483629984,53805277.05,12.921666666666665,False,False,16.65
2025-08-25,16.77,17.49,16.6,17.39,55006234.0,942369575.0,1325406445.0,0.04150140827178489,16.741999999999997,15.697999999999999,15.1345,13.48,69.57186529449449,53704758.55,13.005166666666666,False,False,16.74
2025-08-26,17.22,17.48,16.76,17.16,48881744.0,833007653.0,1325406445.0,0.03688056911478199,16.875999999999998,15.969,15.2895,13.581166666666666,64.53674106972613,53495359.6,13.096833333333333,False,False,17.39
2025-08-27,17.17,17.44,16.28,16.32,53798987.0,907137378.0,1325406445.0,0.0405905578646858,16.81,16.154999999999998,15.4095,13.662166666666668,58.12949628578232,53941733.85,13.191333333333334,False,False,17.39
2025-08-28,16.28,16.66,16.1,16.66,35119335.0,576690251.0,1325406445.0,0.026497030501462515,16.854,16.451999999999998,15.544500000000003,13.746333333333332,64.22287376845745,53198311.3,13.280166666666668,False,False,17.39
2025-08-29,16.65,17.48,16.55,17.19,44143376.0,753879807.0,1325406445.0,0.033305538966199914,16.944,16.665,15.705000000000002,13.841666666666667,66.25172877904231,53966529.8,13.373,False,False,17.39
2025-09-01,17.19,17.39,16.4,16.79,43145820.0,722799752.0,1325406445.0,0.032552897386884216,16.824,16.783,15.800999999999998,13.925333333333333,66.16022086654101,52451234.3,13.48,False,False,17.39
2025-09-02,16.78,16.78,15.63,15.85,50734201.0,808047659.0,1325406445.0,0.038278221138422185,16.562,16.719,15.852,13.998500000000002,58.50673184588809,52907230.5,13.581166666666666,False,False,17.39
2025-09-03,15.91,15.98,14.85,14.93,50991393.0,777802195.0,1325406445.0,0.03847226878393518,16.284,16.547000000000004,15.8315,14.052833333333332,57.451922980249165,52695599.15,13.662166666666668,True,False,17.39
2025-09-04,14.93,15.29,14.3,14.62,36694955.0,542747827.0,1325406445.0,0.027685813011117506,15.876,16.365,15.803,14.099833333333333,46.969696879121784,52792621.9,13.746333333333332,True,True,17.39
2025-09-05,14.63,14.85,14.48,14.77,28294729.0,414656970.0,1325406445.0,0.021347963944750546,15.392000000000001,16.168,15.8055,14.152666666666667,43.87755093086214,52202010.75,13.841666666666667,True,True,17.39
2025-09-08,14.75,15.09,14.51,14.99,34538297.0,510989947.0,1325406445.0,0.02605864573112137,15.032,15.928,15.812999999999999,14.209833333333334,37.9032257208637,52515486.45,13.925333333333333,True,True,17.39
2025-09-09,15.13,15.55,14.83,14.84,34913731.0,528443053.0,1325406445.0,0.0263419052560892,14.830000000000002,15.696000000000002,15.8325,14.258166666666666,35.37964450802667,52586053.4,13.998500000000002,True,True,17.39
2025-09-10,14.86,15.3,14.85,15.1,27985989.0,422322021.0,1325406445.0,0.02111502407851955,14.863999999999999,15.574000000000002,15.864500000000001,14.313666666666668,39.26282042473085,52127375.45,14.052833333333332,True,True,17.39
2025-09-11,15.33,16.17,15.28,16.04,50365643.0,792696606.0,1325406445.0,0.03800014945604101,15.148,15.512,15.982,14.390666666666668,44.91279060628212,52067977.85,14.099833333333333,True,True,17.39
2025-09-12,16.03,16.15,15.62,15.75,31820700.0,504851767.0,1325406445.0,0.024008258085692347,15.344,15.368,16.0165,14.464833333333333,37.42331280307878,49850328.95,14.152666666666667,False,True,17.39
2025-09-15,15.87,15.88,15.17,15.33,29678967.0,457645207.0,1325406445.0,0.022392351502410267,15.412,15.222,16.0025,14.5265,36.363636287765885,45506286.8,14.209833333333334,True,False,17.39
2025-09-16,15.23,15.39,14.9,15.2,28782692.0,435043451.0,1325406445.0,0.02171612497327188,15.484,15.157,15.937999999999999,14.578666666666667,40.666666571777775,42209187.8,14.258166666666666,True,True,17.39
2025-09-17,15.15,15.39,15.01,15.2,21916833.0,333913466.0,1325406445.0,0.016535933624496596,15.504,15.183999999999997,15.8655,14.627833333333335,37.10247340646031,39906619.4,14.313666666666668,True,True,17.39
2025-09-18,15.21,15.58,14.8,15.02,38043685.0,578520667.0,1325406445.0,0.028703410296152587,15.3,15.224,15.7945,14.674833333333334,29.56685491262975,39464597.5,14.390666666666668,True,True,17.39
2025-09-19,14.98,15.39,14.88,15.02,20468100.0,309266566.0,1325406445.0,0.01544288552180686,15.154,15.249,15.7085,14.721499999999999,31.975559990293732,38266270.55,14.464833333333333,True,True,17.39
2025-09-22,14.96,15.13,14.66,14.92,21224938.0,315077883.0,1325406445.0,0.01601390885042814,15.072,15.241999999999999,15.585000000000003,14.746166666666666,38.574938442248374,36577205.75,14.5265,True,True,17.39
2025-09-23,16.41,16.41,16.06,16.41,56688072.0,928434227.0,1325406445.0,0.04277033072673794,15.313999999999998,15.398999999999997,15.5475,14.781166666666667,65.9482756630871,36967522.15,14.578666666666667,True,True,17.19
2025-09-24,16.41,16.89,15.59,15.86,98770521.0,1591407768.0,1325406445.0,0.07452093006836102,15.446000000000002,15.475,15.5245,14.811000000000002,62.704917852895726,39216098.85,14.627833333333335,False,True,17.19
2025-09-25,15.61,15.7,15.14,15.19,52901781.0,810278436.0,1325406445.0,0.03991362890950783,15.479999999999999,15.39,15.450999999999999,14.841,53.88888874917696,40105221.15,14.674833333333334,False,False,17.19
2025-09-26,15.28,16.71,15.19,16.71,116415504.0,1907904795.0,1325406445.0,0.0878338146303491,15.818000000000001,15.486,15.426999999999998,14.8975,62.835820764223655,43718827.55,14.721499999999999,True,False,17.19
2025-09-29,16.42,16.81,16.1,16.48,90524416.0,1489919657.0,1325406445.0,0.06829936306820962,16.130000000000003,15.600999999999999,15.4115,14.946333333333335,62.094395152017476,46087757.35,14.746166666666666,False,True,16.79
2025-09-30,16.63,16.7,16.24,16.24,59145566.0,969795098.0,1325406445.0,0.044624474419241264,16.096,15.705000000000002,15.431000000000001,14.991000000000001,58.43195254170895,46508325.6,14.781166666666667,False,False,16.71
2025-10-09,16.18,16.37,15.83,16.28,51913810.0,837732843.0,1325406445.0,0.03916821907411202,16.18,15.812999999999999,15.498499999999998,15.041500000000001,52.04778144561965,46554446.45,14.811000000000002,False,False,16.71
2025-10-10,16.19,16.4,15.9,15.9,44225117.0,712359331.0,1325406445.0,0.03336721136888692,16.322000000000003,15.901,15.5625,15.087333333333333,51.26050408106773,46930954.55,14.841,False,False,16.71
2025-10-13,15.3,16.33,15.23,16.17,49559619.0,786209830.0,1325406445.0,0.037392016001551884,16.214,16.016,15.632499999999999,15.136333333333333,57.24137917217598,47994199.05,14.8975,False,False,16.71
2025-10-14,16.19,16.41,15.45,15.55,43211510.0,688728587.0,1325406445.0,0.032602459542136905,16.028,16.079,15.660499999999999,15.179,52.78219384118431,48427859.7,14.946333333333335,False,False,16.71
2025-10-15,15.48,15.69,15.26,15.6,29659804.0,458128926.0,1325406445.0,0.022377893295969297,15.9,15.998000000000001,15.698500000000001,15.2215,53.154574015116076,48165163.35,14.991000000000001,True,False,16.71
2025-10-16,15.5,15.6,14.96,14.97,32392399.0,492308710.0,1325406445.0,0.02443959671555694,15.638,15.909,15.691999999999998,15.2555,49.63181138514797,48385483.85,15.041500000000001,True,True,16.71
2025-10-17,14.91,15.06,14.08,14.2,34636543.0,501114909.0,1325406445.0,0.026132770917678766,15.298000000000002,15.809999999999999,15.6,15.272833333333333,44.5767194941701,47599028.85,15.087333333333333,True,True,16.71
2025-10-20,14.3,14.48,14.14,14.23,19621849.0,280454986.0,1325406445.0,0.014804401377420494,14.91,15.561999999999998,15.523999999999997,15.2885,45.3938583931223,46989086.3,15.136333333333333,True,True,16.71
2025-10-21,14.22,14.33,14.09,14.24,16755069.0,238425214.0,1325406445.0,0.012641457315382226,14.648000000000001,15.338,15.4695,15.302833333333334,31.946755333235544,46342891.4,15.179,True,True,16.71
2025-10-22,14.17,14.19,13.89,14.02,17583016.0,246610526.0,1325406445.0,0.013266131356408185,14.331999999999999,15.116,15.410499999999999,15.313333333333333,33.80281681809167,45782907.6,15.2215,True,True,16.71
2025-10-23,13.96,14.65,13.68,14.53,33792039.0,479486246.0,1325406445.0,0.02549560485953424,14.244,14.940999999999999,15.377,15.325166666666666,44.02173901878545,46376667.9,15.2555,True,True,16.71
2025-10-24,14.4,14.6,14.39,14.58,19453230.0,282755874.0,1325406445.0,0.014677180779817318,14.319999999999999,14.809000000000001,15.355,15.333833333333333,23.70370362176503,45447145.15,15.272833333333333,True,True,16.71
2025-10-27,14.6,14.68,14.45,14.61,20221513.0,294331141.0,1325406445.0,0.015256839195466564,14.395999999999997,14.653,15.3345,15.342833333333335,25.714285620779265,45434815.8,15.2885,True,True,16.71
2025-10-28,14.62,15.14,14.5,14.98,32228223.0,481342062.0,1325406445.0,0.024315728297216784,14.544,14.596,15.3375,15.352333333333336,34.170854151157855,45984980.05,15.302833333333334,True,True,16.71
2025-10-29,14.99,15.18,14.77,15.12,29552522.0,443220629.0,1325406445.0,0.02229695057805457,14.764,14.547999999999998,15.273,15.37,35.78431360270088,44628202.55,15.313333333333333,True,True,16.71
2025-10-30,15.12,15.25,14.9,14.92,22403404.0,336801387.0,1325406445.0,0.016903044409143492,14.841999999999999,14.542999999999997,15.225999999999999,15.386666666666667,37.43589730151217,40809846.7,15.325166666666666,True,True,16.71
2025-10-31,14.8,15.45,14.71,15.23,36116354.0,549055166.0,1325406445.0,0.027249266922042166,14.972,14.646,15.228,15.407833333333334,38.0710658545698,39970575.35,15.333833333333333,True,True,16.71
2025-11-03,16.0,16.47,15.67,16.28,84685646.0,1365401852.0,1325406445.0,0.06389409552026133,15.306000000000001,14.851000000000003,15.2065,15.446166666666667,58.35240255905409,38384082.45,15.342833333333335,False,True,16.71
2025-11-04,16.46,16.88,16.31,16.63,67531723.0,1121327895.0,1325406445.0,0.0509517086285181,15.636000000000001,15.09,15.213999999999999,15.4755,61.0278370761478,37234447.8,15.352333333333336,False,False,16.48
2025-11-05,16.65,16.99,16.16,16.73,81006423.0,1346272595.0,1325406445.0,0.06111817496103997,15.957999999999998,15.360999999999999,15.238499999999998,15.507166666666668,71.25603840638053,38327490.65,15.37,False,False,16.63
2025-11-06,16.6,16.6,15.47,16.03,74550264.0,1184476163.0,1325406445.0,0.056247096338814015,16.18,15.511,15.226000000000003,15.518666666666666,72.48157223225014,39459313.35,15.386666666666667,False,False,16.73
2025-11-07,15.89,17.5,15.2,15.21,116770152.0,1844895985.0,1325406445.0,0.08810139141884134,16.176000000000002,15.574000000000002,15.1915,15.519,60.08230435367238,43086565.1,15.407833333333334,False,False,16.73
2025-11-10,15.01,15.21,14.24,14.33,81509641.0,1179179086.0,1325406445.0,0.06149784566650421,15.785999999999998,15.546000000000001,15.0995,15.5125,50.785340190053276,44684066.2,15.446166666666667,False,False,16.73
2025-11-11,14.23,14.55,14.23,14.35,32044383.0,460890764.0,1325406445.0,0.024177023675179127,15.330000000000002,15.483,15.0395,15.504333333333333,52.98372500148786,44125709.85,15.4755,True,False,16.73
2025-11-12,14.26,14.44,14.1,14.32,21566779.0,306948163.0,1325406445.0,0.016271822942584228,14.848000000000003,15.403,14.9755,15.502166666666666,47.920791946358214,43721058.6,15.507166666666668,True,True,16.73
2025-11-13,14.33,14.4,14.15,14.32,24292270.0,346718218.0,1325406445.0,0.01832816649688164,14.506,15.343,14.943000000000001,15.499833333333333,47.39999986728,43316052.15,15.518666666666666,True,True,16.73
2025-11-14,14.32,14.44,14.2,14.29,22384421.0,320355049.0,1325406445.0,0.01688872201010008,14.322,15.249,14.9475,15.509833333333335,46.79999986895999,42703446.05,15.519,True,True,16.73
2025-11-17,14.51,14.59,14.36,14.46,24631921.0,355932969.0,1325406445.0,0.01858442826570079,14.348000000000003,15.066999999999998,14.959,15.499833333333333,44.583333203298615,42953949.65,15.5125,True,True,16.73
2025-11-18,14.42,14.42,14.13,14.16,18382689.0,260866753.0,1325406445.0,0.013869473073220192,14.309999999999999,14.819999999999999,14.955000000000002,15.475666666666667,40.32258053134757,43035330.65,15.504333333333333,True,True,16.73
2025-11-19,14.15,14.38,13.9,14.26,24815196.0,352274150.0,1325406445.0,0.01872270660340723,14.297999999999998,14.573000000000002,14.967000000000002,15.438500000000001,43.20987641873699,43396939.65,15.502166666666666,True,True,16.73
2025-11-20,14.17,14.17,13.9,13.92,20028375.0,280915957.0,1325406445.0,0.015111119366859575,14.218,14.362,14.9365,15.393,36.605316868614636,42708756.45,15.499833333333333,True,True,16.73
2025-11-21,13.8,13.98,13.53,13.68,21391277.0,293257797.0,1325406445.0,0.0161394092209956,14.096,14.209,14.891499999999999,15.347,18.137254839725117,42805658.8,15.509833333333335,True,True,16.73
2025-11-24,13.68,14.12,13.53,14.04,23895906.0,330319984.0,1325406445.0,0.018029115589520164,14.012,14.180000000000001,14.863,15.302,18.33740825018984,42989378.45,15.499833333333333,True,True,16.73
2025-11-25,14.0,14.0,13.85,13.85,19152175.0,266637294.0,1325406445.0,0.014450039134976441,13.95,14.13,14.8065,15.243,15.55023918236762,42335576.05,15.475666666666667,True,True,16.73
2025-11-26,13.86,13.89,13.4,13.43,22302982.0,302906758.0,1325406445.0,0.016827277462046746,13.784,14.041,14.722000000000003,15.180833333333334,16.66666660683761,41973099.05,15.438500000000001,True,True,16.73
2025-11-27,13.39,13.54,13.34,13.34,13338892.0,178932651.0,1325406445.0,0.01006400116003661,13.667999999999997,13.943000000000001,14.643,15.131166666666667,20.504731770641555,41519873.45,15.393,True,True,16.73
2025-11-28,13.47,13.52,13.3,13.48,12525523.0,168234251.0,1325406445.0,0.00945032600924164,13.628,13.862,14.5555,15.078166666666668,32.51028787854156,40340331.9,15.347,True,True,16.73
2025-12-01,13.5,13.99,13.5,13.79,21131778.0,290997730.0,1325406445.0,0.01594362097733726,13.578,13.794999999999998,14.431000000000001,15.0215,39.70588214857266,37162638.5,15.302,True,True,16.73
2025-12-02,13.72,13.75,13.57,13.61,10244501.0,139478313.0,1325406445.0,0.007729327889302666,13.530000000000001,13.74,14.280000000000001,14.9685,37.630661837341705,34298277.4,15.243,True,True,16.73
2025-12-03,13.59,13.65,13.21,13.29,18858228.0,251851606.0,1325406445.0,0.01422826037336796,13.502,13.643,14.108,14.925833333333333,33.8557992244573,31190867.65,15.180833333333334,True,True,16.73
2025-12-04,13.25,13.35,13.19,13.24,10700362.0,141755513.0,1325406445.0,0.008073268422955344,13.482,13.575,13.9685,14.897666666666668,33.64485966634642,27998372.55,15.131166666666667,True,True,16.03
2025-12-05,13.26,13.46,13.08,13.39,14906245.0,197703899.0,1325406445.0,0.011246546337716051,13.463999999999999,13.545999999999998,13.877500000000001,14.877166666666666,33.228839979559936,22905177.2,15.078166666666668,True,True,15.21
2025-12-08,13.41,13.58,13.41,13.5,14921700.0,201548847.0,1325406445.0,0.011258206911767356,13.406,13.492,13.836000000000002,14.856,38.99999981799999,19575780.15,15.0215,True,True,14.46
2025-12-09,13.43,13.96,13.33,13.83,32639641.0,446744138.0,1325406445.0,0.024626137229927233,13.45,13.49,13.809999999999999,14.836666666666668,43.34365306290676,19605543.05,14.9685,True,True,14.46
2025-12-10,13.77,14.19,13.6,13.8,26739063.0,370515875.0,1325406445.0,0.020174236439600233,13.552000000000001,13.527000000000001,13.784,14.819333333333333,47.945205249577796,19864157.25,14.925833333333333,False,True,14.46
2025-12-11,13.86,14.39,13.74,14.19,47885125.0,679435562.0,1325406445.0,0.03612863448841914,13.742,13.612,13.7775,14.804166666666667,58.30618865919003,21043800.0,14.897666666666668,False,False,14.46
2025-12-12,14.57,14.75,14.22,14.39,44980387.0,649546135.0,1325406445.0,0.03393705166417838,13.942000000000002,13.703,13.782499999999999,14.776666666666667,56.01374543498544,22173598.3,14.877166666666666,False,False,14.46
2025-12-15,14.29,14.44,13.97,13.99,35082573.0,496043721.0,1325406445.0,0.026469294103968238,14.040000000000001,13.722999999999999,13.759,14.747333333333334,52.2435895091634,22696130.9,14.856,False,False,14.46
2025-12-16,13.97,13.99,13.32,13.35,24867200.0,335769068.0,1325406445.0,0.018761942869532373,13.943999999999999,13.697,13.7185,14.714333333333334,48.802395005019896,23020356.45,14.836666666666668,False,False,14.39
2025-12-17,13.32,13.49,13.14,13.39,17270408.0,229655322.0,1325406445.0,0.01303027314010081,13.862,13.706999999999999,13.675,14.684166666666668,50.75987820345341,22643117.05,14.819333333333333,True,False,14.39
2025-12-18,13.26,13.73,13.23,13.45,24113900.0,327007231.0,1325406445.0,0.018193588910758618,13.713999999999999,13.728,13.651499999999999,14.655,49.532710064343306,22847393.3,14.804166666666667,True,True,14.39
2025-12-19,13.42,13.78,13.42,13.64,21055827.0,286092832.0,1325406445.0,0.015886317045938313,13.563999999999998,13.753,13.6495,14.632,47.57281531844035,22830620.8,14.776666666666667,True,True,14.39
2025-12-22,13.69,13.83,13.55,13.65,17711162.0,242929248.0,1325406445.0,0.01336281566067079,13.496,13.768,13.63,14.609166666666669,50.68493126383938,22521383.6,14.747333333333334,True,True,14.39
2025-12-23,13.61,13.67,13.28,13.35,22458434.0,301400902.0,1325406445.0,0.016944563748518666,13.496,13.719999999999999,13.604999999999999,14.583,51.03448251224733,22686696.55,14.714333333333334,False,True,14.39
2025-12-24,13.3,13.63,13.27,13.54,17888705.0,241583822.0,1325406445.0,0.013496769287250599,13.526,13.693999999999999,13.610499999999998,14.535166666666667,54.93421027332928,22465982.7,14.684166666666668,True,False,14.39
2025-12-25,13.6,14.47,13.54,14.39,42701860.0,603306574.0,1325406445.0,0.03221793598566665,13.713999999999999,13.714000000000002,13.663,14.510666666666667,63.36898372000914,23934131.1,14.655,True,True,14.39
2025-12-26,14.4,14.65,14.09,14.23,41377488.0,593397153.0,1325406445.0,0.03121871645946312,13.831999999999999,13.697999999999999,13.7005,14.494666666666667,59.63060663988694,25376729.35,14.632,False,True,14.39
2025-12-29,14.44,14.72,14.33,14.53,50742947.0,738132946.0,1325406445.0,0.03828481986897234,14.008000000000001,13.752,13.7375,14.458333333333334,59.3085104174683,26857287.8,14.609166666666669,False,False,14.39
2025-12-30,14.53,14.93,14.46,14.68,44145886.0,649331645.0,1325406445.0,0.03330743272491028,14.274000000000001,13.885,13.791,14.428333333333333,61.340205964236354,28552357.05,14.583,False,False,14.53
2025-12-31,14.69,16.15,14.53,15.78,102442452.0,1564510467.0,1325406445.0,0.07729134891901028,14.722,14.124,13.9155,14.420666666666667,67.32026123257435,32731568.25,14.535166666666667,False,False,14.68
2026-01-05,16.05,16.31,15.56,16.11,101796677.0,1627007636.0,1325406445.0,0.07680412101813795,15.065999999999999,14.39,14.059000000000001,14.417833333333332,68.22033878070236,37286384.0,14.510666666666667,False,False,15.78
2026-01-06,15.88,16.29,15.74,16.02,75681794.0,1206215987.0,1325406445.0,0.05710081936413098,15.423999999999998,14.627999999999997,14.1905,14.419833333333335,73.01587278407658,40325161.45,14.494666666666667,False,False,16.11
2026-01-07,15.95,16.48,15.72,16.46,78262264.0,1269129228.0,1325406445.0,0.05904774667064487,15.809999999999999,14.909,14.3385,14.424666666666667,86.93586669427502,43492189.65,14.458333333333334,False,False,16.11
2026-01-08,16.18,17.5,16.14,16.88,84861767.0,1424103023.0,1325406445.0,0.06402697626840044,16.25,15.262,14.491,14.446833333333332,88.01742892543702,46103295.95,14.428333333333333,False,False,16.46
2026-01-09,17.13,17.69,16.86,16.93,94292225.0,1618175323.0,1325406445.0,0.07114212048365284,16.479999999999997,15.600999999999999,14.647499999999999,14.469,87.9912661065769,49480954.05,14.420666666666667,False,False,16.88
2026-01-12,16.9,17.59,16.77,17.42,81568054.0,1400356374.0,1325406445.0,0.061541917430467906,16.741999999999997,15.904000000000002,14.809000000000001,14.509833333333335,88.72950794216943,51165100.5,14.417833333333332,False,False,16.93
2026-01-13,17.3,17.31,16.58,16.6,70582109.0,1187253231.0,1325406445.0,0.0532531807629772,16.857999999999997,16.141,14.9195,14.549833333333334,75.92267116644685,52445186.6,14.419833333333335,False,False,17.42
2026-01-14,16.57,16.82,15.9,16.14,68660973.0,1123825757.0,1325406445.0,0.05180371142679935,16.794,16.302,15.027000000000001,14.581666666666667,73.846153669428,54124106.6,14.424666666666667,False,False,17.42
2026-01-15,16.09,16.1,15.62,15.83,37693742.0,595885507.0,1325406445.0,0.02843938336213538,16.584000000000003,16.417,15.151,14.608166666666667,69.17922931850767,54765433.7,14.446833333333332,False,False,17.42
2026-01-16,16.09,16.13,15.7,15.74,31474766.0,498753218.0,1325406445.0,0.023747255884212937,16.346,16.413,15.2685,14.636833333333334,62.95585395750825,55475651.6,14.469,False,False,17.42
2026-01-19,15.71,16.88,15.55,16.57,65074289.0,1062507098.0,1325406445.0,0.049097610205147295,16.176,16.459,15.4245,14.670833333333333,69.89795901724975,57523671.05,14.509833333333335,False,False,17.42
2026-01-20,16.58,16.75,15.95,16.13,42242354.0,683800840.0,1325406445.0,0.031871245352213445,16.082,16.470000000000002,15.549000000000001,14.696666666666665,63.28903639766667,58582997.4,14.549833333333334,False,False,17.42
2026-01-21,15.97,16.32,15.88,15.93,29475274.0,472896560.0,1325406445.0,0.022238668078907675,16.04,16.417,15.663,14.718666666666667,60.296540223368766,59171203.0,14.581666666666667,False,False,17.42
2026-01-22,15.92,16.3,15.92,16.19,28456318.0,459129152.0,1325406445.0,0.0214698805089936,16.112000000000002,16.348000000000003,15.805000000000001,14.738833333333332,53.91969392832205,59471097.2,14.608166666666667,False,False,17.42
2026-01-23,16.19,16.36,16.02,16.17,31592717.0,511227718.0,1325406445.0,0.023836248208375054,16.198,16.272,15.9365,14.756333333333336,50.609755953549495,60156297.8,14.636833333333334,False,False,17.42
2026-01-26,16.24,16.29,15.45,15.5,36475874.0,575223121.0,1325406445.0,0.02752051956409492,15.984000000000004,16.080000000000002,15.992,14.766,45.272727157487616,59844998.5,14.670833333333333,False,False,17.42
2026-01-27,15.49,15.74,15.0,15.65,38964114.0,597955768.0,1325406445.0,0.02939786066907197,15.888,15.985,16.063,14.773,42.22648741052384,59724329.8,14.696666666666665,True,False,17.42
2026-01-28,15.63,15.75,15.1,15.13,33900562.0,518797301.0,1325406445.0,0.025577483894006565,15.728000000000003,15.884,16.093,14.753833333333334,33.521657162089824,58882210.55,14.718666666666667,True,True,17.42
2026-01-29,15.12,15.3,14.74,14.77,30289383.0,453265193.0,1325406445.0,0.02285290154900371,15.443999999999999,15.778,16.0975,14.722833333333334,30.782918072782792,58189385.4,14.738833333333332,True,True,17.42
2026-01-30,14.7,14.85,14.07,14.3,31025979.0,444201066.0,1325406445.0,0.023408652581284228,15.069999999999999,15.634000000000004,16.0235,14.682333333333332,22.14285708750002,54618561.75,14.756333333333336,True,True,17.42
2026-02-02,14.29,14.46,14.06,14.06,22373992.0,319555539.0,1325406445.0,0.016880853480382766,14.782,15.383,15.921000000000001,14.6495,24.70119515023572,50647427.5,14.766,True,True,17.42
2026-02-03,14.24,14.55,14.16,14.53,25823458.0,371403784.0,1325406445.0,0.019483425704935366,14.558000000000002,15.222999999999999,15.8465,14.638166666666667,33.99602376223771,48154510.7,14.773,True,True,17.42
2026-02-04,14.46,14.64,14.38,14.53,18349091.0,266173891.0,1325406445.0,0.01384412386798074,14.437999999999999,15.082999999999998,15.75,14.6415,36.22881345186369,45158852.05,14.753833333333334,True,True,17.42
2026-02-05,14.48,14.59,14.24,14.31,17689560.0,254068281.0,1325406445.0,0.013346517263992934,14.346,14.895,15.621500000000001,14.640833333333335,35.257731856988,41800241.7,14.722833333333334,True,True,17.42
2026-02-06,14.14,14.39,14.07,14.16,18762600.0,267650959.0,1325406445.0,0.014156110429959469,14.318000000000001,14.693999999999999,15.483,14.638166666666667,21.10311743514542,38023760.45,14.682333333333332,True,True,17.42
2026-02-09,14.44,14.84,14.44,14.55,29708683.0,434474384.0,1325406445.0,0.022414771794775752,14.416,14.599,15.339499999999997,14.642,30.825242613700652,35430791.9,14.6495,True,True,17.42
2026-02-10,14.5,14.61,14.4,14.4,18972456.0,274309047.0,1325406445.0,0.014314443747857284,14.39,14.474,15.229500000000002,14.643833333333333,31.203931096595838,32850309.25,14.638166666666667,True,True,16.6
2026-02-11,14.4,14.5,14.24,14.27,16581949.0,238261922.0,1325406445.0,0.012510840778354598,14.338,14.388,15.136,14.640666666666668,25.634517675410336,30246358.05,14.6415,True,True,16.57
2026-02-12,14.3,14.53,14.18,14.4,18818087.0,270676293.0,1325406445.0,0.014197974569227329,14.356,14.350999999999999,15.0645,14.644666666666666,28.148148050845904,29302575.3,14.640833333333335,True,True,16.57
2026-02-13,14.32,14.48,14.21,14.25,18577923.0,266623758.0,1325406445.0,0.014016774303523173,14.374,14.345999999999998,14.99,14.644499999999999,32.29461743565875,28657733.15,14.638166666666667,True,True,16.57
2026-02-24,14.31,15.1,14.26,14.81,34963106.0,511969112.0,1325406445.0,0.026379157979724475,14.425999999999998,14.421000000000001,14.902000000000001,14.659333333333334,39.34010138305548,27152174.0,14.642,True,True,16.57
2026-02-25,15.55,15.56,14.8,14.84,70964100.0,1069652081.0,1325406445.0,0.0535413874496438,14.514000000000001,14.452000000000002,14.8375,14.678666666666667,45.79710126343205,28588261.3,14.643833333333333,True,True,16.19
2026-02-26,14.75,15.18,14.54,14.94,48501623.0,721946786.0,1325406445.0,0.0365937733160789,14.648,14.493,14.788,14.693666666666667,52.66457657137804,29539578.75,14.640666666666668,False,True,16.19
2026-02-27,14.8,15.06,14.74,14.89,31066736.0,463264815.0,1325406445.0,0.023439403148518716,14.746,14.551000000000002,14.722999999999999,14.711,60.64981918805145,29670099.65,14.644666666666666,False,False,16.19
2026-03-02,14.88,15.02,14.55,14.63,41857174.0,618226485.0,1325406445.0,0.03158063261115348,14.822,14.598000000000003,14.645999999999997,14.731,60.21505346128648,30183322.5,14.644499999999999,False,False,16.17
2026-03-03,14.6,14.7,13.92,13.94,39877746.0,567409203.0,1325406445.0,0.03008718280376251,14.648,14.537,14.567999999999998,14.740999999999998,40.19933536119911,30353416.1,14.659333333333334,True,False,15.65
2026-03-04,13.8,14.32,13.75,14.11,26947661.0,381129647.0,1325406445.0,0.020331620614686238,14.502,14.508,14.491,14.751499999999998,43.39622622404178,29752593.45,14.678666666666667,True,True,15.65
2026-03-05,14.3,14.56,14.28,14.44,23470964.0,338123779.0,1325406445.0,0.017708502994339972,14.402000000000001,14.525,14.4565,14.762333333333334,51.97568366940437,29231113.55,14.693666666666667,True,True,15.13
2026-03-06,14.35,14.87,14.31,14.66,24315430.0,356149747.0,1325406445.0,0.018345640382033904,14.356,14.551000000000002,14.451000000000002,14.779833333333332,57.44047595114087,28932415.9,14.711,True,True,14.94
2026-03-09,14.42,14.44,14.14,14.36,23435035.0,334897695.0,1325406445.0,0.017681395083302163,14.302000000000001,14.562000000000001,14.454000000000002,14.797666666666666,47.094801021612454,28552868.7,14.731,False,True,14.94
2026-03-10,14.44,14.99,14.44,14.89,34045623.0,504021122.0,1325406445.0,0.02568693032121177,14.492,14.570000000000002,14.495500000000002,14.825166666666666,56.71232854959654,29136450.25,14.740999999999998,True,False,14.94
2026-03-11,14.88,14.93,14.46,14.53,28437649.0,417245049.0,1325406445.0,0.02145579501841037,14.575999999999999,14.538999999999998,14.495499999999998,14.844166666666666,53.35051527141566,29267159.8,14.751499999999998,False,True,14.94
2026-03-12,14.49,14.49,14.12,14.21,24768703.0,352782557.0,1325406445.0,0.018687628307103937,14.530000000000001,14.466,14.479500000000002,14.856,47.66584750188653,29588140.4,14.762333333333334,False,False,14.94
2026-03-13,14.2,14.3,14.02,14.07,18242768.0,258687334.0,1325406445.0,0.013763904701700767,14.412,14.383999999999997,14.467500000000001,14.860000000000001,47.783251066757266,29615800.8,14.779833333333332,True,False,14.94
2026-03-16,14.12,14.2,13.8,13.98,19288454.0,268889917.0,1325406445.0,0.014552859670151973,14.336000000000002,14.318999999999999,14.458499999999997,14.863,38.4401112707071,29642093.5,14.797666666666666,True,True,14.94
2026-03-17,14.0,14.05,13.7,13.71,17355865.0,240171505.0,1325406445.0,0.013094749211061818,14.1,14.296000000000001,14.416500000000003,14.854999999999999,35.24804164661293,29024452.6,14.825166666666666,True,True,14.94
2026-03-18,13.69,13.76,13.42,13.68,21762174.0,296439651.0,1325406445.0,0.016419245645059467,13.930000000000001,14.253,14.380500000000001,14.843166666666667,33.24468072728045,29163938.5,14.844166666666666,True,True,14.94
2026-03-19,13.6,13.6,13.32,13.35,17381350.0,233051101.0,1325406445.0,0.013113977275099187,13.758000000000001,14.144000000000002,14.3345,14.8325,30.940593952186063,29203908.55,14.856,True,True,14.94
2026-03-20,13.39,13.63,13.13,13.13,18448261.0,246613687.0,1325406445.0,0.013918946199178925,13.569999999999999,13.991,14.270999999999997,14.828833333333332,31.249999890625006,29185417.25,14.860000000000001,True,True,14.94
2026-03-23,12.94,12.94,12.13,12.17,39984698.0,500045869.0,1475782384.0,0.027093898418562502,13.207999999999998,13.772,14.166999999999998,14.8085,29.274004587860418,30255756.0,14.863,True,True,14.94
2026-03-24,12.49,12.69,12.18,12.66,33516441.0,417559118.0,1475782384.0,0.022710964274526804,12.998000000000001,13.549000000000001,14.0595,14.795333333333334,34.204792923994106,30183422.75,14.854999999999999,True,True,14.94
2026-03-25,12.74,12.95,12.71,12.83,19595096.0,251353748.0,1475782384.0,0.013277767923268556,12.828,13.379,13.959,14.781833333333335,31.828442337336767,27614972.55,14.843166666666667,True,True,14.94
2026-03-26,12.88,12.92,12.53,12.62,16111934.0,204773976.0,1475782384.0,0.010917554088381095,12.682,13.219999999999999,13.843,14.764666666666667,26.923076837800224,25995488.1,14.8325,True,True,14.94
2026-03-27,12.48,12.9,12.44,12.81,16689462.0,212035275.0,1475782384.0,0.01130889091843232,12.618,13.094,13.739,14.755666666666666,32.01856138091422,25276624.4,14.828833333333332,True,True,14.89
2026-03-30,12.69,12.94,12.65,12.83,15806284.0,202262055.0,1475782384.0,0.010710443606975593,12.75,12.979,13.649000000000001,14.743833333333333,22.894736757756235,23974079.9,14.8085,True,True,14.89
2026-03-31,12.83,13.12,12.7,12.74,15768174.0,203802138.0,1475782384.0,0.010684620016442749,12.766,12.882,13.589000000000002,14.716333333333333,24.645892253529055,22768601.3,14.795333333333334,True,True,14.89
2026-04-01,12.96,12.99,12.72,12.77,15691230.0,201227340.0,1475782384.0,0.010632482248141539,12.754000000000001,12.791,13.522,14.692,27.777777657750335,22205779.75,14.781833333333335,True,True,14.89
2026-04-02,12.69,12.8,12.4,12.47,16562671.0,207791637.0,1475782384.0,0.011222976490008028,12.724,12.703,13.4235,14.657666666666668,26.470588126297585,21860365.1,14.764666666666667,True,True,14.89
2026-04-03,12.5,12.6,12.13,12.15,15010029.0,184490448.0,1475782384.0,0.01017089590086881,12.592000000000002,12.605,13.297999999999998,14.6155,24.793388334130185,21395095.05,14.755666666666666,True,True,14.89
2026-04-07,12.25,12.33,12.14,12.2,10808515.0,132278913.0,1475782384.0,0.00732392195298084,12.466,12.608,13.190000000000001,14.555833333333332,27.859237422278767,20763769.05,14.743833333333333,True,True,14.89
2026-04-08,12.45,12.85,12.43,12.83,23049450.0,292561739.0,1475782384.0,0.015618461264950294,12.484,12.625,13.087,14.501166666666668,39.40149612179029,20213960.4,14.716333333333333,True,True,14.89
2026-04-09,12.73,12.73,12.41,12.43,21141707.0,265000436.0,1475782384.0,0.014325761866527335,12.416,12.584999999999999,12.982000000000003,14.441333333333334,38.72549006319685,19849163.3,14.692,True,True,14.53
2026-04-10,12.3,12.51,12.16,12.3,26932176.0,332368425.0,1475782384.0,0.018249422334885385,12.382000000000001,12.553,12.886500000000002,14.372000000000002,39.598997354790484,19957336.95,14.657666666666668,True,True,14.21
2026-04-13,12.22,12.34,12.13,12.21,18035660.0,220532653.0,1475782384.0,0.012221083674352899,12.394000000000002,12.493,12.7935,14.294166666666667,50.64102541379029,19946981.55,14.6155,True,True,14.07
2026-04-14,12.27,12.49,12.19,12.47,22859030.0,282142211.0,1475782384.0,0.015489431401154332,12.448,12.457,12.718,14.219833333333332,46.7128025418757,20125510.35,14.555833333333332,True,True,13.98
2026-04-15,12.49,12.58,12.26,12.3,21001908.0,260309664.0,1475782384.0,0.014231033130423922,12.342000000000002,12.413,12.647499999999999,14.134500000000001,40.830449629195066,20307812.5,14.501166666666668,True,True,13.71
2026-04-16,12.32,12.44,12.19,12.38,16855085.0,207523268.0,1475782384.0,0.011421118169411623,12.332,12.374,12.5825,14.064166666666667,45.65217368147451,20062458.05,14.441333333333334,True,True,13.68
2026-04-17,12.33,12.42,12.19,12.33,18823697.0,231211236.0,1475782384.0,0.01275506280877249,12.338,12.360000000000001,12.5315,14.000666666666666,40.839694438261155,20134575.4,14.372000000000002,True,True,13.35
2026-04-20,12.33,12.57,12.24,12.49,22664928.0,282146020.0,1475782384.0,0.015357906589566664,12.394,12.394,12.499500000000001,13.944999999999999,43.840579487765176,20345408.75,14.294166666666667,True,True,13.13
2026-04-21,12.58,12.61,12.28,12.42,21686560.0,268877107.0,1475782384.0,0.014694957898345533,12.384,12.416,12.512,13.889666666666667,44.16058371596782,19430501.85,14.219833333333332,True,True,12.83
2026-04-22,12.32,12.88,12.3,12.71,33701507.0,424972923.0,1475782384.0,0.02283636623216394,12.466000000000001,12.404,12.514500000000002,13.825333333333333,48.99999977133336,19439755.15,14.134500000000001,True,True,12.83
2026-04-23,12.8,12.85,12.54,12.65,22766672.0,288566321.0,1475782384.0,0.015426849003504571,12.52,12.426,12.505500000000001,13.767333333333335,53.26086929505355,19598333.95,14.064166666666667,False,True,12.83
2026-04-24,12.59,12.83,12.52,12.6,20983549.0,265263139.0,1475782384.0,0.014218592949406014,12.574,12.456,12.5045,13.711833333333333,59.0361442463831,19841914.7,14.000666666666666,False,False,12.83
2026-04-27,12.6,12.87,12.53,12.78,21836424.0,277826594.0,1475782384.0,0.014796506745672063,12.632000000000001,12.513,12.503,13.655000000000001,61.06870196375502,20099262.8,13.944999999999999,False,False,12.83
2026-04-28,12.75,12.76,12.29,12.35,28245666.0,351732665.0,1475782384.0,0.01913945193155253,12.618,12.501000000000001,12.479000000000001,13.591333333333331,40.0826443962161,20721231.9,13.889666666666667,False,False,12.83
2026-04-29,12.32,12.54,12.26,12.5,16053711.0,200326473.0,1475782384.0,0.010878101794715555,12.575999999999999,12.521,12.467,13.541333333333332,51.61290289281999,20735508.75,13.825333333333333,True,False,12.83
2026-04-30,12.44,12.61,12.25,12.37,22469160.0,278334786.0,1475782384.0,0.01522525288525195,12.52,12.52,12.447,13.486666666666666,51.612902892819946,21074405.25,13.767333333333335,False,True,12.83
2026-05-06,12.49,12.9,12.48,12.74,30522526.0,389097444.0,1475782384.0,0.020682267474470682,12.547999999999998,12.561,12.4605,13.446833333333332,60.81632618309035,21772398.0,13.711833333333333,True,False,12.83
2026-05-07,12.72,12.93,12.7,12.79,20717161.0,265495163.0,1475782384.0,0.014038086661427448,12.55,12.591,12.492500000000001,13.413833333333335,57.14285678571425,22057754.6,13.655000000000001,False,True,12.83
2026-05-08,12.77,13.04,12.68,12.99,28488622.0,368231924.0,1475782384.0,0.019304080539831136,12.678,12.648,12.532,13.392000000000001,65.19823748335884,22941759.95,13.591333333333331,False,False,12.83
2026-05-11,13.05,13.3,12.94,13.09,28331243.0,371582928.0,1475782384.0,0.019197439478312678,12.796000000000001,12.686,12.545,13.375833333333333,65.50218300566345,23205849.6,13.541333333333332,False,False,12.99
2026-05-12,13.11,13.11,12.84,12.86,22083963.0,285808386.0,1475782384.0,0.014964240825360062,12.894,12.706999999999999,12.566500000000001,13.348,60.728744595059716,23252962.4,13.486666666666666,False,False,13.09
2026-05-13,12.8,13.05,12.78,12.91,21903279.0,283088089.0,1475782384.0,0.014841808140189861,12.928,12.738000000000001,12.597,13.321,58.898304735349015,23001517.55,13.446833333333332,False,False,13.09
2026-05-14,12.89,12.95,12.38,12.41,27810846.0,349742346.0,1475782384.0,0.018844814995433636,12.851999999999999,12.701,12.607000000000001,13.289333333333333,49.820788280469166,23490276.85,13.413833333333335,False,False,13.09
2026-05-15,12.41,12.66,12.22,12.28,28625030.0,354249322.0,1475782384.0,0.0193965115116864,12.709999999999999,12.693999999999999,12.5975,13.258000000000001,41.82509483439111,23778576.85,13.392000000000001,True,False,13.09
2026-05-18,12.28,12.39,11.9,12.0,30289084.0,366770420.0,1475782384.0,0.020524085616135123,12.491999999999999,12.644,12.5825,13.2155,38.59649103847338,24242935.65,13.375833333333333,True,True,13.09
2026-05-19,12.0,12.1,11.59,12.08,33218986.0,392282407.0,1475782384.0,0.02250940677985488,12.336,12.615,12.567499999999999,13.176833333333333,40.97222202305172,25061130.7,13.348,True,True,13.09
2026-05-20,11.97,11.98,11.56,11.63,25307780.0,295308557.0,1475782384.0,0.017148720756108442,12.080000000000002,12.504,12.5325,13.132833333333334,31.74603160493831,25385334.85,13.321,True,True,13.09
2026-05-21,11.67,12.63,11.66,11.8,49858058.0,605467852.0,1475782384.0,0.033784153097737475,11.958,12.405000000000001,12.498,13.0895,40.48442886962563,26744991.35,13.289333333333333,True,True,13.09
2026-05-22,11.83,12.98,11.64,12.98,87948503.0,1103215429.0,1475782384.0,0.05959449303197537,12.098000000000003,12.404,12.526,13.068333333333333,56.12244877915453,30058088.5,13.258000000000001,True,True,13.09
2026-05-25,13.21,13.38,12.95,13.05,73209276.0,960821571.0,1475782384.0,0.049607094374965785,12.308000000000002,12.4,12.543,13.038999999999998,58.80828994214611,32033476.95,13.2155,False,True,13.09
2026-05-26,12.98,13.05,12.62,12.79,42774484.0,548469598.0,1475782384.0,0.02898427604486164,12.45,12.393,12.55,13.004833333333334,50.66666647751109,33033867.55,13.176833333333333,False,False,13.09
2026-05-27,12.7,12.9,12.28,12.46,36346758.0,456364774.0,1475782384.0,0.0246288059771284,12.616000000000001,12.347999999999999,12.543,12.9635,45.90570703655588,33802028.0,13.132833333333334,False,False,13.09
2026-05-28,12.35,12.83,12.33,12.43,37851247.0,475286392.0,1475782384.0,0.02564825777185859,12.742,12.35,12.5255,12.922500000000001,42.746113834599576,34602769.15,13.0895,True,False,13.09
2026-05-29,12.49,12.56,11.51,11.53,54059469.0,640958436.0,1475782384.0,0.03663105725213752,12.452000000000002,12.275,12.4845,12.870833333333334,33.26180247517914,35893459.3,13.068333333333333,True,True,13.09
2026-06-01,11.58,11.86,11.4,11.56,30435954.0,353026081.0,1475782384.0,0.02062360570906503,12.154,12.231,12.4375,12.831166666666666,35.42600885740717,36612571.45,13.038999999999998,True,True,13.09
2026-06-02,11.55,11.57,11.11,11.21,28352278.0,318472923.0,1475782384.0,0.01921169293480332,11.838,12.144,12.3795,12.782833333333334,32.14285704831934,36906727.35,13.004833333333334,True,True,13.09
2026-06-03,11.15,11.35,10.92,11.0,26208844.0,291606769.0,1475782384.0,0.01775928774062396,11.546000000000001,12.081,12.2925,12.7255,34.228187812260714,36691043.25,12.9635,True,True,13.09
2026-06-04,10.91,10.99,10.53,10.62,28750808.0,307643532.0,1475782384.0,0.019481739524544968,11.184000000000001,11.963,12.184,12.658166666666666,32.415254141141205,37092725.6,12.922500000000001,True,True,13.09
2026-06-05,10.62,10.99,10.26,10.71,28748075.0,305387552.0,1475782384.0,0.01947988762549154,11.02,11.736,12.07,12.597333333333333,35.76158929345206,37105698.25,12.870833333333334,True,True,13.09
2026-06-08,10.09,10.57,10.02,10.12,27964914.0,286374683.0,1475782384.0,0.01894921250123826,10.732000000000001,11.443000000000001,11.9215,12.517833333333334,30.555555470679025,37087381.8,12.831166666666666,True,True,13.09
2026-06-09,10.22,10.26,9.97,10.05,23052666.0,232202420.0,1475782384.0,0.015620640448029632,10.5,11.169,11.781,12.443166666666666,33.04721020114573,37135816.95,12.782833333333334,True,True,13.05
2026-06-10,10.0,10.1,9.74,9.81,25046967.0,247195863.0,1475782384.0,0.016971992125364738,10.262,10.904,11.626000000000001,12.369833333333334,28.96405911088864,37293001.35,12.7255,True,True,13.05
2026-06-11,9.73,9.77,9.46,9.55,22207414.0,212349512.0,1475782384.0,0.015047892047476832,10.048,10.616,11.483,12.2945,4.986876622095551,37012829.75,12.658166666666666,True,True,13.05
2026-06-12,9.64,9.95,9.59,9.76,26854172.0,262559685.0,1475782384.0,0.018196566303504542,9.858,10.439,11.357,12.224166666666667,8.354430350136226,36924286.85,12.597333333333333,True,True,13.05
2026-06-15,9.92,10.05,9.82,9.99,21099489.0,210014492.0,1475782384.0,0.014297154667757574,9.832,10.282,11.256499999999999,12.162166666666668,14.285714234693927,36464807.1,12.517833333333334,True,True,13.05
2026-06-16,10.01,10.99,9.89,10.77,60012210.0,636294101.0,1475782384.0,0.040664674311493884,9.975999999999999,10.238000000000001,11.191,12.113666666666665,30.66361546240489,37804468.3,12.443166666666666,True,True,13.05
2026-06-17,10.77,11.57,10.55,11.17,57805186.0,638195972.0,1475782384.0,0.03916918010860333,10.248000000000001,10.255,11.168,12.077333333333335,36.708860651070886,39429338.6,12.369833333333334,True,True,13.05
2026-06-18,11.09,11.48,10.99,11.13,37510729.0,422162055.0,1475782384.0,0.025417520500773234,10.564,10.306000000000001,11.1345,12.044000000000002,44.84536066292913,38811972.15,12.2945,False,True,13.05
2026-06-22,11.06,11.06,10.6,10.78,31164513.0,335205029.0,1475782384.0,0.021117282153437063,10.768,10.313,11.0245,12.020833333333334,40.71428557857143,35972772.65,12.224166666666667,True,False,13.05
2026-06-23,10.76,10.77,10.38,10.44,23192918.0,245380727.0,1475782384.0,0.015715676139958588,10.858,10.345,10.894,11.983833333333333,40.8114557108925,33471954.75,12.162166666666668,True,True,13.05
2026-06-24,10.45,10.61,10.22,10.38,20161876.0,209765191.0,1475782384.0,0.013661821836734974,10.780000000000001,10.378,10.7735,11.943,42.32673252659055,32341324.35,12.113666666666665,True,True,12.79
2026-06-25,10.38,10.54,10.07,10.21,19454798.0,198944838.0,1475782384.0,0.013182701061432375,10.588,10.418000000000001,10.661,11.902833333333332,44.64751941904303,31496726.35,12.077333333333335,True,True,12.46
2026-06-26,10.21,10.53,9.95,9.99,28560316.0,290187891.0,1475782384.0,0.019352660873068125,10.36,10.462,10.539,11.855833333333333,40.9090907644628,31032179.8,12.044000000000002,True,True,12.43
2026-06-29,10.0,10.0,9.57,9.62,27729726.0,268966972.0,1475782384.0,0.01878984754164134,10.128,10.448,10.4435,11.802333333333333,43.31550785924676,29715692.65,12.020833333333334,True,True,11.56
2026-06-30,9.83,9.89,9.63,9.8,21128942.0,206355801.0,1475782384.0,0.014317112217271189,10.0,10.429,10.355500000000001,11.753333333333332,46.75324658323495,29250342.05,11.983833333333333,True,True,11.56
2026-07-01,9.79,10.07,9.72,9.92,24126000.0,238421824.0,1475782384.0,0.016347938735119093,9.908000000000001,10.344,10.291,11.705833333333334,51.4745306378972,29039028.15,11.943,True,True,11.21
2026-07-02,9.78,10.04,9.73,9.77,23255000.0,229892544.0,1475782384.0,0.015757743317797997,9.819999999999999,10.204,10.2295,11.660833333333333,53.038673828027214,28891335.95,11.902833333333332,True,True,11.17
2026-07-03,9.7,10.05,9.7,9.95,24254360.0,241018783.0,1475782384.0,0.016434916328422578,9.812000000000001,10.086,10.196000000000002,11.624166666666666,52.64623934901188,28666513.55,11.855833333333333,True,True,11.17
2026-07-06,9.95,10.06,9.56,9.57,25959581.0,252969254.0,1475782384.0,0.01759038546702154,9.802,9.965,10.139,11.580333333333334,44.38502657182076,28527088.85,11.802333333333333,True,True,11.17
2026-07-07,9.58,9.65,9.2,9.25,19633454.0,183796713.0,1475782384.0,0.013303759560257767,9.692,9.846,10.0955,11.520666666666667,26.82926817816778,28110515.85,11.753333333333332,True,True,11.17
2026-07-08,9.24,9.25,8.93,8.97,19852852.0,180061042.0,1475782384.0,0.013452425110394867,9.501999999999999,9.705000000000002,10.0415,11.463,15.189873350424634,27950525.15,11.705833333333334,True,True,11.17
2026-07-09,9.0,9.03,8.69,8.99,24368200.0,215895483.0,1475782384.0,0.01651205507274845,9.346,9.583,10.000499999999999,11.407833333333334,15.923566807984088,27916586.8,11.660833333333333,True,True,11.17
2026-07-10,8.95,9.52,8.91,9.28,28178306.0,261633705.0,1475782384.0,0.01909380834566189,9.212,9.512,9.987,11.359,25.649350532762682,28215131.4,11.624166666666666,True,True,11.17
2026-07-13,9.22,9.22,8.86,9.0,23737807.0,213229734.0,1475782384.0,0.016084896565617225,9.097999999999999,9.45,9.949000000000002,11.301166666666667,26.158940276084365,28059313.15,11.580333333333334,True,True,11.17
2026-07-14,8.78,8.78,8.13,8.65,41479231.0,348902662.0,1475782384.0,0.028106603961197574,8.978,9.334999999999999,9.882000000000001,11.240333333333332,23.86706938545649,29078300.25,11.520666666666667,True,True,11.17
2026-07-15,8.49,8.76,8.49,8.57,17883176.0,154034595.0,1475782384.0,0.012117759497527652,8.898,9.2,9.772,11.176833333333333,24.534161384012947,26971848.55,11.463,True,True,11.17
2026-07-16,8.56,8.93,8.45,8.77,21807178.0,190296763.0,1475782384.0,0.014776689460740981,8.854,9.1,9.652000000000001,11.117500000000001,30.937499864648416,25171948.15,11.407833333333334,True,True,11.17
2026-07-17,8.78,8.87,8.42,8.42,17411293.0,150144944.0,1475782384.0,0.011798008425068719,8.681999999999999,8.947,9.5165,11.049666666666667,31.132075334638643,24166976.35,11.359,True,True,11.13
2026-07-20,8.48,8.75,8.35,8.59,22029657.0,188735440.0,1475782384.0,0.014927442717055768,8.6,8.849,9.407,10.985833333333334,30.91482636189032,23710233.55,11.301166666666667,True,True,10.78
2026-07-21,8.57,8.81,8.5,8.65,27257748.0,236041874.0,1475782384.0,0.018470032096547916,8.6,8.789,9.3175,10.918166666666668,29.581993435965288,23913475.05,11.240333333333332,True,True,10.44
2026-07-22,8.6,8.64,8.32,8.46,22117601.0,186885282.0,1475782384.0,0.01498703415882487,8.578,8.738,9.221499999999999,10.848333333333333,29.206349076543205,24011261.3,11.176833333333333,True,True,10.38
2026-07-23,8.42,8.83,8.42,8.8,22754185.0,197901061.0,1475782384.0,0.015418387728905159,8.584,8.719,9.151,10.785,32.62839865353547,24176230.65,11.117500000000001,True,True,10.21
2026-07-24,8.75,8.88,8.59,8.6,13992195.0,121777097.0,1475782384.0,0.009481204784458248,8.620000000000001,8.651,9.0815,10.715333333333332,34.50479217793382,23447824.6,11.049666666666667,True,True,9.99
2026-07-27,8.59,8.82,8.53,8.77,12366800.0,108136270.0,1475782384.0,0.008379826276609086,8.656,8.628,9.039,10.655666666666667,41.946308527769006,22679678.3,10.985833333333334,True,True,9.95
2026-07-28,8.7,8.82,8.67,8.81,12821238.0,112267507.0,1475782384.0,0.008687756500554623,8.687999999999999,8.644000000000002,8.989500000000001,10.594166666666668,47.080291730246685,22264293.1,10.918166666666668,True,True,9.95
2026-07-29,8.81,9.12,8.79,9.08,19251507.0,172612252.0,1475782384.0,0.013044949722072303,8.812000000000001,8.695,8.9475,10.539333333333333,51.50501648124742,22020568.45,10.848333333333333,True,True,9.95
2026-07-30,9.05,9.31,9.02,9.14,16589537.0,152594815.0,1475782384.0,0.01124118107104333,8.88,8.732000000000001,8.916,10.479333333333333,47.46376787518381,21687295.3,10.785,False,True,9.95
2026-07-31,9.16,9.29,9.08,9.15,17227158.0,158321807.0,1475782384.0,0.011673237319249638,8.99,8.805,8.876000000000001,10.418666666666667,53.012047894711394,21335935.2,10.715333333333332,False,False,9.95
2026-08-03,9.2,9.47,9.17,9.42,14399745.0,134990667.0,1475782384.0,0.009757363386443566,9.120000000000001,8.888,8.868500000000001,10.359166666666665,65.97510335118196,20757943.4,10.655666666666667,False,False,9.57
2026-08-04,9.34,9.48,9.34,9.36,12737106.0,119595399.0,1475782384.0,0.008630748095445487,9.23,8.959,8.874,10.297,66.52719626302058,20413126.0,10.594166666666668,False,False,9.42
2026-08-05,9.37,9.41,9.29,9.35,12554780.0,117353238.0,1475782384.0,0.008507202780108533,9.284,9.048,8.893,10.2385,63.181817779752066,20048222.4,10.539333333333333,False,False,9.42
2026-08-06,9.32,9.34,9.1,9.18,16319663.0,150130210.0,1475782384.0,0.011058312646182122,9.292,9.086,8.9025,10.176333333333334,68.81188071120476,19645795.55,10.479333333333333,False,False,9.42
2026-08-07,9.15,9.17,8.9,9.05,20412064.0,183724524.0,1475782384.0,0.013831350896515377,9.272,9.130999999999998,8.891,10.120333333333333,61.61616118049181,19257483.45,10.418666666666667,False,False,9.42
