日期,开盘,最高,最低,收盘,成交量,amount,outstanding_share,turnover,MA5,MA10,MA20,MA60,RSI14,Vol_MA20,MA60_prev5,MA20_break_1,MA20_break_2,High_20
2021-04-12,7.96,8.01,7.69,7.76,18322029.0,155079388.0,2106190178.0,0.008699133246076698,7.988000000000001,7.889999999999999,7.913499999999999,8.091833333333334,40.45801483479983,15440851.45,8.152666666666667,False,False,8.1
2021-04-13,7.75,7.81,7.57,7.6,15489478.0,128589944.0,2106190178.0,0.007354263713597092,7.890000000000001,7.8740000000000006,7.892999999999999,8.075833333333334,36.05442142533203,15532519.75,8.1405,True,False,8.09
2021-04-14,7.61,7.69,7.58,7.64,10655245.0,87871261.0,2106190178.0,0.005059013716471714,7.803999999999999,7.860000000000001,7.873,8.060333333333332,43.181817723829184,15465183.9,8.125,True,True,8.09
2021-04-15,7.58,7.62,7.44,7.53,15474165.0,125427997.0,2106190178.0,0.007346993240037795,7.697999999999999,7.848000000000001,7.848999999999999,8.04,38.57142818571431,15623628.75,8.113999999999999,True,True,8.09
2021-04-16,7.52,7.65,7.5,7.65,12356618.0,101371513.0,2106190178.0,0.0058668101907747095,7.636,7.845000000000001,7.838500000000001,8.0185,41.891891495617266,15475725.5,8.106166666666665,True,True,8.09
2021-04-19,7.64,7.8,7.6,7.75,13587941.0,113691646.0,2106190178.0,0.0064514311869514375,7.634,7.811,7.8325000000000005,8.003499999999999,49.655171934363864,15549001.35,8.091833333333334,True,True,8.09
2021-04-20,7.74,7.79,7.68,7.69,11405010.0,95443137.0,2106190178.0,0.005414995340463505,7.652000000000001,7.771000000000001,7.8165000000000004,7.9815,46.97986533039053,15524781.75,8.075833333333334,True,True,8.09
2021-04-21,7.83,8.17,7.8,8.04,47772357.0,414433733.0,2106190178.0,0.022681881958714557,7.731999999999999,7.768000000000001,7.818,7.9671666666666665,61.40350826921103,17096676.2,8.060333333333332,True,True,8.09
2021-04-22,8.08,8.12,7.95,8.05,20591356.0,179076329.0,2106190178.0,0.009776589130024896,7.836,7.767,7.8295,7.953,60.946745057245934,17486412.85,8.04,False,True,8.09
2021-04-23,8.06,8.09,7.9,7.95,13931445.0,119956097.0,2106190178.0,0.006614523771651545,7.896000000000001,7.766,7.8345,7.937166666666667,44.92753577609748,17680435.0,8.0185,False,False,8.09
2021-04-26,7.96,8.08,7.82,7.83,21874798.0,188820792.0,2106190178.0,0.01038595575484637,7.912000000000001,7.773000000000001,7.831500000000001,7.924833333333334,41.33333294755557,18312074.9,8.003499999999999,False,False,8.09
2021-04-27,7.83,7.96,7.67,7.7,14693922.0,123514481.0,2106190178.0,0.0069765409379855155,7.914,7.7829999999999995,7.8285,7.918833333333334,38.50931643532272,18321401.5,7.9815,True,False,8.09
2021-04-28,7.69,7.89,7.59,7.86,14289487.0,119699316.0,2106190178.0,0.00678451886693776,7.878,7.805,7.8325000000000005,7.9175,44.31818146565083,18435514.65,7.9671666666666665,True,True,8.09
2021-04-29,7.67,7.67,7.23,7.27,61291615.0,486190392.0,2106190178.0,0.02910070308000458,7.7219999999999995,7.778999999999999,7.8134999999999994,7.911833333333334,34.666666450962964,21028830.95,7.953,False,True,8.09
2021-04-30,7.25,7.26,7.16,7.19,22966790.0,178827743.0,2106190178.0,0.010904423655516639,7.57,7.733000000000001,7.789,7.905166666666667,36.61971806916619,21560424.75,7.937166666666667,True,False,8.09
2021-05-06,7.2,7.28,7.12,7.14,18395675.0,142588905.0,2106190178.0,0.008734099699139325,7.4319999999999995,7.672,7.7415,7.898666666666667,38.6138611185178,20524766.4,7.924833333333334,True,True,8.09
2021-05-07,7.15,7.17,7.04,7.06,17531595.0,134753458.0,2106190178.0,0.008323842349624707,7.303999999999999,7.609,7.69,7.892666666666667,35.922329852955045,19954891.75,7.918833333333334,True,True,8.09
2021-05-10,7.07,7.08,6.96,7.0,14721677.0,111563174.0,2106190178.0,0.006989718760335041,7.132,7.505,7.636500000000001,7.884333333333333,36.815920141580655,19954834.6,7.9175,True,True,8.07
2021-05-11,6.96,7.06,6.95,7.04,12604065.0,95460434.0,2106190178.0,0.00598429578280941,7.086,7.404000000000001,7.585500000000001,7.8815,34.19689094364949,19583943.15,7.911833333333334,True,True,8.06
2021-05-12,7.03,7.16,6.96,7.14,16050792.0,122838384.0,2106190178.0,0.007620770511446189,7.075999999999999,7.323,7.544499999999999,7.8821666666666665,34.19689094364949,19700303.0,7.905166666666667,True,True,8.05
2021-05-13,7.08,7.2,7.05,7.08,15327217.0,118234704.0,2106190178.0,0.007277223661993547,7.064,7.248,7.5105,7.883666666666667,34.19689094364949,19550562.4,7.898666666666667,True,True,8.05
2021-05-14,7.12,7.2,7.07,7.2,14881372.0,114922907.0,2106190178.0,0.007065540498404128,7.0920000000000005,7.198,7.4905,7.885666666666666,25.294117438754384,19520157.1,7.892666666666667,True,True,8.05
2021-05-17,7.18,7.27,7.15,7.17,16793753.0,130729199.0,2106190178.0,0.00797352165792884,7.126,7.1290000000000004,7.4670000000000005,7.885666666666666,24.418604452406697,19827082.5,7.884333333333333,True,True,8.05
2021-05-18,7.32,7.44,7.23,7.27,24724918.0,195915878.0,2106190178.0,0.011739166889230455,7.172,7.1290000000000004,7.453999999999999,7.876666666666666,30.232557893455905,20289620.15,7.8815,True,True,8.05
2021-05-19,7.25,7.28,7.17,7.27,15162792.0,118506075.0,2106190178.0,0.007199156162810669,7.198,7.136999999999999,7.435,7.8613333333333335,32.49999971562498,20429928.85,7.8821666666666665,True,True,8.05
2021-05-20,7.21,7.28,7.2,7.23,11261948.0,87953083.0,2106190178.0,0.00534707079998547,7.228,7.146000000000001,7.408999999999999,7.840833333333333,34.437085773430994,20313629.2,7.883666666666667,True,True,8.05
2021-05-21,7.23,7.25,7.17,7.2,11008044.0,85685359.0,2106190178.0,0.005226519482895433,7.228,7.160000000000001,7.3845,7.821666666666666,26.086956257088815,20293780.9,7.885666666666666,True,True,8.05
2021-05-24,7.08,7.31,7.08,7.3,17262589.0,134980438.0,2106190178.0,0.008196120739862266,7.2540000000000004,7.19,7.347499999999999,7.802833333333333,51.685392445398335,18768292.5,7.885666666666666,True,True,8.05
2021-05-25,7.29,7.36,7.25,7.33,19091118.0,151092500.0,2106190178.0,0.009064289730060644,7.266,7.218999999999999,7.3115,7.7829999999999995,58.333332361111125,18693280.6,7.876666666666666,True,True,8.05
2021-05-26,7.34,7.41,7.26,7.29,20503375.0,162171134.0,2106190178.0,0.009734816548935592,7.2700000000000005,7.234,7.278499999999999,7.7645,59.036143582522925,19021877.1,7.8613333333333335,False,True,7.95
2021-05-27,7.29,7.58,7.28,7.41,47593573.0,384119092.0,2106190178.0,0.022596996936522604,7.306,7.267,7.2574999999999985,7.749333333333334,70.11494140044928,20307815.85,7.840833333333333,False,False,7.86
2021-05-28,7.48,7.52,7.35,7.39,24853549.0,199672348.0,2106190178.0,0.01180023972175223,7.343999999999999,7.286,7.242,7.730833333333334,73.49397466395706,20815797.2,7.821666666666666,False,False,7.86
2021-05-31,7.47,7.54,7.42,7.45,18644432.0,150600610.0,2106190178.0,0.008852207267296448,7.3740000000000006,7.313999999999998,7.221499999999999,7.713833333333333,74.11764583806232,21033544.45,7.802833333333333,False,False,7.86
2021-06-01,7.46,7.56,7.39,7.47,20681613.0,167418124.0,2106190178.0,0.009819442335278044,7.401999999999999,7.3340000000000005,7.2315,7.695333333333334,71.42857012987017,19003044.35,7.7829999999999995,False,False,7.45
2021-06-02,7.45,7.49,7.32,7.33,18450405.0,147248983.0,2106190178.0,0.00876008500691052,7.409999999999999,7.340000000000001,7.2385,7.675666666666667,64.70588128719726,18777225.1,7.7645,False,False,7.47
2021-06-03,7.35,7.45,7.31,7.41,16849033.0,134932500.0,2106190178.0,0.007999768100713268,7.409999999999999,7.358,7.252,7.656166666666666,62.962961874714246,18699893.0,7.749333333333334,False,False,7.47
2021-06-04,7.38,7.5,7.37,7.45,17476890.0,140694888.0,2106190178.0,0.00829786891162684,7.422,7.383,7.271499999999999,7.638000000000001,67.07316958655566,18697157.75,7.730833333333334,False,False,7.47
2021-06-07,7.58,7.85,7.57,7.76,46141842.0,385742239.0,2106190178.0,0.021907728220352567,7.484,7.428999999999999,7.3095,7.629666666666667,73.78640676406829,20268166.0,7.713833333333333,False,False,7.47
2021-06-08,7.74,7.8,7.66,7.72,25159346.0,210123159.0,2106190178.0,0.011945429364736122,7.534000000000001,7.467999999999999,7.343500000000001,7.624499999999999,71.0280364538388,20895930.05,7.695333333333334,False,False,7.76
2021-06-09,7.7,7.79,7.63,7.65,21069194.0,175363365.0,2106190178.0,0.010003462279938521,7.598000000000001,7.504,7.3690000000000015,7.6146666666666665,69.09090821157027,21146850.15,7.675666666666667,False,False,7.76
2021-06-10,7.63,7.69,7.6,7.66,23678543.0,195668575.0,2106190178.0,0.011242357526557605,7.648000000000001,7.528999999999999,7.398000000000001,7.607333333333333,71.29629537208507,21564416.45,7.656166666666666,False,False,7.76
2021-06-11,7.69,7.7,7.21,7.25,54831054.0,439076341.0,2106190178.0,0.026033287294154307,7.608,7.514999999999999,7.400500000000001,7.594666666666667,48.201438363438754,23561900.55,7.638000000000001,False,False,7.76
2021-06-15,7.27,7.63,7.21,7.47,43458588.0,347986435.0,2106190178.0,0.020633743549819176,7.55,7.516999999999999,7.4155,7.585166666666667,54.43037926454093,24895142.3,7.629666666666667,True,False,7.76
2021-06-16,7.43,7.71,7.37,7.39,44854680.0,365625912.0,2106190178.0,0.021296595373259782,7.484,7.508999999999999,7.4215,7.574833333333333,53.08641929431489,25901630.4,7.624499999999999,False,True,7.76
2021-06-17,7.43,8.13,7.42,8.13,97746445.0,841339506.0,2106190178.0,0.04640912583346023,7.580000000000001,7.589,7.464499999999999,7.5793333333333335,66.07142815848215,30030813.05,7.6146666666666665,True,False,7.76
2021-06-18,8.41,8.46,8.19,8.33,139326274.0,1258097403.0,2106190178.0,0.066150851644509,7.714,7.681,7.519500000000001,7.587,69.42148720169389,36434029.35,7.607333333333333,False,True,8.13
2021-06-21,8.22,8.31,8.11,8.23,72322710.0,641592875.0,2106190178.0,0.03433816696870001,7.910000000000001,7.759,7.571,7.5906666666666665,65.85365816180847,39499762.65,7.594666666666667,False,False,8.33
2021-06-22,8.2,8.25,8.03,8.15,46798605.0,403430611.0,2106190178.0,0.02221955333797972,8.046000000000001,7.798,7.6135,7.593000000000001,63.49206313932983,40976563.45,7.585166666666667,False,False,8.33
2021-06-23,8.13,8.53,8.1,8.33,86504961.0,764980925.0,2106190178.0,0.0410717711551307,8.234,7.859,7.663500000000001,7.601500000000001,69.53124961975098,44347255.6,7.574833333333333,False,False,8.33
2021-06-24,8.3,8.44,8.15,8.33,54112437.0,475325843.0,2106190178.0,0.025692094458148212,8.274000000000001,7.927000000000001,7.7155000000000005,7.6095,68.5483867098075,46027708.7,7.5793333333333335,False,False,8.33
2021-06-25,8.34,8.7,8.27,8.5,76957681.0,693565436.0,2106190178.0,0.03653880917490443,8.308000000000002,8.011000000000001,7.7700000000000005,7.619666666666666,70.11494215264017,47495914.1,7.587,False,False,8.33
2021-06-28,8.53,8.57,8.33,8.39,50283963.0,449752535.0,2106190178.0,0.023874369715154945,8.34,8.125,7.82,7.630166666666667,63.07053905270229,48767434.8,7.5906666666666665,False,False,8.5
2021-06-29,8.34,8.36,8.15,8.16,37402474.0,325877494.0,2106190178.0,0.017758355532507854,8.342,8.194,7.855500000000001,7.6365,58.461538146745575,49705336.9,7.593000000000001,False,False,8.5
2021-06-30,8.22,8.65,8.22,8.58,76131962.0,686288570.0,2106190178.0,0.03614676528037631,8.392,8.313,7.911,7.652,65.76271155231257,52477854.35,7.601500000000001,False,False,8.5
2021-07-01,8.58,8.58,8.2,8.23,48180352.0,427411431.0,2106190178.0,0.02287559428548432,8.372,8.323,7.956,7.661166666666667,58.66261373213478,53964351.7,7.6095,False,False,8.58
2021-07-02,8.22,8.47,8.16,8.32,43842193.0,387234498.0,2106190178.0,0.020815875725729453,8.336,8.322,8.0015,7.665,68.01346769286582,55314009.7,7.619666666666666,False,False,8.58
2021-07-05,8.44,8.51,8.28,8.51,49902239.0,444801519.0,2106190178.0,0.023693130620989915,8.360000000000001,8.35,8.0545,7.672,67.68707450761258,56935277.15,7.630166666666667,False,False,8.58
2021-07-06,8.41,8.6,8.28,8.42,46670110.0,416060834.0,2106190178.0,0.022158545077024853,8.412,8.377,8.0875,7.677833333333334,67.4576267985062,56961690.55,7.6365,False,False,8.58
2021-07-07,8.28,8.58,8.2,8.55,54506091.0,485802808.0,2106190178.0,0.0258789978081457,8.406,8.399000000000001,8.129,7.686000000000001,58.974358621520935,58429027.8,7.652,False,False,8.58
2021-07-08,8.61,9.05,8.54,9.0,107530247.0,1008329572.0,2106190178.0,0.05105438631477656,8.559999999999999,8.466,8.196499999999999,7.703333333333334,62.934362594177195,62752080.45,7.661166666666667,False,False,8.58
2021-07-09,8.85,8.97,8.77,8.86,59655728.0,559261195.0,2106190178.0,0.028323998764749725,8.668,8.501999999999999,8.256499999999999,7.721666666666666,61.97718598187048,64550939.7,7.665,False,False,9.0
2021-07-12,8.58,8.66,8.3,8.51,92815559.0,832960553.0,2106190178.0,0.04406798586827329,8.668000000000001,8.514,8.3195,7.736833333333334,56.20689628038049,66450164.95,7.672,False,False,9.0
2021-07-13,8.47,8.47,8.2,8.28,60723877.0,535558440.0,2106190178.0,0.028831146225200943,8.639999999999999,8.526,8.36,7.7475000000000005,49.15254213961505,67313429.4,7.677833333333334,False,False,9.0
2021-07-14,8.32,8.39,8.27,8.29,35822151.0,316152618.0,2106190178.0,0.017008032500662434,8.588,8.497,8.405,7.760166666666667,49.32432409103359,66861802.95,7.686000000000001,True,False,9.0
2021-07-15,8.28,8.3,7.99,8.14,38743535.0,333142816.0,2106190178.0,0.018395079136106388,8.416,8.488,8.4055,7.7683333333333335,43.87755081146745,63911657.45,7.703333333333334,True,True,9.0
2021-07-16,8.08,8.26,8.06,8.15,27091280.0,234972188.0,2106190178.0,0.01286269411137668,8.274000000000001,8.471,8.3965,7.775,45.774647661674265,58299907.75,7.721666666666666,True,True,9.0
2021-07-19,8.06,8.16,8.01,8.09,19830104.0,169994288.0,2106190178.0,0.009415153582584032,8.19,8.428999999999998,8.389500000000002,7.781666666666667,48.689138321480165,55675277.45,7.736833333333334,True,True,9.0
2021-07-20,8.07,8.31,8.05,8.29,29496620.0,256478126.0,2106190178.0,0.01400472773451515,8.192,8.416,8.3965,7.785833333333333,44.08163240116616,54810178.2,7.7475000000000005,True,True,9.0
2021-07-21,8.29,8.43,8.23,8.37,43722613.0,386711367.0,2106190178.0,0.020759100225943603,8.208,8.398,8.3985,7.791166666666666,53.211008832589826,52671060.8,7.760166666666667,True,True,9.0
2021-07-22,8.35,8.39,8.23,8.36,34420070.0,304026823.0,2106190178.0,0.016342337154323202,8.251999999999999,8.334,8.4,7.798,50.9523806126984,51686442.45,7.7683333333333335,True,True,9.0
2021-07-23,8.35,8.35,8.04,8.07,45130402.0,391802449.0,2106190178.0,0.021427505678929246,8.236,8.254999999999999,8.378499999999999,7.8020000000000005,39.99999974545455,50095078.5,7.775,True,True,9.0
2021-07-26,8.03,8.17,7.79,8.0,40452321.0,342751165.0,2106190178.0,0.01920639523559681,8.218,8.203999999999999,8.358999999999998,7.8069999999999995,40.36697221782678,49603496.4,7.781666666666667,True,True,9.0
2021-07-27,8.01,8.8,8.01,8.53,151885931.0,1382574302.0,2106190178.0,0.07211406291155917,8.266,8.229000000000001,8.3775,7.818166666666667,49.61240283156058,55327669.25,7.785833333333333,True,True,9.0
2021-07-28,8.39,8.75,8.17,8.57,132622827.0,1201356930.0,2106190178.0,0.06296811578807011,8.306000000000001,8.257,8.377,7.839833333333333,40.09216563995838,58152212.5,7.791166666666666,False,True,9.0
2021-07-29,8.69,9.0,8.47,8.92,129132085.0,1204396954.0,2106190178.0,0.06131074313651082,8.418000000000001,8.334999999999999,8.4115,7.868666666666667,51.260503900148315,62199799.15,7.798,False,False,9.0
2021-07-30,8.77,9.01,8.62,8.81,100208915.0,938135741.0,2106190178.0,0.047578284262609453,8.565999999999999,8.401,8.436,7.8965,57.00934542143422,65018135.25,7.8020000000000005,False,False,9.0
2021-08-02,8.86,8.96,8.64,8.9,96133447.0,898043601.0,2106190178.0,0.0456432890078742,8.746,8.482000000000001,8.4555,7.9271666666666665,65.49999954150006,67329695.65,7.8069999999999995,False,False,9.0
2021-08-03,8.8,8.83,8.49,8.58,78275868.0,716884976.0,2106190178.0,0.03716467241069814,8.756,8.511,8.4635,7.9535,56.27705593598324,68909983.55,7.818166666666667,False,False,9.0
2021-08-04,8.82,9.32,8.7,9.16,132404880.0,1261977771.0,2106190178.0,0.06286463652856328,8.874,8.59,8.494,7.988833333333334,68.61313833555332,72804923.0,7.839833333333333,False,False,9.0
2021-08-05,9.03,9.49,9.0,9.16,106417571.0,1043384780.0,2106190178.0,0.050526097838445055,8.922,8.67,8.502,8.022499999999999,68.49816814689584,72749289.2,7.868666666666667,False,False,9.16
2021-08-06,9.17,9.57,9.06,9.49,100215443.0,994360830.0,2106190178.0,0.04758138369782104,9.058,8.812000000000001,8.5335,8.062666666666667,73.33333299111113,74777274.95,7.8965,False,False,9.16
2021-08-09,9.33,9.33,9.05,9.22,80317352.0,780447072.0,2106190178.0,0.03813395050406507,9.122,8.934000000000001,8.568999999999999,8.096333333333334,65.14657950747491,74152364.6,7.9271666666666665,False,False,9.49
2021-08-10,9.2,9.36,9.07,9.18,53848437.0,525013848.0,2106190178.0,0.025566749651797113,9.242,8.998999999999999,8.614,8.129833333333334,63.366336340881624,73808592.6,7.9535,False,False,9.49
2021-08-11,9.18,9.18,8.91,9.09,46105209.0,442722091.0,2106190178.0,0.021890335204098554,9.228,9.051,8.654,8.160166666666667,61.73633412723195,74322745.5,7.988833333333334,False,False,9.49
2021-08-12,9.05,9.27,9.04,9.1,47112358.0,456796702.0,2106190178.0,0.022368520417627737,9.216,9.068999999999999,8.702,8.190666666666667,68.19787952128257,74741186.65,8.022499999999999,False,False,9.49
2021-08-13,9.03,9.05,8.77,8.82,58769623.0,553144523.0,2106190178.0,0.027903284144932518,9.081999999999999,9.07,8.735499999999998,8.217166666666667,63.48684181288955,76325103.8,8.062666666666667,False,False,9.49
2021-08-16,8.77,8.98,8.73,8.83,38069360.0,357920380.0,2106190178.0,0.018074986958751264,9.004,9.062999999999999,8.772499999999999,8.244333333333334,55.952380641534404,77237066.6,8.096333333333334,False,False,9.49
2021-08-17,8.75,8.81,8.33,8.4,60329394.0,545130018.0,2106190178.0,0.028643849273519876,8.848,9.045,8.778,8.262666666666666,47.07903757419019,78778705.3,8.129833333333334,False,False,9.49
2021-08-18,8.35,8.45,8.3,8.41,28703535.0,255036293.0,2106190178.0,0.013628178167299382,8.712,8.97,8.78,8.280666666666667,40.07782079335039,78027751.4,8.160166666666667,True,False,9.49
2021-08-19,8.37,8.58,8.35,8.49,32172830.0,289613352.0,2106190178.0,0.015275367977715448,8.59,8.903,8.7865,8.300666666666666,43.70078716070432,77915389.4,8.190666666666667,True,True,9.49
2021-08-20,8.47,8.6,8.34,8.51,30117298.0,270942410.0,2106190178.0,0.014299420021319651,8.528,8.805,8.8085,8.318999999999999,42.105262919241405,77164734.2,8.217166666666667,True,True,9.49
2021-08-23,8.51,8.58,8.47,8.56,28047417.0,254032425.0,2106190178.0,0.013316659289824112,8.474,8.739,8.836500000000001,8.3385,49.5454542301653,76544489.0,8.244333333333334,True,True,9.49
2021-08-24,8.56,8.64,8.47,8.58,31468684.0,285775449.0,2106190178.0,0.01494104584130294,8.51,8.679,8.839,8.357333333333333,32.317072894854235,70523626.65,8.262666666666666,True,True,9.49
2021-08-25,8.55,8.56,8.37,8.48,30429806.0,272399674.0,2106190178.0,0.014447795986255901,8.524000000000001,8.618,8.8345,8.374166666666666,30.459769869863905,65413975.6,8.280666666666667,True,True,9.49
2021-08-26,8.47,8.53,8.38,8.39,28658852.0,256951589.0,2106190178.0,0.013606963084033525,8.504000000000001,8.547,8.808,8.391833333333333,13.333333208888874,60390313.95,8.300666666666666,True,True,9.49
2021-08-27,8.33,8.38,8.03,8.37,46579230.0,404519830.0,2106190178.0,0.022115396077020354,8.476,8.501999999999999,8.786,8.407833333333334,15.999999820799943,57708829.7,8.318999999999999,True,True,9.49
2021-08-30,8.4,8.53,8.3,8.34,34340452.0,306855695.0,2106190178.0,0.016304535249807815,8.431999999999999,8.453,8.758,8.422666666666666,16.1290320759625,54619179.95,8.3385,True,True,9.49
2021-08-31,8.29,8.3,8.05,8.16,35735491.0,308043056.0,2106190178.0,0.01696688711839582,8.348,8.428999999999998,8.737,8.429333333333334,15.037593826671909,52492161.1,8.357333333333333,True,True,9.49
2021-09-01,8.11,8.33,8.02,8.27,38370693.0,332428513.0,2106190178.0,0.018218057135009583,8.306000000000001,8.415000000000001,8.692499999999999,8.4385,20.979020773631916,47790451.75,8.374166666666666,True,True,9.49
2021-09-02,8.2,8.34,8.16,8.3,26815464.0,234884963.0,2106190178.0,0.0127317391753595,8.288,8.396,8.6495,8.449333333333334,27.966101363114063,43810346.4,8.391833333333333,True,True,9.49
2021-09-03,8.3,8.56,8.22,8.55,42604692.0,380852497.0,2106190178.0,0.020228321471167737,8.324000000000002,8.4,8.602500000000001,8.464166666666667,40.14084467466775,40929808.85,8.407833333333334,True,True,9.49
2021-09-06,8.52,8.62,8.47,8.55,28312693.0,256450998.0,2106190178.0,0.01344260992940591,8.366,8.399,8.569,8.485833333333334,57.57575676155497,38329575.9,8.422666666666666,True,True,9.22
2021-09-07,8.53,8.61,8.47,8.52,30500278.0,275790909.0,2106190178.0,0.014481255452896713,8.437999999999999,8.393,8.536,8.503333333333334,55.44554378590332,37162167.95,8.429333333333334,True,True,9.18
2021-09-08,8.66,8.68,8.55,8.63,37763894.0,344973651.0,2106190178.0,0.017929954471566242,8.510000000000002,8.408,8.513,8.524,56.73076846708582,36745102.2,8.4385,True,True,9.1
2021-09-09,8.58,8.66,8.51,8.6,28681342.0,261246996.0,2106190178.0,0.013617641132120026,8.57,8.428999999999998,8.488000000000001,8.531833333333333,54.28571356190475,35823551.4,8.449333333333334,False,True,9.1
2021-09-10,8.6,8.91,8.5,8.83,66244457.0,612494455.0,2106190178.0,0.03145226755491973,8.626,8.475,8.4885,8.540166666666668,60.975609062066184,36197293.1,8.464166666666667,False,False,8.83
2021-09-13,8.79,8.8,8.59,8.66,38684937.0,355426444.0,2106190178.0,0.018367257337005775,8.648,8.507000000000001,8.48,8.547333333333334,52.89855018798572,36228071.95,8.485833333333334,False,False,8.83
2021-09-14,8.62,8.73,8.3,8.33,43644203.0,394965743.0,2106190178.0,0.02072187186887546,8.61,8.524000000000001,8.4765,8.550333333333333,45.34161451255739,35393812.4,8.503333333333334,False,False,8.83
2021-09-15,8.32,8.48,8.23,8.37,25313755.0,225179539.0,2106190178.0,0.012018741357932588,8.558,8.533999999999999,8.4745,8.550999999999998,49.35897391600917,35224323.4,8.524,True,False,8.83
2021-09-16,8.34,8.42,8.13,8.15,27675696.0,242071381.0,2106190178.0,0.013140169529363364,8.468,8.519,8.4575,8.548,43.74999965198868,34999466.7,8.531833333333333,True,True,8.83
2021-09-17,8.16,8.21,8.04,8.17,17468713.0,150431107.0,2106190178.0,0.008293986546166488,8.336,8.481,8.4405,8.542499999999999,45.1428567817143,34367037.45,8.540166666666668,True,True,8.83
2021-09-22,8.06,8.2,8.03,8.15,13381283.0,115371137.0,2106190178.0,0.006353311842288916,8.234,8.440999999999999,8.42,8.5385,49.68553415371228,33633730.75,8.547333333333334,True,True,8.83
2021-09-23,8.16,8.37,8.15,8.34,25211489.0,221755406.0,2106190178.0,0.011970186388363264,8.236,8.422999999999998,8.408000000000001,8.541500000000001,52.09580794650222,33320871.0,8.550333333333333,True,True,8.83
2021-09-24,8.3,8.33,8.15,8.2,15935256.0,139198125.0,2106190178.0,0.007565915066193989,8.202000000000002,8.379999999999999,8.394,8.535166666666667,47.19101086478976,32596143.5,8.550999999999998,True,True,8.83
2021-09-27,8.22,8.3,7.85,7.91,23216937.0,198566604.0,2106190178.0,0.011023191183070838,8.154,8.311,8.370000000000001,8.529833333333334,32.417582168216384,32324047.75,8.548,True,True,8.83
2021-09-28,7.9,8.0,7.84,7.92,12234212.0,102799365.0,2106190178.0,0.005808692931811782,8.104000000000001,8.22,8.3475,8.523166666666667,32.78688499507298,30606796.85,8.542499999999999,True,True,8.83
2021-09-29,7.85,7.86,7.54,7.62,22638532.0,184052672.0,2106190178.0,0.010748569733383307,7.998,8.116,8.311499999999999,8.508333333333333,28.571428380952383,30021700.85,8.5385,True,True,8.83
2021-09-30,7.65,7.74,7.58,7.62,15359779.0,124371210.0,2106190178.0,0.007292683804358715,7.853999999999999,8.044999999999998,8.2845,8.495,24.623115404661448,29002915.25,8.541500000000001,True,True,8.83
2021-10-08,7.66,7.82,7.66,7.79,13543446.0,111558490.0,2106190178.0,0.006430305364381013,7.772,7.987,8.2605,8.482333333333333,30.985915289294425,27761552.9,8.535166666666667,True,True,8.83
2021-10-11,7.79,7.85,7.76,7.81,9440394.0,78085856.0,2106190178.0,0.004482213476545802,7.752,7.953,8.236,8.4625,23.437499829101498,26892799.4,8.529833333333334,True,True,8.83
2021-10-12,7.8,7.8,7.56,7.66,14211392.0,115536475.0,2106190178.0,0.006747440069013559,7.7,7.901999999999999,8.191500000000001,8.4425,23.684210351800488,25473134.4,8.523166666666667,True,True,8.83
2021-10-13,7.68,7.8,7.67,7.78,9299315.0,76304164.0,2106190178.0,0.0044152304464882,7.732000000000001,7.865,8.153,8.430333333333333,33.72781037148556,24522465.5,8.508333333333333,True,True,8.83
2021-10-14,7.84,7.96,7.79,7.83,11537551.0,96068139.0,2106190178.0,0.005477924605533888,7.773999999999999,7.814,8.118500000000001,8.422833333333333,34.11764677785466,23574329.15,8.495,True,True,8.83
2021-10-15,7.86,7.98,7.78,7.86,17153215.0,143688301.0,2106190178.0,0.008144190956340126,7.787999999999999,7.779999999999999,8.080000000000002,8.415666666666667,40.3973506188325,22543795.2,8.482333333333333,True,True,8.83
2021-10-18,7.86,7.87,7.67,7.71,18077279.0,148050343.0,2106190178.0,0.0085829281651887,7.767999999999999,7.760000000000001,8.035499999999999,8.4085,35.97560944898869,22013592.05,8.4625,True,True,8.83
2021-10-19,7.69,7.78,7.69,7.76,10329304.0,84832660.0,2106190178.0,0.004904259884930486,7.788000000000001,7.744,7.982000000000001,8.402,38.323352972139524,19217834.4,8.4425,True,True,8.83
2021-10-20,7.76,7.76,7.67,7.68,10733464.0,87673763.0,2106190178.0,0.005096151388471626,7.768000000000001,7.75,7.933,8.395166666666666,28.84615358727808,17820260.75,8.430333333333333,True,True,8.66
2021-10-21,7.68,7.75,7.55,7.75,16447280.0,132931621.0,2106190178.0,0.007809019418948216,7.752,7.763,7.903999999999999,8.386166666666666,34.89932853114726,16460414.6,8.422833333333333,True,True,8.37
2021-10-22,7.68,7.85,7.65,7.75,21270936.0,175193178.0,2106190178.0,0.010099247552373687,7.7299999999999995,7.759,7.872999999999999,8.375833333333334,43.333332827777774,16258273.65,8.415666666666667,True,True,8.37
2021-10-25,7.73,7.73,7.55,7.68,14077953.0,113843946.0,2106190178.0,0.006684084441685208,7.723999999999999,7.7459999999999996,7.849500000000001,8.3645,40.47619002645502,15578386.5,8.4085,True,True,8.34
2021-10-26,7.67,7.76,7.65,7.68,12589606.0,102807142.0,2106190178.0,0.005977430780707021,7.708,7.748,7.825,8.358,53.12499922526041,15334431.15,8.402,True,True,8.34
2021-10-27,7.68,7.7,7.56,7.64,12451848.0,100393607.0,2106190178.0,0.005912024531338404,7.7,7.734,7.799499999999999,8.352,50.99999928599999,15287959.4,8.395166666666666,True,True,8.34
2021-10-28,7.55,7.64,7.34,7.38,20631146.0,162897307.0,2106190178.0,0.009795481061254859,7.626,7.689,7.7515,8.332833333333333,31.192660149819034,15058942.25,8.386166666666666,True,True,8.34
2021-10-29,7.4,7.63,7.39,7.54,13921974.0,111272389.0,2106190178.0,0.0066100270267237,7.5840000000000005,7.657000000000001,7.718500000000001,8.315666666666667,39.02438979972242,14958278.15,8.375833333333334,True,True,8.2
2021-11-01,7.55,7.65,7.52,7.64,15072363.0,121862120.0,2106190178.0,0.007156221293517019,7.5760000000000005,7.65,7.705,8.294333333333332,49.152541789715585,14551049.45,8.3645,True,True,7.92
2021-11-02,7.79,7.87,7.63,7.71,27772435.0,228861784.0,2106190178.0,0.013186100329445179,7.581999999999999,7.6450000000000005,7.6945,8.276000000000002,46.90265428616179,15327960.6,8.358,True,True,7.92
2021-11-03,7.68,7.81,7.65,7.73,15673211.0,128720287.0,2106190178.0,0.007441498476117193,7.6,7.65,7.7,8.256499999999999,45.45454487603309,14979694.55,8.352,False,True,7.86
2021-11-04,7.77,7.83,7.73,7.78,13332082.0,110003793.0,2106190178.0,0.006329951653587096,7.68,7.6530000000000005,7.708,8.243166666666667,46.4285708482143,14878309.7,8.332833333333333,False,False,7.86
2021-11-05,7.89,7.95,7.8,7.8,21437775.0,178696477.0,2106190178.0,0.010178461196869184,7.732000000000001,7.6579999999999995,7.708499999999999,8.2205,54.545453774104686,15273026.15,8.315666666666667,False,False,7.86
2021-11-08,7.75,7.76,7.59,7.71,17627700.0,143288519.0,2106190178.0,0.008369472132254906,7.746,7.661,7.703500000000001,8.196333333333333,47.572814887359804,15682391.45,8.294333333333332,False,False,7.86
2021-11-09,7.69,7.94,7.67,7.86,24450924.0,203156564.0,2106190178.0,0.011609077022293473,7.776000000000001,7.678999999999999,7.713499999999999,8.169166666666667,58.181817441322345,16194368.05,8.276000000000002,False,False,7.86
2021-11-10,7.84,8.0,7.81,7.96,23995485.0,201679085.0,2106190178.0,0.011392838714491432,7.822,7.711,7.722499999999999,8.148166666666667,59.29203466363851,16929176.55,8.256499999999999,False,False,7.86
2021-11-11,7.93,8.05,7.88,8.0,22022136.0,186148077.0,2106190178.0,0.010455910501354545,7.866,7.773000000000001,7.731,8.128499999999999,60.68375995763022,17453405.8,8.243166666666667,False,False,7.96
2021-11-12,7.94,8.03,7.91,8.0,19870081.0,168333339.0,2106190178.0,0.009434134299718493,7.906000000000001,7.819,7.7379999999999995,8.110333333333333,64.54545372396697,17589249.1,8.2205,False,False,8.0
2021-11-15,8.01,8.12,7.95,7.97,18667248.0,158548829.0,2106190178.0,0.008863040097227156,7.958,7.851999999999999,7.751,8.0915,62.83185762863186,17618747.55,8.196333333333333,False,False,8.0
2021-11-16,7.97,8.01,7.83,7.84,17688272.0,148537779.0,2106190178.0,0.008398231168657554,7.954000000000001,7.865,7.755,8.075166666666666,58.1967206436442,17986695.95,8.169166666666667,False,False,8.0
2021-11-17,7.96,8.06,7.88,7.9,32465752.0,273797636.0,2106190178.0,0.015414444687435058,7.942,7.882,7.766000000000001,8.059666666666667,75.49019504229146,19073310.35,8.148166666666667,False,False,8.0
2021-11-18,7.92,8.18,7.9,7.95,38652589.0,329149374.0,2106190178.0,0.0183518987999003,7.9319999999999995,7.898999999999999,7.776000000000001,8.052166666666668,72.52747141166529,20183575.8,8.128499999999999,False,False,8.0
2021-11-19,7.94,8.04,7.84,8.01,33888545.0,286654906.0,2106190178.0,0.016089973903581654,7.934,7.92,7.789,8.0455,71.26436666930906,20814456.25,8.110333333333333,False,False,8.0
2021-11-22,7.98,8.24,7.98,8.19,36558102.0,316680745.0,2106190178.0,0.01735745536270372,7.978,7.968000000000001,7.8145,8.0405,74.48979485422741,21938463.7,8.0915,False,False,8.01
2021-11-23,8.17,8.22,8.09,8.11,25331997.0,218844295.0,2106190178.0,0.012027402494135076,8.032,7.993,7.836,8.033833333333332,68.26922985022188,22575583.25,8.075166666666666,False,False,8.19
2021-11-24,8.12,8.2,8.08,8.12,19539332.0,168635379.0,2106190178.0,0.00927709767337069,8.075999999999999,8.009,7.860000000000001,8.0265,66.99999906199997,22929957.45,8.059666666666667,False,False,8.19
2021-11-25,8.13,8.19,8.03,8.07,22949356.0,197441570.0,2106190178.0,0.010896146150388135,8.099999999999998,8.016,7.894499999999999,8.018,63.10679525874263,23045867.95,8.052166666666668,False,False,8.19
2021-11-26,8.04,8.07,7.86,7.87,25825181.0,217062783.0,2106190178.0,0.012261561785708792,8.072,8.003,7.911,8.007833333333332,57.017543159433686,23641028.3,8.0455,False,False,8.19
2021-11-29,7.79,7.8,7.64,7.68,31249824.0,255478367.0,2106190178.0,0.014837133097674145,7.970000000000001,7.973999999999999,7.913000000000001,7.9959999999999996,42.37288085320307,24449901.35,8.0405,True,False,8.19
2021-11-30,7.69,7.9,7.69,7.8,27647229.0,228996175.0,2106190178.0,0.013126653655869437,7.9079999999999995,7.969999999999999,7.9174999999999995,7.9865,43.333332827777774,24443641.05,8.033833333333332,True,True,8.19
2021-12-01,7.77,8.03,7.76,7.99,28433695.0,238823546.0,2106190178.0,0.013500060581898697,7.882000000000001,7.979000000000001,7.9305,7.980666666666667,49.629629114952,25081665.25,8.0265,True,True,8.19
2021-12-02,7.97,8.01,7.8,7.82,19425584.0,162647339.0,2106190178.0,0.009223091154306959,7.832000000000001,7.965999999999999,7.9325,7.975,44.07894696243076,25386340.35,8.018,False,True,8.19
2021-12-03,7.85,8.0,7.85,7.94,18479175.0,155529899.0,2106190178.0,0.008773744742057192,7.846000000000001,7.958999999999999,7.9395,7.9695,49.06832255468541,25238410.35,8.007833333333332,True,False,8.19
2021-12-06,7.95,7.96,7.74,7.75,19177783.0,159286515.0,2106190178.0,0.009105437486281925,7.860000000000001,7.914999999999999,7.9415,7.960333333333334,47.305388824984774,25315914.5,7.9959999999999996,False,True,8.19
2021-12-07,7.77,7.8,7.56,7.63,22572172.0,183150124.0,2106190178.0,0.010717062607059598,7.8260000000000005,7.867,7.93,7.944999999999999,42.19653145043267,25221976.9,7.9865,True,False,8.19
2021-12-08,7.68,7.71,7.66,7.69,14777708.0,120388729.0,2106190178.0,0.007016321771110263,7.766,7.824000000000001,7.916499999999999,7.930666666666666,42.52873528999869,24761088.05,7.980666666666667,True,True,8.19
2021-12-09,7.66,7.77,7.65,7.76,16030799.0,131385030.0,2106190178.0,0.007611278016319759,7.754,7.793000000000001,7.9045000000000005,7.918,42.85714251428571,24461521.2,7.975,True,True,8.19
2021-12-10,7.75,7.75,7.65,7.67,18073512.0,147082593.0,2106190178.0,0.00858113962774353,7.7,7.772999999999999,7.888,7.902,34.33734910799828,24371692.75,7.9695,True,True,8.19
2021-12-13,7.68,7.72,7.65,7.67,15576595.0,126803465.0,2106190178.0,0.007395626075320155,7.684,7.772,7.873,7.8865,36.07594904742832,24217160.1,7.960333333333334,True,True,8.19
2021-12-14,7.66,7.7,7.61,7.68,13793059.0,111785631.0,2106190178.0,0.006548819353576912,7.694,7.760000000000001,7.864999999999999,7.867333333333334,36.07594904742832,24022399.45,7.944999999999999,True,True,8.19
2021-12-15,7.66,7.72,7.65,7.67,13362549.0,108800281.0,2106190178.0,0.00634441710894732,7.69,7.728,7.8534999999999995,7.850833333333332,37.012986676505314,23067239.3,7.930666666666666,True,True,8.19
2021-12-16,7.69,7.71,7.66,7.7,12783693.0,104133138.0,2106190178.0,0.006069581528548938,7.678,7.715999999999999,7.840999999999999,7.840333333333334,43.795619990409726,21773794.5,7.918,True,True,8.19
2021-12-17,7.71,7.71,7.6,7.62,17869133.0,144627033.0,2106190178.0,0.008484102331617654,7.668000000000001,7.684,7.8215,7.827833333333333,47.61904708994711,20972823.9,7.902,True,True,8.19
2021-12-20,7.62,7.62,7.56,7.58,14870413.0,119609387.0,2106190178.0,0.007060337264567758,7.65,7.667,7.791000000000001,7.818333333333333,40.677965619074996,19888439.45,7.8865,True,True,8.19
2021-12-21,7.56,7.63,7.56,7.61,10784312.0,86914509.0,2106190178.0,0.0051202935578403405,7.636,7.664999999999999,7.766,7.809,31.372548589004253,19161055.2,7.867333333333334,True,True,8.12
2021-12-22,7.64,7.68,7.6,7.67,14653424.0,118938866.0,2106190178.0,0.006957312854774884,7.636,7.662999999999999,7.7435,7.801,41.758241115807266,18916759.8,7.850833333333332,True,True,8.12
2021-12-23,7.68,7.68,7.6,7.62,11080264.0,89590906.0,2106190178.0,0.00526080888408739,7.62,7.648999999999999,7.720999999999999,7.789,30.952380436507923,18323305.2,7.840333333333334,True,True,8.07
2021-12-24,7.62,7.63,7.5,7.52,14976038.0,119800951.0,2106190178.0,0.007110487056881528,7.6,7.634,7.7035,7.777666666666667,34.666666019555535,17780848.05,7.827833333333333,True,True,7.99
2021-12-27,7.52,7.56,7.51,7.52,8173008.0,65317037.0,2106190178.0,0.003880470094946953,7.587999999999999,7.619,7.6955,7.771166666666667,41.269840352733674,16627007.25,7.818333333333333,True,True,7.99
2021-12-28,7.54,7.59,7.52,7.58,9072466.0,72646376.0,2106190178.0,0.004307524598094484,7.581999999999999,7.609,7.6845,7.7655,41.269840352733674,15698269.1,7.809,True,True,7.99
2021-12-29,7.56,7.59,7.52,7.57,9250770.0,74133228.0,2106190178.0,0.004392181720638525,7.561999999999999,7.598999999999999,7.663500000000001,7.764666666666667,33.333332514619954,14739122.85,7.801,True,True,7.99
2021-12-30,7.56,7.64,7.54,7.62,13331470.0,107613915.0,2106190178.0,0.006329661081536009,7.562,7.590999999999999,7.653499999999999,7.764666666666667,45.283017671769365,14434417.15,7.789,True,True,7.94
2021-12-31,7.64,7.65,7.6,7.62,9785210.0,79086142.0,2106190178.0,0.004645928986950199,7.582000000000001,7.590999999999999,7.6375,7.761833333333333,45.283017671769365,13999718.9,7.777666666666667,True,True,7.94
2022-01-04,7.64,7.68,7.61,7.68,16665444.0,135220039.0,2106190178.0,0.00791260170808754,7.614,7.601000000000001,7.634,7.759666666666666,49.99999879310348,13874101.95,7.771166666666667,True,True,7.76
2022-01-05,7.66,7.68,7.6,7.61,13353402.0,107961031.0,2106190178.0,0.006340074196281814,7.62,7.601000000000001,7.633000000000001,7.7588333333333335,45.31249900878911,13413163.45,7.7655,False,True,7.76
2022-01-06,7.54,7.61,7.52,7.58,13036994.0,104697018.0,2106190178.0,0.006189846546706287,7.622,7.5920000000000005,7.6275,7.7555,40.62499911132813,13326127.75,7.764666666666667,True,False,7.76
2022-01-07,7.52,7.56,7.4,7.4,31038579.0,245411910.0,2106190178.0,0.014736835887001273,7.578,7.57,7.6095,7.748333333333333,35.135134470416375,14076516.75,7.764666666666667,True,True,7.76
2022-01-10,7.38,7.42,7.25,7.42,15497336.0,120611641.0,2106190178.0,0.00735799462074977,7.537999999999999,7.5600000000000005,7.5969999999999995,7.741,38.88888813271603,13947707.95,7.761833333333333,True,True,7.7
2022-01-11,7.42,7.47,7.36,7.43,10259375.0,80846893.0,2106190178.0,0.004871058229766372,7.4879999999999995,7.551,7.584999999999999,7.7363333333333335,37.14285639999994,13681846.95,7.759666666666666,True,True,7.7
2022-01-12,7.43,7.47,7.4,7.45,9678671.0,76336886.0,2106190178.0,0.004595345235723533,7.456,7.537999999999999,7.5735,7.731166666666667,33.33333262626263,13476127.55,7.7588333333333335,True,True,7.7
2022-01-13,7.45,7.46,7.4,7.41,10276200.0,80977849.0,2106190178.0,0.004879046587216589,7.422,7.522,7.5605,7.7266666666666675,33.84615311715976,13321810.1,7.7555,True,True,7.7
2022-01-14,7.41,7.47,7.4,7.43,9539023.0,75203470.0,2106190178.0,0.004529041631491266,7.428,7.503,7.547,7.721333333333334,42.1052621237304,13159576.6,7.748333333333333,True,True,7.7
2022-01-17,7.43,7.5,7.41,7.47,9788318.0,77555203.0,2106190178.0,0.004647404637170424,7.438,7.488000000000001,7.539499999999999,7.716666666666667,45.901638290782074,12755535.85,7.741,True,True,7.68
2022-01-18,7.49,7.54,7.45,7.51,12742967.0,101377966.0,2106190178.0,0.006050245193005548,7.453999999999999,7.470999999999999,7.536,7.713833333333333,44.06779556449294,12649163.55,7.7363333333333335,True,True,7.68
2022-01-19,7.48,7.51,7.41,7.46,9086088.0,71736074.0,2106190178.0,0.004313992200185828,7.456,7.456,7.528499999999999,7.710166666666667,41.26984035273365,12564252.35,7.731166666666667,True,True,7.68
2022-01-20,7.46,7.49,7.35,7.35,10526644.0,82440356.0,2106190178.0,0.0049979551276779334,7.444,7.433,7.5125,7.705333333333333,30.434781991178255,12357913.35,7.7266666666666675,True,True,7.68
2022-01-21,7.35,7.36,7.29,7.31,8386929.0,65063651.0,2106190178.0,0.003982037846156929,7.42,7.4239999999999995,7.497,7.704166666666667,28.76712273597292,12223246.6,7.721333333333334,True,True,7.68
2022-01-24,7.31,7.35,7.27,7.33,6253836.0,48559044.0,2106190178.0,0.002969264630195232,7.392,7.414999999999999,7.4875,7.700666666666667,24.63768065952533,11787136.5,7.716666666666667,True,True,7.68
2022-01-25,7.31,7.35,7.09,7.1,11333613.0,86637032.0,2106190178.0,0.005381096692209529,7.31,7.382,7.466499999999999,7.691666666666666,19.999999670588224,11945166.75,7.713833333333333,True,True,7.68
2022-01-26,7.13,7.16,7.03,7.07,7219574.0,54361300.0,2106190178.0,0.0034277882763918198,7.231999999999999,7.343999999999999,7.441,7.680999999999999,19.999999670588238,11852522.15,7.710166666666667,True,True,7.68
2022-01-27,7.07,7.1,6.78,6.84,12655132.0,92701465.0,2106190178.0,0.006008541931392484,7.13,7.287000000000001,7.404499999999999,7.666166666666667,18.88888859506173,12022740.25,7.705333333333333,True,True,7.68
2022-01-28,7.03,7.03,6.81,6.86,8995244.0,65690406.0,2106190178.0,0.004270860292654921,7.039999999999999,7.2299999999999995,7.3665,7.650833333333333,18.8888885950618,11805928.95,7.704166666666667,True,True,7.68
2022-02-07,6.96,7.02,6.9,6.96,8030246.0,59186826.0,2106190178.0,0.0038126879917488627,6.965999999999999,7.178999999999999,7.333500000000001,7.636833333333334,26.26262589123563,11718180.75,7.700666666666667,True,True,7.68
2022-02-08,6.96,7.1,6.91,7.09,8525577.0,63403226.0,2106190178.0,0.004047866659456049,6.964,7.1370000000000005,7.303999999999999,7.626499999999999,33.636363208264456,11311187.4,7.691666666666666,True,True,7.68
2022-02-09,7.11,7.18,7.08,7.14,7858891.0,59553855.0,2106190178.0,0.003731330191399269,6.978,7.1049999999999995,7.280499999999999,7.614499999999999,37.837837360603835,11036461.85,7.680999999999999,True,True,7.61
2022-02-10,7.16,7.21,7.12,7.18,7698482.0,58542030.0,2106190178.0,0.0036551694526039138,7.046000000000001,7.087999999999999,7.2605,7.6015,38.9380526149268,10769536.25,7.666166666666667,True,True,7.58
2022-02-11,7.16,7.18,7.06,7.07,8128644.0,61302322.0,2106190178.0,0.0038594064699887702,7.087999999999999,7.064,7.244,7.585999999999999,33.33333294444448,9624039.5,7.650833333333333,True,True,7.51
2022-02-14,7.04,7.14,6.98,7.11,6571600.0,49383714.0,2106190178.0,0.0031201360962761077,7.117999999999999,7.042,7.2284999999999995,7.571166666666667,33.33333294444448,9177752.7,7.636833333333334,True,True,7.51
2022-02-15,7.19,7.82,7.19,7.82,95437092.0,780376976.0,2106190178.0,0.045312665967621846,7.264,7.114,7.248,7.568666666666667,59.67741890565384,13436638.55,7.626499999999999,True,True,7.51
2022-02-16,7.78,7.78,7.54,7.63,74738543.0,604862904.0,2106190178.0,0.03548518257310001,7.362,7.169999999999999,7.257000000000001,7.565166666666666,57.21649443245829,16689632.15,7.614499999999999,False,True,7.82
2022-02-17,7.54,7.68,7.49,7.51,42731819.0,343324523.0,2106190178.0,0.02028868021812606,7.428,7.237,7.261999999999999,7.558666666666667,54.950494668659935,18312413.1,7.6015,False,False,7.82
2022-02-18,7.46,7.59,7.4,7.57,27307851.0,218301956.0,2106190178.0,0.012965520058559499,7.5280000000000005,7.308,7.269,7.552333333333333,55.825242339051755,19200854.5,7.585999999999999,False,False,7.82
2022-02-21,7.59,7.9,7.52,7.8,57069025.0,467042446.0,2106190178.0,0.027095855633602714,7.6659999999999995,7.392,7.285500000000001,7.5488333333333335,66.9902908068621,21564889.85,7.571166666666667,False,False,7.82
2022-02-22,7.7,7.77,7.64,7.68,30313340.0,247187815.0,2106190178.0,0.014392498985435872,7.638,7.4510000000000005,7.294,7.540333333333333,64.18604609367225,22443408.5,7.568666666666667,False,False,7.82
2022-02-23,7.75,7.9,7.7,7.78,46507950.0,385633009.0,2106190178.0,0.022081552979305558,7.667999999999999,7.515000000000001,7.3100000000000005,7.534833333333334,73.26732622487992,24314501.6,7.565166666666666,False,False,7.82
2022-02-24,7.7,7.81,7.5,7.63,45117781.0,366262796.0,2106190178.0,0.021421513342561985,7.692,7.56,7.324,7.526666666666667,67.90697630200108,26044058.45,7.558666666666667,False,False,7.82
2022-02-25,7.72,7.76,7.6,7.64,21613700.0,175883744.0,2106190178.0,0.010261988791783265,7.706,7.617,7.3405000000000005,7.519499999999999,66.5048539169573,26705397.0,7.552333333333333,False,False,7.82
2022-02-28,7.57,7.63,7.51,7.57,16847818.0,135120367.0,2106190178.0,0.007999191229729493,7.659999999999999,7.663000000000001,7.352500000000001,7.5145,61.999999566000014,27235096.1,7.5488333333333335,False,False,7.82
2022-03-01,7.58,7.62,7.54,7.6,15723174.0,126283753.0,2106190178.0,0.007465220455510072,7.644,7.641,7.3775,7.513166666666667,61.616161180491794,27454574.15,7.540333333333333,False,False,7.82
2022-03-02,7.56,7.59,7.48,7.57,14898903.0,118859632.0,2106190178.0,0.007073864058253148,7.601999999999999,7.635000000000001,7.402500000000001,7.509333333333333,59.898476731685975,27838540.6,7.534833333333334,False,False,7.82
2022-03-03,7.62,7.64,7.47,7.5,14402047.0,114951030.0,2106190178.0,0.006837961334372911,7.5760000000000005,7.634,7.4355,7.501166666666666,61.13989592955515,27925886.35,7.526666666666667,False,False,7.82
2022-03-04,7.45,7.62,7.43,7.53,19709432.0,158001523.0,2106190178.0,0.009357859611099183,7.553999999999999,7.630000000000001,7.468999999999999,7.496333333333334,60.93749955566407,28461595.75,7.519499999999999,False,False,7.82
2022-03-07,7.5,7.52,7.26,7.3,19949558.0,155733926.0,2106190178.0,0.009471869258712306,7.5,7.58,7.486,7.485666666666666,31.94444413387346,29057561.35,7.5145,False,False,7.82
2022-03-08,7.27,7.56,7.27,7.38,27378451.0,215935269.0,2106190178.0,0.012999040298439755,7.456,7.55,7.5005,7.4795,40.60150333201425,30000205.05,7.513166666666667,True,False,7.82
2022-03-09,7.4,7.51,6.99,7.4,27690478.0,214733070.0,2106190178.0,0.01314718788893716,7.422,7.5120000000000005,7.5135000000000005,7.475666666666667,45.52845476634281,30991784.4,7.509333333333333,True,True,7.82
2022-03-10,7.53,7.59,7.43,7.43,18561697.0,147505234.0,2106190178.0,0.00881292543944244,7.4079999999999995,7.492,7.525999999999999,7.471333333333334,44.16666615138886,31534945.15,7.501166666666666,True,True,7.82
2022-03-11,7.33,7.56,7.23,7.56,23399858.0,183850258.0,2106190178.0,0.011110040415353224,7.414,7.484,7.5504999999999995,7.468000000000001,39.09090859338842,32298505.85,7.496333333333334,True,True,7.82
2022-03-14,7.49,7.62,7.31,7.32,18456108.0,146225172.0,2106190178.0,0.008762792739602263,7.417999999999999,7.4590000000000005,7.561,7.462166666666667,35.24590123488311,32892731.25,7.485666666666666,False,True,7.82
2022-03-15,7.27,7.28,6.8,6.83,25321392.0,189600564.0,2106190178.0,0.01202236733628904,7.308,7.382000000000001,7.5115,7.448166666666666,20.49689423170399,29386946.25,7.4795,True,False,7.82
2022-03-16,6.93,6.99,6.55,6.97,24568900.0,177620463.0,2106190178.0,0.011665090957422554,7.2219999999999995,7.322,7.4784999999999995,7.436333333333334,29.374999742968726,26878464.1,7.475666666666667,True,True,7.8
2022-03-17,7.02,7.13,6.93,6.94,21727365.0,162277795.0,2106190178.0,0.010315955903199545,7.1240000000000006,7.266,7.45,7.424166666666667,28.395061483005634,25828241.4,7.471333333333334,True,True,7.8
2022-03-18,6.93,7.0,6.87,6.97,11764200.0,86624700.0,2106190178.0,0.005585535495740974,7.006,7.209999999999999,7.42,7.412,31.012657953052354,25051058.85,7.468000000000001,True,True,7.8
2022-03-21,6.98,7.01,6.88,6.95,12148357.0,89543047.0,2106190178.0,0.005767929756246352,6.9319999999999995,7.175,7.3775,7.400833333333333,29.299362796056627,22805025.45,7.462166666666667,True,True,7.8
2022-03-22,6.94,7.02,6.91,6.97,10210702.0,75488397.0,2106190178.0,0.004847948730677254,6.959999999999999,7.134,7.3420000000000005,7.390666666666666,30.769230493096615,21799893.55,7.448166666666666,True,True,7.78
2022-03-23,6.96,7.08,6.95,7.02,14163722.0,105264144.0,2106190178.0,0.006724806785230388,6.970000000000001,7.095999999999999,7.303999999999999,7.3808333333333325,34.41558410271543,20182682.15,7.436333333333334,True,True,7.78
2022-03-24,6.98,7.01,6.83,6.85,13963476.0,101920755.0,2106190178.0,0.006629731800031213,6.952,7.037999999999999,7.265000000000001,7.367166666666667,29.761904513888837,18624966.9,7.424166666666667,True,True,7.64
2022-03-25,6.87,6.93,6.79,6.79,10058533.0,73165435.0,2106190178.0,0.0047757002691710395,6.9159999999999995,6.961,7.222500000000001,7.3533333333333335,33.11258247445285,18047208.55,7.412,True,True,7.64
2022-03-28,6.75,6.85,6.64,6.83,8528721.0,61129129.0,2106190178.0,0.004049359402149866,6.892,6.912000000000001,7.185499999999999,7.341833333333333,31.292516708778706,17631253.7,7.400833333333333,True,True,7.6
2022-03-29,6.83,6.85,6.68,6.7,8807202.0,62911127.0,2106190178.0,0.004181579656003884,6.837999999999999,6.899000000000001,7.1405,7.328166666666666,27.848101019067386,17285455.1,7.390666666666666,True,True,7.6
2022-03-30,6.71,6.8,6.7,6.8,8615160.0,61694775.0,2106190178.0,0.004090399855620255,6.794,6.882000000000001,7.101999999999999,7.315166666666667,30.909090646831913,16971267.95,7.3808333333333325,True,True,7.57
2022-03-31,6.77,6.82,6.75,6.78,7127874.0,51247793.0,2106190178.0,0.0033842499478221382,6.779999999999999,6.866,7.066,7.3020000000000005,24.67532445100349,16607559.3,7.367166666666667,True,True,7.56
2022-04-01,6.75,6.81,6.69,6.81,7898581.0,56718199.0,2106190178.0,0.003750174643535917,6.784000000000001,6.85,7.029999999999999,7.2885,30.827067344677403,16017016.75,7.3533333333333335,True,True,7.56
2022-04-06,6.75,6.83,6.73,6.83,9749431.0,70127663.0,2106190178.0,0.004628941442153093,6.784000000000001,6.837999999999999,7.0065,7.275333333333333,49.99999918604653,15507010.4,7.341833333333333,True,True,7.56
2022-04-07,6.78,6.87,6.7,6.7,10888412.0,78477155.0,2106190178.0,0.005169719293981059,6.784000000000001,6.811,6.972499999999999,7.259,34.11764649688577,14682508.45,7.328166666666666,True,True,7.56
2022-04-08,6.75,6.76,6.64,6.7,10449570.0,74271886.0,2106190178.0,0.0049613610912964765,6.764,6.779000000000001,6.9375,7.243833333333333,35.36585305472926,13820463.05,7.315166666666667,True,True,7.56
2022-04-11,6.7,6.7,6.46,6.51,15810119.0,110474506.0,2106190178.0,0.007506501153192634,6.709999999999999,6.745,6.891500000000001,7.226,26.53061186588917,13682884.15,7.3020000000000005,True,True,7.56
2022-04-12,6.51,6.69,6.46,6.68,9500106.0,66442226.0,2106190178.0,0.0045105641927459415,6.684,6.734,6.847500000000001,7.214,38.053096873678406,12987896.55,7.2885,True,True,7.56
2022-04-13,6.67,6.69,6.58,6.61,6099593.0,42892319.0,2106190178.0,0.0028960314522936685,6.640000000000001,6.712000000000001,6.811999999999999,7.200500000000001,34.74576229962655,12370070.8,7.275333333333333,True,True,7.32
2022-04-14,6.67,6.72,6.62,6.69,6793248.0,48073728.0,2106190178.0,0.0032253725570265193,6.638,6.711,6.805,7.188166666666667,36.363635942900096,11443663.6,7.259,True,True,7.02
2022-04-15,6.63,6.72,6.62,6.67,6661778.0,47138249.0,2106190178.0,0.0031629517930455374,6.632000000000001,6.698,6.790000000000001,7.175166666666667,41.509433414026354,10548307.5,7.243833333333333,True,True,7.02
2022-04-18,6.64,6.73,6.59,6.73,7864915.0,55872842.0,2106190178.0,0.003734190331980553,6.676,6.6930000000000005,6.7795000000000005,7.163833333333333,47.169810697757235,9855185.0,7.226,True,True,7.02
2022-04-19,6.7,6.75,6.68,6.7,5431547.0,38627475.0,2106190178.0,0.0025788492685678076,6.68,6.6819999999999995,6.766,7.151666666666666,43.80952322539684,9538552.35,7.214,True,True,7.02
2022-04-20,6.68,6.76,6.64,6.66,6655390.0,47288224.0,2106190178.0,0.0031599188285645874,6.69,6.665000000000001,6.7515,7.138166666666667,47.91666596788196,9263904.0,7.200500000000001,True,True,7.02
2022-04-21,6.6,6.68,6.37,6.38,12144019.0,84015223.0,2106190178.0,0.005765870113178355,6.628,6.633,6.7219999999999995,7.1193333333333335,31.578946980609444,9360569.85,7.188166666666667,True,True,7.02
2022-04-22,6.36,6.39,6.13,6.26,11782096.0,78238578.0,2106190178.0,0.005594032354280592,6.546000000000001,6.589,6.684,7.099333333333333,29.032257736732575,9241488.55,7.175166666666667,True,True,7.02
2022-04-25,6.2,6.2,5.66,5.69,18183316.0,114653930.0,2106190178.0,0.008633273571366925,6.338,6.507,6.626,7.071666666666667,18.539325696881747,9452480.55,7.163833333333333,True,True,6.85
2022-04-26,5.73,5.83,5.58,5.59,13872056.0,84016476.0,2106190178.0,0.006586326412922812,6.1160000000000005,6.398,6.566,7.043000000000001,16.66666654121866,9643156.7,7.151666666666666,True,True,6.83
2022-04-27,5.56,6.14,5.53,6.09,23283695.0,144768561.0,2106190178.0,0.01105488727618594,6.002000000000001,6.346,6.528999999999999,7.022333333333333,36.322869727120995,10380905.4,7.138166666666667,True,True,6.83
2022-04-28,6.05,6.13,5.96,6.09,13291560.0,85257090.0,2106190178.0,0.006310712175394069,5.944,6.286,6.4985,7.0055,36.322869727120995,10605123.3,7.1193333333333335,True,True,6.83
2022-04-29,6.15,6.3,6.07,6.27,13975260.0,91899372.0,2106190178.0,0.00663532673638743,5.946,6.246,6.4719999999999995,6.992166666666667,44.59459431336742,10873128.3,7.099333333333333,True,True,6.83
2022-05-05,6.26,6.49,6.23,6.41,13518564.0,91479482.0,2106190178.0,0.006418491616382422,6.09,6.214,6.4535,6.984999999999999,43.835616158128495,11192662.8,7.071666666666667,True,True,6.83
2022-05-06,6.33,6.45,6.26,6.36,9875600.0,66688200.0,2106190178.0,0.004688845339397457,6.244,6.18,6.431,6.9766666666666675,44.239631050988564,11291513.75,7.043000000000001,True,True,6.83
2022-05-09,6.42,6.6,6.42,6.51,10311827.0,71369907.0,2106190178.0,0.004895961963791857,6.328,6.165000000000001,6.414999999999999,6.969166666666666,45.98214256975445,11319633.55,7.022333333333333,True,True,6.83
2022-05-10,6.44,6.7,6.41,6.69,15182854.0,106868534.0,2106190178.0,0.0072086814185114865,6.448,6.196,6.414500000000001,6.9625,50.41666637256945,11534355.65,7.0055,False,True,6.73
2022-05-11,6.66,6.82,6.62,6.63,17391735.0,124241526.0,2106190178.0,0.008257438089714613,6.5200000000000005,6.2330000000000005,6.411,6.954,47.91666638715277,11881463.9,6.992166666666667,False,False,6.73
2022-05-12,6.57,6.78,6.57,6.71,13592298.0,96425227.0,2106190178.0,0.006453499851047164,6.58,6.334999999999999,6.420999999999999,6.9461666666666675,50.204081345772586,11770572.85,6.984999999999999,False,False,6.73
2022-05-13,6.69,6.79,6.69,6.73,10400904.0,74436135.0,2106190178.0,0.004938254915743891,6.654000000000001,6.449000000000001,6.4235,6.9405,51.44032892174297,11815612.75,6.9766666666666675,False,False,6.73
2022-05-16,6.75,6.81,6.66,6.69,11116815.0,79252430.0,2106190178.0,0.005278162967484886,6.69,6.509,6.4275,6.9334999999999996,57.07762520589647,12066473.85,6.969166666666666,False,False,6.73
2022-05-17,6.7,6.71,6.62,6.69,7845715.0,55513495.0,2106190178.0,0.0037250743460641093,6.69,6.569,6.427499999999999,6.914666666666666,60.386473021540766,12119097.2,6.9625,False,False,6.73
2022-05-18,6.69,6.72,6.65,6.66,8783538.0,62231500.0,2106190178.0,0.004170344203361868,6.696000000000001,6.608,6.427000000000001,6.8985,81.699345657653,12225185.2,6.954,False,False,6.73
2022-05-19,6.59,6.75,6.55,6.72,8605776.0,60965626.0,2106190178.0,0.0040859444175035935,6.698,6.639,6.4265,6.8853333333333335,87.91946226115938,12262228.25,6.9461666666666675,False,False,6.73
2022-05-20,6.74,6.81,6.7,6.75,8163252.0,58395374.0,2106190178.0,0.00387583803460316,6.702000000000001,6.678,6.429,6.871666666666667,82.35294004613608,12398813.5,6.9405,False,False,6.73
2022-05-23,6.78,6.84,6.73,6.81,9698738.0,69858398.0,2106190178.0,0.004604872865379016,6.726000000000001,6.708,6.4365000000000006,6.8551666666666655,83.33333225308638,12550980.9,6.9334999999999996,False,False,6.75
2022-05-24,6.79,6.87,6.55,6.55,13202513.0,94138216.0,2106190178.0,0.006268433467170029,6.698,6.694,6.445,6.836333333333333,62.068964768133185,12603905.6,6.914666666666666,False,False,6.81
2022-05-25,6.61,6.71,6.59,6.69,7009652.0,49515745.0,2106190178.0,0.0033281192141235024,6.703999999999999,6.7,6.466500000000001,6.8181666666666665,62.068964768133185,12365283.4,6.8985,False,False,6.81
2022-05-26,6.72,6.78,6.63,6.75,9163280.0,65342461.0,2106190178.0,0.004350642261897396,6.709999999999999,6.704000000000001,6.519500000000001,6.8035,66.66666586894586,11914281.6,6.8853333333333335,False,False,6.81
2022-05-27,6.75,6.82,6.65,6.67,8531385.0,60814297.0,2106190178.0,0.004050624245195773,6.694,6.698,6.5735,6.787333333333334,57.27272654380165,11647248.05,6.871666666666667,False,False,6.81
2022-05-30,6.69,6.73,6.61,6.65,8901798.0,62861583.0,2106190178.0,0.004226492979115963,6.662000000000001,6.694,6.6015,6.772,47.87233971253961,10928153.2,6.8551666666666655,False,False,6.81
2022-05-31,6.67,6.78,6.62,6.75,12492518.0,89011174.0,2106190178.0,0.005931334278589538,6.702000000000001,6.7,6.6345,6.757833333333333,56.122448177842585,10888201.1,6.836333333333333,False,False,6.81
2022-06-01,6.69,6.77,6.65,6.73,12716809.0,90702704.0,2106190178.0,0.00603782561177626,6.709999999999999,6.707000000000001,6.657500000000001,6.743833333333333,51.08695574432896,10825278.55,6.8181666666666665,False,False,6.81
2022-06-02,6.68,6.77,6.65,6.76,12937253.0,92241020.0,2106190178.0,0.006142490424243162,6.712000000000001,6.711,6.675,6.7315,51.61290244883799,10796213.0,6.8035,False,False,6.81
2022-06-06,6.76,6.93,6.73,6.88,19775926.0,143965491.0,2106190178.0,0.009389430359407933,6.754,6.724000000000001,6.7010000000000005,6.7206666666666655,59.405939770610736,11291229.3,6.787333333333334,False,False,6.81
2022-06-07,6.88,6.89,6.74,6.76,13411862.0,96630392.0,2106190178.0,0.006367830474233652,6.776000000000001,6.718999999999999,6.713500000000001,6.711666666666668,53.09734447490014,11446231.05,6.772,False,False,6.88
2022-06-08,6.75,6.79,6.63,6.73,14231790.0,101240483.0,2106190178.0,0.006757124854467914,6.772,6.737,6.7155000000000005,6.700833333333334,53.097344474900176,11398677.85,6.757833333333333,False,False,6.88
2022-06-09,6.72,6.73,6.51,6.52,17314784.0,121178495.0,2106190178.0,0.008220902452617933,6.7299999999999995,6.720000000000001,6.710000000000001,6.686166666666667,42.18749953857421,11394830.3,6.743833333333333,False,False,6.88
2022-06-10,6.49,7.16,6.47,7.09,62788657.0,462363936.0,2106190178.0,0.029811485048146492,6.796000000000001,6.754,6.728999999999999,6.680499999999999,59.340658884192734,13854648.25,6.7315,True,False,6.88
2022-06-13,7.1,7.12,6.77,6.84,49206601.0,360778338.0,2106190178.0,0.023362848005836632,6.787999999999999,6.770999999999999,6.7345,6.668499999999999,50.74626830325983,15794933.1,6.7206666666666655,False,True,7.09
2022-06-14,6.7,6.74,6.52,6.73,31366832.0,220746766.0,2106190178.0,0.014892687435179939,6.782000000000001,6.778999999999999,6.7364999999999995,6.658666666666666,54.8387092646549,16807433.95,6.711666666666668,False,False,7.09
2022-06-15,6.7,6.88,6.69,6.75,24405739.0,175844113.0,2106190178.0,0.011587623593979177,6.786,6.778999999999999,6.7395,6.657333333333333,51.72413751486326,17635435.15,6.700833333333334,True,False,7.09
2022-06-16,6.8,7.02,6.8,6.87,28859150.0,211867992.0,2106190178.0,0.013702062758361225,6.856,6.793000000000001,6.75,6.655666666666666,53.333332918518536,18639215.75,6.686166666666667,False,True,7.09
2022-06-17,6.84,6.93,6.73,6.88,16663404.0,121066744.0,2106190178.0,0.007911633134583918,6.814,6.805,6.758,6.6546666666666665,56.0693637081092,19042097.15,6.680499999999999,False,False,7.09
2022-06-20,6.88,6.93,6.81,6.88,13300954.0,96881279.0,2106190178.0,0.006315172361420061,6.822,6.805,6.7645,6.6531666666666665,56.725145734414,19298982.25,6.668499999999999,False,False,7.09
2022-06-21,6.86,6.89,6.75,6.83,13181955.0,95366372.0,2106190178.0,0.0062586727151663695,6.8420000000000005,6.812,6.7655,6.651166666666667,52.40963811220787,19473143.1,6.658666666666666,False,False,7.09
2022-06-22,6.84,6.84,6.66,6.67,12438931.0,88715900.0,2106190178.0,0.00590589165685493,6.8260000000000005,6.806,6.771499999999999,6.646166666666667,48.33333295740739,19434964.0,6.657333333333333,False,False,7.09
2022-06-23,6.64,6.86,6.64,6.86,15918055.0,114590411.0,2106190178.0,0.007557748187352909,6.824,6.840000000000001,6.779999999999999,6.6435,52.55102003279885,19880384.15,6.655666666666666,True,False,7.09
2022-06-24,6.9,6.92,6.84,6.89,15528274.0,113282077.0,2106190178.0,0.007372683702639506,6.8260000000000005,6.82,6.786999999999999,6.644166666666666,50.26737930281106,20198633.85,6.6546666666666665,False,True,7.09
2022-06-27,6.91,7.03,6.9,7.02,22229149.0,164487182.0,2106190178.0,0.010554198396798335,6.853999999999999,6.837999999999999,6.8045,6.648,56.91489319318696,20883522.05,6.6531666666666665,False,False,7.09
2022-06-28,7.01,7.19,6.93,7.17,21483747.0,161298785.0,2106190178.0,0.010200288285647868,6.922,6.882,6.830499999999999,6.653666666666666,60.99999957299999,21512619.5,6.651166666666667,False,False,7.09
2022-06-29,7.19,7.36,7.11,7.12,32140771.0,246555034.0,2106190178.0,0.015260146655189653,7.011999999999999,6.919,6.848999999999999,6.660666666666667,66.30434732159738,22495032.15,6.646166666666667,False,False,7.17
2022-06-30,7.16,7.27,7.1,7.12,18036544.0,133662506.0,2106190178.0,0.00856358755652691,7.064,6.944,6.8685,6.6659999999999995,51.18110179800362,22761018.9,6.6435,False,False,7.17
2022-07-01,7.14,7.28,7.1,7.12,15819502.0,117578054.0,2106190178.0,0.007510956116518363,7.109999999999999,6.967999999999999,6.8865,6.671666666666667,63.725489321414884,22905131.35,6.644166666666666,False,False,7.17
2022-07-04,7.06,7.07,6.88,6.97,18918285.0,136002916.0,2106190178.0,0.008982230188711858,7.1,6.977000000000001,6.891,6.674333333333334,61.32075390708435,22862249.3,6.648,False,False,7.17
2022-07-05,6.97,7.05,6.87,6.94,14260798.0,102689703.0,2106190178.0,0.0067708975898566745,7.054,6.9879999999999995,6.9,6.676166666666668,58.87850390252427,22904696.1,6.653666666666666,False,False,7.17
2022-07-06,6.92,7.12,6.89,6.97,20902092.0,151912562.0,2106190178.0,0.009924123765427607,7.023999999999999,7.017999999999999,6.912000000000001,6.680666666666666,55.10204002915452,23238211.2,6.660666666666667,False,False,7.17
2022-07-07,6.93,7.01,6.93,6.95,11352832.0,82007971.0,2106190178.0,0.0053902216991537025,6.99,7.026999999999999,6.9335,6.684833333333333,53.535352778287965,22940113.6,6.6659999999999995,False,False,7.17
2022-07-08,7.01,7.08,6.95,6.96,10448720.0,75922649.0,2106190178.0,0.004960957519003301,6.958,7.034000000000001,6.927,6.692333333333334,53.99999924400002,20323116.75,6.671666666666667,False,False,7.17
2022-07-11,6.93,7.02,6.85,6.95,11570382.0,83345269.0,2106190178.0,0.005493512466660074,6.954000000000001,7.026999999999999,6.9325,6.696833333333333,56.249999179687535,18441305.8,6.674333333333334,False,False,7.17
2022-07-12,6.95,6.95,6.77,6.78,15912734.0,112717586.0,2106190178.0,0.007555221824797628,6.922,6.9879999999999995,6.9350000000000005,6.699666666666666,55.670102289297525,17668600.9,6.676166666666668,False,False,7.17
2022-07-13,6.75,6.88,6.74,6.81,9397500.0,66196492.0,2106190178.0,0.004461847794259346,6.890000000000001,6.957000000000001,6.938000000000001,6.701666666666666,46.91357943606153,16918188.95,6.680666666666666,True,False,7.17
2022-07-14,6.78,6.87,6.77,6.79,9087974.0,64222244.0,2106190178.0,0.004314887655885745,6.858,6.9239999999999995,6.934,6.703666666666667,43.74999923437502,15929630.15,6.684833333333333,True,True,7.17
2022-07-15,6.79,6.86,6.7,6.7,10818475.0,76165818.0,2106190178.0,0.005136513840489479,6.806,6.882,6.925,6.703166666666666,28.947367887811595,15637383.7,6.692333333333334,True,True,7.17
2022-07-18,6.75,6.89,6.74,6.87,10685201.0,75669208.0,2106190178.0,0.005073236553665098,6.790000000000001,6.872,6.9245,6.706,30.76923021696247,15506596.05,6.696833333333333,True,True,7.17
2022-07-19,6.9,6.95,6.83,6.93,10988159.0,78565177.0,2106190178.0,0.0052170782651897825,6.8199999999999985,6.871,6.9295,6.7105,37.97468287133466,15396906.25,6.699666666666666,True,True,7.17
2022-07-20,6.95,7.12,6.94,6.95,11758790.0,85339248.0,2106190178.0,0.005582966876792643,6.848000000000001,6.869,6.9435,6.72,39.50617215668341,15362899.2,6.701666666666666,False,True,7.17
2022-07-21,6.95,7.09,6.9,7.02,18580420.0,135701452.0,2106190178.0,0.008821814950083771,6.894,6.876,6.9515,6.732666666666666,44.3181811131198,15496017.45,6.703666666666667,False,False,7.17
2022-07-22,7.07,7.09,6.91,6.95,12300254.0,88876059.0,2106190178.0,0.0058400490746187495,6.944,6.875,6.9545,6.753666666666667,48.749999146875034,15334616.45,6.703166666666666,False,False,7.17
2022-07-25,6.97,7.0,6.85,6.9,9769403.0,70082980.0,2106190178.0,0.004638423966669927,6.95,6.87,6.9485,6.775499999999999,47.56097479773945,14711629.15,6.706,True,False,7.17
2022-07-26,6.91,6.96,6.85,6.96,7562279.0,54196305.0,2106190178.0,0.0035905015031363423,6.956,6.888,6.938000000000001,6.79,49.41176389204154,14015555.75,6.7105,True,True,7.17
2022-07-27,6.93,7.01,6.91,6.98,7181884.0,51952234.0,2106190178.0,0.0034098934061214674,6.962000000000001,6.904999999999999,6.931,6.804833333333334,51.76470502975781,12767611.4,6.72,False,True,7.12
2022-07-28,7.01,7.23,7.01,7.13,21260213.0,157109594.0,2106190178.0,0.01009415636919754,6.984,6.939,6.9315,6.819166666666666,58.585857757371734,12928794.85,6.732666666666666,False,False,7.12
2022-07-29,7.11,7.11,6.97,6.98,12628454.0,92114152.0,2106190178.0,0.0059958754588779585,6.99,6.9670000000000005,6.9245,6.828666666666667,51.3274329924035,12769242.45,6.753666666666667,False,False,7.13
2022-08-01,6.97,7.05,6.89,7.05,11542100.0,83796632.0,2106190178.0,0.005480084429488779,7.0200000000000005,6.985000000000001,6.9285,6.840166666666667,63.10679525874263,12400433.2,6.775499999999999,False,False,7.13
2022-08-02,6.98,6.99,6.76,6.86,20521118.0,145965408.0,2106190178.0,0.009743240764462438,7.0,6.978,6.9245,6.846,52.10083972318343,12713449.2,6.79,False,False,7.13
2022-08-03,6.85,7.09,6.85,6.93,20210108.0,146780643.0,2106190178.0,0.009595576036344046,6.99,6.976000000000001,6.922500000000001,6.85,55.64516066207077,12678850.0,6.804833333333334,True,False,7.13
2022-08-04,6.99,7.13,6.94,7.05,22268286.0,162650357.0,2106190178.0,0.010572780289548953,6.973999999999999,6.979000000000001,6.927499999999999,6.857,63.77952685597375,13224622.7,6.819166666666666,False,True,7.13
2022-08-05,6.74,7.3,6.72,7.22,68407762.0,502315250.0,2106190178.0,0.032479385154553696,7.022,7.006,6.9405,6.8655,63.77952685597375,16122574.8,6.828666666666667,False,False,7.13
2022-08-08,7.2,7.22,7.05,7.18,41323597.0,305362649.0,2106190178.0,0.01962006918066636,7.047999999999999,7.034000000000001,6.952,6.873,59.99999932800003,17610235.55,6.840166666666667,False,False,7.22
2022-08-09,7.08,7.17,6.95,7.14,35254913.0,256920036.0,2106190178.0,0.01673871304132537,7.103999999999999,7.052,6.969999999999999,6.8805000000000005,57.48031432698867,18577344.5,6.846,False,False,7.22
2022-08-10,7.09,7.43,7.02,7.32,63789849.0,483975820.0,2106190178.0,0.030286841932086913,7.1819999999999995,7.086,6.9955,6.891000000000001,60.86956459987403,21296961.95,6.85,False,False,7.22
2022-08-11,7.26,7.53,7.24,7.44,51875182.0,400696582.0,2106190178.0,0.024629866069007942,7.26,7.117,7.0280000000000005,6.904,67.13286647562232,23436322.35,6.857,False,False,7.32
2022-08-12,7.39,7.47,7.29,7.31,35167293.0,268813964.0,2106190178.0,0.01669711185976293,7.2780000000000005,7.15,7.0585,6.913833333333333,63.57615835094951,24653763.25,6.8655,False,False,7.44
2022-08-15,7.26,7.31,7.18,7.22,24729946.0,185070589.0,2106190178.0,0.011741554138042324,7.286,7.167,7.0760000000000005,6.921666666666666,58.44155791027155,25356000.5,6.873,False,False,7.44
2022-08-16,7.31,7.32,7.15,7.21,23007166.0,171966586.0,2106190178.0,0.010923593814233426,7.3,7.202,7.089999999999999,6.928333333333334,57.51633934298774,25956950.85,6.8805000000000005,False,False,7.44
2022-08-17,7.18,7.22,7.12,7.2,19234461.0,142860526.0,2106190178.0,0.009132347686790894,7.275999999999999,7.228999999999999,7.102500000000001,6.939166666666667,52.51798508255268,26330734.4,6.891000000000001,False,False,7.44
2022-08-18,7.17,7.27,7.04,7.22,30751535.0,228185069.0,2106190178.0,0.014600549998386708,7.232000000000001,7.2459999999999996,7.1125,6.9479999999999995,59.52380886243385,26939290.15,6.904,False,False,7.44
2022-08-19,7.22,7.35,7.04,7.04,29909884.0,221969817.0,2106190178.0,0.01420094173471167,7.178,7.228,7.117,6.952833333333333,49.635035989131026,27819771.65,6.913833333333333,False,False,7.44
2022-08-22,7.05,7.17,6.95,7.08,18147150.0,133359491.0,2106190178.0,0.00861610228247869,7.15,7.218000000000001,7.126,6.959666666666666,59.016392765385646,28238659.0,6.921666666666666,True,False,7.44
2022-08-23,7.08,7.11,7.0,7.04,13110300.0,95779117.0,2106190178.0,0.006224651570851642,7.116,7.208,7.13,6.966166666666667,54.621848096885834,28516060.05,6.928333333333334,True,True,7.44
2022-08-24,7.08,7.08,6.76,6.78,25881060.0,184414279.0,2106190178.0,0.012288092628262175,7.031999999999999,7.153999999999999,7.12,6.966666666666667,39.84962364068067,29451018.85,6.939166666666667,True,True,7.44
2022-08-25,6.7,6.73,6.25,6.32,48315978.0,320382792.0,2106190178.0,0.022939988280583464,6.852000000000001,7.042,7.0795,6.959833333333334,22.222222030178344,30803807.1,6.9479999999999995,True,True,7.44
2022-08-26,6.3,6.34,6.19,6.22,22398673.0,145129977.0,2106190178.0,0.010634686854949334,6.688000000000001,6.933,7.041499999999999,6.950833333333334,21.42857125000002,31292318.05,6.952833333333333,True,True,7.44
2022-08-29,6.13,6.27,6.1,6.23,15398243.0,99243178.0,2106190178.0,0.007310946162811324,6.518000000000001,6.8340000000000005,7.000500000000001,6.94,22.424242233976173,31485125.2,6.959666666666666,True,True,7.44
2022-08-30,6.24,6.3,6.17,6.21,12254516.0,79184031.0,2106190178.0,0.005818333086918421,6.352,6.734,6.967999999999999,6.930833333333333,12.751677732534603,31071795.1,6.966166666666667,True,True,7.44
2022-08-31,6.21,6.25,6.1,6.11,13196100.0,84054889.0,2106190178.0,0.0062653886329157495,6.218,6.625,6.927,6.9205000000000005,4.761904716553303,30721094.7,6.966666666666667,True,True,7.44
2022-09-01,6.13,6.17,6.0,6.01,13421109.0,84573452.0,2106190178.0,0.006372220865992473,6.156000000000001,6.5040000000000004,6.875,6.912,4.8611110638503305,30278735.85,6.959833333333334,True,True,7.44
2022-09-02,6.0,6.12,5.99,6.08,15395590.0,96859483.0,2106190178.0,0.007309686542465683,6.128,6.4079999999999995,6.8180000000000005,6.895166666666666,9.859154832374571,27628127.25,6.950833333333334,True,True,7.44
2022-09-05,6.07,6.09,5.98,6.07,11785803.0,73787456.0,2106190178.0,0.005595792404269773,6.096,6.307,6.7625,6.882333333333333,9.859154832374571,26151237.55,6.94,True,True,7.44
2022-09-06,6.08,6.16,6.07,6.15,10387862.0,65897096.0,2106190178.0,0.004932062692393773,6.0840000000000005,6.218,6.713000000000001,6.8726666666666665,14.765100532408482,24907885.0,6.930833333333333,True,True,7.44
2022-09-07,6.14,6.26,6.13,6.2,15326782.0,98754688.0,2106190178.0,0.007277017127937628,6.102,6.16,6.657000000000001,6.8635,16.447368269563768,22484731.65,6.9205000000000005,True,True,7.44
2022-09-08,6.21,6.23,6.08,6.09,11501935.0,72980722.0,2106190178.0,0.005461014451658885,6.118,6.137,6.589500000000001,6.8505,17.241379143876372,20466069.3,6.912,True,True,7.44
2022-09-09,6.09,6.11,6.0,6.11,9847492.0,61846731.0,2106190178.0,0.0046754999158485295,6.1240000000000006,6.1259999999999994,6.5295000000000005,6.837666666666666,16.08391592645124,19200079.25,6.895166666666666,True,True,7.31
2022-09-13,6.11,6.16,6.08,6.09,8417681.0,53379745.0,2106190178.0,0.0039966386169331,6.128,6.112,6.473000000000001,6.8245000000000005,16.312056575625036,18384466.0,6.882333333333333,True,True,7.22
2022-09-14,6.01,6.06,5.98,6.03,7464648.0,46635003.0,2106190178.0,0.003544147189542159,6.104,6.094,6.414,6.811166666666667,19.00826424287966,17607340.1,6.8726666666666665,True,True,7.22
2022-09-15,6.06,6.08,5.84,5.87,14153232.0,86908140.0,2106190178.0,0.006719826228341665,6.038,6.07,6.3475,6.797833333333333,25.27472488588343,17353278.65,6.8635,True,True,7.22
2022-09-16,5.9,5.93,5.79,5.79,10401963.0,63111924.0,2106190178.0,0.004938757719342095,5.978,6.048,6.276,6.78,25.842696222699246,16335800.05,6.8505,True,True,7.22
2022-09-19,5.77,5.78,5.64,5.66,11555441.0,68176512.0,2106190178.0,0.005486418615327908,5.888,6.006,6.207,6.7595,21.782177915890628,15418077.9,6.837666666666666,True,True,7.08
2022-09-20,5.67,5.74,5.67,5.71,5819129.0,34394668.0,2106190178.0,0.0027628696880192174,5.812,5.970000000000001,6.1385000000000005,6.737666666666667,25.961538112056246,14801676.85,6.8245000000000005,True,True,7.08
2022-09-21,5.69,5.79,5.59,5.75,6321701.0,37359540.0,2106190178.0,0.0030014863168733286,5.756,5.930000000000001,6.074,6.714,31.632652609329455,14462246.9,6.811166666666667,True,True,7.04
2022-09-22,5.73,5.78,5.7,5.75,5073100.0,30270908.0,2106190178.0,0.0024086618829536675,5.732,5.885,6.0225,6.691166666666667,35.22727216683889,13421848.9,6.797833333333333,True,True,6.78
2022-09-23,5.79,5.79,5.6,5.66,6446855.0,37995498.0,2106190178.0,0.003060908301320547,5.706,5.8420000000000005,5.9895000000000005,6.666833333333333,26.66666625185188,11328392.75,6.78,True,True,6.32
2022-09-26,5.65,5.69,5.52,5.53,7877498.0,45755686.0,2106190178.0,0.0037401646262923555,5.68,5.784000000000001,5.955,6.640333333333333,23.529411441753197,10602334.0,6.7595,True,True,6.23
2022-09-27,5.54,5.7,5.54,5.7,8064996.0,46967776.0,2106190178.0,0.0038291869766757594,5.678,5.745,5.9285000000000005,6.6191666666666675,29.729729354760167,10235671.65,6.737666666666667,True,True,6.23
2022-09-28,5.68,5.69,5.55,5.55,6903250.0,40231377.0,2106190178.0,0.0032776005092546774,5.638,5.697,5.8955,6.596,23.140495600027336,9968108.35,6.714,True,True,6.21
2022-09-29,5.59,5.63,5.51,5.53,5567673.0,32163119.0,2106190178.0,0.0026434806591335265,5.593999999999999,5.663,5.8665,6.572,24.999999687500036,9586687.0,6.691166666666667,True,True,6.2
2022-09-30,5.55,5.59,5.52,5.53,5347107.0,30742711.0,2106190178.0,0.0025387579221727813,5.568,5.6370000000000005,5.8425,6.548333333333334,23.636363335537183,9182986.9,6.666833333333333,True,True,6.2
2022-10-10,5.54,5.56,5.28,5.3,9645006.0,53992213.0,2106190178.0,0.0045793613989591015,5.522,5.601,5.8035000000000005,6.520666666666667,19.847328032165947,8895457.7,6.640333333333333,True,True,6.2
2022-10-11,5.3,5.37,5.29,5.33,6868011.0,37957641.0,2106190178.0,0.0032608693515614713,5.4479999999999995,5.563,5.7665,6.493666666666667,22.656249752197255,8649568.1,6.6191666666666675,True,True,6.2
2022-10-12,5.33,5.55,5.31,5.53,9133079.0,51361718.0,2106190178.0,0.00433630310092539,5.444,5.5409999999999995,5.7355,6.472833333333333,37.121211727502306,8586828.95,6.596,True,True,6.2
2022-10-13,5.51,5.61,5.49,5.57,8094117.0,46765061.0,2106190178.0,0.0038430133634399658,5.452,5.523,5.704000000000001,6.452166666666667,41.40624954711916,8225195.7,6.572,True,True,6.2
2022-10-14,5.63,5.66,5.59,5.64,7353964.0,42957120.0,2106190178.0,0.003491595429897594,5.474,5.521,5.681500000000001,6.433000000000001,49.180327304488024,8017797.15,6.548333333333334,True,True,6.11
2022-10-17,5.64,5.7,5.62,5.68,7837224.0,46046554.0,2106190178.0,0.003721042896250749,5.55,5.536,5.66,6.416,48.76033001434328,7917283.75,6.520666666666667,True,True,6.11
2022-10-18,5.72,5.72,5.61,5.65,6465731.0,37869186.0,2106190178.0,0.0030698704549746506,5.614,5.531,5.638,6.395666666666667,45.83333279861113,7819686.25,6.493666666666667,False,True,6.09
2022-10-19,5.64,5.66,5.57,5.58,5537002.0,32217182.0,2106190178.0,0.002628918346422941,5.6240000000000006,5.534000000000001,5.6155,6.373166666666666,43.30708613677228,7723303.95,6.472833333333333,False,False,6.03
2022-10-20,5.57,5.75,5.54,5.68,17072186.0,100518048.0,2106190178.0,0.008105719121818069,5.646,5.549,5.606,6.352,50.78124944458006,7869251.65,6.452166666666667,True,False,5.87
2022-10-21,5.69,5.69,5.59,5.6,9665000.0,56419322.0,2106190178.0,0.004588854368876466,5.638,5.555999999999999,5.596500000000001,6.328333333333334,52.845527853790706,7832403.5,6.433000000000001,False,True,5.79
2022-10-24,5.62,5.72,5.47,5.5,11295772.0,65441415.0,2106190178.0,0.0053631301285082715,5.601999999999999,5.576,5.588500000000001,6.304166666666666,41.37930984542211,7819420.05,6.416,False,False,5.75
2022-10-25,5.52,5.56,5.39,5.46,7785680.0,44234239.0,2106190178.0,0.0036965702723925626,5.564,5.589,5.576,6.280166666666667,45.71428510476192,7917747.6,6.395666666666667,True,False,5.75
2022-10-26,5.5,5.69,5.45,5.69,12309735.0,71407220.0,2106190178.0,0.005844550567455927,5.586,5.605,5.5729999999999995,6.259,56.34920572310408,8217149.3,6.373166666666666,True,True,5.75
2022-10-27,5.66,5.74,5.61,5.65,16643327.0,97836548.0,2106190178.0,0.007902100757019104,5.58,5.613,5.568,6.236833333333333,54.615384027218944,8795660.65,6.352,False,True,5.75
2022-10-28,5.47,5.57,5.32,5.33,20165360.0,113687646.0,2106190178.0,0.009574330091667534,5.526000000000001,5.582,5.5515,6.206833333333334,51.07913617618137,9481585.9,6.328333333333334,False,False,5.7
2022-10-31,5.05,5.24,4.97,5.17,21112425.0,112379959.0,2106190178.0,0.010023987966769447,5.46,5.531000000000001,5.5335,6.176666666666666,44.73684169321329,10143332.25,6.304166666666666,True,False,5.7
2022-11-01,5.17,5.42,5.14,5.4,18147960.0,99638551.0,2106190178.0,0.00861648686313454,5.448,5.506,5.5185,6.149166666666667,45.80645119916754,10647480.45,6.280166666666667,True,True,5.7
2022-11-02,5.42,5.51,5.38,5.39,11252861.0,63247970.0,2106190178.0,0.005342756374775953,5.388,5.487,5.5105,6.124666666666667,44.078946962430734,10864961.0,6.259,True,True,5.69
2022-11-03,5.37,5.47,5.31,5.44,10754171.0,60147032.0,2106190178.0,0.005105982884324323,5.346,5.462999999999999,5.506,6.099833333333334,43.33333292888892,11124285.9,6.236833333333333,True,True,5.69
2022-11-04,5.45,5.51,5.4,5.48,10643051.0,60282328.0,2106190178.0,0.005053224115832905,5.3759999999999994,5.4510000000000005,5.5035,6.073666666666667,43.33333292888892,11389083.1,6.206833333333334,True,True,5.69
2022-11-07,5.47,5.51,5.43,5.43,9520218.0,53891034.0,2106190178.0,0.004520113187993416,5.428,5.444000000000001,5.51,6.043833333333334,42.76315750086565,11382843.7,6.176666666666666,True,True,5.69
2022-11-08,5.46,5.47,5.36,5.4,9235335.0,51602133.0,2106190178.0,0.004384853322585383,5.428,5.438000000000001,5.5135000000000005,6.014166666666667,43.91891850346971,11501209.9,6.149166666666667,True,True,5.69
2022-11-09,5.42,5.46,5.35,5.39,8180164.0,45855218.0,2106190178.0,0.003883867698864561,5.428,5.4079999999999995,5.5065,5.984999999999999,39.56834492521094,11453564.15,6.124666666666667,True,True,5.69
2022-11-10,5.43,5.44,5.32,5.35,10669360.0,59424593.0,2106190178.0,0.005065715390493099,5.41,5.378,5.4955,5.952166666666667,40.7407403182442,11582326.3,6.099833333333334,True,True,5.69
2022-11-11,5.46,5.48,5.4,5.41,12042844.0,67935422.0,2106190178.0,0.005717833140517096,5.396,5.386,5.484,5.918333333333334,46.56488499854323,11816770.3,6.073666666666667,True,True,5.69
2022-11-14,5.43,5.49,5.4,5.48,12406095.0,70335482.0,2106190178.0,0.005890301421774079,5.406000000000001,5.417,5.474,5.887833333333333,50.74626812653154,12045213.85,6.043833333333334,True,True,5.69
2022-11-15,5.46,5.65,5.46,5.65,17740516.0,102822636.0,2106190178.0,0.008423036146168943,5.456,5.442,5.473999999999999,5.861666666666667,48.43749947021485,12608953.1,6.014166666666667,False,True,5.69
2022-11-16,5.63,5.67,5.59,5.66,12879453.0,75187199.0,2106190178.0,0.006115047508307201,5.51,5.468999999999999,5.478,5.8358333333333325,50.399999435519995,12976075.65,5.984999999999999,False,False,5.69
2022-11-17,5.65,5.66,5.56,5.65,10895750.0,63422807.0,2106190178.0,0.0051732033098485,5.57,5.49,5.4765,5.8100000000000005,67.02127559755543,12667253.85,5.952166666666667,False,False,5.69
2022-11-18,5.67,5.69,5.57,5.57,10498276.0,61186114.0,2106190178.0,0.004984486258486388,5.602,5.4990000000000006,5.475,5.782500000000001,73.25581276095183,12708917.65,5.918333333333334,False,False,5.69
2022-11-21,5.55,5.6,5.49,5.58,9169714.0,52682359.0,2106190178.0,0.004353697066761271,5.622,5.514,5.479,5.758166666666667,64.06249859863277,12602614.75,5.887833333333333,False,False,5.69
2022-11-22,5.59,5.61,5.5,5.53,8363774.0,48145197.0,2106190178.0,0.003971044062099885,5.598000000000001,5.527,5.4825,5.732333333333333,60.29411640570939,12631519.45,5.861666666666667,False,False,5.69
2022-11-23,5.53,5.58,5.46,5.54,9280351.0,53069979.0,2106190178.0,0.004406226511231979,5.574,5.542,5.475,5.707333333333334,57.812498735351554,12480050.25,5.8358333333333325,False,False,5.69
2022-11-24,5.55,5.57,5.5,5.52,9029377.0,51781743.0,2106190178.0,0.004287066331576065,5.548,5.559,5.468500000000001,5.686333333333334,53.22580524973981,12099352.75,5.8100000000000005,False,False,5.66
2022-11-25,5.5,5.56,5.46,5.46,7928100.0,45152663.0,2106190178.0,0.0037641899970915164,5.526,5.564,5.475,5.672,52.380951216931265,11487489.75,5.782500000000001,False,False,5.66
2022-11-28,5.37,5.43,5.31,5.35,9296342.0,51668202.0,2106190178.0,0.00441381889304395,5.4799999999999995,5.551,5.484,5.6575,46.47887232295177,10896685.6,5.758166666666667,True,False,5.66
2022-11-29,5.37,5.5,5.37,5.49,12114534.0,68558223.0,2106190178.0,0.005751870902514483,5.4719999999999995,5.535,5.4885,5.645166666666666,55.952380019841314,10595014.3,5.732333333333333,True,True,5.66
2022-11-30,5.52,5.52,5.45,5.45,9488584.0,53791700.0,2106190178.0,0.004505093651614209,5.454000000000001,5.514,5.4915,5.632499999999999,55.952380019841314,10506800.45,5.707333333333334,False,True,5.66
2022-12-01,5.5,5.55,5.48,5.48,7659768.0,43781097.0,2106190178.0,0.003636788396418018,5.446,5.497,5.4935,5.622,54.32098671543976,10352080.3,5.686333333333334,True,False,5.66
2022-12-02,5.48,5.53,5.44,5.44,6306766.0,35776951.0,2106190178.0,0.0029943953142867615,5.442,5.484,5.4915,5.6125,47.4358965844839,10135266.05,5.672,True,True,5.66
2022-12-05,5.45,5.51,5.43,5.46,13758962.0,77897328.0,2106190178.0,0.00653263040712936,5.464,5.4719999999999995,5.493,5.602166666666667,34.920634144620806,10347203.25,5.6575,True,True,5.66
2022-12-06,5.45,5.57,5.44,5.53,15915494.0,91101265.0,2106190178.0,0.007556532247773117,5.472,5.4719999999999995,5.499499999999999,5.593166666666667,40.57970932157113,10681211.2,5.645166666666666,True,True,5.66
2022-12-07,5.5,5.52,5.43,5.44,12044000.0,68162670.0,2106190178.0,0.005718381998835814,5.470000000000001,5.462000000000001,5.502,5.581333333333333,36.36363570247936,10874403.0,5.632499999999999,False,True,5.66
2022-12-08,5.44,5.45,5.35,5.35,11302868.0,63034632.0,2106190178.0,0.005366499244969891,5.444,5.445,5.502000000000001,5.567166666666667,35.897435253122936,10906078.4,5.622,True,False,5.66
2022-12-09,5.34,5.41,5.32,5.35,14592748.0,81083281.0,2106190178.0,0.0069285044401151885,5.426,5.434,5.4990000000000006,5.554833333333333,35.06493442739081,11033573.6,5.6125,True,True,5.66
2022-12-12,5.33,5.41,5.27,5.39,12786526.0,70875200.0,2106190178.0,0.006070926611262547,5.412,5.438000000000001,5.4945,5.542833333333333,40.78947293282548,11052595.15,5.602166666666667,True,True,5.66
2022-12-13,5.38,5.38,5.33,5.35,6880076.0,38223138.0,2106190178.0,0.0032665977041699034,5.3759999999999994,5.424,5.4795,5.5305,37.97468287133474,10509573.15,5.593166666666667,True,True,5.66
2022-12-14,5.44,5.53,5.38,5.38,17979737.0,101671827.0,2106190178.0,0.008536616107987567,5.363999999999999,5.417,5.4655000000000005,5.519666666666667,41.249999278125046,10764587.35,5.581333333333333,True,True,5.66
2022-12-15,5.35,5.55,5.32,5.44,19238453.0,109275775.0,2106190178.0,0.00913424305219602,5.382,5.413,5.455,5.5125,48.74999914687505,11181722.5,5.567166666666667,True,True,5.65
2022-12-16,5.41,5.44,5.31,5.32,12427712.0,68946440.0,2106190178.0,0.005900564977375941,5.376,5.401000000000001,5.4425,5.504666666666666,48.14814731595799,11278194.3,5.554833333333333,True,True,5.58
2022-12-19,5.32,5.34,5.15,5.18,13488900.0,73058164.0,2106190178.0,0.006404407418141516,5.3340000000000005,5.373,5.4225,5.496666666666667,30.864196997408968,11494153.6,5.542833333333333,True,True,5.58
2022-12-20,5.16,5.23,5.13,5.17,6058722.0,32480654.0,2106190178.0,0.0028766262720649723,5.298,5.337,5.4045000000000005,5.487666666666667,32.05128147600267,11378901.0,5.5305,True,True,5.54
2022-12-21,5.17,5.18,5.07,5.1,8286926.0,44019200.0,2106190178.0,0.0039345573284693194,5.242,5.302999999999999,5.3825,5.476833333333333,26.82926783462227,11329229.75,5.519666666666667,True,True,5.54
2022-12-22,5.11,5.15,5.04,5.05,6866784.0,36208317.0,2106190178.0,0.0032602867830864987,5.164,5.273000000000001,5.359,5.465166666666666,26.50602364929601,11221100.1,5.5125,True,True,5.53
2022-12-23,5.04,5.08,5.0,5.04,4097500.0,21410603.0,2106190178.0,0.0019454558485743731,5.108,5.242,5.338,5.454833333333334,24.39024348602031,11029570.1,5.504666666666666,True,True,5.53
2022-12-26,5.04,5.1,5.04,5.06,5315051.0,27903530.0,2106190178.0,0.0025235380240197854,5.084,5.209,5.3235,5.447,19.480519126328232,10830505.55,5.496666666666667,True,True,5.53
2022-12-27,5.08,5.08,5.02,5.04,5176400.0,27035727.0,2106190178.0,0.002457707786347867,5.058,5.177999999999999,5.301,5.436000000000001,21.428571000000034,10483598.85,5.487666666666667,True,True,5.53
2022-12-28,5.03,5.03,4.97,4.99,6536410.0,33811794.0,2106190178.0,0.0031034282033386255,5.036,5.139,5.2780000000000005,5.426666666666666,22.727272245179122,10335990.15,5.476833333333333,True,True,5.53
2022-12-29,4.95,5.01,4.95,4.97,5271550.0,27191265.0,2106190178.0,0.0025028841436369096,5.0200000000000005,5.092,5.2525,5.417333333333334,22.058823075259554,10216579.25,5.465166666666666,True,True,5.53
2022-12-30,4.99,5.0,4.96,4.98,4966545.0,25611376.0,2106190178.0,0.0023580705350720707,5.008,5.058,5.2295,5.408166666666667,18.46153806390545,10149568.2,5.454833333333334,True,True,5.53
2023-01-03,4.99,5.05,4.95,5.04,6973409.0,36234790.0,2106190178.0,0.0033109113663334156,5.004,5.044,5.2085,5.403833333333333,26.865671080418863,9810290.55,5.447,True,True,5.53
2023-01-04,5.04,5.12,5.03,5.06,7842974.0,41210232.0,2106190178.0,0.0037237729441163504,5.008,5.0329999999999995,5.1850000000000005,5.399333333333333,25.757575211202933,9406664.55,5.436000000000001,True,True,5.53
2023-01-05,5.07,5.09,5.05,5.08,6677894.0,35133827.0,2106190178.0,0.0031706035237241527,5.026,5.031000000000001,5.167,5.3918333333333335,20.967741462018722,9138359.25,5.426666666666666,True,True,5.44
2023-01-06,5.07,5.1,5.04,5.07,5579141.0,29394913.0,2106190178.0,0.0026489255615548693,5.046,5.033,5.153,5.383500000000001,25.490195378700506,8852172.9,5.417333333333334,True,True,5.44
2023-01-09,5.03,5.11,5.03,5.04,7190906.0,37768785.0,2106190178.0,0.00341417696992033,5.058,5.0329999999999995,5.1375,5.373499999999999,32.49999886250005,8482080.8,5.408166666666667,True,True,5.44
2023-01-10,5.05,5.09,5.04,5.08,5454395.0,28679757.0,2106190178.0,0.0025896972918083754,5.066000000000001,5.035,5.122,5.3635,39.53488243374803,8115474.25,5.403833333333333,True,True,5.44
2023-01-11,5.08,5.12,5.02,5.03,8562551.0,45054321.0,2106190178.0,0.0040654215794182665,5.0600000000000005,5.034000000000001,5.106,5.353166666666667,41.46341321832253,8199598.0,5.399333333333333,True,True,5.44
2023-01-12,5.03,5.04,4.99,4.99,7556700.0,39208735.0,2106190178.0,0.003587852644520309,5.042,5.034000000000001,5.086499999999999,5.343333333333334,42.499998512500085,7678446.15,5.3918333333333335,True,True,5.44
2023-01-13,4.99,5.02,4.97,5.01,5843914.0,30235298.0,2106190178.0,0.002774637381297293,5.029999999999999,5.038,5.0649999999999995,5.332166666666667,46.34146183224273,7008719.2,5.383500000000001,True,True,5.44
2023-01-16,5.01,5.11,5.01,5.11,9982147.0,52572990.0,2106190178.0,0.004739432888951589,5.0440000000000005,5.051,5.0545,5.324,55.102039241982624,6886440.95,5.373499999999999,True,True,5.32
2023-01-17,5.09,5.16,5.09,5.14,8466817.0,45021538.0,2106190178.0,0.004019967944224266,5.056,5.061,5.0525,5.318,59.99999832000001,6635336.8,5.3635,False,True,5.18
2023-01-18,5.16,5.18,5.1,5.16,7668101.0,40996577.0,2106190178.0,0.0036407448292639414,5.081999999999999,5.071,5.052,5.313000000000001,68.08510435491175,6715805.75,5.353166666666667,False,False,5.17
2023-01-19,5.18,5.22,5.12,5.21,9245388.0,49594228.0,2106190178.0,0.004389626395836321,5.1259999999999994,5.084,5.0575,5.305000000000001,73.99999792800008,6763728.85,5.343333333333334,False,False,5.16
2023-01-20,5.23,5.25,5.18,5.2,9831358.0,53003979.0,2106190178.0,0.004667839638933118,5.164,5.0969999999999995,5.065,5.2975,71.99999798400006,6911957.55,5.332166666666667,False,False,5.21
2023-01-30,5.25,5.3,5.23,5.26,10965760.0,59818353.0,2106190178.0,0.005206443423078198,5.194,5.119,5.076,5.296333333333333,71.99999798400006,7255370.55,5.324,False,False,5.21
2023-01-31,5.21,5.25,5.18,5.2,8867026.0,47823000.0,2106190178.0,0.004209983548788537,5.2059999999999995,5.131,5.083,5.296833333333334,62.96296133058996,7432969.3,5.318,False,False,5.26
2023-02-01,5.2,5.34,5.19,5.31,17903135.0,98177805.0,2106190178.0,0.008500246172926555,5.236,5.159000000000001,5.096500000000001,5.295333333333333,68.25396673721346,8069306.05,5.313000000000001,False,False,5.26
2023-02-02,5.34,5.42,5.32,5.35,16807602.0,93603106.0,2106190178.0,0.00798009703756201,5.264,5.194999999999999,5.1145,5.294666666666667,71.21211970156111,8582865.65,5.305000000000001,False,False,5.31
2023-02-03,5.34,5.41,5.29,5.4,12084803.0,66921239.0,2106190178.0,0.005737754893281057,5.303999999999999,5.234,5.136,5.294,76.47058666089976,8923528.3,5.2975,False,False,5.35
2023-02-06,5.38,5.43,5.35,5.4,8910543.0,49890194.0,2106190178.0,0.004230645025826343,5.332,5.263,5.157,5.292666666666666,74.9999983593751,9120728.2,5.296333333333333,False,False,5.4
2023-02-07,5.47,5.49,5.4,5.44,10911515.0,61423180.0,2106190178.0,0.005180688388909579,5.380000000000001,5.293,5.1770000000000005,5.292833333333333,82.53968070546748,9317633.5,5.296833333333334,False,False,5.4
2023-02-08,5.44,5.48,5.38,5.38,9295809.0,52176586.0,2106190178.0,0.004413565829476582,5.394,5.3149999999999995,5.193,5.2925,79.99999827692312,9390275.25,5.295333333333333,False,False,5.44
2023-02-09,5.38,5.51,5.36,5.51,16371690.0,92701484.0,2106190178.0,0.007773129972311551,5.426,5.345000000000001,5.214499999999999,5.2945,82.894735315097,9874965.05,5.294666666666667,False,False,5.44
2023-02-10,5.5,5.55,5.48,5.51,9922429.0,56727999.0,2106190178.0,0.00471107932400585,5.448,5.3759999999999994,5.2365,5.297166666666667,80.30302859963273,10092129.45,5.294,False,False,5.51
2023-02-13,5.52,5.56,5.48,5.54,16310969.0,93473111.0,2106190178.0,0.0077443001920598645,5.476,5.404,5.2615,5.299333333333333,80.30302859963275,10548132.6,5.292666666666666,False,False,5.51
2023-02-14,5.53,5.61,5.5,5.52,11923426.0,68523072.0,2106190178.0,0.005661134556862415,5.491999999999999,5.436,5.2835,5.3,77.2727256336088,10871584.15,5.292833333333333,False,False,5.54
2023-02-15,5.52,5.94,5.52,5.74,48770476.0,289929065.0,2106190178.0,0.023155779810117412,5.564,5.479,5.319,5.3015,81.9277094614603,12881980.4,5.2925,False,False,5.54
2023-02-16,5.73,5.82,5.55,5.59,39530224.0,234173668.0,2106190178.0,0.01876859194051374,5.58,5.503,5.349,5.300333333333334,70.10309177170791,14480656.6,5.2945,False,False,5.74
2023-02-17,5.59,5.65,5.47,5.47,22081274.0,126379005.0,2106190178.0,0.010483988687559058,5.572,5.51,5.372,5.297333333333333,60.194173939108296,15292524.6,5.297166666666667,False,False,5.74
2023-02-20,5.48,5.5,5.4,5.5,15617473.0,88179416.0,2106190178.0,0.007415034579085384,5.564,5.52,5.3915,5.296166666666666,64.99999908999996,15574290.9,5.299333333333333,False,False,5.74
2023-02-21,5.51,5.54,5.44,5.47,13032277.0,74117426.0,2106190178.0,0.006187606957874628,5.554,5.523,5.4079999999999995,5.294333333333333,58.69565128071833,15802563.9,5.3,False,False,5.74
2023-02-22,5.48,5.53,5.43,5.51,11103274.0,63123897.0,2106190178.0,0.005271733823459127,5.508,5.536,5.4255,5.2940000000000005,58.69565128071833,15974322.55,5.3015,False,False,5.74
2023-02-23,5.51,5.54,5.46,5.49,8882600.0,50615871.0,2106190178.0,0.0042173779427813855,5.4879999999999995,5.534,5.4395,5.293166666666667,55.05617890922863,15956183.15,5.300333333333334,False,False,5.74
2023-02-24,5.49,5.52,5.44,5.46,6401324.0,36308156.0,2106190178.0,0.00303929059534338,5.486,5.529,5.452500000000001,5.292166666666668,53.26086875472588,15784681.45,5.297333333333333,False,False,5.74
2023-02-27,5.45,5.47,5.37,5.47,12184900.0,68545086.0,2106190178.0,0.005785280041316383,5.4799999999999995,5.522,5.463,5.292333333333333,51.685392445398286,15845638.45,5.296166666666666,False,False,5.74
2023-02-28,5.47,5.5,5.4,5.47,10096200.0,57051160.0,2106190178.0,0.00479358421924993,5.4799999999999995,5.517,5.4765,5.294333333333333,55.42168581216431,15907097.15,5.294333333333333,False,False,5.74
2023-03-01,5.48,5.55,5.45,5.55,10955155.0,62711574.0,2106190178.0,0.005201408265232163,5.4879999999999995,5.497999999999999,5.4885,5.295333333333334,52.56410162064433,15559698.15,5.2940000000000005,True,False,5.74
2023-03-02,5.55,5.57,5.5,5.51,9049233.0,51887994.0,2106190178.0,0.0042964937803446545,5.492,5.49,5.4965,5.296333333333334,49.99999914634147,15171779.7,5.293166666666667,False,True,5.74
2023-03-03,5.56,5.6,5.5,5.57,15412237.0,88812977.0,2106190178.0,0.007317590387129799,5.514,5.5,5.505,5.297833333333333,51.76470502975781,15338151.4,5.292166666666668,False,False,5.74
2023-03-06,5.57,5.58,5.5,5.52,12274073.0,70396659.0,2106190178.0,0.005827618573197999,5.524,5.502000000000001,5.511,5.299166666666666,49.99999920454547,15506327.9,5.292333333333333,False,False,5.74
2023-03-07,5.54,5.56,5.4,5.4,13432933.0,76014250.0,2106190178.0,0.006377834793986016,5.51,5.495,5.5089999999999995,5.298166666666666,28.205127698882364,15632398.8,5.294333333333333,False,False,5.74
2023-03-08,5.41,5.51,5.39,5.5,10414524.0,58984295.0,2106190178.0,0.004944721568253368,5.5,5.494,5.515,5.297666666666667,43.83561559767314,15688334.55,5.295333333333334,True,False,5.74
2023-03-09,5.51,5.56,5.5,5.54,10476760.0,60069573.0,2106190178.0,0.004974270656768773,5.506,5.4990000000000006,5.516499999999999,5.299333333333333,55.384614191716025,15393588.05,5.296333333333334,True,True,5.74
2023-03-10,5.51,5.58,5.5,5.55,14480655.0,83217895.0,2106190178.0,0.006875283700045818,5.502,5.508,5.5185,5.302666666666666,53.96825276895945,15621499.35,5.297833333333333,False,True,5.74
2023-03-13,5.54,5.55,5.4,5.49,12864200.0,72749106.0,2106190178.0,0.006107805522203893,5.496,5.51,5.516,5.305000000000001,51.51515042240594,15449160.9,5.299166666666666,False,False,5.74
2023-03-14,5.49,5.53,5.37,5.5,14733334.0,83562047.0,2106190178.0,0.0069952533982427486,5.516,5.513,5.515,5.3068333333333335,49.206348112874814,15589656.3,5.298166666666666,True,False,5.74
2023-03-15,5.55,5.74,5.53,5.64,36582192.0,214793126.0,2106190178.0,0.017368893076283257,5.544,5.522,5.51,5.3116666666666665,59.99999888,14980242.1,5.297666666666667,True,True,5.74
2023-03-16,5.59,5.71,5.56,5.57,22365840.0,130565314.0,2106190178.0,0.010619098044241283,5.55,5.5280000000000005,5.509,5.3148333333333335,56.96202430700214,14122022.9,5.299333333333333,False,True,5.64
2023-03-17,5.62,5.7,5.57,5.66,23683100.0,138767867.0,2106190178.0,0.01124452114883996,5.572,5.537000000000001,5.5185,5.3185,60.919539249570676,14202114.2,5.302666666666666,False,False,5.64
2023-03-20,5.68,5.71,5.64,5.66,18583595.0,109323857.0,2106190178.0,0.008823322411296517,5.606,5.551,5.5265,5.324166666666668,60.919539249570676,14350420.3,5.305000000000001,False,False,5.66
2023-03-21,5.66,5.68,5.61,5.65,14260069.0,83498419.0,2106190178.0,0.006770551467266409,5.636,5.576,5.535500000000001,5.332,56.249999015625065,14411809.9,5.3068333333333335,False,False,5.66
2023-03-22,5.67,5.76,5.63,5.75,24816461.0,146960420.0,2106190178.0,0.011782630675623632,5.6579999999999995,5.601,5.5475,5.341666666666667,63.953487330989795,15097469.25,5.3116666666666665,False,False,5.66
2023-03-23,5.71,5.85,5.71,5.84,23851728.0,143260763.0,2106190178.0,0.01132458419431486,5.712,5.631,5.5649999999999995,5.353999999999999,65.16853830071966,15845925.65,5.3148333333333335,False,False,5.75
2023-03-24,5.84,5.85,5.74,5.83,18849424.0,113338771.0,2106190178.0,0.008949535610264346,5.7459999999999996,5.659000000000001,5.583499999999999,5.367000000000001,68.23529299377176,16468330.65,5.3185,False,False,5.84
2023-03-27,5.8,5.86,5.76,5.83,18469500.0,111360554.0,2106190178.0,0.008769151139778983,5.78,5.693,5.6015,5.380166666666667,79.45205327078264,16782560.65,5.324166666666668,False,False,5.84
2023-03-28,5.83,5.83,5.7,5.71,15537585.0,92568792.0,2106190178.0,0.007377104481018048,5.792,5.714,5.6135,5.391,63.999998805333405,17054629.9,5.332,False,False,5.84
2023-03-29,5.72,5.8,5.64,5.73,16213526.0,96414600.0,2106190178.0,0.007698035139161113,5.788,5.723000000000001,5.6225000000000005,5.4025,63.01369742165519,17317548.45,5.341666666666667,False,False,5.84
2023-03-30,5.78,5.87,5.74,5.85,26159049.0,157969812.0,2106190178.0,0.012420079284977086,5.79,5.7509999999999994,5.6395,5.416833333333334,67.85714172619055,18173039.25,5.353999999999999,False,False,5.84
2023-03-31,5.87,5.9,5.73,5.78,17999272.0,108009342.0,2106190178.0,0.008545891148866615,5.779999999999999,5.763,5.65,5.4303333333333335,67.05882242491359,18302391.0,5.367000000000001,False,False,5.85
2023-04-03,6.1,6.36,6.1,6.36,28225072.0,184509917.0,2106190178.0,0.01340100827305254,5.886,5.833,5.692,5.453333333333333,80.28168934933552,19099940.95,5.380166666666667,False,False,5.85
2023-04-04,6.93,6.99,6.63,6.99,159490378.0,1128852596.0,2106190178.0,0.0757245853987645,6.142,5.9670000000000005,5.7715000000000005,5.485833333333334,85.34031351059463,26402813.2,5.391,False,False,6.36
2023-04-06,7.1,7.7,7.07,7.7,254723204.0,1994680429.0,2106190178.0,0.12094026772163591,6.536,6.162000000000001,5.8815,5.529833333333333,91.76470537854675,38618247.2,5.4025,False,False,6.99
2023-04-07,8.01,8.08,7.53,7.76,349078772.0,2831381932.0,2106190178.0,0.1657394359000757,6.918000000000001,6.354,5.992500000000001,5.5745000000000005,91.66666615740743,55548347.8,5.416833333333334,False,False,7.7
2023-04-10,7.67,7.75,7.23,7.23,244179149.0,1866815041.0,2106190178.0,0.11593404600902094,7.208,6.494,6.0765,5.6105,75.73770457038434,67033272.5,5.4303333333333335,False,False,7.76
2023-04-11,7.2,7.49,7.1,7.12,166230289.0,1250814466.0,2106190178.0,0.0789246340317897,7.360000000000001,6.623,6.1579999999999995,5.645166666666667,73.33333300740742,74701576.95,5.453333333333333,False,False,7.76
2023-04-12,7.15,7.3,6.95,7.26,155084242.0,1143386966.0,2106190178.0,0.07363259197574702,7.414,6.7780000000000005,6.246,5.6815,73.66771127543953,81719122.35,5.485833333333334,False,False,7.76
2023-04-13,7.15,7.22,6.97,7.03,95679220.0,703601297.0,2106190178.0,0.04542762614668313,7.279999999999999,6.9079999999999995,6.3155,5.714833333333333,67.86786758253751,84673973.75,5.529833333333333,False,False,7.76
2023-04-14,7.07,7.16,6.78,6.98,106293931.0,769255135.0,2106190178.0,0.05046739468747062,7.1240000000000006,7.021000000000001,6.386000000000001,5.748,67.0623142614622,88870378.3,5.5745000000000005,False,False,7.76
2023-04-17,7.0,7.08,6.87,6.91,69543977.0,501876871.0,2106190178.0,0.03301884973466057,7.06,7.134,6.4485,5.7796666666666665,65.6976741512304,91163422.15,5.6105,False,False,7.76
2023-04-18,6.91,6.94,6.71,6.77,66079741.0,464710884.0,2106190178.0,0.0313740618915753,6.99,7.175,6.5040000000000004,5.807333333333333,65.31791881085235,93538229.45,5.645166666666667,False,False,7.76
2023-04-19,6.88,7.45,6.85,7.06,241400023.0,1803129118.0,2106190178.0,0.11461454218214477,6.95,7.1819999999999995,6.5745000000000005,5.839333333333333,67.82841797597914,104895227.15,5.6815,False,False,7.76
2023-04-20,6.75,7.11,6.56,6.9,173131533.0,1230751346.0,2106190178.0,0.08220128211043248,6.9239999999999995,7.102000000000001,6.632,5.868333333333333,63.925729205580865,112310980.75,5.714833333333333,False,False,7.76
2023-04-21,6.9,7.11,6.64,6.66,104213442.0,739937017.0,2106190178.0,0.04947959737375625,6.860000000000001,6.992,6.673,5.8925,61.16751247300885,116329066.45,5.748,False,False,7.76
2023-04-24,6.58,6.8,6.46,6.52,59772893.0,407276186.0,2106190178.0,0.028379627644432023,6.781999999999999,6.920999999999999,6.7075000000000005,5.9145,52.285714076571416,118375239.9,5.7796666666666665,True,False,7.76
2023-04-25,6.53,6.64,6.31,6.38,82151798.0,550101529.0,2106190178.0,0.03900492883221488,6.704000000000001,6.8469999999999995,6.735000000000001,5.933166666666667,39.86710944912307,121559354.8,5.807333333333333,True,True,7.76
2023-04-26,6.39,6.4,6.1,6.16,57577806.0,371024812.0,2106190178.0,0.02733742023936074,6.523999999999999,6.737,6.7575,5.949166666666668,19.44444433641975,123661365.85,5.839333333333333,True,True,7.76
2023-04-27,6.25,6.78,6.23,6.52,168322838.0,1157353520.0,2106190178.0,0.07991815732415784,6.448,6.686,6.797,5.969333333333334,28.014184258085592,131266831.45,5.868333333333333,True,True,7.76
2023-04-28,6.37,6.52,6.34,6.37,119690233.0,794913793.0,2106190178.0,0.05682783741478449,6.39,6.625,6.822999999999999,5.9863333333333335,32.377048994557896,135943390.65,5.8925,True,True,7.76
2023-05-04,6.3,6.4,6.26,6.29,71030464.0,465063481.0,2106190178.0,0.033724620284503105,6.343999999999999,6.563,6.8485,6.001166666666667,32.78008279712813,138594950.25,5.9145,True,True,7.76
2023-05-05,6.28,6.37,6.21,6.28,50167965.0,326737258.0,2106190178.0,0.02381929491649163,6.324,6.514,6.844500000000001,6.015833333333333,28.50877175477069,139692094.9,5.933166666666667,True,True,7.76
2023-05-08,6.31,6.38,6.22,6.35,53264331.0,349314202.0,2106190178.0,0.025289421418999706,6.362,6.4430000000000005,6.8125,6.031000000000001,33.962263926664264,134380792.55,5.949166666666668,True,True,7.76
2023-05-09,6.33,6.46,6.18,6.33,77420281.0,508319134.0,2106190178.0,0.03675844746057875,6.324,6.386,6.744,6.046833333333334,34.449760534786265,125515646.4,5.969333333333334,True,True,7.76
2023-05-10,6.3,6.42,6.17,6.24,51974434.0,338083862.0,2106190178.0,0.02467699001870476,6.298,6.343999999999999,6.668000000000001,6.059,34.12322252240514,110660429.5,5.9863333333333335,True,True,7.76
2023-05-11,6.32,6.4,6.28,6.35,42254428.0,277630648.0,2106190178.0,0.020062019299759547,6.3100000000000005,6.327,6.624,6.0729999999999995,39.90384588526256,100564193.45,6.001166666666667,True,True,7.26
2023-05-12,6.32,6.55,6.16,6.18,70441458.0,461778909.0,2106190178.0,0.033444965576133266,6.29,6.307,6.577,6.083666666666667,27.551020211370215,95774751.9,6.015833333333333,True,True,7.26
2023-05-15,6.16,6.31,6.11,6.31,41987065.0,270968534.0,2106190178.0,0.019935077771500272,6.281999999999999,6.322,6.5295000000000005,6.0968333333333335,34.71502565491687,90119893.05,6.031000000000001,True,True,7.26
2023-05-16,6.27,6.37,6.17,6.3,42192062.0,274348944.0,2106190178.0,0.020032408488422835,6.276,6.3,6.492999999999999,6.106166666666667,39.411764381314846,87445535.15,6.046833333333334,True,True,7.06
2023-05-17,6.47,6.62,6.32,6.37,95869299.0,640739700.0,2106190178.0,0.045517873932464994,6.302,6.3,6.4625,6.119166666666667,45.39877261620687,86924303.55,6.059,True,True,7.06
2023-05-18,6.38,6.72,6.36,6.46,80608260.0,544369658.0,2106190178.0,0.03827207098484532,6.324,6.316999999999999,6.44,6.135666666666666,52.53164510414999,87477517.7,6.0729999999999995,True,True,7.06
2023-05-19,6.42,6.55,6.4,6.48,63516412.0,426427425.0,2106190178.0,0.030157016523699693,6.384,6.337000000000001,6.4254999999999995,6.152,61.594202273682036,87349351.25,6.083666666666667,False,True,7.06
2023-05-22,6.66,6.81,6.56,6.62,87844514.0,604666672.0,2106190178.0,0.04170777877400205,6.446,6.364,6.403499999999999,6.171166666666666,54.310344172116565,79671575.8,6.0968333333333335,False,False,7.06
2023-05-23,6.51,6.6,6.47,6.55,62728317.0,424499196.0,2106190178.0,0.029782836163240334,6.496,6.386,6.386,6.1885,58.3333325771605,74151415.0,6.106166666666667,False,False,6.9
2023-05-24,6.71,6.73,6.43,6.43,65502591.0,445614864.0,2106190178.0,0.03110003630450887,6.508,6.404999999999999,6.374499999999999,6.204166666666667,56.249999296875,72215872.45,6.119166666666667,False,False,6.66
2023-05-25,6.35,6.49,6.28,6.36,65111958.0,428395256.0,2106190178.0,0.030914567297920425,6.4879999999999995,6.406000000000001,6.3665,6.219166666666666,53.38982987503593,72482825.7,6.135666666666666,False,False,6.62
2023-05-26,6.44,6.46,6.29,6.41,39213340.0,259440444.0,2106190178.0,0.018618138290454035,6.473999999999999,6.428999999999999,6.367999999999999,6.2348333333333334,52.586206261890645,70335902.8,6.152,True,False,6.62
2023-05-29,6.49,6.6,6.41,6.44,47557439.0,320041487.0,2106190178.0,0.02257984084094423,6.438000000000001,6.442,6.382,6.251,54.70085404631458,69834884.45,6.171166666666666,False,True,6.62
2023-05-30,6.44,6.84,6.3,6.79,124418427.0,857747435.0,2106190178.0,0.05907274105614977,6.486,6.491,6.3955,6.2716666666666665,69.2307685529855,67639663.9,6.1885,False,False,6.62
2023-05-31,6.75,7.04,6.66,6.9,120471210.0,859766588.0,2106190178.0,0.0571986382133817,6.580000000000001,6.544,6.422,6.294833333333333,69.23076855298551,67678712.75,6.204166666666667,False,False,6.79
2023-06-01,6.83,6.93,6.72,6.81,79403575.0,561480229.0,2106190178.0,0.03770009746954579,6.67,6.579000000000001,6.448,6.3155,73.3333325728395,68097368.3,6.219166666666666,False,False,6.9
2023-06-02,6.77,6.83,6.67,6.68,51585745.0,358938600.0,2106190178.0,0.024492444005690353,6.723999999999999,6.598999999999999,6.468000000000001,6.334833333333334,63.70370304307271,68168257.3,6.2348333333333334,False,False,6.9
2023-06-05,6.75,6.83,6.68,6.71,37826192.0,264077628.0,2106190178.0,0.017959532997119502,6.7780000000000005,6.608,6.486,6.3566666666666665,64.96350298577443,67396350.35,6.251,False,False,6.9
2023-06-06,6.67,6.68,6.51,6.54,38440328.0,262881069.0,2106190178.0,0.01825111920163935,6.728,6.607000000000001,6.4965,6.374,55.78231239390994,65447352.7,6.2716666666666665,False,False,6.9
2023-06-07,6.55,6.66,6.51,6.61,30683195.0,209807438.0,2106190178.0,0.014568102786015367,6.67,6.625,6.515000000000001,6.391833333333334,55.1724132604043,64382790.75,6.294833333333333,False,False,6.9
2023-06-08,6.57,6.58,6.47,6.52,30831005.0,208413595.0,2106190178.0,0.014638281633843987,6.612,6.641,6.5235,6.408,51.31578900103876,63811619.6,6.3155,False,False,6.9
2023-06-09,6.52,6.73,6.48,6.73,63829127.0,438915175.0,2106190178.0,0.030305490770359104,6.622,6.673,6.551,6.428666666666667,53.45911902614613,63481003.05,6.334833333333334,True,False,6.9
2023-06-12,6.68,6.77,6.61,6.68,51302471.0,354829810.0,2106190178.0,0.024357948078893757,6.616,6.697,6.5695,6.448333333333333,54.14012690575682,63946773.35,6.3566666666666665,False,True,6.9
2023-06-13,6.68,6.87,6.6,6.84,68025383.0,478003904.0,2106190178.0,0.032297835072327453,6.676,6.702,6.596500000000001,6.468333333333334,62.732918709154724,65238439.4,6.374,False,False,6.9
2023-06-14,6.8,6.81,6.61,6.63,57587880.0,398182142.0,2106190178.0,0.027342203283221275,6.68,6.675,6.6095,6.486000000000001,57.71428525257141,63324368.45,6.391833333333334,False,False,6.9
2023-06-15,6.61,6.67,6.53,6.6,34655479.0,236446588.0,2106190178.0,0.016454107213104665,6.696,6.654000000000001,6.6165,6.501666666666667,55.49132903070598,61026729.4,6.408,False,False,6.9
2023-06-16,6.58,7.25,6.53,7.12,162603944.0,1181595977.0,2106190178.0,0.07720287830532271,6.774000000000001,6.698,6.6485,6.526,65.31531490341689,65981106.0,6.428666666666667,True,False,6.9
2023-06-19,7.13,7.23,7.02,7.17,107241404.0,792304103.0,2106190178.0,0.05091724627727326,6.872,6.744,6.675999999999999,6.551333333333333,59.895832896592864,66950950.5,6.448333333333333,False,True,7.12
2023-06-20,7.09,7.12,6.91,6.95,77090858.0,559472932.0,2106190178.0,0.0366020404070083,6.894,6.785000000000001,6.696,6.571333333333333,51.23152674027517,67669077.55,6.468333333333334,False,False,7.17
2023-06-21,6.96,7.08,6.82,6.93,70700447.0,509230687.0,2106190178.0,0.03356793120511836,6.953999999999999,6.817,6.721000000000001,6.5895,53.06122411078717,67928970.35,6.486000000000001,False,False,7.17
2023-06-26,6.86,6.98,6.76,6.95,63315750.0,451462144.0,2106190178.0,0.030061744025472327,7.024000000000001,6.859999999999999,6.7505,6.608166666666666,57.297296863696126,67839159.95,6.501666666666667,False,False,7.17
2023-06-27,6.94,6.98,6.87,6.98,34892179.0,250711277.0,2106190178.0,0.016566490226980823,6.996,6.885,6.778999999999999,6.6273333333333335,57.297296863696126,67623101.9,6.526,False,False,7.17
2023-06-28,6.94,6.95,6.68,6.82,42981550.0,303414878.0,2106190178.0,0.020407250232652066,6.925999999999999,6.899000000000001,6.798,6.645833333333333,57.608695213846865,67394307.45,6.551333333333333,False,False,7.17
2023-06-29,6.78,7.13,6.76,7.06,73641649.0,534208369.0,2106190178.0,0.03496438724727544,6.948,6.920999999999999,6.8115,6.668,61.194029424519165,64855468.55,6.571333333333333,False,False,7.17
2023-06-30,6.98,7.09,6.95,7.0,46515417.0,338188007.0,2106190178.0,0.02208509824320337,6.962000000000001,6.958,6.8165,6.687166666666666,62.121211681971225,61157678.9,6.5895,False,False,7.17
2023-07-03,6.98,7.03,6.88,6.89,33116917.0,237820945.0,2106190178.0,0.015723611925418445,6.95,6.987,6.8205,6.705666666666667,54.25531874490718,58843346.0,6.608166666666666,False,False,7.17
2023-07-04,6.91,7.01,6.87,6.93,31599333.0,227294362.0,2106190178.0,0.015003076801927808,6.94,6.967999999999999,6.833,6.715166666666666,56.68449155423375,57844025.4,6.6273333333333335,False,False,7.17
2023-07-05,6.93,6.99,6.83,6.84,29414838.0,209933086.0,2106190178.0,0.013965898382420431,6.944,6.935,6.839500000000001,6.712666666666666,49.999999611111114,57423457.7,6.645833333333333,False,False,7.17
2023-07-06,6.8,7.2,6.79,6.94,53756780.0,390348261.0,2106190178.0,0.025523231739237557,6.92,6.934,6.8595,6.7,59.17159714295719,58189280.3,6.668,False,False,7.17
2023-07-07,6.9,6.98,6.8,6.93,40966855.0,292182060.0,2106190178.0,0.01945069131359324,6.906000000000001,6.934,6.8755,6.686166666666667,59.88023901896805,58703463.3,6.687166666666666,False,False,7.17
2023-07-10,6.88,7.03,6.84,7.0,58553629.0,421849307.0,2106190178.0,0.027800732152118125,6.928,6.939,6.899499999999999,6.682333333333333,45.08196669578071,60089594.5,6.705666666666667,False,False,7.17
2023-07-11,7.0,7.14,6.94,7.07,60074671.0,440459561.0,2106190178.0,0.02852290910265559,6.956,6.948,6.916500000000001,6.6815,45.96774141649326,59901871.7,6.715166666666666,False,False,7.17
2023-07-12,7.07,7.25,6.88,6.89,64555895.0,473195996.0,2106190178.0,0.03065055362726129,6.965999999999999,6.955,6.927,6.675333333333333,47.499999445833325,60564542.9,6.712666666666666,False,False,7.17
2023-07-13,6.93,7.27,6.89,7.24,117507458.0,873324692.0,2106190178.0,0.055791475635682125,7.025999999999999,6.973000000000001,6.947,6.678833333333333,60.130718404032635,63038646.65,6.7,True,False,7.17
2023-07-14,7.45,7.58,7.29,7.32,128191310.0,982781071.0,2106190178.0,0.060864071696378405,7.103999999999999,7.005,6.9815,6.6845,61.6352195830861,66568818.15,6.686166666666667,False,True,7.24
2023-07-17,7.5,7.61,7.33,7.4,100485589.0,775624682.0,2106190178.0,0.04770964656924727,7.184,7.056,7.0215000000000005,6.692666666666666,62.80487751264127,69860323.65,6.682333333333333,False,False,7.32
2023-07-18,7.39,7.98,7.38,7.47,144585269.0,1145063837.0,2106190178.0,0.06864777478798023,7.264,7.109999999999999,7.039,6.7043333333333335,70.96774129448488,68959389.9,6.6815,False,False,7.4
2023-07-19,7.34,7.76,7.3,7.64,102764970.0,807418312.0,2106190178.0,0.04879187600123734,7.414,7.1899999999999995,7.0625,6.7139999999999995,69.59459393626733,68735568.2,6.675333333333333,False,False,7.47
2023-07-20,7.72,7.72,7.29,7.3,89154637.0,690201938.0,2106190178.0,0.04232981329571085,7.426,7.225999999999999,7.08,6.720666666666667,58.522726807205565,69338757.15,6.678833333333333,False,False,7.64
2023-07-21,7.31,7.61,7.3,7.42,69456541.0,537297611.0,2106190178.0,0.032977335914629834,7.446,7.275,7.104499999999999,6.733333333333333,64.97175089852851,69276561.85,6.6845,False,False,7.64
2023-07-24,7.31,7.4,7.15,7.21,63989148.0,481411682.0,2106190178.0,0.0303814672902724,7.4079999999999995,7.296000000000001,7.1175,6.744833333333333,57.21649443245829,69310231.75,6.692666666666666,False,False,7.64
2023-07-25,7.28,7.31,7.19,7.25,67771609.0,509530158.0,2106190178.0,0.03217734547805873,7.364,7.314,7.131,6.759333333333333,60.84656039584558,70954203.25,6.7043333333333335,False,False,7.64
2023-07-26,7.22,7.22,7.04,7.06,48276632.0,356332362.0,2106190178.0,0.022921307156527817,7.247999999999999,7.331,7.142999999999999,6.774333333333333,53.03030265534128,71218957.35,6.7139999999999995,False,False,7.64
2023-07-27,7.04,7.08,6.95,6.97,43336385.0,314641884.0,2106190178.0,0.020575722673415675,7.1819999999999995,7.304,7.1385000000000005,6.781833333333334,50.97087344000378,69703694.15,6.720666666666667,True,False,7.64
2023-07-28,7.01,7.03,6.89,6.93,38652493.0,277952838.0,2106190178.0,0.018351853219970717,7.0840000000000005,7.264999999999999,7.135000000000001,6.791166666666666,48.27586173602854,69310547.95,6.733333333333333,True,True,7.64
2023-07-31,6.9,6.99,6.88,6.95,29945200.0,215742655.0,2106190178.0,0.014217709451306728,7.031999999999999,7.220000000000001,7.138,6.8021666666666665,46.969696637588,69151962.1,6.744833333333333,True,True,7.64
2023-08-01,6.93,6.98,6.89,6.96,25580589.0,183969020.0,2106190178.0,0.01214543172178823,6.973999999999999,7.169,7.1395,6.8135,51.933701255761434,68851024.9,6.759333333333333,True,True,7.64
2023-08-02,6.95,6.98,6.9,6.94,22801037.0,163908095.0,2106190178.0,0.01082572563397454,6.95,7.099000000000001,7.144499999999999,6.823333333333333,39.8648644877648,68520334.85,6.774333333333333,True,True,7.64
2023-08-03,6.91,6.98,6.86,6.93,20859699.0,149773126.0,2106190178.0,0.00990399595339866,6.942,7.062,7.144,6.833333333333333,36.17021240682057,66875480.8,6.781833333333334,True,True,7.64
2023-08-04,6.93,6.98,6.92,6.98,32254226.0,232719043.0,2106190178.0,0.015314014060509971,6.952,7.017999999999999,7.1465000000000005,6.845666666666667,34.78260834278515,66439849.35,6.791166666666666,True,True,7.64
2023-08-07,6.96,6.97,6.87,6.89,27884936.0,199441135.0,2106190178.0,0.013239514784215273,6.94,6.986,7.141000000000001,6.854666666666668,29.28571399285717,64906414.7,6.8021666666666665,True,True,7.64
2023-08-08,6.88,6.92,6.57,6.61,55457940.0,385193443.0,2106190178.0,0.026330927083071793,6.87,6.922,7.117999999999999,6.861833333333334,15.894039587737439,64675578.15,6.8135,True,True,7.64
2023-08-09,6.59,6.64,6.53,6.54,19720332.0,134587572.0,2106190178.0,0.009363034832270498,6.790000000000001,6.87,7.100499999999999,6.865666666666667,19.354838491155107,62433800.0,6.823333333333333,True,True,7.64
2023-08-10,6.56,6.68,6.56,6.67,19931578.0,137403791.0,2106190178.0,0.009463332517734303,6.7379999999999995,6.840000000000001,7.072,6.871833333333333,19.999999776000053,57555006.0,6.833333333333333,True,True,7.64
2023-08-11,6.68,6.68,6.54,6.56,25795700.0,176533429.0,2106190178.0,0.012247564474208654,6.653999999999999,6.803,7.034000000000001,6.875,21.73913017013237,52435225.5,6.845666666666667,True,True,7.64
2023-08-14,6.56,6.68,6.47,6.68,21778739.0,149178683.0,2106190178.0,0.010340347812599095,6.611999999999999,6.776000000000001,6.998,6.878666666666667,26.82926798730918,48499883.0,6.854666666666668,True,True,7.64
2023-08-15,6.66,6.67,6.55,6.57,16766336.0,114589306.0,2106190178.0,0.00796050431491472,6.603999999999999,6.737,6.953,6.880166666666667,28.695651824574725,42108936.35,6.861833333333334,True,True,7.64
2023-08-16,6.55,6.59,6.44,6.46,16146392.0,109167203.0,2106190178.0,0.007666160524655148,6.587999999999999,6.689,6.894,6.8774999999999995,28.205127867630992,37778007.45,6.865666666666667,True,True,7.64
2023-08-17,6.46,6.58,6.42,6.56,18453196.0,124838207.0,2106190178.0,0.008761410148404937,6.566,6.651999999999999,6.856999999999999,6.877666666666666,34.959349195584664,34242935.4,6.871833333333333,True,True,7.42
2023-08-18,6.54,6.59,6.43,6.44,12537912.0,84731321.0,2106190178.0,0.005952886938208863,6.542,6.597999999999999,6.808000000000002,6.877833333333332,30.827067344677488,31397003.95,6.875,True,True,7.42
2023-08-21,6.44,6.49,6.3,6.33,21624714.0,143401771.0,2106190178.0,0.010267218139120958,6.4719999999999995,6.542,6.764,6.877333333333334,27.972027698175964,29278782.25,6.878666666666667,True,True,7.25
2023-08-22,6.4,6.43,6.27,6.41,26913017.0,177505930.0,2106190178.0,0.012778056455260898,6.44,6.522,6.7219999999999995,6.8773333333333335,32.214764797982085,27235852.65,6.880166666666667,True,True,7.25
2023-08-23,6.46,6.47,6.29,6.32,17533846.0,115331047.0,2106190178.0,0.008324911104015223,6.412000000000001,6.5,6.685,6.875333333333333,30.573248135015646,25698713.35,6.8774999999999995,True,True,7.06
2023-08-24,6.37,6.38,6.22,6.22,28851449.0,188380853.0,2106190178.0,0.013698406393385052,6.343999999999999,6.455,6.647499999999999,6.865833333333333,26.543209647157425,24974466.55,6.877666666666666,True,True,6.98
2023-08-25,6.22,6.22,6.08,6.08,31169293.0,198252228.0,2106190178.0,0.014798897709036795,6.272,6.407000000000001,6.6049999999999995,6.852166666666666,25.748502778156265,24600306.55,6.877833333333332,True,True,6.98
2023-08-28,6.4,6.51,6.13,6.16,31999727.0,208320076.0,2106190178.0,0.015193180242814712,6.238,6.355,6.5655,6.841333333333334,34.693877220602516,24703032.9,6.877333333333334,True,True,6.98
2023-08-29,6.31,6.43,6.25,6.39,60425662.0,396525227.0,2106190178.0,0.02868955644707218,6.234,6.337000000000001,6.537000000000001,6.8365,45.39877261620685,26445286.55,6.8773333333333335,True,True,6.98
2023-08-30,6.41,6.59,6.4,6.52,57460253.0,388337357.0,2106190178.0,0.02728160714079638,6.273999999999999,6.343,6.516,6.833333333333333,45.39877261620685,28178247.35,6.875333333333333,True,True,6.98
2023-08-31,6.52,6.63,6.45,6.58,43225256.0,294119518.0,2106190178.0,0.02052295963180586,6.346,6.345,6.4985,6.834,50.632910943759036,29296525.2,6.865833333333333,False,True,6.98
2023-09-01,6.58,6.62,6.53,6.6,28022771.0,190993729.0,2106190178.0,0.013304957592485744,6.45,6.361,6.4795,6.833833333333333,47.29729684989043,29084952.45,6.852166666666666,False,False,6.98
2023-09-04,6.61,6.63,6.56,6.63,24460981.0,167129075.0,2106190178.0,0.011613851994708144,6.544,6.391,6.466500000000001,6.835666666666667,52.142856621428564,28913754.7,6.841333333333334,False,False,6.89
2023-09-05,6.63,6.7,6.58,6.66,34297137.0,236639459.0,2106190178.0,0.016283969680538506,6.597999999999999,6.4159999999999995,6.468999999999999,6.8345,57.57575696510562,27855714.55,6.8365,False,False,6.68
2023-09-06,6.62,6.78,6.61,6.76,37538432.0,262052068.0,2106190178.0,0.017822907158196805,6.646000000000001,6.459999999999999,6.4799999999999995,6.835833333333334,57.57575696510562,28746619.55,6.833333333333333,False,False,6.68
2023-09-07,6.73,6.73,6.59,6.61,32594992.0,224712566.0,2106190178.0,0.01547580666763512,6.651999999999999,6.499,6.476999999999999,6.832,56.29629571248286,29379790.25,6.834,False,False,6.76
2023-09-08,6.58,6.67,6.56,6.62,17527669.0,120250766.0,2106190178.0,0.008321978320421168,6.656000000000001,6.553,6.4799999999999995,6.831833333333333,61.599999310080015,28966388.7,6.833833333333333,False,False,6.76
2023-09-11,6.62,6.74,6.59,6.69,25731341.0,178380605.0,2106190178.0,0.012217007404542174,6.668000000000001,6.606,6.480500000000001,6.833333333333333,61.29032188865767,29164018.8,6.835666666666667,False,False,6.76
2023-09-12,6.69,6.7,6.62,6.64,18331564.0,126348982.0,2106190178.0,0.008703660377624265,6.664,6.631,6.484,6.825333333333334,63.33333259444442,29242280.2,6.8345,False,False,6.76
2023-09-13,6.64,6.64,6.5,6.6,25710794.0,175062289.0,2106190178.0,0.01220725187523878,6.632000000000001,6.639,6.491,6.815833333333333,66.66666584795323,29720500.3,6.835833333333334,False,False,6.76
2023-09-14,6.58,6.6,6.5,6.54,20081250.0,136211322.0,2106190178.0,0.009534395426280446,6.618,6.635,6.49,6.809,71.69811226059097,29801903.0,6.832,False,False,6.76
2023-09-15,6.56,6.58,6.41,6.46,37985127.0,256153142.0,2106190178.0,0.018034993894079396,6.586,6.6209999999999996,6.491,6.801166666666666,64.15094254894981,31074263.75,6.831833333333333,False,False,6.76
2023-09-18,6.46,6.49,6.39,6.46,22652320.0,151455688.0,2106190178.0,0.010755116150769553,6.540000000000001,6.603999999999999,6.4975,6.793000000000001,54.216866555378175,31125644.05,6.833333333333333,True,False,6.76
2023-09-19,6.45,6.46,6.36,6.39,18072785.0,119872129.0,2106190178.0,0.008580794454735132,6.489999999999999,6.577,6.4965,6.783166666666667,41.55844080283355,30683632.45,6.825333333333334,True,True,6.76
2023-09-20,6.4,6.42,6.32,6.33,11655999.0,76913581.0,2106190178.0,0.005534162641983416,6.436,6.534000000000001,6.497,6.775,33.76623315230225,30389740.1,6.815833333333333,True,True,6.76
2023-09-21,6.31,6.39,6.29,6.33,14316511.0,94023478.0,2106190178.0,0.006797349617115155,6.394,6.506,6.5025,6.762833333333334,31.999999402666717,29662993.2,6.809,True,True,6.76
2023-09-22,6.3,6.4,6.28,6.37,42508411.0,279622639.0,2106190178.0,0.020182608125333304,6.376,6.481,6.517,6.7523333333333335,32.8947362361496,30229949.1,6.801166666666666,True,True,6.76
2023-09-25,6.36,6.36,6.25,6.29,21309981.0,139033149.0,2106190178.0,0.010117785764358456,6.3420000000000005,6.441,6.5235,6.742333333333334,27.160493357719858,29695461.8,6.793000000000001,True,True,6.76
2023-09-26,6.28,6.36,6.26,6.33,22897336.0,150085391.0,2106190178.0,0.01087144752604577,6.33,6.409999999999999,6.5205,6.732333333333333,21.333332935111144,27819045.5,6.783166666666667,True,True,6.76
2023-09-27,6.36,6.36,6.28,6.31,29624054.0,194271564.0,2106190178.0,0.014065232242289945,6.3260000000000005,6.381,6.51,6.7235,25.806451030176888,26427235.55,6.775,True,True,6.76
2023-09-28,6.31,6.34,6.27,6.28,33241200.0,217342034.0,2106190178.0,0.01578262036696289,6.316,6.3549999999999995,6.495,6.7125,23.437499487304734,25928032.75,6.762833333333334,True,True,6.76
2023-10-09,6.28,6.35,6.25,6.32,20594885.0,134719882.0,2106190178.0,0.009778264667227976,6.306,6.340999999999999,6.481,6.702333333333333,19.672130696049464,25556638.45,6.7523333333333335,True,True,6.76
2023-10-10,6.66,6.83,6.47,6.49,74263512.0,506414532.0,2106190178.0,0.03525964216133573,6.346,6.343999999999999,6.474000000000001,6.693833333333333,39.72602663539131,28046765.0,6.742333333333334,True,True,6.76
2023-10-11,6.44,6.47,6.3,6.41,49792603.0,331155413.0,2106190178.0,0.023641076442243288,6.362,6.346,6.461499999999999,6.682833333333333,37.662336977567925,28821538.3,6.732333333333333,False,True,6.76
2023-10-12,6.45,6.46,6.38,6.4,24503870.0,162748109.0,2106190178.0,0.011634215303039933,6.38,6.353,6.4435,6.674666666666667,40.277776994598796,28169810.2,6.7235,True,False,6.76
2023-10-13,6.37,6.48,6.35,6.39,33199176.0,221109959.0,2106190178.0,0.015762667752788277,6.402000000000001,6.359,6.4325,6.6605,44.61538365443787,28200019.4,6.7125,True,True,6.69
2023-10-16,6.39,6.39,6.2,6.24,34305185.0,222676701.0,2106190178.0,0.016287790797968483,6.386,6.345999999999999,6.413500000000001,6.6425,36.24999936562502,29038895.2,6.702333333333333,True,True,6.69
2023-10-17,6.24,6.26,6.16,6.21,20810019.0,133806151.0,2106190178.0,0.00988040833983986,6.33,6.337999999999999,6.3895,6.6226666666666665,38.15789403393355,28792829.1,6.693833333333333,True,True,6.69
2023-10-18,6.21,6.24,6.11,6.12,24707280.0,157880296.0,2106190178.0,0.011730792526751589,6.272,6.317,6.3635,6.6001666666666665,36.70886010895691,29111614.9,6.682833333333333,True,True,6.64
2023-10-19,6.08,6.3,6.08,6.14,43246179.0,278769372.0,2106190178.0,0.02053289368250012,6.220000000000001,6.3,6.3405000000000005,6.575166666666666,38.27160427678705,29988384.15,6.674666666666667,True,True,6.6
2023-10-20,6.13,6.14,6.05,6.08,23306094.0,147079144.0,2106190178.0,0.011065522118297524,6.1579999999999995,6.28,6.3175,6.554833333333334,32.530119933226885,30149626.35,6.6605,True,True,6.54
2023-10-23,6.07,6.07,5.83,5.87,29159097.0,179130466.0,2106190178.0,0.013844474874386201,6.084,6.235,6.288,6.529,28.12499958984374,29708324.85,6.6425,True,True,6.49
2023-10-24,5.9,6.05,5.86,6.02,35053395.0,217427319.0,2106190178.0,0.01664303412205923,6.046,6.188000000000001,6.266,6.509166666666667,35.51401822691935,30328378.6,6.6226666666666665,True,True,6.49
2023-10-25,6.07,6.13,6.05,6.09,36761807.0,232529618.0,2106190178.0,0.017454172649740654,6.04,6.156,6.2509999999999994,6.489833333333333,40.17857092633929,31262829.7,6.6001666666666665,True,True,6.49
2023-10-26,6.06,6.12,6.03,6.1,28968944.0,182411663.0,2106190178.0,0.013754191954075288,6.031999999999999,6.1259999999999994,6.2395,6.473833333333333,41.81818128595039,32128476.95,6.575166666666666,True,True,6.49
2023-10-27,6.06,6.15,6.01,6.13,24194255.0,152269607.0,2106190178.0,0.011487212908273281,6.042,6.1,6.2295,6.459833333333333,41.284403139466356,32622364.15,6.554833333333334,True,True,6.49
2023-10-30,6.12,6.25,6.1,6.21,36486289.0,234353036.0,2106190178.0,0.017323359201421553,6.109999999999999,6.0969999999999995,6.2215,6.4478333333333335,35.99999949599997,32321258.05,6.529,True,True,6.49
2023-10-31,6.4,6.52,6.2,6.23,47443313.0,311135851.0,2106190178.0,0.02252565485090777,6.151999999999999,6.099,6.218500000000001,6.435833333333333,40.425531312811245,33627924.65,6.509166666666667,True,True,6.49
2023-11-01,6.2,6.32,6.18,6.21,31139274.0,201128796.0,2106190178.0,0.014784644960014623,6.176,6.108,6.2125,6.423333333333333,39.9999994105263,34040021.55,6.489833333333333,False,True,6.49
2023-11-02,6.23,6.27,6.1,6.11,25043438.0,159895632.0,2106190178.0,0.01189039729725679,6.178,6.1049999999999995,6.202500000000001,6.4094999999999995,36.53846104659766,33810990.75,6.473833333333333,True,False,6.49
2023-11-03,6.1,6.28,6.06,6.25,34583160.0,222614123.0,2106190178.0,0.016419770807610326,6.202,6.122,6.2010000000000005,6.398166666666667,50.48543620699406,33878088.75,6.459833333333333,True,True,6.49
2023-11-06,6.28,6.35,6.25,6.34,27702476.0,181148298.0,2106190178.0,0.01315288443055307,6.228,6.169,6.202,6.3875,55.96330203349888,34233468.3,6.4478333333333335,False,True,6.49
2023-11-07,6.31,6.38,6.29,6.38,29196782.0,192085084.0,2106190178.0,0.013862367370701888,6.258000000000001,6.205,6.1965,6.3790000000000004,62.49999915865386,31980131.8,6.435833333333333,False,False,6.49
2023-11-08,6.34,6.4,6.3,6.34,25131350.0,165314486.0,2106190178.0,0.011932137117771708,6.284000000000001,6.23,6.193,6.374499999999999,59.43396147917411,30747069.15,6.423333333333333,False,False,6.41
2023-11-09,6.34,6.39,6.29,6.32,22226939.0,146085133.0,2106190178.0,0.010553149108836079,6.3260000000000005,6.252000000000001,6.189,6.370833333333334,61.76470503460211,30633222.6,6.4094999999999995,False,False,6.4
2023-11-10,6.26,6.41,6.23,6.34,24925306.0,164067117.0,2106190178.0,0.011834309294742138,6.344,6.273,6.1865000000000006,6.365333333333334,78.31325169110178,30219529.1,6.398166666666667,False,False,6.39
2023-11-13,6.41,6.45,6.37,6.4,24526702.0,162703728.0,2106190178.0,0.01164505572962557,6.356,6.292,6.1945,6.362666666666667,75.67567424397377,29730604.95,6.3875,False,False,6.38
2023-11-14,6.4,6.46,6.38,6.42,25191599.0,167751479.0,2106190178.0,0.011960742796702948,6.364,6.311,6.205,6.358333333333333,73.91304197857599,29949683.95,6.3790000000000004,False,False,6.4
2023-11-15,6.46,6.56,6.44,6.45,35184688.0,236865504.0,2106190178.0,0.016705370848045045,6.386,6.335,6.221500000000001,6.356333333333334,74.64788585201356,30473554.35,6.374499999999999,False,False,6.42
2023-11-16,6.42,6.46,6.37,6.37,24797917.0,164743387.0,2106190178.0,0.011773826152559334,6.396,6.361,6.2330000000000005,6.354833333333334,65.78947247229921,29551141.25,6.370833333333334,False,False,6.45
2023-11-17,6.35,7.0,6.33,7.0,107190629.0,755813067.0,2106190178.0,0.05089313876764266,6.5280000000000005,6.436,6.279000000000001,6.362166666666667,80.15267089913178,33745368.0,6.365333333333334,False,False,6.45
2023-11-20,7.62,7.62,7.2,7.21,300187345.0,2295236397.0,2106190178.0,0.1425262296518031,6.69,6.522999999999999,6.346,6.375,82.66666589511112,47296780.4,6.362666666666667,False,False,7.0
2023-11-21,7.21,7.8,7.21,7.46,295249517.0,2287721552.0,2106190178.0,0.14018179368795822,6.898000000000001,6.631,6.418000000000001,6.393833333333333,86.12716693307497,60306586.5,6.358333333333333,False,False,7.21
2023-11-22,7.29,8.2,7.06,8.2,379336043.0,3036383947.0,2106190178.0,0.18010531383268089,7.247999999999999,6.817,6.5235,6.423666666666667,94.09282644839682,77435298.3,6.356333333333334,False,False,7.46
2023-11-23,8.1,8.55,7.64,7.96,426583029.0,3519929604.0,2106190178.0,0.20253775440405647,7.566,6.981,6.6165,6.451,84.61538413578327,97316002.55,6.354833333333334,False,False,8.2
2023-11-24,7.86,8.04,7.52,7.52,261632833.0,2112553177.0,2106190178.0,0.12422089692225315,7.669999999999999,7.098999999999999,6.686,6.472666666666666,70.92198546350788,109187931.45,6.362166666666667,False,False,8.2
2023-11-27,7.34,7.72,7.33,7.45,199260177.0,1556855357.0,2106190178.0,0.0946069253770872,7.717999999999999,7.203999999999999,6.748,6.495500000000001,68.7719294867344,117326625.85,6.375,False,False,8.2
2023-11-28,7.36,7.63,7.33,7.44,148399191.0,1149156994.0,2106190178.0,0.07045859037331433,7.714,7.305999999999999,6.8085,6.5168333333333335,69.50354575423773,122374419.75,6.393833333333333,False,False,8.2
2023-11-29,7.38,7.77,7.36,7.55,171713323.0,1346166326.0,2106190178.0,0.0815279288611325,7.5840000000000005,7.416000000000001,6.875500000000001,6.536166666666667,71.13402027633119,129403122.2,6.423666666666667,False,False,8.2
2023-11-30,7.48,7.51,7.21,7.38,131476622.0,1002950136.0,2106190178.0,0.062423908046541084,7.467999999999999,7.517,6.939,6.5505,66.99346374578155,134724781.4,6.451,False,False,8.2
2023-12-01,7.42,7.45,7.29,7.41,81427308.0,623377210.0,2106190178.0,0.03866094754905841,7.446,7.558,6.997,6.564333333333334,66.66666635863587,137066988.8,6.472666666666666,False,False,8.2
2023-12-04,7.38,7.62,7.36,7.42,113306363.0,875493967.0,2106190178.0,0.05379683382038827,7.44,7.579000000000001,7.050999999999999,6.578,66.55629108218939,141347183.15,6.495500000000001,False,False,8.2
2023-12-05,7.34,7.39,7.19,7.22,89389472.0,675459968.0,2106190178.0,0.04244131082449668,7.395999999999999,7.555,7.092999999999999,6.587833333333333,62.068965244838395,144356817.65,6.5168333333333335,False,False,8.2
2023-12-06,7.2,7.3,7.17,7.2,64693928.0,484436120.0,2106190178.0,0.03071609044413652,7.3260000000000005,7.455,7.136,6.5968333333333335,63.25878565954538,146334946.55,6.536166666666667,False,False,8.2
2023-12-07,7.18,7.22,7.07,7.08,66176476.0,488496060.0,2106190178.0,0.031419990792493385,7.266,7.367,7.1739999999999995,6.602166666666666,51.52671728191831,148532423.4,6.5505,False,False,8.2
2023-12-08,7.1,7.22,7.07,7.18,84889247.0,630294054.0,2106190178.0,0.04030464479737024,7.220000000000001,7.333000000000001,7.215999999999999,6.611666666666666,49.40239016269582,151530620.45,6.564333333333334,True,False,8.2
2023-12-11,7.09,7.23,6.99,7.22,66304832.0,489811977.0,2106190178.0,0.03148093305750854,7.18,7.3100000000000005,7.257,6.621666666666667,44.78260842306238,153619526.95,6.578,True,True,8.2
2023-12-12,7.21,7.3,7.18,7.22,53822795.0,402957557.0,2106190178.0,0.02555457506268933,7.18,7.288000000000001,7.297,6.6305,18.58974342291252,155051086.75,6.587833333333333,True,True,8.2
2023-12-13,7.18,7.25,7.1,7.11,44964430.0,334612401.0,2106190178.0,0.02134870367817279,7.162000000000001,7.244,7.330000000000001,6.638333333333334,20.27972008117753,155540073.85,6.5968333333333335,True,True,8.2
2023-12-14,7.13,7.22,7.1,7.1,40085000.0,297188061.0,2106190178.0,0.019031994555241915,7.1659999999999995,7.215999999999999,7.3665,6.6466666666666665,28.999999593999974,156304428.0,6.602166666666666,True,True,8.2
2023-12-15,7.15,7.2,7.04,7.07,39601198.0,291847478.0,2106190178.0,0.018802289752202994,7.144,7.182,7.37,6.6555,30.208332892795113,152924956.45,6.611666666666666,True,True,8.2
2023-12-18,7.04,7.04,6.89,6.91,58592446.0,422303756.0,2106190178.0,0.027819162111770136,7.082000000000001,7.131,7.3549999999999995,6.663,26.126125796607383,140845211.5,6.621666666666667,True,True,8.2
2023-12-19,6.94,6.99,6.83,6.91,37558581.0,269602774.0,2106190178.0,0.017832473720708807,7.0200000000000005,7.1,7.327499999999999,6.6705,17.999999747999993,127960664.7,6.6305,True,True,8.2
2023-12-20,6.95,6.95,6.76,6.79,33045674.0,234070620.0,2106190178.0,0.015689786394968177,6.956,7.059,7.257000000000001,6.6771666666666665,18.947368141828235,110646146.25,6.638333333333334,True,True,8.2
2023-12-21,6.74,6.83,6.68,6.78,38832080.0,271858416.0,2106190178.0,0.01843711949928199,6.892,7.029000000000001,7.198,6.684666666666668,16.129032015261842,91258598.8,6.6466666666666665,True,True,7.96
2023-12-22,6.86,6.88,6.62,6.68,47727097.0,332308972.0,2106190178.0,0.022660392921080273,6.814,6.979000000000001,7.156000000000001,6.690499999999999,13.72549000768933,80563312.0,6.6555,True,True,7.55
2023-12-25,6.66,6.7,6.62,6.65,20870932.0,144154311.0,2106190178.0,0.009909329279950712,6.7620000000000005,6.922,7.116,6.695166666666667,16.47058796401383,71643849.75,6.663,True,True,7.55
2023-12-26,6.63,6.65,6.44,6.46,28535363.0,192631793.0,2106190178.0,0.013548331626489999,6.672,6.846000000000001,7.067,6.6979999999999995,13.72549000768933,65650658.35,6.6705,True,True,7.55
2023-12-27,6.47,6.61,6.44,6.58,25969713.0,176273871.0,2106190178.0,0.012330184268858554,6.63,6.793000000000001,7.018499999999999,6.702166666666667,25.490195728565936,58363477.85,6.6771666666666665,True,True,7.55
2023-12-28,6.59,6.73,6.55,6.7,36678232.0,253681548.0,2106190178.0,0.0174144919975028,6.614,6.753,6.9845,6.708666666666668,26.923076560650927,53623558.35,6.684666666666668,True,True,7.42
2023-12-29,6.68,6.85,6.68,6.78,36595950.0,257294179.0,2106190178.0,0.01737542524994151,6.634,6.724000000000001,6.953,6.717,29.629629245541864,51381990.45,6.690499999999999,True,True,7.42
2024-01-02,6.81,6.83,6.72,6.72,29873500.0,209775341.0,2106190178.0,0.01418366694140001,6.648000000000001,6.705,6.918000000000001,6.723666666666667,28.07017509387505,47210347.3,6.695166666666667,True,True,7.42
2024-01-03,6.69,6.73,6.61,6.67,30890900.0,213465674.0,2106190178.0,0.014666719236784894,6.69,6.681,6.8905,6.726666666666666,29.629629245541835,44285418.7,6.6979999999999995,True,True,7.22
2024-01-04,6.71,6.73,6.57,6.62,18879947.0,129576692.0,2106190178.0,0.008964027653916825,6.698,6.664,6.8614999999999995,6.730166666666666,28.571428214285746,41994719.65,6.702166666666667,True,True,7.22
2024-01-05,6.61,6.66,6.46,6.49,19943746.0,135545325.0,2106190178.0,0.009469109773808848,6.656000000000001,6.635000000000001,6.832000000000001,6.7316666666666665,26.229507895726968,39683083.15,6.708666666666668,True,True,7.22
2024-01-08,6.49,6.5,6.34,6.35,19547580.0,129676393.0,2106190178.0,0.009281013748987295,6.57,6.601999999999999,6.7905,6.731,26.666666355555563,36415999.8,6.717,True,True,7.22
2024-01-09,6.37,6.42,6.26,6.33,23879947.0,156978126.0,2106190178.0,0.011337982319657366,6.492,6.57,6.746,6.7325,26.229507895726968,34294755.55,6.723666666666667,True,True,7.22
2024-01-10,6.34,6.35,6.17,6.27,20244140.0,131498659.0,2106190178.0,0.009611734121380942,6.412000000000001,6.551,6.6985,6.7335,27.586206563614752,32615822.8,6.726666666666666,True,True,7.22
2024-01-11,6.28,6.4,6.25,6.36,20705591.0,136111332.0,2106190178.0,0.00983082687227307,6.359999999999999,6.528999999999999,6.661,6.7375,33.064515755723235,31402880.85,6.730166666666666,True,True,7.11
2024-01-12,6.32,6.35,6.23,6.25,19192086.0,125065685.0,2106190178.0,0.009112228420998743,6.312,6.484,6.6185,6.739333333333334,32.79999963264004,30358235.15,6.7316666666666665,True,True,7.1
2024-01-15,6.22,6.43,6.18,6.29,29550373.0,193655135.0,2106190178.0,0.01403024917154466,6.3,6.435,6.5795,6.7428333333333335,35.71428531746034,29855693.9,6.731,True,True,7.07
2024-01-16,6.26,6.29,6.12,6.23,24742344.0,159131763.0,2106190178.0,0.011747440596031495,6.28,6.386,6.5455,6.748833333333333,39.82300835617515,28163188.8,6.7325,True,True,6.91
2024-01-17,6.23,6.24,6.09,6.1,20017750.0,127551174.0,2106190178.0,0.009504246202025541,6.246,6.329,6.505,6.750166666666667,28.947368065558663,27286147.25,6.7335,True,True,6.91
2024-01-18,6.04,6.11,5.89,6.09,35123820.0,218411043.0,2106190178.0,0.016676471273526183,6.191999999999999,6.276000000000001,6.470000000000001,6.750166666666667,20.388349237439954,27390054.55,6.7375,True,True,6.79
2024-01-19,6.1,6.18,6.03,6.04,20452676.0,129209786.0,2106190178.0,0.009710745123415916,6.15,6.231,6.433,6.7491666666666665,12.999999818000049,26471084.35,6.739333333333334,True,True,6.78
2024-01-22,6.06,6.06,5.6,5.66,31461186.0,189590731.0,2106190178.0,0.014937485858886195,6.023999999999999,6.162,6.382,6.741333333333333,9.848484744031268,25657788.8,6.7428333333333335,True,True,6.78
2024-01-23,5.66,5.76,5.55,5.72,26414589.0,155845313.0,2106190178.0,0.012541407360033752,5.922,6.101,6.335500000000001,6.7331666666666665,14.285714135338367,25934971.65,6.748833333333333,True,True,6.78
2024-01-24,5.78,5.8,5.54,5.79,29324139.0,173003900.0,2106190178.0,0.013922835319574832,5.86,6.053,6.302,6.725833333333333,19.259259059533633,25974410.45,6.750166666666667,True,True,6.78
2024-01-25,5.81,6.03,5.75,6.02,39233787.0,241300008.0,2106190178.0,0.018627846340664115,5.846,6.019,6.273999999999999,6.722666666666667,33.79310312199762,26637614.15,6.750166666666667,True,True,6.78
2024-01-26,6.02,6.04,5.93,5.95,31732700.0,196716428.0,2106190178.0,0.01506639824430897,5.827999999999999,5.989,6.2364999999999995,6.72,35.507246016593186,26390337.55,6.7491666666666665,True,True,6.78
2024-01-29,5.98,6.01,5.78,5.8,26232796.0,159515994.0,2106190178.0,0.01245509369192396,5.856,5.9399999999999995,6.1875,6.7125,32.45033082496383,25872179.85,6.741333333333333,True,True,6.78
2024-01-30,5.79,5.82,5.58,5.6,23186600.0,137162447.0,2106190178.0,0.011008787450531925,5.831999999999999,5.877000000000001,6.1315,6.700166666666666,29.696969444995418,25537834.85,6.7331666666666665,True,True,6.72
2024-01-31,5.58,5.66,5.33,5.35,35817151.0,202955808.0,2106190178.0,0.017005658545996696,5.744,5.802,6.0655,6.682999999999999,22.09944734287717,25784147.4,6.725833333333333,True,True,6.67
2024-02-01,5.35,5.51,5.26,5.38,34310047.0,191753070.0,2106190178.0,0.016290099231485448,5.616,5.731,6.003500000000001,6.667,24.85549112833705,26555652.4,6.722666666666667,True,True,6.62
2024-02-02,5.39,5.45,4.95,5.12,44373180.0,239760345.0,2106190178.0,0.02106798353894897,5.45,5.639,5.935,6.647,19.999999856410255,27777124.1,6.72,True,True,6.49
2024-02-05,5.07,5.07,4.61,4.66,61487393.0,303371898.0,2106190178.0,0.029193656699314452,5.2219999999999995,5.539,5.850499999999999,6.619,16.595744581982785,29874114.75,6.7125,True,True,6.36
2024-02-06,4.58,5.08,4.53,5.02,56242207.0,281482030.0,2106190178.0,0.02670328994383906,5.106,5.468999999999999,5.785,6.596,29.069767284117532,31492227.75,6.700166666666666,True,True,6.36
2024-02-07,5.06,5.44,5.02,5.33,75326479.0,414909851.0,2106190178.0,0.035764329255171375,5.101999999999999,5.423,5.738,6.5778333333333325,36.80555537663966,34246344.7,6.682999999999999,True,True,6.36
2024-02-08,5.35,5.57,5.35,5.46,65449786.0,371150024.0,2106190178.0,0.031074964969283983,5.118,5.367,5.693,6.561333333333334,40.20270251255478,36483554.45,6.667,True,True,6.36
2024-02-19,5.55,5.66,5.46,5.57,57871395.0,333865373.0,2106190178.0,0.02747681363463276,5.208,5.329,5.659000000000001,6.548,48.327137294951704,38417519.9,6.647,True,True,6.29
2024-02-20,5.54,5.62,5.44,5.58,41000142.0,234236407.0,2106190178.0,0.01946649567938494,5.392,5.307,5.6235,6.524333333333333,47.3484845973944,38990008.35,6.619,True,True,6.29
2024-02-21,5.5,5.77,5.49,5.61,53922616.0,316355362.0,2106190178.0,0.025601969168427108,5.51,5.308,5.592499999999999,6.4976666666666665,46.53846128786983,40449021.95,6.596,True,True,6.23
2024-02-22,5.69,5.84,5.64,5.79,60664494.0,361520426.0,2106190178.0,0.02880295171521781,5.601999999999999,5.352,5.577,6.469833333333333,45.49019582868129,42481359.15,6.5778333333333325,False,True,6.1
2024-02-23,5.86,5.88,5.73,5.85,47319017.0,284299254.0,2106190178.0,0.022466640237081194,5.680000000000001,5.399,5.5649999999999995,6.430666666666666,48.03149579825158,43091119.0,6.561333333333334,False,False,6.09
2024-02-26,5.84,6.03,5.79,5.92,53623565.0,328295430.0,2106190178.0,0.025459982465078232,5.75,5.479000000000001,5.559,6.3966666666666665,52.43902409181043,44749663.45,6.548,False,False,6.04
2024-02-27,5.86,6.12,5.84,6.11,51541863.0,320008363.0,2106190178.0,0.02447160922996195,5.856,5.6240000000000006,5.5815,6.373166666666667,60.40816292011664,45753697.3,6.524333333333333,False,False,6.02
2024-02-28,6.07,6.15,5.72,5.73,72089467.0,445910774.0,2106190178.0,0.03422742530707975,5.88,5.694999999999999,5.582,6.344499999999999,57.36434077399196,48037441.2,6.4976666666666665,False,False,6.11
2024-02-29,5.69,6.04,5.68,6.02,53708358.0,330946275.0,2106190178.0,0.02550024141267266,5.926,5.764,5.593500000000001,6.320833333333334,61.26760533177941,49256652.15,6.469833333333333,False,False,6.11
2024-03-01,6.03,6.16,6.0,6.15,50165309.0,317458683.0,2106190178.0,0.023818033871773187,5.986,5.833,5.6,6.297499999999999,69.00368968042375,49803228.25,6.430666666666666,False,False,6.11
2024-03-04,6.22,6.4,6.05,6.3,87829149.0,568895189.0,2106190178.0,0.04170048361131423,6.062,5.906,5.617500000000001,6.2795,84.16666617569444,52608050.7,6.3966666666666665,False,False,6.15
2024-03-05,6.22,6.43,6.15,6.21,79014358.0,514292634.0,2106190178.0,0.03751530076691868,6.082000000000001,5.968999999999999,5.638,6.2595,77.93427178822546,55247128.8,6.373166666666667,False,False,6.3
2024-03-06,6.16,6.27,6.03,6.17,54284590.0,345657541.0,2106190178.0,0.02577383114166246,6.17,6.025,5.6665,6.238666666666666,72.58064461498441,56802028.3,6.344499999999999,False,False,6.3
2024-03-07,6.19,6.27,6.04,6.07,41344427.0,263484578.0,2106190178.0,0.019629959075803838,6.18,6.053,5.702500000000001,6.2195,66.66666615664846,57078392.1,6.320833333333334,False,False,6.3
2024-03-08,6.06,6.28,6.03,6.26,49182017.0,315723331.0,2106190178.0,0.023351175745536117,6.202,6.093999999999999,5.746499999999999,6.203833333333333,68.06282672624106,57821990.6,6.297499999999999,False,False,6.3
2024-03-11,6.18,6.27,6.13,6.26,41838340.0,268876667.0,2106190178.0,0.019864464489967818,6.194,6.128,5.8035000000000005,6.190166666666666,67.89473634182826,57695248.6,6.2795,False,False,6.3
2024-03-12,6.25,6.42,6.23,6.34,66296674.0,435267965.0,2106190178.0,0.03147705971307592,6.22,6.151,5.8875,6.176166666666666,68.7179482245891,57935712.65,6.2595,False,False,6.3
2024-03-13,6.35,6.39,6.25,6.28,39920288.0,261051495.0,2106190178.0,0.018953790791061225,6.242,6.206,5.9505,6.1605,63.38797765714117,57119616.7,6.238666666666666,False,False,6.34
2024-03-14,6.24,6.3,6.13,6.19,34918814.0,224799118.0,2106190178.0,0.016579136283485223,6.266,6.223,5.9935,6.143333333333333,59.13978450109842,55099233.45,6.2195,False,False,6.34
2024-03-15,6.16,6.21,6.12,6.2,23709581.0,151604532.0,2106190178.0,0.011257094087540656,6.2540000000000004,6.228,6.0305,6.128166666666667,57.777777328395075,53012223.2,6.203833333333333,False,False,6.34
2024-03-18,6.21,6.82,6.19,6.82,81008642.0,543333482.0,2106190178.0,0.03846216872824103,6.3660000000000005,6.28,6.093,6.123500000000001,65.91928209736776,54169085.55,6.190166666666666,False,False,6.34
2024-03-19,7.04,7.05,6.7,6.71,203066076.0,1447493910.0,2106190178.0,0.09641393171476464,6.44,6.33,6.1495,6.117500000000001,74.99999946428572,62272382.25,6.176166666666666,False,False,6.82
2024-03-20,6.77,6.86,6.61,6.82,116753265.0,816783740.0,2106190178.0,0.05543339163743836,6.548,6.3950000000000005,6.21,6.116,72.4719095423558,65413914.7,6.1605,False,False,6.82
2024-03-21,6.95,7.01,6.76,6.78,103311631.0,735572936.0,2106190178.0,0.04905142568754302,6.666000000000001,6.465999999999999,6.2595,6.113833333333334,68.63905268583035,67546271.55,6.143333333333333,False,False,6.82
2024-03-22,6.91,7.2,6.88,6.91,164892849.0,1197903578.0,2106190178.0,0.0782896296461601,6.808,6.531000000000001,6.3125,6.115833333333333,68.26347248162361,73424963.15,6.128166666666667,False,False,6.82
2024-03-25,6.9,6.94,6.6,6.61,100165560.0,700741846.0,2106190178.0,0.047557699701702816,6.766,6.566,6.3469999999999995,6.1129999999999995,60.63829742077865,75752062.9,6.123500000000001,False,False,6.91
2024-03-26,6.69,6.85,6.51,6.61,76319567.0,527882186.0,2106190178.0,0.03623583843338956,6.7459999999999996,6.593000000000001,6.372,6.111833333333334,61.95652126772214,76990948.1,6.117500000000001,False,False,6.91
2024-03-27,6.61,6.62,6.18,6.2,72676574.0,478819398.0,2106190178.0,0.034506178387467536,6.622,6.584999999999999,6.3955,6.104333333333333,53.023255468685775,77020303.45,6.116,False,False,6.91
2024-03-28,6.2,6.45,6.2,6.38,56560104.0,372173691.0,2106190178.0,0.026854224557114045,6.542,6.604000000000001,6.413500000000001,6.103,52.80373797231199,77162890.75,6.113833333333334,True,False,6.91
2024-03-29,6.36,6.56,6.21,6.51,65816405.0,438552418.0,2106190178.0,0.03124903234640381,6.462000000000001,6.635,6.4315,6.101833333333333,55.506607587183915,77945445.55,6.115833333333333,True,True,6.91
2024-04-01,6.51,6.67,6.51,6.61,52630628.0,359967647.0,2106190178.0,0.02498854498029095,6.462000000000001,6.614,6.447,6.100333333333333,55.89519616483287,76185519.5,6.1129999999999995,False,True,6.91
2024-04-02,6.64,6.68,6.41,6.45,46212152.0,311661779.0,2106190178.0,0.02194111077086221,6.43,6.587999999999999,6.4590000000000005,6.094833333333333,53.55648504192853,74545409.2,6.111833333333334,False,False,6.91
2024-04-03,6.43,6.9,6.28,6.79,119662510.0,825016277.0,2106190178.0,0.056814674785744826,6.548,6.584999999999999,6.49,6.096,61.363636038223135,77814305.2,6.104333333333333,True,False,6.91
2024-04-08,6.75,6.75,6.46,6.46,82282716.0,560409732.0,2106190178.0,0.03906708751160077,6.564,6.553,6.5095,6.0925,54.39189163463294,79861219.65,6.103,False,True,6.91
2024-04-09,6.43,6.53,6.36,6.42,43536886.0,290190267.0,2106190178.0,0.020670918730302804,6.545999999999999,6.5040000000000004,6.5175,6.089166666666667,41.59663841077607,79578963.1,6.101833333333333,True,False,6.91
2024-04-10,6.45,6.45,6.11,6.18,50755392.0,327383297.0,2106190178.0,0.024098199929978022,6.459999999999999,6.461,6.5135000000000005,6.0840000000000005,39.4422308557007,80024815.7,6.100333333333333,True,True,6.91
2024-04-11,6.14,6.33,6.12,6.21,38270007.0,248446674.0,2106190178.0,0.018170252335114632,6.412000000000001,6.421000000000001,6.507,6.081666666666666,37.44855945502887,78623482.35,6.094833333333333,True,True,6.91
2024-04-12,6.28,6.53,6.25,6.33,53770590.0,356575316.0,2106190178.0,0.02552978860202433,6.32,6.434,6.5095,6.081666666666666,41.03585634481992,79315997.45,6.096,True,True,6.91
2024-04-15,6.26,6.39,6.13,6.31,52407365.0,340039670.0,2106190178.0,0.024882541732183502,6.29,6.427,6.5155,6.082333333333334,37.49999978124999,80190425.0,6.0925,True,True,6.91
2024-04-16,6.22,6.24,5.78,5.79,59820456.0,369287634.0,2106190178.0,0.028402210125585345,6.164,6.3549999999999995,6.495,6.0728333333333335,34.3511448546122,81995968.75,6.089166666666667,True,True,6.91
2024-04-17,5.88,6.26,5.88,6.24,57715030.0,366492279.0,2106190178.0,0.027402572950371056,6.176,6.318,6.465999999999999,6.072666666666667,43.97394116754555,80831288.15,6.0840000000000005,True,True,6.91
2024-04-18,6.18,6.26,6.09,6.13,39052386.0,250082397.0,2106190178.0,0.018541718790600115,6.16,6.286,6.437,6.069999999999999,48.73646184754134,72630603.65,6.081666666666666,True,True,6.91
2024-04-19,6.11,6.15,5.96,5.99,38900669.0,243396939.0,2106190178.0,0.018469684934595682,6.0920000000000005,6.2059999999999995,6.3955,6.066000000000001,42.85714263736265,68737973.85,6.081666666666666,True,True,6.91
2024-04-22,5.92,6.02,5.79,5.92,26551599.0,162387863.0,2106190178.0,0.012606458465784376,6.014,6.151999999999999,6.3525,6.063000000000001,38.95131065718415,64899972.25,6.082333333333334,True,True,6.91
2024-04-23,5.95,6.02,5.84,5.84,29349018.0,179244465.0,2106190178.0,0.013934647643200623,6.024,6.094,6.299,6.058833333333334,35.47169792580989,58122780.7,6.0728333333333335,True,True,6.91
2024-04-24,5.88,5.98,5.81,5.98,29975235.0,183643238.0,2106190178.0,0.014231969796983832,5.9719999999999995,6.074,6.2675,6.057833333333334,41.06463856467494,54613264.45,6.072666666666667,True,True,6.79
2024-04-25,5.95,6.14,5.92,6.04,38149800.0,238572996.0,2106190178.0,0.018113179141413697,5.954000000000001,6.057,6.239,6.064166666666666,34.04255298868267,52704776.1,6.069999999999999,True,True,6.79
2024-04-26,5.92,6.07,5.76,6.05,55258131.0,341439711.0,2106190178.0,0.0262360595815104,5.965999999999999,6.029,6.2315,6.0696666666666665,39.90147755732971,51833853.95,6.066000000000001,True,True,6.79
2024-04-29,6.04,6.22,6.01,6.21,52691638.0,335906294.0,2106190178.0,0.025017511975122315,6.024,6.019,6.223000000000001,6.076666666666666,45.11627877598703,51640430.65,6.063000000000001,True,True,6.79
2024-04-30,6.22,6.22,6.03,6.08,36683220.0,232116815.0,2106190178.0,0.017416860254677344,6.072,6.048,6.2015,6.077666666666667,47.54901928152635,50183771.4,6.058833333333334,True,True,6.79
2024-05-06,6.15,6.24,6.15,6.23,43088351.0,277367496.0,2106190178.0,0.02045795837910322,6.122,6.047,6.1825,6.082333333333334,50.462962635888225,49706657.55,6.057833333333334,True,True,6.79
2024-05-07,6.22,6.26,6.13,6.16,32722538.0,209901992.0,2106190178.0,0.015536364351994429,6.146000000000001,6.05,6.168,6.088333333333334,45.97156367601806,49032176.85,6.064166666666666,False,True,6.79
2024-05-08,6.15,6.15,5.99,6.0,32572085.0,204128072.0,2106190178.0,0.015464930631729497,6.136,6.051,6.128500000000001,6.095,43.11111084286421,44677655.6,6.0696666666666665,True,False,6.79
2024-05-09,6.0,6.16,6.0,6.13,27767919.0,175802103.0,2106190178.0,0.013183956173591083,6.12,6.072,6.112,6.1080000000000005,59.13978450109838,41951915.75,6.076666666666666,True,True,6.46
2024-05-10,6.13,6.16,6.01,6.02,27360939.0,171596204.0,2106190178.0,0.012990725759618465,6.1080000000000005,6.09,6.092,6.118666666666667,42.76315750086564,41143118.4,6.077666666666667,False,True,6.42
2024-05-13,5.98,6.16,5.87,6.06,37235921.0,233512087.0,2106190178.0,0.017679277678219238,6.074,6.098000000000001,6.086,6.134333333333333,47.58620643709869,40467144.85,6.082333333333334,True,False,6.33
2024-05-14,6.07,6.16,6.04,6.06,20516563.0,129497357.0,2106190178.0,0.009741078091761949,6.054,6.1,6.0785,6.157666666666667,52.67175516228655,39579472.65,6.088333333333334,True,True,6.33
2024-05-15,6.04,6.11,5.97,5.99,20628300.0,129037647.0,2106190178.0,0.009794129806259119,6.052,6.093999999999999,6.0615,6.1738333333333335,52.671755162286594,37922358.15,6.095,True,True,6.33
2024-05-16,6.0,6.06,5.9,5.92,25578499.0,158561206.0,2106190178.0,0.012144439408737951,6.01,6.065,6.042,6.183666666666667,53.076922505325456,36580914.85,6.1080000000000005,True,True,6.31
2024-05-17,5.92,6.0,5.88,6.0,21538408.0,132876172.0,2106190178.0,0.010226240832844678,6.005999999999999,6.057,6.0525,6.192666666666667,50.806451039281995,34666812.45,6.118666666666667,True,True,6.24
2024-05-20,6.01,6.06,5.96,5.99,22619024.0,140701049.0,2106190178.0,0.010739307511859454,5.992,6.0329999999999995,6.040000000000001,6.199666666666667,47.89915910034603,32912012.15,6.134333333333333,True,True,6.24
2024-05-21,5.99,5.99,5.88,5.9,20062900.0,123188544.0,2106190178.0,0.00952568301265718,5.96,6.007,6.028499999999999,6.205,44.09448770289543,31962537.85,6.157666666666667,True,True,6.23
2024-05-22,5.89,5.92,5.84,5.9,21906389.0,133596988.0,2106190178.0,0.010400954875215451,5.942,5.997,6.024,6.209833333333333,36.03603558152751,31112823.85,6.1738333333333335,True,True,6.23
2024-05-23,5.9,5.9,5.7,5.72,32043200.0,191896362.0,2106190178.0,0.015213820829051459,5.902,5.956,6.014,6.208666666666667,34.48275820451845,31387403.9,6.183666666666667,True,True,6.23
2024-05-24,5.73,5.77,5.6,5.61,21603700.0,127151657.0,2106190178.0,0.010257240882451784,5.824,5.915,6.0024999999999995,6.204666666666667,22.321428292410715,31000138.0,6.192666666666667,True,True,6.23
2024-05-27,5.65,5.76,5.51,5.75,30472336.0,177744566.0,2106190178.0,0.014467988844642688,5.776,5.884,5.991,6.201833333333334,32.77310885813148,31024993.05,6.199666666666667,True,True,6.23
2024-05-28,5.77,5.92,5.74,5.78,46406249.0,280916587.0,2106190178.0,0.02203326626661346,5.752000000000001,5.856,5.978,6.196333333333333,39.62264098611607,31437815.5,6.205,True,True,6.23
2024-05-29,5.72,5.82,5.66,5.7,26618654.0,158374002.0,2106190178.0,0.012638295571806622,5.712,5.827,5.960500000000001,6.195833333333334,28.71287088912854,30005841.65,6.209833333333333,True,True,6.23
2024-05-30,5.7,5.82,5.62,5.76,25987446.0,154648584.0,2106190178.0,0.012338603736476071,5.720000000000001,5.811,5.938,6.1915000000000004,36.45833280164931,28670632.05,6.208666666666667,True,True,6.23
2024-05-31,5.77,5.83,5.73,5.75,20913602.0,125150257.0,2106190178.0,0.009929588609068141,5.748,5.786,5.9215,6.184833333333334,33.33333283154123,27882151.15,6.204666666666667,True,True,6.23
2024-06-03,5.76,5.86,5.7,5.77,30740136.0,184428671.0,2106190178.0,0.014595137856539753,5.752000000000001,5.764,5.8985,6.176,34.736841593351784,27264740.4,6.201833333333334,True,True,6.23
2024-06-04,5.77,5.8,5.64,5.8,28741000.0,170063174.0,2106190178.0,0.013645966209609776,5.756,5.754,5.8805,6.169166666666667,39.56043895181739,27065663.5,6.196333333333333,True,True,6.16
2024-06-05,5.77,5.87,5.75,5.75,31413402.0,189584638.0,2106190178.0,0.014914798448936646,5.766,5.739,5.868,6.162166666666667,40.4494375659639,27007729.35,6.195833333333334,True,True,6.13
2024-06-06,5.8,5.86,5.62,5.64,34309495.0,203848171.0,2106190178.0,0.016289837146890352,5.741999999999999,5.731,5.843500000000001,6.155,30.434782145557634,27334808.15,6.1915000000000004,True,True,6.13
2024-06-07,5.67,5.77,5.56,5.65,24557457.0,143976324.0,2106190178.0,0.01165965792477454,5.7219999999999995,5.735,5.825,6.144833333333334,31.521738650756163,27194634.05,6.184833333333334,True,True,6.06
2024-06-11,5.64,5.85,5.6,5.85,43919053.0,262775946.0,2106190178.0,0.02085236815685122,5.7379999999999995,5.745,5.814500000000001,6.138000000000001,47.57281488735976,27528790.65,6.176,True,True,6.06
2024-06-12,5.85,5.94,5.82,5.89,39912024.0,243437703.0,2106190178.0,0.01894986711878969,5.756,5.756,5.806,6.1305,49.53270963228228,28498563.7,6.169166666666667,False,True,6.06
2024-06-13,5.96,6.08,5.9,5.96,58293752.0,361508866.0,2106190178.0,0.027677344908784395,5.798,5.781999999999999,5.8045,6.125166666666668,62.499999088541706,30381836.3,6.162166666666667,False,False,6.0
2024-06-14,5.93,5.96,5.86,5.93,35003900.0,214304632.0,2106190178.0,0.016619534344823064,5.856,5.7989999999999995,5.805000000000001,6.120833333333334,68.18181709710743,30853106.35,6.155,False,False,6.0
2024-06-17,5.9,6.04,5.87,6.0,33241800.0,206168022.0,2106190178.0,0.01578290524152278,5.926,5.824,5.805000000000001,6.117499999999999,65.43209763450695,31438275.95,6.144833333333334,False,False,6.0
2024-06-18,5.98,6.05,5.96,6.01,32630601.0,203026682.0,2106190178.0,0.015492713497973591,5.958,5.848000000000001,5.805999999999999,6.104,64.55696088126902,31938854.8,6.138000000000001,False,False,6.0
2024-06-19,6.03,6.06,5.91,5.96,28862733.0,178870765.0,2106190178.0,0.013703763934274695,5.9719999999999995,5.864,5.809,6.0915,67.10526192174517,32378846.45,6.1305,False,False,6.01
2024-06-20,5.93,6.02,5.84,5.85,32089541.0,197427634.0,2106190178.0,0.015235823115684475,5.95,5.874,5.8065,6.075333333333334,55.55555459533608,32888004.05,6.125166666666668,False,False,6.01
2024-06-21,5.8,5.93,5.67,5.85,31485668.0,189306080.0,2106190178.0,0.014949109690511529,5.933999999999999,5.895,5.813,6.059833333333333,56.24999901562499,32860127.45,6.120833333333334,False,False,6.01
2024-06-24,5.83,5.86,5.57,5.59,35294536.0,208997176.0,2106190178.0,0.016757525682469496,5.851999999999999,5.889,5.811999999999999,6.037833333333334,41.346153289571035,33544669.25,6.117499999999999,False,False,6.01
2024-06-25,5.59,5.64,5.34,5.4,31621973.0,179244321.0,2106190178.0,0.015013826068654281,5.7299999999999995,5.843999999999999,5.7945,6.017666666666667,33.33333294444448,33602151.1,6.104,True,False,6.01
2024-06-26,5.41,5.63,5.33,5.6,24664238.0,140352396.0,2106190178.0,0.01171035657540703,5.6579999999999995,5.8149999999999995,5.7855,6.0008333333333335,44.44444398353909,32515050.55,6.0915,True,True,6.01
2024-06-27,5.58,5.68,5.51,5.52,23754174.0,137557375.0,2106190178.0,0.011278266439622528,5.592,5.771,5.7765,5.9895000000000005,45.45454497245179,32371826.55,6.075333333333334,True,True,6.01
2024-06-28,5.54,5.72,5.48,5.61,25956676.0,148915696.0,2106190178.0,0.012323994419463103,5.544,5.739,5.769,5.9766666666666675,48.57142808571429,32370288.05,6.059833333333333,True,True,6.01
2024-07-01,5.61,5.64,5.49,5.6,23900204.0,135396793.0,2106190178.0,0.011347600159590148,5.546,5.699,5.7615,5.9615,39.66942102861828,32519618.15,6.037833333333334,True,True,6.01
2024-07-02,5.6,5.64,5.56,5.57,16216962.0,92233716.0,2106190178.0,0.00769966652080741,5.58,5.654999999999999,5.751499999999999,5.944166666666666,36.66666623888892,31793459.45,6.017666666666667,True,True,6.01
2024-07-03,5.55,5.65,5.51,5.59,18859336.0,107039882.0,2106190178.0,0.00895424173799371,5.578,5.618,5.741,5.929833333333334,33.91304306540641,31299376.25,6.0008333333333335,True,True,6.01
2024-07-04,5.58,5.6,5.37,5.39,21939000.0,122127208.0,2106190178.0,0.010416438282336345,5.552,5.572,5.723,5.906499999999999,29.54545423209366,30825656.15,5.9895000000000005,True,True,6.01
2024-07-05,5.4,5.43,5.31,5.4,14947200.0,81649767.0,2106190178.0,0.007096795035951402,5.51,5.526999999999999,5.711,5.888833333333333,26.19047589947091,29857541.4,5.9766666666666675,True,True,6.01
2024-07-08,5.4,5.42,5.2,5.22,22423162.0,120671743.0,2106190178.0,0.010646314010111199,5.433999999999999,5.49,5.689500000000001,5.868833333333333,22.377622158540774,29750826.65,5.9615,True,True,6.01
2024-07-09,5.22,5.51,5.17,5.49,32023300.0,175141255.0,2106190178.0,0.015204372489481812,5.418,5.499,5.6715,5.857333333333333,35.757575454178166,29156039.0,5.944166666666666,True,True,6.01
2024-07-10,5.49,5.52,5.45,5.46,19033400.0,106307676.0,2106190178.0,0.009036885746981202,5.392,5.485,5.65,5.844833333333333,37.57961749929005,28112107.8,5.929833333333334,True,True,6.01
2024-07-11,5.55,5.64,5.51,5.61,23537454.0,133683096.0,2106190178.0,0.011175369748590671,5.436,5.494,5.6325,5.832833333333334,43.02325546376423,26374292.9,5.906499999999999,True,True,6.01
2024-07-12,5.58,5.61,5.54,5.58,13629380.0,77295296.0,2106190178.0,0.0064711060484301626,5.4719999999999995,5.4910000000000005,5.615,5.820666666666667,49.66442906355571,25305566.9,5.888833333333333,True,True,6.01
2024-07-15,5.59,5.6,5.44,5.47,18360700.0,103138704.0,2106190178.0,0.008717493886252469,5.522,5.478,5.5885,5.815333333333333,52.482268982445525,24561511.9,5.868833333333333,True,True,6.01
2024-07-16,5.49,5.54,5.39,5.51,15175500.0,84469797.0,2106190178.0,0.007205189805989116,5.526,5.4719999999999995,5.5635,5.803166666666667,46.39999948032002,23688756.85,5.857333333333333,True,True,6.01
2024-07-17,5.52,5.53,5.42,5.43,14509503.0,80812498.0,2106190178.0,0.006888980468885275,5.5200000000000005,5.456,5.537,5.7915,46.39999948032002,22971095.35,5.844833333333333,True,True,5.96
2024-07-18,5.38,5.45,5.24,5.4,21742600.0,118042598.0,2106190178.0,0.010323189343066056,5.478,5.457,5.5145,5.781666666666666,41.17647010380625,22453748.3,5.832833333333334,True,True,5.85
2024-07-19,5.4,5.59,5.36,5.54,25423154.0,142528386.0,2106190178.0,0.012070683011228059,5.470000000000001,5.471,5.499,5.775333333333333,47.7272722210744,22150622.6,5.820666666666667,True,True,5.85
2024-07-22,5.53,5.58,5.47,5.52,19572044.0,110148182.0,2106190178.0,0.00929262903437583,5.48,5.5009999999999994,5.4955,5.77,48.091602539479034,21364498.0,5.815333333333333,False,True,5.61
2024-07-23,5.5,5.78,5.37,5.43,56541536.0,318243999.0,2106190178.0,0.02684540863906735,5.464,5.495,5.497,5.760833333333333,44.202898102289446,22610476.15,5.803166666666667,False,False,5.61
2024-07-24,5.29,5.34,5.17,5.2,41317229.0,221052295.0,2106190178.0,0.019617045712004077,5.418,5.468999999999999,5.477,5.746833333333333,43.2624109179619,23443125.7,5.7915,True,False,5.61
2024-07-25,5.13,5.25,5.09,5.15,18394783.0,96667540.0,2106190178.0,0.008733676185626956,5.367999999999999,5.423,5.4585,5.731833333333333,41.37930994530322,23175156.15,5.781666666666666,True,True,5.61
2024-07-26,5.15,5.27,5.15,5.25,17276803.0,91661461.0,2106190178.0,0.008202869418186034,5.31,5.39,5.440499999999999,5.715833333333334,51.094889988811346,22741162.5,5.775333333333333,True,True,5.61
2024-07-29,5.23,5.29,5.21,5.23,14762201.0,78759173.0,2106190178.0,0.007008959188109935,5.252,5.366,5.422,5.701666666666666,38.39285666294643,22284262.35,5.77,True,True,5.61
2024-07-30,5.23,5.3,5.17,5.27,13509200.0,72017224.0,2106190178.0,0.006414045674084423,5.220000000000001,5.3420000000000005,5.407,5.685666666666667,41.59291983867176,22148874.25,5.760833333333333,True,True,5.61
2024-07-31,5.27,5.51,5.24,5.49,28960175.0,160024308.0,2106190178.0,0.013750028512382512,5.2780000000000005,5.348000000000001,5.402,5.674499999999999,44.999999474999996,22653916.2,5.746833333333333,True,True,5.61
2024-08-01,5.43,5.67,5.43,5.61,33246310.0,189380795.0,2106190178.0,0.01578504654863128,5.37,5.369000000000001,5.413,5.668,51.16279014241935,23219281.7,5.731833333333333,False,True,5.61
2024-08-02,5.57,5.63,5.45,5.46,21505137.0,121302649.0,2106190178.0,0.010210444063707908,5.412000000000001,5.361,5.4159999999999995,5.656833333333334,49.624059628017434,23547178.55,5.715833333333334,False,False,5.61
2024-08-05,5.42,5.51,5.27,5.27,25693100.0,140816889.0,2106190178.0,0.012198850924467658,5.42,5.336,5.4185,5.644333333333334,41.89189149561722,23710675.45,5.701666666666666,False,False,5.61
2024-08-06,5.35,5.38,5.21,5.28,21922332.0,117623045.0,2106190178.0,0.010408524467062632,5.422,5.321,5.4079999999999995,5.631333333333333,44.68085062019015,23205627.05,5.685666666666667,True,False,5.61
2024-08-07,5.26,5.3,5.24,5.25,14197013.0,76074205.0,2106190178.0,0.006740613050185822,5.3740000000000006,5.3260000000000005,5.397499999999999,5.6178333333333335,44.68085062019012,22963807.7,5.674499999999999,True,True,5.61
2024-08-08,5.22,5.33,5.17,5.28,19946979.0,106330658.0,2106190178.0,0.009470644772895716,5.308,5.339,5.380999999999999,5.606,39.999999569230795,22784283.95,5.668,True,True,5.61
2024-08-09,5.34,5.38,5.25,5.26,14787136.0,79785424.0,2106190178.0,0.007020798100027983,5.268,5.34,5.365,5.595,39.999999569230795,22842171.75,5.656833333333334,True,True,5.61
2024-08-12,5.24,5.26,5.16,5.18,13319036.0,70463100.0,2106190178.0,0.0063237575310732454,5.25,5.335,5.350499999999999,5.581333333333333,40.31007708190615,22590088.55,5.644333333333334,True,True,5.61
2024-08-13,5.16,5.22,5.13,5.2,11927102.0,62865707.0,2106190178.0,0.005662879888332667,5.234,5.328,5.335,5.5681666666666665,49.999999351851855,22427668.65,5.631333333333333,True,True,5.61
2024-08-14,5.22,5.24,5.15,5.16,11063000.0,58371601.0,2106190178.0,0.0052526120934175205,5.215999999999999,5.295,5.3215,5.555833333333334,50.467289059306495,22255343.5,5.6178333333333335,True,True,5.61
2024-08-15,5.14,5.28,5.11,5.22,17404712.0,92356688.0,2106190178.0,0.008263599451654075,5.203999999999999,5.255999999999999,5.3125,5.5445,48.543688660571206,22038449.1,5.606,True,True,5.61
2024-08-16,5.21,5.25,5.17,5.18,11995300.0,63557457.0,2106190178.0,0.005695259680391502,5.188,5.228,5.2945,5.5355,47.61904698412696,21367056.4,5.595,True,True,5.61
2024-08-19,5.17,5.22,5.13,5.16,13316137.0,70171079.0,2106190178.0,0.0063223811121580495,5.184,5.2170000000000005,5.2765,5.5280000000000005,44.660193567725564,21054261.05,5.581333333333333,True,True,5.61
2024-08-20,5.18,5.18,5.03,5.05,18239819.0,94264589.0,2106190178.0,0.008660100683462593,5.154,5.194,5.2575,5.516333333333333,26.08695612476376,19139175.2,5.5681666666666665,True,True,5.61
2024-08-21,5.05,5.1,5.01,5.03,12034056.0,62032682.0,2106190178.0,0.005713660677796589,5.128,5.172,5.249,5.503833333333334,14.634146091612223,17675016.55,5.555833333333334,True,True,5.61
2024-08-22,5.04,5.1,4.96,5.0,15517200.0,79214893.0,2106190178.0,0.007367425867845823,5.0840000000000005,5.144,5.2415,5.492166666666667,17.142856800000104,17531137.4,5.5445,True,True,5.61
2024-08-23,4.97,5.06,4.95,5.02,14833800.0,75642939.0,2106190178.0,0.007042953744132407,5.0520000000000005,5.12,5.23,5.479833333333333,26.41509364186551,17408987.25,5.5355,True,True,5.61
2024-08-26,5.03,5.08,5.01,5.04,10800900.0,55444047.0,2106190178.0,0.005128169389839401,5.0280000000000005,5.106,5.2204999999999995,5.468,27.777777057613207,17210922.2,5.5280000000000005,True,True,5.61
2024-08-27,5.04,5.05,4.92,4.93,14270820.0,72052153.0,2106190178.0,0.006775655944588684,5.004,5.079,5.2035,5.454,24.19354784079087,17249003.2,5.516333333333333,True,True,5.61
2024-08-28,4.93,5.02,4.93,5.0,12124629.0,61609551.0,2106190178.0,0.005756663916984614,4.997999999999999,5.063000000000001,5.179,5.440666666666667,28.787878177226844,16407225.9,5.503833333333334,True,True,5.61
2024-08-29,4.97,5.15,4.94,5.13,16267800.0,84130981.0,2106190178.0,0.007723803942266794,5.023999999999999,5.054,5.154999999999999,5.4303333333333335,41.55844080283355,15558300.4,5.492166666666667,True,True,5.61
2024-08-30,5.14,5.33,5.14,5.25,25907279.0,138775609.0,2106190178.0,0.012300541171738386,5.07,5.061,5.1445,5.4238333333333335,54.32098671543976,15778407.5,5.479833333333333,True,True,5.46
2024-09-02,5.24,5.27,5.13,5.13,18757352.0,99388710.0,2106190178.0,0.008905820659467533,5.088,5.058,5.1375,5.415166666666667,46.15384544378697,15431620.1,5.468,False,True,5.28
2024-09-03,5.13,5.21,5.12,5.16,15087800.0,79099187.0,2106190178.0,0.007163550641152026,5.134,5.069,5.131500000000001,5.403666666666666,49.999999222222236,15089893.5,5.454,True,False,5.28
2024-09-04,5.11,5.19,5.09,5.15,9352600.0,49051797.0,2106190178.0,0.004440529681360997,5.164,5.081,5.1265,5.391333333333334,45.88235218546718,14847672.85,5.440666666666667,False,True,5.28
2024-09-05,5.16,5.22,5.15,5.19,10812220.0,57012017.0,2106190178.0,0.005133544023202638,5.176,5.1,5.122,5.3785,50.588234460899706,14390934.9,5.4303333333333335,False,False,5.28
2024-09-06,5.19,5.2,5.05,5.05,12871000.0,66859046.0,2106190178.0,0.0061110341005493,5.136000000000001,5.103,5.1115,5.363833333333334,44.329896267403555,14295128.1,5.4238333333333335,False,False,5.26
2024-09-09,5.04,5.07,4.97,5.0,12193873.0,62227329.0,2106190178.0,0.005789540340359521,5.11,5.098999999999999,5.102500000000001,5.347166666666667,47.25274652578194,14238869.95,5.415166666666667,True,False,5.25
2024-09-10,5.01,5.04,4.85,5.0,18255017.0,91893763.0,2106190178.0,0.008667316556064578,5.078,5.106,5.0925,5.330333333333333,48.314605981567986,14555265.7,5.403666666666666,True,True,5.25
2024-09-11,5.0,5.03,4.96,5.0,11002827.0,55943751.0,2106190178.0,0.005224042498597199,5.048,5.106,5.0845,5.314333333333334,49.99999918604653,14552257.05,5.391333333333334,True,True,5.25
2024-09-12,5.08,5.09,4.99,4.99,14271435.0,73217190.0,2106190178.0,0.006775947941012571,5.008,5.0920000000000005,5.0729999999999995,5.3,48.23529332318345,14395593.2,5.3785,True,True,5.25
2024-09-13,4.99,5.02,4.95,4.96,11016700.0,55867540.0,2106190178.0,0.005230629273212763,4.99,5.063000000000001,5.062,5.285166666666667,45.34883647106545,14346663.2,5.363833333333334,True,True,5.25
2024-09-18,4.95,4.97,4.84,4.9,11852922.0,59045580.0,2106190178.0,0.00562765989691174,4.970000000000001,5.04,5.049,5.273666666666666,48.148147315957985,14273502.45,5.347166666666667,True,True,5.25
2024-09-19,4.93,5.09,4.88,5.05,21564670.0,109770967.0,2106190178.0,0.010238709792331014,4.9799999999999995,5.029000000000001,5.0489999999999995,5.267833333333333,52.80898793334176,14439745.0,5.330333333333333,True,True,5.25
2024-09-20,5.04,5.07,5.0,5.06,13407056.0,68760786.0,2106190178.0,0.0063655486290089425,4.992,5.02,5.0504999999999995,5.258833333333333,45.454544628099164,14508395.0,5.314333333333334,False,True,5.25
2024-09-23,5.07,5.13,5.03,5.08,13736355.0,71053296.0,2106190178.0,0.006521896808503681,5.01,5.009,5.054499999999999,5.251499999999999,37.31343205613725,14419352.75,5.3,False,False,5.25
2024-09-24,5.11,5.23,5.09,5.23,25595729.0,134807382.0,2106190178.0,0.012152620056516093,5.064,5.027,5.0649999999999995,5.245166666666666,57.142856000000066,14957449.2,5.285166666666667,False,False,5.25
2024-09-25,5.28,5.42,5.27,5.3,30856226.0,168043178.0,2106190178.0,0.014650256335968916,5.144,5.057,5.078,5.240166666666667,59.459458334550774,15960215.5,5.273666666666666,False,False,5.25
2024-09-26,5.31,5.49,5.29,5.49,30503270.0,167394551.0,2106190178.0,0.014482676027368692,5.232,5.106,5.106,5.238833333333334,68.47825982750473,16771838.0,5.267833333333333,False,False,5.3
2024-09-27,5.59,5.76,5.55,5.74,31106501.0,179126517.0,2106190178.0,0.01476908463676256,5.368,5.180000000000001,5.143,5.2413333333333325,74.33628226486022,17720931.6,5.258833333333333,False,False,5.49
2024-09-30,5.98,6.28,5.93,6.25,79767809.0,498094727.0,2106190178.0,0.03787303247029006,5.602,5.306,5.199,5.2556666666666665,89.99999916000004,20895932.05,5.251499999999999,False,False,5.74
2024-10-08,6.88,6.88,6.46,6.88,128514025.0,886190683.0,2106190178.0,0.0610172938523693,5.932,5.498,5.2805,5.280333333333334,95.19230705159026,26026269.35,5.245166666666666,False,False,6.25
2024-10-09,6.84,6.92,6.32,6.4,113618073.0,768273111.0,2106190178.0,0.053944830902159874,6.151999999999999,5.648000000000001,5.344,5.3,77.34374957702639,30769305.4,5.240166666666667,False,False,6.88
2024-10-10,6.4,6.55,6.18,6.25,70678289.0,457375503.0,2106190178.0,0.033557410787621665,6.304,5.768,5.3985,5.312666666666667,73.06273024986044,33548829.85,5.238833333333334,False,False,6.88
2024-10-11,6.21,6.25,5.83,5.91,59154985.0,361074763.0,2106190178.0,0.02808625052851234,6.337999999999999,5.853,5.4365000000000006,5.320166666666667,65.13157864742035,36038949.1,5.2413333333333325,False,False,6.88
2024-10-14,5.93,6.1,5.81,6.07,44216857.0,268182801.0,2106190178.0,0.020993762795906458,6.302,5.952,5.4805,5.327833333333333,67.50788613718916,37709180.95,5.2556666666666665,False,False,6.88
2024-10-15,6.05,6.2,5.96,5.98,50034951.0,310288550.0,2106190178.0,0.023756141075309867,6.122,6.027,5.526999999999999,5.3345,66.87499970742188,39567378.5,5.280333333333334,False,False,6.88
2024-10-16,5.9,6.06,5.85,5.98,31116519.0,189232707.0,2106190178.0,0.014773841092330837,6.038000000000001,6.095000000000001,5.576,5.343,65.2459013398549,40513510.8,5.3,False,False,6.88
2024-10-17,6.08,6.08,5.91,5.91,28315509.0,172568974.0,2106190178.0,0.013443946940673655,5.970000000000001,6.1370000000000005,5.621499999999999,5.349666666666667,63.66559456870794,41016535.4,5.312666666666667,False,False,6.88
2024-10-18,5.9,6.39,5.89,6.26,76878186.0,482427720.0,2106190178.0,0.03650106566967382,6.04,6.189,5.6845,5.3635,67.15116251740807,44310303.35,5.320166666666667,False,False,6.88
2024-10-21,6.4,6.54,6.29,6.42,84200984.0,550352609.0,2106190178.0,0.039977863765348925,6.110000000000001,6.206,5.756,5.3805,67.24637653871035,47806780.8,5.327833333333333,False,False,6.88
2024-10-22,6.38,6.52,6.32,6.43,51983201.0,339215684.0,2106190178.0,0.02468115251081567,6.2,6.1610000000000005,5.8294999999999995,5.395333333333332,66.66666639134709,49855105.85,5.3345,False,False,6.88
2024-10-23,6.45,7.07,6.39,6.92,233862299.0,1638224102.0,2106190178.0,0.11103569917037188,6.388,6.212999999999999,5.9305,5.418666666666667,69.37669350371986,60955574.7,5.343,False,False,6.88
2024-10-24,6.89,7.34,6.84,6.97,173856613.0,1246309962.0,2106190178.0,0.0825455435202395,6.6,6.285,6.0265,5.444333333333334,67.62177623303586,68570171.85,5.349666666666667,False,False,6.92
2024-10-25,7.08,7.65,7.05,7.46,191751086.0,1434705587.0,2106190178.0,0.09104167705410314,6.840000000000001,6.44,6.1465000000000005,5.482,67.43515822936823,77487373.35,5.3635,False,False,6.97
2024-10-28,7.57,8.1,7.12,7.99,226057244.0,1755790794.0,2106190178.0,0.10732992982364957,7.153999999999999,6.632000000000001,6.292,5.529333333333333,66.46884245383865,88103417.8,5.3805,False,False,7.46
2024-10-29,7.94,7.94,7.51,7.52,181197024.0,1413541947.0,2106190178.0,0.08603070410862015,7.372,6.786,6.406499999999999,5.567166666666666,66.66666638888887,95883482.55,5.395333333333332,False,False,7.99
2024-10-30,7.42,7.8,7.32,7.54,165892602.0,1279047062.0,2106190178.0,0.0787643033059477,7.4959999999999996,6.942,6.5185,5.605666666666667,69.96903994440663,102635301.35,5.418666666666667,False,False,7.99
2024-10-31,7.5,8.06,7.42,7.81,185473190.0,1444288892.0,2106190178.0,0.08806098895405635,7.664,7.132,6.6345,5.648,80.06329078452971,110383797.35,5.444333333333334,False,False,7.99
2024-11-01,7.71,8.03,7.27,7.32,156763732.0,1201483876.0,2106190178.0,0.07442999860005994,7.636,7.238000000000001,6.713500000000001,5.6785000000000005,67.90830918317585,116666658.9,5.482,False,False,7.99
2024-11-04,7.26,7.49,7.25,7.37,72058734.0,539996985.0,2106190178.0,0.034212833557331304,7.511999999999999,7.333,6.769499999999999,5.707833333333334,70.1449272515858,116281205.15,5.529333333333333,False,False,7.99
2024-11-05,7.34,8.11,7.28,8.11,171120007.0,1345074472.0,2106190178.0,0.0812462278038408,7.630000000000001,7.5009999999999994,6.831,5.752,75.41766084585984,118411504.25,5.567166666666666,False,False,7.99
2024-11-06,8.21,8.92,8.18,8.92,307840858.0,2709845527.0,2106190178.0,0.14616004823093426,7.906000000000001,7.700999999999999,6.956999999999999,5.812833333333333,80.52738313846179,128122643.5,5.605666666666667,False,False,8.11
2024-11-07,9.14,9.18,8.37,8.76,317254574.0,2822243720.0,2106190178.0,0.15062959523496552,8.096,7.88,7.0825000000000005,5.870833333333334,76.37130779130837,140451457.75,5.648,False,False,8.92
2024-11-08,8.69,9.58,8.5,8.94,265406078.0,2457284437.0,2106190178.0,0.12601239943679957,8.42,8.028,7.234,5.932333333333333,76.47058801038062,150764012.4,5.6785000000000005,False,False,8.92
2024-11-11,9.06,9.41,8.79,8.99,236452572.0,2177388179.0,2106190178.0,0.11226553730515022,8.744,8.128,7.380000000000001,5.994166666666667,76.66666644305556,160375798.15,5.707833333333334,False,False,8.94
2024-11-12,8.84,8.9,8.39,8.5,167551252.0,1472018818.0,2106190178.0,0.07955181528721382,8.822,8.225999999999999,7.506,6.048166666666666,66.45833313949652,166251613.2,5.752,False,False,8.99
2024-11-13,8.49,8.73,8.44,8.6,95910518.0,837240285.0,2106190178.0,0.04553744433993842,8.758,8.332,7.6370000000000005,6.105166666666666,66.80412351850356,169491313.15,5.812833333333333,False,False,8.99
2024-11-14,8.59,9.04,8.51,8.52,127550525.0,1132680009.0,2106190178.0,0.060559832788281094,8.71,8.403,7.7675,6.1605,61.93693674164029,174453063.95,5.870833333333334,False,False,8.99
2024-11-15,8.46,8.57,7.94,7.95,122030293.0,1023217860.0,2106190178.0,0.05793887668580705,8.511999999999999,8.466,7.851999999999999,6.206999999999999,49.553571273716514,176710669.3,5.932333333333333,False,False,8.99
2024-11-18,7.95,8.04,7.36,7.45,127547348.0,984647514.0,2106190178.0,0.06055832437748648,8.203999999999999,8.474,7.903499999999999,6.2441666666666675,49.22394663212079,178877987.5,5.994166666666667,False,False,8.99
2024-11-19,7.52,7.67,7.38,7.65,81629935.0,628013066.0,2106190178.0,0.03875715301146941,8.033999999999999,8.427999999999999,7.964499999999999,6.285333333333333,51.17270773637145,180360324.2,6.048166666666666,True,False,8.99
2024-11-20,7.65,7.86,7.52,7.78,73405710.0,577052334.0,2106190178.0,0.034852365549299415,7.87,8.314,8.0075,6.328999999999999,49.6703295174979,172337494.75,6.105166666666666,True,True,8.99
2024-11-21,7.76,7.91,7.68,7.8,76299690.0,603294865.0,2106190178.0,0.036226401014011374,7.725999999999999,8.218,8.049000000000001,6.374833333333333,55.8823527494233,167459648.6,6.1605,True,True,8.99
2024-11-22,7.8,7.84,7.38,7.4,74200093.0,575489363.0,2106190178.0,0.03522953139514641,7.616,8.064,8.046,6.414333333333333,50.33860029238366,161582098.95,6.206999999999999,True,True,8.99
2024-11-25,7.39,7.46,7.07,7.23,65974388.0,482972908.0,2106190178.0,0.03132404124239535,7.572,7.888000000000001,8.008,6.451499999999999,38.60103612942631,153577956.15,6.2441666666666675,True,True,8.99
2024-11-26,7.28,7.36,7.21,7.23,45919364.0,339862702.0,2106190178.0,0.021802097683127644,7.488000000000001,7.761,7.9935,6.488333333333333,22.29508186487503,146814073.15,6.285333333333333,True,True,8.99
2024-11-27,7.18,7.34,6.98,7.32,58332876.0,424916832.0,2106190178.0,0.02769592062925288,7.396000000000001,7.633,7.9825,6.526333333333333,25.838926053105723,141436086.85,6.328999999999999,True,True,8.99
2024-11-28,7.32,7.44,7.24,7.3,51653223.0,386019543.0,2106190178.0,0.024524481948277322,7.296000000000001,7.511,7.957000000000001,6.565833333333333,20.92198571173482,134745088.5,6.374833333333333,True,True,8.99
2024-11-29,7.28,7.57,7.2,7.41,65797506.0,494423629.0,2106190178.0,0.031240059272558244,7.298,7.457000000000001,7.961499999999999,6.606,22.569444334731855,130196777.2,6.414333333333333,True,True,8.99
2024-12-02,7.39,7.62,7.38,7.6,67022000.0,513508735.0,2106190178.0,0.031821437921452506,7.372,7.4719999999999995,7.973000000000001,6.647166666666666,32.55813935821163,129944940.5,6.451499999999999,True,True,8.99
2024-12-03,7.68,7.69,7.52,7.62,69188577.0,535668463.0,2106190178.0,0.03285010903701973,7.45,7.469000000000001,7.9485,6.6866666666666665,30.399999829760006,124848369.0,6.488333333333333,True,True,8.99
2024-12-04,7.74,7.83,7.49,7.53,86992100.0,677055693.0,2106190178.0,0.041303060335513536,7.492,7.444000000000001,7.8790000000000004,6.7266666666666675,30.278884293265193,113805931.1,6.526333333333333,True,True,8.99
2024-12-05,7.5,7.58,7.45,7.52,56251869.0,430377725.0,2106190178.0,0.026707877373835138,7.536,7.416000000000001,7.817,6.766000000000001,38.97435869454305,100755795.85,6.565833333333333,True,True,8.99
2024-12-06,7.53,7.64,7.38,7.56,60843900.0,465250730.0,2106190178.0,0.02888813205737018,7.566,7.432,7.748,6.806166666666667,53.69127466330344,90527686.95,6.606,True,True,8.99
2024-12-09,7.55,7.74,7.46,7.55,64728036.0,499254078.0,2106190178.0,0.03073228461328434,7.556,7.464,7.676,6.8455,46.15384565680472,81941460.15,6.647166666666666,True,True,8.99
2024-12-10,7.77,7.8,7.5,7.51,70809522.0,551065269.0,2106190178.0,0.03361971902615149,7.534000000000001,7.491999999999999,7.626499999999998,6.8865,38.8429747571887,77104373.65,6.6866666666666665,True,True,8.6
2024-12-11,7.44,7.66,7.43,7.63,56548629.0,436849047.0,2106190178.0,0.02684877633115617,7.553999999999999,7.523000000000001,7.578,6.9303333333333335,43.51144991667154,75136279.2,6.7266666666666675,True,True,8.6
2024-12-12,7.64,7.64,7.47,7.6,56184288.0,431847050.0,2106190178.0,0.026675790527782055,7.57,7.553,7.532000000000001,6.973666666666666,60.638296969216796,71567967.35,6.766000000000001,False,True,8.52
2024-12-13,7.55,7.56,7.37,7.39,59074247.0,448318669.0,2106190178.0,0.02804791685815183,7.536,7.550999999999999,7.504,7.0135,58.163264475218625,68420165.05,6.806166666666667,False,False,7.95
2024-12-16,7.39,7.43,7.25,7.29,38469100.0,287445786.0,2106190178.0,0.018264779886367887,7.484,7.5200000000000005,7.496,7.051833333333333,52.77777709362139,63966252.65,6.8455,True,False,7.8
2024-12-17,7.28,7.34,7.12,7.15,36544600.0,268087411.0,2106190178.0,0.017351044735524353,7.412000000000001,7.472999999999999,7.470999999999999,7.088333333333334,42.47787557992014,61711985.9,6.8865,True,True,7.8
2024-12-18,7.18,7.39,7.11,7.32,37730580.0,279396743.0,2106190178.0,0.017914137286419347,7.35,7.452,7.448,7.128666666666667,50.781249444580105,59928229.4,6.9303333333333335,True,True,7.8
2024-12-19,7.24,7.41,7.22,7.39,39158453.0,292030953.0,2106190178.0,0.018592078440506334,7.308,7.439,7.4275,7.167666666666666,49.193547831685734,58071167.55,6.973666666666666,True,True,7.8
2024-12-20,7.39,7.99,7.34,7.72,123491821.0,965476124.0,2106190178.0,0.05863279692874914,7.3740000000000006,7.455,7.4435,7.212000000000001,54.34782553560178,60535753.95,7.0135,True,True,7.63
2024-12-23,7.58,7.61,7.25,7.27,99871871.0,750335150.0,2106190178.0,0.04741825882733748,7.37,7.427,7.4455,7.248500000000001,40.331491400750885,62230628.1,7.051833333333333,False,True,7.72
2024-12-24,7.33,7.42,7.13,7.34,57207745.0,424085809.0,2106190178.0,0.02716171863184902,7.4079999999999995,7.410000000000001,7.4510000000000005,7.283666666666666,44.69273708061545,62795047.15,7.088333333333334,True,False,7.72
2024-12-25,7.27,7.34,7.09,7.15,40566751.0,296780342.0,2106190178.0,0.01926072556207695,7.374,7.361999999999999,7.4425,7.3145,40.60913676724473,61906740.9,7.128666666666667,True,True,7.72
2024-12-26,7.14,7.39,7.12,7.36,44117261.0,328344627.0,2106190178.0,0.02094647551812864,7.367999999999999,7.337999999999999,7.4455,7.3456666666666655,45.327102507205886,61529942.8,7.167666666666666,True,True,7.72
2024-12-27,7.36,7.47,7.29,7.31,41740839.0,313624014.0,2106190178.0,0.019818171899194947,7.286,7.33,7.4405,7.371833333333333,44.49541255828634,60327109.45,7.212000000000001,True,True,7.72
2024-12-30,7.3,7.34,7.15,7.22,31064141.0,229014640.0,2106190178.0,0.014748972492834406,7.276000000000001,7.322999999999999,7.4215,7.388000000000001,43.49775757445354,58529216.5,7.248500000000001,True,True,7.72
2024-12-31,7.25,7.27,6.8,6.8,55830900.0,397939673.0,2106190178.0,0.02650800510949871,7.168000000000001,7.287999999999999,7.3805000000000005,7.386666666666667,33.59683775875267,57861332.65,7.283666666666666,True,True,7.72
2025-01-02,6.82,6.86,6.49,6.55,45167176.0,307698915.0,2106190178.0,0.021444965640704836,7.048,7.211,7.3315,7.389166666666667,30.909090751735533,55770086.45,7.3145,True,True,7.72
2025-01-03,6.62,6.71,6.39,6.43,42946351.0,286143502.0,2106190178.0,0.020390538066596187,6.861999999999999,7.114999999999999,7.276999999999999,7.392166666666666,31.954887049861497,55104810.55,7.3456666666666655,True,True,7.72
2025-01-06,6.42,6.46,6.29,6.36,33945719.0,219617805.0,2106190178.0,0.016117119600393463,6.672,6.978999999999999,7.216999999999999,7.399666666666666,32.3193914629386,53759901.5,7.371833333333333,True,True,7.72
2025-01-07,6.37,6.51,6.37,6.51,33307805.0,218622722.0,2106190178.0,0.015814243817065223,6.529999999999999,6.9030000000000005,7.165000000000001,7.406999999999999,37.878787677915504,52188889.95,7.388000000000001,True,True,7.72
2025-01-08,6.46,6.48,6.17,6.38,40154104.0,258804947.0,2106190178.0,0.019064804507886182,6.446,6.8069999999999995,7.108500000000001,7.413666666666667,31.923076751183416,50656119.05,7.386666666666667,True,True,7.72
2025-01-09,6.36,6.51,6.34,6.43,30322940.0,199052785.0,2106190178.0,0.014397056978394095,6.422,6.734999999999999,7.0485,7.421166666666666,31.395348666846942,49344834.6,7.389166666666667,True,True,7.72
2025-01-10,6.38,6.54,6.3,6.32,31977900.0,209873749.0,2106190178.0,0.015182816981116887,6.4,6.631,6.9845,7.427999999999999,20.338982930192458,48134515.2,7.392166666666666,True,True,7.72
2025-01-13,6.24,6.35,6.16,6.3,22341202.0,142293365.0,2106190178.0,0.01060740014523038,6.388,6.529999999999999,6.93,7.4286666666666665,24.870466140835987,46297862.95,7.399666666666666,True,True,7.72
2025-01-14,6.34,6.63,6.27,6.61,37817405.0,250285726.0,2106190178.0,0.01795536100918993,6.4079999999999995,6.468999999999999,6.895999999999999,7.4318333333333335,33.17972328824142,46265278.2,7.406999999999999,True,True,7.72
2025-01-15,6.59,6.61,6.47,6.52,28056028.0,186242038.0,2106190178.0,0.01332074771454945,6.436,6.441,6.864500000000001,7.433333333333334,34.782608460407474,45840849.6,7.413666666666667,True,True,7.72
2025-01-16,6.55,6.7,6.47,6.53,29445968.0,197017231.0,2106190178.0,0.013980678624169332,6.456,6.439,6.825,7.426833333333334,27.807486422831673,45426619.0,7.421166666666666,True,True,7.72
2025-01-17,6.49,6.69,6.49,6.62,31413509.0,210761860.0,2106190178.0,0.014914849251566494,6.516,6.458,6.786499999999999,7.421,31.937172540774668,45039371.8,7.427999999999999,True,True,7.72
2025-01-20,6.67,6.73,6.6,6.68,29487400.0,200705473.0,2106190178.0,0.014000350162111524,6.5920000000000005,6.49,6.7345,7.408,35.63829760694885,40339150.75,7.4286666666666665,True,True,7.72
2025-01-21,6.71,6.74,6.62,6.72,26481692.0,180296041.0,2106190178.0,0.01257326725602079,6.614,6.511,6.706999999999999,7.386833333333333,47.33333289155556,36669641.8,7.4318333333333335,True,True,7.36
2025-01-22,6.72,6.77,6.63,6.68,23701410.0,161251055.0,2106190178.0,0.011253214570825901,6.645999999999999,6.5409999999999995,6.6739999999999995,7.372833333333333,55.03875909260261,34994325.05,7.433333333333334,False,True,7.36
2025-01-23,6.74,6.86,6.62,6.62,32070219.0,220183152.0,2106190178.0,0.015226649205274188,6.664,6.5600000000000005,6.647499999999999,7.3575,57.72357657875606,34569498.45,7.426833333333334,False,False,7.36
2025-01-24,6.68,6.78,6.62,6.77,29098800.0,199011437.0,2106190178.0,0.013815846405490169,6.694,6.6049999999999995,6.617999999999999,7.340166666666666,65.64885426024122,33818575.4,7.421,True,False,7.36
2025-01-27,6.77,6.81,6.64,6.65,24925600.0,169928937.0,2106190178.0,0.011834448883276484,6.688,6.639999999999999,6.584999999999999,7.329,55.468749393310574,32977813.45,7.408,False,True,7.31
2025-02-05,6.74,6.84,6.69,6.77,30515760.0,210063111.0,2106190178.0,0.014488606166123713,6.698,6.656000000000001,6.5625,7.319,65.35432998821999,32950394.4,7.386833333333333,False,False,7.22
2025-02-06,6.74,6.99,6.7,6.99,36694488.0,257768391.0,2106190178.0,0.017422210198912057,6.760000000000001,6.703,6.572,7.300333333333333,69.44444376929015,31993573.8,7.372833333333333,False,False,6.8
2025-02-07,6.99,7.14,6.94,7.04,49124896.0,352103879.0,2106190178.0,0.023324055212643767,6.843999999999999,6.7540000000000004,6.596500000000001,7.269,76.08695574984247,32191459.8,7.3575,False,False,6.99
2025-02-10,6.98,7.09,6.98,7.04,35228400.0,252160682.0,2106190178.0,0.016726124909314813,6.898000000000001,6.795999999999999,6.627,7.240333333333334,77.20588155817478,31805562.25,7.340166666666666,False,False,7.04
2025-02-11,7.01,7.05,6.93,6.96,30590009.0,216459144.0,2106190178.0,0.014523858918119026,6.959999999999999,6.824,6.656999999999999,7.207333333333334,65.48672485237685,31637776.75,7.329,False,False,7.04
2025-02-12,6.92,7.07,6.9,7.06,31858989.0,227054134.0,2106190178.0,0.015126359116465312,7.017999999999999,6.858,6.6845,7.175166666666667,73.68420962142204,31565335.95,7.319,False,False,7.04
2025-02-13,7.05,7.06,6.9,6.9,40177960.0,283816486.0,2106190178.0,0.019076131120387363,7.0,6.88,6.710500000000001,7.1485,64.34108457304254,31566528.75,7.300333333333333,False,False,7.06
2025-02-14,6.91,6.94,6.84,6.9,29627196.0,207449895.0,2106190178.0,0.014066724035401898,6.9719999999999995,6.9079999999999995,6.734,7.120166666666666,61.66666594722228,31531741.55,7.269,False,False,7.06
2025-02-17,6.93,6.97,6.86,6.91,33651700.0,236417069.0,2106190178.0,0.01597752204502019,6.946,6.922,6.7635000000000005,7.093333333333334,59.99999926956527,31615431.55,7.240333333333334,False,False,7.06
2025-02-18,6.91,6.94,6.69,6.73,33625995.0,233281453.0,2106190178.0,0.015965317544083618,6.9,6.93,6.784999999999999,7.0729999999999995,50.387596352382694,32179671.2,7.207333333333334,False,False,7.06
2025-02-19,6.76,7.02,6.74,7.01,50890130.0,358749997.0,2106190178.0,0.024162172310728532,6.890000000000001,6.954000000000001,6.8050000000000015,7.065666666666667,60.7843131692939,32833307.45,7.175166666666667,True,False,7.06
2025-02-20,7.01,7.03,6.93,6.98,31266128.0,221623080.0,2106190178.0,0.014844874089048192,6.906000000000001,6.953,6.828,7.0545,61.999999421333385,32993812.45,7.1485,False,True,7.06
2025-02-21,7.01,7.12,6.94,7.11,49486862.0,355638865.0,2106190178.0,0.023495913387551654,6.948,6.960000000000001,6.857000000000001,7.043333333333334,61.486485904857616,33995857.15,7.120166666666666,False,False,7.06
2025-02-24,7.08,7.2,7.08,7.12,49165530.0,357192507.0,2106190178.0,0.023343347867421305,6.99,6.968000000000001,6.882,7.032,67.15328398529493,34883458.2,7.093333333333334,False,False,7.11
2025-02-25,7.04,7.17,7.0,7.04,37745322.0,271549166.0,2106190178.0,0.017921136654355817,7.052,6.976000000000001,6.9,7.026,60.15037530668781,35296354.3,7.0729999999999995,False,False,7.12
2025-02-26,7.07,7.12,7.01,7.12,36252667.0,260771201.0,2106190178.0,0.017212437594037625,7.074000000000001,6.982000000000001,6.92,7.024166666666668,55.46218422145331,35784903.05,7.065666666666667,False,False,7.12
2025-02-27,7.14,7.2,6.92,7.06,45272604.0,324429705.0,2106190178.0,0.021495021899204773,7.090000000000001,6.998,6.939,7.021333333333333,50.833332740277775,36863462.75,7.0545,False,False,7.12
2025-02-28,7.0,7.43,6.89,7.07,126803679.0,928274238.0,2106190178.0,0.060205237079023165,7.082000000000001,7.015000000000001,6.961500000000001,7.017166666666667,51.23966882863194,41600135.75,7.043333333333334,False,False,7.12
2025-03-03,7.14,7.34,7.06,7.27,114581994.0,842092736.0,2106190178.0,0.05440249185323093,7.112,7.051,6.9864999999999995,7.016666666666667,61.65413468935498,45874295.45,7.032,False,False,7.12
2025-03-04,7.12,7.48,7.05,7.43,121103575.0,898330190.0,2106190178.0,0.0574988793818219,7.19,7.121,7.025499999999999,7.0169999999999995,63.30935188033749,50683194.2,7.026,False,False,7.27
2025-03-05,7.47,7.83,7.27,7.74,167945308.0,1288183950.0,2106190178.0,0.07973890950316644,7.314,7.194,7.074000000000001,7.019333333333334,77.27272657024795,57554671.6,7.024166666666668,False,False,7.43
2025-03-06,7.74,7.74,7.59,7.63,116775641.0,910381475.0,2106190178.0,0.055444015559358475,7.428,7.258999999999999,7.106,7.0195,72.12121150927456,61558729.25,7.021333333333333,False,False,7.74
2025-03-07,7.58,7.72,7.33,7.42,94450506.0,724746987.0,2106190178.0,0.04484424388005099,7.497999999999999,7.289999999999999,7.125,7.017666666666666,63.78378330109569,63825009.75,7.017166666666667,False,False,7.74
2025-03-10,7.42,7.48,7.33,7.46,53708080.0,404783993.0,2106190178.0,0.025500109420793244,7.536,7.324000000000001,7.145999999999999,7.016666666666667,71.34502865565472,64748993.75,7.016666666666667,False,False,7.74
2025-03-11,7.36,7.62,7.29,7.53,57108000.0,434573559.0,2106190178.0,0.02711436061022216,7.556,7.373,7.1745,7.016166666666666,67.3333327048889,66074893.3,7.0169999999999995,False,False,7.74
2025-03-12,7.48,7.55,7.41,7.42,55649690.0,422596627.0,2106190178.0,0.026421968244502943,7.492,7.402999999999999,7.1925,7.013999999999999,63.924050066495724,67264428.35,7.019333333333334,False,False,7.74
2025-03-13,7.43,7.47,7.18,7.24,56723607.0,419375463.0,2106190178.0,0.02693185429905656,7.414,7.421000000000001,7.2095,7.0095,53.9877295976514,68091710.7,7.0195,False,False,7.74
2025-03-14,7.23,7.34,7.17,7.32,38425678.0,284778590.0,2106190178.0,0.01824416351446873,7.394,7.446,7.230499999999999,7.004333333333333,55.88235248096887,68531634.8,7.017666666666666,False,False,7.74
2025-03-17,7.35,7.37,7.25,7.28,35118952.0,260711944.0,2106190178.0,0.016674159991263617,7.358,7.447,7.249,6.999,57.2289151799971,68604997.4,7.016666666666667,False,False,7.74
2025-03-18,7.32,7.54,7.28,7.5,72157391.0,545507327.0,2106190178.0,0.0342596750064229,7.352000000000001,7.453999999999999,7.2875,7.000833333333333,60.55555508456789,70531567.2,7.016166666666666,False,False,7.74
2025-03-19,7.43,7.51,7.32,7.37,44506495.0,334430411.0,2106190178.0,0.02113128029220161,7.3420000000000005,7.417,7.305499999999999,7.002166666666667,58.288769617089436,70212385.45,7.013999999999999,False,False,7.74
2025-03-20,7.34,7.38,7.23,7.26,33664100.0,250377488.0,2106190178.0,0.01598340945259123,7.346000000000001,7.380000000000001,7.319500000000001,7.0040000000000004,54.82233463578035,70332284.05,7.0095,False,False,7.74
2025-03-21,7.22,7.26,7.08,7.08,39893324.0,290357035.0,2106190178.0,0.01894098852833982,7.298,7.346000000000001,7.318,7.0,45.128204804207776,69852607.15,7.004333333333333,True,False,7.74
2025-03-24,7.11,7.12,6.78,6.96,39827834.0,281245270.0,2106190178.0,0.018909894470127947,7.234,7.295999999999999,7.3100000000000005,6.9928333333333335,37.69633480222583,69385722.35,6.999,True,True,7.74
2025-03-25,6.95,6.98,6.85,6.89,20696476.0,145429469.0,2106190178.0,0.009826499152917424,7.112,7.231999999999999,7.302499999999999,6.978999999999999,24.5508979977769,68533280.05,7.000833333333333,True,True,7.74
2025-03-26,6.9,6.95,6.87,6.91,15916536.0,112038985.0,2106190178.0,0.007557026979925456,7.0200000000000005,7.181,7.291999999999999,6.973,27.215189632270494,67516473.5,7.002166666666667,True,True,7.74
2025-03-27,6.89,6.98,6.81,6.91,19255300.0,135248833.0,2106190178.0,0.009142241855046767,6.95,7.148000000000001,7.284500000000001,6.965833333333334,31.386860993126987,66215608.3,7.0040000000000004,True,True,7.74
2025-03-28,6.93,6.95,6.8,6.81,18068700.0,126129760.0,2106190178.0,0.008578854933773222,6.895999999999999,7.0969999999999995,7.271499999999999,6.960166666666666,27.272727005721563,60778859.35,7.0,True,True,7.74
2025-03-31,6.76,6.8,6.62,6.69,22276120.0,152001963.0,2106190178.0,0.010576499801719234,6.8420000000000005,7.038000000000001,7.2425000000000015,6.949000000000001,21.621621417092783,56163565.65,6.9928333333333335,True,True,7.74
2025-04-01,6.72,6.8,6.72,6.74,15959122.0,109695953.0,2106190178.0,0.007577246426604502,6.812,6.962000000000001,7.208,6.9395,26.05633777127555,50906343.0,6.978999999999999,True,True,7.74
2025-04-02,6.74,6.81,6.72,6.74,10372920.0,71333394.0,2106190178.0,0.004924968366270674,6.7780000000000005,6.898999999999999,7.1579999999999995,6.9315,29.8387093405307,43027723.6,6.973,True,True,7.74
2025-04-03,6.66,6.79,6.64,6.7,14864198.0,101504938.0,2106190178.0,0.007057386438918243,6.736,6.843000000000001,7.1114999999999995,6.929833333333333,24.16666638472222,37932151.45,6.965833333333334,True,True,7.63
2025-04-07,6.12,6.39,6.03,6.03,33932952.0,211010966.0,2106190178.0,0.016111057944549964,6.58,6.738000000000001,7.042,6.921166666666666,15.846994414285291,34906273.75,6.960166666666666,True,True,7.53
2025-04-08,6.02,6.12,5.7,5.85,44852506.0,268604261.0,2106190178.0,0.02129556317777112,6.412000000000001,6.627,6.961499999999999,6.9115,3.9106144945538546,34463495.05,6.949000000000001,True,True,7.53
2025-04-09,5.78,6.03,5.51,5.98,37110699.0,220900037.0,2106190178.0,0.017619823407988563,6.26,6.536,6.884,6.905166666666667,11.17318427015391,33463630.0,6.9395,True,True,7.53
2025-04-10,6.13,6.26,6.1,6.13,31309310.0,196758364.0,2106190178.0,0.014865376511123393,6.138,6.458,6.819500000000001,6.898833333333333,19.125682913792616,32246611.0,6.9315,True,True,7.5
2025-04-11,6.12,6.39,6.08,6.28,38100100.0,242748007.0,2106190178.0,0.018089582032036235,6.054,6.3950000000000005,6.7715000000000005,6.897166666666667,27.777777561728428,31315435.65,6.929833333333333,True,True,7.5
2025-04-14,6.45,6.48,6.29,6.32,26862457.0,173600553.0,2106190178.0,0.01275405102568093,6.112,6.346,6.721500000000001,6.895333333333334,31.3953485816658,30737274.6,6.921166666666666,True,True,7.5
2025-04-15,6.28,6.31,6.23,6.29,16216781.0,103385623.0,2106190178.0,0.007699580583648511,6.2,6.306,6.672,6.8948333333333345,32.14285687500002,29792166.05,6.9115,True,True,7.5
2025-04-16,6.28,6.31,6.13,6.25,19094081.0,121109410.0,2106190178.0,0.009065696535595563,6.254,6.257,6.6095,6.894,30.588235042214535,27139000.55,6.905166666666667,True,True,7.5
2025-04-17,6.2,6.35,6.2,6.29,18109768.0,116271604.0,2106190178.0,0.008598353647815749,6.286,6.212,6.5555,6.8886666666666665,32.18390778702603,25819164.2,6.898833333333333,True,True,7.37
2025-04-18,6.28,6.32,6.2,6.28,12376834.0,78862685.0,2106190178.0,0.005876408564279232,6.286,6.17,6.5065,6.884666666666667,33.93939365142336,24754800.9,6.897166666666667,True,True,7.26
2025-04-21,6.28,6.35,6.22,6.34,13919300.0,89582687.0,2106190178.0,0.006608757435768462,6.29,6.2010000000000005,6.469500000000001,6.8815,38.99371034848305,23456099.7,6.895333333333334,True,True,7.08
2025-04-22,6.36,6.41,6.31,6.36,17454300.0,112885196.0,2106190178.0,0.008287143384447025,6.304,6.252000000000001,6.4395,6.877166666666667,37.82051248109798,22337423.0,6.8948333333333345,True,True,6.96
2025-04-23,6.4,6.47,6.36,6.38,16354857.0,106397049.0,2106190178.0,0.007765137816533868,6.33,6.292,6.414,6.872166666666667,38.60759459461625,22120342.05,6.894,True,True,6.91
2025-04-24,6.41,6.42,6.28,6.31,14938564.0,96293848.0,2106190178.0,0.007092694741452735,6.3340000000000005,6.3100000000000005,6.3839999999999995,6.865333333333334,37.88819842830137,22071443.45,6.8886666666666665,True,True,6.91
2025-04-25,6.34,6.39,6.3,6.36,12851321.0,83078287.0,2106190178.0,0.006101690689775879,6.35,6.318,6.3565,6.86,66.66666572390571,21751244.5,6.884666666666667,True,True,6.91
2025-04-28,6.3,6.33,6.17,6.18,18586228.0,117705639.0,2106190178.0,0.008824572535823496,6.318,6.304,6.325,6.852666666666666,66.66666572390571,21777120.9,6.8815,False,True,6.81
2025-04-29,6.17,6.27,6.16,6.21,11130300.0,70482767.0,2106190178.0,0.0052845655232183885,6.288,6.296,6.301,6.843333333333334,62.92134732483269,21219829.9,6.877166666666667,True,False,6.74
2025-04-30,6.2,6.27,6.19,6.21,13763700.0,87370606.0,2106190178.0,0.0065348799665706165,6.2540000000000004,6.292,6.274500000000001,6.835999999999999,55.405404357195046,21110058.8,6.872166666666667,True,True,6.74
2025-05-06,6.25,6.39,6.24,6.39,20421402.0,132020239.0,2106190178.0,0.009695896511772642,6.27,6.3020000000000005,6.257,6.829666666666666,57.14285610389608,21612482.9,6.865333333333334,True,True,6.74
2025-05-07,6.49,6.51,6.37,6.45,22687135.0,148393936.0,2106190178.0,0.010771645997107105,6.287999999999999,6.319,6.2445,6.820666666666667,58.227847069379905,22003629.75,6.86,False,True,6.7
2025-05-08,6.44,6.5,6.41,6.48,19106144.0,125761108.0,2106190178.0,0.009071423938622128,6.348000000000001,6.333,6.2669999999999995,6.811333333333334,62.025315356513396,21262289.35,6.852666666666666,False,False,6.45
2025-05-09,6.47,6.47,6.34,6.38,17020902.0,110670971.0,2106190178.0,0.0080813699436025,6.382,6.334999999999999,6.2935,6.800333333333333,57.64705787404843,19870709.15,6.843333333333334,False,False,6.48
2025-05-12,6.45,6.51,6.39,6.51,20912273.0,137946516.0,2106190178.0,0.009928957611917987,6.442,6.348000000000001,6.319999999999999,6.792833333333334,61.70212674060658,19060787.85,6.835999999999999,False,False,6.48
2025-05-13,6.56,6.57,6.43,6.44,18541081.0,122341071.0,2106190178.0,0.008803137149564658,6.452000000000001,6.361,6.335500000000001,6.782500000000001,57.999999188000004,18422376.4,6.829666666666666,False,False,6.51
2025-05-14,6.43,6.5,6.38,6.45,16426230.0,107565325.0,2106190178.0,0.007799025069805448,6.452,6.37,6.343999999999999,6.775,55.78947286204988,17338682.9,6.820666666666667,False,False,6.51
2025-05-15,6.43,6.46,6.35,6.36,15222000.0,98853802.0,2106190178.0,0.007227267584380502,6.428,6.388,6.346,6.766000000000001,49.999999313725496,16756660.05,6.811333333333334,False,False,6.51
2025-05-16,6.34,6.4,6.31,6.32,14843328.0,95967118.0,2106190178.0,0.007047477552143442,6.4159999999999995,6.399,6.3475,6.756166666666667,47.11538398113909,16687987.4,6.800333333333333,False,False,6.51
2025-05-19,6.33,6.39,6.26,6.38,13809528.0,89148491.0,2106190178.0,0.006556638685454927,6.390000000000001,6.4159999999999995,6.354,6.750333333333334,53.398057526628364,16423759.75,6.792833333333334,True,False,6.51
2025-05-20,6.37,6.41,6.35,6.4,12399034.0,80621601.0,2106190178.0,0.00588694892299512,6.382,6.417,6.3595,6.740166666666666,51.99999927200001,16138223.05,6.782500000000001,False,True,6.51
2025-05-21,6.39,6.4,6.33,6.34,12238891.0,79134212.0,2106190178.0,0.005810914478587982,6.36,6.406000000000001,6.3625,6.729500000000001,59.090908150826465,16131325.9,6.775,False,False,6.51
2025-05-22,6.32,6.4,6.26,6.28,15402640.0,99016405.0,2106190178.0,0.007313033818544376,6.343999999999999,6.386,6.3595,6.7156666666666665,53.846153017751504,16205492.9,6.766000000000001,True,False,6.51
2025-05-23,6.26,6.34,6.19,6.19,13551342.0,86363068.0,2106190178.0,0.00643405431358915,6.318,6.367,6.351000000000001,6.700166666666666,48.99999931400003,16010345.0,6.756166666666667,True,True,6.51
2025-05-26,6.2,6.33,6.19,6.27,12869000.0,82184866.0,2106190178.0,0.006110084518683004,6.296,6.343,6.3454999999999995,6.687333333333332,43.333332659259256,15836052.15,6.750333333333334,True,True,6.51
2025-05-27,6.26,6.26,6.19,6.22,12612412.0,79738037.0,2106190178.0,0.005988258862728397,6.26,6.321,6.341,6.672333333333333,37.07865110213354,15719744.55,6.740166666666666,True,True,6.51
2025-05-28,6.22,6.25,6.15,6.16,9900663.0,62361039.0,2106190178.0,0.004700745024554948,6.224,6.292,6.331,6.657333333333335,32.60869515595459,15572211.65,6.729500000000001,True,True,6.51
2025-05-29,6.19,6.31,6.18,6.29,16576898.0,105768164.0,2106190178.0,0.007870560870121007,6.226,6.285,6.3365,6.644333333333333,45.26315722770084,15471745.15,6.7156666666666665,True,True,6.51
2025-05-30,6.27,6.28,6.18,6.22,13165623.0,83237339.0,2106190178.0,0.006250918429646195,6.231999999999999,6.275,6.337000000000001,6.626833333333334,33.70786463830321,15573511.3,6.700166666666666,True,True,6.51
2025-06-03,6.2,6.24,6.18,6.2,10038774.0,63481267.0,2106190178.0,0.004766318875122967,6.218,6.257,6.3365,6.606333333333334,35.714285119047574,15387265.0,6.687333333333332,True,True,6.51
2025-06-04,6.2,6.27,6.2,6.26,11246715.0,71456143.0,2106190178.0,0.005339838309700825,6.226,6.243,6.33,6.581666666666666,39.325842078020415,14928530.65,6.672333333333333,True,True,6.51
2025-06-05,6.25,6.32,6.23,6.3,15430121.0,98558441.0,2106190178.0,0.00732608154817822,6.254,6.239,6.3225,6.5595,46.428570654761884,14565679.95,6.657333333333335,True,True,6.51
2025-06-06,6.29,6.31,6.25,6.3,12088205.0,77295983.0,2106190178.0,0.005739370132035627,6.256,6.241,6.3135,6.540833333333334,48.74999914687499,14214783.0,6.644333333333333,True,True,6.51
2025-06-09,6.31,6.33,6.27,6.3,15407584.0,98820804.0,2106190178.0,0.007315381184917861,6.272,6.252000000000001,6.3095,6.5215,44.59459375091308,14134117.1,6.626833333333334,True,True,6.51
2025-06-10,6.31,6.32,6.17,6.21,18111900.0,114916198.0,2106190178.0,0.00859936590208522,6.273999999999999,6.246,6.2945,6.4995,38.27160427678704,13994098.45,6.606333333333334,True,True,6.51
2025-06-11,6.22,6.28,6.22,6.23,12262200.0,77963178.0,2106190178.0,0.005821981380448732,6.268,6.247,6.284,6.479666666666668,42.85714207792211,13680154.4,6.581666666666666,True,True,6.45
2025-06-12,6.21,6.24,6.18,6.22,12225631.0,77187218.0,2106190178.0,0.0058046187508144385,6.252,6.253,6.2725,6.462666666666666,45.83333244212961,13470124.45,6.5595,True,True,6.45
2025-06-13,6.2,6.2,6.09,6.1,19473049.0,121604030.0,2106190178.0,0.009245627105948834,6.212,6.234,6.2595,6.442333333333334,43.99999917866663,13682676.9,6.540833333333334,True,True,6.4
2025-06-16,6.1,6.14,6.09,6.12,11809600.0,73526114.0,2106190178.0,0.005607091004105898,6.176,6.223999999999999,6.249499999999999,6.423000000000001,39.1304339886579,13530990.5,6.5215,True,True,6.4
2025-06-17,6.12,6.17,6.09,6.15,12914685.0,80581126.0,2106190178.0,0.006131775342463875,6.164,6.219,6.238,6.4005,44.77611846736474,13486248.35,6.4995,True,True,6.4
2025-06-18,6.13,6.18,6.08,6.16,14441543.0,90085045.0,2106190178.0,0.006856713677068529,6.15,6.209,6.226,6.3803333333333345,49.999998870967765,13588373.8,6.479666666666668,True,True,6.4
2025-06-19,6.3,6.39,6.14,6.16,39035440.0,248639785.0,2106190178.0,0.018533672983446988,6.138,6.195,6.217,6.361999999999999,36.734692827988404,14928201.25,6.462666666666666,True,True,6.34
2025-06-20,6.18,6.23,6.08,6.1,21858968.0,134251721.0,2106190178.0,0.010378439814374635,6.138,6.175,6.208,6.345666666666667,37.49999890625005,15251017.65,6.442333333333334,True,True,6.3
2025-06-23,6.04,6.21,6.02,6.19,18750780.0,115811479.0,2106190178.0,0.008902700333454883,6.151999999999999,6.164,6.208,6.332833333333334,49.09090784132238,15510989.55,6.423000000000001,True,True,6.3
2025-06-24,6.19,6.53,6.19,6.43,49677281.0,319270410.0,2106190178.0,0.023586322602250784,6.208,6.186,6.215999999999999,6.325166666666667,61.64383443422779,17351403.6,6.4005,True,True,6.3
2025-06-25,6.44,6.47,6.35,6.46,37354993.0,239863721.0,2106190178.0,0.017735811984211047,6.268,6.2090000000000005,6.228,6.317666666666667,61.11110992283951,18588532.65,6.3803333333333345,False,True,6.43
2025-06-26,6.54,6.62,6.45,6.47,38534501.0,251998046.0,2106190178.0,0.018295831688186708,6.33,6.234,6.2435,6.3103333333333325,61.64383443422779,20020224.55,6.361999999999999,False,False,6.46
2025-06-27,6.51,6.58,6.46,6.51,29965288.0,195594360.0,2106190178.0,0.014227247051571808,6.412000000000001,6.275,6.2545,6.305333333333334,63.63636247933883,20689644.05,6.345666666666667,False,False,6.47
2025-06-30,6.55,6.67,6.52,6.57,30505288.0,201528642.0,2106190178.0,0.014483634155471785,6.4879999999999995,6.32,6.272,6.303333333333333,74.32432291818841,21556627.3,6.332833333333334,False,False,6.51
2025-07-01,6.59,6.66,6.54,6.61,27588793.0,182370508.0,2106190178.0,0.013098908772899993,6.524000000000001,6.366,6.2924999999999995,6.301166666666668,74.99999861842099,22434128.25,6.325166666666667,False,False,6.57
2025-07-02,6.59,6.61,6.5,6.56,24153100.0,158145865.0,2106190178.0,0.01146767288741957,6.544,6.406000000000001,6.3075,6.298166666666666,71.24999875312496,23079447.5,6.317666666666667,False,False,6.61
2025-07-03,6.54,6.59,6.52,6.57,15819319.0,103857082.0,2106190178.0,0.007510869229777597,6.564,6.447,6.321,6.296000000000001,84.05796930896864,23098907.4,6.3103333333333325,False,False,6.61
2025-07-04,6.58,6.59,6.5,6.53,20200007.0,132266980.0,2106190178.0,0.009590780173128317,6.5680000000000005,6.49,6.3325,6.304333333333333,78.87323788137267,23504497.5,6.305333333333334,False,False,6.61
2025-07-07,6.5,6.52,6.47,6.48,12704400.0,82565126.0,2106190178.0,0.0060319339310868254,6.55,6.519,6.3415,6.314833333333334,72.60273833364604,23369338.3,6.303333333333333,False,False,6.61
2025-07-08,6.57,6.65,6.54,6.63,32648801.0,216019030.0,2106190178.0,0.015501354692956886,6.554,6.539,6.3625,6.325666666666667,77.01149301360809,24096183.35,6.301166666666668,False,False,6.61
2025-07-09,6.68,6.75,6.62,6.71,44522815.0,298675666.0,2106190178.0,0.021139028880230587,6.5840000000000005,6.564,6.3865,6.335333333333334,78.94736725761769,25709214.1,6.298166666666666,False,False,6.63
2025-07-10,6.68,6.78,6.64,6.71,32257601.0,217443002.0,2106190178.0,0.015315616479909347,6.612,6.587999999999999,6.411,6.3425,84.2696615957581,26710812.6,6.296000000000001,False,False,6.71
2025-07-11,6.71,6.73,6.65,6.69,29566087.0,198275543.0,2106190178.0,0.01403771003626815,6.644,6.606,6.4405,6.348666666666667,80.48780350386676,27215464.5,6.304333333333333,False,False,6.71
2025-07-14,6.68,6.68,6.63,6.64,17753280.0,118297737.0,2106190178.0,0.008429096377639646,6.676,6.6129999999999995,6.466500000000001,6.3545,66.66666518518517,27512648.5,6.314833333333334,False,False,6.71
2025-07-15,6.64,6.65,6.54,6.59,21341290.0,140866362.0,2106190178.0,0.010132650993684388,6.667999999999999,6.611,6.4885,6.360166666666666,59.999998707692306,27933978.75,6.325666666666667,False,False,6.71
2025-07-16,6.59,6.63,6.55,6.58,16993001.0,112212016.0,2106190178.0,0.008068122801776734,6.642,6.6129999999999995,6.5095,6.365,58.4615372023669,28061551.65,6.335333333333334,False,False,6.71
2025-07-17,6.58,6.65,6.55,6.65,17309200.0,114745587.0,2106190178.0,0.008218251220047233,6.63,6.6209999999999996,6.534000000000001,6.371166666666666,60.29411640570939,26975239.65,6.3425,False,False,6.71
2025-07-18,6.65,6.66,6.59,6.61,17972620.0,118987058.0,2106190178.0,0.008533237020916351,6.614,6.629,6.5595,6.375666666666667,53.030301905417836,26780922.25,6.348666666666667,False,False,6.71
2025-07-21,6.64,6.71,6.63,6.7,27578400.0,184289644.0,2106190178.0,0.013093974270731785,6.6259999999999994,6.651000000000001,6.584999999999999,6.381333333333333,56.338027058123394,27222303.25,6.3545,False,False,6.71
2025-07-22,6.7,6.71,6.65,6.67,26021335.0,174143025.0,2106190178.0,0.012354693926409527,6.642,6.654999999999999,6.5969999999999995,6.386166666666667,57.97101331653019,26039505.95,6.360166666666666,False,False,6.71
2025-07-23,6.68,6.71,6.61,6.63,22617921.0,151153409.0,2106190178.0,0.010738783817460192,6.651999999999999,6.647,6.605499999999999,6.3915,54.16666561342592,25302652.35,6.365,False,False,6.71
2025-07-24,6.63,6.77,6.6,6.75,34111909.0,229707407.0,2106190178.0,0.016196025105573348,6.672,6.651000000000001,6.6194999999999995,6.398,63.749998884375,25081522.75,6.371166666666666,False,False,6.71
2025-07-25,6.77,6.77,6.68,6.71,21165649.0,142445499.0,2106190178.0,0.010049258239395321,6.692,6.6530000000000005,6.6295,6.406833333333334,64.55696088126902,24641540.8,6.375666666666667,False,False,6.75
2025-07-28,6.72,6.72,6.68,6.68,18010400.0,120860642.0,2106190178.0,0.008551174622370686,6.688,6.656999999999999,6.635,6.414666666666666,53.73134216083761,24016796.4,6.381333333333333,False,False,6.75
2025-07-29,6.68,6.73,6.64,6.73,21516547.0,144005190.0,2106190178.0,0.010215861428255127,6.7,6.671000000000001,6.641,6.423333333333334,51.56249887207037,23713184.1,6.386166666666667,False,False,6.75
2025-07-30,6.72,6.72,6.64,6.67,21694660.0,145229672.0,2106190178.0,0.010300427865730936,6.708,6.6800000000000015,6.6465000000000005,6.428,47.14285620000002,23590262.1,6.3915,False,False,6.75
2025-07-31,6.66,6.71,6.54,6.58,23926203.0,158580425.0,2106190178.0,0.011359944249061065,6.6739999999999995,6.673,6.647,6.430166666666667,42.8571420779221,23995606.3,6.398,False,False,6.75
2025-08-01,6.56,6.63,6.55,6.58,13916802.0,91845682.0,2106190178.0,0.006607571408017458,6.647999999999999,6.67,6.649500000000001,6.4318333333333335,45.83333244212969,23681446.05,6.406833333333334,True,False,6.75
2025-08-04,6.54,6.6,6.52,6.59,14750814.0,96952244.0,2106190178.0,0.007003552743754178,6.63,6.659000000000001,6.654999999999999,6.435333333333333,49.99999897058826,23783766.75,6.414666666666666,True,True,6.75
2025-08-05,6.59,6.63,6.56,6.61,14772108.0,97627447.0,2106190178.0,0.007013662941884633,6.606,6.6530000000000005,6.654000000000001,6.436999999999999,52.173911984877165,22889932.1,6.423333333333334,True,True,6.75
2025-08-06,6.61,6.67,6.56,6.66,20383214.0,135059853.0,2106190178.0,0.009677765195617583,6.604000000000001,6.656000000000001,6.6515,6.440666666666667,50.746267596346634,21682952.05,6.428,True,True,6.75
2025-08-07,6.66,6.77,6.65,6.72,40193055.0,270135233.0,2106190178.0,0.019083298089523235,6.632000000000001,6.6530000000000005,6.651999999999999,6.445166666666666,57.971013316530104,22079724.75,6.430166666666667,False,True,6.75
2025-08-08,6.72,6.72,6.65,6.65,20139126.0,134626516.0,2106190178.0,0.009561874426327327,6.646000000000001,6.647,6.65,6.45,46.2686557496102,21608376.7,6.4318333333333335,False,False,6.75
2025-08-11,6.66,6.73,6.63,6.72,25954858.0,174069023.0,2106190178.0,0.01232313124954664,6.672,6.651000000000001,6.654000000000001,6.456666666666666,53.52112570521723,22018455.6,6.435333333333333,False,False,6.75
2025-08-12,6.74,6.86,6.69,6.83,41715442.0,283816099.0,2106190178.0,0.019806113633865783,6.715999999999999,6.661,6.6659999999999995,6.464166666666666,62.820511692965184,23037163.2,6.436999999999999,False,False,6.75
2025-08-13,6.81,6.87,6.79,6.83,30362339.0,207986495.0,2106190178.0,0.014415763266369197,6.75,6.677,6.6785,6.471333333333334,56.060604871441726,23705630.1,6.440666666666667,False,False,6.83
2025-08-14,6.85,6.93,6.73,6.74,43057684.0,295167243.0,2106190178.0,0.020443397965556366,6.7540000000000004,6.6930000000000005,6.683,6.478,52.11267502876417,24993054.3,6.445166666666666,False,False,6.83
2025-08-15,6.73,6.89,6.7,6.89,36156524.0,248123707.0,2106190178.0,0.01716678976935197,6.802,6.724000000000001,6.697,6.488166666666667,62.65060135288143,25902249.5,6.45,False,False,6.83
2025-08-18,6.91,6.97,6.88,6.92,46264428.0,321554549.0,2106190178.0,0.021965930941683462,6.8420000000000005,6.757,6.708,6.500333333333333,61.72839399481787,26836550.9,6.456666666666666,False,False,6.89
2025-08-19,6.92,6.98,6.89,6.91,30965423.0,215160842.0,2106190178.0,0.01470210208149589,6.858,6.787000000000001,6.720000000000001,6.511,65.78947247229925,27083755.3,6.464166666666666,False,False,6.92
2025-08-20,6.89,7.0,6.84,7.0,42212273.0,292960117.0,2106190178.0,0.020042004487972692,6.892,6.821,6.7385,6.524,77.63157751731312,28063472.9,6.471333333333334,False,False,6.92
2025-08-21,7.01,7.08,6.91,6.96,36768529.0,257594800.0,2106190178.0,0.017457364194393275,6.936,6.845000000000001,6.749,6.537333333333333,73.74999870937508,28196303.9,6.478,False,False,7.0
2025-08-22,6.95,7.16,6.94,7.16,63053271.0,448005262.0,2106190178.0,0.029937121376130547,6.989999999999999,6.895999999999999,6.771499999999999,6.551833333333334,78.78787767370684,30290685.0,6.488166666666667,False,False,7.0
2025-08-25,7.28,7.32,7.07,7.12,74085209.0,533768540.0,2106190178.0,0.03517498551358262,7.029999999999999,6.936,6.7935,6.566833333333333,75.2475237094403,33094425.45,6.500333333333333,False,False,7.16
2025-08-26,7.12,7.23,7.06,7.17,53650052.0,384792980.0,2106190178.0,0.025472558252524525,7.081999999999999,6.970000000000001,6.8155,6.583,75.2475237094403,34701100.7,6.511,False,False,7.16
2025-08-27,7.15,7.29,7.02,7.03,69031818.0,496392812.0,2106190178.0,0.03277568128513037,7.087999999999999,6.989999999999999,6.833500000000001,6.595833333333333,64.2201826613922,37067958.6,6.524,False,False,7.17
2025-08-28,7.03,7.18,6.95,7.16,67663905.0,481879732.0,2106190178.0,0.03212620859539494,7.128,7.032000000000001,6.8625,6.610166666666667,72.17391216483935,39254843.7,6.537333333333333,False,False,7.17
2025-08-29,7.18,7.19,7.05,7.08,44064994.0,313706339.0,2106190178.0,0.020921659620425786,7.112,7.051,6.8875,6.623166666666666,65.51724058858505,40762253.3,6.551833333333334,False,False,7.17
2025-09-01,7.1,7.2,7.05,7.15,53171379.0,379554323.0,2106190178.0,0.025245288652181723,7.118,7.074,6.9155,6.637333333333333,64.2857134821429,42683281.55,6.566833333333333,False,False,7.17
2025-09-02,7.13,7.16,6.9,6.96,54652742.0,383180729.0,2106190178.0,0.025948626373282803,7.0760000000000005,7.079000000000001,6.933,6.6498333333333335,54.96183147369035,44677313.25,6.583,False,False,7.17
2025-09-03,6.95,6.99,6.79,6.84,45363932.0,313101864.0,2106190178.0,0.021538383605547325,7.037999999999999,7.063000000000001,6.942,6.659999999999999,53.73134272220984,45926349.15,6.595833333333333,False,False,7.17
2025-09-04,6.83,6.9,6.58,6.67,47563030.0,320983064.0,2106190178.0,0.022582495397051462,6.94,7.034000000000001,6.9395,6.6675,41.91176427443773,46294847.9,6.610166666666667,True,False,7.17
2025-09-05,6.7,6.88,6.66,6.86,37681909.0,256057631.0,2106190178.0,0.017891028736912094,6.896000000000001,7.0040000000000004,6.95,6.680166666666667,48.02631534712606,47171987.05,6.623166666666666,True,True,7.17
2025-09-08,6.88,7.22,6.78,7.05,77787888.0,546179298.0,2106190178.0,0.03693298393114052,6.8759999999999994,6.997,6.966499999999999,6.695666666666666,54.117646613148786,49763638.55,6.637333333333333,True,True,7.17
2025-09-09,6.95,7.28,6.88,7.08,81884985.0,581411064.0,2106190178.0,0.03887824843896884,6.9,6.9879999999999995,6.979000000000001,6.711166666666667,52.4390239425937,51772115.7,6.6498333333333335,False,True,7.17
2025-09-10,7.04,7.11,6.98,7.05,40856946.0,288547064.0,2106190178.0,0.019398507516921865,6.942,6.99,6.99,6.726,52.760735743159316,52296846.05,6.659999999999999,False,False,7.17
2025-09-11,7.04,7.19,6.96,7.17,61292862.0,436947476.0,2106190178.0,0.02910129514429822,7.042,6.991,7.0115,6.7428333333333335,50.32258019063475,53208604.95,6.6675,False,False,7.17
2025-09-12,7.15,7.6,7.13,7.47,138930667.0,1030889763.0,2106190178.0,0.06596302102781908,7.164,7.029999999999999,7.0405,6.765666666666666,59.66850782576844,58347312.1,6.680166666666667,False,False,7.17
2025-09-15,7.63,7.68,7.31,7.36,100638459.0,748752112.0,2106190178.0,0.04778222785919762,7.226000000000001,7.051,7.0625,6.785166666666667,55.08021349137809,61066013.65,6.695666666666666,False,False,7.47
2025-09-16,7.37,7.39,7.24,7.34,58977506.0,432179134.0,2106190178.0,0.028001985108488146,7.2780000000000005,7.089,7.083999999999999,6.800333333333333,58.8571423862857,62466617.8,6.711166666666667,False,False,7.47
2025-09-17,7.31,7.38,7.23,7.33,47548497.0,349081087.0,2106190178.0,0.02257559526042002,7.3340000000000005,7.138,7.100499999999999,6.8148333333333335,55.21472345214348,62733429.0,6.726,False,False,7.47
2025-09-18,7.27,7.45,7.15,7.23,87467547.0,643422416.0,2091542178.0000002,0.041819642902750004,7.345999999999999,7.194000000000001,7.114,6.827500000000001,54.545454082644646,65268379.9,6.7428333333333335,False,False,7.47
2025-09-19,7.24,7.45,7.22,7.25,60808111.0,446210654.0,2091542178.0000002,0.0290733371956891,7.302,7.233,7.1185,6.839833333333333,53.12499953515624,65156121.9,6.765666666666666,False,False,7.47
2025-09-22,7.23,7.38,7.17,7.31,48759752.0,356023552.0,2091542178.0000002,0.023312822716597396,7.292,7.259,7.128,6.852166666666666,61.904761315192744,63889849.05,6.785166666666667,False,False,7.47
2025-09-23,7.31,7.34,7.03,7.29,64174638.0,461740790.0,2091542178.0000002,0.03068292797296866,7.282000000000001,7.279999999999999,7.134,6.8635,66.42335698545477,64416078.35,6.800333333333333,False,False,7.47
2025-09-24,7.25,7.98,7.21,7.78,193354825.0,1485564067.0,2091542178.0000002,0.09244605584999108,7.372,7.353,7.1715,6.8838333333333335,82.8402360001401,70632228.7,6.8148333333333335,False,False,7.47
2025-09-25,7.63,7.92,7.62,7.83,155427214.0,1211283005.0,2091542178.0000002,0.07431225419925526,7.492,7.419,7.205,6.9048333333333325,81.29032184641002,75020394.15,6.827500000000001,False,False,7.78
2025-09-26,7.78,7.92,7.7,7.73,89178283.0,696301693.0,2091542178.0000002,0.0426375733360898,7.587999999999999,7.445,7.2375,6.924833333333334,73.28767053011828,77276058.6,6.839833333333333,False,False,7.83
2025-09-29,7.78,7.88,7.71,7.82,79760589.0,622725318.0,2091542178.0000002,0.038134822160875395,7.69,7.491,7.271000000000001,6.947166666666666,74.34210457842804,78605519.1,6.852166666666666,False,False,7.83
2025-09-30,7.87,8.22,7.84,8.12,149066481.0,1209781839.0,2091542178.0000002,0.07127108531109909,7.856,7.569,7.328999999999999,6.9719999999999995,79.88826753160018,83326206.05,6.8635,False,False,7.83
2025-10-09,8.61,8.93,8.5,8.93,163972834.0,1457479786.0,2091542178.0000002,0.07839805275014634,8.086,7.728999999999999,7.4334999999999996,7.009,85.48387048517174,89256651.15,6.8838333333333335,False,False,8.12
2025-10-10,8.68,9.04,8.5,8.74,246237595.0,2147648664.0,2091542178.0000002,0.1177301598744044,8.268,7.88,7.537000000000001,7.042833333333333,76.79324849151672,99190379.4,6.9048333333333325,False,False,8.93
2025-10-13,8.28,8.66,8.22,8.57,141833747.0,1206097265.0,2091542178.0000002,0.06781299870109528,8.436,8.011999999999999,7.6225,7.074166666666667,74.89711891005778,104397971.3,6.924833333333334,False,False,8.93
2025-10-14,8.68,8.88,8.24,8.28,173654127.0,1498386883.0,2091542178.0000002,0.0830268348525745,8.528,8.109,7.684,7.1015,67.40740705788753,109191283.25,6.947166666666666,False,False,8.93
2025-10-15,8.23,8.36,8.05,8.25,113101742.0,928030245.0,2091542178.0000002,0.054075764376002936,8.553999999999998,8.205,7.7425,7.129166666666666,66.91176436148359,110752121.1,6.9719999999999995,False,False,8.93
2025-10-16,8.23,8.56,8.18,8.35,124545858.0,1044220306.0,2091542178.0000002,0.05954738054534226,8.437999999999999,8.262,7.807499999999999,7.158666666666666,70.58823493079586,114936566.7,7.009,False,False,8.93
2025-10-17,8.25,8.31,7.82,7.84,115997336.0,930643325.0,2091542178.0000002,0.05546019450151389,8.258,8.263,7.840999999999999,7.1785,59.190030894498314,117671790.4,7.042833333333333,False,False,8.93
2025-10-20,8.0,8.36,7.86,8.08,116123956.0,946935289.0,2091542178.0000002,0.055520733562753895,8.16,8.297999999999998,7.8715,7.203,61.35693190000088,116531454.85,7.074166666666667,True,False,8.93
2025-10-21,8.11,8.89,8.07,8.89,197073955.0,1723883267.0,2091542178.0000002,0.09422423180031131,8.282,8.405000000000001,7.947999999999999,7.2395000000000005,69.13875574929605,121353229.65,7.1015,False,True,8.93
2025-10-22,8.88,8.92,8.5,8.7,226440488.0,1969044612.0,2091542178.0000002,0.1082648441814019,8.372,8.463,8.016000000000002,7.2733333333333325,61.855669879902216,129726378.75,7.129166666666666,False,False,8.93
2025-10-23,8.58,8.73,8.24,8.47,125028852.0,1053801215.0,2091542178.0000002,0.059778307755455645,8.396,8.416999999999998,8.073,7.304,57.88177319942247,133600396.5,7.158666666666666,False,False,8.93
2025-10-24,8.67,9.31,8.64,8.88,254538785.0,2279134160.0,2091542178.0000002,0.12169909250570225,8.604,8.431000000000001,8.1555,7.3395,63.1578945345056,141953958.4,7.1785,False,False,8.93
2025-10-27,9.08,9.16,8.86,9.02,217270844.0,1958082888.0,2091542178.0000002,0.10388068970608154,8.792,8.476,8.244,7.378,63.57466043211646,149777095.05,7.203,False,False,8.93
2025-10-28,8.82,9.03,8.66,8.93,185814404.0,1646692979.0,2091542178.0000002,0.0888408591299276,8.8,8.541,8.325,7.4155,59.619952295800644,156629827.65,7.2395000000000005,False,False,9.02
2025-10-29,8.86,9.07,8.63,8.69,124811669.0,1095050985.0,2091542178.0000002,0.05967446906538071,8.797999999999998,8.585,8.395,7.448166666666666,46.703296523668634,159661679.2,7.2733333333333325,False,False,9.02
2025-10-30,8.78,9.11,8.71,8.95,217613783.0,1940249121.0,2091542178.0000002,0.1040446543650816,8.894,8.645,8.453500000000002,7.486166666666667,52.83018847988607,160874627.1,7.304,False,False,9.02
2025-10-31,8.78,8.93,8.49,8.65,136915976.0,1191660208.0,2091542178.0000002,0.06546173318432595,8.848,8.726,8.494499999999999,7.520666666666667,51.04166648057726,159949065.2,7.3395,False,False,9.02
2025-11-03,8.58,9.52,8.14,9.52,389002347.0,3545547674.0,2091542178.0000002,0.18598828706001833,8.947999999999999,8.870000000000001,8.584,7.5696666666666665,64.02714911846606,174940268.4,7.378,False,False,9.02
2025-11-04,9.75,9.91,9.28,9.32,311139621.0,2962850665.0,2091542178.0000002,0.1487608637648999,9.026,8.913,8.658999999999999,7.615166666666667,61.65577323242248,186509220.0,7.4155,False,False,9.52
2025-11-05,8.98,9.71,8.9,9.49,250931358.0,2334767173.0,2091542178.0000002,0.1199743235586808,9.186,8.992,8.727500000000001,7.663166666666667,62.23175946969001,191602463.85,7.448166666666666,False,False,9.52
2025-11-06,10.18,10.43,9.6,9.86,338516352.0,3375203797.0,2091542178.0000002,0.16185011976363786,9.367999999999999,9.131,8.774000000000001,7.7165,72.345132519285,200329639.75,7.486166666666667,False,False,9.52
2025-11-07,9.59,9.96,9.5,9.68,235020365.0,2284299459.0,2091542178.0000002,0.11236702155570873,9.574,9.211,8.821,7.765833333333333,67.93721951768588,199768778.25,7.520666666666667,False,False,9.86
2025-11-10,9.78,10.07,9.36,9.91,263914641.0,2565141762.0,2091542178.0000002,0.12618184025930745,9.652,9.3,8.888,7.820166666666666,63.14432966906686,205872822.95,7.5696666666666665,False,False,9.86
2025-11-11,9.92,10.08,9.39,9.46,239579990.0,2339662308.0,2091542178.0000002,0.11454705170186627,9.68,9.352999999999998,8.947,7.865833333333333,59.17874376123133,209169116.1,7.615166666666667,False,False,9.91
2025-11-12,9.18,9.87,9.03,9.71,232650320.0,2211750117.0,2091542178.0000002,0.11123386487116779,9.724,9.455,9.02,7.913833333333334,64.90384593541977,215146545.0,7.663166666666667,False,False,9.91
2025-11-13,9.52,9.82,9.4,9.59,175811219.0,1700689792.0,2091542178.0000002,0.08405817527816548,9.67,9.519000000000002,9.082,7.959833333333333,59.17312640092409,217709813.05,7.7165,False,False,9.91
2025-11-14,9.28,9.36,9.02,9.02,160733137.0,1482443262.0,2091542178.0000002,0.07684910143848889,9.538,9.556000000000001,9.141,7.9978333333333325,49.9999998372093,219946603.1,7.765833333333333,False,False,9.91
2025-11-17,9.02,9.35,8.77,8.78,135843649.0,1225225113.0,2091542178.0000002,0.06494903637558869,9.312000000000001,9.482000000000001,9.175999999999998,8.029333333333334,48.31460658957202,220932587.75,7.820166666666666,True,False,9.91
2025-11-18,8.68,8.75,8.48,8.71,106120403.0,917348695.0,2091542178.0000002,0.05073787376426505,9.162,9.421,9.167,8.059166666666666,50.233644695497446,216384910.15,7.865833333333333,True,True,9.91
2025-11-19,8.58,8.66,8.2,8.25,119591903.0,1002724242.0,2091542178.0000002,0.05717881487542251,8.87,9.297,9.144499999999999,8.0815,42.18749986816407,211042480.9,7.913833333333334,True,True,9.91
2025-11-20,8.35,8.4,8.11,8.13,71126613.0,585067178.0,2091542178.0000002,0.034006779183393544,8.578,9.124,9.1275,8.100333333333333,43.95348822898865,208347368.95,7.959833333333333,True,True,9.91
2025-11-21,7.88,8.0,7.6,7.6,99952402.0,778088326.0,2091542178.0000002,0.04778885314929565,8.294,8.916,9.0635,8.111,25.757575666513617,200618049.8,7.9978333333333325,True,True,9.91
2025-11-24,7.65,7.75,7.57,7.69,57036113.0,437931701.0,2091542178.0000002,0.027269884203119328,8.075999999999999,8.693999999999999,8.997000000000002,8.119833333333334,28.831168726328215,192606313.25,8.029333333333334,True,True,9.91
2025-11-25,7.83,8.01,7.79,7.88,75727633.0,599864318.0,2091542178.0000002,0.0362066009457257,7.909999999999999,8.536000000000001,8.944500000000001,8.1325,29.19896630263939,187101974.7,8.059166666666666,True,True,9.91
2025-11-26,7.83,7.9,7.73,7.77,56728344.0,444502432.0,2091542178.0000002,0.02712273488753904,7.814,8.342,8.8985,8.1425,21.052631497302826,183697808.45,8.0815,True,True,9.91
2025-11-27,7.76,8.06,7.76,7.91,83594417.0,665610989.0,2091542178.0000002,0.03996783707222948,7.769999999999999,8.174,8.8465,8.157166666666667,25.210083934750386,176996840.15,8.100333333333333,True,True,9.91
2025-11-28,7.88,7.97,7.82,7.97,50586484.0,400841857.0,2091542178.0000002,0.02418621270567559,7.843999999999999,8.068999999999999,8.812500000000002,8.170666666666667,21.470588146885817,172680365.55,8.111,True,True,9.91
2025-12-01,7.99,8.2,7.98,8.12,75624426.0,615132748.0,2091542178.0000002,0.03615725601685666,7.93,8.003,8.7425,8.187999999999999,28.38709664599375,157011469.5,8.119833333333334,True,True,9.91
2025-12-02,8.12,8.13,7.94,7.96,45527169.0,364474656.0,2091542178.0000002,0.021767272722912307,7.946,7.928,8.6745,8.201500000000001,20.930232460789597,143730846.9,8.1325,True,True,9.91
2025-12-03,7.98,8.01,7.76,7.82,44794334.0,353150363.0,2091542178.0000002,0.021416892506960477,7.956,7.885000000000001,8.591,8.215833333333332,20.792079111851777,133423995.7,8.1425,True,True,9.91
2025-12-04,7.79,7.86,7.71,7.79,38862832.0,303553424.0,2091542178.0000002,0.018580945872753992,7.9319999999999995,7.850999999999999,8.4875,8.231666666666667,25.301204677021346,118441319.7,8.157166666666667,True,True,9.91
2025-12-05,7.85,7.88,7.71,7.88,41842487.0,328158394.0,2091542178.0000002,0.020005566916183888,7.914,7.8790000000000004,8.3975,8.251833333333334,30.769230585141358,108782425.8,8.170666666666667,True,True,9.91
2025-12-08,7.88,8.04,7.88,7.99,62912455.0,502979349.0,2091542178.0000002,0.03007945795296316,7.888,7.909000000000001,8.3015,8.270666666666665,34.87394937469104,98732316.5,8.187999999999999,True,True,9.91
2025-12-09,7.94,7.95,7.8,7.82,46707390.0,368741639.0,2091542178.0000002,0.02233155539070367,7.859999999999999,7.9030000000000005,8.2195,8.2835,39.71291839426754,89088686.5,8.201500000000001,True,True,9.71
2025-12-10,7.8,7.82,7.66,7.79,45800778.0,354609256.0,2091542178.0000002,0.021898089592339073,7.853999999999999,7.904999999999999,8.1235,8.295333333333334,41.49999970949998,79746209.4,8.215833333333332,True,True,9.71
2025-12-11,7.82,7.86,7.63,7.64,37000890.0,286603658.0,2091542178.0000002,0.017690721415611822,7.824,7.878,8.026,8.305166666666667,51.23456745846671,72805692.95,8.231666666666667,True,True,9.59
2025-12-12,7.67,7.85,7.64,7.78,44450466.0,345292772.0,2091542178.0000002,0.021252483678098694,7.804,7.859,7.964,8.315333333333333,52.69461033669189,66991559.4,8.251833333333334,True,True,9.02
2025-12-15,7.7,7.75,7.63,7.65,33597254.0,258773296.0,2091542178.0000002,0.016063388227784522,7.736,7.812,7.907500000000001,8.318333333333333,42.857142484472064,61879239.65,8.270666666666665,True,True,8.78
2025-12-16,7.61,7.66,7.4,7.42,42249828.0,316207180.0,2091542178.0000002,0.02020032320859082,7.656000000000001,7.758,7.843000000000001,8.319333333333333,39.884392740819955,58685710.9,8.2835,True,True,8.71
2025-12-17,7.45,7.54,7.33,7.53,36578574.0,272942631.0,2091542178.0000002,0.01748880533452957,7.604000000000001,7.728999999999999,7.807,8.3225,38.823529092041525,54535044.45,8.295333333333334,True,True,8.25
2025-12-18,7.44,7.76,7.44,7.64,47027437.0,360487562.0,2091542178.0000002,0.02248457501582356,7.603999999999999,7.714,7.782500000000001,8.327666666666667,40.571428246857145,53330085.65,8.305166666666667,True,True,8.13
2025-12-19,7.73,7.75,7.6,7.63,44441921.0,340724828.0,2091542178.0000002,0.021248398175979788,7.574,7.689,7.784000000000001,8.334333333333333,34.782608393194735,50554561.6,8.315333333333333,True,True,8.12
2025-12-22,7.59,7.78,7.57,7.75,48312784.0,374255774.0,2091542178.0000002,0.023099120117289835,7.593999999999999,7.665000000000001,7.786999999999999,8.342666666666666,43.31210152460547,50118395.15,8.318333333333333,True,True,8.12
2025-12-23,7.78,8.39,7.72,8.1,146957794.0,1200270242.0,2091542178.0000002,0.07026288809558015,7.7299999999999995,7.6930000000000005,7.797999999999999,8.355833333333333,57.86516808420652,53679903.2,8.319333333333333,True,True,8.12
2025-12-24,8.12,8.53,8.12,8.32,132202817.0,1102402280.0,2091542178.0000002,0.06320829596007314,7.888,7.746,7.825500000000001,8.373,63.45177619881986,57453626.85,8.3225,False,True,8.12
2025-12-25,8.23,8.31,8.15,8.16,78756308.0,647612143.0,2091542178.0000002,0.03765465924063234,7.992,7.798,7.838000000000001,8.379333333333333,56.862744707804694,57211721.4,8.327666666666667,False,False,8.32
2025-12-26,8.16,8.24,8.04,8.07,64966066.0,529440250.0,2091542178.0000002,0.03106132244587228,8.08,7.827,7.842999999999999,8.383333333333333,51.98019765954319,57930700.5,8.334333333333333,False,False,8.32
2025-12-29,8.05,8.15,7.94,8.02,54489757.0,438688156.0,2091542178.0000002,0.02605243038995506,8.134,7.864000000000002,7.838000000000001,8.388166666666667,55.263157487534606,56873967.05,8.342666666666666,False,False,8.32
2025-12-30,7.99,8.15,7.96,8.01,54312445.0,437012413.0,2091542178.0000002,0.025967654667110422,8.116000000000001,7.923,7.8405000000000005,8.391333333333334,55.85106341387505,57313230.85,8.355833333333333,False,False,8.32
2025-12-31,8.06,8.1,7.91,7.95,44134848.0,352923046.0,2091542178.0000002,0.02110158162920872,8.042,7.965000000000001,7.8469999999999995,8.3885,58.65921741830781,57280256.55,8.373,False,False,8.32
2026-01-05,8.08,8.28,8.07,8.28,99633575.0,819357748.0,2091542178.0000002,0.047636416825824104,8.065999999999999,8.029,7.871499999999999,8.377666666666666,62.626262183450656,60318793.7,8.379333333333333,False,False,8.32
2026-01-06,8.4,8.68,8.29,8.56,134680593.0,1148126138.0,2091542178.0000002,0.06439296057074302,8.164,8.122,7.905499999999999,8.374666666666666,71.3615018783751,64960699.0,8.383333333333333,False,False,8.32
2026-01-07,8.87,8.95,8.46,8.54,140871889.0,1216921684.0,2091542178.0000002,0.06735311890038298,8.267999999999999,8.200999999999999,7.933000000000002,8.374166666666666,79.16666608940969,68858670.7,8.388166666666667,False,False,8.56
2026-01-08,8.42,8.62,8.4,8.46,88020717.0,751251030.0,2091542178.0000002,0.04208412238866167,8.358,8.237,7.964999999999999,8.377166666666666,74.60317405055852,70924337.05,8.391333333333334,False,False,8.56
2026-01-09,8.43,8.51,8.33,8.4,81049713.0,684363129.0,2091542178.0000002,0.038751173106871,8.448,8.245000000000001,7.9955,8.379666666666667,70.6521733754726,72686783.8,8.3885,False,False,8.56
2026-01-12,8.47,8.59,8.44,8.53,99747836.0,851226973.0,2091542178.0000002,0.04769104685011998,8.498000000000001,8.282,8.040000000000001,8.382666666666667,72.95918315233234,75824131.1,8.377666666666666,False,False,8.56
2026-01-13,8.58,8.61,8.28,8.32,84668980.0,713442207.0,2091542178.0000002,0.04048160294857797,8.45,8.307,8.067,8.390666666666666,63.90243858798336,77835056.8,8.374666666666666,False,False,8.56
2026-01-14,8.37,8.5,8.18,8.26,89009096.0,746793847.0,2091542178.0000002,0.04255668230659988,8.394,8.331,8.0975,8.393666666666666,54.54545411157026,80605648.9,8.374166666666666,False,False,8.56
2026-01-15,8.2,8.59,8.17,8.58,121644944.0,1029139324.0,2091542178.0000002,0.05816040684215166,8.418,8.388,8.1555,8.3885,56.989246882876635,84575404.7,8.377166666666666,False,False,8.56
2026-01-16,8.68,9.44,8.65,9.28,332539485.0,3050554325.0,2091542178.0000002,0.1589924833923191,8.594,8.520999999999999,8.242999999999999,8.398166666666667,73.33333290555555,99373450.25,8.379666666666667,False,False,8.58
2026-01-19,9.26,9.62,9.11,9.4,273513898.0,2577330235.0,2091542178.0000002,0.13077139962892967,8.767999999999999,8.633,8.331,8.413666666666666,77.36625469830142,110697773.3,8.382666666666667,False,False,9.28
2026-01-20,9.28,9.78,9.23,9.62,228059122.0,2175675769.0,2091542178.0000002,0.10903873916522087,9.028,8.738999999999999,8.4305,8.426,80.76923033431954,119878633.35,8.390666666666666,False,False,9.4
2026-01-21,9.48,10.03,9.46,9.86,253815260.0,2499931619.0,2091542178.0000002,0.12135316355068981,9.347999999999999,8.871,8.536,8.44,82.68551195844624,130153757.15,8.393666666666666,False,False,9.62
2026-01-22,10.06,10.16,9.51,9.62,217816128.0,2112068693.0,2091542178.0000002,0.10414139876838763,9.556000000000001,8.986999999999998,8.612,8.4515,77.74086342579,133696673.85,8.3885,False,False,9.86
2026-01-23,9.53,9.86,9.46,9.65,170493483.0,1639445631.0,2091542178.0000002,0.08151568005338115,9.629999999999999,9.112,8.6785,8.4675,75.27675237864409,135611207.15,8.398166666666667,False,False,9.86
2026-01-26,9.61,9.75,9.19,9.26,151310420.0,1420364227.0,2091542178.0000002,0.07234394868607807,9.602,9.184999999999999,8.7335,8.472666666666667,62.41134720788692,139238912.75,8.413666666666666,False,False,9.86
2026-01-27,9.18,10.15,8.9,9.83,260647891.0,2497442642.0,2091542178.0000002,0.1246199544726561,9.644,9.335999999999999,8.8215,8.492333333333333,69.13946558814467,149023004.0,8.426,False,False,9.86
2026-01-28,10.08,10.76,9.93,10.24,266802843.0,2767074393.0,2091542178.0000002,0.1275627361505688,9.72,9.534,8.9325,8.504333333333333,74.05405377384952,159638658.3,8.44,False,False,9.86
2026-01-29,10.38,11.01,10.17,10.18,235776181.0,2478278621.0,2091542178.0000002,0.11272838935787408,9.831999999999999,9.693999999999999,9.041,8.518666666666666,74.05405377384952,168711845.1,8.4515,False,False,10.24
2026-01-30,10.34,11.19,10.34,11.19,356808083.0,3910427538.0,2091542178.0000002,0.17059569094666374,10.14,9.885,9.203,8.546999999999999,79.0393010684388,184345506.85,8.4675,False,False,10.24
2026-02-02,10.79,10.84,10.08,10.08,178760513.0,1843053458.0,2091542178.0000002,0.0854682802385255,10.304,9.953,9.293000000000001,8.550666666666666,66.05839399182162,188301853.75,8.472666666666667,False,False,11.19
2026-02-03,10.08,10.33,9.71,10.14,301028132.0,3023142406.0,2091542178.0000002,0.14392639802648052,10.366,10.004999999999999,9.372,8.558333333333334,67.15328449997335,196619230.7,8.492333333333333,False,False,11.19
2026-02-04,9.86,10.01,9.61,9.83,197840045.0,1942201935.0,2091542178.0000002,0.09459051176734146,10.284,10.001999999999999,9.436499999999999,8.556999999999999,61.425959623407046,199467638.5,8.504333333333333,False,False,11.19
2026-02-05,9.55,9.56,9.25,9.48,159140741.0,1502031642.0,2091542178.0000002,0.07608775126503807,10.144,9.988,9.4875,8.557333333333334,51.953124857940686,203023639.7,8.518666666666666,False,False,11.19
2026-02-06,9.45,9.6,9.24,9.25,127745983.0,1202270515.0,2091542178.0000002,0.06107741184648488,9.756,9.947999999999999,9.53,8.549666666666667,48.565965453169504,205358453.2,8.546999999999999,True,False,11.19
2026-02-09,9.52,10.08,9.39,9.86,187593048.0,1822565942.0,2091542178.0000002,0.0896912574717391,9.712,10.008000000000001,9.5965,8.554166666666667,52.13523118685174,209750713.8,8.550666666666666,True,True,11.19
2026-02-10,9.79,9.88,9.61,9.64,94682987.0,921396081.0,2091542178.0000002,0.04526946097283054,9.612,9.988999999999999,9.6625,8.5645,48.03571416562501,210251414.15,8.558333333333334,False,True,11.19
2026-02-11,9.48,9.6,9.39,9.42,72962484.0,692892532.0,2091542178.0000002,0.03488453867555713,9.53,9.907,9.7205,8.575166666666666,48.20788518370782,209449083.55,8.556999999999999,True,False,11.19
2026-02-12,9.63,9.72,9.44,9.65,125854653.0,1208405770.0,2091542178.0000002,0.060173136513243186,9.564000000000002,9.854000000000001,9.774000000000001,8.590833333333334,49.99999987889273,209659569.0,8.557333333333334,True,True,11.19
2026-02-13,9.56,10.08,9.49,9.77,164216941.0,1621322716.0,2091542178.0000002,0.0785147642382376,9.668000000000001,9.712,9.7985,8.616166666666667,54.62794904450249,201243441.8,8.549666666666667,True,True,11.19
2026-02-24,10.08,10.75,9.98,10.74,305918417.0,3265771731.0,2091542178.0000002,0.1462645220439824,9.844000000000001,9.778,9.8655,8.659666666666668,57.698815430155086,202863667.75,8.554166666666667,True,True,11.19
2026-02-25,10.89,11.32,10.7,10.78,276762878.0,3034605695.0,2091542178.0000002,0.13232478929239166,10.072,9.841999999999999,9.9235,8.712666666666667,54.87364607071641,205298855.55,8.5645,False,True,11.19
2026-02-26,11.16,11.55,10.78,11.26,205579850.0,2300478370.0,2091542178.0000002,0.09829103718892346,10.440000000000001,9.985,9.993500000000001,8.772166666666665,59.06040254583127,202887085.05,8.575166666666666,False,False,11.19
2026-02-27,11.09,11.17,10.86,11.06,134900123.0,1485211745.0,2091542178.0000002,0.06449792139931686,10.722,10.143,10.0655,8.825166666666666,48.73786394517863,198741284.8,8.590833333333334,False,False,11.26
2026-03-02,10.67,11.01,10.59,10.68,127986523.0,1379875281.0,2091542178.0000002,0.0611924178944289,10.904,10.286000000000001,10.117,8.873666666666667,56.787330136872704,196615936.8,8.616166666666667,False,False,11.26
2026-03-03,10.66,10.8,9.71,9.76,181122012.0,1833965987.0,2091542178.0000002,0.08659735094283141,10.708,10.276,10.142,8.9045,46.40151502848083,198106516.4,8.659666666666668,False,False,11.26
2026-03-04,9.44,10.26,9.43,9.9,140801987.0,1412311599.0,2091542178.0000002,0.06731969762839753,10.532,10.302000000000001,10.1455,8.936666666666666,50.68493136798649,192114221.2,8.712666666666667,True,False,11.26
2026-03-05,10.38,10.78,10.23,10.3,167683819.0,1753108585.0,2091542178.0000002,0.08017233444478976,10.34,10.39,10.148500000000002,8.973,57.94573627689141,187158270.0,8.772166666666665,True,True,11.26
2026-03-06,10.16,10.53,10.13,10.16,144132229.0,1482295680.0,2091542178.0000002,0.06891193996280001,10.16,10.440999999999999,10.1475,9.009666666666668,58.97435881151064,182576072.4,8.825166666666666,False,True,11.26
2026-03-09,9.76,9.96,9.34,9.9,144884412.0,1394873247.0,2091542178.0000002,0.06927157076915519,10.004000000000001,10.454,10.083,9.044333333333332,50.42372866399743,171979888.85,8.873666666666667,False,False,11.26
2026-03-10,10.17,10.88,10.14,10.69,230308761.0,2444614411.0,2091542178.0000002,0.11011432780199949,10.190000000000001,10.449,10.113499999999998,9.092666666666668,59.92438547468026,174557301.25,8.9045,True,False,11.26
2026-03-11,10.55,10.89,10.55,10.59,153840282.0,1648748908.0,2091542178.0000002,0.07355351645220323,10.328,10.430000000000001,10.136,9.137833333333333,61.31528029817913,167197908.75,8.936666666666666,False,True,11.26
2026-03-12,10.58,10.71,10.2,10.34,111985313.0,1168076987.0,2091542178.0000002,0.05354198169079428,10.336000000000002,10.338,10.1615,9.177,56.64739869112454,162905172.15,8.973,False,False,11.26
2026-03-13,10.2,10.66,9.99,10.22,148379463.0,1533882658.0,2091542178.0000002,0.07094261094073905,10.348,10.254000000000001,10.1985,9.217,54.33525996903784,162367108.25,9.009666666666668,False,False,11.26
2026-03-16,10.25,11.23,10.25,11.23,221050383.0,2393492215.0,2091542178.0000002,0.10568774817220061,10.614,10.309000000000001,10.297500000000001,9.274333333333335,54.68451228191526,167032328.25,9.044333333333332,False,False,11.26
2026-03-17,11.47,11.78,11.19,11.56,376611259.0,4351440155.0,2091542178.0000002,0.18006390832630867,10.788,10.489,10.3825,9.339666666666666,57.06521724657373,176483238.8,9.092666666666668,False,False,11.26
2026-03-18,11.67,12.09,11.23,11.63,300538442.0,3488426383.0,2091542178.0000002,0.14369226935092674,10.996,10.662,10.482000000000001,9.403833333333333,53.620352103584175,186776011.55,9.137833333333333,False,False,11.56
2026-03-19,11.13,11.61,10.99,11.2,219475844.0,2474527795.0,2091542178.0000002,0.10493493571804029,11.168,10.751999999999999,10.571,9.463,51.310861288698106,194101679.55,9.177,False,False,11.63
2026-03-20,11.38,11.41,10.64,10.66,202018288.0,2224872613.0,2091542178.0000002,0.09658819703706686,11.256,10.802000000000001,10.6215,9.517,49.818181691371905,197909861.3,9.217,False,False,11.63
2026-03-23,10.08,10.49,9.84,9.95,174147986.0,1760641070.0,2091542178.0000002,0.08326295679417084,11.0,10.806999999999999,10.630500000000001,9.557333333333334,51.79584107275202,198406413.55,9.274333333333335,False,False,11.63
2026-03-24,10.16,10.24,9.34,10.22,217108422.0,2127844270.0,2091542178.0000002,0.10380303313204328,10.732,10.76,10.6045,9.600333333333335,52.95202938351875,193965913.8,9.339666666666666,True,False,11.63
2026-03-25,10.23,10.85,10.23,10.46,214786452.0,2273504027.0,2091542178.0000002,0.10269286187925969,10.498,10.747,10.5885,9.6475,51.52091241040062,190867092.5,9.403833333333333,True,True,11.63
2026-03-26,10.27,10.42,9.73,9.75,182246919.0,1822606497.0,2091542178.0000002,0.08713518709637993,10.208000000000002,10.687999999999999,10.513,9.680833333333334,46.48370486264634,189700445.95,9.463,True,True,11.63
2026-03-27,9.37,10.02,9.13,9.79,176895985.0,1690024758.0,2091542178.0000002,0.08457681937313528,10.034,10.645,10.4495,9.709000000000001,49.01960772080667,191800239.05,9.517,True,True,11.63
2026-03-30,9.53,9.83,9.3,9.7,118966424.0,1141162625.0,2091542178.0000002,0.056879763292060175,9.984,10.492,10.4005,9.732,39.91853349106733,191349234.1,9.557333333333334,True,True,11.63
2026-03-31,9.54,9.61,8.9,8.92,199905791.0,1833758708.0,2091542178.0000002,0.09557817819918714,9.724,10.228,10.358500000000001,9.744666666666667,35.06261171898453,192288423.05,9.600333333333335,True,True,11.63
2026-04-01,9.28,9.42,9.08,9.15,151622688.0,1403859480.0,2091542178.0000002,0.07249324904601565,9.462,9.98,10.321,9.762666666666666,39.31777368932698,192829458.1,9.6475,True,True,11.63
2026-04-02,9.29,9.33,8.73,8.78,123643676.0,1115067170.0,2091542178.0000002,0.05911603280132369,9.268,9.738000000000001,10.245000000000001,9.775333333333332,37.62886588886527,190627450.95,9.680833333333334,True,True,11.63
2026-04-03,8.87,8.89,8.5,8.54,87348496.0,755792349.0,2091542178.0000002,0.04176272270231023,9.017999999999999,9.526,10.164,9.784166666666666,23.3663365688854,187788264.3,9.709000000000001,True,True,11.63
2026-04-07,8.68,8.93,8.66,8.79,106492181.0,939571333.0,2091542178.0000002,0.050915626813622876,8.836,9.41,10.108500000000001,9.798166666666669,22.1327967183382,185868652.75,9.732,True,True,11.63
2026-04-08,9.15,9.47,9.08,9.47,141580986.0,1314732122.0,2091542178.0000002,0.06769214959622966,8.946,9.334999999999999,10.047500000000001,9.818,30.645161213435102,181432264.0,9.744666666666667,True,True,11.63
2026-04-09,9.28,9.78,9.23,9.61,141097743.0,1349267086.0,2091542178.0000002,0.06746110333520608,9.038,9.25,9.9985,9.8355,34.97164451992383,180795137.05,9.762666666666666,True,True,11.63
2026-04-10,9.78,9.91,9.48,9.5,116035620.0,1122820307.0,2091542178.0000002,0.05547849869848524,9.181999999999999,9.225,9.9565,9.851499999999998,38.0658435117445,180997652.4,9.775333333333332,True,True,11.63
2026-04-13,9.37,9.65,9.37,9.59,83581434.0,801746574.0,2091542178.0000002,0.039961629690835714,9.392,9.205000000000002,9.925,9.870333333333333,45.75471683005519,177757750.95,9.784166666666666,True,True,11.63
2026-04-14,9.8,10.55,9.78,10.17,274298826.0,2814685158.0,2091542178.0000002,0.13114668634714952,9.668,9.251999999999999,9.872,9.899833333333333,49.45054929839391,180420173.1,9.798166666666669,True,True,11.63
2026-04-15,10.19,10.32,9.79,9.83,171460274.0,1720353049.0,2091542178.0000002,0.08197791840084039,9.74,9.343,9.785499999999999,9.9215,43.22580632147068,170162623.85,9.818,False,True,11.63
2026-04-16,9.77,10.06,9.64,9.96,118747972.0,1176648465.0,2091542178.0000002,0.056775317872647744,9.809999999999999,9.424,9.702,9.948833333333335,52.57985239898824,161073100.35,9.8355,False,False,11.63
2026-04-17,9.89,10.03,9.83,9.93,92063877.0,916540367.0,2091542178.0000002,0.04401722230054879,9.896,9.538999999999998,9.6385,9.976666666666667,51.7241377526754,154702502.0,9.851499999999998,False,False,11.2
2026-04-20,9.91,10.21,9.91,10.0,108662888.0,1093264762.0,2091542178.0000002,0.0519534767899861,9.978,9.684999999999999,9.605500000000001,10.000333333333334,53.71287110099501,150034732.0,9.870333333333333,False,False,10.66
2026-04-21,10.02,10.12,9.77,9.97,87300326.0,869171605.0,2091542178.0000002,0.041739691849522906,9.938,9.803,9.6065,10.011833333333334,65.95744652784064,145692349.0,9.899833333333333,False,False,10.46
2026-04-22,9.9,10.23,9.88,10.22,119888705.0,1213907432.0,2091542178.0000002,0.057320720691677096,10.016,9.878,9.6065,10.025500000000001,66.16314171411359,140831363.15,9.9215,False,False,10.46
2026-04-23,10.43,10.46,9.73,9.88,134267247.0,1343577180.0,2091542178.0000002,0.06419533319112439,10.000000000000002,9.905,9.5775,10.029833333333334,66.76829239794023,136805402.9,9.948833333333335,False,False,10.46
2026-04-24,9.63,9.92,9.49,9.69,111991411.0,1085905907.0,2091542178.0000002,0.05354489724280377,9.952000000000002,9.924,9.5745,10.027,67.80185729126129,133292627.5,9.976666666666667,False,False,10.22
2026-04-27,9.8,9.98,9.68,9.86,111437304.0,1100050198.0,2091542178.0000002,0.05327996976210154,9.924000000000001,9.951,9.578,10.031,66.98412668641974,130019693.45,10.000333333333334,False,False,10.22
2026-04-28,9.82,9.83,9.42,9.49,103888152.0,995244785.0,2091542178.0000002,0.049670598610323594,9.828,9.883000000000001,9.567499999999999,10.028333333333334,50.35211242784169,129265779.85,10.011833333333334,False,False,10.22
2026-04-29,9.38,9.65,9.33,9.61,84784710.0,807326833.0,2091542178.0000002,0.040536935325432386,9.706,9.861,9.602,10.034166666666668,49.999999751773046,123509725.8,10.025500000000001,True,False,10.22
2026-04-30,9.67,9.77,9.49,9.57,82437669.0,794577752.0,2091542178.0000002,0.0394147772237754,9.644,9.822,9.623000000000001,10.029833333333332,51.272727011702486,120050474.85,10.029833333333334,False,True,10.22
2026-05-06,10.13,10.46,10.1,10.14,197813533.0,2034039390.0,2091542178.0000002,0.09457783595316048,9.734,9.843,9.691,10.028166666666667,58.513931634924134,123758967.7,10.027,True,False,10.22
2026-05-07,10.34,10.95,10.29,10.82,207819867.0,2202215330.0,2091542178.0000002,0.09936202539253788,9.926,9.925,9.805,10.038833333333335,59.75975950851753,129782536.25,10.031,False,True,10.22
2026-05-08,10.67,10.83,10.58,10.69,130822607.0,1403204224.0,2091542178.0000002,0.06254839533051959,10.166,9.997,9.9,10.0305,63.78205099584976,130999057.55,10.028333333333334,False,False,10.82
2026-05-11,11.08,11.26,10.91,11.13,191723070.0,2133191653.0,2091542178.0000002,0.09166588750475582,10.47,10.088,9.983,10.048,67.05539331231034,133506161.75,10.034166666666668,False,False,10.82
2026-05-12,11.18,12.24,11.04,12.24,326791596.0,3801418613.0,2091542178.0000002,0.15624432509053612,11.004,10.324000000000002,10.114500000000001,10.083,75.60975586285221,142790854.4,10.029833333333332,False,False,11.13
2026-05-13,11.8,13.43,11.69,13.23,404335704.0,5193222448.0,2091542178.0000002,0.193319411988449,11.622,10.678,10.301,10.139666666666667,79.7421729067421,157205858.6,10.028166666666667,False,False,12.24
2026-05-14,13.23,13.6,12.63,12.63,300882220.0,3915681664.0,2091542178.0000002,0.14385663514933905,11.984,10.955000000000002,10.453,10.192166666666667,72.16666649827778,168070897.9,10.038833333333335,False,False,13.23
2026-05-15,12.63,13.03,12.16,12.32,245806127.0,3091086114.0,2091542178.0000002,0.11752386807472738,12.31,11.238,10.560500000000001,10.243333333333334,67.32673251772701,166646262.95,10.0305,False,False,13.23
2026-05-18,12.88,13.56,12.66,13.06,316549627.0,4173575114.0,2091542178.0000002,0.1513474747627107,12.696000000000002,11.583,10.722,10.296666666666665,74.61300293427522,173900730.6,10.048,False,False,13.23
2026-05-19,12.85,13.08,12.39,13.07,239274924.0,3063095649.0,2091542178.0000002,0.11440119473411832,12.862,11.933000000000002,10.877500000000001,10.353833333333334,76.91082785402045,179927078.2,10.083,False,False,13.23
2026-05-20,13.02,13.89,12.82,13.66,324734565.0,4389027621.0,2091542178.0000002,0.15526082544054723,12.948000000000002,12.285,11.064,10.424499999999998,78.35820879149031,191560612.6,10.139666666666667,False,False,13.23
2026-05-21,13.72,13.9,12.33,12.39,323855022.0,4252818016.0,2091542178.0000002,0.1548403017670342,12.9,12.442,11.183499999999999,10.470166666666666,69.07894724117037,202320219.3,10.192166666666667,False,False,13.66
2026-05-22,12.6,12.82,12.11,12.58,227533856.0,2841190237.0,2091542178.0000002,0.10878760103110863,12.952000000000002,12.631,11.314,10.517,69.36114720064458,209331895.8,10.243333333333334,False,False,13.66
2026-05-25,12.72,13.32,12.33,13.31,241141064.0,3130322245.0,2091542178.0000002,0.1152934263226701,13.001999999999999,12.849,11.4685,10.559833333333334,72.36842093144044,215394513.75,10.296666666666665,False,False,13.66
2026-05-26,13.42,13.72,12.75,13.24,241828455.0,3201180546.0,2091542178.0000002,0.11562207903033737,13.036000000000001,12.949000000000002,11.636500000000002,10.600833333333334,69.72010165698708,220772574.15,10.353833333333334,False,False,13.66
2026-05-27,14.02,14.57,13.55,13.89,428890098.0,6092584952.0,2091542178.0000002,0.20505926321319443,13.081999999999999,13.015,11.8465,10.644666666666668,69.6040867210144,236617508.5,10.424499999999998,False,False,13.66
2026-05-28,13.74,13.89,13.1,13.6,292942129.0,3954343570.0,2091542178.0000002,0.14006034976551163,13.324000000000002,13.112,12.0335,10.687,68.21026270901831,245692749.75,10.470166666666666,False,False,13.89
2026-05-29,13.7,14.27,12.64,12.83,294395559.0,3938991155.0,2091542178.0000002,0.14075525805628766,13.374,13.163,12.200500000000002,10.722833333333334,60.21634605252057,255218120.1,10.517,False,False,13.89
2026-06-01,12.96,14.12,12.96,13.55,378086512.0,5217894745.0,2091542178.0000002,0.18076925054484844,13.422,13.212,12.397499999999999,10.786,58.259772911016796,269883210.2,10.559833333333334,False,False,13.89
2026-06-02,13.6,14.91,13.46,14.91,390863475.0,5578535691.0,2091542178.0000002,0.18687812233065088,13.756,13.396,12.6645,10.8695,60.12048182630279,285304500.5,10.600833333333334,False,False,13.89
2026-06-03,14.97,15.57,14.61,14.84,371868033.0,5616749349.0,2091542178.0000002,0.1777960955851209,13.946000000000002,13.514,12.8995,10.945166666666665,64.22136410565004,294007225.5,10.644666666666668,False,False,14.91
2026-06-04,14.57,16.32,14.57,16.32,193306269.0,3064278461.0,2091542178.0000002,0.09242284044438714,14.49,13.907,13.1745,11.047833333333333,72.37136453991062,293281545.6,10.687,False,False,14.91
2026-06-05,16.26,17.14,15.93,16.11,428525178.0,7110380715.0,2091542178.0000002,0.20488478908408606,15.145999999999997,14.26,13.445500000000001,11.151333333333334,68.13317467849411,308166674.15,10.722833333333334,False,False,16.32
2026-06-08,15.3,16.3,14.68,14.91,302944282.0,4650642234.0,2091542178.0000002,0.14484254020145318,15.418000000000001,14.419999999999998,13.6345,11.221666666666666,59.58333324644097,313727734.75,10.786,False,False,16.32
2026-06-09,15.47,15.77,14.7,15.58,283497271.0,4347460511.0,2091542178.0000002,0.13554461104441565,15.551999999999998,14.654,13.801499999999999,11.304833333333335,59.91735528524348,311563018.5,10.8695,False,False,16.32
2026-06-10,14.98,16.6,14.35,15.88,342155766.0,5291418796.0,2091542178.0000002,0.16359018221051622,15.76,14.853,13.934000000000001,11.397166666666667,70.03444305620181,308454021.6,10.945166666666665,False,False,16.32
2026-06-11,15.35,17.47,15.3,17.47,339185838.0,5667834470.0,2091542178.0000002,0.16217021180244157,15.99,15.24,14.175999999999998,11.518,74.18397615840001,310369202.5,11.047833333333333,False,False,16.32
2026-06-12,18.66,18.82,16.36,16.38,417539451.0,7311679246.0,2091542178.0000002,0.19963233607809172,16.044,15.594999999999999,14.379,11.603833333333334,64.66093592117926,318955868.7,11.151333333333334,False,False,17.47
2026-06-15,16.85,17.42,16.38,17.29,301443525.0,5155331398.0,2091542178.0000002,0.1441250041097665,16.52,15.969,14.5905,11.699333333333334,67.90450919976453,318200563.6,11.221666666666666,False,False,17.47
2026-06-16,17.55,18.15,17.16,17.95,351864184.0,6208061613.0,2091542178.0000002,0.16823193321229785,16.994,16.273,14.8345,11.804666666666668,67.9328621067968,323830026.6,11.304833333333335,False,False,17.47
2026-06-17,17.5,19.5,17.49,18.98,341133833.0,6283642956.0,2091542178.0000002,0.16310157958478425,17.613999999999997,16.687,15.100500000000002,11.934333333333333,72.30514087792106,324649990.0,11.397166666666667,False,False,17.95
2026-06-18,18.99,20.87,18.72,20.87,369576549.0,7410143554.0,2091542178.0000002,0.17670050017992034,18.294,17.142,15.5245,12.1045,80.50075863983227,326936066.35,11.518,False,False,18.98
2026-06-22,21.88,22.9,21.37,22.52,415765834.0,9249967744.0,2091542178.0000002,0.19878434122594105,19.522,17.783,16.0215,12.314,81.78596731785942,336347665.25,11.603833333333334,False,False,20.87
2026-06-23,22.52,22.52,20.71,20.87,305665675.0,6573352196.0,2091542178.0000002,0.14614368202332279,20.238,18.379,16.3995,12.4915,70.69444437571374,339573895.8,11.699333333333334,False,False,22.52
2026-06-24,20.44,22.96,20.44,22.96,212603216.0,4791876970.0,2091542178.0000002,0.10164902158621444,21.240000000000002,19.116999999999997,16.8855,12.699833333333334,74.72594390705461,338112633.85,11.804666666666668,False,False,22.52
2026-06-25,25.25,25.25,25.25,25.25,15254082.0,386080815.0,2091542178.0000002,0.007293222274191211,22.494,20.054,17.4535,12.958166666666667,75.91410324650045,317430833.05,11.934333333333333,False,False,22.96
2026-06-26,26.23,27.78,26.14,26.82,527927848.0,14488683792.0,2091542178.0000002,0.2524108065106397,23.684,20.989,18.1145,13.241999999999999,78.80580951569223,329180119.0,12.1045,False,False,25.25
2026-06-29,27.78,29.43,25.92,28.93,512717843.0,14260078746.0,2091542178.0000002,0.24513865816001726,24.966,22.244,18.9195,13.5625,85.94871788701118,340096233.2,12.314,False,False,26.82
2026-06-30,27.96,29.7,26.5,29.18,398995558.0,11281286603.0,2091542178.0000002,0.19076620218174722,26.627999999999997,23.433,19.701,13.900166666666667,85.63941293506542,341141685.5,12.4915,False,False,28.93
2026-07-01,28.86,32.1,28.86,32.1,415070697.0,12988171255.0,2091542178.0000002,0.19845198503092293,28.456,24.848000000000003,20.5605,14.282666666666668,87.37327183303108,342352046.6,12.699833333333334,False,False,29.18
2026-07-02,29.62,31.05,28.89,28.89,392299916.0,11560506776.0,2091542178.0000002,0.18756490790691574,29.184000000000005,25.839,21.262999999999998,14.617833333333333,74.48542019542042,343373640.75,12.958166666666667,False,False,32.1
2026-07-03,28.31,31.0,27.18,29.96,407863159.0,11894094083.0,2091542178.0000002,0.19500594503430566,29.812,26.748,21.945,14.974833333333333,79.14163085373464,354101485.25,13.241999999999999,False,False,32.1
2026-07-06,30.3,31.18,26.96,27.41,382644406.0,10843745879.0,2091542178.0000002,0.18294845307202787,29.508,27.237000000000002,22.509999999999998,15.285166666666667,70.28869282341454,351807446.65,13.5625,False,False,32.1
2026-07-07,26.18,27.56,24.88,26.32,336152252.0,8788887339.0,2091542178.0000002,0.1607198054793423,28.936,27.782,23.0805,15.566,66.49586121675435,353467845.15,13.900166666666667,False,False,32.1
2026-07-08,26.53,27.11,23.87,23.88,325517754.0,8090154227.0,2091542178.0000002,0.15563528071486013,27.292,27.874000000000002,23.4955,15.803833333333333,59.148618340997736,355568869.3,14.282666666666668,False,False,32.1
2026-07-09,24.95,26.27,24.5,26.27,341472724.0,8691822828.0,2091542178.0000002,0.16326360882979046,26.768,27.976,24.014999999999997,16.083333333333332,59.8973606730732,355534717.2,14.617833333333333,False,False,32.1
2026-07-10,26.82,27.95,25.24,25.26,432936178.0,11644398633.0,2091542178.0000002,0.20699375922410873,25.827999999999996,27.82,24.404500000000002,16.3445,55.14264261366378,360222234.2,14.974833333333333,False,False,32.1
2026-07-13,24.0,26.25,22.73,22.73,286648507.0,6904031210.0,2091542178.0000002,0.13705126772729131,24.892,27.2,24.722,16.553833333333333,53.379360437961076,353677687.0,15.285166666666667,False,False,32.1
2026-07-14,22.71,23.0,20.8,22.63,306754017.0,6765829074.0,2091542178.0000002,0.14666403586148477,24.154000000000003,26.544999999999998,24.988999999999997,16.767166666666665,49.35370150055026,353943211.6,15.566,True,False,32.1
2026-07-15,23.77,23.88,20.64,20.81,243072636.0,5325613626.0,2091542178.0000002,0.11621694200421713,23.54,25.416,25.131999999999998,16.948,41.14126095067926,348503634.2,15.803833333333333,True,True,32.1
2026-07-16,19.99,20.55,18.73,18.73,237272909.0,4660979890.0,2091542178.0000002,0.11344399911977293,22.032,24.4,25.1195,17.09466666666667,34.18068046622881,343310588.0,16.083333333333332,True,True,32.1
2026-07-17,18.7,18.92,16.86,16.86,240245900.0,4208387152.0,2091542178.0000002,0.1148654339974778,20.352,23.089999999999996,24.919,17.209,26.174496629828553,336844055.55,16.3445,True,True,32.1
2026-07-20,17.2,17.37,15.17,15.17,218936448.0,3527311239.0,2091542178.0000002,0.1046770418033616,18.84,21.866,24.551499999999997,17.295666666666666,23.832648474648593,327002586.25,16.553833333333333,True,True,32.1
2026-07-21,15.27,16.69,13.65,16.69,368533647.0,5580862849.0,2091542178.0000002,0.17620187193757847,17.651999999999997,20.903,24.3425,17.4035,19.629483631264776,330145984.85,16.767166666666665,True,True,32.1
2026-07-22,16.62,17.77,16.49,16.69,362666258.0,6224689550.0,2091542178.0000002,0.17339657876122447,16.828,20.184,24.029000000000003,17.517,22.472924173527943,337649136.95,16.948,True,True,32.1
2026-07-23,16.98,17.27,16.13,16.23,224933926.0,3739853857.0,2091542178.0000002,0.10754453262572454,16.328,19.18,23.578,17.625999999999998,18.14385149633347,348133129.15,17.09466666666667,True,True,32.1
2026-07-24,15.8,16.93,15.78,16.29,244667363.0,4008228682.0,2091542178.0000002,0.11697940666630915,16.214,18.283,23.0515,17.733166666666666,20.828961159936753,333970104.9,17.209,True,True,32.1
2026-07-27,16.78,17.92,16.0,17.92,199990977.0,3435951026.0,2091542178.0000002,0.09561890699772442,16.764,17.802,22.501,17.87366666666667,28.571428551020418,318333761.6,17.295666666666666,True,True,32.1
2026-07-28,17.92,19.45,17.88,18.37,456986266.0,8516485499.0,2091542178.0000002,0.2184924936283068,17.1,17.375999999999998,21.960500000000003,18.01966666666667,34.35547981368674,321233297.0,17.4035,True,True,32.1
2026-07-29,18.0,18.8,16.53,17.4,430483019.0,7377973796.0,2091542178.0000002,0.20582086439760047,17.242,17.035,21.2255,18.150166666666667,22.606547231841162,322003913.1,17.517,True,True,32.1
2026-07-30,16.85,17.37,15.66,15.66,323765542.0,5245313862.0,2091542178.0000002,0.1547975199379412,17.128,16.728,20.564,18.242166666666666,21.63120565586071,318577194.4,17.625999999999998,True,True,29.96
2026-07-31,17.23,17.23,16.58,17.23,369442111.0,6338231365.0,2091542178.0000002,0.1766362232069699,17.316,16.765,19.927500000000002,18.349,32.76942353015214,316656142.0,17.733166666666666,True,True,29.96
2026-08-03,16.73,17.21,16.11,16.28,366900903.0,6076279828.0,2091542178.0000002,0.1754212307355152,16.988,16.875999999999998,19.371000000000002,18.442166666666665,31.112433049638668,315868966.85,17.87366666666667,True,True,27.41
2026-08-04,16.52,17.26,15.81,17.15,359575731.0,5997221603.0,2091542178.0000002,0.1719189480289792,16.744,16.922,18.9125,18.542500000000004,38.46153842758754,317040140.8,18.01966666666667,True,True,26.32
2026-08-05,17.2,18.87,17.19,18.45,469943976.0,8569320928.0,2091542178.0000002,0.22468778346577525,16.954,17.098000000000003,18.641,18.646,49.071617991578066,324261451.9,18.150166666666667,True,True,26.27
2026-08-06,17.8,19.6,17.75,19.17,454106595.0,8512306270.0,2091542178.0000002,0.2171156765455389,17.656,17.392,18.286,18.745,58.291457227847786,329893145.45,18.242166666666666,True,True,26.27
2026-08-07,18.9,19.98,18.45,19.53,390398191.0,7579411428.0,2091542178.0000002,0.18665566255676053,18.116,17.716,17.9995,18.86,67.30158722680775,327766246.1,18.349,False,True,25.26
