日期,开盘,最高,最低,收盘,成交量,amount,outstanding_share,turnover,MA5,MA10,MA20,MA60,RSI14,Vol_MA20,MA60_prev5,MA20_prev5,MA20_break_1,MA20_break_2,High_20,成交额估算,Amount_MA20
2021-04-12,13.81,13.81,13.52,13.55,4012778.0,58711370.0,965531842.0,0.004156028652237862,13.65,13.625,14.1535,15.157833333333334,22.52252242783321,6704371.4,15.318999999999999,14.414499999999999,True,True,15.38,54373141.900000006,95138908.6655
2021-04-13,13.52,13.56,13.37,13.43,3272400.0,47177193.0,965531842.0,0.0033892201765418316,13.588,13.597,14.089499999999997,15.112,24.509803809432242,6557903.3,15.290666666666665,14.358500000000001,True,True,15.38,43948332.0,92774929.3145
2021-04-14,13.48,13.66,13.38,13.51,3161518.0,45874190.0,965531842.0,0.003274379841737006,13.568000000000001,13.603,14.027499999999998,15.066833333333333,34.5833331315972,6511835.2,15.263333333333332,14.303999999999998,True,True,15.38,42712108.18,91899410.7235
2021-04-15,13.51,13.66,13.38,13.52,4004700.0,57897819.0,965531842.0,0.004147662278754759,13.569999999999999,13.593,13.969500000000002,15.018,36.681222483171524,6486332.55,15.221,14.249,True,True,15.38,54143544.0,91292759.22150001
2021-04-16,13.51,13.89,13.41,13.73,5617426.0,82361800.0,965531842.0,0.00581796037753046,13.547999999999998,13.61,13.917499999999999,14.974166666666667,40.3292178746465,6510492.45,15.1935,14.2065,True,True,15.38,77127258.98,91357494.79249999
2021-04-19,13.66,13.78,13.56,13.73,5768022.0,84532592.0,965531842.0,0.0059739324474811055,13.584,13.617,13.856,14.937500000000002,50.515463552981174,6365016.25,15.157833333333334,14.1535,True,True,15.38,79194942.06,88826437.4875
2021-04-20,13.74,13.81,13.66,13.67,4455238.0,65526577.0,965531842.0,0.00461428386532694,13.632,13.61,13.770500000000002,14.899333333333335,56.32183862729557,6163372.65,15.112,14.089499999999997,True,True,15.38,60903103.46,85344236.0705
2021-04-21,13.61,13.9,13.56,13.81,5714681.0,84433272.0,965531842.0,0.005918687247188685,13.691999999999998,13.629999999999999,13.711500000000001,14.873999999999999,55.55555510071479,6021601.6,15.066833333333333,14.027499999999998,True,True,14.99,78919744.61,82881921.852
2021-04-22,13.84,13.89,13.75,13.8,4781152.0,70817529.0,965531842.0,0.0049518325466059564,13.748000000000001,13.659,13.689000000000002,14.847333333333333,57.2289151799971,5585314.0,15.018,13.969500000000002,False,True,14.25,65979897.6,76557247.632
2021-04-23,13.8,13.86,13.62,13.74,4703047.0,69416135.0,965531842.0,0.004870939305593611,13.75,13.649000000000001,13.6695,14.818166666666666,52.469135349032165,5532887.75,14.974166666666667,13.917499999999999,False,False,14.2,64619865.78,75724755.303
2021-04-26,14.06,14.43,13.76,13.86,14309436.0,216082414.0,965531842.0,0.014820263172636,13.776,13.680000000000001,13.6525,14.776000000000002,53.614457379155155,5953715.7,14.937500000000002,13.856,False,False,14.2,198328782.95999998,81457251.781
2021-04-27,13.82,14.06,13.42,13.94,9967555.0,147113070.0,965531842.0,0.010323382996207804,13.830000000000002,13.731,13.663999999999998,14.739666666666666,60.2484466810694,5812518.55,14.899333333333335,13.770500000000002,False,False,13.86,138947716.7,79636065.73699999
2021-04-28,13.9,13.9,13.58,13.59,7877833.0,116038550.0,965531842.0,0.008159060796671272,13.785999999999998,13.739,13.671000000000001,14.695833333333333,52.15053724187767,5783703.75,14.873999999999999,13.711500000000001,False,False,13.94,107059750.47,79303651.50799999
2021-04-29,13.49,13.66,13.38,13.41,7400964.0,107043598.0,965531842.0,0.007665168229635662,13.708000000000002,13.728,13.660499999999999,14.6475,37.42690027837627,5844147.0,14.847333333333333,13.689000000000002,True,False,13.94,99246927.24,80049178.451
2021-04-30,13.43,13.68,13.41,13.58,8483606.0,123164716.0,965531842.0,0.008786459059109932,13.675999999999998,13.713,13.661499999999998,14.608333333333333,50.943395777856864,6050009.8,14.818166666666666,13.6695,True,True,13.94,115207369.48,82849161.625
2021-05-06,13.7,13.75,13.36,13.39,7125104.0,103145295.0,965531842.0,0.007379460407272617,13.581999999999999,13.678999999999998,13.648000000000001,14.579,48.79518031136598,6219710.9,14.776000000000002,13.6525,True,True,13.94,95405142.56,85071089.74700001
2021-05-07,13.37,13.46,12.95,12.96,9829487.0,138025733.0,965531842.0,0.010180386158616196,13.386000000000001,13.608,13.609,14.540333333333335,36.318407707235,6523354.1,14.739666666666666,13.663999999999998,True,True,13.94,127390151.52000001,88859797.322
2021-05-10,13.01,13.11,12.86,12.93,4715744.0,65650611.0,965531842.0,0.004884089571020072,13.254,13.52,13.575,14.497333333333334,35.46798005095975,6469968.55,14.695833333333333,13.671000000000001,True,True,13.94,60974569.92,87972884.69049999
2021-05-11,12.97,12.98,12.56,12.77,7354944.0,100378555.0,965531842.0,0.0076175053789681235,13.126,13.417000000000002,13.538,14.458499999999999,25.75757557545147,6605232.9,14.6475,13.660499999999999,True,True,13.94,93922634.88,89528173.13100001
2021-05-12,12.92,13.38,12.73,13.22,10643055.0,149830880.0,965531842.0,0.011022997416588567,13.054000000000002,13.365,13.507,14.438166666666666,39.506172611898606,6659934.5,14.608333333333333,13.661499999999998,True,True,13.94,140701187.1,89955308.57
2021-05-13,13.05,13.68,13.04,13.48,11761085.0,169764597.0,965531842.0,0.012180939548962074,13.072,13.327000000000002,13.503499999999999,14.398166666666667,46.38783245268836,7047349.85,14.579,13.648000000000001,True,True,13.94,158539425.8,95163622.76500002
2021-05-14,13.52,13.6,13.33,13.39,7709196.0,111087023.0,965531842.0,0.007984403687848547,13.157999999999998,13.272,13.501500000000002,14.368500000000001,41.86046488912926,7269189.65,14.540333333333335,13.609,True,True,13.94,103226134.44,98127512.887
2021-05-17,13.39,13.54,13.18,13.24,6818936.0,97610656.0,965531842.0,0.007062362631019268,13.220000000000002,13.237,13.488000000000003,14.337833333333332,39.70588214857266,7452060.55,14.497333333333334,13.575,True,True,13.94,90282712.64,100506043.11
2021-05-18,13.2,13.36,12.96,13.35,7816022.0,110370505.0,965531842.0,0.008095043229035216,13.336000000000002,13.231,13.479499999999998,14.300166666666668,42.96028859153643,7642626.65,14.458499999999999,13.538,True,True,13.94,104343893.7,103016060.595
2021-05-19,13.35,13.35,12.95,12.97,8392343.0,117642105.0,965531842.0,0.008691938095605551,13.286000000000001,13.169999999999998,13.4415,14.2485,35.31353118997049,7781372.5,14.438166666666666,13.507,True,True,13.94,108848688.71000001,104602132.08150001
2021-05-20,12.96,13.08,12.86,12.94,4721450.0,65636119.0,965531842.0,0.004889999267367507,13.178,13.125,13.402000000000001,14.188666666666668,33.22147635399307,7729043.9,14.398166666666667,13.503499999999999,True,True,13.94,61095563.0,103697163.12850001
2021-05-21,12.91,12.99,12.72,12.74,6511607.0,89401516.0,965531842.0,0.0067440624086636805,13.047999999999998,13.103,13.355500000000001,14.130833333333333,34.982331982419566,7831862.35,14.368500000000001,13.501500000000002,True,True,13.94,82957873.18,104799901.6145
2021-05-24,12.8,13.06,12.56,12.88,8471721.0,116671483.0,965531842.0,0.008774149780966002,12.976000000000003,13.097999999999999,13.309000000000001,14.066666666666666,40.50179191146055,7969714.35,14.337833333333332,13.488000000000003,True,True,13.94,109115766.48,106309702.70799999
2021-05-25,12.89,13.01,12.8,12.9,6555936.0,90825610.0,965531842.0,0.006789973892958364,12.886000000000001,13.111,13.264000000000001,14.012166666666667,37.12121192435722,8058453.55,14.300166666666668,13.479499999999998,True,True,13.94,84571574.4,107239286.54800001
2021-05-26,12.9,13.21,12.88,12.97,8864415.0,123950673.0,965531842.0,0.009180862416342764,12.886000000000001,13.086000000000002,13.2255,13.957833333333333,41.66666643518519,8266521.95,14.2485,13.4415,True,True,13.94,114971462.55000001,109756866.3865
2021-05-27,12.98,13.03,12.82,12.96,8521546.0,117999701.0,965531842.0,0.008825753464897121,12.89,13.034,13.1805,13.911499999999998,49.99999966666667,7977127.45,14.188666666666668,13.402000000000001,True,True,13.94,110439236.16000001,105362389.0465
2021-05-28,12.96,13.01,12.72,12.77,8176262.0,112679382.0,965531842.0,0.008468143301274988,12.896,12.972,13.122,13.857666666666667,46.46017670334404,7887562.8,14.130833333333333,13.355500000000001,True,True,13.94,104410865.74,103635546.4985
2021-05-31,12.76,12.88,12.66,12.82,7916482.0,108605724.0,965531842.0,0.008199089512782738,12.884,12.930000000000001,13.0835,13.812166666666666,51.16279036452138,7889495.25,14.066666666666666,13.309000000000001,True,True,13.59,101489299.24000001,103357023.937
2021-06-01,12.8,13.1,12.75,13.01,10040407.0,139626620.0,965531842.0,0.010398835712349298,12.906,12.896,13.063500000000001,13.769166666666667,44.44444411522632,8021467.4,14.012166666666667,13.264000000000001,True,True,13.58,130625695.07,104925962.3285
2021-06-02,13.01,13.25,12.91,13.2,13664525.0,192482418.0,965531842.0,0.01415232973745883,12.951999999999998,12.919,13.0445,13.7345,42.30769198224849,8280513.35,13.957833333333333,13.2255,True,True,13.58,180371730.0,108184180.35450001
2021-06-03,13.23,13.23,13.0,13.03,7471893.0,104787378.0,965531842.0,0.007738629297323578,12.966,12.928,13.026500000000002,13.696333333333333,40.5263154908587,8297852.8,13.911499999999998,13.1805,False,True,13.48,97358765.78999999,108281861.516
2021-06-04,13.08,13.08,12.92,12.97,4075229.0,56545133.0,965531842.0,0.004220709066993153,13.006,12.950999999999999,13.027000000000001,13.664833333333332,42.54143613503863,8010139.9,13.857666666666667,13.122,False,False,13.48,52855720.13,104555139.9465
2021-06-07,13.07,13.41,12.99,13.34,11207094.0,159265071.0,965531842.0,0.01160717183266132,13.11,12.997,13.0475,13.642166666666668,49.75845376974959,8334707.4,13.812166666666666,13.0835,True,False,13.48,149502633.96,108981543.14850001
2021-06-08,13.48,13.55,13.11,13.15,9176567.0,130180598.0,965531842.0,0.009504157813160967,13.138,13.022,13.066500000000001,13.617833333333333,54.78723363456315,8425788.55,13.769166666666667,13.063500000000001,False,True,13.48,120671856.05,110319004.20699999
2021-06-09,13.17,13.35,13.0,13.24,6927037.0,97828106.0,965531842.0,0.00717432268795129,13.146,13.049000000000001,13.067499999999999,13.593666666666667,57.73195834626424,8239987.65,13.7345,13.0445,False,False,13.48,91713969.88,107869643.346
2021-06-10,13.23,13.28,13.07,13.1,6568839.0,92365961.0,965531842.0,0.006803337512301329,13.16,13.062999999999999,13.0485,13.5685,59.57446764146672,7980375.35,13.696333333333333,13.026500000000002,False,False,13.48,86051790.89999999,104245261.601
2021-06-11,13.19,13.19,12.97,13.03,6011990.0,83838362.0,965531842.0,0.006226609769333739,13.172,13.088999999999999,13.0305,13.540500000000002,54.143645990049116,7895515.05,13.664833333333332,13.027000000000001,False,False,13.39,78336229.7,103000766.36400001
2021-06-15,13.01,13.03,12.7,12.72,6368056.0,87164466.0,965531842.0,0.006595386835517746,13.047999999999998,13.078999999999999,13.004500000000002,13.506666666666668,45.71428540952382,7872971.05,13.642166666666668,13.0475,True,False,13.35,81001672.32000001,102536714.348
2021-06-16,12.73,12.83,12.64,12.7,3685301.0,50089785.0,965531842.0,0.0038168611740098364,12.957999999999998,13.047999999999998,12.972,13.473666666666666,43.41463384985124,7666435.0,13.617833333333333,13.066500000000001,True,True,13.35,46803322.699999996,99659685.79800001
2021-06-17,12.7,12.84,12.66,12.66,3559801.0,48413672.0,965531842.0,0.003686880996722219,12.842000000000002,12.994,12.9565,13.4385,42.78846125046226,7424807.9,13.593666666666667,13.067499999999999,True,True,13.34,45067080.660000004,96470605.39549999
2021-06-18,12.72,12.76,12.63,12.68,4149019.0,56192344.0,965531842.0,0.004297133268443777,12.758,12.959,12.9435,13.4005,47.643978708368735,7396186.35,13.5685,13.0485,True,True,13.34,52609560.92,96046305.2915
2021-06-21,12.59,12.75,12.58,12.72,4478780.0,60672678.0,965531842.0,0.004638666282328574,12.696000000000002,12.934000000000001,12.9425,13.356166666666667,47.36842070360111,7294545.0,13.540500000000002,13.0305,True,True,13.34,56970081.6,94746915.7125
2021-06-22,12.78,12.78,12.63,12.68,4541591.0,61480904.0,965531842.0,0.0047037195485884345,12.687999999999999,12.868,12.932500000000001,13.317666666666666,40.57142824685714,7098038.5,13.506666666666668,13.004500000000002,True,True,13.34,57587373.879999995,92170496.08250001
2021-06-23,12.72,12.72,12.55,12.58,6414072.0,86291393.0,965531842.0,0.006643045543390789,12.664,12.811000000000002,12.9165,13.289833333333332,31.32530094063,7090945.3,13.473666666666666,12.972,True,True,13.34,80689025.76,91976368.6505
2021-06-24,12.63,13.09,12.53,12.99,11894961.0,163680460.0,965531842.0,0.012319594737922688,12.73,12.786,12.9175,13.270833333333334,48.94736806038784,7242472.6,13.4385,12.9565,True,True,13.34,154515543.39000002,93953572.69250001
2021-06-25,13.03,13.08,12.89,12.97,7592591.0,105259937.0,965531842.0,0.00786363604981968,12.788,12.773,12.918000000000001,13.250333333333334,49.99999962365592,7196024.85,13.4005,12.9435,False,True,13.34,98475905.27000001,93355406.148
2021-06-28,13.26,13.41,13.14,13.25,14011013.0,198985938.0,965531842.0,0.014511186882224025,12.894,12.795,12.941999999999998,13.242666666666667,47.45762674327301,7487762.4,13.356166666666667,12.9425,False,False,13.34,185645922.25,97417158.9735
2021-06-29,13.28,14.57,13.19,13.94,27811173.0,413147944.0,965531842.0,0.028803993602522743,13.146,12.917000000000002,12.998,13.250833333333334,67.40088064158046,8482496.95,13.317666666666666,12.932500000000001,False,False,13.34,387687751.62,111727081.5925
2021-06-30,13.81,14.37,13.61,14.08,19247102.0,289022365.0,965531842.0,0.019934197053648284,13.446000000000002,13.055000000000001,13.0515,13.258500000000002,68.10344786489298,8942831.7,13.289833333333332,12.9165,False,False,13.94,270999196.16,118745756.647
2021-07-01,14.0,14.36,13.84,13.85,16316399.0,246622772.0,965531842.0,0.016898871989764995,13.618,13.174000000000001,13.084,13.263333333333332,65.56016559425629,9075425.4,13.270833333333334,12.9175,False,False,14.08,225982126.15,121026276.4545
2021-07-02,13.83,13.84,13.46,13.71,15254153.0,222615004.0,965531842.0,0.015798705269421866,13.766,13.276999999999997,13.118,13.264166666666666,63.70967705970347,9464538.4,13.250333333333334,12.918000000000001,False,False,14.08,209134437.63000003,126615060.04650001
2021-07-05,13.73,13.84,13.53,13.72,8312788.0,121557477.0,965531842.0,0.008609543091588687,13.86,13.377,13.1555,13.263833333333334,72.93577934811886,9676416.35,13.242666666666667,12.941999999999998,False,False,14.08,114051451.36,129674846.608
2021-07-06,13.65,13.69,13.35,13.6,9773164.0,141256017.0,965531842.0,0.010122052505027587,13.792000000000002,13.469,13.1685,13.263666666666667,69.73684167705449,9604719.85,13.250833333333334,12.998,False,False,14.08,132915030.39999999,128845466.42999999
2021-07-07,13.64,13.84,13.52,13.57,6706654.0,97652259.0,965531842.0,0.006946072318141114,13.690000000000001,13.568000000000001,13.1895,13.264666666666667,70.04405243144637,9481224.2,13.258500000000002,13.0515,False,False,14.08,91009294.78,127362338.36650002
2021-07-08,13.94,14.17,13.58,13.66,14026792.0,208418895.0,965531842.0,0.014527529170809055,13.652000000000001,13.635,13.2105,13.261666666666665,70.94017051574258,9836211.95,13.263333333333332,13.084,False,False,14.08,191605978.72,132356938.8085
2021-07-09,13.58,13.72,13.43,13.59,7439232.0,107567789.0,965531842.0,0.007704802344571459,13.628,13.697,13.235,13.262333333333334,68.35442997596539,9879731.6,13.264166666666666,13.118,False,False,14.08,101099162.88,133109307.4075
2021-07-12,13.6,13.62,13.28,13.3,10716084.0,153293138.0,965531842.0,0.011098633451386475,13.544,13.702000000000002,13.248500000000002,13.260166666666667,61.832060738302,10114936.3,13.263833333333334,13.1555,False,False,14.08,142523917.20000002,136318691.7825
2021-07-13,13.29,13.41,13.16,13.21,7859965.0,111175304.0,965531842.0,0.008140554933661111,13.466,13.629,13.273,13.255166666666666,62.06896518430443,10189531.75,13.263666666666667,13.1685,False,False,14.08,103830137.65,137460115.049
2021-07-14,13.21,13.36,13.08,13.14,9924269.0,140150651.0,965531842.0,0.01027855174557775,13.38,13.535,13.295000000000002,13.248833333333332,53.303964428962345,10501480.15,13.264666666666667,13.1895,True,False,14.08,130404894.66000001,141640193.647
2021-07-15,13.14,13.14,12.83,12.88,9533999.0,131665646.0,965531842.0,0.009874349643665093,13.224,13.438000000000002,13.306000000000001,13.234666666666666,48.20717104585642,10800190.05,13.261666666666665,13.2105,True,True,14.08,122797907.12,145526734.97
2021-07-16,12.91,13.05,12.86,12.93,8796868.0,121805455.0,965531842.0,0.00911090408140056,13.092000000000002,13.36,13.3185,13.221333333333332,42.98245587642351,11032582.5,13.262333333333334,13.235,True,True,14.08,113743503.24,148583432.08600003
2021-07-19,12.99,13.05,12.75,12.97,7273281.0,100340247.0,965531842.0,0.007532927122252277,13.026000000000002,13.285,13.331,13.209666666666667,20.245398599119298,11172307.55,13.260166666666667,13.248500000000002,True,True,14.08,94334454.57000001,150451650.7345
2021-07-20,12.97,13.14,12.87,13.04,6902870.0,96314158.0,965531842.0,0.007149292959309777,12.991999999999999,13.229000000000003,13.349,13.196833333333334,16.666666517093915,11290371.5,13.255166666666666,13.273,True,True,14.08,90013424.8,152072953.2805
2021-07-21,13.06,13.12,12.95,13.11,7309175.0,101777913.0,965531842.0,0.007570102488655159,12.985999999999999,13.183000000000002,13.375499999999999,13.185333333333334,23.57142833571423,11335126.65,13.248833333333332,13.295000000000002,True,True,14.08,95823284.25,152829666.20499998
2021-07-22,13.11,13.14,12.89,12.92,7156369.0,99084825.0,965531842.0,0.007411841524745903,12.994,13.109,13.372,13.171666666666665,22.758620469916693,11098197.05,13.234666666666666,13.306000000000001,True,True,14.08,92460287.48,149726903.4095
2021-07-23,12.97,12.97,12.77,12.78,6031165.0,82561112.0,965531842.0,0.006246469290445213,12.963999999999999,13.028,13.3625,13.153666666666664,20.253164377503538,11020125.75,13.221333333333332,13.3185,True,True,14.08,77078288.7,148657022.58100003
2021-07-26,12.7,12.9,12.56,12.66,7073441.0,96131437.0,965531842.0,0.007325953109270942,12.902000000000001,12.964000000000002,13.333000000000002,13.132333333333333,20.253164377503552,10673247.15,13.209666666666667,13.331,True,True,14.08,89549763.06,143852214.62150002
2021-07-27,12.66,12.71,11.97,12.16,13225801.0,173673381.0,965531842.0,0.013697943894428289,12.725999999999999,12.859,13.244,13.1085,15.609755990957709,9943978.55,13.196833333333334,13.349,True,True,14.08,160825740.16,132509114.04849999
2021-07-28,12.16,12.16,11.79,11.94,6745160.0,85998134.0,965531842.0,0.006985952929349377,12.491999999999999,12.739,13.137,13.084,10.55045864784104,9318881.45,13.185333333333334,13.375499999999999,True,True,14.08,80537210.39999999,122986014.7605
2021-07-29,12.05,12.13,11.95,11.97,5359229.0,68969667.0,965531842.0,0.005550546099959694,12.302000000000001,12.648,13.043000000000001,13.057166666666665,12.149532630797452,8771022.95,13.171666666666665,13.372,True,True,13.85,64149971.13,114894407.0095
2021-07-30,11.99,12.68,11.66,12.36,11904398.0,154894957.0,965531842.0,0.012329368625835542,12.218,12.591,12.9755,13.04,29.017856961495497,8603535.2,13.153666666666664,13.3625,True,True,13.72,147138359.28,111794603.09200001
2021-08-02,12.41,12.53,12.12,12.53,8290022.0,109498360.0,965531842.0,0.008585964376719126,12.192,12.547,12.916,13.032833333333333,35.3448273729191,8602396.9,13.132333333333333,13.333000000000002,True,True,13.72,103873975.66,111285729.307
2021-08-03,12.44,12.82,12.42,12.68,9059668.0,122803606.0,965531842.0,0.009383085679736702,12.296,12.511,12.870000000000001,13.028666666666668,40.41666643090275,8566722.1,13.1085,13.244,True,True,13.66,114876590.24,110383807.299
2021-08-04,12.61,12.62,12.44,12.55,5788400.0,77535575.0,965531842.0,0.005995037914037019,12.418000000000001,12.455,12.818999999999999,13.025,42.73127726949872,8520809.4,13.084,13.137,True,True,13.66,72644420.0,109465563.56000002
2021-08-05,12.59,12.78,12.43,12.43,6882008.0,92720395.0,965531842.0,0.007127686214619942,12.510000000000002,12.406,12.757499999999999,13.011833333333334,39.316239081013954,8163570.2,13.057166666666665,13.043000000000001,True,True,13.66,85543359.44,104162432.596
2021-08-06,12.39,12.4,12.16,12.22,6188124.0,81016702.0,965531842.0,0.006409031510739135,12.482,12.35,12.689000000000002,12.990833333333333,35.05976076062284,8101014.8,13.04,12.9755,True,True,13.59,75618875.28,102888418.21599999
2021-08-09,12.16,12.55,12.16,12.53,6799841.0,90136540.0,965531842.0,0.0070425859657976975,12.482000000000001,12.337,12.6505,12.9765,40.727272519933884,7905202.65,13.032833333333333,12.916,True,True,13.3,85202007.72999999,100022322.74249999
2021-08-10,12.4,12.56,12.38,12.53,5173317.0,68863610.0,965531842.0,0.005357997297410726,12.452000000000002,12.374,12.616499999999998,12.964666666666666,39.179104272944976,7770870.25,13.028666666666668,12.870000000000001,True,True,13.21,64821662.01,98071898.9605
2021-08-11,12.49,12.53,12.34,12.37,5650300.0,75002463.0,965531842.0,0.005852007934089448,12.416,12.416999999999998,12.578,12.948333333333332,39.62264130010678,7557171.8,13.025,12.818999999999999,True,True,13.14,69894211.0,95046364.7775
2021-08-12,12.35,12.43,12.16,12.23,5966155.0,78303814.0,965531842.0,0.006179138522911604,12.376,12.443,12.5455,12.936000000000002,39.622641300106814,7378779.6,13.011833333333334,12.757499999999999,True,True,13.11,72966075.65,92554773.20400001
2021-08-13,12.3,12.3,12.09,12.19,5268148.0,68571418.0,965531842.0,0.005456213633604846,12.37,12.425999999999998,12.508500000000002,12.923499999999999,40.856030905842616,7202343.6,12.990833333333333,12.689000000000002,True,True,13.11,64218724.12,90078534.248
2021-08-16,12.27,12.54,12.17,12.39,8229169.0,108716243.0,965531842.0,0.008522939008364677,12.341999999999999,12.411999999999999,12.4795,12.917666666666666,55.06607895553961,7250138.0,12.9765,12.6505,True,True,13.11,101959403.91000001,90459781.715
2021-08-17,12.47,12.49,11.98,11.98,7835544.0,101978431.0,965531842.0,0.008115262137569152,12.232,12.342,12.426499999999999,12.902666666666667,50.81300784090159,7296771.7,12.964666666666666,12.616499999999998,True,True,13.11,93869817.12,90652601.331
2021-08-18,11.98,12.09,11.88,11.95,5111284.0,65150337.0,965531842.0,0.005293749804680186,12.148,12.282,12.368500000000001,12.886833333333334,49.593495652719916,7186877.15,12.948333333333332,12.578,True,True,13.11,61079843.8,88915429.3085
2021-08-19,11.92,12.06,11.87,11.95,4406220.0,56347301.0,965531842.0,0.004563515990185231,12.092,12.234,12.319999999999999,12.869833333333332,40.09661808630306,7049369.7,12.936000000000002,12.5455,True,True,12.92,52654329.0,86925131.3845
2021-08-20,11.96,11.98,11.6,11.69,7352105.0,92163113.0,965531842.0,0.007614565030575139,11.991999999999999,12.181000000000001,12.2655,12.848666666666668,30.555555357510286,7115416.7,12.923499999999999,12.508500000000002,True,True,12.78,85946107.45,87368522.322
2021-08-23,11.62,11.77,11.59,11.66,5519931.0,68814826.0,965531842.0,0.005716984940202521,11.846,12.094,12.215499999999999,12.830166666666665,24.99999982843137,7037741.2,12.917666666666666,12.4795,True,True,12.68,64362395.46,86109153.942
2021-08-24,11.66,11.81,11.65,11.71,4240142.0,53097736.0,965531842.0,0.004391509234140825,11.792,12.011999999999999,12.193,12.811666666666667,28.571428367346954,6588458.25,12.902666666666667,12.426499999999999,True,True,12.68,49652062.82,80550470.075
2021-08-25,11.77,11.84,11.63,11.81,4831075.0,60644683.0,965531842.0,0.005003537729002209,11.764000000000001,11.956,12.186499999999999,12.791666666666666,34.02061831119143,6492754.0,12.886833333333334,12.368500000000001,True,True,12.68,57054995.75,79376359.3425
2021-08-26,11.79,11.81,11.57,11.61,5196110.0,64755667.0,965531842.0,0.005381603976143129,11.696000000000002,11.894,12.1685,12.765166666666666,34.19689094364948,6484598.05,12.869833333333332,12.319999999999999,True,True,12.68,60326837.099999994,79185202.641
2021-08-27,11.6,11.63,11.51,11.53,4038347.0,49821965.0,965531842.0,0.00418251043034995,11.664,11.828,12.127,12.740166666666665,20.588235124567518,6091295.5,12.848666666666668,12.2655,True,True,12.68,46562140.91,74156391.7225
2021-08-30,11.51,11.51,11.28,11.36,6797759.0,82515725.0,965531842.0,0.007040429641262934,11.604,11.725,12.0685,12.713333333333333,18.716577399982896,6016682.35,12.830166666666665,12.215499999999999,True,True,12.68,77222542.24,72823820.0515
2021-08-31,11.33,11.33,10.9,11.09,9570106.0,113462860.0,965531842.0,0.009911745613874845,11.48,11.636,11.989,12.675833333333333,17.676767551780486,6042204.25,12.811666666666667,12.193,True,True,12.68,106132475.53999999,72386614.31650001
2021-09-01,11.09,11.5,11.09,11.41,8552824.0,104036824.0,965531842.0,0.008858148046452517,11.4,11.581999999999999,11.931999999999999,12.646833333333332,31.018518317472584,6180425.45,12.791666666666666,12.186499999999999,True,True,12.55,97587721.84,73633779.4085
2021-09-02,11.39,11.41,11.2,11.23,5243082.0,63071972.0,965531842.0,0.005430252811900532,11.324000000000002,11.510000000000002,11.872,12.613333333333333,29.13043460529306,6098479.15,12.765166666666666,12.1685,True,True,12.53,58879810.86,72300601.9795
2021-09-03,11.23,11.35,11.23,11.26,4811995.0,58020086.0,965531842.0,0.004983776599259996,11.27,11.466999999999999,11.824,12.582666666666665,23.47417824946548,6029672.7,12.740166666666665,12.127,True,True,12.53,54183063.699999996,71228811.4005
2021-09-06,11.28,11.56,11.25,11.54,7209481.0,88323312.0,965531842.0,0.007466849550053472,11.306000000000001,11.455,11.7745,12.557833333333333,38.99999972699997,6050154.7,12.713333333333333,12.0685,True,True,12.53,83197410.74,71128581.551
2021-09-07,11.55,11.59,11.41,11.53,5068169.0,62279215.0,965531842.0,0.005249095658514802,11.394,11.437000000000001,11.7245,12.538,39.393939115396385,6044897.3,12.675833333333333,11.989,True,True,12.53,58435988.57,70809297.879
2021-09-08,11.55,11.78,11.55,11.78,8928468.0,111622550.0,965531842.0,0.009247202020293391,11.468,11.434000000000001,11.695,12.522666666666668,46.188340517203244,6208805.7,12.646833333333332,11.931999999999999,True,True,12.39,105177353.03999999,72573454.98099999
2021-09-09,11.79,11.79,11.66,11.74,4644023.0,58101305.0,965531842.0,0.0048098082300221025,11.569999999999999,11.447,11.6705,12.507333333333333,51.243780737605526,6142699.1,12.613333333333333,11.872,False,True,12.39,54520830.02,71651192.6995
2021-09-10,11.74,11.83,11.5,11.81,6313043.0,78669185.0,965531842.0,0.006538409947126322,11.68,11.475,11.651499999999999,12.492833333333332,53.65853621891732,6194943.85,12.582666666666665,11.824,False,False,12.39,74557037.83,72168108.385
2021-09-13,11.81,12.08,11.77,11.93,8053047.0,103143706.0,965531842.0,0.008340529695342767,11.758,11.532,11.628499999999999,12.479666666666667,55.188678880829464,6186137.75,12.557833333333333,11.7745,False,False,12.39,96072850.71,71873780.725
2021-09-14,12.21,12.24,11.95,11.99,8595470.0,111015842.0,965531842.0,0.008902316449963336,11.85,11.622,11.629,12.468166666666667,54.32692271126109,6224134.05,12.538,11.7245,False,False,11.98,103059685.3,72333274.134
2021-09-15,11.9,12.22,11.89,12.16,8511876.0,110021869.0,965531842.0,0.00881573825920492,11.925999999999998,11.697,11.6395,12.461166666666665,63.41463371326595,6394163.65,12.522666666666668,11.695,False,False,11.99,103504412.16,74454502.552
2021-09-16,12.16,12.22,11.88,11.88,7018804.0,90467728.0,965531842.0,0.007269365643562069,11.954,11.762,11.636,12.442666666666666,57.777777418271654,6524792.85,12.507333333333333,11.6705,False,False,12.16,83383391.52000001,75990955.678
2021-09-17,11.88,12.24,11.74,12.15,9149747.0,117673477.0,965531842.0,0.009476380376070497,12.022,11.851,11.659,12.429,66.80851024028976,6614674.95,12.492833333333332,11.651499999999999,False,False,12.16,111169426.05,77252121.60800001
2021-09-22,12.06,12.22,11.95,12.1,4614305.0,59758947.0,965531842.0,0.004779029338319844,12.056000000000001,11.907,11.681000000000001,12.409833333333333,73.70891970332168,6569393.65,12.479666666666667,11.628499999999999,False,False,12.16,55833090.5,76825656.36
2021-09-23,12.1,12.23,12.06,12.07,5052048.0,65499059.0,965531842.0,0.00523239916100043,12.072,11.961,11.699000000000002,12.378666666666668,67.93478209180061,6609988.95,12.468166666666667,11.629,False,False,12.16,60978219.36,77391964.187
2021-09-24,12.11,12.11,11.84,11.86,4933871.0,63068003.0,965531842.0,0.005110003404734942,12.012,11.969,11.7015,12.341666666666667,66.84491928565302,6615128.75,12.461166666666665,11.6395,False,False,12.16,58515710.059999995,77464999.90249999
2021-09-27,11.79,11.95,11.66,11.68,6002245.0,75657135.0,965531842.0,0.006216516886244752,11.972,11.963,11.705,12.3055,60.39603918537399,6655435.5,12.442666666666666,11.636,False,False,12.16,70106221.6,77953969.1275
2021-09-28,11.83,11.89,11.64,11.65,5235634.0,65800111.0,965531842.0,0.005422538928550427,11.872,11.947,11.711,12.271166666666666,53.10734421271031,6715299.85,12.429,11.659,True,False,12.16,60995136.1,78675618.887
2021-09-29,11.6,11.6,11.18,11.21,6192300.0,75002224.0,965531842.0,0.006413356588192148,11.693999999999999,11.875,11.7035,12.229333333333333,42.727272455371924,6685026.9,12.409833333333333,11.681000000000001,True,True,12.16,69415683.0,78285275.925
2021-09-30,11.3,11.39,11.21,11.23,3594492.0,43271806.0,965531842.0,0.003722810417680663,11.526,11.799,11.7105,12.189833333333333,36.040608880929696,6386246.2,12.378666666666668,11.699000000000002,True,True,12.16,40366145.160000004,74996959.40599999
2021-10-08,11.41,11.69,11.28,11.58,5609779.0,68997646.0,965531842.0,0.005810040390154217,11.47,11.741,11.719,12.156666666666666,46.49122778470298,6239093.95,12.341666666666667,11.7015,True,True,12.16,64961240.82,73365635.35499999
2021-10-11,11.58,11.66,11.45,11.45,3912475.0,48142711.0,965531842.0,0.004052144973174277,11.424000000000001,11.698,11.73,12.119833333333334,42.30769205456933,6172563.6,12.3055,11.705,True,True,12.16,44797838.75,72661536.7495
2021-10-12,11.45,11.54,11.23,11.31,4446671.0,54002937.0,965531842.0,0.004605411035216796,11.356,11.614,11.7325,12.081833333333332,36.86440656097387,6154297.4,12.271166666666666,11.711,True,True,12.16,50291849.010000005,72466976.015
2021-10-13,11.31,11.38,11.23,11.34,2854401.0,34508386.0,965531842.0,0.0029562991874896656,11.382000000000001,11.538,11.7225,12.049166666666666,36.05150192930426,5936543.4,12.229333333333333,11.7035,True,True,12.16,32368907.34,69925550.845
2021-10-14,11.37,11.37,11.19,11.19,3784919.0,45547504.0,965531842.0,0.003920035399516114,11.373999999999999,11.45,11.7055,12.015500000000001,29.00432882854514,5872380.9,12.189833333333333,11.7105,True,True,12.16,42353243.61,69121413.597
2021-10-15,11.23,11.23,11.0,11.03,5114000.0,60568097.0,965531842.0,0.005296562762142442,11.264,11.367,11.668,11.980333333333334,30.593607110360452,5681657.5,12.156666666666666,11.719,True,True,12.16,56407420.0,66682916.94500001
2021-10-18,11.04,11.08,10.94,10.99,3224835.0,37917982.0,965531842.0,0.0033399571715005127,11.172,11.298,11.6305,11.948833333333335,20.408163119533484,5610698.1,12.119833333333334,11.73,True,True,12.16,35440936.65,65728922.2765
2021-10-19,11.03,11.11,10.99,11.06,3163266.0,37371962.0,965531842.0,0.0032761902429314185,11.122,11.239,11.593,11.917666666666666,23.737373569533702,5453209.25,12.081833333333332,11.7325,True,True,12.16,34985721.96,63750356.482999995
2021-10-20,11.1,11.11,10.93,11.04,4245723.0,49915214.0,965531842.0,0.004397289468160284,11.062,11.222,11.5485,11.8855,23.85786785075622,5262843.05,12.049166666666666,11.7225,True,True,12.16,46872781.919999994,61290353.04349999
2021-10-21,11.0,11.04,10.94,10.96,2861564.0,33569800.0,965531842.0,0.002963717896731986,11.016,11.195,11.497,11.850833333333332,25.54347806651701,4976147.75,12.015500000000001,11.7055,True,True,12.16,31362741.44,57705505.8505
2021-10-22,10.94,11.02,10.9,10.94,2657527.0,31084970.0,965531842.0,0.0027523970566265383,10.998,11.131,11.436,11.814666666666666,27.976190243055527,4683430.3,11.980333333333334,11.668,True,True,12.16,29073345.38,53983952.5115
2021-10-25,11.01,11.08,10.86,11.08,3382736.0,39699811.0,965531842.0,0.0035034950198980595,11.016000000000002,11.094,11.396,11.783999999999999,34.07821202396927,4501626.9,11.948833333333335,11.6305,True,True,12.15,37480714.88,51688818.6795
2021-10-26,11.08,11.17,11.05,11.11,3469246.0,41214186.0,965531842.0,0.003593093307843492,11.026,11.074,11.344,11.756166666666667,46.37681112371346,4217601.85,11.917666666666666,11.593,True,True,12.15,38543323.059999995,48057513.529999994
2021-10-27,11.12,11.14,10.95,11.0,2569300.0,30275285.0,965531842.0,0.0026610204741440314,11.018,11.04,11.289,11.728499999999999,42.17687034661481,4115351.6,11.8855,11.5485,True,True,12.1,28262300.0,46678974.004999995
2021-10-28,11.0,11.04,10.64,10.64,4509136.0,52097601.0,965531842.0,0.004670105949752821,10.954,10.985,11.2175,11.703166666666666,18.24324307067201,4088206.0,11.850833333333332,11.497,True,True,12.07,47977207.04,46028923.389000006
2021-10-29,10.67,10.94,10.67,10.9,3644009.0,42276992.0,965531842.0,0.003774095106435651,10.946,10.972,11.1695,11.685833333333335,32.91925437213071,4023712.9,11.814666666666666,11.436,True,True,11.86,39719698.1,45089122.79099999
2021-11-01,11.11,11.93,11.08,11.77,20279198.0,251563730.0,965531842.0,0.02100313746048367,11.084,11.05,11.174,11.682500000000001,59.82905947110818,4737560.55,11.783999999999999,11.396,True,True,11.68,238686160.45999998,53518119.734
2021-11-02,11.74,11.87,11.47,11.62,9201355.0,114875266.0,965531842.0,0.009529830710647863,11.186,11.106,11.1725,11.670166666666667,55.691056593628126,4935846.6,11.756166666666667,11.344,False,True,11.77,106919745.1,55814350.18399999
2021-11-03,11.66,11.66,11.42,11.48,4108774.0,50553087.0,965531842.0,0.004255451577328716,11.282,11.15,11.186,11.652666666666669,55.918367027405274,4831670.3,11.728499999999999,11.289,False,False,11.77,47168725.52,54702002.30999999
2021-11-04,11.43,11.74,11.42,11.63,5718857.0,70948374.0,965531842.0,0.005923012324641697,11.48,11.217,11.206,11.635166666666667,62.29508160978236,4937888.55,11.703166666666666,11.2175,False,False,11.77,66510306.910000004,56009210.3975
2021-11-05,11.63,11.96,11.58,11.66,7173751.0,90381826.0,965531842.0,0.007429844038224893,11.632,11.289,11.21,11.620333333333333,63.78600786296128,5016087.15,11.685833333333335,11.1695,False,False,11.77,83645936.66,56943445.1895
2021-11-08,11.89,11.89,11.68,11.77,5500218.0,69136084.0,965531842.0,0.0056965682132314385,11.632000000000001,11.358,11.225999999999999,11.609333333333332,64.37246927076333,5095474.3,11.682500000000001,11.174,False,False,11.77,64737565.86,57940431.545
2021-11-09,11.81,11.83,11.65,11.77,4022801.0,50432530.0,965531842.0,0.004166409459544267,11.662,11.424000000000001,11.248999999999999,11.601833333333333,64.89795881282802,5074280.8,11.670166666666667,11.1725,False,False,11.77,47348367.769999996,57793257.483
2021-11-10,11.83,12.11,11.77,12.0,9108565.0,116155596.0,965531842.0,0.00943372823534493,11.766,11.524000000000001,11.282,11.592999999999998,69.99999962307692,5386989.0,11.652666666666669,11.186,False,False,11.77,109302780.0,61639951.116
2021-11-11,12.01,12.08,11.91,12.01,6369929.0,81858148.0,965531842.0,0.006597326699040134,11.842,11.661,11.322999999999999,11.584333333333332,70.65637027444437,5516239.5,11.635166666666667,11.206,False,False,12.0,76502847.28999999,63347431.3
2021-11-12,11.93,12.11,11.93,11.97,5474572.0,70292585.0,965531842.0,0.005670006686325318,11.904,11.768,11.370000000000001,11.577666666666666,67.8714855621684,5534268.1,11.620333333333333,11.21,False,False,12.01,65530626.84,63803591.642
2021-11-15,11.97,12.09,11.8,12.03,5236537.0,67315347.0,965531842.0,0.005423474164407724,11.956,11.794,11.422,11.574333333333332,68.25396787477959,5634853.2,11.609333333333332,11.225999999999999,False,False,12.01,62995540.11,65181321.815
2021-11-16,11.97,12.11,11.96,11.97,5023685.0,64678894.0,965531842.0,0.005203023640933429,11.996,11.828999999999999,11.4675,11.570666666666666,69.63562713566857,5727874.15,11.601833333333333,11.248999999999999,False,False,12.03,60133509.45,66438711.1895
2021-11-17,11.95,12.08,11.9,11.97,4249100.0,54416977.0,965531842.0,0.004400787022412877,11.99,11.878,11.514,11.563666666666668,81.51658713685686,5728043.0,11.592999999999998,11.282,False,False,12.03,50861727.0,66638158.4435
2021-11-18,11.95,12.07,11.81,11.83,6275855.0,79950019.0,965531842.0,0.006499894386704235,11.953999999999999,11.898,11.557500000000001,11.561166666666667,73.36683365470574,5898757.55,11.584333333333332,11.322999999999999,False,False,12.03,74243364.65,68782189.604
2021-11-19,11.8,11.97,11.8,11.84,3644169.0,46210570.0,965531842.0,0.0037742608182154596,11.928,11.916,11.602500000000001,11.559333333333333,53.097344474900176,5948089.65,11.577666666666666,11.370000000000001,False,False,12.03,43146960.96,69485870.383
2021-11-22,11.86,11.94,11.6,11.64,7379013.0,92381954.0,965531842.0,0.007642433609144503,11.85,11.903,11.6305,11.554166666666667,50.84745702384379,6147903.5,11.574333333333332,11.422,False,False,12.03,85891711.32000001,71906420.205
2021-11-23,11.61,11.95,11.57,11.75,8374449.0,105089746.0,965531842.0,0.008673405304431172,11.806000000000001,11.901,11.6625,11.555166666666667,61.73912968317585,6393163.65,11.570666666666666,11.4675,False,False,12.03,98399775.75,74899242.8395
2021-11-24,11.76,12.11,11.62,12.1,10858419.0,138233976.0,965531842.0,0.011246049615005861,11.832,11.911,11.7175,11.5625,67.40740670836766,6807619.6,11.563666666666668,11.514,False,False,12.03,131386869.89999999,80055471.3345
2021-11-25,12.14,12.47,12.03,12.45,15976365.0,210702201.0,965531842.0,0.016546699243917842,11.956,11.955000000000002,11.808,11.574833333333334,73.65269399333076,7380981.05,11.561166666666667,11.557500000000001,False,False,12.1,198905744.25,87601898.19500001
2021-11-26,12.46,12.56,12.28,12.38,10288692.0,136436748.0,965531842.0,0.010655984145160901,12.064,11.996,11.882,11.584333333333335,68.71165585155644,7713215.2,11.559333333333333,11.602500000000001,False,False,12.45,127374006.96000001,91984613.638
2021-11-29,12.44,12.63,12.24,12.33,10804434.0,142925516.0,965531842.0,0.01119013742479971,12.202,12.026,11.91,11.596333333333332,66.6666661111112,7239477.0,11.554166666666667,11.6305,False,False,12.45,133218671.22,86711239.176
2021-11-30,12.49,13.56,12.46,13.56,41864944.0,591618470.0,965531842.0,0.043359464886503454,12.564,12.184999999999999,12.007,11.630166666666668,79.10447719870803,8872656.45,11.555166666666667,11.6625,False,False,12.45,567688640.64,109749683.953
2021-12-01,13.48,13.89,13.02,13.03,40018063.0,576756094.0,965531842.0,0.04144665277647053,12.75,12.291,12.0845,11.658,65.93749971152346,10668120.9,11.5625,11.7175,False,False,13.56,521435360.89,133463015.7215
2021-12-02,13.2,13.22,12.56,12.61,21094383.0,288272822.0,965531842.0,0.021847423443130735,12.782,12.369,12.133500000000002,11.683333333333334,58.938547255547576,11436897.2,11.574833333333334,11.808,False,False,13.56,266000169.63,143437508.85750002
2021-12-03,12.56,12.78,12.47,12.65,13447670.0,181844703.0,965531842.0,0.01392773331239344,12.836000000000002,12.45,12.183,11.704,58.70786493766572,11750593.15,11.584333333333335,11.882,False,False,13.56,170113025.5,147760863.2995
2021-12-06,12.75,12.82,12.54,12.64,9795024.0,132690602.0,965531842.0,0.01014469287694398,12.898000000000001,12.55,12.2265,11.7275,59.54415930666147,11965333.45,11.596333333333332,11.91,False,False,13.56,123809103.36,150714440.17450002
2021-12-07,12.69,12.72,12.33,12.39,9697614.0,129404792.0,965531842.0,0.010043805473999065,12.664,12.614,12.2575,11.746333333333332,55.5851061760129,12249074.1,11.630166666666668,12.007,False,False,13.56,120153437.46000001,154354693.659
2021-12-08,12.43,12.52,12.37,12.45,5843603.0,77689741.0,965531842.0,0.006052211585166965,12.547999999999998,12.649,12.28,11.761500000000002,58.42391282121337,12085826.0,11.658,12.0845,False,False,13.56,72752857.35,152527197.52650002
2021-12-09,12.41,12.6,12.4,12.52,6743446.0,90286192.0,965531842.0,0.006984177741908174,12.53,12.656,12.3055,11.777999999999999,59.090908869713175,12104501.85,11.683333333333334,12.133500000000002,False,False,13.56,84427943.92,152923452.358
2021-12-10,12.51,12.54,12.33,12.39,6760810.0,89608190.0,965531842.0,0.007002161612811936,12.478,12.657,12.3265,11.788166666666665,60.21798342151179,12168813.75,11.704,12.183,False,False,13.56,83766435.9,153835242.81100002
2021-12-13,12.33,12.44,12.22,12.24,6975200.0,91725304.0,965531842.0,0.007224205040769645,12.398,12.648,12.337,11.7965,56.60377337130652,12255746.9,11.7275,12.2265,False,False,13.56,85376448.0,154954288.20549998
2021-12-14,12.18,12.42,12.18,12.28,5745200.0,75524031.0,965531842.0,0.005950295733488611,12.376,12.52,12.352500000000001,11.804333333333334,52.64705860674741,12291822.65,11.746333333333332,12.2575,True,False,13.56,70551056.0,155475165.533
2021-12-15,12.25,12.33,12.14,12.16,6086608.0,79481486.0,965531842.0,0.006303891529244874,12.318,12.433,12.362,11.808166666666667,45.42586730726748,12383698.05,11.761500000000002,12.28,True,True,13.56,74013153.28,156632736.847
2021-12-16,12.12,12.22,12.1,12.16,4186000.0,54363383.0,965531842.0,0.004335434439250736,12.246,12.388,12.378499999999999,11.811,46.451612693444325,12279205.3,11.777999999999999,12.3055,True,True,13.56,50901760.0,155465656.6145
2021-12-17,12.2,12.23,12.06,12.11,5390307.0,69872060.0,965531842.0,0.005582733541790329,12.190000000000001,12.334,12.392,11.810166666666667,46.451612693444325,12366512.2,11.788166666666665,12.3265,True,True,13.56,65276617.769999996,156572139.45499998
2021-12-20,12.08,12.29,12.07,12.16,6377586.0,83348519.0,965531842.0,0.006605257043402614,12.174,12.285999999999998,12.418000000000001,11.814833333333333,13.541666567925347,12316440.85,11.7965,12.337,True,True,13.56,77551445.76,156155126.177
2021-12-21,12.2,12.2,12.05,12.14,5045668.0,65259993.0,965531842.0,0.005225791403780549,12.146,12.261000000000001,12.4375,11.814666666666666,18.439716128967362,12150001.8,11.804333333333334,12.352500000000001,True,True,13.56,61254409.52,154297857.8655
2021-12-22,12.18,12.37,12.16,12.29,6256224.0,82143916.0,965531842.0,0.006479562587020304,12.172,12.245000000000001,12.447,11.817833333333335,35.96491183902735,11919892.05,11.808166666666667,12.362,True,True,13.56,76888992.96,151572964.01850003
2021-12-23,12.29,12.36,12.1,12.11,5472215.0,71432681.0,965531842.0,0.005667565544669007,12.162,12.204,12.43,11.818499999999998,28.9062496838378,11394684.55,11.811,12.378499999999999,True,True,13.56,66268523.65,144941102.9885
2021-12-24,12.21,12.86,12.11,12.58,18117666.0,243905529.0,965531842.0,0.01876444174277165,12.256,12.223,12.440000000000001,11.8305,48.27586168053903,11786133.25,11.810166666666667,12.392,True,True,13.56,227920238.28,149968414.5545
2021-12-27,12.7,12.82,12.54,12.74,11277294.0,152862622.0,965531842.0,0.01167987787605248,12.372,12.273,12.4605,11.848166666666666,60.60606009182738,11809776.25,11.814833333333333,12.418000000000001,False,True,13.56,143672725.56,150491117.2715
2021-12-28,12.73,12.73,12.44,12.52,8173407.0,109640936.0,965531842.0,0.008465186381704022,12.447999999999999,12.297,12.4085,11.862666666666666,51.93370125576143,10125199.4,11.814666666666666,12.4375,False,False,13.56,102331055.64,127223238.02149999
2021-12-29,12.52,13.0,12.42,12.82,12376156.0,169556932.0,965531842.0,0.01281796773720488,12.553999999999998,12.363,12.398,11.8895,57.352940782872,8743104.05,11.817833333333335,12.447,False,False,13.03,158662319.92000002,109084585.973
2021-12-30,12.82,12.95,12.58,12.87,10976003.0,149692086.0,965531842.0,0.011367831201987432,12.706,12.434000000000001,12.411,11.916833333333333,62.24489751457724,8237185.05,11.818499999999998,12.43,False,False,12.82,141261158.60999998,102847635.422
2021-12-31,12.85,13.22,12.82,13.09,13379038.0,186812303.0,965531842.0,0.013856651244444407,12.808000000000002,12.532,12.433,11.942,70.93596010191948,8233753.45,11.8305,12.440000000000001,False,False,12.87,175131607.42,103098564.518
2022-01-04,13.07,13.41,12.92,13.35,13334849.0,189667776.0,965531842.0,0.013810884757957055,12.930000000000001,12.651,12.4685,11.973666666666666,73.77777731871606,8410744.7,11.848166666666666,12.4605,False,False,13.09,178020234.15,105809121.0575
2022-01-05,13.37,13.38,12.88,12.95,12461436.0,173817137.0,965531842.0,0.012906292115843031,13.016,12.732000000000001,12.4965,12.001000000000001,65.61264785826991,8548935.8,11.862666666666666,12.4085,False,False,13.35,161375596.2,107870228.9945
2022-01-06,12.86,13.19,12.85,13.15,8178843.0,114120042.0,965531842.0,0.00847081643942303,13.081999999999999,12.818000000000001,12.5315,12.031166666666667,68.13186778247393,8665697.8,11.8895,12.398,False,False,13.35,107551785.45,109610175.39949998
2022-01-07,13.1,13.18,12.88,12.92,7140282.0,99519883.0,965531842.0,0.00739518024098474,13.091999999999999,12.899000000000001,12.5515,12.059999999999999,63.91752546568888,8685539.6,11.916833333333333,12.411,False,False,13.35,92252443.44,110001400.37550001
2022-01-10,12.93,13.27,12.93,13.13,8091207.0,113677996.0,965531842.0,0.008380051954827192,13.1,12.953999999999999,12.5885,12.094999999999999,65.79804530254964,8752059.45,11.942,12.433,False,False,13.35,106237547.91000001,111124955.976
2022-01-11,13.11,13.59,13.05,13.27,12241481.0,174935869.0,965531842.0,0.012678485025043845,13.084,13.007,12.639999999999999,12.133000000000001,67.7115984489146,9015373.5,11.973666666666666,12.4685,False,False,13.35,162444452.87,114978356.21949999
2022-01-12,13.27,13.28,13.06,13.09,7592619.0,106590468.0,965531842.0,0.007863665049381147,13.112,13.063999999999998,12.680499999999999,12.166833333333333,62.42235997704564,9107744.45,12.001000000000001,12.4965,False,False,13.35,99387382.71,116420172.55499999
2022-01-13,13.05,13.27,12.79,12.82,9271846.0,128354693.0,965531842.0,0.009602838142338551,13.046000000000001,13.064000000000002,12.7135,12.196499999999999,60.72507527185769,9267006.35,12.031166666666667,12.5315,False,False,13.35,118865065.72,118662768.177
2022-01-14,12.81,14.1,12.81,14.1,50052412.0,739275946.0,965531842.0,0.05183921422655681,13.282,13.187000000000001,12.8105,12.248833333333334,68.44660170916202,11560326.95,12.059999999999999,12.5515,False,False,13.35,705739009.1999999,151404630.637
2022-01-17,14.57,15.51,14.13,15.51,59818314.0,964036500.0,965531842.0,0.061953745488178315,13.758000000000001,13.428999999999998,12.980500000000001,12.325,75.79143369439849,14281727.3,12.094999999999999,12.5885,False,False,14.1,927782050.14,194529902.2555
2022-01-18,16.65,16.74,15.24,15.32,115341266.0,1978511371.0,965531842.0,0.11945879046420926,14.168000000000001,13.626,13.138499999999999,12.395666666666667,76.21722826459904,19729911.3,12.133000000000001,12.639999999999999,False,False,15.51,1767028195.1200001,279003739.7235
2022-01-19,14.97,16.56,14.69,15.86,77156772.0,1290589297.0,965531842.0,0.07991116257769156,14.722,13.916999999999998,13.3245,12.474833333333333,77.24014317538317,23335466.5,12.166833333333333,12.680499999999999,False,False,15.51,1223706403.9199998,337126339.4435
2022-01-20,15.79,16.18,14.85,14.96,63586411.0,1045180718.0,965531842.0,0.06585635836544478,15.15,14.098000000000003,13.457999999999998,12.540833333333333,66.25194386819174,26201975.85,12.196499999999999,12.7135,False,False,15.86,951252708.5600001,380844525.22349995
2022-01-21,15.34,16.26,14.69,14.99,70242036.0,1161846567.0,965531842.0,0.0727495800185117,15.328,14.304999999999998,13.601999999999999,12.613333333333335,65.22435882802228,29440466.9,12.248833333333334,12.8105,False,False,15.86,1052928119.64,430177505.02299994
2022-01-24,14.24,15.25,13.92,14.54,39110054.0,612531821.0,965531842.0,0.04050622910476732,15.134,14.445999999999998,13.7,12.674,59.25349909338274,30490086.3,12.325,12.980500000000001,False,False,15.86,568660185.16,447214502.367
2022-01-25,14.5,14.64,13.5,13.55,36740915.0,548088128.0,965531842.0,0.038052515102862866,14.780000000000001,14.474,13.7405,12.703666666666667,54.27350416526653,31763267.35,12.395666666666667,13.138499999999999,False,False,15.86,497839398.25,464922836.0015
2022-01-26,13.6,13.75,13.24,13.35,24202113.0,346779044.0,965531842.0,0.025066095127290477,14.278,14.5,13.782,12.732499999999998,51.42450132194543,32564702.65,12.474833333333333,13.3245,True,False,15.86,323098208.55,475961193.64699996
2022-01-27,13.36,13.53,12.98,13.08,18277601.0,257764608.0,965531842.0,0.018930086202170016,13.902000000000001,14.526,13.794999999999998,12.759166666666665,51.1331443745235,32859774.9,12.540833333333333,13.457999999999998,True,True,15.86,239071021.08,479981628.70500004
2022-01-28,13.21,13.45,12.75,13.16,21636489.0,302669496.0,965531842.0,0.022408881881287555,13.536000000000001,14.431999999999999,13.8095,12.784666666666665,50.21645011500284,33392799.2,12.613333333333335,13.601999999999999,True,True,15.86,284736195.24,487155380.5365001
2022-02-07,13.19,13.37,12.83,12.98,16189333.0,226304061.0,965531842.0,0.016767269908432497,13.224,14.178999999999998,13.804000000000002,12.806666666666667,47.91965557089309,33533313.95,12.674,13.7,True,True,15.86,210137542.34,488905677.2825001
2022-02-08,12.9,13.08,12.5,12.68,20524586.0,278782877.0,965531842.0,0.021257285474382107,13.05,13.915000000000001,13.770500000000002,12.821833333333334,47.10860357411559,33892800.8,12.703666666666667,13.7405,True,True,15.86,260251750.48,493017253.099
2022-02-09,12.62,13.25,12.55,13.23,17734784.0,245249064.0,965531842.0,0.018367891382291668,13.026,13.651999999999997,13.7845,12.846166666666667,52.7815467111341,34156468.2,12.732499999999998,13.782,True,True,15.86,234631192.32,496680032.90500003
2022-02-10,13.09,13.16,12.82,12.84,13539263.0,187528719.0,965531842.0,0.014022596056443678,12.978,13.440000000000001,13.769,12.860166666666666,40.27777769075788,34424489.2,12.759166666666665,13.794999999999998,True,True,15.86,173844136.92,499994650.4785
2022-02-11,12.96,12.96,12.18,12.29,19589933.0,260956018.0,965531842.0,0.02028926664854622,12.803999999999998,13.169999999999998,13.7375,12.864833333333333,21.35231311406895,35046971.75,12.784666666666665,13.8095,True,True,15.86,240760276.57,507420042.13500005
2022-02-14,12.45,12.63,12.23,12.24,17139405.0,227557355.0,965531842.0,0.017751258171348844,12.655999999999999,12.940000000000001,13.693000000000001,12.869333333333334,21.897810163034777,35499381.65,12.806666666666667,13.804000000000002,True,True,15.86,209786317.20000002,512597480.5995
2022-02-15,12.19,12.53,12.06,12.39,10401879.0,137304206.0,965531842.0,0.010773211765293599,12.597999999999999,12.824000000000002,13.648999999999997,12.875333333333334,15.913555948371368,35407401.55,12.821833333333334,13.770500000000002,True,True,15.86,128879280.81,510919221.9965
2022-02-16,12.39,12.46,12.24,12.31,9577941.0,126318687.0,965531842.0,0.009919860312592363,12.414,12.719999999999999,13.61,12.881,18.96955497293355,35506667.65,12.846166666666667,13.7845,True,True,15.86,117904453.71000001,511845075.5464999
2022-02-17,12.25,12.37,12.15,12.17,10056257.0,131479268.0,965531842.0,0.010415251535536619,12.280000000000001,12.629,13.5775,12.884333333333332,17.80821912116096,35545888.2,12.860166666666666,13.769,True,True,15.86,122384647.69,512021054.645
2022-02-18,12.16,12.39,12.1,12.36,9136614.0,120117504.0,965531842.0,0.009462778546044057,12.294,12.549,13.4905,12.893166666666668,23.543689240385532,33500098.3,12.864833333333333,13.7375,True,True,15.86,112928549.03999999,482380531.6370001
2022-02-21,12.47,12.54,12.27,12.52,13155580.0,174594023.0,965531842.0,0.013625216101366027,12.35,12.503,13.341,12.9045,34.346504413115184,31166961.6,12.869333333333334,13.693000000000001,True,True,15.86,164707861.6,444226822.2099999
2022-02-22,12.39,12.87,12.22,12.27,18587632.0,246747476.0,965531842.0,0.019251184882207128,12.326,12.462,13.1885,12.915,33.83233518752914,26329279.9,12.875333333333334,13.648999999999997,True,True,15.86,228070244.64,367278924.686
2022-02-23,12.28,12.65,12.28,12.39,13228511.0,176074525.0,965531842.0,0.013700750637698803,12.342,12.378,13.015,12.925666666666668,39.184952806084866,23132866.85,12.881,13.61,True,True,15.86,163901251.29000002,314288667.0545
2022-02-24,12.38,13.23,12.27,12.57,36340607.0,490862626.0,965531842.0,0.03763791665816445,12.422,12.350999999999999,12.895499999999998,12.9335,41.03343447584558,21770576.65,12.884333333333332,13.5775,True,True,14.99,456801429.99,289566103.12600005
2022-02-25,12.49,12.74,12.45,12.56,17229584.0,231978833.0,965531842.0,0.017844656437545018,12.462,12.378,12.774000000000001,12.935333333333334,43.26923057507397,19119954.05,12.893166666666668,13.4905,True,True,14.99,216403575.04000002,247739875.896
2022-02-28,12.61,13.58,12.27,13.38,37008800.0,514450498.0,965531842.0,0.03832996322870106,12.634,12.492,12.716,12.952,59.61538438609468,19014891.35,12.9045,13.341,True,True,14.54,495177744.0,244065753.838
2022-03-01,13.2,13.31,12.99,13.12,18120980.0,254241997.0,965531842.0,0.01876787404801094,12.803999999999998,12.565,12.694500000000001,12.965166666666669,48.35820875312986,18083894.6,12.915,13.1885,False,True,13.55,237747257.6,231061146.80550003
2022-03-02,13.08,13.3,12.78,13.21,18790044.0,262289338.0,965531842.0,0.01946082271204889,12.968,12.655000000000001,12.6875,12.959333333333332,56.06557351314163,17813291.15,12.925666666666668,13.015,False,False,13.38,248216481.24,227317060.44
2022-03-03,13.21,13.33,13.0,13.16,14106413.0,198660690.0,965531842.0,0.01460999253093509,13.086000000000002,12.754000000000001,12.6915,12.961500000000001,67.05882316124567,17604731.75,12.9335,12.895499999999998,False,False,13.38,185640395.08,224645529.14000002
2022-03-04,13.16,13.96,13.16,13.64,35613723.0,520530019.0,965531842.0,0.03688508389969805,13.301999999999998,12.882,12.7155,12.978666666666667,73.48993254065128,18303593.45,12.935333333333334,12.774000000000001,False,False,13.38,485771181.72,234697278.46400005
2022-03-07,13.5,13.76,13.08,13.19,22206186.0,316392428.0,965531842.0,0.022998916280173802,13.264000000000001,12.949000000000002,12.726,12.987666666666666,62.19512168575249,18604436.1,12.952,12.716,False,False,13.64,292899593.34,238835381.014
2022-03-08,13.1,13.17,12.55,12.65,19725205.0,270762396.0,965531842.0,0.020429367672785668,13.169999999999998,12.987,12.7245,12.987833333333333,54.54545434127369,18564467.05,12.965166666666669,12.694500000000001,False,False,13.64,249523843.25,238298985.65249997
2022-03-09,12.64,12.93,11.89,12.35,20920485.0,276515617.0,965531842.0,0.021667317523848168,12.998000000000001,12.983,12.680499999999999,12.987166666666667,52.3076921199211,18723752.1,12.959333333333332,12.6875,True,False,13.64,258367989.75,239485825.524
2022-03-10,12.6,12.98,12.48,12.85,26501872.0,360525877.0,965531842.0,0.027447952358675292,12.936000000000002,13.011000000000001,12.681000000000001,12.993833333333333,55.81947724905636,19371882.55,12.961500000000001,12.6915,True,True,13.64,340549055.2,247821071.43800002
2022-03-11,12.82,13.52,12.36,13.49,34625406.0,487197530.0,965531842.0,0.03586148534291425,12.906,13.104,12.741,13.01,60.341151205804664,20123656.2,12.978666666666667,12.7155,False,True,13.64,467096726.94,259137893.9565
2022-03-14,13.69,14.65,13.27,14.05,59206010.0,891366632.0,965531842.0,0.06131958307802758,13.078,13.171000000000001,12.8315,13.037666666666667,67.79999981015999,22226986.45,12.987666666666666,12.726,False,False,13.64,831844440.5,290240800.1215
2022-03-15,13.94,13.99,13.07,13.4,45013624.0,651691702.0,965531842.0,0.04662054842930804,13.228,13.199000000000002,12.882,13.057,59.132007083571764,23957573.7,12.987833333333333,12.7245,False,False,14.05,603182561.6,313955964.161
2022-03-16,13.94,13.96,12.49,13.22,41631939.0,583836942.0,965531842.0,0.0431181419286636,13.402000000000001,13.2,12.9275,13.072666666666667,55.87703421658616,25560273.6,12.987166666666667,12.680499999999999,False,False,14.05,550374233.58,335579453.1545
2022-03-17,13.09,14.27,12.86,13.52,56342388.0,824443077.0,965531842.0,0.058353733713527804,13.536000000000001,13.236,12.995000000000001,13.095333333333334,58.24742254029828,27874580.15,12.993833333333333,12.681000000000001,False,False,14.05,761749085.76,367547675.05799997
2022-03-18,13.38,13.65,12.86,13.46,35245970.0,499919722.0,1108911956.0,0.03178428170901604,13.530000000000001,13.218,13.05,13.116999999999999,50.790513693464995,29180047.95,13.01,12.741,False,False,14.05,474410756.20000005,385621785.416
2022-03-21,13.39,14.1,13.38,14.06,42795705.0,633734004.0,1108911956.0,0.03859251834056337,13.532,13.305000000000001,13.127,13.1495,58.70370355150893,30662054.2,13.037666666666667,12.8315,False,False,14.05,601707612.3000001,407471772.95100003
2022-03-22,13.84,13.97,13.39,13.53,31648562.0,460601029.0,1108911956.0,0.028540193681526146,13.557999999999998,13.393,13.190000000000001,13.172333333333334,52.73972590096639,31315100.7,13.057,12.882,False,False,14.06,428205043.85999995,417478512.912
2022-03-23,13.47,14.88,13.27,14.71,89136332.0,1378291930.0,1108911956.0,0.08038179362906968,13.856,13.629,13.306000000000001,13.215166666666669,61.119081656288785,35110491.75,13.072666666666667,12.9275,False,False,14.06,1311195443.72,474843222.5335
2022-03-24,14.63,16.17,14.4,16.09,120112884.0,1991042511.0,1108911956.0,0.10831597887470157,14.37,13.953,13.482,13.2785,65.56543825693569,39299105.6,13.095333333333334,12.995000000000001,False,False,14.71,1932616303.56,548633966.212
2022-03-25,15.53,15.53,14.48,14.48,96266291.0,1522375002.0,1108911956.0,0.08681148262414441,14.574000000000002,14.052000000000001,13.578,13.318,57.14285705426357,43250940.95,13.116999999999999,13.05,False,False,16.09,1393935893.68,607510582.144
2022-03-28,14.41,14.63,13.66,14.07,51235460.0,770291823.0,1108911956.0,0.046203361522779,14.575999999999999,14.053999999999998,13.6125,13.342833333333335,57.97752799868704,43962273.95,13.1495,13.127,False,False,16.09,720882922.2,618795841.0540001
2022-03-29,13.98,14.67,13.76,14.29,43683974.0,662649592.0,1108911956.0,0.03939354586596233,14.728,14.143,13.671000000000001,13.368666666666666,60.997732329482055,45240423.65,13.172333333333334,13.190000000000001,False,False,16.09,624243988.4599999,638120677.597
2022-03-30,14.03,14.13,13.67,13.94,36557685.0,542383899.0,1108911956.0,0.03296716642128079,14.573999999999998,14.215,13.707500000000001,13.392333333333335,56.28604373840776,46128805.7,13.215166666666669,13.306000000000001,False,False,16.09,509614128.9,651190559.98
2022-03-31,13.86,14.29,13.53,13.64,37059165.0,552924670.0,1108911956.0,0.03341939348699745,14.084,14.226999999999999,13.7315,13.406,50.900360058510806,47276443.3,13.2785,13.482,False,False,16.09,505487010.6,667182890.756
2022-04-01,13.21,13.31,12.82,12.91,37178057.0,516507293.0,1108911956.0,0.03352660849117944,13.77,14.172,13.694999999999999,13.406666666666666,43.29411757575086,47354660.0,13.318,13.578,True,False,16.09,479968715.87,666892767.4635
2022-04-06,13.04,13.25,12.9,12.96,23317535.0,325939548.0,1108911956.0,0.021027399762294563,13.548000000000002,14.062000000000001,13.6835,13.404500000000002,47.21518978974523,47410227.45,13.342833333333335,13.6125,True,True,16.09,302195253.6,667357550.4764999
2022-04-07,12.94,13.05,12.38,12.53,22921903.0,309906698.0,1108911956.0,0.0206706248191989,13.195999999999998,13.962,13.6775,13.390833333333335,45.766871087026225,47570062.35,13.368666666666666,13.671000000000001,True,True,16.09,287211444.59,669241930.5435
2022-04-08,12.44,12.54,12.12,12.21,17319582.0,226926700.0,1108911956.0,0.015618536626184594,12.85,13.712,13.6705,13.3785,41.98286406514564,47390017.2,13.392333333333335,13.707500000000001,True,True,16.09,211472096.22000003,666897135.867
2022-04-11,12.22,12.32,11.59,11.69,23795047.0,303535199.0,1108911956.0,0.02145801284876759,12.459999999999999,13.272,13.6125,13.354166666666666,39.745075254179476,47254675.95,13.406,13.7315,True,True,16.09,278164099.43,663777888.0785
2022-04-12,11.79,11.85,11.37,11.63,16328789.0,202274646.0,1108911956.0,0.01472505451100033,12.204,12.987,13.519500000000003,13.332666666666666,34.98145853031639,46339845.1,13.406666666666666,13.694999999999999,True,True,16.09,189903816.07000002,649918242.5350001
2022-04-13,11.52,11.64,11.33,11.37,12639765.0,154585718.0,1108911956.0,0.011398348562850196,11.886,12.717,13.385500000000002,13.303333333333335,36.18925824723151,44011532.85,13.404500000000002,13.6835,True,True,16.09,143714128.04999998,615511726.9125
2022-04-14,11.46,11.65,11.37,11.53,11233573.0,138370801.0,1108911956.0,0.01013026592347427,11.686,12.440999999999999,13.292000000000002,13.274333333333333,26.617647004022473,42322530.3,13.390833333333335,13.6775,True,True,16.09,129523096.69,591828753.667
2022-04-15,11.52,11.61,11.37,11.5,11188589.0,137437593.0,1108911956.0,0.010089700033859136,11.544,12.197,13.206,13.247833333333334,7.889908236613067,40800362.8,13.3785,13.6705,True,True,16.09,128668773.5,570743480.663
2022-04-18,11.51,11.54,11.17,11.36,7905480.0,95570602.0,1108911956.0,0.007129042082399552,11.478,11.969,13.097999999999999,13.2235,10.80402006249841,38378517.4,13.354166666666666,13.6125,True,True,16.09,89806252.8,537146339.015
2022-04-19,11.31,11.57,11.31,11.43,7136073.0,87503177.0,1108911956.0,0.006435202507637135,11.437999999999999,11.821,12.996500000000001,13.179,13.736263683431957,36973022.55,13.332666666666666,13.519500000000003,True,True,16.09,81565314.39,517504066.9245001
2022-04-20,11.49,11.5,11.19,11.23,8505545.0,102856817.0,1108911956.0,0.00767017160738413,11.41,11.648,12.854999999999999,13.107666666666665,7.73480659992066,35258514.55,13.303333333333335,13.385500000000002,True,True,16.09,95517270.35000001,492194549.82699996
2022-04-21,11.19,11.23,10.59,10.63,16155061.0,187594887.0,1108911956.0,0.014568389232877926,11.23,11.458,12.709999999999999,13.029500000000002,7.235142092689429,34483839.5,13.274333333333333,13.292000000000002,True,True,16.09,171728298.43,479370712.55550003
2022-04-22,10.65,10.65,10.22,10.41,10931862.0,121490871.0,1108911956.0,0.00985818751511414,11.012,11.278,12.495000000000001,12.938666666666668,7.387862769543531,30573616.0,13.247833333333334,13.206,True,True,16.09,113800683.42,419500974.5405
2022-04-25,10.32,10.34,9.42,9.49,17644697.0,185831195.0,1108911956.0,0.015911720407133928,10.638,11.058,12.165000000000001,12.8475,7.035175854650149,25450206.65,13.2235,13.097999999999999,True,True,16.09,167448174.53,331242568.08900005
2022-04-26,9.54,9.83,9.38,9.54,14258057.0,146670444.0,1108911956.0,0.012857699768546818,10.26,10.849,11.918,12.756666666666666,7.03517585465012,21349794.95,13.179,12.996500000000001,True,True,14.48,136021863.78,268346866.594
2022-04-27,9.44,9.72,9.24,9.71,15479060.0,156779874.0,1108911956.0,0.013958781773654175,9.956,10.683,11.7,12.676166666666667,12.096774148022917,19561974.95,13.107666666666665,12.854999999999999,True,True,14.29,150301672.60000002,239817804.11400002
2022-04-28,9.67,9.67,9.32,9.5,10800739.0,109518624.0,1108911956.0,0.009739942780452806,9.73,10.48,11.4605,12.608666666666666,12.465373912876672,17917813.2,13.029500000000002,12.709999999999999,True,True,14.29,102607020.5,213735955.71600002
2022-04-29,9.59,9.83,9.54,9.78,12494615.0,129933156.0,1108911956.0,0.011267454492122006,9.604,10.308000000000002,11.252500000000001,12.549166666666668,21.661720978259922,16714659.7,12.938666666666668,12.495000000000001,True,True,13.94,122197334.69999999,194365116.00599998
2022-05-05,9.92,10.77,9.91,10.77,17323105.0,195809432.0,1108911956.0,0.015621713614205094,9.860000000000001,10.248999999999999,11.108999999999998,12.510666666666667,39.999999869767436,15727856.7,12.8475,12.165000000000001,True,True,13.64,186569840.85,178419257.51850003
2022-05-06,10.92,11.14,10.52,10.69,32577248.0,378556181.0,1108911956.0,0.029377668645138136,10.09,10.175,10.998,12.469500000000002,41.747572673673304,15497816.25,12.756666666666666,11.918,True,True,12.96,348250781.12,171833360.781
2022-05-09,10.53,11.76,10.49,11.76,33208938.0,399784460.0,1108911956.0,0.029947317115949647,10.499999999999998,10.228,10.937999999999999,12.449166666666667,52.286282160634606,15992386.4,12.676166666666667,11.7,True,True,12.96,390537110.88,176250453.645
2022-05-10,12.14,12.94,12.0,12.49,65083352.0,868364742.0,1108911956.0,0.058691180709030066,11.098,10.414,10.936000000000002,12.446,58.63874331222645,18100458.85,12.608666666666666,11.4605,False,True,12.53,812891066.48,202534434.7395
2022-05-11,12.24,13.41,11.7,11.71,72322634.0,966509835.0,1108911956.0,0.06521945552907359,11.484,10.544,10.911,12.420666666666667,52.747252631324734,20850611.45,12.549166666666668,11.252500000000001,False,False,12.49,846898044.1400001,234305732.1355
2022-05-12,11.43,12.77,11.43,12.52,54973415.0,711391041.0,1108911956.0,0.04957419270534044,11.834,10.847,10.9525,12.415333333333333,57.66526008335954,22409529.85,12.510666666666667,11.108999999999998,False,False,12.49,688267155.8,254810884.954
2022-05-13,12.36,12.58,11.64,11.97,60465475.0,775724720.0,1108911956.0,0.05452684919919828,12.09,11.09,10.9695,12.41,54.959785419646515,24616364.15,12.469500000000002,10.998,False,False,12.52,723771735.75,281504280.938
2022-05-16,11.97,12.28,11.44,11.54,33947345.0,428436328.0,1108911956.0,0.03061320136041531,12.046000000000001,11.273,10.978,12.398333333333335,56.241426503788745,25681743.15,12.449166666666667,10.937999999999999,False,False,12.52,391752361.29999995,293906192.6005
2022-05-17,11.72,12.69,11.71,12.69,32180234.0,430580589.0,1108911956.0,0.029019647435382146,12.086,11.591999999999999,11.036,12.403333333333334,63.868613029907465,26729076.2,12.446,10.936000000000002,False,False,12.52,408367169.46,307848396.23899996
2022-05-18,12.63,12.97,12.19,12.5,63367214.0,854572251.0,1108911956.0,0.05714359346306841,12.244,11.863999999999999,11.086,12.4065,70.09345781290942,29338007.45,12.420666666666667,10.911,False,False,12.69,792090175.0,341019466.314
2022-05-19,12.27,13.58,12.26,13.23,62755712.0,878886104.0,1108911956.0,0.05659215022477402,12.386000000000001,12.11,11.1795,12.424166666666668,72.58261921466871,32080519.05,12.415333333333333,10.9525,False,False,12.69,830258069.76,378042057.162
2022-05-20,14.55,14.55,14.55,14.55,6674823.0,103793498.0,1108911956.0,0.006019254246366877,12.901999999999997,12.496,11.3355,12.460666666666667,75.96566512193999,32057456.55,12.41,10.9695,False,False,13.23,97118674.65,378819725.175
2022-05-23,16.01,16.01,14.29,14.87,151910513.0,2463636742.0,1108911956.0,0.13699059891820664,13.568000000000001,12.806999999999999,11.5175,12.499833333333333,78.4729585261271,39227704.95,12.398333333333335,10.978,False,False,14.55,2258909328.31,486989328.07299995
2022-05-24,15.34,15.43,13.39,13.39,111200875.0,1686149422.0,1108911956.0,0.10027926419074519,13.708000000000002,12.897,11.6555,12.5185,66.98024450256601,43979995.65,12.403333333333334,11.036,False,False,14.87,1488979716.25,552851898.964
2022-05-25,12.88,14.25,12.58,13.63,84473501.0,1206140379.0,1108911956.0,0.0761769232831682,13.934000000000001,13.088999999999999,11.816500000000001,12.539166666666665,64.47368411916685,47657077.6,12.4065,11.086,False,False,14.87,1151373818.63,604730555.7245
2022-05-26,13.46,14.2,13.12,13.44,55122941.0,800464689.0,1108911956.0,0.04970903298656471,13.975999999999999,13.181000000000001,12.014,12.553666666666667,63.76376367440514,49530989.8,12.424166666666668,11.1795,False,False,14.87,740852327.04,633400763.35
2022-05-27,13.48,13.65,13.02,13.35,43075370.0,608918418.0,1108911956.0,0.038844716000158264,13.736,13.318999999999999,12.2045,12.566833333333333,58.82352932036299,50971855.45,12.460666666666667,11.3355,False,False,14.87,575056189.5,655352479.636
2022-05-30,13.17,14.68,12.76,14.13,71180496.0,1040241055.0,1108911956.0,0.06418949278602602,13.588,13.578,12.4255,12.579333333333333,59.05077253568314,53756927.25,12.499833333333333,11.5175,False,False,14.87,1005780408.48,698126416.4300001
2022-05-31,14.03,14.45,13.65,13.79,47557005.0,706049512.0,1108911956.0,0.04288618653869036,13.668000000000001,13.687999999999999,12.639999999999999,12.590499999999999,62.06496509641419,55594740.55,12.5185,11.6555,False,False,14.87,655811098.9499999,725786620.3525
2022-06-01,13.6,13.98,12.87,13.04,52312697.0,733701901.0,1108911956.0,0.047174797527388186,13.55,13.742,12.803,12.587666666666667,53.03738309082671,57585644.65,12.539166666666665,11.816500000000001,False,False,14.87,682157568.88,753784632.0615
2022-06-02,12.98,13.23,12.65,12.73,32511414.0,442142618.0,1108911956.0,0.02931830054143631,13.408000000000001,13.692000000000002,12.901000000000002,12.580499999999999,54.567307600487695,58345060.1,12.553666666666667,12.014,False,False,14.87,413870300.22,765149655.03
2022-06-06,12.47,12.73,12.33,12.5,28715655.0,380703080.0,1108911956.0,0.025895342587504755,13.238,13.487,12.991500000000002,12.561499999999999,55.911329952862246,58151980.45,12.566833333333333,12.2045,True,False,14.87,358945687.5,765684400.349
2022-06-07,12.51,13.18,12.51,12.94,41343099.0,562862770.0,1108911956.0,0.037282580259239265,13.0,13.294,13.0505,12.557333333333334,51.68690948399233,58558688.5,12.579333333333333,12.4255,True,True,14.87,534979701.06,772906529.858
2022-06-08,12.69,13.01,12.48,12.71,28961264.0,389439915.0,1108911956.0,0.026116829062306546,12.784,13.225999999999999,13.061499999999999,12.558333333333334,51.40939587654611,56752584.1,12.590499999999999,12.639999999999999,True,True,14.87,368097665.44,750666859.806
2022-06-09,12.59,12.83,12.31,12.53,23842894.0,315321800.0,1108911956.0,0.02150116054840336,12.681999999999999,13.116,13.102500000000001,12.561333333333334,44.92753614072672,54328597.1,12.587666666666667,12.803,True,True,14.87,298751461.82,723259530.6899999
2022-06-10,12.45,12.86,12.42,12.68,22998606.0,308785422.0,1108911956.0,0.020739794422416705,12.672,13.040000000000001,13.110499999999998,12.5585,33.68237339065388,52729856.65,12.580499999999999,12.901000000000002,True,True,14.87,291622324.08,703427289.104
2022-06-13,12.54,12.9,12.5,12.76,20972286.0,282136004.0,1108911956.0,0.018912489748645112,12.724,12.981,13.15,12.546333333333333,30.78324218015203,50755197.2,12.561499999999999,12.991500000000002,True,True,14.87,267606369.35999998,680619020.7845
2022-06-14,12.56,12.71,12.21,12.69,20805891.0,275458551.0,1108911956.0,0.018762437258815164,12.674000000000001,12.837,13.2075,12.523666666666667,41.42156848531814,50098124.5,12.557333333333334,13.0505,True,True,14.87,264026756.79,674232740.559
2022-06-15,12.64,12.74,12.42,12.43,19122176.0,254469586.0,1108911956.0,0.01724408858298936,12.617999999999999,12.700999999999999,13.1945,12.507499999999999,35.36585353777514,49445221.6,12.558333333333334,13.061499999999999,True,True,14.87,237688647.68,665698814.47
2022-06-16,12.45,12.81,12.43,12.56,21606070.0,288961629.0,1108911956.0,0.019484026556928925,12.624,12.653,13.1975,12.496500000000001,39.10891075556321,47357164.4,12.561333333333334,13.102500000000001,True,True,14.87,271372239.2,639662917.6800001
2022-06-17,12.42,13.55,12.35,13.07,42092819.0,578214553.0,1108911956.0,0.03795866639569355,12.702000000000002,12.687000000000001,13.189499999999999,12.488999999999999,46.86098639998795,46324019.75,12.5585,13.110499999999998,True,True,14.87,550153144.33,625657671.4085
2022-06-20,12.83,13.01,12.72,12.84,27490855.0,373774703.0,1108911956.0,0.02479083650532847,12.718,12.721,13.104,12.478666666666667,33.50383619717296,47364821.35,12.546333333333333,13.15,True,True,14.87,352982578.2,638450866.5860001
2022-06-21,12.96,12.96,12.46,12.54,24039009.0,321682678.0,1108911956.0,0.021678014083924262,12.687999999999999,12.681000000000001,12.9875,12.453333333333331,33.850129076511166,40971246.15,12.523666666666667,13.2075,True,True,14.87,301449172.85999995,540577858.8134999
2022-06-22,12.52,12.73,12.31,12.34,19898588.0,263676965.0,1108911956.0,0.017944245160613995,12.669999999999998,12.644,12.934999999999999,12.4335,39.457831158912775,36406131.8,12.507499999999999,13.1945,True,True,14.13,245548575.92,478406301.79700005
2022-06-23,12.35,12.45,12.04,12.35,20737087.0,269135107.0,1108911956.0,0.01870039085411394,12.627999999999998,12.626,12.871,12.394166666666667,43.70860906890048,33219311.1,12.496500000000001,13.1975,True,True,14.13,256103024.45,433642762.088
2022-06-24,12.37,12.6,12.32,12.43,21054551.0,277450845.0,1108911956.0,0.018986675079189063,12.499999999999998,12.601,12.8205,12.333166666666667,48.78048756692444,31515891.6,12.488999999999999,13.189499999999999,True,True,14.13,261708068.93,409685549.1825
2022-06-27,12.65,12.92,12.37,12.44,23587186.0,314778425.0,1108911956.0,0.02127056694841876,12.419999999999998,12.568999999999999,12.775,12.299166666666668,39.75409813255846,30541482.4,12.478666666666667,13.104,True,True,14.13,293424593.84,395603969.3995
2022-06-28,12.37,12.55,12.19,12.47,20237108.0,265313737.0,1108911956.0,0.018249517367454553,12.406,12.547,12.692,12.272499999999999,44.64285686383929,27994313.0,12.453333333333331,12.9875,True,True,14.13,252356736.76000002,357932785.81350005
2022-06-29,12.37,12.51,12.11,12.11,19284406.0,251014401.0,1108911956.0,0.017390385138926216,12.36,12.515,12.608,12.236166666666666,41.32231381053208,26580683.05,12.4335,12.934999999999999,True,True,13.79,233534156.66,336818938.699
2022-06-30,12.11,12.38,12.09,12.1,20204143.0,261184653.0,1108911956.0,0.018219790029930925,12.309999999999999,12.469,12.561,12.205499999999999,37.28070152546939,24975255.35,12.394166666666667,12.871,True,True,13.07,244470130.29999998,314934566.77000004
2022-07-01,12.17,12.25,11.95,12.01,15482762.0,197765202.0,1108911956.0,0.013962120181162515,12.226,12.363,12.525,12.178333333333333,33.624453942907294,24123822.75,12.333166666666667,12.8205,True,True,13.07,185947971.62,303538450.34000003
2022-07-04,12.05,12.51,12.03,12.5,23554616.0,307539068.0,1108911956.0,0.021241195815910205,12.238,12.328999999999999,12.525,12.1715,46.494464704456654,23865770.8,12.299166666666668,12.775,True,True,13.07,294432700.0,300312800.96500003
2022-07-05,12.56,12.56,12.16,12.28,15757645.0,205128629.0,1108911956.0,0.014210005505612928,12.2,12.303,12.492,12.160166666666665,47.19101098851155,22586498.1,12.272499999999999,12.692,True,True,13.07,193503880.6,283239009.94200003
2022-07-06,12.37,12.42,11.95,12.03,16601630.0,213348920.0,1108911956.0,0.01497109839079055,12.184,12.272,12.458,12.151833333333334,40.50179191146053,21968516.4,12.236166666666666,12.608,True,True,13.07,199717608.89999998,274820007.115
2022-07-07,12.06,12.1,11.67,11.84,16551323.0,207180942.0,1108911956.0,0.014925732300428006,12.132,12.221,12.4235,12.145666666666665,25.101214432624715,21603937.85,12.205499999999999,12.561,True,True,13.07,195967664.32,269680817.23999995
2022-07-08,11.82,12.11,11.8,11.93,11629288.0,146957471.0,1108911956.0,0.010487115714712341,12.116,12.171,12.386,12.149666666666667,30.47210282119768,21035471.95,12.178333333333333,12.525,True,True,13.07,138737405.84,262036571.32799998
2022-07-11,11.93,12.33,11.9,12.19,20032374.0,258185567.0,1108911956.0,0.018064891348326305,12.053999999999998,12.145999999999999,12.357499999999998,12.158999999999999,42.358078343662406,20988476.35,12.1715,12.525,True,True,13.07,244194639.06,260865984.81300002
2022-07-12,12.19,12.31,11.73,11.77,16010497.0,201908415.0,1108911956.0,0.01443802360807083,11.951999999999998,12.075999999999999,12.311499999999999,12.165666666666668,38.64541811114109,20748706.65,12.160166666666665,12.492,True,True,13.07,188443549.69,257086824.458
2022-07-13,11.72,11.82,11.52,11.57,12110278.0,148787504.0,1108911956.0,0.010920865208887692,11.86,12.022,12.2685,12.166333333333334,35.555555371193435,20398111.75,12.151833333333334,12.458,True,True,13.07,140115916.46,252208187.89699998
2022-07-14,11.58,11.68,11.53,11.54,8523153.0,104656648.0,1108911956.0,0.007686050234992687,11.8,11.966,12.2175,12.167,33.207546994375235,19743965.9,12.145666666666665,12.4235,True,True,13.07,98357185.61999999,243557435.218
2022-07-15,11.56,11.73,11.2,11.46,17826565.0,216346008.0,1108911956.0,0.01607572621392135,11.706,11.911,12.136999999999999,12.168666666666667,31.985293953016892,18530653.2,12.149666666666667,12.386,True,True,13.07,204292434.9,226264399.74650002
2022-07-18,11.42,11.62,11.2,11.52,14011276.0,168996747.0,1108911956.0,0.012635156401902839,11.572,11.812999999999999,12.071,12.170166666666665,32.72727256066112,17856674.25,12.158999999999999,12.357499999999998,True,True,12.84,161409899.51999998,216685765.8125
2022-07-19,11.52,11.56,11.36,11.52,9238470.0,112188657.0,1108911956.0,0.008331112267311508,11.522,11.736999999999998,12.02,12.175,37.65690354510599,17116647.3,12.165666666666668,12.311499999999999,True,True,12.54,106427174.39999999,206934665.8895
2022-07-20,11.59,11.84,11.57,11.67,12728558.0,157490376.0,1108911956.0,0.011478420744883736,11.541999999999998,11.700999999999999,11.9865,12.192333333333332,41.50197605492977,16758145.8,12.166333333333334,12.2685,True,True,12.5,148542271.85999998,202084350.6865
2022-07-21,11.62,12.02,11.55,11.85,16309010.0,204531990.0,1108911956.0,0.014707218108486153,11.604000000000001,11.702000000000002,11.9615,12.216333333333333,46.946564634636665,16536741.95,12.167,12.2175,True,True,12.5,193261768.5,198942287.889
2022-07-22,11.81,11.92,11.51,11.65,11823769.0,146651787.0,1108911956.0,0.01066249573379115,11.642,11.674,11.9225,12.252333333333333,31.759656461529943,16075202.85,12.168666666666667,12.136999999999999,True,True,12.5,137746908.85,192744229.885
2022-07-25,11.64,11.85,11.59,11.71,8494952.0,105462850.0,1108911956.0,0.007660619000486275,11.68,11.626000000000001,11.886,12.288499999999999,36.866359209157146,15320591.15,12.170166666666665,12.071,True,True,12.5,99475887.92,183046794.58900002
2022-07-26,11.54,11.73,11.3,11.67,10352854.0,127095851.0,1108911956.0,0.009336046873679843,11.709999999999999,11.616,11.846,12.321166666666667,40.81632623906706,14826378.45,12.175,12.02,True,True,12.5,120817806.17999999,176469848.06
2022-07-27,11.61,11.84,11.55,11.57,7994563.0,98539219.0,1108911956.0,0.007209375782039093,11.690000000000001,11.616,11.818999999999999,12.355666666666666,42.78074834281793,14261886.3,12.192333333333332,11.9865,True,True,12.5,92497093.91,169417994.92249998
2022-07-28,11.6,11.65,11.49,11.49,9640811.0,117849887.0,1108911956.0,0.008693937284954299,11.618,11.611,11.788499999999999,12.384166666666665,38.172042723436235,13733719.7,12.216333333333333,11.9615,True,True,12.5,110772918.39,162733134.327
2022-07-29,11.51,11.53,11.28,11.33,10241871.0,123412352.0,1108911956.0,0.009235964085862918,11.554,11.597999999999999,11.7545,12.3935,25.568181614798547,13471675.15,12.252333333333333,11.9225,True,True,12.5,116040398.43,159237755.6675
2022-08-01,11.29,11.4,11.15,11.25,8586903.0,102423292.0,1108911956.0,0.00774353901907069,11.462,11.571000000000002,11.692,12.402833333333332,31.690140532632412,12723289.5,12.288499999999999,11.886,True,True,12.5,96602658.75,149346253.605
2022-08-02,11.16,11.23,10.49,10.63,20841682.0,236537329.0,1108911956.0,0.018794713040320037,11.254000000000001,11.482000000000001,11.6095,12.383999999999999,24.45652155304819,12977491.35,12.321166666666667,11.846,True,True,12.28,221547079.66000003,150748413.558
2022-08-03,10.63,10.95,10.59,10.72,11881769.0,135977671.0,1108911956.0,0.01071479925499153,11.084,11.387,11.544,12.3545,28.42105242216067,12741498.3,12.355666666666666,11.818999999999999,True,True,12.19,127372563.68,147131161.297
2022-08-04,10.82,10.96,10.72,10.93,8545037.0,98233216.0,1108911956.0,0.007705784894612499,10.972,11.295000000000002,11.4985,12.3415,36.94581255308302,12341184.0,12.384166666666665,11.788499999999999,True,True,12.19,93397254.41,142002640.8015
2022-08-05,10.93,11.15,10.87,11.13,8096991.0,94784963.0,1108911956.0,0.007301743800478962,10.932,11.243,11.4585,12.318333333333333,41.01382462018733,12164569.15,12.3935,11.7545,True,True,12.19,90119509.83000001,139571746.001
2022-08-08,11.21,11.43,11.19,11.32,10131776.0,121558545.0,1108911956.0,0.009136682082991267,10.946000000000002,11.203999999999999,11.415000000000001,12.307500000000001,45.76271159293308,11669539.25,12.402833333333332,11.692,True,True,12.19,114691704.32000001,133096599.26400001
2022-08-09,11.36,11.36,10.99,11.14,14988711.0,176059477.0,1108911956.0,0.013516592475083748,11.048,11.151,11.383500000000002,12.300833333333333,38.91213366327621,11618449.95,12.383999999999999,11.6095,True,True,11.85,166974240.54000002,132023133.8065
2022-08-10,11.06,11.1,10.92,10.96,7405436.0,86071471.0,1108911956.0,0.006678109979725027,11.096,11.09,11.353,12.272,31.380752954255016,11383207.85,12.3545,11.544,True,True,11.85,81163578.56,129075516.9115
2022-08-11,10.97,11.04,10.92,10.99,13981651.0,162478418.0,1108911956.0,0.012608441025772474,11.108,11.040000000000001,11.3255,12.246833333333335,35.1351349135622,11656132.75,12.3415,11.4985,True,True,11.85,153658344.49,131840574.85500002
2022-08-12,11.0,11.07,10.86,10.86,13812581.0,160103587.0,1108911956.0,0.012455976261473368,11.053999999999998,10.992999999999999,11.2955,12.207333333333333,31.441047842718447,11455433.55,12.318333333333333,11.4585,True,True,11.85,150004629.66,129126184.59300001
2022-08-15,10.87,10.88,10.75,10.79,9214700.0,105375690.0,1108911956.0,0.008309676841467837,10.947999999999999,10.947000000000001,11.259,12.144666666666668,31.034482571343617,11215604.75,12.307500000000001,11.415000000000001,True,True,11.85,99426612.99999999,126027020.267
2022-08-16,10.81,10.92,10.74,10.77,10557527.0,120687972.0,1108911956.0,0.009520617883932348,10.873999999999999,10.961,11.2215,12.076333333333334,32.142856941964254,11281557.6,12.300833333333333,11.383500000000002,True,True,11.85,113704565.78999999,126390889.8365
2022-08-17,10.77,10.83,10.69,10.81,8942472.0,101869327.0,1108911956.0,0.008064185755789615,10.844,10.97,11.1785,12.033333333333333,34.54545432561983,11092253.3,12.272,11.353,True,True,11.85,96668122.32000001,123797182.3595
2022-08-18,10.8,10.8,10.58,10.68,13210307.0,149260186.0,1108911956.0,0.011912854693758933,10.782,10.945,11.120000000000001,11.984166666666669,35.02304124869927,10937318.15,12.246833333333335,11.3255,True,True,11.85,141086078.76,121188397.87249999
2022-08-19,10.65,10.74,10.48,10.54,9912600.0,111437311.0,1108911956.0,0.008939032487084123,10.718,10.886,11.064499999999999,11.935833333333333,34.08071727482957,10841759.7,12.207333333333333,11.2955,True,True,11.71,104478803.99999999,119524992.63
2022-08-22,10.5,10.67,10.34,10.65,10425669.0,116246800.0,1108911956.0,0.009401710337407526,10.69,10.818999999999999,11.0115,11.890833333333331,50.58139493712817,10938295.55,12.144666666666668,11.259,True,True,11.71,111033374.85000001,120102866.97649999
2022-08-23,10.66,10.92,10.57,10.74,17653300.0,201303602.0,1108911956.0,0.015919478462183702,10.684000000000001,10.779,10.965,11.834333333333332,50.58139493712817,11303317.85,12.076333333333334,11.2215,True,True,11.67,189596442.0,123541798.7675
2022-08-24,10.77,10.85,10.44,10.45,12876500.0,144333919.0,1108911956.0,0.01161183259890833,10.611999999999998,10.728,10.909,11.778666666666668,36.666666381481505,11547414.7,12.033333333333333,11.1785,True,True,11.57,134559425.0,125644915.322
2022-08-25,10.45,10.56,10.39,10.5,8459260.0,93782740.0,1108911956.0,0.00762843249568138,10.575999999999999,10.679,10.8595,11.736333333333334,30.909090646831984,11488337.15,11.984166666666669,11.120000000000001,True,True,11.49,88822230.0,124547380.90249999
2022-08-26,10.53,10.77,10.48,10.58,8555400.0,96387414.0,1108911956.0,0.007715130090995249,10.584,10.651,10.822,11.7005,25.97402573789853,11404013.6,11.935833333333333,11.064499999999999,True,True,11.33,90516132.0,123271167.581
2022-08-29,10.48,10.57,10.36,10.53,5608609.0,62343250.0,1108911956.0,0.005057758616140306,10.559999999999999,10.625,10.786,11.667666666666667,28.368794044565206,11255098.9,11.890833333333331,11.0115,True,True,11.32,59058652.769999996,121393967.28199999
2022-08-30,10.54,10.7,10.49,10.65,6776363.0,76169568.0,1108911956.0,0.006110821479861472,10.541999999999998,10.613,10.787,11.6295,38.51851811906727,10551832.95,11.834333333333332,10.965,True,True,11.32,72168265.95,113925026.5965
2022-08-31,10.65,10.65,10.43,10.47,9930460.0,110668046.0,1108911956.0,0.008955138364474447,10.546000000000001,10.578999999999999,10.7745,11.592166666666667,32.66666636177787,10454267.5,11.778666666666668,10.909,True,True,11.32,103971916.2,112754994.2225
2022-09-01,10.42,10.63,10.42,10.52,7749454.0,86571495.0,1108911956.0,0.006988340199661442,10.55,10.563,10.754,11.558666666666666,38.02816863915895,10414488.35,11.736333333333334,10.8595,True,True,11.32,81524256.08,112161344.306
2022-09-02,10.62,10.86,10.58,10.62,13924546.0,157696951.0,1108911956.0,0.012556944602011308,10.558000000000002,10.571,10.7285,11.524333333333335,44.13793060832345,10705866.1,11.7005,10.822,True,True,11.32,147878678.51999998,115049302.7405
2022-09-05,10.63,10.75,10.48,10.52,9748856.0,108786648.0,1108911956.0,0.00879137062888697,10.556000000000001,10.558000000000002,10.688500000000001,11.487,41.83006497671838,10686720.1,11.667666666666667,10.786,True,True,11.32,102557965.11999999,114442615.78050001
2022-09-06,10.52,10.57,10.48,10.53,6956577.0,77506293.0,1108911956.0,0.006273335734509837,10.532,10.536999999999999,10.658,11.450999999999999,40.666666287111106,10285113.4,11.6295,10.787,True,True,11.14,73252755.81,109756541.544
2022-09-07,10.53,10.53,10.44,10.48,6171041.0,68447664.0,1108911956.0,0.005564951271929473,10.533999999999999,10.54,10.634,11.4185,42.95774605534619,10223393.65,11.592166666666667,10.7745,True,True,10.99,64672509.68,108931988.1
2022-09-08,10.54,10.7,10.46,10.59,12012346.0,134540425.0,1108911956.0,0.010832551615125701,10.548,10.549,10.614,11.385666666666667,51.79856062936704,10124928.4,11.558666666666666,10.754,True,True,10.99,127210744.14,107609608.08249998
2022-09-09,10.62,10.75,10.56,10.75,14008762.0,158530858.0,1108911956.0,0.012632889314794258,10.574000000000002,10.565999999999999,10.6085,11.347000000000001,53.47222170235339,10134737.45,11.524333333333335,10.7285,True,True,10.86,150594191.5,107639086.17449999
2022-09-13,10.76,10.76,10.58,10.6,10865926.0,122494754.0,1108911956.0,0.00979872742935779,10.59,10.572999999999999,10.599,11.309666666666667,45.333332910222204,10217298.75,11.487,10.688500000000001,False,True,10.81,115178815.6,108426696.30450001
2022-09-14,10.46,10.46,10.11,10.35,16518990.0,179392052.0,1108911956.0,0.014896574890928492,10.553999999999998,10.543000000000001,10.578,11.273166666666667,46.575342019140564,10515371.9,11.450999999999999,10.658,False,False,10.81,170971546.5,111290045.34
2022-09-15,10.36,10.52,10.11,10.14,12961455.0,141151777.0,1108911956.0,0.011688443730694161,10.486,10.510000000000002,10.544500000000001,11.2365,38.88888855281208,10716321.05,11.4185,10.634,True,False,10.81,131429153.7,113028096.909
2022-09-16,10.21,10.27,9.79,9.79,13307172.0,140615836.0,1108911956.0,0.012000206083087809,10.325999999999999,10.437,10.5,11.193833333333334,29.10052888496959,10721164.3,11.385666666666667,10.614,True,True,10.75,130277213.88,112487653.665
2022-09-19,9.78,9.87,9.63,9.72,7484425.0,77032253.0,1108911956.0,0.0067493410631060055,10.12,10.347,10.459,11.148666666666667,28.795811307255818,10599755.55,11.347000000000001,10.6085,True,True,10.75,72748611.0,110901144.01500002
2022-09-20,9.71,9.84,9.7,9.72,5060094.0,52271568.0,1108911956.0,0.004563116100084685,9.944,10.267,10.4125,11.103333333333332,24.022346180830752,10331476.8,11.309666666666667,10.599,True,True,10.75,49184113.68,107808680.95650001
2022-09-21,9.75,9.78,9.55,9.69,6119299.0,62473534.0,1108911956.0,0.005518291120309645,9.812000000000001,10.183000000000002,10.36,11.057,26.219511971296768,9754776.75,11.273166666666667,10.578,True,True,10.75,59296007.309999995,101293659.222
2022-09-22,9.71,10.01,9.7,9.81,10086843.0,105063658.0,1108911956.0,0.009096162184403393,9.746,10.116,10.328,11.018666666666666,29.23976584248146,9615293.9,11.2365,10.544500000000001,True,True,10.75,98951929.83,99513284.4635
2022-09-23,9.81,10.04,9.78,9.84,11036341.0,115679093.0,1108911956.0,0.009952405094277837,9.756,10.041,10.295,10.981,26.21951197129684,9744147.95,11.193833333333334,10.5,True,True,10.75,108597595.44,100502052.73550001
2022-09-26,9.85,9.91,9.47,9.75,10084711.0,104062925.0,1108911956.0,0.009094239579106855,9.762,9.940999999999999,10.253499999999999,10.943333333333333,26.380367871579665,9820613.5,11.148666666666667,10.459,True,True,10.75,98325932.25,100892542.748
2022-09-27,9.75,10.06,9.69,10.06,10817494.0,113157744.0,1108911956.0,0.009755052185585778,9.83,9.887,10.23,10.902666666666669,37.82383392252144,10081057.75,11.103333333333332,10.4125,True,True,10.75,108823989.64,103380809.5915
2022-09-28,9.97,10.16,9.87,9.87,9642317.0,102025646.0,1108911956.0,0.008695295372935811,9.866,9.839,10.190999999999999,10.8625,35.26570024457979,10224355.45,11.057,10.36,True,True,10.75,95169668.78999999,104530879.73349999
2022-09-29,9.98,10.13,9.89,9.95,9127137.0,96755213.0,1108911956.0,0.008230713854797685,9.894,9.819999999999999,10.165,10.827833333333333,34.31372525470974,10184189.3,11.018666666666666,10.328,True,True,10.75,90815013.14999999,103873034.581
2022-09-30,9.91,10.1,9.9,10.0,8426809.0,89350543.0,1108911956.0,0.0075991686755697676,9.926,9.841,10.139,10.797166666666667,30.56994796477761,10218057.05,10.981,10.295,True,True,10.75,84268090.0,104010226.277
2022-10-10,10.11,10.24,9.75,9.78,9060022.0,96058933.0,1108911956.0,0.00817019056470521,9.931999999999999,9.847,10.097,10.761333333333333,29.499999793500038,9974830.85,10.943333333333333,10.253499999999999,True,True,10.75,88607015.16,101046643.109
2022-10-11,9.77,9.86,9.61,9.83,6495576.0,66985535.0,1108911956.0,0.005857612017666802,9.886,9.858,10.0625,10.722000000000001,35.555555279012395,9812166.85,10.902666666666669,10.23,True,True,10.75,63851512.08,99111320.457
2022-10-12,9.82,9.93,9.59,9.92,7099090.0,73431190.0,1108911956.0,0.006401851798593107,9.896,9.880999999999998,10.032,10.691166666666666,43.452380590277784,9819292.5,10.8625,10.190999999999999,True,True,10.75,70422972.8,98969831.30649999
2022-10-13,9.89,10.2,9.82,10.12,10854505.0,115730453.0,1108911956.0,0.009788428144605558,9.93,9.912,10.014,10.667,60.784313169293846,10053465.7,10.827833333333333,10.165,True,True,10.75,109847590.6,101228585.35249999
2022-10-14,10.09,10.53,10.09,10.44,16416176.0,180909155.0,1108911956.0,0.014803858783537184,10.017999999999999,9.972,10.006499999999999,10.648666666666667,70.22471854879426,10273657.2,10.797166666666667,10.139,False,True,10.75,171384877.44,103437292.0175
2022-10-17,10.43,10.53,10.39,10.48,9954647.0,110328650.0,1108911956.0,0.008976949834599854,10.158000000000001,10.045,9.992999999999999,10.632333333333333,70.87912033389681,10070951.45,10.761333333333333,10.097,False,False,10.75,104324700.56,101123817.47049999
2022-10-18,10.5,10.81,10.36,10.69,16921860.0,190372980.0,1108911956.0,0.015259876952756022,10.33,10.108,9.997499999999999,10.618500000000001,74.99999947499995,10373748.15,10.722000000000001,10.0625,False,False,10.6,180894683.4,104409610.86050001
2022-10-19,10.65,10.7,10.4,10.45,11012543.0,122432064.0,1108911956.0,0.009930944418458413,10.436,10.166,10.002500000000001,10.600666666666667,65.09433919277319,10098425.8,10.691166666666666,10.032,False,False,10.69,115081074.35,101615087.25299999
2022-10-20,10.44,10.58,10.37,10.42,10305992.0,114331718.0,1108911956.0,0.009293787432119633,10.495999999999999,10.213,10.016499999999999,10.579833333333333,63.67924486249554,9965652.65,10.667,10.014,False,False,10.69,107388436.64,100413051.4
2022-10-21,10.41,10.56,10.35,10.45,7434941.0,82261278.0,1108911956.0,0.006704717141673599,10.498,10.258,10.0495,10.5565,66.99029080686208,9672041.1,10.648666666666667,10.006499999999999,False,False,10.69,77695133.44999999,97783947.3785
2022-10-24,10.48,10.61,10.13,10.19,12888435.0,141412551.0,1108911956.0,0.01162259540107258,10.44,10.299,10.073,10.532166666666665,53.23383047498821,9942241.6,10.632333333333333,9.992999999999999,False,False,10.69,131333152.64999999,100713174.461
2022-10-25,10.13,10.33,9.84,10.12,12395827.0,132395078.0,1108911956.0,0.011178368970529883,10.325999999999999,10.328,10.093,10.505666666666666,56.61375619439546,10309028.25,10.618500000000001,9.997499999999999,False,False,10.69,125445769.24,104526257.239
2022-10-26,10.08,10.53,10.08,10.46,16414413.0,181092984.0,1108911956.0,0.014802268936849662,10.328,10.382,10.131499999999999,10.4855,61.86046471346677,10823783.95,10.600666666666667,10.002500000000001,False,False,10.69,171694759.98000002,110146194.87249999
2022-10-27,10.47,10.66,10.3,10.59,14934411.0,166034551.0,1108911956.0,0.013467625557822013,10.362,10.428999999999998,10.1705,10.469166666666668,63.22869915461803,11066162.35,10.579833333333333,10.016499999999999,False,False,10.69,158155412.49,113106369.00549999
2022-10-28,10.42,10.48,10.08,10.09,17277373.0,187761401.0,1108911956.0,0.015580473189523443,10.29,10.394,10.183,10.445833333333333,56.17529849145254,11378213.95,10.5565,10.0495,False,False,10.69,174328693.57,116392923.91199999
2022-10-31,10.02,10.34,9.91,10.14,10842000.0,115946568.0,1108911956.0,0.009777151325077787,10.28,10.36,10.2025,10.425999999999998,56.17529849145254,11416078.4,10.532166666666665,10.073,True,False,10.69,109937880.0,116973521.29949999
2022-11-01,10.15,10.75,10.15,10.65,27191249.0,301904427.0,1108911956.0,0.024520656354073973,10.386,10.356,10.232,10.416,62.45733758552809,12234766.15,10.505666666666666,10.093,True,True,10.69,289586801.85,126011661.91
2022-11-02,10.64,11.0,10.49,10.66,32376344.0,370802275.0,1108911956.0,0.029196496461978808,10.426,10.376999999999999,10.2715,10.416500000000001,59.854014292716734,13371467.5,10.4855,10.131499999999999,False,True,10.69,345131827.04,138509769.8225
2022-11-03,10.55,10.73,10.46,10.56,18047100.0,201792607.0,1108911956.0,0.01627460133543731,10.420000000000002,10.391,10.302,10.413833333333333,52.380952089947115,13817465.65,10.469166666666668,10.1705,False,False,10.69,190577376.0,143497887.965
2022-11-04,10.56,10.88,10.55,10.74,18300034.0,207038732.0,1108911956.0,0.01650269338425277,10.55,10.42,10.339,10.410666666666666,54.88721775623268,14311126.9,10.445833333333333,10.183,False,False,10.69,196542365.16,149111601.723
2022-11-07,10.72,10.74,10.53,10.61,17812208.0,200247977.0,1108911956.0,0.01606277928885456,10.644,10.462,10.380500000000001,10.402,48.4496121401959,14748736.2,10.425999999999998,10.2025,False,False,10.74,188987526.88,154130627.30900002
2022-11-08,10.65,10.8,10.5,10.76,20197334.0,228090171.0,1108911956.0,0.01821364977689897,10.666,10.526,10.427,10.392666666666665,56.224899282269654,15433824.1,10.416,10.232,False,False,10.74,217323313.84,161804217.397
2022-11-09,10.65,11.03,10.65,10.94,26775275.0,309290588.0,1108911956.0,0.02414553730359455,10.722,10.574000000000002,10.478,10.389333333333333,59.848484531106514,16417633.35,10.416500000000001,10.2715,False,False,10.76,292921508.5,172929144.18199998
2022-11-10,10.92,11.03,10.75,10.78,19469216.0,224002502.0,1108911956.0,0.017557043996737284,10.766,10.593,10.511,10.386333333333333,55.95667841754747,16848368.9,10.413833333333333,10.302,False,False,10.94,209878148.48,177930672.076
2022-11-11,10.96,11.27,10.64,10.69,41095880.0,477511968.0,1108911956.0,0.03705964191083174,10.756,10.653,10.5235,10.381333333333332,59.61538429437869,18082354.1,10.410666666666666,10.339,False,False,10.94,439314957.2,191327176.06399998
2022-11-14,10.65,11.14,10.55,11.14,35559342.0,412043959.0,1108911956.0,0.03206687583049199,10.862,10.753,10.5565,10.386000000000001,67.11409364443044,19362588.85,10.402,10.380500000000001,False,False,10.94,396131069.88,205917494.53
2022-11-15,11.16,11.16,10.87,11.05,25764291.0,299709575.0,1108911956.0,0.023233847250538616,10.919999999999998,10.793,10.5745,10.390333333333333,60.80586049403588,19804710.4,10.392666666666665,10.427,False,False,11.14,284695415.55,211107531.1375
2022-11-16,11.05,11.13,10.83,10.9,19826140.0,230159604.0,1108911956.0,0.017878912651925632,10.912,10.817,10.597,10.3925,55.636363353123976,20245390.25,10.389333333333333,10.478,False,False,11.14,216104926.0,216158723.71999997
2022-11-17,10.91,11.04,10.84,10.95,16499502.0,191265753.0,1108911956.0,0.014879000907805164,10.946,10.856,10.6235,10.394833333333334,68.69565175576558,20555065.75,10.386333333333333,10.511,False,False,11.14,180669546.89999998,219822779.23299998
2022-11-18,11.03,11.24,10.97,11.13,32863280.0,387172743.0,1108911956.0,0.029635607968862047,11.034,10.895,10.657499999999999,10.402333333333333,70.37036996494436,21826482.7,10.381333333333332,10.5235,False,False,11.14,365768306.40000004,234226437.88050002
2022-11-21,11.07,11.32,10.94,11.15,28113184.0,331623264.0,1108911956.0,0.02535204336817521,11.036,10.949000000000002,10.705499999999999,10.4125,62.88659748432352,22587720.15,10.386000000000001,10.5565,False,False,11.14,313462001.6,243332880.32799998
2022-11-22,11.07,11.54,10.79,10.85,35160211.0,413905905.0,1108911956.0,0.03170694554221219,10.996,10.958,10.742,10.415833333333333,54.26008934545234,23725939.35,10.390333333333333,10.5745,False,False,11.15,381488289.34999996,256135006.3335
2022-11-23,10.87,10.94,10.45,10.55,24141549.0,270751900.0,1108911956.0,0.02177048310226714,10.925999999999998,10.919,10.746500000000001,10.412666666666667,49.794238396247195,24112296.15,10.3925,10.597,False,False,11.15,254693341.95000002,260284935.432
2022-11-24,10.59,10.66,10.46,10.59,15100544.0,168986299.0,1108911956.0,0.013617441780021713,10.854000000000001,10.9,10.746500000000001,10.415,46.724890544039965,24120602.8,10.394833333333334,10.6235,True,False,11.15,159914760.96,260372902.85549998
2022-11-25,10.55,10.65,10.28,10.55,17472888.0,193834626.0,1108911956.0,0.015756785654135377,10.738,10.886,10.7695,10.415833333333332,48.63636332685953,24130378.55,10.402333333333333,10.657499999999999,True,True,11.15,184338968.4,260873416.59700003
2022-11-28,10.41,10.69,10.3,10.36,16945169.0,187455988.0,1108911956.0,0.015280896655784637,10.58,10.808,10.7805,10.412166666666668,41.07142831473213,24435537.0,10.4125,10.705499999999999,True,True,11.15,175551950.84,264154120.139
2022-11-29,10.3,10.75,10.3,10.63,23735215.0,267254137.0,1108911956.0,0.021404057257725158,10.536,10.766,10.7795,10.413833333333333,43.347639224520655,24262735.3,10.415833333333333,10.742,True,True,11.15,252305335.45000002,262290046.819
2022-11-30,10.6,10.7,10.4,10.45,16504408.0,184206331.0,1108911956.0,0.014883425064270837,10.516,10.721,10.769000000000002,10.4105,42.97872314821187,23469138.5,10.412666666666667,10.746500000000001,True,True,11.15,172471063.6,253657008.64699998
2022-12-01,10.58,10.61,10.36,10.48,17265920.0,191171510.0,1108911956.0,0.015570145047656065,10.494,10.674,10.765,10.410666666666666,45.41484688392673,23430079.5,10.415,10.746500000000001,True,True,11.15,180946841.6,253175481.927
2022-12-02,10.47,10.53,10.41,10.46,9080350.0,100638847.0,1108911956.0,0.008188522047101096,10.476,10.607,10.751000000000001,10.409666666666665,31.720429868770992,22969095.3,10.415833333333332,10.7695,True,True,11.15,94980461.00000001,248097386.719
2022-12-05,10.52,10.65,10.47,10.58,17548536.0,196370725.0,1108911956.0,0.015825003874338245,10.52,10.55,10.7495,10.408999999999999,37.56613728786988,22955911.7,10.412166666666668,10.7805,True,True,11.15,185663510.88,247931185.919
2022-12-06,10.58,10.64,10.4,10.44,18431806.0,204519129.0,1108911956.0,0.01662152337728064,10.482,10.509,10.7335,10.407666666666668,37.76595716557265,22867635.3,10.413833333333333,10.7795,True,True,11.15,192428054.64,246686422.95899996
2022-12-07,10.44,10.79,10.33,10.69,29426719.0,330314338.0,1108911956.0,0.02653656932886383,10.53,10.523,10.721,10.410333333333334,43.74999970552886,23000207.5,10.4105,10.769000000000002,True,True,11.15,314571626.11,247768928.8395
2022-12-08,10.66,10.86,10.63,10.77,23825985.0,271636103.0,1108911956.0,0.02148591226840375,10.588,10.541,10.7205,10.415166666666666,40.909090619834686,23218045.95,10.410666666666666,10.765,True,True,11.15,256605858.45,250105314.338
2022-12-09,10.72,11.09,10.65,10.99,28245651.0,327748769.0,1108911956.0,0.025471500101672633,10.693999999999999,10.584999999999999,10.7355,10.421833333333332,46.33027493182392,22575534.5,10.409666666666665,10.751000000000001,False,True,11.15,310419704.49,243660551.70250002
2022-12-12,11.09,11.26,10.96,11.23,30908700.0,365282038.0,1108911956.0,0.02787299734010623,10.824000000000002,10.672,10.74,10.429833333333333,58.962263761569965,22343002.4,10.408999999999999,10.7495,False,False,11.15,347104701.0,241209233.2585
2022-12-13,11.23,11.25,10.88,11.08,23446354.0,273708171.0,1108911956.0,0.021143566784665453,10.952000000000002,10.717,10.7415,10.437833333333334,63.45177619881982,22227105.55,10.407666666666668,10.7335,False,False,11.23,259785602.32,239963742.59699997
2022-12-14,11.14,11.19,10.78,10.79,18673450.0,215554222.0,1108911956.0,0.016839434275158993,10.972,10.751000000000001,10.736,10.445166666666667,54.504504160782375,22169471.05,10.410333333333334,10.721,False,False,11.23,201486525.49999997,239232822.57199997
2022-12-15,10.77,10.91,10.71,10.81,12797899.0,146411342.0,1108911956.0,0.011540951408048485,10.98,10.784,10.729000000000001,10.456333333333333,55.90909055330577,21984390.9,10.415166666666666,10.7205,False,False,11.23,138345288.19,237116609.63650003
2022-12-16,10.73,11.23,10.7,11.15,29456492.0,344377101.0,1108911956.0,0.026563418169151743,11.012,10.852999999999998,10.73,10.479000000000001,66.8085102402897,21814051.5,10.421833333333332,10.7355,False,False,11.23,328439885.8,235250188.6065
2022-12-19,11.25,11.31,10.41,10.48,31606103.0,357235879.0,1108911956.0,0.028501904798652923,10.861999999999998,10.843,10.6965,10.491666666666667,47.272727032066115,21988697.45,10.429833333333333,10.74,False,False,11.23,331231959.44,236138686.49850002
2022-12-20,10.45,10.54,10.14,10.16,15504329.0,168265975.0,1108911956.0,0.013981568974985422,10.678,10.815,10.662,10.499,44.98269874402847,21005903.35,10.437833333333334,10.7415,True,False,11.23,157523982.64000002,224940471.16300002
2022-12-21,10.27,11.04,10.22,10.57,28231535.0,320370687.0,1108911956.0,0.02545877050675428,10.634,10.803,10.663,10.513666666666666,51.37614656903179,21210402.65,10.445166666666667,10.736,True,True,11.23,298407324.95,227126170.31300002
2022-12-22,10.63,10.65,10.06,10.08,20888599.0,228124583.0,1108911956.0,0.0188370220800469,10.488,10.734,10.6375,10.518166666666668,44.91978592810774,21499805.4,10.456333333333333,10.729000000000001,True,True,11.23,210557077.92,229658286.161
2022-12-23,10.06,10.3,10.04,10.18,14219822.0,153306947.0,1108911956.0,0.01282322002487274,10.294,10.653,10.619,10.523833333333332,44.62365574604,21337152.1,10.479000000000001,10.73,True,True,11.23,144757787.96,227679227.139
2022-12-26,10.2,10.41,10.01,10.1,16131168.0,173999727.0,1108911956.0,0.014546842887497915,10.218,10.540000000000001,10.606,10.529666666666666,45.355191083340806,21296452.05,10.491666666666667,10.6965,True,True,11.23,162924796.79999998,227047869.43700004
2022-12-27,10.08,10.12,9.8,9.88,13054977.0,136638007.0,1108911956.0,0.011772780453275228,10.162,10.42,10.5685,10.526666666666667,38.84297505680397,20762440.15,10.499,10.662,True,True,11.23,128983172.76,220881761.3025
2022-12-28,9.89,10.05,9.83,9.97,9130937.0,96074860.0,1108911956.0,0.008234140637221157,10.042,10.338,10.5445,10.528333333333334,39.01098886094677,20393766.6,10.513666666666666,10.663,True,True,11.23,91035441.89,216809980.217
2022-12-29,9.94,10.73,9.92,10.65,42693320.0,475668446.0,1108911956.0,0.03850018909887198,10.156,10.322,10.553,10.54,45.8536583800119,21665136.6,10.518166666666668,10.6375,True,True,11.23,454683858.0,230496831.037
2022-12-30,10.59,10.76,10.4,10.41,18340293.0,204587554.0,1108911956.0,0.01653899834045977,10.202000000000002,10.248000000000001,10.5505,10.546833333333334,39.99999986341464,22128133.75,10.523833333333332,10.619,False,True,11.23,190922450.13,235293930.4935
2023-01-03,10.58,10.7,10.49,10.5,14716167.0,164660242.0,1108911956.0,0.01327081642539347,10.282,10.25,10.5465,10.558833333333334,42.821782029825506,21986515.3,10.529666666666666,10.606,True,False,11.23,154519753.5,233736742.62449998
2023-01-04,10.48,10.61,10.4,10.45,11322700.0,125605805.0,1092364697.0,0.010365311174094085,10.396,10.279,10.547,10.569166666666666,45.526315621745155,21631060.0,10.526666666666667,10.5685,True,True,11.23,118322214.99999999,230031450.6425
2023-01-05,10.42,10.48,10.33,10.44,12513967.0,138004738.0,1092364697.0,0.011455850810967758,10.489999999999998,10.266,10.534500000000001,10.577833333333334,45.118733342569314,20785422.4,10.528333333333334,10.5445,True,True,11.23,130645815.47999999,220835160.111
2023-01-06,10.44,10.51,10.34,10.37,10459208.0,115473171.0,1092364697.0,0.009574831582093869,10.434000000000001,10.295,10.5145,10.582,38.92045439065727,20117083.55,10.54,10.553,True,True,11.23,108461986.96,213427966.53649998
2023-01-09,10.45,10.5,10.34,10.43,9438299.0,104137406.0,1092364697.0,0.008640245355713835,10.437999999999999,10.32,10.4865,10.581833333333332,49.1408932343737,19176715.95,10.546833333333334,10.5505,True,True,11.23,98441458.57,202829054.2405
2023-01-10,10.47,10.66,10.37,10.6,14821384.0,165588037.0,1092364697.0,0.013568164588900112,10.458,10.370000000000001,10.455,10.583833333333333,57.971014198697745,18372350.15,10.558833333333334,10.5465,True,True,11.23,157106670.4,193329152.7105
2023-01-11,10.53,10.67,10.5,10.5,10849894.0,121732108.0,1092364697.0,0.00993248319887804,10.468,10.432,10.425999999999998,10.580666666666668,48.571428293877545,17742527.15,10.569166666666666,10.547,False,True,11.15,113923887.0,186036066.9445
2023-01-12,10.5,10.58,10.34,10.48,11931189.0,132263601.0,1092364697.0,0.010922349498081591,10.476,10.483,10.4105,10.581166666666666,60.10100967605348,17405414.1,10.577833333333334,10.534500000000001,False,False,11.15,125038860.72,182213683.70549998
2023-01-13,10.44,10.65,10.42,10.61,14392999.0,161041800.0,1092364697.0,0.013176001604160227,10.524000000000001,10.479,10.4005,10.584333333333335,60.696516990173514,17485169.1,10.582,10.5145,False,False,11.15,152709719.39,182931905.2655
2023-01-16,10.61,10.99,10.59,10.72,22819454.0,261525559.0,1092364697.0,0.020889959244078354,10.581999999999999,10.51,10.379,10.588833333333332,65.19607798394851,17153317.2,10.581833333333332,10.4865,False,False,11.15,244624546.88000003,178741138.3195
2023-01-17,10.73,10.8,10.55,10.57,10264800.0,115843238.0,1092364697.0,0.009396861714947934,10.576,10.517,10.383500000000002,10.595166666666668,67.51268987554431,16086252.05,10.583833333333333,10.455,False,False,10.72,108498936.0,167604487.14749998
2023-01-18,10.86,11.03,10.58,10.67,16959530.0,193907967.0,1092364697.0,0.015525520045252799,10.610000000000001,10.539,10.409,10.604333333333333,67.67676719824506,16159012.1,10.580666666666668,10.425999999999998,False,False,10.72,180958185.1,168776197.2705
2023-01-19,10.73,10.73,10.58,10.65,8241823.0,92818685.0,1092364697.0,0.007544937164881666,10.644,10.559999999999999,10.413,10.607499999999998,49.999999469696974,15159526.5,10.581166666666666,10.4105,False,False,10.72,87775414.95,158244601.7705
2023-01-20,10.66,10.75,10.55,10.64,10524965.0,118610480.0,1092364697.0,0.009635028510995536,10.65,10.587,10.440999999999999,10.608333333333333,60.55045793788405,14641344.8,10.584333333333335,10.4005,False,False,10.72,111985627.60000001,153316029.25449997
2023-01-30,10.73,10.93,10.62,10.75,19379975.0,220856638.0,1092364697.0,0.017741304761334665,10.656,10.619,10.4695,10.619333333333335,61.261260488596726,14899352.45,10.588833333333332,10.379,False,False,10.72,208334731.25,156494876.419
2023-01-31,10.75,10.81,10.58,10.6,14764206.0,166670926.0,1092364697.0,0.01351582126422381,10.662,10.619,10.494499999999999,10.627,56.19834645720923,14831004.35,10.595166666666668,10.383500000000002,False,False,10.75,156500583.6,156173665.759
2023-02-01,10.54,10.65,10.42,10.64,18097566.0,201559589.0,1092364697.0,0.01656732961958766,10.656,10.633,10.5325,10.626833333333332,58.06451547346519,15083133.8,10.604333333333333,10.409,False,False,10.75,192558102.24,159352412.23299998
2023-02-02,10.62,10.77,10.57,10.69,16199039.0,183431064.0,1092364697.0,0.014829332222551677,10.664,10.654,10.5685,10.627333333333333,63.11475337409302,15436538.9,10.607499999999998,10.413,False,False,10.75,173167726.91,163459026.484
2023-02-03,10.69,10.86,10.47,10.8,19880567.0,224629554.0,1092364697.0,0.018199569296406877,10.696000000000002,10.673,10.576,10.631333333333334,64.56692842209691,14295901.25,10.608333333333333,10.440999999999999,False,False,10.75,214710123.60000002,151460339.764
2023-02-06,10.73,10.85,10.62,10.67,13632670.0,154594411.0,1092364697.0,0.01247996208357876,10.68,10.668,10.589,10.630166666666668,52.84552785379075,14060520.1,10.619333333333335,10.4695,False,False,10.8,145460588.9,149187246.7025
2023-02-07,10.67,10.73,10.52,10.58,10491615.0,117665204.0,1092364697.0,0.009604498414140896,10.675999999999998,10.669,10.593,10.629666666666667,53.27868791319539,13849292.5,10.627,10.494499999999999,False,False,10.8,111001286.7,147011323.3625
2023-02-08,10.59,10.69,10.55,10.57,7707676.0,86572816.0,1092364697.0,0.007055954866692291,10.662,10.659,10.599,10.6265,53.719007642920566,13668541.3,10.626833333333332,10.5325,True,False,10.8,81470135.32000001,145168719.37849998
2023-02-09,10.56,10.63,10.49,10.62,7694328.0,86138860.0,1092364697.0,0.0070437355043889704,10.648,10.655999999999999,10.608,10.621166666666666,50.44247725115515,13427559.35,10.627333333333333,10.5685,True,True,10.8,81713763.36,142722116.77249998
2023-02-10,10.61,10.71,10.53,10.59,7815200.0,87768468.0,1092364697.0,0.007154387194554311,10.605999999999998,10.651,10.619000000000002,10.618,43.809523225396795,13295358.95,10.631333333333334,10.576,False,True,10.8,82762968.0,141437165.82450002
2023-02-13,10.54,10.64,10.53,10.6,8524800.0,95519681.0,1092364697.0,0.007803987096444952,10.592,10.636,10.627500000000001,10.6165,51.6483508537616,13249684.0,10.630166666666668,10.589,True,False,10.8,90362880.0,141033236.896
2023-02-14,10.59,10.7,10.52,10.65,12723674.0,142775323.0,1092364697.0,0.011647826073969142,10.605999999999998,10.641,10.63,10.608333333333333,48.837208507301284,13144798.5,10.629666666666667,10.593,True,True,10.8,135507128.1,139953259.781
2023-02-15,10.65,10.67,10.56,10.59,10588793.0,118794835.0,1092364697.0,0.009693459546139104,10.61,10.636,10.6345,10.600666666666665,46.66666594074073,13131743.45,10.6265,10.599,False,True,10.8,112135317.87,139863831.3245
2023-02-16,10.56,10.72,10.47,10.63,21665554.0,243621497.0,1092364697.0,0.019833627047359623,10.612,10.629999999999999,10.642,10.596166666666667,49.46236484680312,13618461.7,10.621166666666666,10.608,True,False,10.8,230304839.02,145127130.23950002
2023-02-17,10.6,10.83,10.53,10.7,22077680.0,250231990.0,1092364697.0,0.020210905808868335,10.634,10.620000000000001,10.6465,10.592,47.19101049362452,14002695.75,10.618,10.619000000000002,True,True,10.8,236231175.99999997,149303203.07
2023-02-20,10.77,10.79,10.47,10.66,21120298.0,236239085.0,1092364697.0,0.01933447506863177,10.646,10.619,10.6435,10.584166666666667,53.846152879684475,13917737.95,10.6165,10.627500000000001,False,True,10.8,225142376.68,148329094.56
2023-02-21,10.61,10.77,10.59,10.66,15162432.0,171131695.0,1092364697.0,0.01388037533768816,10.648,10.627,10.648,10.576,51.351350379839296,14162619.55,10.608333333333333,10.63,False,False,10.8,161631525.12,150985724.016
2023-02-22,10.65,10.65,10.53,10.59,11409262.0,127822082.0,1092364697.0,0.01044455394002906,10.648,10.629,10.644,10.571666666666665,43.421051831717485,13885106.15,10.600666666666665,10.6345,False,False,10.8,120824084.58,147979018.98999998
2023-02-23,10.58,10.58,10.32,10.33,25406808.0,280488263.0,1092364697.0,0.02325854000021753,10.588000000000001,10.6,10.628,10.568000000000001,24.17582380388835,14743355.4,10.596166666666667,10.642,True,False,10.8,262452326.64000002,156712864.57450002
2023-02-24,10.31,10.35,10.18,10.24,12471223.0,135369064.0,1092364697.0,0.011416721022063567,10.496,10.565000000000001,10.608,10.562166666666666,25.287355914916063,14840668.3,10.592,10.6465,True,True,10.8,127705323.52,157498849.37050003
2023-02-27,10.38,10.51,10.32,10.35,14892455.0,163908292.0,1092364697.0,0.013633226193504494,10.434000000000001,10.540000000000001,10.588000000000001,10.558833333333334,37.078651102133506,14616292.3,10.584166666666667,10.6435,True,True,10.8,154136909.25,154788958.2705
2023-02-28,10.38,10.51,10.37,10.51,12951260.0,143345478.0,1092364697.0,0.011856168581398232,10.404,10.526,10.5835,10.561333333333334,47.115383981139026,14525645.0,10.576,10.648,True,True,10.8,136117742.6,153769816.22050002
2023-03-01,10.51,10.56,10.42,10.45,9931106.0,109919906.0,1092364697.0,0.009091383150036018,10.376,10.512,10.574,10.558333333333334,41.904761346031755,14117322.0,10.571666666666665,10.644,True,True,10.8,103780057.69999999,149330913.9935
2023-03-02,10.43,10.47,10.35,10.37,9793800.0,107906163.0,1092364697.0,0.008965687033732472,10.383999999999999,10.486,10.558,10.556999999999999,39.99999949090907,13797060.05,10.568000000000001,10.628,True,True,10.8,101561705.99999999,145750612.948
2023-03-03,10.36,10.46,10.34,10.46,7834480.0,86330236.0,1092364697.0,0.00717203697768347,10.427999999999999,10.462,10.541,10.556666666666667,44.067796087331295,13194755.7,10.562166666666666,10.608,True,True,10.8,81948660.80000001,139112539.80800003
2023-03-06,10.48,10.53,10.41,10.42,9984401.0,110629666.0,1092364697.0,0.009140171801066544,10.442,10.437999999999999,10.5285,10.556000000000001,40.17093969026225,13012342.25,10.558833333333334,10.588000000000001,True,True,10.7,104037458.42,137041383.284
2023-03-07,10.42,10.51,10.33,10.34,10305300.0,113635477.0,1092364697.0,0.009433937244861365,10.408000000000001,10.406,10.516499999999999,10.552,39.4957978546713,13003026.5,10.561333333333334,10.5835,True,True,10.7,106556802.0,136819159.049
2023-03-08,10.31,10.34,10.26,10.31,5465280.0,59572706.0,1092364697.0,0.005003164250006882,10.379999999999999,10.378,10.503499999999999,10.549833333333334,36.44067753375466,12890906.7,10.558333333333334,10.574,True,True,10.7,56347036.800000004,135563004.123
2023-03-09,10.31,10.37,10.25,10.34,5179680.0,56607529.0,1092364697.0,0.004741713105728461,10.374,10.379000000000001,10.4895,10.544,34.21052589566024,12765174.3,10.556999999999999,10.558,True,True,10.7,53557891.2,134155210.51500002
2023-03-10,10.3,10.31,10.19,10.25,5818520.0,63060268.0,1092364697.0,0.005326536106466649,10.332,10.379999999999999,10.4725,10.535333333333334,32.77310885813151,12665340.3,10.556666666666667,10.541,True,True,10.7,59639830.0,132999053.61500001
2023-03-13,10.24,10.25,10.1,10.15,7509894.0,80619720.0,1092364697.0,0.006874896287498753,10.278,10.36,10.45,10.521333333333333,30.23255781142963,12614595.0,10.556000000000001,10.5285,True,True,10.7,76225424.10000001,132292180.82000001
2023-03-14,10.16,10.24,10.04,10.05,7209800.0,77267108.0,1092364697.0,0.006600176680737239,10.219999999999999,10.314,10.419999999999998,10.501666666666667,29.545454232093704,12338901.3,10.552,10.516499999999999,True,True,10.7,72458490.0,129139748.915
2023-03-15,10.06,10.23,10.06,10.16,6237309.0,67224177.0,1092364697.0,0.005709914479230007,10.190000000000001,10.285,10.398500000000002,10.486333333333333,42.73504222368326,12121327.1,10.549833333333334,10.503499999999999,True,True,10.7,63371059.44,126701535.99350002
2023-03-16,10.11,10.28,10.11,10.17,7705600.0,83282809.0,1092364697.0,0.007054054402492284,10.156,10.265,10.375499999999999,10.475999999999999,46.78899022472856,11423329.4,10.544,10.4895,True,True,10.7,78365952.0,119104591.6425
2023-03-17,10.22,10.24,10.12,10.14,8593051.0,92534490.0,1092364697.0,0.00786646714563314,10.134,10.233,10.3475,10.464833333333335,39.60395984707387,10749097.95,10.535333333333334,10.4725,True,True,10.7,87133537.14,111649709.69950001
2023-03-20,10.15,10.16,9.97,9.97,9441696.0,100151363.0,1092364697.0,0.008643355123000648,10.098,10.187999999999999,10.312999999999999,10.445166666666665,23.52941144175321,10165167.85,10.521333333333333,10.45,True,True,10.66,94133709.12,105099276.3215
2023-03-21,9.98,10.11,9.98,10.1,5091592.0,54254427.0,1092364697.0,0.004661073370444157,10.108,10.164,10.285,10.438833333333331,33.94495369245013,9661625.85,10.501666666666667,10.419999999999998,True,True,10.66,51425079.199999996,99588954.0255
2023-03-22,10.13,10.2,10.11,10.14,5196500.0,55833103.0,1092364697.0,0.004757110893707324,10.104000000000001,10.147,10.2625,10.4385,39.04761852698418,9350987.75,10.486333333333333,10.398500000000002,True,True,10.59,52692510.0,96182375.2965
2023-03-23,10.11,10.18,10.06,10.14,4767906.0,51044840.0,1092364697.0,0.004364756580924182,10.098,10.126999999999999,10.253,10.431333333333333,33.33333284722217,8319042.65,10.475999999999999,10.375499999999999,True,True,10.51,48346566.84,85477087.3065
2023-03-24,10.18,10.22,10.07,10.08,5967211.0,63958242.0,1092364697.0,0.005462654566179192,10.086,10.11,10.245000000000001,10.431333333333333,32.653060758017446,7993842.05,10.464833333333335,10.3475,True,True,10.51,60149486.88,82099295.4745
2023-03-27,10.09,10.16,10.0,10.09,6013200.0,64190900.0,1092364697.0,0.005504754974702372,10.11,10.104,10.232,10.429833333333335,36.26373570583258,7549879.3,10.445166666666665,10.312999999999999,True,True,10.51,60673188.0,77426109.412
2023-03-28,10.1,10.11,10.01,10.07,6645971.0,70729652.0,1092364697.0,0.006084022138624643,10.104,10.106,10.209999999999999,10.429333333333334,36.666666096296254,7234614.85,10.438833333333331,10.285,True,True,10.51,66924927.97,73966468.6805
2023-03-29,10.08,10.1,9.93,9.95,5880144.0,62134792.0,1092364697.0,0.00538294950042678,10.065999999999999,10.084999999999999,10.185,10.4305,30.303029874502542,7032066.75,10.4385,10.2625,True,True,10.46,58507432.8,71702837.4355
2023-03-30,9.95,9.97,9.82,9.88,6532796.0,68289086.0,1092364697.0,0.005980416630033221,10.014,10.056000000000001,10.1605,10.429,30.92783460516526,6869016.55,10.431333333333333,10.253,True,True,10.46,64544024.480000004,69851953.3595
2023-03-31,9.9,10.13,9.89,10.08,7695755.0,81990288.0,1092364697.0,0.00704504184466518,10.014,10.05,10.141499999999999,10.419500000000001,46.7289713512097,6862080.3,10.431333333333333,10.245000000000001,True,True,10.46,77573210.4,69633180.8395
2023-04-03,10.07,10.18,10.07,10.11,7843006.0,84130775.0,1092364697.0,0.007179842063314135,10.018,10.064,10.126000000000001,10.414499999999999,52.99999925799997,6755010.55,10.429833333333335,10.232,True,True,10.42,79292790.66,68395947.45150001
2023-04-04,10.13,10.2,10.09,10.19,8931760.0,96045165.0,1092364697.0,0.00817653666813804,10.041999999999998,10.073,10.118500000000001,10.409333333333333,51.546391008608765,6686333.55,10.429333333333334,10.209999999999999,True,True,10.34,91014634.39999999,67618839.0715
2023-04-06,10.15,10.21,10.12,10.14,6363437.0,68427738.0,1092364697.0,0.005825377749277447,10.08,10.073,10.110000000000001,10.404166666666667,48.514850812665465,6731241.4,10.4305,10.185,False,True,10.34,64525251.18000001,68027749.79050002
2023-04-07,10.17,10.28,10.14,10.26,8595100.0,93244514.0,1092364697.0,0.007868342892813206,10.156,10.085,10.106,10.401166666666665,55.45454474876033,6902012.4,10.429,10.1605,False,False,10.34,88185726.0,69759141.53050001
2023-04-10,10.26,10.3,10.19,10.24,8072620.0,87601383.0,1092364697.0,0.007390041093574448,10.187999999999999,10.101,10.105500000000001,10.399,64.21052536952914,7014717.4,10.419500000000001,10.141499999999999,False,False,10.26,82663628.8,70910331.4705
2023-04-11,10.26,10.28,10.16,10.22,5978196.0,64679950.0,1092364697.0,0.005472710731514971,10.209999999999999,10.114,10.109,10.3955,57.142856190476294,6938132.5,10.414499999999999,10.126000000000001,False,False,10.26,61097163.120000005,70153918.4215
2023-04-12,10.22,10.29,10.19,10.22,5978902.0,64821941.0,1092364697.0,0.005473357035814203,10.216000000000001,10.129,10.117500000000001,10.389166666666666,54.99999903750005,6876587.6,10.409333333333333,10.118500000000001,False,False,10.26,61104378.440000005,69586212.84349999
2023-04-13,10.23,10.29,10.15,10.27,8022436.0,86944261.0,1092364697.0,0.007344100392508382,10.242,10.161000000000001,10.123,10.385333333333334,57.64705787404845,6965843.95,10.404166666666667,10.110000000000001,False,False,10.26,82390417.72,70537180.7575
2023-04-14,10.28,10.32,10.22,10.28,6277202.0,68298747.0,1092364697.0,0.0057464343339173295,10.246,10.200999999999999,10.128499999999999,10.382,62.499998906250084,6894424.05,10.401166666666665,10.106,False,False,10.27,64529636.559999995,69845364.98550001
2023-04-17,10.24,10.33,10.21,10.31,6495747.0,70840226.0,1092364697.0,0.005946500301446486,10.260000000000002,10.224,10.137,10.377,63.41463306365273,6789558.85,10.399,10.105500000000001,False,False,10.28,66971151.57,68837245.707
2023-04-18,10.3,10.36,10.28,10.31,6032246.0,65961106.0,1092364697.0,0.005522190543658699,10.278,10.244,10.154,10.370166666666668,64.99999886250012,6619086.35,10.3955,10.109,False,False,10.31,62192456.260000005,67240183.064
2023-04-19,10.32,10.32,10.21,10.25,5511461.0,59807522.0,1092364697.0,0.005045440424005208,10.284,10.25,10.1615,10.364833333333333,70.27026894083293,6640079.8,10.389166666666666,10.117500000000001,False,False,10.31,56492475.25,67493552.8665
2023-04-20,10.64,10.68,10.32,10.36,27656001.0,307412505.0,1092364697.0,0.025317552897812113,10.302000000000001,10.272,10.172500000000001,10.359666666666667,80.76922931952673,7763054.85,10.385333333333334,10.123,False,False,10.31,286516170.35999995,79184735.8845
2023-04-21,10.36,10.61,10.36,10.41,19380399.0,214857233.0,1092364697.0,0.01774169291009228,10.328,10.287,10.186,10.355666666666668,76.19047449735466,8493679.5,10.382,10.128499999999999,False,False,10.36,201749953.59,86854905.22199999
2023-04-24,10.42,11.05,10.37,10.92,48267561.0,552354350.0,1092364697.0,0.04418630621491057,10.45,10.355,10.228,10.360333333333333,86.48648539566605,10608697.0,10.377,10.137,False,False,10.41,527081766.12,110201519.18400002
2023-04-25,11.04,11.88,10.99,11.77,87302840.0,1058984114.0,1092364697.0,0.07992096434438324,10.741999999999999,10.510000000000002,10.312000000000001,10.377333333333333,92.02127591047993,14673179.0,10.370166666666668,10.154,False,False,10.92,1027554426.8,158545581.124
2023-04-26,11.69,12.56,11.67,12.48,73748925.0,959110639.0,1092364697.0,0.0675130981461954,11.187999999999999,10.736,10.432500000000001,10.408666666666669,96.06299159650321,18028326.7,10.364833333333333,10.1615,False,False,11.77,920386584.0,201218663.92549998
2023-04-27,12.57,12.64,12.0,12.19,53644547.0,698696163.0,1092364697.0,0.04910864214792544,11.553999999999998,10.928,10.5445,10.434500000000002,85.6088556463011,20416546.85,10.359666666666667,10.172500000000001,False,False,12.48,653927027.93,230989643.682
2023-04-28,11.81,12.1,11.57,11.98,49627829.0,621645790.0,1092364697.0,0.04543155700316449,11.868,11.097999999999999,10.6495,10.456,79.99999961379311,22571298.5,10.355666666666668,10.186,False,False,12.48,594541391.4200001,257489512.02899998
2023-05-04,11.9,12.44,11.88,12.34,38500332.0,500654900.0,1092364697.0,0.035244943475136854,12.152,11.301,10.7625,10.481666666666667,82.716049025301,24111527.35,10.360333333333333,10.228,False,False,12.48,475094096.88,277365556.353
2023-05-05,12.28,12.79,12.0,12.01,34383709.0,450383235.0,1092364697.0,0.03147640077936353,12.2,11.471,10.8575,10.504,75.0700277168122,25438562.5,10.377333333333333,10.312000000000001,False,False,12.48,412948345.09,294048334.07449996
2023-05-08,12.08,12.4,11.98,12.18,25599594.0,330589551.0,1092364697.0,0.02343502501527656,12.139999999999999,11.664,10.957,10.530666666666667,75.88075851969359,26271954.2,10.408666666666669,10.432500000000001,False,False,12.48,311803054.92,305087755.1005
2023-05-09,12.3,12.34,12.05,12.09,14209993.0,182693786.0,1092364697.0,0.013008469642991401,12.120000000000001,11.837,11.054499999999999,10.556000000000001,74.00530476496704,26664282.0,10.434500000000002,10.5445,False,False,12.48,171798815.37,310451433.31
2023-05-10,12.08,12.37,12.03,12.11,15871970.0,204465102.0,1092364697.0,0.014529918481977452,12.146,12.007000000000001,11.147,10.580833333333334,73.93616993747169,27028125.5,10.456,10.6495,False,False,12.48,192209556.7,315652624.845
2023-05-11,12.09,12.15,11.77,11.85,16381876.0,206906389.0,1092364697.0,0.014996709473484568,12.047999999999998,12.1,11.2275,10.601833333333333,69.15422861488577,27443588.3,10.481666666666667,10.7625,False,False,12.48,194125230.6,321225704.935
2023-05-12,11.82,12.01,11.77,11.83,10266861.0,128854003.0,1097846811.0,0.00935181566055485,12.012,12.105999999999998,11.308,10.622333333333334,69.84924598545493,27658021.55,10.504,10.8575,False,False,12.48,121456965.63,324243695.0605
2023-05-15,11.83,11.89,11.62,11.81,9678426.0,120228536.0,1097846811.0,0.008815825580605527,11.937999999999999,12.039,11.3875,10.641666666666667,68.63753188665157,27842997.75,10.530666666666667,10.957,False,False,12.48,114302211.06,326903586.6915
2023-05-16,11.79,11.94,11.73,11.76,9236433.0,115492863.0,1097846811.0,0.008413225695474558,11.872,11.995999999999999,11.462,10.661166666666668,67.35218484757569,27903697.6,10.556000000000001,11.054499999999999,False,False,12.48,108620452.08,328215088.4095
2023-05-17,11.77,11.78,11.57,11.71,7974800.0,98433797.0,1097846811.0,0.0072640371316795675,11.792,11.969,11.5335,10.679166666666667,61.5160347343369,27988577.5,10.580833333333334,11.147,False,False,12.48,93384908.0,329657851.9815
2023-05-18,11.71,11.8,11.49,11.6,8487970.0,104102245.0,1097846811.0,0.007731470287979914,11.741999999999999,11.895,11.598,10.694166666666666,46.840148455107034,28088188.65,10.601833333333333,11.2275,False,False,12.48,98460452.0,331232317.003
2023-05-19,11.6,11.66,11.5,11.62,8151279.0,98565179.0,1097846811.0,0.007424787245658811,11.7,11.855999999999998,11.6635,10.710166666666668,28.49999980049995,28194140.3,10.622333333333334,11.308,False,False,12.48,94717861.97999999,332858587.289
2023-05-22,11.66,11.74,11.56,11.64,11432367.0,139028586.0,1097846811.0,0.010413444649519503,11.666,11.802,11.733,10.726499999999998,34.10404596678809,28490185.6,10.641666666666667,11.3875,True,False,12.48,133072751.88000001,336687601.12049997
2023-05-23,11.68,12.06,11.62,11.82,18324132.0,227694857.0,1097846811.0,0.016690973473165192,11.678,11.775,11.806,10.747000000000002,45.294117274048446,28023592.15,10.661166666666668,11.462,True,True,12.48,216591240.24,333191354.6145
2023-05-24,11.78,11.82,11.53,11.67,10030305.0,122173155.0,1097846811.0,0.009136342975632143,11.669999999999998,11.731,11.869,10.769333333333332,27.516778264943028,27556087.45,10.679166666666667,11.5335,False,True,12.48,117053659.35,328956539.90250003
2023-05-25,11.61,11.7,11.43,11.54,9699778.0,116847093.0,1097846811.0,0.008835274559995056,11.658000000000001,11.7,11.9,10.791,31.782945391502906,25627698.3,10.694166666666666,11.598,True,False,12.48,111935438.11999999,308199223.5025
2023-05-26,11.51,11.83,11.51,11.63,7386671.0,89800696.0,1097846811.0,0.006728325779141877,11.66,11.680000000000001,11.892999999999999,10.812333333333333,27.272726957175152,21631889.85,10.710166666666668,11.6635,True,True,12.48,85906983.73,261116851.34899998
2023-05-29,11.62,11.92,11.59,11.74,9615101.0,118261749.0,1097846811.0,0.008758144491253617,11.68,11.673,11.856,10.832833333333333,35.77235731641224,18425198.65,10.726499999999998,11.733,True,True,12.48,112881285.74,220741586.43600002
2023-05-30,11.75,11.8,11.5,11.7,6403300.0,78086133.0,1097846811.0,0.005832598806902214,11.656,11.667,11.8315,10.853666666666667,33.599999623680034,16063136.3,10.747000000000002,11.806,True,True,12.34,74918610.0,191791165.5395
2023-05-31,11.7,11.9,11.64,11.73,6980938.0,85519321.0,1097846811.0,0.006358754181415571,11.668,11.669,11.818999999999999,10.876333333333333,44.11764645328727,13930791.75,10.769333333333332,11.869,True,True,12.34,81886402.74000001,166158416.1055
2023-06-01,11.72,11.75,11.4,11.6,9203770.0,111329021.0,1097846811.0,0.00838347382146743,11.68,11.669,11.782,10.895333333333333,39.82300835617516,12465963.65,10.791,11.9,True,True,12.34,106763732.0,147741897.8615
2023-06-02,11.67,11.68,11.49,11.51,8620401.0,104066583.0,1097846811.0,0.007852098228666258,11.656,11.658000000000001,11.757,10.9135,37.499999562500044,11177798.25,10.812333333333333,11.892999999999999,True,True,12.18,99220815.51,132055521.38249998
2023-06-05,11.53,11.62,11.41,11.58,8874459.0,106617534.0,1097846811.0,0.00808351302848572,11.623999999999999,11.652000000000001,11.727,10.934166666666666,42.62295033055635,10341541.5,10.832833333333333,11.856,True,True,12.18,102766235.22,121603680.3975
2023-06-06,11.6,11.87,11.4,11.42,9549100.0,115515767.0,1097846811.0,0.008698025903360756,11.568000000000001,11.612,11.6935,10.952666666666666,39.09774394934708,10108496.85,10.853666666666667,11.8315,True,True,12.11,109050722.0,118466275.729
2023-06-07,11.45,11.53,11.38,11.42,6977250.0,83281844.0,1097846811.0,0.006355394878493663,11.506,11.587,11.659,10.970666666666666,42.62295033055635,9663760.85,10.876333333333333,11.818999999999999,True,True,12.11,79680195.0,112839807.64400001
2023-06-08,11.4,11.47,11.21,11.32,8737267.0,103358967.0,1097846811.0,0.007958548417188963,11.45,11.565000000000001,11.6325,10.9885,38.46153804733738,9281530.4,10.895333333333333,11.782,True,True,11.85,98905862.44,108078839.23599999
2023-06-09,11.31,11.41,11.18,11.21,8763088.0,102938631.0,1097846811.0,0.007982068092011792,11.39,11.523,11.6015,11.006166666666667,34.5323737529114,9206341.75,10.9135,11.757,True,True,11.83,98234216.48,106917701.77849999
2023-06-12,11.25,11.26,11.07,11.09,8552933.0,99562512.0,1097846811.0,0.007790643388770567,11.292,11.458,11.5655,11.0235,22.556390740008013,9150067.1,10.934166666666666,11.727,True,True,11.82,94852026.97,105945192.574
2023-06-13,11.09,11.16,11.01,11.01,7311737.0,84532168.0,1097846811.0,0.006660070354751889,11.209999999999999,11.389,11.528,11.037666666666667,23.809523544973644,9053832.3,10.952666666666666,11.6935,True,True,11.82,80502224.37,104539281.1885
2023-06-14,11.09,11.16,10.99,11.12,10280940.0,118728935.0,1097846811.0,0.009364639854111668,11.15,11.328,11.4985,11.053500000000001,33.064515755723264,9169139.3,10.970666666666666,11.659,True,True,11.82,114324052.8,105586238.4285
2023-06-15,11.1,11.11,10.93,10.96,10568482.0,121319981.0,1097846811.0,0.00962655435540542,11.078,11.264,11.4665,11.067166666666667,24.427480654973493,9273164.9,10.9885,11.6325,True,True,11.82,115830562.72000001,106454743.9645
2023-06-16,10.98,11.02,10.9,10.92,7245100.0,82774901.0,1097846811.0,0.0065993724510623,11.02,11.205,11.4315,11.083,16.935483679760708,9227855.95,11.006166666666667,11.6015,True,True,11.82,79116492.0,105674675.4655
2023-06-19,10.93,11.35,10.84,11.07,19710651.0,228763560.0,1097846811.0,0.017953917434114584,11.016,11.154,11.403,11.099166666666667,26.66666639012351,9641770.15,11.0235,11.5655,True,True,11.82,218196906.57,109930883.2
2023-06-20,11.13,11.24,10.75,10.76,20687288.0,236263189.0,1097846811.0,0.018843510581550527,10.966,11.088000000000001,11.35,11.1095,20.24539859911927,9759927.95,11.037666666666667,11.528,True,True,11.82,222595218.88,110231082.132
2023-06-21,10.74,10.9,10.68,10.7,9070060.0,102097685.0,1097846811.0,0.008261680873070368,10.882,11.016000000000002,11.3015,11.118833333333333,21.153845964003935,9711915.7,11.053500000000001,11.4985,True,True,11.74,97049642.0,109230881.26449999
2023-06-26,10.66,10.85,10.58,10.7,10026391.0,111922578.0,1097846811.0,0.00913277781521014,10.83,10.953999999999999,11.2595,11.129166666666666,22.448979378036924,9728246.35,11.067166666666667,11.4665,True,True,11.74,107282383.69999999,108998228.54349999
2023-06-27,10.69,10.9,10.67,10.77,7945100.0,89362465.0,1097846811.0,0.0072369841770210325,10.8,10.91,11.2165,11.1405,22.448979378036924,9756167.8,11.083,11.4315,True,True,11.74,85568727.0,108981315.70699999
2023-06-28,10.78,10.87,10.65,10.72,7802902.0,87530579.0,1097846811.0,0.007107459731009775,10.729999999999999,10.873000000000001,11.1655,11.151333333333334,24.264705632569232,9665557.85,11.099166666666667,11.403,True,True,11.74,83647109.44,107519606.892
2023-06-29,10.69,10.87,10.68,10.76,8965886.0,100660303.0,1097846811.0,0.00816679149601319,10.73,10.847999999999999,11.118500000000001,11.164833333333332,26.428571164285685,9793687.15,11.1095,11.35,True,True,11.73,96472933.36,108597323.05999999
2023-06-30,10.74,10.98,10.7,10.9,11986647.0,136529421.0,1121487471.0,0.010688168445887167,10.77,10.826,11.077,11.181833333333334,35.416666322337974,10043972.6,11.118833333333333,11.3015,True,True,11.73,130654452.3,111035725.53799999
2023-07-03,10.94,11.0,10.78,10.98,11551813.0,131510202.0,1121487471.0,0.010300438746497597,10.825999999999999,10.828,11.046,11.196833333333332,41.84397121573361,10161374.75,11.129166666666666,11.2595,True,True,11.6,126838906.74000001,112039484.275
2023-07-04,10.96,11.04,10.85,10.99,10633286.0,121480450.0,1121487471.0,0.00948141310086914,10.870000000000001,10.834999999999999,11.02,11.211500000000001,46.15384565680475,10262019.0,11.1405,11.2165,True,True,11.58,116859813.14,112921434.15650001
2023-07-05,10.95,11.08,10.95,11.01,9058053.0,104112249.0,1121487471.0,0.008076820503329547,10.928,10.829,10.991499999999998,11.225166666666667,49.99999943548388,10271198.7,11.151333333333334,11.1655,True,True,11.58,99729163.53,112769580.572
2023-07-06,10.99,11.04,10.64,10.65,15353173.0,172527510.0,1121487471.0,0.013690008490518393,10.906,10.818,10.953,11.233666666666666,34.22818759785598,10561402.35,11.164833333333332,11.118500000000001,False,True,11.42,163511292.45000002,115492609.09449999
2023-07-07,10.69,10.76,10.62,10.72,7927658.0,88489058.0,1121487471.0,0.007068877900999752,10.870000000000001,10.819999999999999,10.918,11.241333333333333,41.42857101428571,10608922.75,11.181833333333334,11.077,True,False,11.42,84984493.76,115757824.0325
2023-07-10,10.75,10.87,10.72,10.8,7585903.0,85660659.0,1121487471.0,0.006764144224666064,10.834,10.830000000000002,10.892,11.250666666666666,45.83333288773151,10551354.55,11.196833333333332,11.046,True,True,11.32,81927752.4,114908918.53050001
2023-07-11,10.8,10.91,10.76,10.91,4736055.0,53700659.0,1121487471.0,0.004223011957304336,10.818000000000001,10.844,10.876999999999999,11.262166666666667,44.285713842857135,10350002.9,11.211500000000001,11.02,True,True,11.21,51670360.05,112580725.70899999
2023-07-12,10.91,10.91,10.75,10.76,5696600.0,64342663.0,1121487471.0,0.0050795039153852485,10.767999999999999,10.848,10.860499999999998,11.271166666666666,49.99999943548388,10207186.25,11.225166666666667,10.991499999999998,False,True,11.12,61295416.0,110902895.1605
2023-07-13,10.81,10.85,10.77,10.84,5172891.0,58435851.0,1121487471.0,0.004612526785865448,10.806000000000001,10.856,10.852,11.280666666666667,55.55555493827164,10100243.95,11.233666666666666,10.953,True,False,11.12,56074138.44,109681490.86400001
2023-07-14,10.84,10.84,10.73,10.74,5478100.0,61610604.0,1121487471.0,0.004884673383925838,10.809999999999999,10.84,10.833,11.288333333333332,51.470587705449866,9860101.95,11.241333333333333,10.918,True,True,11.12,58834794.0,106907027.924
2023-07-17,10.72,10.74,10.55,10.61,10025302.0,111194900.0,1121487471.0,0.008939290236618257,10.772,10.803,10.8155,11.293333333333331,44.36619674568538,9832942.95,11.250666666666666,10.892,True,True,11.07,106368454.22,106433922.499
2023-07-18,10.64,10.66,10.44,10.61,10757743.0,118464356.0,1121487471.0,0.009592388036584673,10.712,10.765,10.8,11.298333333333334,45.98540098993016,10008575.1,11.262166666666667,10.876999999999999,True,True,11.07,114139653.22999999,108185080.5605
2023-07-19,10.59,10.63,10.43,10.52,6166700.0,67691525.0,1121487471.0,0.005498679351719659,10.664,10.716,10.772499999999999,11.302833333333332,41.54929536500694,9331377.55,11.271166666666666,10.860499999999998,True,True,11.07,64873684.0,100518919.43200001
2023-07-20,10.53,10.58,10.42,10.44,7017402.0,76896953.0,1121487471.0,0.006257227282033541,10.584,10.695,10.7565,11.304166666666667,33.08823495350343,8647883.25,11.280666666666667,10.852,True,True,11.01,73261676.88,93052242.33199999
2023-07-21,10.44,10.6,10.41,10.51,6825871.0,74947982.0,1121487471.0,0.006086444277360991,10.538,10.674,10.747,11.305833333333334,32.59259225459532,8535673.8,11.288333333333332,10.833,True,True,11.01,71739904.21,91786755.4425
2023-07-24,10.49,10.53,10.38,10.42,11175100.0,121976617.0,1121487471.0,0.00996453396847623,10.499999999999998,10.636,10.733,11.297499999999998,30.069929775539137,8593109.25,11.293333333333331,10.8155,True,True,11.01,116444542.0,92244863.3575
2023-07-25,10.48,10.55,10.44,10.53,9432561.0,103400659.0,1121487471.0,0.008410759142578062,10.484,10.597999999999999,10.721,11.276833333333334,34.2105260006925,8667482.3,11.298333333333334,10.8,True,True,11.01,99324867.33,92932670.374
2023-07-26,10.55,10.68,10.51,10.62,9238359.0,102423796.0,1121487471.0,0.00823759447955527,10.504,10.584,10.716,11.245833333333334,48.799999453439966,8739255.15,11.302833333333332,10.772499999999999,True,True,11.01,98111372.58,93655883.531
2023-07-27,10.66,10.72,10.6,10.64,7381387.0,82148730.0,1121487471.0,0.006581782847220056,10.544,10.564,10.71,11.22,46.666666122222225,8660030.2,11.304166666666667,10.7565,True,True,11.01,78537957.68,92759134.74700001
2023-07-28,10.64,10.73,10.58,10.71,7048422.0,78558526.0,1121487471.0,0.006284886975790388,10.584,10.561,10.7005,11.198833333333333,46.21848685121109,8413118.95,11.305833333333334,10.747,True,True,11.01,75488599.62,90000842.113
2023-07-31,10.75,10.97,10.75,10.85,17202515.0,195532362.0,1121487471.0,0.015339016658528501,10.67,10.584999999999999,10.693999999999999,11.174,47.540983061005086,8695654.05,11.297499999999998,10.733,False,True,11.01,186647287.75,92991261.1635
2023-08-01,10.78,10.81,10.6,10.62,13761458.0,153654015.0,1121487471.0,0.012270719340029079,10.687999999999999,10.586,10.6755,11.150833333333333,44.615384134911224,8852062.65,11.276833333333334,10.721,False,False,11.01,146146683.95999998,94455604.7045
2023-08-02,10.64,10.7,10.44,10.48,14317315.0,157372994.0,1121487471.0,0.012766361970351428,10.66,10.581999999999999,10.649000000000001,11.1225,36.76470550389275,9115025.75,11.245833333333334,10.716,True,False,11.01,150045461.20000002,96971419.588
2023-08-03,10.4,10.78,10.38,10.75,18602002.0,207184104.0,1121487471.0,0.016586901308325006,10.682,10.613,10.654,11.100166666666667,50.326796925114266,9277467.2,11.22,10.71,True,True,10.91,199971521.5,98794431.0405
2023-08-04,10.75,10.92,10.73,10.77,14732658.0,166557046.0,1130914711.0,0.013027205196555269,10.693999999999999,10.639,10.6565,11.077833333333333,55.63380226839914,9617717.2,11.198833333333333,10.7005,False,True,10.91,158670726.66,102478742.6855
2023-08-07,10.88,10.88,10.44,10.46,25279149.0,277516712.0,1130914711.0,0.02235283417407062,10.616,10.642999999999999,10.6395,11.054666666666666,45.66473951485186,10502379.5,11.174,10.693999999999999,False,False,10.91,264419898.54000002,111603349.99249999
2023-08-08,10.44,10.47,10.07,10.31,23385376.0,251061392.0,1130914711.0,0.020678284376831314,10.554,10.621,10.6095,11.029333333333334,44.13407786710779,11434845.55,11.150833333333333,10.6755,True,False,10.91,241103226.56,121074993.31799999
2023-08-09,10.3,10.56,10.3,10.49,15504672.0,169209617.0,1130914711.0,0.013709850839494473,10.556000000000001,10.608,10.596,11.007333333333332,51.32275094258282,11925249.15,11.1225,10.649000000000001,True,True,10.85,162644009.28,126142422.982
2023-08-10,10.49,10.51,10.34,10.38,9419732.0,102198364.0,1130914711.0,0.0083293036233216,10.482,10.582,10.573,10.984333333333332,46.632124014067514,12137591.2,11.100166666666667,10.654,True,True,10.85,97776818.16000001,128227556.96799998
2023-08-11,10.39,10.51,10.31,10.33,7969800.0,86636243.0,1130914711.0,0.007047215782481762,10.394000000000002,10.544,10.552499999999998,10.961333333333334,47.619047266313935,12262176.2,11.077833333333333,10.6565,True,True,10.85,82328034.0,129402218.96799998
2023-08-14,10.34,10.48,10.17,10.47,9425625.0,101949730.0,1130914711.0,0.008334514449516255,10.396,10.506,10.5455,10.9425,48.437499646809925,12232192.35,11.054666666666666,10.6395,True,True,10.85,98686293.75,129018110.9445
2023-08-15,10.48,10.6,10.36,10.56,9848334.0,107980181.0,1130914711.0,0.008708290646685204,10.446000000000002,10.5,10.543,10.924833333333334,48.437499646809925,12186721.9,11.029333333333334,10.6095,True,True,10.85,103998407.04,128511048.63499999
2023-08-16,10.49,10.6,10.46,10.48,8629196.0,94854148.0,1130914711.0,0.00763028008749636,10.443999999999999,10.500000000000002,10.541,10.9055,45.95959563462912,12309846.7,11.007333333333332,10.596,False,True,10.85,90433974.08,129789063.13900001
2023-08-17,10.42,10.49,10.33,10.4,7563074.0,82097142.0,1130914711.0,0.006687572392892854,10.448000000000002,10.465,10.539,10.881833333333333,42.211054979419686,12337130.3,10.984333333333332,10.573,True,False,10.85,78655969.60000001,130058777.775
2023-08-18,10.41,10.41,10.11,10.11,17602300.0,187481914.0,1130914711.0,0.01556465737759777,10.404,10.399,10.519,10.855833333333333,32.71028015983927,12875951.75,10.961333333333334,10.552499999999998,True,True,10.85,177959253.0,135369745.2145
2023-08-21,10.12,10.17,10.04,10.04,7549638.0,79497657.0,1130914711.0,0.006675691744538638,10.318000000000001,10.357000000000001,10.5,10.830833333333333,35.353535103560844,12694678.65,10.9425,10.5455,True,True,10.85,75798365.52,133337436.3905
2023-08-22,10.08,10.12,9.83,9.94,14299345.0,148081790.0,1130914711.0,0.012644052518651869,10.193999999999999,10.32,10.4705,10.802666666666665,36.08247396641511,12938017.85,10.924833333333334,10.543,True,True,10.85,142135489.29999998,135477967.489
2023-08-23,9.91,9.93,9.74,9.74,9236060.0,94668538.0,1130914711.0,0.008166893497948318,10.046000000000001,10.245000000000001,10.4265,10.769333333333334,22.994652234264635,12937902.9,10.9055,10.541,True,True,10.85,89959224.4,135070360.07999998
2023-08-24,9.76,9.89,9.69,9.85,11554583.0,118137358.0,1130914711.0,0.01021702422615316,9.935999999999998,10.192,10.386999999999999,10.7385,26.530612055393576,13146562.7,10.881833333333333,10.539,True,True,10.85,113812642.55,136834094.3235
2023-08-25,9.9,10.12,9.83,9.9,16016729.0,166966786.0,1130914711.0,0.014162632110282984,9.894,10.149,10.3465,10.708,33.52941148858132,13594978.05,10.855833333333333,10.519,True,True,10.85,158565617.1,140987945.1975
2023-08-28,10.31,10.39,9.91,9.96,17869645.0,189756649.0,1130914711.0,0.01580105451471132,9.878,10.098,10.302,10.680666666666665,39.13043444234406,13628334.55,10.830833333333333,10.5,True,True,10.85,177981664.20000002,140554664.01999998
2023-08-29,9.95,10.18,9.91,10.16,11077778.0,116586463.0,1130914711.0,0.009795414183094838,9.922,10.058,10.279,10.658166666666666,39.87730027099251,13494150.55,10.802666666666665,10.4705,True,True,10.77,112550224.48,138874841.046
2023-08-30,10.16,10.2,10.06,10.12,8922900.0,94361409.0,1130914711.0,0.007889984906209253,9.998000000000001,10.022,10.261,10.633833333333335,41.66666629273501,13224429.8,10.769333333333334,10.4265,True,True,10.77,90299748.0,135887555.38599998
2023-08-31,10.08,10.17,10.05,10.12,7747683.0,81699669.0,1130914711.0,0.006850811051126207,10.052000000000001,9.994,10.2295,10.612166666666667,43.04635721678872,12681713.85,10.7385,10.386999999999999,True,True,10.77,78406551.96,129809306.909
2023-09-01,10.1,10.19,9.89,10.12,16010993.0,167506567.0,1130914711.0,0.014157560109764988,10.096,9.995000000000001,10.197,10.5905,37.22627699184822,12745630.6,10.708,10.3465,True,True,10.77,162031249.16,129977333.03400001
2023-09-04,10.12,10.22,10.06,10.19,10127806.0,107241721.0,1130914711.0,0.008955410962020812,10.142,10.01,10.1835,10.571666666666665,36.29629591989024,11988063.45,10.680666666666665,10.302,True,True,10.56,103202343.14,121916455.26400001
2023-09-05,10.19,10.28,10.15,10.19,7266200.0,77454030.0,1130914711.0,0.0064250645334473855,10.148,10.035,10.1775,10.554666666666668,38.58267674003346,11182104.65,10.658166666666666,10.279,False,True,10.56,74042578.0,113563422.83600001
2023-09-06,10.15,10.21,10.08,10.11,5910344.0,62494460.0,1130914711.0,0.005226162452846544,10.145999999999999,10.072,10.1585,10.538333333333334,38.58267674003346,10702388.25,10.633833333333335,10.261,False,False,10.56,59753577.839999996,108418901.26400001
2023-09-07,10.12,10.12,9.96,9.96,6794100.0,71157897.0,1130914711.0,0.0060076148394889875,10.114,10.083,10.1375,10.520833333333334,43.36283132116852,10571106.65,10.612166666666667,10.2295,True,False,10.56,67669236.0,106913522.15599999
2023-09-08,9.97,10.0,9.89,9.92,4921300.0,51034410.0,1130914711.0,0.004351610207323583,10.074,10.084999999999999,10.117,10.500833333333334,44.54545397851244,10418681.65,10.5905,10.197,True,True,10.56,48819296.0,105238085.256
2023-09-11,9.92,10.19,9.92,10.18,10434965.0,110242312.0,1130914711.0,0.009227013229647519,10.072,10.107,10.102500000000001,10.487833333333333,59.52380886243388,10469148.65,10.571666666666665,10.1835,True,True,10.56,106227943.7,105615167.7535
2023-09-12,10.15,10.31,10.13,10.23,8199974.0,87766763.0,1130914711.0,0.007250744835345943,10.080000000000002,10.114,10.086,10.476333333333335,72.07207116305494,10386730.65,10.554666666666668,10.1775,False,True,10.56,83885734.02000001,104609534.10249999
2023-09-13,10.25,10.25,10.07,10.12,6061545.0,64201103.0,1130914711.0,0.0053598604218704875,10.082,10.113999999999999,10.068,10.4605,62.16216137813485,10258348.1,10.538333333333334,10.1585,False,False,10.48,61342835.4,103154977.1685
2023-09-14,10.12,10.2,10.04,10.17,7426500.0,78541533.0,1130914711.0,0.006566808202037793,10.124,10.119,10.0565,10.450666666666667,62.16216137813485,10251519.4,10.520833333333334,10.1375,False,False,10.4,75527505.0,102998553.9385
2023-09-15,10.18,10.4,10.14,10.35,14888459.0,160603596.0,1130914711.0,0.01316497066948137,10.209999999999999,10.142,10.0685,10.444833333333333,65.85365778703147,10115827.35,10.500833333333334,10.117,False,False,10.23,154095550.65,101805368.821
2023-09-18,10.37,10.51,10.3,10.38,10824506.0,117414397.0,1130914711.0,0.009571460955201953,10.25,10.161,10.0855,10.4395,60.377357693129234,10279570.75,10.487833333333333,10.102500000000001,False,False,10.35,112358372.28,103633369.159
2023-09-19,10.38,10.48,10.33,10.45,10953037.0,119232300.0,1130914711.0,0.009685113203908089,10.294,10.187000000000001,10.111,10.434166666666668,65.13761384226916,10112255.35,10.476333333333335,10.086,False,False,10.38,114459236.64999999,102249556.5265
2023-09-20,10.45,10.53,10.38,10.43,13517397.0,147601254.0,1130914711.0,0.011952622835763961,10.356,10.219,10.1455,10.429333333333334,63.96396315721128,10326322.2,10.4605,10.068,False,False,10.45,140986450.71,104800917.84200001
2023-09-21,10.42,10.44,10.26,10.27,7652620.0,82449010.0,1130914711.0,0.0067667525460282036,10.376,10.25,10.166500000000001,10.421166666666666,55.9055111947424,10131224.05,10.450666666666667,10.0565,False,False,10.45,78592407.39999999,103039906.08449998
2023-09-22,10.26,10.36,10.18,10.32,8065189.0,86435059.0,1130914711.0,0.00713156254981283,10.370000000000001,10.290000000000001,10.1875,10.4115,55.19999938176003,9733647.05,10.444833333333333,10.0685,False,False,10.45,83232750.48,99273262.7535
2023-09-25,10.32,10.49,10.26,10.41,11245900.0,122410768.0,1130914711.0,0.00994407437679887,10.376,10.312999999999999,10.209999999999999,10.402,58.20895461572735,9402459.8,10.4395,10.0855,False,False,10.45,117069819.0,96227670.4935
2023-09-26,10.43,10.44,10.26,10.3,9072300.0,97885056.0,1130914711.0,0.008022090359031505,10.346,10.319999999999999,10.217,10.3905,56.93430598753268,9302185.9,10.434166666666668,10.111,False,False,10.45,93444690.0,95272393.76949999
2023-09-27,10.27,10.54,10.27,10.5,14088946.0,153762498.0,1130914711.0,0.01245800931136707,10.36,10.358,10.236,10.382,69.01408382662166,9560488.2,10.429333333333334,10.1455,False,False,10.45,147933933.0,98154103.01949999
2023-09-28,10.57,10.59,10.46,10.5,10676332.0,117285628.0,1130914711.0,0.009440439580593624,10.406,10.391,10.254999999999999,10.3795,71.0144920331863,9706920.65,10.421166666666666,10.166500000000001,False,False,10.5,112101486.0,99838849.7215
2023-10-09,10.48,10.53,10.34,10.5,9289400.0,101421354.0,1130914711.0,0.00821405885841377,10.442,10.406,10.274000000000001,10.375833333333333,64.28571348214287,9370841.0,10.4115,10.1875,False,False,10.5,97538700.0,96614222.2635
2023-10-10,10.48,10.52,10.29,10.34,9355800.0,101185616.0,1130914711.0,0.008272772393001438,10.428,10.402,10.281500000000001,10.368166666666667,54.471544095445815,9332240.7,10.402,10.209999999999999,False,False,10.5,96738972.0,96291053.7065
2023-10-11,10.33,10.57,10.32,10.46,12070900.0,132290584.0,1130914711.0,0.010673572359251059,10.459999999999999,10.403,10.294999999999998,10.360666666666667,63.7096767000521,9572475.7,10.3905,10.217,False,False,10.5,126261614.00000001,98902005.50649999
2023-10-12,10.57,10.69,10.51,10.56,12151100.0,134298192.0,1130914711.0,0.0107444884055452,10.472,10.416,10.317499999999999,10.357333333333333,65.11627836307918,9884513.5,10.382,10.236,False,False,10.5,128315616.0,102330107.4145
2023-10-13,10.51,10.99,10.51,10.87,25261696.0,285555596.0,1130914711.0,0.022337401533721848,10.546000000000001,10.476,10.363,10.357833333333332,68.30985848145211,10807893.3,10.3795,10.254999999999999,False,False,10.56,274594635.52,112676377.3905
2023-10-16,10.86,10.97,10.72,10.78,15309300.0,172829542.0,1130914711.0,0.01353709510637005,10.602,10.522,10.406,10.358500000000001,63.51351291270999,11327293.3,10.375833333333333,10.274000000000001,False,False,10.87,165034254.0,118487125.2905
2023-10-17,10.72,10.84,10.52,10.65,13485672.0,149533463.0,1130914711.0,0.011924570322438753,10.664000000000001,10.546000000000001,10.4295,10.359166666666669,56.49350597992922,11479828.65,10.368166666666667,10.281500000000001,False,False,10.87,143622406.8,120356848.44550002
2023-10-18,10.61,10.67,10.35,10.37,12457100.0,135826941.0,1130914711.0,0.011015065839036556,10.645999999999999,10.552999999999999,10.4365,10.355166666666667,48.33333295740739,11692684.95,10.360666666666667,10.294999999999998,False,False,10.87,129180126.99999999,122621568.09449999
2023-10-19,10.34,10.4,10.13,10.17,10443718.0,111398881.0,1130914711.0,0.009234752982181342,10.568000000000001,10.52,10.439,10.349333333333334,47.2826083358932,11911793.6,10.357333333333333,10.317499999999999,True,False,10.87,106212612.06,124865056.92750001
2023-10-20,10.12,10.3,10.05,10.06,8081913.0,85429780.0,1130914711.0,0.007146350579217109,10.405999999999999,10.475999999999999,10.433499999999999,10.343,43.157894418836555,11944564.25,10.357833333333332,10.363,True,True,10.87,81304044.78,125153883.9165
2023-10-23,10.06,10.07,9.82,9.85,12512800.0,129549343.0,1130914711.0,0.011064318005851814,10.22,10.410999999999998,10.4085,10.331999999999999,36.13861361092048,11825781.3,10.358500000000001,10.406,True,True,10.87,123251080.0,123611660.38399999
2023-10-24,9.88,9.96,9.75,9.8,13504600.0,138595910.0,1130914711.0,0.011941307216756153,10.05,10.357000000000001,10.3795,10.321666666666667,37.24489769314867,11959786.0,10.359166666666669,10.4295,True,True,10.87,132345080.00000001,124610995.76999998
2023-10-25,9.86,9.87,9.62,9.65,23285487.0,236893671.0,1130914711.0,0.02058995852959596,9.906,10.276,10.339500000000001,10.306999999999999,27.748690896082877,12576408.5,10.355166666666667,10.4365,True,True,10.87,224704949.55,130123281.415
2023-10-26,9.58,9.72,9.47,9.7,14154695.0,142017324.0,1130914711.0,0.012516147205728585,9.812,10.19,10.303,10.291666666666666,29.591836523323565,12608273.4,10.349333333333334,10.439,True,True,10.87,137300541.5,129938985.9545
2023-10-27,9.66,10.21,9.59,10.17,27097311.0,281451245.0,1130914711.0,0.02396052570227818,9.834,10.120000000000001,10.297999999999998,10.283833333333332,43.20987629426408,13580507.95,10.343,10.433499999999999,True,True,10.87,275579652.87,139788348.228
2023-10-30,9.85,10.03,9.71,9.87,43870006.0,450792262.0,1130914711.0,0.03879161317232171,9.838,10.029,10.2755,10.269833333333334,40.856030905842616,15370748.8,10.331999999999999,10.4085,True,True,10.87,432996959.21999997,157276558.66500002
2023-10-31,9.82,9.92,9.75,9.78,33228726.0,340809893.0,1130914711.0,0.029382167971462526,9.834,9.941999999999998,10.244,10.252,36.614173026536015,16469890.1,10.321666666666667,10.3795,True,True,10.87,324976940.28,167671914.729
2023-11-01,9.81,9.85,9.6,9.72,24079716.0,243378193.0,1130914711.0,0.02129224756366265,9.847999999999999,9.877,10.215,10.237,33.19999981407997,17220260.9,10.306999999999999,10.339500000000001,True,True,10.87,234054839.52,174702422.20499998
2023-11-02,9.67,9.71,9.61,9.62,16185060.0,162876161.0,1130914711.0,0.01431147711014257,9.831999999999999,9.822,10.171,10.222666666666667,22.707423441963343,17325066.6,10.291666666666666,10.303,True,True,10.87,155700277.2,175090739.41500002
2023-11-03,9.62,9.71,9.59,9.69,15627662.0,157793401.0,1130914711.0,0.013818603514478467,9.736,9.785,10.1305,10.205,25.99118926701469,17572633.1,10.283833333333332,10.297999999999998,True,True,10.87,151432044.78,177057267.354
2023-11-06,9.72,10.2,9.72,9.96,44269263.0,462166614.0,1130914711.0,0.03914465217350949,9.754000000000001,9.796000000000001,10.1035,10.1915,35.684647095607886,19321626.25,10.269833333333334,10.2755,True,True,10.87,440921859.48,194226425.328
2023-11-07,10.0,10.2,10.0,10.02,32860598.0,346258338.0,1130914711.0,0.029056654476572637,9.802,9.818,10.0875,10.184166666666666,42.0091321515398,20496866.15,10.252,10.244,True,True,10.87,329263191.96,205852636.326
2023-11-08,9.97,10.25,9.96,10.15,24296340.0,257200227.0,1130914711.0,0.02148379516481504,9.888,9.868,10.072,10.1815,49.52830155971877,21108138.15,10.237,10.215,True,True,10.87,246607851.0,211869948.176
2023-11-09,10.14,10.24,9.9,9.94,25198298.0,264155756.0,1130914711.0,0.02228134248755033,9.952,9.892,10.041,10.172333333333334,47.29729699902604,21760498.05,10.222666666666667,10.171,False,True,10.87,250471082.11999997,217977721.48200002
2023-11-10,9.91,9.92,9.71,9.87,18224338.0,187197365.0,1130914711.0,0.016114688245486977,9.988,9.862,9.991,10.163833333333335,50.480768890994824,21408630.15,10.205,10.1305,True,False,10.87,179874216.05999997,213241700.509
2023-11-13,9.88,9.98,9.74,9.82,23062611.0,235657781.0,1130914711.0,0.020392882660096548,9.959999999999999,9.857,9.943000000000001,10.155333333333333,50.480768890994824,21796295.7,10.1915,10.1035,True,True,10.78,226474840.02,216313729.81
2023-11-14,9.8,9.83,9.73,9.77,19218523.0,195950769.0,1130914711.0,0.016993786368740587,9.91,9.855999999999998,9.899,10.143666666666666,53.03030265534128,22082938.25,10.184166666666666,10.0875,True,True,10.65,187764969.70999998,218520857.95549998
2023-11-15,9.85,9.88,9.78,9.84,17364547.0,178025628.0,1130914711.0,0.015354426669934794,9.847999999999999,9.867999999999999,9.872499999999999,10.131666666666666,53.49999962550001,22328310.6,10.1815,10.072,True,True,10.37,170867142.48,220605208.7295
2023-11-16,9.82,9.85,9.7,9.7,19221697.0,195639574.0,1130914711.0,0.016996592946433076,9.8,9.876000000000001,9.849,10.118666666666666,35.928143411380844,22767209.55,10.172333333333334,10.041,True,True,10.17,186450460.89999998,224617101.17150003
2023-11-17,9.7,9.8,9.62,9.78,19545201.0,198026013.0,1130914711.0,0.01728264811651212,9.782,9.885000000000002,9.834999999999999,10.108333333333333,46.896551271343654,23340373.95,10.163833333333335,9.991,True,True,10.17,191152065.78,230109502.22149998
2023-11-20,9.79,9.99,9.77,9.98,29655653.0,307546844.0,1130914711.0,0.026222713977942055,9.814,9.886999999999999,9.8415,10.106166666666667,56.41025590401055,24197516.6,10.155333333333333,9.943000000000001,True,True,10.17,295963416.94,238745119.06849998
2023-11-21,9.99,10.03,9.9,9.92,20647358.0,214891459.0,1130914711.0,0.01825721939874916,9.844,9.876999999999999,9.8475,10.104166666666666,56.410255904010484,24554654.5,10.143666666666666,9.899,False,True,10.17,204821791.35999998,242368954.63649997
2023-11-22,9.91,9.95,9.82,9.84,11634556.0,119993592.0,1130914711.0,0.01028773954997213,9.844,9.846,9.857,10.1025,57.14285662337663,23972107.95,10.131666666666666,9.872499999999999,False,False,10.17,114484031.03999999,236857908.71099997
2023-11-23,9.82,9.98,9.81,9.97,16761423.0,173415911.0,1130914711.0,0.014821120317003287,9.898,9.849,9.8705,10.106333333333334,58.74999948593751,24102444.35,10.118666666666666,9.849,True,False,10.17,167111387.31,238348451.00149998
2023-11-24,9.96,10.08,9.89,10.0,20711570.0,216206315.0,1130914711.0,0.018313998216263366,9.942,9.862,9.862,10.108833333333333,51.4705877054498,23783157.3,10.108333333333333,9.834999999999999,False,True,10.17,207115700.0,234925253.35799998
2023-11-27,10.07,10.11,9.85,9.86,23103383.0,239055708.0,1130914711.0,0.020428934892509326,9.918,9.866,9.861500000000001,10.108166666666667,44.4444440123457,22744826.15,10.106166666666667,9.8415,False,False,10.15,227799356.38,224665373.216
2023-11-28,9.84,9.95,9.69,9.92,20665328.0,212196691.0,1130914711.0,0.018273109191166936,9.918000000000001,9.881,9.868500000000001,10.1075,41.60583899088925,22116656.25,10.104166666666666,9.8475,True,False,10.15,205000053.76,218666528.89000002
2023-11-29,9.89,9.95,9.74,9.75,17279757.0,177001287.0,1130914711.0,0.015279451962138283,9.9,9.872,9.870000000000001,10.100666666666665,42.85714240601508,21776658.3,10.1025,9.857,False,True,10.15,168477630.75,215387668.4515
2023-11-30,9.75,9.81,9.68,9.8,11479358.0,116740950.0,1130914711.0,0.010150507273753202,9.866,9.882,9.879000000000001,10.095333333333333,47.3282437690112,21541373.2,10.106333333333334,9.8705,True,False,10.15,112497708.4,213227540.01149997
2023-12-01,9.76,9.88,9.74,9.82,13489201.0,138159770.0,1130914711.0,0.011927690805323691,9.830000000000002,9.886,9.8855,10.090333333333332,49.99999945312501,21434450.15,10.108833333333333,9.862,True,True,10.15,132463953.82000001,212279135.4635
2023-12-04,9.83,9.83,9.64,9.68,19612309.0,198702060.0,1130914711.0,0.01734198769300473,9.794,9.856,9.871500000000001,10.082999999999998,46.71532798977039,20201602.45,10.108166666666667,9.861500000000001,True,True,10.15,189847151.12,199725400.04549998
2023-12-05,9.67,9.67,9.51,9.52,24309551.0,243000844.0,1130914711.0,0.021495476859174044,9.714,9.815999999999999,9.846499999999999,10.071833333333334,39.041095516044315,19774050.1,10.1075,9.868500000000001,True,True,10.15,231426925.51999998,194833586.72349998
2023-12-06,9.51,9.52,9.3,9.41,24028772.0,235955306.0,1130914711.0,0.02124720084218623,9.646,9.773,9.8095,10.058833333333332,39.86013946990079,19760671.7,10.100666666666665,9.870000000000001,True,True,10.15,226110744.52,193808731.39949998
2023-12-07,9.4,9.4,9.28,9.32,13414501.0,130625094.0,1130914711.0,0.011861638078912566,9.55,9.708,9.778500000000001,10.045666666666666,34.02777744695223,19171481.85,10.095333333333333,9.879000000000001,True,True,10.0,125023149.32000001,187536334.7595
2023-12-08,9.34,9.34,9.21,9.25,13376416.0,129393297.0,1130914711.0,0.011827961799322637,9.435999999999998,9.633,9.7475,10.033833333333332,22.137404343569756,18929085.75,10.090333333333332,9.8855,True,True,10.0,123731848.0,184729216.3565
2023-12-11,9.24,9.38,9.13,9.38,12152556.0,117449631.0,1130914711.0,0.01074577585895423,9.376000000000001,9.585,9.7255,10.024833333333332,30.434782299937055,18383583.0,10.082999999999998,9.871500000000001,True,True,10.0,113990975.28000002,179105023.11949998
2023-12-12,9.36,9.4,9.28,9.29,11826899.0,115046683.0,1130914711.0,0.01045781692020098,9.33,9.522,9.7015,10.01,30.215827033797453,18014001.8,10.071833333333334,9.846499999999999,True,True,10.0,109871891.71,175210369.2195
2023-12-13,9.3,9.48,9.27,9.35,15872649.0,155590971.0,1130914711.0,0.014035230814147575,9.318,9.482,9.677,9.995333333333333,26.515151233930254,17939406.9,10.058833333333332,9.8095,True,True,10.0,148409268.15,174087475.503
2023-12-14,9.35,9.42,9.26,9.27,8935213.0,87089889.0,1130914711.0,0.007900872553067356,9.307999999999998,9.429,9.6555,9.981166666666667,23.357663994885257,17425082.7,10.045666666666666,9.778500000000001,True,True,10.0,82829424.50999999,168906423.6835
2023-12-15,9.3,9.33,9.11,9.14,13275900.0,127501587.0,1130914711.0,0.01173908153362062,9.285999999999998,9.361,9.6235,9.964,23.529411522491458,17111617.65,10.033833333333332,9.7475,True,True,10.0,121341726.00000001,165415906.69450003
2023-12-18,9.12,9.17,8.98,9.0,10944821.0,103528644.0,1130914711.0,0.009677848288242844,9.209999999999999,9.293000000000001,9.574499999999999,9.9415,18.05555538001549,16176076.05,10.024833333333332,9.7255,True,True,10.0,98503389.0,155542905.2975
2023-12-19,9.0,9.02,8.87,8.93,8793418.0,81951613.0,1130914711.0,0.007775491745283345,9.138,9.233999999999998,9.525,9.917333333333334,19.402984871909183,15583379.05,10.01,9.7015,True,True,10.0,78525222.74,149228076.8665
2023-12-20,8.94,8.97,8.8,8.81,7026476.0,65120357.0,1130914711.0,0.006213090988786333,9.03,9.174,9.4735,9.889999999999999,14.893616873396752,15352975.05,9.995333333333333,9.677,True,True,10.0,61903253.56,146599037.9925
2023-12-21,8.77,8.86,8.67,8.83,9571854.0,87609457.0,1130914711.0,0.008463815977365953,8.941999999999998,9.125,9.416500000000001,9.863333333333333,14.893616873396752,14993496.6,9.981166666666667,9.6555,True,True,10.0,84519470.82000001,142469442.168
2023-12-22,8.82,8.82,8.66,8.69,10279500.0,93688030.0,1130914711.0,0.00908954486135427,8.852,9.068999999999999,9.351,9.837,14.893616873396752,14471893.1,9.964,9.6235,True,True,10.0,89328855.0,136580099.918
2023-12-25,8.74,8.88,8.72,8.83,11325685.0,104046809.0,1130914711.0,0.010014623463501838,8.818000000000001,9.014,9.299499999999998,9.812166666666666,25.179855861497913,13883008.2,9.9415,9.574499999999999,True,True,9.92,100005798.55,130190422.02649999
2023-12-26,8.85,8.85,8.69,8.73,6618391.0,60513166.0,1130914711.0,0.005852245917066332,8.778,8.958,9.24,9.784166666666666,25.36231858328088,13180661.35,9.917333333333334,9.525,True,True,9.92,57778553.43,122829347.01000002
2023-12-27,8.75,8.78,8.7,8.77,4730291.0,43151768.0,1130914711.0,0.004182712413226358,8.77,8.9,9.190999999999999,9.758666666666668,29.32330796201029,12553188.05,9.889999999999999,9.4735,True,True,9.82,41484652.07,116479698.07600002
2023-12-28,8.77,8.94,8.7,8.91,12192448.0,112520893.0,1130914711.0,0.010781049960185725,8.785999999999998,8.864,9.1465,9.732166666666668,37.85714247857145,12588842.55,9.863333333333333,9.416500000000001,True,True,9.82,108634711.68,116286548.24000001
2023-12-29,8.89,8.96,8.87,8.96,7706544.0,71914397.0,1130914711.0,0.006814434302641236,8.84,8.846,9.1035,9.706500000000002,34.09090872933888,12299709.7,9.837,9.351,True,True,9.82,69050634.24000001,113115882.26099999
2024-01-02,9.01,9.03,8.91,8.94,8402081.0,78537032.0,1130914711.0,0.007429455924727112,8.862,8.84,9.0665,9.6805,35.99999959680004,11739198.3,9.812166666666666,9.299499999999998,True,True,9.68,75114604.14,107379254.91200002
2024-01-03,8.93,9.42,8.92,9.33,35945283.0,348314467.0,1130914711.0,0.031784256275361154,8.982,8.88,9.057,9.663666666666668,49.367088170165054,12320984.9,9.784166666666666,9.24,True,True,9.52,335369490.39,112576383.15550001
2024-01-04,9.33,9.34,9.17,9.27,14010448.0,135387967.0,1130914711.0,0.01238859824151673,9.081999999999999,8.926,9.05,9.643833333333333,49.99999955128205,11820068.7,9.758666666666668,9.190999999999999,False,True,9.41,129876852.96,107764688.57750002
2024-01-05,9.24,9.29,9.07,9.12,9865035.0,94658947.0,1130914711.0,0.008723058338569971,9.124,8.955,9.04,9.619833333333334,49.367088170165,11642595.4,9.732166666666668,9.1465,False,False,9.38,89969119.19999999,106011987.07149999
2024-01-08,9.1,9.2,8.97,9.12,13485360.0,127962485.0,1130914711.0,0.01192429443956539,9.155999999999999,8.998000000000001,9.0335,9.590666666666667,54.16666614004627,11648042.6,9.706500000000002,9.1035,False,False,9.38,122986483.19999999,105974718.8315
2024-01-09,9.15,9.34,9.02,9.28,14172251.0,135693486.0,1130914711.0,0.012531670922795167,9.224,9.043000000000001,9.0285,9.565666666666665,61.43790793455506,11749027.35,9.6805,9.0665,False,False,9.38,131518489.27999999,106851094.5315
2024-01-10,9.24,9.31,9.15,9.21,8010722.0,77246892.0,1130914711.0,0.007083400650891347,9.2,9.091,9.0245,9.541666666666666,63.513512912710006,11558218.5,9.663666666666668,9.057,False,False,9.35,73778749.62,105046437.427
2024-01-11,9.21,9.26,9.16,9.19,6488784.0,62330487.0,1130914711.0,0.005737642226143082,9.184000000000001,9.133,9.0165,9.521999999999998,62.16216157414166,11089025.25,9.643833333333333,9.05,False,False,9.35,59631924.95999999,100607570.2675
2024-01-12,9.17,9.26,9.14,9.17,10642654.0,102315147.0,1130914711.0,0.009410660146589958,9.193999999999999,9.158999999999999,9.0115,9.505333333333335,67.64705812716261,11174397.3,9.619833333333334,9.04,False,False,9.33,97593137.17999999,101345755.901
2024-01-15,9.16,9.16,8.66,8.69,29312590.0,268147255.0,1130914711.0,0.02591936395811903,9.108,9.132,8.989,9.482499999999998,45.88235256332179,11976231.8,9.590666666666667,9.0335,False,False,9.33,254726407.1,108014989.956
2024-01-16,8.65,8.67,8.45,8.56,16629482.0,148188593.0,1130914711.0,0.014704452809969681,8.964,9.094,8.967,9.461000000000002,45.086704837448636,12260464.85,9.565666666666665,9.0285,True,False,9.33,142348365.92000002,110207238.802
2024-01-17,8.52,8.58,8.48,8.49,8486572.0,75712120.0,1130914711.0,0.0075041662447699825,8.819999999999999,9.01,8.945,9.439166666666665,42.0454542110021,12245122.55,9.541666666666666,9.0245,True,True,9.33,72050996.28,109883527.479
2024-01-18,8.46,8.52,8.31,8.52,9944510.0,87046319.0,1130914711.0,0.008793333310879533,8.686,8.934999999999999,8.9305,9.420333333333334,38.18181785785124,12391024.25,9.521999999999998,9.0165,True,True,9.33,84727225.2,111024726.06100002
2024-01-19,8.49,8.55,8.46,8.48,4563885.0,40499098.0,1130914711.0,0.004035569575325827,8.547999999999998,8.871,8.913,9.399999999999999,35.365853356632954,12140625.8,9.505333333333335,9.0115,True,True,9.33,38701744.800000004,108733839.75999999
2024-01-22,8.48,8.5,8.14,8.14,10090800.0,87823052.0,1130914711.0,0.008922688777367934,8.437999999999999,8.773,8.885499999999999,9.366166666666667,29.591836523323636,12131190.8,9.482499999999998,8.989,True,True,9.33,82139112.0,108374352.60999998
2024-01-23,8.1,8.25,8.04,8.2,7811216.0,66422655.0,1130914711.0,0.006906989469694855,8.366,8.665000000000001,8.854000000000001,9.338333333333333,15.337423181150882,11955467.35,9.461000000000002,8.967,True,True,9.33,64051971.199999996,106576661.24249999
2024-01-24,8.23,8.28,7.99,8.26,8063496.0,68680094.0,1130914711.0,0.007130065531528841,8.32,8.57,8.830499999999999,9.312999999999999,19.018404744627148,12027722.6,9.439166666666665,8.945,True,True,9.33,66604476.96,107017957.419
2024-01-25,8.24,8.5,8.23,8.5,10433442.0,91476490.0,1130914711.0,0.009225666532159912,8.315999999999999,8.501,8.817,9.292666666666666,31.976743925770677,12312880.15,9.420333333333334,8.9305,True,True,9.33,88684257.0,109377937.6655
2024-01-26,8.48,8.54,8.4,8.45,8424846.0,74560856.0,1130914711.0,0.007449585647842899,8.309999999999999,8.429,8.794,9.273166666666667,31.07344608190492,12124500.05,9.399999999999999,8.913,True,True,9.33,71189948.69999999,107505699.5165
2024-01-29,8.48,8.49,8.31,8.35,6635060.0,58085260.0,1130914711.0,0.005866985313271781,8.351999999999999,8.395,8.7635,9.250833333333334,22.807017357135493,12070925.85,9.366166666666667,8.885499999999999,True,True,9.33,55402751.0,106823305.3545
2024-01-30,8.26,8.34,8.19,8.21,4992968.0,43106387.0,1130914711.0,0.0044149819181192,8.354,8.360000000000001,8.727,9.221666666666666,21.910112187223802,11900470.2,9.338333333333333,8.854000000000001,True,True,9.33,40992267.28,105117188.5115
2024-01-31,7.38,7.47,7.38,7.38,17293877.0,133436461.0,1130914750.0,0.015291936903290013,8.178,8.248999999999999,8.6295,9.177666666666665,15.057914976520891,10967899.9,9.312999999999999,8.830499999999999,True,True,9.33,127628812.26,94730154.60499999
2024-02-01,7.13,7.28,6.93,7.08,23831633.0,177367912.0,1130914750.0,0.02107288193031349,7.894,8.105,8.52,9.1265,13.588850107928934,11458959.15,9.292666666666666,8.817,True,True,9.28,168727961.64000002,96672710.03899999
2024-02-02,7.1,7.21,6.62,6.84,19989077.0,144326407.0,1130914750.0,0.01767514041177728,7.572,7.941,8.406,9.074833333333334,14.828897259465919,11965161.25,9.273166666666667,8.794,True,True,9.28,136725286.68,99010518.413
2024-02-05,6.73,6.73,6.16,6.33,23241143.0,155882361.0,1130914750.0,0.020550747083279267,7.168000000000001,7.76,8.2665,9.015833333333331,12.956810570964976,12452950.4,9.250833333333334,8.7635,True,True,9.28,147116435.19,100217016.0125
2024-02-06,6.32,6.93,6.19,6.89,18271293.0,126599106.0,1130914750.0,0.016156207176535632,6.903999999999999,7.6290000000000004,8.147,8.967,27.142857034285683,12657902.5,9.221666666666666,8.727,True,True,9.28,125889208.77,99935551.987
2024-02-07,6.89,7.37,6.86,7.33,23550631.0,177987037.0,1130914750.0,0.020824408736379113,6.894,7.536,8.053,8.926333333333332,34.78260857111087,13434897.95,9.177666666666665,8.6295,True,True,9.21,172626125.23,104877920.7675
2024-02-08,7.29,7.65,7.28,7.49,19093223.0,150138523.0,1130914750.0,0.016882990517189736,6.975999999999999,7.435,7.967999999999999,8.887166666666667,37.7171214570621,14065119.9,9.1265,8.52,True,True,9.19,143008240.27,109046736.53300002
2024-02-19,7.49,7.58,7.33,7.45,16237141.0,125875538.0,1130914750.0,0.014357528717350269,7.098000000000001,7.334999999999999,7.882000000000001,8.849666666666668,40.750670088335276,14344844.25,9.074833333333334,8.406,True,True,9.17,120966700.45,110215414.69649999
2024-02-20,7.42,7.55,7.34,7.5,10329167.0,80595745.0,1130914750.0,0.00913346209340713,7.332000000000001,7.25,7.822500000000001,8.811666666666667,40.591397696699055,13395673.1,9.015833333333331,8.2665,True,True,8.69,77468752.5,101352531.96650001
2024-02-21,7.46,7.69,7.38,7.54,15057068.0,118757554.0,1130914750.0,0.013314061028914867,7.462000000000001,7.183,7.7715000000000005,8.770999999999999,40.27027011789628,13317052.4,8.967,8.147,True,True,8.56,113530292.72,99911628.3065
2024-02-22,7.52,7.58,7.48,7.54,10082700.0,79121211.0,1130914750.0,0.0089155261260851,7.5040000000000004,7.199,7.723999999999999,8.731333333333334,36.127167483878516,13396858.8,8.926333333333332,8.053,True,True,8.52,76023558.0,100110256.39250001
2024-02-23,7.55,7.58,7.44,7.58,11879994.0,93337566.0,1130914750.0,0.01050476527961104,7.522,7.2490000000000006,7.677,8.693666666666667,37.39130419609327,13493633.0,8.887166666666667,7.967999999999999,True,True,8.52,90050354.52,100376412.8585
2024-02-26,7.58,7.79,7.52,7.64,13327769.0,106207101.0,1131885350.0,0.011774840093124272,7.56,7.328999999999999,7.635,8.654833333333332,39.589442652711966,13931827.2,8.849666666666668,7.882000000000001,True,True,8.5,101824155.16,103532533.37650001
2024-02-27,7.6,7.79,7.59,7.79,11065383.0,88934716.0,1131885350.0,0.009776063450242553,7.618,7.475,7.6175000000000015,8.617999999999999,43.85964894326458,13980556.35,8.811666666666667,7.822500000000001,False,True,8.5,86199333.57000001,103735544.45500001
2024-02-28,7.79,8.05,7.57,7.57,21474109.0,176049548.0,1131885350.0,0.018971982453876622,7.6240000000000006,7.543000000000001,7.586,8.579833333333333,53.3807826521954,14663701.0,8.770999999999999,7.7715000000000005,False,False,8.5,162559005.13,108660896.15150002
2024-02-29,7.51,7.75,7.48,7.7,14336437.0,114396217.0,1131885350.0,0.012665979818539041,7.656000000000001,7.58,7.558,8.542833333333334,61.7424239150023,14977348.05,8.731333333333334,7.723999999999999,True,False,8.5,110390564.9,110850200.54849999
2024-03-01,7.64,7.72,7.59,7.66,11500347.0,91760885.0,1131885350.0,0.010160346187005601,7.672,7.597000000000001,7.516,8.508000000000001,66.80327830522711,15030693.3,8.693666666666667,7.677,False,True,8.5,88092658.02,110820620.59949999
2024-03-04,7.64,7.8,7.62,7.69,13118106.0,105261695.0,1131885350.0,0.011589606668201864,7.682,7.621,7.478,8.472833333333334,84.69387694606415,15265356.3,8.654833333333332,7.635,False,False,8.45,100878235.14,112305034.9215
2024-03-05,7.68,7.68,7.49,7.53,13294345.0,104881759.0,1131885350.0,0.011745310600583354,7.630000000000001,7.6240000000000006,7.436999999999999,8.434666666666667,70.51281988001317,15598320.55,8.617999999999999,7.6175000000000015,False,False,8.35,100106417.85000001,114540218.26399998
2024-03-06,7.53,7.57,7.41,7.48,8902201.0,69542160.0,1131885350.0,0.007864931726521595,7.612,7.618,7.400500000000001,8.398,56.410255735261906,15793782.2,8.579833333333333,7.586,False,False,8.21,66588463.480000004,115820028.074
2024-03-07,7.45,7.52,7.31,7.31,13190222.0,101951481.0,1131885350.0,0.01165331983491084,7.534000000000001,7.595000000000001,7.397,8.361166666666668,42.372880853203085,15588599.45,8.542833333333334,7.558,False,False,7.79,96420522.82,114259613.602
2024-03-08,7.28,7.38,7.25,7.34,7036750.0,53793071.0,1131885350.0,0.006216839894605934,7.470000000000001,7.571,7.410000000000001,8.326666666666666,45.299144757104244,14748855.3,8.508000000000001,7.516,True,False,7.79,51649745.0,108405702.77000001
2024-03-11,7.35,7.45,7.3,7.45,8443009.0,65157160.0,1131885350.0,0.007459243994985888,7.422,7.552,7.4405,8.295499999999999,47.96747912882545,14171551.9,8.472833333333334,7.478,True,True,7.79,62900417.050000004,104714459.2885
2024-03-12,7.47,7.64,7.47,7.6,12177314.0,96358868.0,1131885350.0,0.010758434147062686,7.436,7.5329999999999995,7.504,8.267999999999999,52.238805424370675,13618360.45,8.434666666666667,7.436999999999999,False,True,7.79,92547586.39999999,101986016.849
2024-03-13,7.61,7.63,7.5,7.6,8777880.0,69335950.0,1131885350.0,0.007755096397351551,7.459999999999999,7.536,7.539499999999999,8.238333333333333,52.238805424370675,13143689.8,8.398,7.400500000000001,False,False,7.79,66711888.0,99027150.8105
2024-03-14,7.74,7.85,7.48,7.54,15338543.0,122494314.0,1131885350.0,0.013551322136999123,7.506,7.5200000000000005,7.55,8.209166666666667,48.52941126513842,12733085.4,8.361166666666668,7.397,False,False,7.79,115652614.22,96178475.26
2024-03-15,7.5,7.63,7.49,7.63,10216301.0,80696867.0,1131885350.0,0.009025915036359468,7.564,7.516999999999999,7.557,8.1805,49.64028726981007,12289239.3,8.326666666666666,7.410000000000001,True,False,7.79,77950376.63,92925582.078
2024-03-18,7.64,7.7,7.58,7.7,10895742.0,86950859.0,1131885350.0,0.009626188730157166,7.614,7.517999999999999,7.5695,8.154333333333334,46.56488499854322,12022169.35,8.295499999999999,7.4405,False,True,7.79,83897213.4,91072107.7255
2024-03-19,7.66,7.73,7.63,7.63,7718542.0,61901092.0,1131885350.0,0.0068191906538944075,7.62,7.5280000000000005,7.575999999999999,8.129166666666666,52.586206261890595,11891638.1,8.267999999999999,7.504,False,False,7.79,58892475.46,90143293.8735
2024-03-20,7.66,7.87,7.6,7.84,18561601.0,150646899.0,1131885350.0,0.016398834917335046,7.667999999999999,7.564,7.590999999999999,8.109833333333333,55.645160662070744,12066864.75,8.238333333333333,7.539499999999999,False,False,7.79,145522951.84,91742926.82949999
2024-03-21,7.8,7.83,7.71,7.73,12438200.0,100838212.0,1131885350.0,0.010988922155410882,7.706,7.606,7.600500000000001,8.089833333333333,52.671755162286594,12184639.75,8.209166666666667,7.55,False,False,7.84,96147286.0,92749113.2295
2024-03-22,7.7,7.76,7.5,7.58,11218260.0,88974879.0,1131885350.0,0.009911127483008769,7.696000000000001,7.63,7.600499999999999,8.069333333333333,46.15384570199031,12151553.05,8.1805,7.557,False,False,7.84,85034410.8,92498316.04349999
2024-03-25,7.6,7.61,7.43,7.43,8400760.0,66008241.0,1191816856.0,0.007048700442276678,7.642,7.628,7.590000000000001,8.046,46.4788727811942,11905202.6,8.154333333333334,7.5695,True,False,7.84,62417646.8,90527990.62550001
2024-03-26,7.37,7.49,7.33,7.41,6656217.0,51453850.0,1191816856.0,0.0055849327574873635,7.597999999999999,7.609,7.571,8.024666666666667,47.482013910253094,11684744.3,8.129166666666666,7.575999999999999,True,True,7.84,49322567.97,88684152.34549999
2024-03-27,7.41,7.46,7.28,7.28,6798700.0,52419920.0,1191816856.0,0.005704483843950601,7.486,7.577,7.5565,7.998833333333334,48.88888838189303,10950973.85,8.109833333333333,7.590999999999999,True,True,7.84,49494536.0,83030928.889
2024-03-28,7.3,7.42,7.21,7.35,7604531.0,58379863.0,1191816856.0,0.006380620446603249,7.409999999999999,7.558,7.539,7.975833333333333,50.3597117229957,10614378.55,8.089833333333333,7.600500000000001,True,True,7.84,55893302.849999994,80306065.7865
2024-03-29,7.35,7.39,7.29,7.36,6023100.0,46098960.0,1191816856.0,0.005053712715739607,7.366,7.530999999999999,7.524000000000001,7.952333333333333,46.511627402199395,10340516.2,8.069333333333333,7.600499999999999,True,True,7.84,44330016.0,78117933.6855
2024-04-01,7.36,7.6,7.36,7.59,9118743.0,71562526.0,1191816856.0,0.007651127733336908,7.398000000000001,7.5200000000000005,7.519000000000001,7.9303333333333335,49.635035989131026,10140548.05,8.046,7.590000000000001,True,True,7.84,69211259.37,76534584.897
2024-04-02,7.6,7.65,7.53,7.59,8320524.0,65873668.0,1191816856.0,0.006981378018033334,7.434,7.516,7.522,7.9075,49.635035989131026,9891857.0,8.024666666666667,7.571,False,True,7.84,63152777.16,74686902.8625
2024-04-03,7.58,7.63,7.54,7.58,7006900.0,55461724.0,1191816856.0,0.0058791751137978535,7.494,7.49,7.526999999999999,7.884833333333334,51.515150968778705,9797091.95,7.998833333333334,7.5565,False,False,7.84,53112302.0,74013094.7885
2024-04-08,7.59,7.59,7.28,7.28,10326355.0,79975507.0,1191816856.0,0.00866438072931568,7.4799999999999995,7.445,7.525499999999999,7.850666666666667,38.56209115041224,9653898.6,7.975833333333333,7.539,False,False,7.84,75175864.4,72950861.86749999
2024-04-09,7.21,7.51,7.19,7.51,9736981.0,75053246.0,1191816856.0,0.008169863474392747,7.510000000000001,7.438000000000001,7.533999999999999,7.821333333333333,44.37869785721787,9788910.15,7.952333333333333,7.524000000000001,True,False,7.84,73124727.31,74024610.98300001
2024-04-10,7.51,7.52,7.36,7.37,7271645.0,56368758.0,1191816856.0,0.006101310753738828,7.465999999999999,7.4319999999999995,7.529999999999999,7.792166666666666,42.61363602466426,9730341.95,7.9303333333333335,7.519000000000001,True,True,7.84,53592023.65,73559191.313
2024-04-11,7.37,7.44,7.29,7.34,5992170.0,46153204.0,1191816856.0,0.005027760741789677,7.4159999999999995,7.425,7.517,7.7625,34.17721488703732,9421084.75,7.9075,7.522,True,True,7.84,43982527.8,71130938.383
2024-04-12,7.32,7.37,7.21,7.28,7730428.0,58799426.0,1191816856.0,0.006486254965335043,7.356,7.425,7.501,7.729166666666667,35.29411732410611,9368712.15,7.884833333333334,7.526999999999999,True,True,7.84,56277515.84,70609219.775
2024-04-15,7.23,7.34,7.08,7.16,10972384.0,82498312.0,1191816856.0,0.009206434650392292,7.331999999999999,7.406000000000001,7.481999999999999,7.695000000000001,35.999999663999986,9150404.2,7.850666666666667,7.525499999999999,True,True,7.84,78562269.44,68754702.536
2024-04-16,7.16,7.25,6.96,6.98,10950742.0,80805951.0,1191816856.0,0.009188275820123154,7.226000000000001,7.368,7.449499999999999,7.658166666666667,35.294117324106125,9187126.25,7.821333333333333,7.533999999999999,True,True,7.84,76436179.16000001,68678992.6625
2024-04-17,7.0,7.22,7.0,7.21,9629597.0,71851230.0,1191816856.0,0.008079762382551836,7.194,7.33,7.425,7.625500000000001,44.252873207160775,9123819.0,7.792166666666666,7.529999999999999,True,True,7.84,69429394.37,67955601.711
2024-04-18,7.19,7.25,7.09,7.12,8027866.0,60125788.0,1191816856.0,0.0067358218333505426,7.15,7.2829999999999995,7.399500000000001,7.599333333333334,45.29411727404843,9139285.2,7.7625,7.517,True,True,7.84,57158405.92,67868898.234
2024-04-19,7.08,7.19,7.07,7.09,6249137.0,46411122.0,1191816856.0,0.005243370211236549,7.112,7.234,7.362,7.574833333333333,42.168674343155764,8523662.0,7.729166666666667,7.501,True,True,7.84,44306381.33,62808069.708500005
2024-04-22,7.07,7.2,7.04,7.13,6517600.0,48615566.0,1191816856.0,0.005468625458004094,7.106,7.218999999999999,7.331999999999999,7.5521666666666665,43.19526591435872,8227632.0,7.695000000000001,7.481999999999999,True,True,7.73,46470488.0,60324229.80850001
2024-04-23,7.13,7.18,7.04,7.12,5983600.0,44441126.0,1191816856.0,0.005020570039663879,7.134,7.18,7.309,7.528833333333334,34.01360511823776,7965899.0,7.658166666666667,7.449499999999999,True,True,7.59,42603232.0,58202670.86850001
2024-04-24,7.13,7.13,7.02,7.08,6512748.0,47986328.0,1191816856.0,0.005464554362704869,7.108,7.151000000000001,7.291499999999999,7.5055,33.112582474452864,7871498.4,7.625500000000001,7.425,True,True,7.59,46110255.84,57387301.3205
2024-04-25,7.05,7.29,7.05,7.22,9270063.0,69733333.0,1191816856.0,0.007778093549635112,7.128,7.139,7.281999999999999,7.490166666666667,39.024389910767376,8002190.7,7.599333333333334,7.399500000000001,True,True,7.59,66929854.86,58267665.66500001
2024-04-26,7.2,7.32,7.18,7.32,8808271.0,66791537.0,1191816856.0,0.007390624621271508,7.174000000000001,7.143000000000001,7.284000000000001,7.4755,51.3888883892747,8102669.25,7.574833333333333,7.362,True,True,7.59,64476543.72,59016766.051
2024-04-29,7.28,7.57,7.28,7.57,13256400.0,103443746.0,1191816856.0,0.011122849902032264,7.2620000000000005,7.184,7.295,7.4639999999999995,52.054794021392404,8385262.7,7.5521666666666665,7.331999999999999,False,True,7.59,100350948.0,61239648.30850001
2024-04-30,7.56,7.9,7.52,7.81,24101357.0,196377353.0,1191816856.0,0.02022236627940426,7.4,7.267,7.3175,7.4525,64.10256352728469,9289175.55,7.528833333333334,7.309,False,False,7.59,188231598.17,68434727.417
2024-05-06,7.85,8.1,7.85,7.98,23650151.0,197512322.0,1191816856.0,0.019843779588228947,7.58,7.344000000000001,7.336999999999999,7.4446666666666665,68.82352884498273,10015745.95,7.5055,7.291499999999999,False,False,7.81,188728204.98000002,74410574.6975
2024-05-07,8.01,8.13,7.95,8.1,16525393.0,138956740.0,1191816856.0,0.01386571511957203,7.756,7.442,7.3625,7.4405,73.29545396242253,10425989.4,7.490166666666667,7.281999999999999,False,False,7.98,133855683.3,77945720.0045
2024-05-08,8.12,8.24,8.05,8.18,18681202.0,159134142.0,1191816856.0,0.015674557635221093,7.928,7.550999999999999,7.3925,7.4399999999999995,79.65116214237426,11009704.5,7.4755,7.284000000000001,False,False,8.1,152812232.35999998,82930716.52250001
2024-05-09,8.18,8.4,8.1,8.33,17139093.0,148253099.0,1191816856.0,0.014380643228627067,8.08,7.671000000000001,7.445,7.455833333333333,89.94082765729492,11350341.4,7.4639999999999995,7.295,False,False,8.18,142768644.69,86310355.53700002
2024-05-10,8.34,8.36,8.18,8.2,14228900.0,122583843.0,1191816856.0,0.01193883097756758,8.158,7.778999999999999,7.4795,7.474500000000001,81.13207475732762,11574937.35,7.4525,7.3175,False,False,8.33,116676979.99999999,88487968.1715
2024-05-13,8.23,8.27,8.06,8.11,13989100.0,119349591.0,1191816856.0,0.011737625566859746,8.184000000000001,7.882,7.516500000000001,7.495666666666667,81.13207475732762,11910810.1,7.4446666666666665,7.336999999999999,False,False,8.33,113451600.99999999,91480947.039
2024-05-14,8.1,8.24,8.08,8.19,11476038.0,97769500.0,1191816856.0,0.009629028102955442,8.202,7.978999999999999,7.559,7.526666666666666,83.53658465273645,12185003.5,7.4405,7.3625,False,False,8.33,93988751.22,93981258.21
2024-05-15,8.19,8.22,8.02,8.04,8138400.0,68699793.0,1191816856.0,0.006828565948726605,8.174,8.051,7.5969999999999995,7.545833333333333,75.99999939199998,12205402.1,7.4399999999999995,7.3925,False,False,8.33,65432735.99999999,94439019.218
2024-05-16,8.04,8.09,7.92,7.96,8778937.0,73322162.0,1191816856.0,0.007366011779246055,8.1,8.09,7.6370000000000005,7.556333333333333,73.0769225147929,12095729.75,7.455833333333333,7.445,False,False,8.33,69880338.52,94004922.67199999
2024-05-17,7.96,8.03,7.88,7.99,7466458.0,61909533.0,1191816856.0,0.006264769593089225,8.058,8.108,7.6875,7.564666666666667,75.13812096578249,11921515.55,7.474500000000001,7.4795,False,False,8.33,59656999.42,93165963.685
2024-05-20,7.91,7.98,7.76,7.91,11795450.0,97115812.0,1191816856.0,0.009897032367530133,8.017999999999999,8.100999999999999,7.722500000000001,7.572333333333334,69.71428515657144,12029808.2,7.495666666666667,7.516500000000001,False,False,8.33,93302009.5,94359594.4415
2024-05-21,7.9,7.9,7.76,7.79,10227700.0,83357911.0,1191816856.0,0.00858160374935996,7.938,8.07,7.756,7.577166666666667,63.27683565769733,12139799.9,7.526666666666666,7.559,False,False,8.33,79673783.0,95485363.2955
2024-05-22,7.83,7.92,7.76,7.78,11537600.0,94208158.0,1191816856.0,0.009680682012438328,7.886,8.030000000000001,7.7905,7.581166666666666,56.86274457772652,12404223.05,7.545833333333333,7.5969999999999995,False,False,8.33,89762528.0,97758170.629
2024-05-23,7.8,7.81,7.54,7.57,12611286.0,100658844.0,1191816856.0,0.010581563716363481,7.808,7.953999999999999,7.8125,7.581666666666666,41.999999608000024,12708907.35,7.556333333333333,7.6370000000000005,True,False,8.33,95467435.02000001,100208017.97999999
2024-05-24,7.61,7.71,7.55,7.56,8315334.0,66182924.0,1191816856.0,0.006977023322113511,7.7219999999999995,7.890000000000001,7.8345,7.581333333333333,34.32835785030072,12825494.05,7.564666666666667,7.6875,True,True,8.33,62863925.04,101221052.632
2024-05-27,7.57,7.62,7.47,7.6,7900271.0,62182162.0,1191816856.0,0.006628762599075038,7.659999999999999,7.839,7.8605,7.5806666666666676,30.15872982363318,12894870.2,7.572333333333334,7.722500000000001,True,True,8.33,60042059.599999994,101917642.82000001
2024-05-28,7.63,7.64,7.44,7.47,8374000.0,65689949.0,1191816856.0,0.007026247328054236,7.596000000000001,7.766999999999999,7.873,7.575333333333333,22.900763114037687,12850067.05,7.577166666666667,7.756,True,True,8.33,62553780.0,101698839.07699999
2024-05-29,7.47,7.51,7.39,7.41,6435302.0,50076328.0,1191816856.0,0.005399572902164089,7.522,7.704000000000001,7.8774999999999995,7.572666666666667,12.295081826122043,12731418.6,7.581166666666666,7.7905,True,True,8.33,47685587.82,100859291.282
2024-05-30,7.4,7.5,7.36,7.42,7476800.0,57817389.0,1191816856.0,0.006273447100835433,7.492,7.65,7.87,7.568,14.545454360330595,12442438.6,7.581666666666666,7.8125,True,True,8.33,55477856.0,98615636.682
2024-05-31,7.41,7.47,7.37,7.4,5728900.0,44357755.0,1191816856.0,0.004806862708107226,7.459999999999999,7.590999999999999,7.849500000000001,7.563666666666666,15.533980371382825,11523815.75,7.581333333333333,7.8345,True,True,8.33,42393860.0,91323749.7735
2024-06-03,7.38,7.38,7.22,7.26,9762100.0,74298360.0,1191816856.0,0.008190939699211638,7.392,7.526000000000001,7.8135,7.5565,7.33944944701625,10829413.2,7.5806666666666676,7.8605,True,True,8.33,70872846.0,85430981.8245
2024-06-04,7.26,7.35,7.21,7.32,7796504.0,59331225.0,1191816856.0,0.006541696369496556,7.362,7.478999999999999,7.774500000000001,7.553,13.999999804000055,10392968.75,7.575333333333333,7.873,True,True,8.33,57070409.28,81591718.1235
2024-06-05,7.3,7.38,7.24,7.27,6879694.0,52518190.0,1191816856.0,0.005772442271952562,7.3340000000000005,7.427999999999999,7.729000000000001,7.549499999999999,14.432989482410491,9802893.35,7.572666666666667,7.8774999999999995,True,True,8.33,50015375.379999995,76451875.27449998
2024-06-06,7.27,7.31,7.11,7.17,12352022.0,92662965.0,1191816856.0,0.010364026937373674,7.284000000000001,7.388,7.670999999999999,7.547166666666667,10.576922934541429,9563539.8,7.568,7.87,True,True,8.33,88563997.74,73741642.92699999
2024-06-07,7.2,7.3,7.14,7.22,7585100.0,57180292.0,1191816856.0,0.006364316767139263,7.248,7.353999999999999,7.622,7.545166666666668,15.84158393882953,9231349.8,7.563666666666666,7.849500000000001,True,True,8.2,54764422.0,70646015.027
2024-06-11,7.26,7.29,7.12,7.26,7853909.0,59172913.0,1191816856.0,0.00658986232696813,7.247999999999999,7.32,7.579499999999999,7.542000000000001,21.50537602034919,8924590.25,7.5565,7.8135,True,True,8.19,57019379.339999996,67824403.944
2024-06-12,7.23,7.31,7.19,7.27,6952058.0,52639733.0,1191816856.0,0.005833159654523295,7.2379999999999995,7.3,7.533499999999999,7.5365,22.58064482136662,8698391.25,7.553,7.774500000000001,True,True,8.19,50541461.66,65652039.466
2024-06-13,7.28,7.3,7.18,7.19,7095300.0,53490021.0,1191816856.0,0.005953347583800241,7.2219999999999995,7.277999999999999,7.491,7.5296666666666665,26.249999540625012,8646236.25,7.549499999999999,7.729000000000001,True,True,8.04,51015207.0,64931163.015999995
2024-06-14,7.18,7.26,7.12,7.23,7020000.0,52755037.0,1191816856.0,0.005890166735483727,7.234,7.259,7.4545,7.524500000000001,30.120481419654553,8558289.4,7.547166666666667,7.670999999999999,True,True,7.99,50754600.0,63974876.089999996
2024-06-17,7.16,7.26,7.16,7.18,4912427.0,36940704.0,1191816856.0,0.0041217968811812136,7.226000000000001,7.237,7.414,7.517,24.99999958333335,8430587.85,7.545166666666668,7.622,True,True,7.99,35271225.86,62755587.412
2024-06-18,7.19,7.25,7.14,7.18,6179224.0,46374385.0,1191816856.0,0.005184709352692693,7.209999999999999,7.228999999999999,7.3774999999999995,7.508333333333334,29.577464205514786,8149776.55,7.542000000000001,7.579499999999999,True,True,7.91,44366828.32,60308828.353
2024-06-19,7.18,7.2,7.06,7.07,8299405.0,61578231.0,1191816856.0,0.006963658013576542,7.17,7.204000000000001,7.341499999999999,7.499,27.631578438365665,8053361.8,7.5365,7.533499999999999,True,True,7.79,58676793.35,59258978.870500006
2024-06-20,7.05,7.13,6.91,6.91,7455293.0,54481853.0,1191816856.0,0.006255401543003517,7.114,7.168000000000001,7.297999999999999,7.4835,21.978021639898586,7849246.45,7.5296666666666665,7.491,True,True,7.78,51516074.63,57346656.202
2024-06-21,6.94,7.05,6.87,6.89,5672200.0,41153260.0,1191816856.0,0.004759288284474473,7.045999999999999,7.140000000000001,7.264,7.469499999999999,21.978021639898557,7502292.15,7.524500000000001,7.4545,True,True,7.6,39081458.0,54527357.350999996
2024-06-24,6.85,6.88,6.65,6.67,9159400.0,64428670.0,1191816856.0,0.007685241196152373,6.944,7.085000000000001,7.219499999999999,7.4543333333333335,20.20201991633509,7544495.45,7.517,7.414,True,True,7.6,61093198.0,54438820.999
2024-06-25,6.72,6.77,6.66,6.69,6347400.0,44534815.0,1191816856.0,0.005325818281596783,6.845999999999999,7.0280000000000005,7.1739999999999995,7.441999999999999,16.842105014958463,7466851.9,7.508333333333334,7.3774999999999995,True,True,7.6,42464106.0,53559923.319
2024-06-26,6.69,6.92,6.68,6.91,8654800.0,61360323.0,1191816856.0,0.007261853997473585,6.814,6.992,7.146000000000001,7.433666666666667,33.9285710044643,7480891.9,7.499,7.341499999999999,True,True,7.47,59804668.0,53422467.719
2024-06-27,6.91,6.92,6.73,6.74,6223800.0,44117046.0,1191816856.0,0.005222111072407924,6.779999999999999,6.947,7.1125,7.424666666666667,31.932772733564022,7470316.8,7.4835,7.297999999999999,True,True,7.42,41948412.0,53135608.927999996
2024-06-28,6.71,6.84,6.7,6.72,6186200.0,43794068.0,1191816856.0,0.005190562601004194,6.7459999999999996,6.896000000000001,7.077499999999999,7.414166666666666,28.448275518727712,7405786.8,7.469499999999999,7.264,True,True,7.42,41571264.0,52440279.327999994
2024-07-01,6.7,6.83,6.66,6.8,6111000.0,43082023.0,1191816856.0,0.005127465658196732,6.772,6.858,7.047499999999999,7.404833333333333,30.83333297361112,7424891.8,7.4543333333333335,7.219499999999999,True,True,7.4,41554800.0,52398326.327999994
2024-07-02,6.77,6.91,6.77,6.87,6504850.0,46531944.0,1191816856.0,0.005457927505599904,6.808,6.827000000000001,7.0280000000000005,7.392833333333333,34.12698374779545,7262029.3,7.441999999999999,7.1739999999999995,True,True,7.32,44688319.5,51089100.003
2024-07-03,6.88,6.95,6.83,6.85,6882300.0,49564458.0,1191816856.0,0.00577462884951847,6.795999999999999,6.805,7.0045,7.3805,35.83333291527778,7216319.1,7.433666666666667,7.146000000000001,True,True,7.32,47143755.0,50592767.289
2024-07-04,6.85,6.85,6.6,6.61,9086237.0,63363371.0,1191816856.0,0.007623853408564311,6.7700000000000005,6.775,6.971499999999999,7.364333333333334,27.857142578571455,7326646.25,7.424666666666667,7.1125,True,True,7.27,60060026.57,51094999.8485
2024-07-05,6.64,6.86,6.58,6.84,9812880.0,69045208.0,1191816856.0,0.008233546916708485,6.794,6.7700000000000005,6.955,7.357,39.24050598141325,7199689.15,7.414166666666666,7.077499999999999,True,True,7.27,67120099.2,50022804.9215
2024-07-08,6.86,6.86,6.62,6.66,7601980.0,53224502.0,1191816856.0,0.00637848001706732,6.766,6.769,6.927,7.342833333333333,35.227272447055796,7200533.15,7.404833333333333,7.047499999999999,True,True,7.27,50629186.800000004,49816043.1615
2024-07-09,6.66,6.7,6.47,6.67,9096300.0,62658305.0,1191816856.0,0.007632296819940261,6.726000000000001,6.767,6.897499999999999,7.331166666666666,37.95180690884017,7262652.7,7.392833333333333,7.0280000000000005,True,True,7.27,60672321.0,49998690.2445
2024-07-10,6.66,6.76,6.57,6.65,5799500.0,40394827.0,1191816856.0,0.004866099997498274,6.686,6.741,6.8665,7.319666666666666,41.44736803930057,7205024.8,7.3805,7.0045,True,True,7.27,38566675.0,49399950.9115
2024-07-11,6.75,6.9,6.71,6.89,8790659.0,62631456.0,1191816856.0,0.007375847183017187,6.742,6.756,6.8515,7.313166666666667,49.999999597701155,7289792.75,7.364333333333334,6.971499999999999,True,True,7.23,60567640.51,49877572.587
2024-07-12,6.9,6.96,6.86,6.9,6069060.0,43755929.0,1191816856.0,0.0050922756877001246,6.754,6.774000000000001,6.834999999999999,7.308833333333333,57.51633934298776,7242245.75,7.357,6.955,False,True,7.23,41876514.0,49433668.287
2024-07-15,6.88,6.9,6.77,6.82,5381500.0,38284216.0,1191816856.0,0.004515374969658929,6.786,6.775999999999999,6.817,7.306166666666667,54.08804983821843,7265699.4,7.342833333333333,6.927,False,False,7.18,36701830.0,49505198.494
2024-07-16,6.73,6.82,6.73,6.78,4393300.0,31082063.0,1191816856.0,0.0036862207292023734,6.808,6.767,6.797,7.299,45.39007047130427,7176403.2,7.331166666666666,6.897499999999999,False,False,7.18,29786574.0,48776185.778000005
2024-07-17,6.8,6.94,6.77,6.91,8415000.0,60331607.0,1191816856.0,0.007060648586765751,6.859999999999999,6.773000000000001,6.789,7.2955,56.20437898769248,7182182.95,7.319666666666666,6.8665,True,False,7.07,58147650.0,48749728.6105
2024-07-18,6.86,7.06,6.82,7.06,11425297.0,83059376.0,1191816856.0,0.009586453608607126,6.894,6.8180000000000005,6.7965,7.295,61.333332760888894,7380683.15,7.313166666666667,6.8515,False,True,6.91,80662596.82,50207054.72
2024-07-19,7.03,7.09,6.99,7.03,8353560.0,61317583.0,1191816856.0,0.00700909704200391,6.92,6.837000000000001,6.8035,7.293333333333334,57.93103392342453,7514751.15,7.308833333333333,6.834999999999999,False,False,7.06,58725526.800000004,51189258.160000004
2024-07-22,7.02,7.11,6.96,7.06,5934471.0,43671341.0,1191816856.0,0.004979348102121489,6.968000000000001,6.877,6.823,7.292333333333334,56.73758808913033,7353504.7,7.306166666666667,6.817,False,False,7.06,41897365.26,50229466.523
2024-07-23,7.05,7.09,6.87,6.87,6092240.0,44293245.0,1191816856.0,0.005111724984698488,6.986,6.897,6.832000000000001,7.288833333333333,50.632910943759036,7340746.7,7.299,6.797,False,False,7.06,41853688.8,50198945.663
2024-07-24,6.87,6.91,6.79,6.82,5600606.0,39982290.0,1191816856.0,0.004699216974323444,6.967999999999999,6.914,6.827499999999999,7.282166666666667,57.55395625485227,7188037.0,7.2955,6.789,False,False,7.06,38196132.92,49118518.909
2024-07-25,6.79,6.91,6.77,6.9,6073667.0,43500788.0,1191816856.0,0.0050961412145021714,6.936,6.915000000000001,6.835500000000001,7.275166666666666,52.41935424687829,7180530.35,7.295,6.7965,True,False,7.06,41908302.300000004,49116513.424
2024-07-26,6.9,7.0,6.89,6.95,4795430.0,34778486.0,1198188946.0,0.0040022318817152566,6.92,6.92,6.8469999999999995,7.264833333333333,63.06306226767313,7110991.85,7.293333333333334,6.8035,False,True,7.06,33328238.5,48704362.149000004
2024-07-29,6.92,6.96,6.84,6.85,4862600.0,34882400.0,1198188946.0,0.0040582914875263755,6.878,6.923,6.849500000000001,7.248833333333334,57.499999329166684,7048571.85,7.292333333333334,6.823,False,False,7.06,33308810.0,48292062.649000004
2024-07-30,6.8,6.9,6.8,6.84,3726779.0,26657398.0,1198188946.0,0.0031103433331123387,6.872,6.928999999999999,6.847999999999999,7.229833333333333,57.98319259515572,6909668.3,7.288833333333333,6.832000000000001,False,False,7.06,25491168.36,47332205.092
2024-07-31,6.83,7.11,6.82,7.1,11046081.0,80944758.0,1198188946.0,0.009218980893519276,6.928,6.948,6.8605,7.213166666666667,58.67768527149787,7117857.35,7.282166666666667,6.827499999999999,True,False,7.06,78427175.1,48896376.097
2024-08-01,7.1,7.2,7.09,7.14,9286397.0,69384597.0,1198188946.0,0.007750361102062779,6.976000000000001,6.956,6.8870000000000005,7.195833333333334,59.67741868106139,7127865.35,7.275166666666666,6.835500000000001,False,True,7.1,66304874.58,49208618.497499995
2024-08-02,7.13,7.49,7.11,7.43,22586962.0,173544264.0,1198188946.0,0.018850918359248493,7.072,6.9959999999999996,6.916500000000001,7.180833333333334,71.03448207277053,7766569.45,7.264833333333333,6.8469999999999995,False,False,7.14,167821127.66,54243669.9205
2024-08-05,7.4,7.61,7.33,7.34,17865806.0,139292475.0,1198188946.0,0.014910675031381904,7.17,7.023999999999999,6.950500000000001,7.166499999999999,68.6666660257778,8279760.75,7.248833333333334,6.849500000000001,False,False,7.43,131135016.03999999,58268961.38249999
2024-08-06,7.34,7.58,7.34,7.58,12797947.0,100019309.0,1198188946.0,0.010681075837599991,7.318,7.095000000000001,6.9959999999999996,7.1576666666666675,70.80745280043212,8464843.1,7.229833333333333,6.847999999999999,False,False,7.43,97008438.26,60085767.24549999
2024-08-07,7.55,7.56,7.37,7.46,9043600.0,70454102.0,1198188946.0,0.007547724447125721,7.389999999999999,7.159000000000001,7.036499999999999,7.1455,62.658227292901806,8627048.1,7.213166666666667,6.8605,False,False,7.58,67465256.0,61530696.295499995
2024-08-08,7.45,7.64,7.43,7.56,11031800.0,87092319.0,1198188946.0,0.009207062072161697,7.473999999999999,7.225,7.07,7.1375,66.06060550009182,8739105.15,7.195833333333334,6.8870000000000005,False,False,7.58,83400408.0,62672334.669999994
2024-08-09,7.55,7.6,7.43,7.44,9813100.0,76846244.0,1198188946.0,0.008189943691902495,7.476000000000001,7.273999999999999,7.0969999999999995,7.128833333333334,60.919539739727874,8926307.15,7.180833333333334,6.916500000000001,False,False,7.58,73009464.0,64228982.169999994
2024-08-12,7.55,7.64,7.5,7.56,14566886.0,115171210.0,1198188946.0,0.012157419786444934,7.5200000000000005,7.345000000000001,7.134,7.121666666666667,70.65868204238231,9385576.45,7.166499999999999,6.950500000000001,False,False,7.58,110125658.16,67900173.578
2024-08-13,7.47,7.53,7.36,7.43,9809800.0,76136650.0,1198188946.0,0.008187189535297216,7.489999999999999,7.403999999999999,7.166500000000001,7.113666666666666,67.42857088914286,9656401.45,7.1576666666666675,6.9959999999999996,False,False,7.58,72886814.0,70055185.578
2024-08-14,7.43,7.47,7.31,7.35,6770000.0,52131449.0,1198188946.0,0.005650194005378514,7.467999999999999,7.429,7.1885,7.106333333333334,62.85714235428571,9574151.45,7.1455,7.036499999999999,False,False,7.58,49759500.0,69635778.078
2024-08-15,7.36,7.44,7.28,7.34,8598900.0,66177635.0,1198188946.0,0.007176580979741404,7.4239999999999995,7.449000000000001,7.202500000000001,7.099,61.40350826921105,9432831.6,7.1375,7.07,False,False,7.58,63115926.0,68758444.537
2024-08-16,7.36,7.41,7.26,7.36,7152369.0,54903918.0,1198188946.0,0.005969316462046546,7.4079999999999995,7.442,7.218999999999999,7.0955,65.64417121532617,9372772.05,7.128833333333334,7.0969999999999995,False,False,7.58,52641435.84,68454239.989
2024-08-19,7.36,7.44,7.31,7.33,6492800.0,49879308.0,1198188946.0,0.0054188448505349505,7.362,7.441,7.2325,7.091666666666667,64.8484842982553,9400688.5,7.121666666666667,7.134,False,False,7.58,47592224.0,68738982.926
2024-08-20,7.37,7.39,7.15,7.19,9217100.0,69707082.0,1198188946.0,0.00769252631713062,7.314,7.401999999999999,7.2485,7.084833333333333,52.9411759861592,9556931.5,7.113666666666666,7.166500000000001,False,False,7.58,66270949.0,69959845.93599999
2024-08-21,7.16,7.18,7.05,7.08,6256906.0,46361781.0,1198188946.0,0.005221969390460392,7.260000000000001,7.364,7.261500000000001,7.078333333333333,48.12499957890627,9589746.5,7.106333333333334,7.1885,True,False,7.58,44298894.48,70264984.014
2024-08-22,7.05,7.13,7.01,7.02,5011827.0,36945563.0,1198188946.0,0.004182835283810071,7.196000000000001,7.31,7.2675,7.071833333333333,35.03649599232777,9536654.5,7.099,7.202500000000001,True,True,7.58,35183025.54,69928720.176
2024-08-23,6.99,7.07,6.96,7.01,5480800.0,40074872.0,1198188946.0,0.004574236824915592,7.126,7.267,7.2705,7.065,37.209301921759504,9570923.0,7.0955,7.218999999999999,True,True,7.58,38420408.0,70183328.651
2024-08-26,6.99,7.07,6.91,7.04,5184601.0,37981822.0,1198188946.0,0.004327031239361809,7.0680000000000005,7.215000000000001,7.279999999999999,7.058999999999999,24.99999967592592,9587023.05,7.091666666666667,7.2325,True,True,7.58,36499591.04,70342867.70300001
2024-08-27,7.01,7.16,7.01,7.1,5874500.0,43551938.0,1198188946.0,0.004902816053854665,7.05,7.182,7.292999999999999,7.056333333333333,32.35294073241057,9694409.1,7.084833333333333,7.2485,True,True,7.58,41708950.0,71153756.785
2024-08-28,7.07,7.19,7.04,7.13,4802701.0,35730635.0,1198188946.0,0.004008300206768891,7.06,7.159999999999999,7.294499999999999,7.053166666666667,27.36842064930748,9382240.1,7.078333333333333,7.261500000000001,True,True,7.58,34243258.13,68944560.9365
2024-08-29,7.12,7.21,7.06,7.18,6238750.0,46639581.0,1198188946.0,0.005206816521573885,7.0920000000000005,7.144,7.2965,7.051666666666667,35.2272721668388,9229857.75,7.071833333333333,7.2675,True,True,7.58,44794225.0,67869028.4575
2024-08-30,7.19,7.28,7.14,7.16,11288880.0,85133317.0,1198188946.0,0.009421619217642157,7.122,7.124,7.2829999999999995,7.0515,24.358973921762043,8664953.65,7.065,7.2705,True,True,7.58,80828380.8,63519391.1145
2024-09-02,7.13,7.17,7.02,7.02,6600386.0,48734560.0,1198188946.0,0.00550863536342456,7.117999999999999,7.092999999999999,7.267,7.048166666666666,24.05063248517868,8101682.65,7.058999999999999,7.279999999999999,True,True,7.58,46334709.72,59279375.7985
2024-09-03,6.97,7.14,6.97,7.05,5184100.0,38245777.0,1198188946.0,0.004326613108313553,7.108,7.078999999999999,7.2405,7.044666666666667,29.729729167275437,7720990.3,7.056333333333333,7.292999999999999,True,True,7.58,36547905.0,56256349.1355
2024-09-04,7.02,7.13,6.96,6.96,5368000.0,39496869.0,1198188946.0,0.00448009474458964,7.074,7.067,7.2155000000000005,7.0395,26.8292678346223,7537210.3,7.053166666666667,7.294499999999999,True,True,7.56,37361280.0,54751150.3355
2024-09-05,6.98,7.08,6.98,7.05,4535200.0,33330148.0,1198188946.0,0.003785045768566121,7.047999999999999,7.0699999999999985,7.19,7.037166666666667,32.5842691503598,7212380.3,7.051666666666667,7.2965,True,True,7.56,31973160.0,52179787.9355
2024-09-06,7.06,7.1,6.91,6.91,5777000.0,41946481.0,1198188946.0,0.0048214432450622855,6.997999999999999,7.06,7.163500000000001,7.031833333333333,28.999999594000002,7010575.3,7.0515,7.2829999999999995,True,True,7.56,39919070.0,50525268.2355
2024-09-09,6.92,7.03,6.87,6.91,5550599.0,40193336.0,1198188946.0,0.004632490575488918,6.975999999999999,7.047,7.131,7.027333333333333,33.72092968361275,6559760.95,7.048166666666666,7.267,True,True,7.56,38354639.09,46936717.282
2024-09-10,6.94,6.97,6.77,6.87,6762800.0,48348070.0,1198188946.0,0.005644184936421538,6.94,7.023999999999999,7.103,7.022166666666666,36.70886010895691,6407410.95,7.044666666666667,7.2405,True,True,7.43,46460436.0,45615398.382
2024-09-11,6.89,6.9,6.79,6.82,5939200.0,42353033.0,1198188946.0,0.004956814215176377,6.912000000000001,6.993,7.0765,7.018,37.179486512163095,6365870.95,7.0395,7.2155000000000005,True,True,7.36,40505344.0,45152690.582
2024-09-12,6.82,6.91,6.81,6.82,4369073.0,31291627.0,1198188946.0,0.003646397352091746,6.866,6.957000000000001,7.0504999999999995,7.0165,37.662336977567925,6154379.6,7.037166666666667,7.19,True,True,7.36,29797077.86,43486748.175
2024-09-13,6.84,6.84,6.76,6.77,4822400.0,34172206.0,1198188946.0,0.004024740852516594,6.837999999999999,6.917999999999999,7.021000000000001,7.0145,32.9113918218234,6037881.15,7.031833333333333,7.163500000000001,True,True,7.36,32647647.999999996,42487058.783
2024-09-18,6.75,6.78,6.66,6.69,4983400.0,34836364.0,1198188946.0,0.0041591103111378565,6.794,6.885000000000001,6.989,7.014833333333333,24.69135759792718,5962411.15,7.027333333333333,7.131,True,True,7.33,33338946.000000004,41774394.883
2024-09-19,6.73,6.9,6.68,6.84,5601200.0,39795670.0,1198188946.0,0.004674721811362796,6.787999999999999,6.864,6.971500000000001,7.017333333333334,34.40860163255867,5781616.15,7.022166666666666,7.103,True,True,7.19,38312208.0,40376457.833
2024-09-20,6.8,6.84,6.71,6.74,4913600.0,34690053.0,1198188946.0,0.00410085572597162,6.772,6.8420000000000005,6.954499999999999,7.0145,27.55102001457726,5714450.85,7.018,7.0765,True,True,7.18,33117664.0,39817396.309
2024-09-23,6.77,6.82,6.72,6.73,4230861.0,29855474.0,1198188946.0,0.0035310465967193123,6.754,6.81,6.94,7.014333333333332,27.835051144648745,5675402.55,7.0165,7.0504999999999995,True,True,7.18,28473694.53,39481929.758499995
2024-09-24,6.78,6.98,6.77,6.98,11287769.0,81163465.0,1198188946.0,0.009420691984918378,6.796000000000001,6.817,6.9385,7.018666666666666,48.14814752400552,5965751.0,7.0145,7.021000000000001,True,True,7.18,78788627.62,41500340.7395
2024-09-25,7.03,7.18,7.03,7.03,11016000.0,81783192.0,1198188946.0,0.009193875504172779,6.864,6.829000000000001,6.938,7.0225,49.09090846611573,6257320.95,7.014833333333333,6.989,False,True,7.18,77442480.0,43547485.1875
2024-09-26,7.03,7.32,7.0,7.31,11450547.0,85623688.0,1198188946.0,0.009556545349734848,6.958,6.873,6.9485,7.0298333333333325,63.56589078300585,6536123.3,7.017333333333334,6.971500000000001,False,False,7.18,83703498.57,45647212.616000004
2024-09-27,7.44,7.63,7.41,7.6,10592238.0,83131324.0,1198188946.0,0.008840206743152512,7.13,6.9510000000000005,6.9719999999999995,7.042333333333334,68.45637519571193,6825600.15,7.0145,6.954499999999999,False,False,7.31,80501008.8,47960100.1495
2024-09-30,7.9,8.36,7.78,8.26,37530910.0,317938301.0,1198188946.0,0.03132303141778442,7.436,7.095000000000001,7.025999999999999,7.069833333333333,83.58208897007503,8390208.15,7.014333333333332,6.94,False,False,7.6,310005316.59999996,61220654.72950001
2024-10-08,9.07,9.07,8.41,8.76,42355214.0,386453778.0,1198188946.0,0.03534936133520297,7.792,7.294000000000001,7.106,7.1018333333333326,86.85258915699754,9943524.85,7.018666666666666,6.9385,False,False,8.26,371031674.64,75730819.4215
2024-10-09,8.62,8.63,8.06,8.1,30688901.0,267334621.0,1198188946.0,0.025612739211499952,8.006,7.435,7.159999999999999,7.1258333333333335,69.64856198879238,11147950.6,7.0225,6.938,False,False,8.76,248580098.1,85843088.8405
2024-10-10,8.11,8.36,8.0,8.04,19943262.0,170357821.0,1198188946.0,0.01664450508125452,8.151999999999997,7.5550000000000015,7.2095,7.148666666666667,69.42675128281066,11885908.7,7.0298333333333325,6.9485,False,False,8.76,160343826.48,92032884.9145
2024-10-11,8.04,8.12,7.75,7.81,17261677.0,142285245.0,1198188946.0,0.014406473250839021,8.193999999999999,7.661999999999999,7.252,7.168000000000001,64.68842703096796,12480592.55,7.042333333333334,6.9719999999999995,False,False,8.76,134813697.37,96905505.783
2024-10-14,7.85,7.97,7.77,7.92,14430580.0,118408256.0,1198188946.0,0.012043659765160277,8.126,7.780999999999999,7.295500000000001,7.185166666666666,66.76384812399597,12975361.55,7.069833333333333,7.025999999999999,False,False,8.76,114290193.6,101021357.463
2024-10-15,7.91,8.0,7.75,7.75,13585500.0,111765970.0,1198188946.0,0.011338361988193471,7.9239999999999995,7.858,7.3375,7.199333333333333,65.05681792306947,13365786.55,7.1018333333333326,7.106,False,False,8.76,105287625.0,104289785.213
2024-10-16,7.68,7.85,7.65,7.74,10607500.0,85697855.0,1198188946.0,0.008852944300155478,7.851999999999999,7.929,7.379,7.214666666666667,63.31360920520991,13618631.6,7.1258333333333335,7.159999999999999,False,False,8.76,82102050.0,106477155.7585
2024-10-17,7.75,7.81,7.66,7.66,10359500.0,83611273.0,1198188946.0,0.008645965258304094,7.776000000000001,7.964,7.418499999999999,7.229333333333333,63.69047592509921,13798466.6,7.148666666666667,7.2095,False,False,8.76,79353770.0,108121822.4585
2024-10-18,7.66,7.98,7.61,7.84,17925505.0,145958103.0,1198188946.0,0.01496049939355725,7.782000000000001,7.988000000000001,7.469499999999999,7.244833333333333,65.7223793427441,14397781.85,7.168000000000001,7.252,False,False,8.76,140535959.2,113123353.21849999
2024-10-21,7.9,7.91,7.74,7.8,19577626.0,159766228.0,1198188946.0,0.016339347867761082,7.758,7.942,7.5185,7.2571666666666665,62.3493973274423,15158209.5,7.185166666666666,7.295500000000001,False,False,8.76,152705482.79999998,119268773.46549997
2024-10-22,7.77,7.93,7.76,7.88,15487913.0,126977349.0,1198188946.0,0.012926102391199994,7.784000000000001,7.853999999999999,7.574,7.271333333333333,62.686566902205385,15691485.15,7.199333333333333,7.3375,False,False,8.76,122044754.44,123738628.78749998
2024-10-23,7.88,8.01,7.86,7.97,18682400.0,154837179.0,1198188946.0,0.015592198594694764,7.83,7.840999999999999,7.638,7.2865,60.44303770689793,16376435.15,7.214666666666667,7.379,False,False,8.76,148898728.0,129516617.88749997
2024-10-24,7.93,8.08,7.92,7.98,15316864.0,128077552.0,1198188946.0,0.012783346108419198,7.894,7.835000000000001,7.6949999999999985,7.305000000000001,56.59722194709685,16862218.35,7.229333333333333,7.418499999999999,False,False,8.76,122228574.72000001,133712436.22349998
2024-10-25,7.95,8.16,7.94,8.14,17057015.0,143715994.0,1198188946.0,0.014235663796551166,7.954000000000001,7.868,7.765000000000001,7.326999999999999,47.478991317350484,17469389.1,7.244833333333333,7.469499999999999,False,False,8.76,138844102.10000002,138998758.12849998
2024-10-28,8.2,8.31,8.11,8.28,15121601.0,130000835.0,1198188946.0,0.012620380992898928,8.05,7.904000000000001,7.842499999999999,7.35,38.11881161699832,18013926.1,7.2571666666666665,7.5185,False,False,8.76,125206856.27999999,143835416.21600002
2024-10-29,8.28,8.33,7.99,8.04,17716609.0,149993962.0,1198188946.0,0.014786156272885528,8.081999999999999,7.933,7.8955,7.368166666666667,48.12499957890624,18335368.1,7.271333333333333,7.574,False,False,8.76,142441536.35999998,147018061.653
2024-10-30,8.01,8.14,7.98,8.09,13385406.0,112625798.0,1198188946.0,0.011171364954321653,8.106,7.967999999999999,7.9485,7.388833333333333,51.572326589929226,18453838.4,7.2865,7.638,False,False,8.76,108287934.53999999,148560334.38
2024-10-31,8.15,8.23,8.04,8.09,16599679.0,140557995.0,1198188946.0,0.013853974413147356,8.128,8.011,7.9875,7.409666666666666,60.29411702638409,18711295.0,7.305000000000001,7.6949999999999985,False,False,8.76,134291403.10999998,151089729.607
2024-11-01,8.1,8.16,7.94,7.98,15211170.0,127701845.0,1198188946.0,0.012695134645316616,8.096,8.025,8.006499999999999,7.424333333333333,52.205881815527704,18942241.6,7.326999999999999,7.765000000000001,False,False,8.76,121385136.60000001,153133935.99699998
2024-11-04,7.98,8.07,7.98,8.04,11498300.0,96182239.0,1198188946.0,0.009596399664999079,8.047999999999998,8.049,7.995500000000002,7.439333333333334,61.59999931007999,17640611.1,7.35,7.842499999999999,True,False,8.76,92446331.99999999,142255986.767
2024-11-05,8.04,8.19,7.98,8.18,18881301.0,159915100.0,1198188946.0,0.015758199959224128,8.075999999999999,8.078999999999999,7.966499999999999,7.451833333333334,65.94202831653014,16466915.45,7.368166666666667,7.8955,False,True,8.76,154449042.18,131426855.14400001
2024-11-06,8.16,8.25,8.1,8.16,19526424.0,166711462.0,1198188946.0,0.01629661504154788,8.09,8.098,7.969499999999999,7.4655000000000005,68.93939320821858,15908791.6,7.388833333333333,7.9485,False,False,8.28,159335619.84,126964631.23099999
2024-11-07,8.1,8.42,8.09,8.38,22751702.0,197305253.0,1198188946.0,0.01898840919535574,8.148,8.138,7.986500000000001,7.478833333333332,69.85294045739624,16049213.6,7.409666666666666,7.9875,False,False,8.28,190659262.76000002,128480403.045
2024-11-08,8.45,8.52,8.27,8.3,24165710.0,211194375.0,1198188946.0,0.02016853024781619,8.212,8.154,8.011,7.4928333333333335,67.85714217857148,16394415.25,7.424333333333333,8.006499999999999,False,False,8.38,200575393.00000003,131768487.82650001
2024-11-11,8.22,8.4,8.2,8.38,22086406.0,191709472.0,1198188946.0,0.018433157870244615,8.28,8.164,8.033999999999999,7.5065,67.85714217857148,16777206.55,7.439333333333334,7.995500000000002,False,False,8.38,185084082.28000003,135308182.2605
2024-11-12,8.39,8.65,8.39,8.46,30680456.0,272820045.0,1198188946.0,0.025605691074369167,8.336,8.206,8.0695,7.5235,67.62589859945143,17631954.35,7.451833333333334,7.966499999999999,False,False,8.38,259556657.76000002,143021633.8985
2024-11-13,8.39,8.49,8.23,8.32,19058861.0,165606395.0,1198188946.0,0.01590639027644643,8.368,8.229000000000001,8.0985,7.536166666666667,61.18420996277701,18054522.4,7.4655000000000005,7.969499999999999,False,False,8.46,158569723.52,146845017.5745
2024-11-14,8.32,8.35,8.09,8.13,14407623.0,123339252.0,1198188946.0,0.012024500015709542,8.318000000000001,8.233,8.122000000000002,7.547833333333333,49.67741890613945,18256928.55,7.478833333333332,7.986500000000001,False,False,8.46,117133974.99000001,148734027.824
2024-11-15,8.09,8.22,8.06,8.09,12622809.0,107278632.0,1198188946.0,0.010534906904407379,8.276,8.244,8.1345,7.5601666666666665,43.448275442568395,17991793.75,7.4928333333333335,8.011,False,False,8.46,102118524.81,146813156.1045
2024-11-18,8.1,8.22,8.05,8.09,12993502.0,110378126.0,1198188946.0,0.010844284654250183,8.218,8.249,8.149,7.572666666666667,52.06611510006151,17662587.55,7.5065,8.033999999999999,True,False,8.46,105117431.17999999,144433753.5235
2024-11-19,8.11,8.18,8.01,8.12,10628530.0,89970228.0,1198188946.0,0.00887049578906731,8.15,8.242999999999999,8.161,7.585333333333334,51.2605035986159,17419618.4,7.5235,8.0695,True,True,8.46,86303663.6,142646698.9815
2024-11-20,8.12,8.28,8.1,8.26,15344299.0,131676131.0,1198188946.0,0.012806243164924007,8.138,8.253,8.1755,7.600833333333333,56.39097685001979,17252713.35,7.536166666666667,8.0985,True,True,8.46,126743909.74,141538958.0685
2024-11-21,8.26,8.31,8.17,8.31,13676667.0,117926226.0,1198188946.0,0.011414449320082443,8.174,8.246,8.192,7.6195,62.99212528985058,17170703.5,7.547833333333333,8.122000000000002,False,True,8.46,113653102.77000001,141110184.47100002
2024-11-22,8.3,8.3,7.95,8.0,17408805.0,147191754.0,1198188946.0,0.014529265236603176,8.156,8.216000000000001,8.184999999999999,7.634833333333334,48.684210077908624,17188293.0,7.5601666666666665,8.1345,False,False,8.46,139270440.0,141131501.366
2024-11-25,8.0,8.04,7.94,8.04,9572721.0,79973542.0,1198188946.0,0.007989325082623488,8.145999999999999,8.181999999999999,8.173,7.651833333333332,45.07042209085498,16910849.0,7.572666666666667,8.149,True,False,8.46,76964676.83999999,138719392.394
2024-11-26,8.04,8.14,8.0,8.01,8931358.0,75296871.0,1198188946.0,0.007454048069643934,8.123999999999999,8.137,8.1715,7.668499999999999,44.75524431708152,16471586.45,7.585333333333334,8.161,True,True,8.46,71540177.58,135174324.455
2024-11-27,8.0,8.09,7.88,8.08,10673200.0,88924736.0,1198188946.0,0.008907777054387882,8.088,8.113,8.171000000000001,7.685833333333334,38.28124958129881,16335976.15,7.600833333333333,8.1755,True,True,8.46,86239456.0,134071900.52800003
2024-11-28,8.07,8.12,8.04,8.07,8900351.0,75142863.0,1198188946.0,0.007428169847262136,8.040000000000001,8.107,8.17,7.702,40.495867300047806,15951009.75,7.6195,8.192,True,True,8.46,71825832.57000001,130948622.001
2024-11-29,8.07,8.18,8.01,8.1,13566061.0,114878537.0,1198188946.0,0.011322138336602549,8.059999999999999,8.108,8.176,7.718166666666666,37.93103402497023,15868754.3,7.634833333333334,8.184999999999999,True,True,8.46,109885094.1,130373619.87600002
2024-12-02,8.09,8.31,8.08,8.29,14858100.0,127678417.0,1198188946.0,0.012400464926338922,8.11,8.127999999999998,8.188500000000001,7.736666666666666,43.307086136772206,16036744.3,7.651833333333332,8.173,True,True,8.46,123173648.99999999,131909985.72600003
2024-12-03,8.29,8.33,8.2,8.29,10362850.0,89385278.0,1198188946.0,0.00864876114455491,8.166,8.145,8.193999999999999,7.7555000000000005,48.67256576865842,15610821.75,7.668499999999999,8.1715,False,True,8.46,85908026.49999999,128482934.942
2024-12-04,8.27,8.28,8.11,8.16,10259137.0,87796507.0,1198188946.0,0.008562203010008406,8.182,8.135,8.194,7.7745,51.40186848633066,15147457.4,7.685833333333334,8.171000000000001,False,False,8.46,83714557.92,124701881.846
2024-12-05,8.15,8.16,8.1,8.16,7320448.0,62165358.0,1198188946.0,0.00610959400388259,8.2,8.12,8.183,7.793,53.398057526628364,14375894.7,7.702,8.17,True,False,8.46,59734855.68,118155661.49200001
2024-12-06,8.16,8.27,8.09,8.25,12911287.0,110730277.0,1198188946.0,0.010775668598097716,8.23,8.145,8.1805,7.8145,57.14285642857146,13813173.55,7.718166666666666,8.176,True,True,8.46,106518117.75,113452797.72950001
2024-12-09,8.33,8.4,8.24,8.28,13042180.0,113278011.0,1198188946.0,0.010884910967956801,8.228,8.169,8.175500000000001,7.834999999999999,57.14285642857146,13360962.25,7.736666666666666,8.188500000000001,False,True,8.46,107989250.39999999,109598056.1355
2024-12-10,8.42,8.46,8.21,8.22,16412702.0,142898646.0,1198188946.0,0.013697924734485074,8.214,8.19,8.1635,7.856833333333333,48.07692242973377,12647574.55,7.7555000000000005,8.193999999999999,False,False,8.46,134912410.44,103365843.7695
2024-12-11,8.23,8.36,8.23,8.31,9880101.0,85718473.0,1198188946.0,0.008245862251511707,8.244,8.213,8.163,7.880166666666667,49.999999351851855,12188636.55,7.7745,8.194,False,False,8.32,82103639.31,99542539.55899999
2024-12-12,8.29,8.4,8.24,8.39,13634602.0,118913412.0,1198188946.0,0.011379342169294223,8.290000000000001,8.245000000000001,8.175999999999998,7.9055,72.94117526920436,12149985.5,7.793,8.183,False,False,8.31,114394310.78,99405556.3485
2024-12-13,8.37,8.38,8.22,8.22,13980413.0,120723573.0,1198188946.0,0.011667953578333213,8.284,8.257,8.182500000000001,7.928833333333333,59.183672623906844,12217865.7,7.8145,8.1805,False,False,8.39,114918994.86000001,100045579.851
2024-12-16,8.21,8.31,8.19,8.22,9560763.0,82204965.0,1198188946.0,0.007979345020597444,8.272,8.25,8.189,7.952166666666667,61.052630679224485,12046228.75,7.834999999999999,8.175500000000001,False,False,8.39,78589471.86,98719181.885
2024-12-17,8.19,8.24,8.07,8.1,13530825.0,114848716.0,1198188946.0,0.011292730620801437,8.248000000000001,8.231,8.187999999999999,7.974333333333334,50.99999928599999,12191343.5,7.856833333333333,8.1635,False,False,8.39,109599682.5,99883982.83
2024-12-18,8.08,8.17,8.07,8.07,9266131.0,78571030.0,1198188946.0,0.007733447242134714,8.2,8.222,8.178500000000001,7.997333333333334,49.999999313725496,11887435.1,7.880166666666667,8.163,True,False,8.39,74777677.17,97285671.2015
2024-12-19,8.04,8.1,7.95,8.08,10086600.0,84522108.0,1198188946.0,0.008418204852976502,8.138,8.214000000000002,8.167,8.017999999999999,48.99999931400003,11707931.75,7.9055,8.175999999999998,True,True,8.39,81499728.0,95678002.463
2024-12-20,8.09,8.11,8.02,8.11,8663600.0,73006059.0,1198188946.0,0.007230579141063116,8.116,8.2,8.172500000000001,8.040833333333333,39.28571363095235,11270671.5,7.928833333333333,8.182500000000001,True,True,8.39,70261796.0,92227570.263
2024-12-23,8.12,8.16,7.96,7.96,11968347.0,100600350.0,1198188946.0,0.009988697558890683,8.064,8.168000000000001,8.168499999999998,8.061333333333334,33.33333286195284,11390452.8,7.952166666666667,8.189,True,True,8.39,95268042.12,93142738.527
2024-12-24,7.97,8.05,7.96,8.02,8405430.0,70248234.0,1198188946.0,0.0070151122893100035,8.048,8.148,8.169,8.078666666666667,42.39130370274097,11364156.4,7.974333333333334,8.187999999999999,True,True,8.39,67411548.6,92936307.07800001
2024-12-25,8.04,8.07,7.93,7.99,8027236.0,66830519.0,1198188946.0,0.0066994742580441064,8.032,8.116000000000001,8.1645,8.094666666666665,41.05263097396119,11231858.2,7.997333333333334,8.178500000000001,True,True,8.39,64137615.64,91831215.05999999
2024-12-26,7.95,8.03,7.91,7.93,7893486.0,65598921.0,1198188946.0,0.006587847456239177,8.001999999999999,8.07,8.1575,8.105,32.60869515595455,11181514.95,8.017999999999999,8.167,True,True,8.39,62595343.98,91369690.63049999
2024-12-27,7.94,8.07,7.89,8.04,10836268.0,90687234.0,1198188946.0,0.009043872451148452,7.9879999999999995,8.052000000000001,8.1545,8.112333333333334,37.999999467999956,11045025.3,8.040833333333333,8.172500000000001,True,True,8.39,87123594.71999998,90231615.6615
2024-12-30,8.09,8.1,8.0,8.05,9165900.0,76923021.0,1198188946.0,0.007649795160103238,8.006,8.035,8.1425,8.108833333333333,41.05263097396122,10760415.3,8.061333333333334,8.168499999999998,True,True,8.39,73785495.0,87762207.9615
2024-12-31,8.05,8.18,7.95,7.95,13059080.0,109802717.0,1198188946.0,0.01089901558814748,7.992,8.02,8.1255,8.095333333333334,31.24999954427082,10895226.8,8.078666666666667,8.169,True,True,8.39,103819686.0,88657790.9365
2025-01-02,7.96,8.02,7.71,7.77,12386317.0,101820531.0,1198188946.0,0.010337532357772227,7.948,7.99,8.105999999999998,8.089833333333333,20.75471670701313,11001585.8,8.094666666666665,8.1645,True,True,8.39,96241683.08999999,89284147.195
2025-01-03,7.78,8.0,7.72,7.77,12347104.0,101322373.0,1198188946.0,0.010304805465965298,7.9159999999999995,7.958999999999999,8.0865,8.085333333333333,24.719100734755685,11252918.6,8.105,8.1575,True,True,8.39,95936998.08,91094254.31500001
2025-01-06,8.01,8.14,7.88,8.06,22994956.0,192879620.0,1198188946.0,0.019191427259252984,7.92,7.953999999999999,8.077,8.0895,43.22033847026717,11757102.05,8.112333333333334,8.1545,True,True,8.39,185339345.36,95035315.6955
2025-01-07,8.04,8.04,7.63,7.7,22763818.0,184122234.0,1198188946.0,0.018998521123061673,7.85,7.928,8.047999999999998,8.085833333333333,35.915492603650094,12243183.95,8.108833333333333,8.1425,True,True,8.39,175281398.6,98399923.1055
2025-01-08,7.64,7.75,7.44,7.57,15734920.0,124743883.0,1198188946.0,0.013132252682291061,7.773999999999999,7.883,8.0155,8.082833333333333,33.552631269909995,12209294.85,8.095333333333334,8.1255,True,True,8.39,119113344.4,97609969.8035
2025-01-09,7.52,7.61,7.42,7.5,10020709.0,78868324.0,1198188946.0,0.008363212691498157,7.720000000000001,7.833999999999999,7.975,8.078833333333334,31.645569339849402,12216325.25,8.089833333333333,8.105999999999998,True,True,8.39,75155317.5,97262553.713
2025-01-10,7.55,7.55,7.34,7.34,13677100.0,106156645.0,1198188946.0,0.011414810698812772,7.634,7.775,7.922500000000001,8.0735,27.48537989193261,12218450.15,8.085333333333333,8.0865,True,True,8.39,100389914.0,96562333.874
2025-01-13,7.32,7.39,7.25,7.39,8557010.0,65554417.0,1198188946.0,0.007141619882712555,7.5,7.709999999999999,7.881,8.066,32.2981363651094,11947280.0,8.0895,8.077,True,True,8.22,63236303.9,93978199.326
2025-01-14,7.39,7.58,7.38,7.58,11208800.0,87622533.0,1198188946.0,0.009354785017354017,7.476000000000001,7.662999999999999,7.849000000000001,8.062333333333333,37.3563215385124,12029681.85,8.085833333333333,8.047999999999998,True,True,8.22,84962704.0,94296860.933
2025-01-15,7.55,7.66,7.47,7.63,12004258.0,95098420.0,1198188946.0,0.01001866862490651,7.4879999999999995,7.6309999999999985,7.825500000000001,8.058166666666667,39.77272695635333,11953353.5,8.082833333333333,8.0155,True,True,8.11,91592488.53999999,93396501.235
2025-01-16,7.64,7.82,7.63,7.73,11289800.0,91158998.0,1198188946.0,0.009422387043119993,7.534000000000001,7.627,7.8084999999999996,8.054166666666667,44.44444409876547,12054536.95,8.078833333333334,7.975,True,True,8.11,87270154.0,94021125.0765
2025-01-17,7.69,7.85,7.66,7.84,10042979.0,81546569.0,1198188946.0,0.008381799075619248,7.634,7.634,7.7965,8.051833333333333,44.44444409876547,12052355.9,8.0735,7.922500000000001,True,True,8.11,78736955.36,93882986.4445
2025-01-20,7.87,7.99,7.82,7.85,10592470.0,87323146.0,1198188946.0,0.008840400368707792,7.726000000000001,7.6129999999999995,7.783499999999999,8.047,44.444444098765416,12148799.4,8.066,7.881,False,True,8.11,83150889.5,94527441.1195
2025-01-21,7.93,8.04,7.83,7.92,9451700.0,78062729.0,1198188946.0,0.007888321813978744,7.794,7.635,7.781500000000001,8.041,49.15254198410418,12022967.05,8.062333333333333,7.849000000000001,False,False,8.06,74857464.0,93506912.2135
2025-01-22,7.95,7.96,7.86,7.94,6582400.0,54392502.0,1198188946.0,0.00549362437533287,7.856,7.672,7.777500000000001,8.039333333333333,55.27950262489876,11931815.55,8.058166666666667,7.825500000000001,False,False,8.06,52264256.0,92749547.5835
2025-01-23,7.99,8.3,7.99,8.09,25046090.0,213634231.0,1198188946.0,0.02090328915453039,7.928,7.731,7.782500000000001,8.039333333333333,59.09090862086777,12782758.25,8.054166666666667,7.8084999999999996,False,False,8.06,202622868.1,99673810.20650001
2025-01-24,8.11,8.17,7.99,8.16,15641840.0,132354082.0,1198188946.0,0.013054568774163937,7.992,7.813,7.794,8.0405,53.24675276269185,13170175.95,8.051833333333333,7.7965,False,False,8.09,127637414.4,102925913.72749999
2025-01-27,8.16,8.34,8.12,8.21,13433700.0,115830828.0,1198188946.0,0.011211670784350567,8.064,7.8950000000000005,7.802499999999999,8.044333333333334,70.73170651199683,13300047.55,8.047,7.783499999999999,False,False,8.16,110290677.00000001,104084267.8415
2025-02-05,8.33,8.57,8.28,8.43,27859600.0,245636352.0,1198188946.0,0.02325142465468881,8.166,7.9799999999999995,7.8215,8.050833333333333,82.57575669995407,14234732.55,8.041,7.781500000000001,False,False,8.21,234856428.0,112137814.49149999
2025-02-06,8.41,8.41,8.26,8.38,19772978.0,172001352.0,1198188946.0,0.016502387262050406,8.254,8.055000000000001,7.842999999999999,8.054166666666667,83.84615294319534,14570427.45,8.039333333333333,7.777500000000001,False,False,8.43,165697555.64000002,115231707.97349998
2025-02-07,8.43,8.46,8.33,8.41,19244560.0,168567658.0,1198188946.0,0.016061373345368852,8.318000000000001,8.123000000000001,7.875,8.058333333333334,95.72649458105057,14913339.6,8.039333333333333,7.782500000000001,False,False,8.43,161846749.6,118511961.299
2025-02-10,8.47,8.59,8.44,8.49,18809953.0,167413175.0,1198188946.0,0.015698653424232142,8.384,8.187999999999999,7.911,8.060166666666667,95.83333221527788,15236482.05,8.0405,7.794,False,False,8.43,159696500.97,121699936.4435
2025-02-11,8.48,8.49,8.4,8.44,11058398.0,97404873.0,1198188946.0,0.009229260574400258,8.43,8.247,7.93,8.0625,90.56603653969388,14639654.15,8.044333333333334,7.802499999999999,False,False,8.49,93332879.11999999,117099613.1315
2025-02-12,8.43,8.45,8.33,8.37,10907100.0,95522425.0,1198188946.0,0.009102988336198522,8.418,8.292,7.963500000000001,8.062333333333333,84.25925816700962,14046818.25,8.050833333333333,7.8215,False,False,8.49,91292426.99999999,112900164.5515
2025-02-13,8.36,8.44,8.34,8.43,11332078.0,99419799.0,1198188946.0,0.009457671962198188,8.427999999999999,8.341000000000001,8.006499999999999,8.061833333333333,83.6538450277367,13826676.15,8.054166666666667,7.842999999999999,False,False,8.49,95529417.53999999,111720968.2085
2025-02-14,8.38,8.53,8.38,8.48,10324913.0,91396383.0,1198188946.0,0.008617099193302022,8.442,8.379999999999999,8.055499999999999,8.0645,82.65306004373181,13841886.35,8.058333333333334,7.875,False,False,8.49,87555262.24000001,112340965.44549999
2025-02-17,8.55,8.58,8.35,8.4,15455475.0,136631254.0,1198188946.0,0.012899029866362996,8.424,8.404,8.1085,8.068999999999999,76.19047517460321,13930805.1,8.060166666666667,7.911,False,False,8.49,129825990.0,113812769.2455
2025-02-18,8.39,8.42,8.28,8.33,11554340.0,100842840.0,1198188946.0,0.009643170251714206,8.402,8.416,8.1555,8.073,69.5238085968254,14080671.6,8.0625,7.93,False,False,8.49,96247652.2,115463336.6605
2025-02-19,8.3,8.33,8.18,8.19,14391800.0,123698784.0,1198188946.0,0.012011294252083677,8.366,8.392,8.186,8.074666666666666,60.68375995763017,14239821.6,8.062333333333333,7.963500000000001,False,False,8.49,117868842.0,117108643.5605
2025-02-20,8.17,8.3,8.17,8.24,13530392.0,116255161.0,1198188946.0,0.011292369242071108,8.328,8.378,8.2165,8.076666666666666,57.009345048475865,14316128.3,8.061833333333333,8.006499999999999,False,False,8.49,111490430.08,118103540.6375
2025-02-21,8.24,8.35,8.18,8.3,10824891.0,93391274.0,1198188946.0,0.009034377287603519,8.292,8.367,8.245000000000001,8.077333333333334,56.60377283730867,14292882.85,8.0645,8.055499999999999,False,False,8.49,89846595.30000001,118232362.70250002
2025-02-24,8.29,8.46,8.24,8.35,11984350.0,104661942.0,1198188946.0,0.010002053549240471,8.282,8.353,8.2705,8.078,56.603772837308604,14389951.4,8.068999999999999,8.1085,False,False,8.49,100069322.5,119298981.05949998
2025-02-25,8.33,8.41,8.24,8.27,9853400.0,85543681.0,1198188946.0,0.008223577786203345,8.27,8.336000000000002,8.291500000000001,8.0825,41.304347197542555,14352997.9,8.073,8.1555,False,False,8.49,81487618.0,119215817.48449998
2025-02-26,8.28,8.34,8.25,8.34,10567994.0,91521767.0,1198188946.0,0.008819972872625717,8.3,8.333,8.3125,8.0875,47.87233971253958,14408812.6,8.074666666666666,8.186,True,False,8.49,88137069.96,119879797.78249998
2025-02-27,8.37,8.43,8.24,8.32,10988915.0,95557553.0,1198188946.0,0.009171270555186711,8.315999999999999,8.322,8.3315,8.092666666666666,45.161289642733294,14629138.35,8.076666666666666,8.2165,False,True,8.49,91427772.8,121837973.62249999
2025-02-28,8.31,8.35,8.12,8.16,11528201.0,98829365.0,1198188946.0,0.009621354827621652,8.288,8.290000000000001,8.334999999999999,8.094,33.66336587001281,13953243.9,8.077333333333334,8.245000000000001,True,False,8.49,94070120.16,116410336.22549999
2025-03-03,8.19,8.26,8.14,8.18,7713204.0,66130240.0,1198188946.0,0.00643738537711397,8.254000000000001,8.268,8.336,8.095833333333333,36.73469335276973,13556812.1,8.078,8.2705,True,True,8.49,63094008.72,113183165.9415
2025-03-04,8.19,8.25,8.15,8.21,9114500.0,78185214.0,1198188946.0,0.007606897084493717,8.242,8.256,8.336000000000002,8.097666666666667,41.48936108420113,13340852.1,8.0825,8.291500000000001,True,True,8.49,74830045.00000001,111410134.3415
2025-03-05,8.2,8.21,8.1,8.15,9904549.0,84308575.0,1198188946.0,0.008266266378992283,8.204,8.252,8.322,8.095333333333334,35.10638245586247,12443099.55,8.0875,8.3125,True,True,8.49,80722074.35000001,103703416.65900001
2025-03-06,8.17,8.2,8.09,8.16,10090720.0,85811644.0,1198188946.0,0.00842164337576855,8.172,8.244,8.311,8.093166666666667,32.22222172098769,11958986.65,8.092666666666666,8.3315,True,True,8.49,82340275.2,99535552.637
2025-03-07,8.16,8.22,8.1,8.14,11788361.0,100447354.0,1198188946.0,0.00983848251926704,8.168000000000001,8.228,8.297500000000001,8.092833333333333,34.52380894841275,11586176.7,8.094,8.334999999999999,True,True,8.49,95957258.54,96241078.084
2025-03-10,8.15,8.26,8.13,8.2,9933239.0,85025471.0,1198188946.0,0.00829021084960001,8.172,8.213000000000001,8.283,8.0935,42.1686739875163,11142341.0,8.095833333333333,8.336,True,True,8.49,81452559.8,92328881.0255
2025-03-11,8.13,8.19,8.1,8.17,7199620.0,61260924.0,1198188946.0,0.00600875181166961,8.164,8.203,8.2695,8.092166666666666,48.611110165895106,10949402.1,8.097666666666667,8.336000000000002,True,True,8.48,58820895.4,90603281.8395
2025-03-12,8.19,8.22,8.04,8.07,12445171.0,105262464.0,1198188946.0,0.01038665148893804,8.148,8.176,8.2545,8.088666666666667,38.96103825265642,11026305.65,8.095333333333334,8.322,True,True,8.48,100432529.97,91060286.988
2025-03-13,8.07,8.08,7.98,8.04,8769700.0,73425032.0,1198188946.0,0.007319129448887438,8.123999999999999,8.148,8.235,8.085666666666667,32.43243181884574,10898186.75,8.093166666666667,8.311,True,True,8.48,70508387.99999999,89809235.511
2025-03-14,8.04,8.21,8.04,8.21,12176447.0,103457364.0,1198188946.0,0.010162376343605494,8.138,8.153,8.2215,8.084,41.86046443482973,10990763.45,8.092833333333333,8.297500000000001,True,True,8.48,99968629.87,90429903.8925
2025-03-17,8.21,8.26,8.18,8.19,9012400.0,77233811.0,1198188946.0,0.00752168514831216,8.136,8.154,8.211,8.080666666666668,44.99999921250002,10668609.7,8.0935,8.283,True,True,8.4,73811556.0,87629182.1925
2025-03-18,8.22,8.28,8.18,8.22,9014800.0,77396100.0,1198188946.0,0.007523688171297818,8.146,8.155,8.205499999999999,8.080666666666666,42.10526238227157,10541632.7,8.092166666666666,8.2695,True,True,8.35,74101656.0,86521882.38250001
2025-03-19,8.22,8.29,8.22,8.28,9229595.0,79622757.0,1198188946.0,0.007702954555549706,8.187999999999999,8.168,8.209999999999999,8.081666666666667,47.499999168749966,10283522.45,8.088666666666667,8.2545,False,True,8.35,76421046.6,84449492.6125
2025-03-20,8.27,8.32,8.24,8.28,7583300.0,65584723.0,1198188946.0,0.006328968419643558,8.236,8.18,8.212,8.084666666666667,59.374998701171805,9986167.85,8.085666666666667,8.235,False,False,8.35,62789723.99999999,82014457.30849999
2025-03-21,8.31,8.34,8.16,8.2,11602203.0,100025007.0,1198188946.0,0.009683116372198613,8.234,8.186,8.206999999999999,8.086833333333333,51.428570399999984,10025033.45,8.084,8.2215,False,False,8.35,95138064.6,82279030.7735
2025-03-24,8.16,8.22,8.07,8.16,9650299.0,82043115.0,1198188946.0,0.00805407113144908,8.228,8.181999999999999,8.1975,8.088166666666668,46.47887232295177,9908330.9,8.080666666666668,8.211,True,False,8.35,78746439.84,81212886.6405
2025-03-25,8.14,8.26,8.11,8.26,7588937.0,64879545.0,1198188946.0,0.006333673019881123,8.236,8.191,8.197,8.090666666666667,57.33333226311109,9795107.75,8.080666666666666,8.205499999999999,True,True,8.34,62684619.62,80272736.72150001
2025-03-26,8.26,8.33,8.24,8.29,9146200.0,79176798.0,1198188946.0,0.007633353679762624,8.238,8.213,8.1945,8.096166666666667,58.44155737898461,9724018.05,8.081666666666667,8.209999999999999,False,True,8.34,75821997.99999999,79656983.12349999
2025-03-27,8.27,8.48,8.16,8.47,17115760.0,149538403.0,1198188946.0,0.014284691957089713,8.276,8.256,8.202,8.103666666666665,67.74193446409988,10030360.3,8.084666666666667,8.212,False,False,8.32,144970487.20000002,82334118.84349999
2025-03-28,8.44,8.65,8.41,8.45,22121650.0,196898217.0,1198188946.0,0.01846257226278901,8.325999999999999,8.28,8.2165,8.111333333333333,64.04494281277613,10560032.75,8.086833333333333,8.206999999999999,False,False,8.47,186927942.49999997,86977009.96049999
2025-03-31,8.52,8.94,8.49,8.68,45147455.0,411099969.0,1198188946.0,0.037679745878743905,8.43,8.328999999999999,8.241499999999998,8.123833333333334,73.39449447016233,12431745.3,8.088166666666668,8.1975,False,False,8.47,391879909.4,103416304.9945
2025-04-01,8.63,9.31,8.63,9.04,70261326.0,667495592.0,1198188946.0,0.058639604575353846,8.586,8.411,8.283000000000001,8.1405,85.92592503484208,15489086.6,8.090666666666667,8.197,False,False,8.68,635162387.04,131432922.0965
2025-04-02,9.04,9.11,8.84,8.91,33815298.0,317165205.0,1198188946.0,0.02822200798370577,8.709999999999999,8.474,8.321000000000002,8.154833333333332,79.99999922758619,16684624.05,8.096166666666667,8.1945,False,False,9.04,301294305.18,142461533.63799998
2025-04-03,8.79,9.06,8.79,8.91,25318898.0,236098391.0,1198188946.0,0.0211309727773102,8.798,8.537,8.358500000000001,8.170833333333333,77.34374915405269,17446032.95,8.103666666666665,8.202,False,False,9.04,225591381.18,149624088.937
2025-04-07,8.48,8.7,8.02,8.02,38134997.0,330581669.0,1198188946.0,0.031827198145425055,8.712,8.519,8.3525,8.175,46.04651132806923,18763364.75,8.111333333333333,8.2165,False,False,9.04,305842675.94,160118359.80699998
2025-04-08,8.13,8.38,8.12,8.3,34640000.0,298162623.0,1198188946.0,0.02891029842633851,8.636,8.533,8.3575,8.183833333333332,51.66666636527778,19998702.8,8.123833333333334,8.241499999999998,True,False,9.04,287512000.0,170421331.817
2025-04-09,8.15,8.26,7.79,8.2,31080100.0,260543330.0,1198188946.0,0.025939231123569387,8.468,8.527,8.358999999999998,8.186166666666667,48.36065546022574,21192726.8,8.1405,8.283000000000001,True,True,9.04,254856819.99999997,180223128.047
2025-04-10,8.3,8.45,8.23,8.32,24074972.0,209496114.0,1198188946.0,0.020092800956285906,8.35,8.53,8.371500000000001,8.196499999999999,50.78124972229006,21774216.85,8.154833333333332,8.321000000000002,True,True,9.04,200303767.04000002,185216689.9005
2025-04-11,8.28,8.75,8.26,8.62,31902200.0,285315575.0,1198188946.0,0.02662534995544851,8.292,8.545,8.4005,8.214,57.5539565446923,22930841.85,8.170833333333333,8.358500000000001,True,True,9.04,274996964.0,195441118.7005
2025-04-14,8.6,8.8,8.55,8.75,22746500.0,206857506.0,1198188946.0,0.018984067643034324,8.437999999999999,8.575,8.427499999999998,8.234833333333333,60.278745350556626,23459344.5,8.175,8.3525,False,True,9.04,199031875.0,200394280.957
2025-04-15,8.72,8.79,8.62,8.71,17543584.0,159358652.0,1198188946.0,0.014641750834513207,8.52,8.578,8.4535,8.257666666666667,58.007117148719,23885903.7,8.183833333333332,8.3575,False,False,9.04,152804616.64000002,204343933.989
2025-04-16,8.69,8.71,8.47,8.61,16465700.0,147608850.0,1198188946.0,0.01374215648956588,8.602,8.535,8.473,8.278,55.555555285493824,24258448.7,8.186166666666667,8.358999999999998,False,False,9.04,141769677.0,207727335.03899997
2025-04-17,8.77,8.95,8.6,8.62,26810655.0,244770985.0,1198188946.0,0.022375982593983972,8.661999999999999,8.506,8.49,8.295333333333334,52.76752740267694,25137501.7,8.196499999999999,8.371500000000001,False,False,9.04,231107846.09999996,215461675.014
2025-04-18,8.59,8.67,8.42,8.43,15650962.0,138829145.0,1198188946.0,0.013062181930695261,8.623999999999999,8.458000000000002,8.497499999999999,8.308666666666666,49.65277753641011,25540884.8,8.214,8.4005,False,False,9.04,131937609.66,218919069.297
2025-04-21,8.4,8.63,8.34,8.53,14448530.0,128321090.0,1198188946.0,0.012058640707907181,8.58,8.508999999999999,8.514,8.322,47.27272703206611,25683201.15,8.234833333333333,8.427499999999998,True,False,9.04,123245960.89999999,220324464.112
2025-04-22,8.53,8.67,8.47,8.63,15426155.0,138352265.0,1198188946.0,0.012874559602221535,8.563999999999998,8.542,8.5375,8.335166666666668,41.7670680382575,25971993.95,8.257666666666667,8.4535,False,True,9.04,133127717.65,223043528.0025
2025-04-23,8.67,8.83,8.55,8.57,15514300.0,140139165.0,1198188946.0,0.012948124794334399,8.556000000000001,8.578999999999999,8.553,8.347166666666666,42.975206362953365,26368262.1,8.278,8.473,False,False,9.04,132957551.0,226557174.5715
2025-04-24,8.6,8.73,8.54,8.71,16605801.0,150432887.0,1198188946.0,0.013859083790946608,8.574000000000002,8.618,8.574,8.360333333333333,46.093749747924825,26741242.15,8.295333333333334,8.49,False,False,9.04,144636526.71,229997901.00699997
2025-04-25,8.79,8.81,8.59,8.63,18444500.0,166593792.0,1198188946.0,0.015393648941241359,8.614,8.619,8.582,8.371833333333333,67.42857088914283,26807679.15,8.308666666666666,8.497499999999999,False,False,9.04,159176035.0,230708178.397
2025-04-28,8.59,8.61,8.48,8.53,11840500.0,105519460.0,1198188946.0,0.009881997359037562,8.614,8.597,8.585999999999999,8.379166666666666,57.32484025315422,26293621.65,8.322,8.514,False,False,9.04,100999464.99999999,226411754.52199998
2025-04-29,8.52,8.59,8.46,8.5,8380402.0,74491939.0,1198188946.0,0.0069942240979412275,8.588,8.576,8.577000000000002,8.384833333333335,59.99999944,24455269.0,8.335166666666668,8.5375,True,False,9.04,71233417.0,210379429.902
2025-04-30,8.52,8.62,8.48,8.49,10011500.0,89191522.0,1198188946.0,0.008355526925383603,8.572000000000001,8.564,8.549499999999998,8.3895,56.11510734848092,21442777.7,8.347166666666666,8.553,True,True,9.04,84997635.0,182871192.3
2025-05-06,8.49,8.59,8.48,8.51,15618500.0,139027652.0,1198188946.0,0.013035089375628408,8.532,8.553,8.529499999999999,8.390833333333333,45.04504447690939,20532937.8,8.360333333333333,8.574,True,True,8.91,132913435.0,174452148.791
2025-05-07,8.58,8.63,8.41,8.45,15436700.0,137000306.0,1198188946.0,0.012883360384464772,8.496,8.555,8.506499999999999,8.392,35.576922598002966,20038827.9,8.371833333333333,8.582,True,True,8.91,130440114.99999999,169694585.482
2025-05-08,8.45,8.48,8.42,8.43,9863220.0,86963642.0,1198188946.0,0.008231773488586332,8.475999999999999,8.545,8.527000000000001,8.392333333333333,36.27450930603613,18625239.05,8.379166666666666,8.585999999999999,True,True,8.75,83146944.6,158559798.915
2025-05-09,8.44,8.49,8.41,8.43,9446009.0,83232683.0,1198188946.0,0.007883572145724002,8.462,8.525,8.5335,8.391333333333334,40.21739069234409,17365539.5,8.384833333333335,8.577000000000002,True,True,8.75,79629855.86999999,148165691.70849997
2025-05-12,8.44,8.45,8.31,8.38,15014420.0,130963907.0,1198188946.0,0.012530928490138149,8.44,8.506,8.5425,8.390333333333334,37.4999994531251,16562255.5,8.3895,8.549499999999998,True,True,8.75,125820839.60000001,141713892.6885
2025-05-13,8.43,8.54,8.42,8.46,17183120.0,151985980.0,1198188946.0,0.014340910135553863,8.43,8.481,8.549499999999998,8.391833333333333,51.76470502975786,16217662.9,8.390833333333333,8.529499999999999,True,True,8.75,145369195.20000002,138967164.09649998
2025-05-14,8.44,8.49,8.38,8.49,10906700.0,95996476.0,1198188946.0,0.009102654499034244,8.438,8.467,8.543000000000001,8.392833333333334,47.43589658448396,15167887.9,8.392,8.506499999999999,True,True,8.75,92597883.0,129847210.0465
2025-05-15,8.47,8.55,8.44,8.5,13447857.0,119576940.0,1198188946.0,0.01122348611618722,8.452000000000002,8.464,8.5305,8.393166666666666,40.57970932157105,14702955.75,8.392333333333333,8.527000000000001,True,True,8.75,114306784.5,125610955.52149999
2025-05-16,8.53,8.76,8.49,8.73,20667098.0,182399731.0,1198188946.0,0.0172486134753575,8.512,8.487,8.5315,8.398666666666667,59.30232461600868,14859131.45,8.391333333333334,8.5335,True,True,8.71,180423765.54000002,126991912.9665
2025-05-19,8.74,8.78,8.55,8.59,15479399.0,135904484.0,1198188946.0,0.01291899666715837,8.554,8.497,8.5305,8.403,43.023255113574855,14809816.4,8.390333333333334,8.5425,False,True,8.73,132968037.41,126551830.98699999
2025-05-20,8.6,8.95,8.6,8.88,26364217.0,237509872.0,1198188946.0,0.022003388604120874,8.638000000000002,8.534,8.5435,8.4145,61.68224218359683,14787494.5,8.391833333333333,8.549499999999998,False,False,8.73,234114246.96,126702151.03
2025-05-21,8.87,8.97,8.83,8.88,15710897.0,142633630.0,1198188946.0,0.01311220325679753,8.716,8.577,8.566,8.425166666666666,68.04123613136369,14790491.25,8.392833333333334,8.543000000000001,False,False,8.88,139512765.36,127080908.81499998
2025-05-22,8.89,9.0,8.83,8.95,19180213.0,174740422.0,1198188946.0,0.016007669795344615,8.806000000000001,8.629000000000001,8.587,8.436,72.27722672090974,15027075.4,8.393166666666666,8.5305,False,False,8.88,171662906.35,129501756.0875
2025-05-23,8.93,9.09,8.91,8.96,21942795.0,201828185.0,1198188946.0,0.01831330114774736,8.852,8.681999999999999,8.6035,8.446166666666667,73.2673257170866,15352907.4,8.398666666666667,8.5315,False,False,8.95,196607443.20000002,132675742.36500001
2025-05-26,8.98,9.02,8.69,8.76,20154385.0,181054588.0,1198188946.0,0.016820706840338352,8.886,8.72,8.613,8.454333333333333,60.50420096885813,15584911.65,8.403,8.5305,False,False,8.96,176552412.6,134855485.445
2025-05-27,8.76,8.93,8.7,8.92,15557800.0,140281268.0,1198188946.0,0.01298442958594946,8.894,8.766,8.623500000000002,8.464,68.21705352322579,15532511.6,8.4145,8.5435,False,False,8.96,138775576.0,134562437.9095
2025-05-28,8.89,8.96,8.79,8.81,11399910.0,103038367.0,1198188946.0,0.009514284068516185,8.88,8.798,8.632499999999999,8.472166666666668,63.7681152951061,15180282.1,8.425166666666666,8.566,False,False,8.96,100433207.10000001,131625296.51449999
2025-05-29,8.8,8.92,8.71,8.91,13506258.0,122092794.0,1198188946.0,0.01127222717676449,8.872,8.839,8.651500000000002,8.484666666666666,66.21621558984663,15263570.0,8.436,8.587,False,False,8.96,120340758.78,132592361.2035
2025-05-30,8.88,9.14,8.88,9.05,22128782.0,204127113.0,1198188946.0,0.01846852457942806,8.89,8.870999999999999,8.679,8.499166666666666,71.33757898170309,15950989.0,8.446166666666667,8.6035,False,False,8.96,200265477.10000002,139043964.2085
2025-06-03,8.94,9.23,8.91,9.21,27852158.0,259594670.0,1198188946.0,0.02324521361424745,8.98,8.933000000000002,8.715,8.515833333333333,72.72727211019281,16843021.9,8.454333333333333,8.613,False,False,9.05,256518375.18000004,147620001.2175
2025-06-04,9.18,9.23,9.11,9.2,19518833.0,182608734.0,1198188946.0,0.016290279646762825,9.036,8.965,8.749500000000001,8.533333333333333,71.77914048778644,17038038.55,8.464,8.623500000000002,False,False,9.21,179573263.6,149952992.6475
2025-06-05,9.2,9.23,8.96,9.02,20068100.0,185234821.0,1198188946.0,0.016748693991039374,9.078,8.979000000000001,8.778,8.547666666666666,64.44444394320983,17269608.55,8.472166666666668,8.632499999999999,False,False,9.21,181014262.0,152481699.9975
2025-06-06,9.02,9.07,8.92,8.97,12441437.0,113817081.0,1198188946.0,0.010383535119009519,9.09,8.981,8.805,8.5615,57.407406911294004,17398519.4,8.484666666666666,8.651500000000002,False,False,9.21,111599689.89,153904337.26200002
2025-06-09,8.98,9.33,8.98,9.23,25951301.0,243879392.0,1198188946.0,0.02165877183780996,9.126,9.008,8.845,8.578666666666667,68.39080404743031,18223784.0,8.499166666666666,8.679,False,False,9.21,239530508.23000002,161899369.88000003
2025-06-10,9.21,9.44,9.18,9.41,36755308.0,350471561.0,1198188946.0,0.03067571948706661,9.166,9.073,8.8965,8.599333333333334,66.25766814257216,19310828.4,8.515833333333333,8.715,False,False,9.23,345867448.28000003,172901700.31399998
2025-06-11,9.42,9.73,9.35,9.58,40509175.0,393844927.0,1198188946.0,0.03380867027294375,9.242,9.139,8.9525,8.624500000000001,69.44444390432096,20477131.15,8.533333333333333,8.749500000000001,False,False,9.41,388077896.5,185037135.379
2025-06-12,9.52,10.15,9.42,9.74,50869880.0,505553566.0,1198188946.0,0.04245564121570522,9.386,9.232,9.015,8.652833333333332,70.89947037428963,22475290.15,8.547666666666666,8.778,False,False,9.58,495472631.2,205180872.789
2025-06-13,9.68,10.08,9.47,9.58,50943109.0,502796365.0,1198188946.0,0.042516757619962216,9.508,9.299000000000001,9.068999999999999,8.675666666666666,65.19607798394846,24350052.75,8.5615,8.805,False,False,9.74,488034984.22,223867282.775
2025-06-16,9.5,9.59,9.31,9.4,32409002.0,311534524.0,1198188946.0,0.027048323311772565,9.542000000000002,9.334,9.102500000000001,8.695833333333333,65.84158370208804,24937147.95,8.578666666666667,8.845,False,False,9.74,304644618.8,230078325.43800002
2025-06-17,9.4,9.53,9.15,9.23,33263149.0,314856472.0,1198188946.0,0.027761188342660607,9.506,9.336,9.1345,8.712666666666667,57.63546758280959,25826335.45,8.599333333333334,8.8965,False,False,9.74,307018865.27000004,238780866.83100003
2025-06-18,9.17,9.28,9.11,9.24,24816944.0,232859155.0,1198188946.0,0.020712045527417174,9.438,9.34,9.1525,8.728666666666667,61.13989592955515,25748971.8,8.624500000000001,8.9525,False,False,9.74,229308562.56,238540582.611
2025-06-19,9.29,9.33,8.92,8.94,32781300.0,302277819.0,1198188946.0,0.02735904058323703,9.278,9.331999999999999,9.1555,8.739666666666668,50.70422501884546,26602491.95,8.652833333333332,9.015,False,False,9.74,293064822.0,246218185.443
2025-06-20,8.94,9.11,8.93,8.95,18110200.0,166318618.0,1198188946.0,0.015114644531197336,9.152000000000001,9.33,9.1555,8.752166666666666,47.499999667499964,26548991.3,8.675666666666666,9.068999999999999,True,False,9.74,162086290.0,245739354.62550002
2025-06-23,8.94,9.06,8.89,9.04,16167106.0,147988788.0,1198188946.0,0.013492952053990991,9.079999999999998,9.311,9.1595,8.766833333333333,45.59585459153262,26260206.85,8.695833333333333,9.102500000000001,True,True,9.74,146150638.23999998,243216514.3775
2025-06-24,9.04,9.15,9.03,9.12,17936662.0,166339755.0,1198188946.0,0.01496981094666183,9.058,9.282,9.1775,8.781166666666667,47.999999664,26149320.7,8.712666666666667,9.1345,True,True,9.74,163582357.44,242568011.6195
2025-06-25,9.12,9.16,9.0,9.12,18601340.0,172157079.0,1198188946.0,0.015524546493354146,9.033999999999999,9.236,9.1875,8.794999999999998,52.74725234150465,26301497.7,8.728666666666667,9.1525,True,True,9.74,169644220.79999998,244111443.85950002
2025-06-26,9.11,9.11,8.93,9.01,15474357.0,142347754.0,1198188946.0,0.012914788649702665,9.047999999999998,9.163,9.197500000000002,8.803999999999998,51.06382940697146,26505220.05,8.739666666666668,9.1555,True,True,9.74,139423956.57,246060981.333
2025-06-27,9.02,9.1,9.02,9.07,11187041.0,103348997.0,1198188946.0,0.009336625110210288,9.072,9.111999999999998,9.205499999999999,8.814333333333334,45.23809486111111,26389259.2,8.752166666666666,9.1555,True,True,9.74,101466461.87,245117266.4875
2025-06-30,9.09,9.1,9.0,9.07,14170800.0,130772328.0,1198188946.0,0.011826849218820951,9.078,9.079,9.2065,8.820833333333333,38.66666630577779,25991360.1,8.766833333333333,9.1595,True,True,9.74,128529156.0,241530450.43249997
2025-07-01,9.08,9.27,9.02,9.25,21717462.0,202870571.0,1198188946.0,0.01812523982340261,9.104,9.081,9.208499999999999,8.824333333333334,39.0728473198544,25684625.3,8.781166666666667,9.1775,True,True,9.74,200886523.5,238748857.8485
2025-07-02,9.28,9.58,9.27,9.31,30839300.0,296369732.0,1198188946.0,0.025738261150674978,9.142,9.088,9.214,8.831,34.75177270459234,26250648.65,8.794999999999998,9.1875,False,True,9.74,287113883.0,244125888.81849998
2025-07-03,9.26,9.53,9.22,9.49,23906090.0,229892063.0,1198188946.0,0.019951853236342576,9.238000000000001,9.143,9.2375,8.840666666666667,46.85314639444473,26442548.15,8.803999999999998,9.197500000000002,False,False,9.74,226868794.1,246418615.4235
2025-07-04,9.49,10.44,9.49,10.44,110485325.0,1160700172.0,1198188946.0,0.09221026898039836,9.512,9.292,9.311,8.880999999999998,73.6363631677686,31344742.55,8.814333333333334,9.205499999999999,False,False,9.74,1153466793.0,298511970.579
2025-07-07,10.65,10.98,10.43,10.54,131904952.0,1434302265.0,1198188946.0,0.11008693782424529,9.806000000000001,9.441999999999998,9.3765,8.918333333333333,80.75117317816128,36642425.1,8.820833333333333,9.2065,False,False,10.44,1390278194.08,356049354.8715
2025-07-08,10.51,10.95,10.32,10.78,82213405.0,892691498.0,1198188946.0,0.0686147249767734,10.112,9.608,9.445,8.961333333333332,82.62711815390692,38915329.95,8.824333333333334,9.208499999999999,False,False,10.54,886260505.9,383069007.7525
2025-07-09,10.73,11.31,10.49,11.1,100231055.0,1119669579.0,1198188946.0,0.08365212793408629,10.469999999999999,9.806000000000001,9.520999999999999,9.007666666666667,95.37815069945628,41901423.95,8.831,9.214,False,False,10.78,1112564710.5,419293348.4525
2025-07-10,10.99,11.97,10.9,11.75,126118881.0,1470547747.0,1198188946.0,0.10525792398689013,10.922,10.08,9.6215,9.059833333333334,96.35761544734882,45663874.0,8.840666666666667,9.2375,False,False,11.1,1481896851.75,468614559.48
2025-07-11,11.76,12.8,11.62,12.2,131244590.0,1641637192.0,1198188946.0,0.10953580438055552,11.274,10.393,9.752500000000001,9.117333333333333,96.74556172945627,49678948.05,8.880999999999998,9.311,False,False,11.75,1601183998.0,524272010.16899997
2025-07-14,12.01,12.47,11.82,11.99,88258689.0,1080737958.0,1198188946.0,0.07366007614628753,11.564,10.684999999999999,9.882,9.171999999999999,90.88319052069386,52471432.4,8.918333333333333,9.3765,False,False,12.2,1058221681.11,561950863.2845
2025-07-15,11.98,12.17,11.61,11.92,72413658.0,872870042.0,1198188946.0,0.060435925604007366,11.791999999999998,10.952,10.016499999999999,9.227166666666667,89.10614490293689,54428957.85,8.961333333333332,9.445,False,False,12.2,863170803.36,589758460.1889999
2025-07-16,11.99,12.35,11.79,12.24,67457787.0,835354638.0,1198188946.0,0.056299790801107925,12.02,11.245000000000001,10.166500000000001,9.2875,92.61213686106336,56561000.0,9.007666666666667,9.520999999999999,False,False,12.2,825683312.88,619577197.705
2025-07-17,12.11,12.42,11.96,12.41,60882100.0,758463424.0,1198188946.0,0.050811769047984526,12.152,11.536999999999999,10.34,9.353833333333334,92.82051248731099,57966040.0,9.059833333333334,9.6215,False,False,12.24,755546861.0,642701299.655
2025-07-18,12.23,12.35,11.86,12.24,52533894.0,646126074.0,1198188946.0,0.043844415503395906,12.16,11.717,10.504499999999998,9.415666666666668,88.94348863754084,59687224.7,9.117333333333333,9.752500000000001,False,False,12.41,643014862.5600001,666747728.283
2025-07-21,12.4,12.72,12.06,12.25,72780788.0,915318630.0,1198188946.0,0.06074232969930938,12.212,11.888,10.665,9.476,88.46153814398424,62517908.8,9.171999999999999,9.882,False,False,12.41,891564653.0,704018429.021
2025-07-22,12.06,12.34,11.69,11.81,72746430.0,887733889.0,1198188946.0,0.060713654756083854,12.19,11.991000000000001,10.799499999999998,9.53,79.20560721755177,65258397.2,9.227166666666667,10.016499999999999,False,False,12.41,859135338.3000001,738796078.064
2025-07-23,11.64,11.96,11.47,11.59,55917875.0,667463934.0,1198188946.0,0.046668662055909166,12.06,12.04,10.923,9.578,74.30555531475052,67124223.95,9.2875,10.166500000000001,False,False,12.41,648088171.25,762718275.5865
2025-07-24,11.81,11.86,11.49,11.7,43366755.0,517309301.0,1198188946.0,0.03619358628267632,11.918,12.035,11.057500000000001,9.629166666666666,68.10344800188268,68518843.85,9.353833333333334,10.34,False,False,12.41,507391033.49999994,781116629.4330001
2025-07-25,11.83,11.94,11.54,11.59,41776932.0,499433971.0,1198188946.0,0.03486673127762272,11.788,11.974,11.183499999999999,9.680166666666667,65.04297968177603,70048338.4,9.415666666666668,10.504499999999998,False,False,12.41,484194641.88,800253038.4335
2025-07-28,11.76,12.05,11.53,11.58,45981912.0,546666202.0,1198188946.0,0.038376177775220434,11.654,11.933,11.309000000000001,9.7315,62.269938382889855,71638894.0,9.476,10.665,False,False,12.41,532470540.96,820450107.6815
2025-07-29,11.57,11.77,11.37,11.71,54140657.0,642750242.0,1198188946.0,0.04518540851235661,11.634,11.912,11.432,9.785166666666667,59.93485314687692,73260053.75,9.53,10.799499999999998,False,False,12.41,633987093.47,842105136.1800001
2025-07-30,11.55,11.71,11.37,11.5,45403744.0,536150626.0,1198188946.0,0.03789364286123201,11.616,11.838,11.541500000000001,9.835,45.24714804811404,73988275.95,9.578,10.923,False,False,12.41,522143056.0,853856594.83
2025-07-31,11.46,11.52,11.13,11.17,39497000.0,455900754.0,1198188946.0,0.032963916193565014,11.510000000000002,11.714,11.625499999999999,9.880333333333335,29.48207154870559,74767821.45,9.629166666666666,11.057500000000001,True,False,12.41,441181490.0,864572229.625
2025-08-01,11.16,11.48,11.08,11.12,37010010.0,424924240.0,1198188946.0,0.030888291970605445,11.416,11.602,11.6595,9.925166666666666,31.489361514531453,71094055.7,9.680166666666667,11.183499999999999,True,True,12.41,411551311.2,827476455.535
2025-08-04,11.01,11.15,10.77,11.05,33922245.0,378247371.0,1198188946.0,0.028311265191725447,11.309999999999999,11.482,11.685,9.968833333333333,31.489361514531467,66194920.35,9.7315,11.309000000000001,True,True,12.41,374840807.25,776704586.1934999
2025-08-05,11.03,11.33,11.02,11.32,38337010.0,438545794.0,1198188946.0,0.031995796763092485,11.232,11.433,11.712,10.017833333333334,29.9999998173913,64001100.6,9.785166666666667,11.432,True,True,12.41,433974953.2,754090308.5585
2025-08-06,11.32,11.43,11.0,11.1,36317504.0,412445788.0,1198188946.0,0.030310331372394417,11.152,11.384,11.712,10.061833333333334,22.12765944264372,60805423.05,9.835,11.541500000000001,True,True,12.41,403124294.4,718618287.7535
2025-08-07,11.07,11.14,10.82,10.86,24802736.0,276759884.0,1198188946.0,0.020700187631342078,11.09,11.3,11.6675,10.101333333333335,21.487603181476658,55739615.8,9.880333333333335,11.625499999999999,True,True,12.41,269357712.96,657991330.814
2025-08-08,10.84,10.96,10.8,10.93,15704817.0,174553788.0,1198188946.0,0.013107128931900528,11.052,11.234,11.604,10.141833333333333,23.387096642169624,49962627.15,9.925166666666666,11.6595,True,True,12.41,171653649.81,586514813.4045
2025-08-11,10.84,11.03,10.84,10.98,20303571.0,226808861.0,1198188946.0,0.01694521641831271,11.038,11.174,11.553500000000001,10.179333333333334,30.143540467938024,46564871.25,9.968833333333333,11.685,True,True,12.41,222933209.58,544750389.828
2025-08-12,11.04,11.25,10.93,10.99,30953000.0,348827450.0,1198188946.0,0.025833154364620553,10.972,11.102,11.507,10.219333333333333,34.042552937981014,44491838.35,10.017833333333334,11.712,True,True,12.41,340173470.0,518600523.16
2025-08-13,11.0,11.18,10.91,11.04,32626386.0,367171056.0,1198188946.0,0.027229750457070233,10.959999999999999,11.056000000000001,11.447,10.255333333333333,31.868131622992394,42750268.3,10.061833333333334,11.712,True,True,12.41,360195301.44,495326122.588
2025-08-14,11.08,11.14,10.99,11.01,24166196.0,272720150.0,1198188946.0,0.020168935859970788,10.99,11.040000000000001,11.376999999999999,10.290833333333332,33.3333330651341,40914473.1,10.101333333333335,11.6675,True,True,12.41,266069817.96,470852270.436
2025-08-15,10.98,11.14,10.89,11.07,26168201.0,294546372.0,1198188946.0,0.021839795040138853,11.018,11.035,11.3185,10.326166666666667,35.75418966449239,39596188.45,10.141833333333333,11.604,True,True,12.25,289681985.07,453185626.56149995
2025-08-18,11.15,11.15,10.94,11.09,33623482.0,378227731.0,1198188946.0,0.02806191970994865,11.04,11.039,11.2605,10.361666666666668,31.54761878472219,37638323.15,10.179333333333334,11.553500000000001,True,True,12.25,372884415.38,427251614.68050003
2025-08-19,11.03,11.43,11.03,11.09,40843044.0,466522787.0,1198188946.0,0.034087314973443264,11.059999999999999,11.016,11.2245,10.4005,36.05442142533203,36043153.85,10.219333333333333,11.507,True,True,11.81,452949357.96,406942315.6635
2025-08-20,11.07,11.25,10.96,11.09,30095973.0,340145181.0,1198188946.0,0.02511788570614972,11.07,11.015,11.1995,10.436666666666667,46.49122749923053,34752058.75,10.255333333333333,11.447,True,True,11.71,333764340.57,391226124.12950003
2025-08-21,11.11,11.29,11.08,11.14,38156999.0,434977153.0,1198188946.0,0.03184556085864608,11.096,11.043000000000001,11.171499999999998,10.4755,50.87719235764857,34491570.95,10.290833333333332,11.376999999999999,True,True,11.71,425068968.86,387110020.8975
2025-08-22,11.12,11.23,11.05,11.19,29269299.0,332591069.0,1198188946.0,0.024427949446297094,11.12,11.068999999999999,11.1515,10.5135,56.24999929687496,33866189.3,10.326166666666667,11.3185,True,True,11.71,327523455.81,379276461.594
2025-08-25,11.18,11.24,11.06,11.22,40608897.0,462160886.0,1198188946.0,0.03389189754718368,11.146,11.093,11.1335,10.549666666666665,44.31818111311987,33597538.55,10.361666666666668,11.2605,False,True,11.71,455631824.34000003,375434525.763
2025-08-26,11.17,11.7,11.16,11.26,55053290.0,638519451.0,1198188946.0,0.045947085544219335,11.18,11.12,11.111,10.583833333333333,61.428570200000046,33643170.2,10.4005,11.2245,False,False,11.71,619900045.4,374730173.3595
2025-08-27,11.3,11.35,10.84,10.84,46610895.0,526897086.0,1198188946.0,0.03890112252796563,11.13,11.1,11.078,10.611166666666666,48.863635586260365,33703527.75,10.436666666666667,11.1995,False,False,11.5,505262101.8,373886125.6495
2025-08-28,10.83,10.92,10.34,10.61,39144499.0,424497194.0,1198188946.0,0.032669721357953506,11.024000000000001,11.059999999999999,11.05,10.637666666666666,34.61538414940826,33685902.7,10.4755,11.171499999999998,True,False,11.32,415323134.39,372593207.86899996
2025-08-29,10.61,10.71,10.54,10.59,20700200.0,224494627.0,1198188946.0,0.017276240169887196,10.904,11.012,11.0235,10.664666666666667,30.693068881482148,32870412.2,10.5135,11.1515,True,True,11.32,219215118.0,362976398.209
2025-09-01,10.57,10.73,10.51,10.7,23344354.0,253377326.0,1198188946.0,0.019483032353062618,10.8,10.973,11.005999999999998,10.689166666666665,36.9369364710656,32341517.65,10.549666666666665,11.1335,True,True,11.32,249784587.79999998,356723587.23649997
2025-09-02,10.72,10.73,10.39,10.43,25891943.0,277500717.0,1198188946.0,0.02160923207181716,10.634,10.907,10.9615,10.706166666666666,27.067668888009493,31719264.3,10.583833333333333,11.111,True,True,11.32,270052965.49,348527487.851
2025-09-03,10.43,10.58,10.3,10.33,17525416.0,186951470.0,1198188946.0,0.014626587950511772,10.532,10.831,10.923,10.718666666666666,25.714285457142836,30779659.9,10.611166666666666,11.078,True,True,11.26,181037547.28,337423150.495
2025-09-04,10.34,10.47,10.16,10.27,20161817.0,212386849.0,1198188946.0,0.01682690953485061,10.463999999999999,10.744,10.8935,10.727500000000001,21.428571214285668,30547613.95,10.637666666666666,11.05,True,True,11.26,207061860.59,334308357.8765
2025-09-05,10.26,10.44,10.19,10.42,18170015.0,191278525.0,1198188946.0,0.015164565706150322,10.43,10.666999999999998,10.868,10.7415,28.104574906232642,30670873.85,10.664666666666667,11.0235,True,True,11.26,189331556.3,335192253.201
2025-09-08,10.42,10.51,10.36,10.47,14806699.0,157765068.0,1198188946.0,0.01235756601613649,10.384,10.592,10.8425,10.759333333333334,30.379746566255434,30396030.25,10.689166666666665,11.005999999999998,True,True,11.26,155026138.53,331796899.6485
2025-09-09,10.53,10.56,10.22,10.25,17338200.0,183539854.0,1198188946.0,0.014470338804143834,10.347999999999999,10.491,10.8055,10.776333333333334,26.666666459259275,29715290.25,10.706166666666666,10.9615,True,True,11.26,177716550.0,323674053.6485
2025-09-10,10.23,10.36,10.19,10.28,12337153.0,129166322.0,1198188946.0,0.010296500431911012,10.338,10.434999999999999,10.7675,10.793666666666667,25.842696425956277,28700828.6,10.718666666666666,10.923,True,True,11.26,126825932.83999999,312005585.2185
2025-09-11,10.2,10.44,9.97,10.38,17815320.0,186046471.0,1198188946.0,0.014868539773692754,10.360000000000001,10.412,10.736,10.817666666666666,27.868852245812107,28383284.8,10.727500000000001,10.8935,True,True,11.26,184923021.60000002,307948245.4005
2025-09-12,10.38,10.53,10.3,10.43,15010983.0,159372189.0,1198188946.0,0.012528059994304104,10.362,10.395999999999999,10.704,10.842333333333332,28.64864843184803,27825423.9,10.7415,10.868,True,True,11.26,156564552.69,301292373.7815
2025-09-15,10.49,10.52,10.33,10.36,13054201.0,138657063.0,1198188946.0,0.01089494360933622,10.34,10.361999999999998,10.6675,10.864333333333333,26.063829593141705,26796959.85,10.759333333333334,10.8425,True,True,11.26,135241522.35999998,289410229.13049996
2025-09-16,10.37,10.37,10.19,10.24,12288531.0,128407700.0,1198188946.0,0.01025592085540739,10.338,10.343,10.625,10.883000000000001,31.01265795305241,25369234.2,10.776333333333334,10.8055,True,True,11.26,125834557.44,273054489.10449994
2025-09-17,10.36,10.49,10.24,10.42,21213471.0,224469390.0,1198188946.0,0.01770461250775051,10.366,10.352,10.5915,10.904666666666667,43.790849272502044,24925109.1,10.793666666666667,10.7675,True,True,11.26,221044367.82,267418490.467
2025-09-18,10.42,10.7,10.37,10.53,31416435.0,338206468.0,1198188946.0,0.026219933930186668,10.395999999999999,10.378,10.561,10.930000000000001,48.14814773205303,24588080.9,10.817666666666666,10.736,True,True,11.26,330815060.54999995,262705795.05150002
2025-09-19,10.57,10.57,10.27,10.32,18207801.0,192778320.0,1198188946.0,0.015196101633873695,10.373999999999999,10.368,10.517500000000002,10.950833333333332,38.95348805502977,24035006.0,10.842333333333332,10.704,True,True,11.26,187904506.32,255724847.577
2025-09-22,10.36,10.59,10.24,10.28,20964854.0,222458706.0,1198188946.0,0.017497118522073227,10.358,10.349,10.4705,10.971,44.96644253051664,23052803.85,10.864333333333333,10.6675,True,True,11.26,215518699.11999997,243719191.31599998
2025-09-23,10.25,10.26,9.91,10.05,19809600.0,202692501.0,1198188946.0,0.016532951723625733,10.319999999999999,10.328999999999999,10.41,10.984333333333332,41.35802433394302,21290619.35,10.883000000000001,10.625,True,True,11.26,199086480.0,222678513.046
2025-09-24,9.99,10.24,9.99,10.2,11590432.0,120152452.0,1198188946.0,0.009673292379046869,10.276,10.321,10.377999999999998,10.999166666666667,47.953215981669565,19539596.2,10.904666666666667,10.5915,True,True,10.84,118222406.39999999,203326528.276
2025-09-25,10.18,10.24,10.09,10.13,10519700.0,108922206.0,1198188946.0,0.008779667042596803,10.196000000000002,10.296,10.354000000000001,11.009833333333335,41.104294125484586,18108356.25,10.930000000000001,10.561,True,True,10.7,106564561.00000001,187888599.6065
2025-09-26,10.06,10.12,9.86,10.06,12633845.0,129108948.0,1198188946.0,0.010544117471769766,10.144,10.259,10.3275,11.0035,37.57575725693293,17705038.5,10.950833333333332,10.517500000000002,True,True,10.7,127096480.7,183282667.7415
2025-09-29,10.06,10.2,9.9,10.19,14165100.0,145285976.0,1198188946.0,0.011822092039230013,10.126,10.242,10.302000000000001,10.997666666666667,48.07692264546349,17246075.8,10.971,10.4705,True,True,10.7,144342369.0,178010556.80150002
2025-09-30,10.2,10.24,10.12,10.2,10981511.0,114093101.0,1198188946.0,0.009165091229275954,10.156,10.238,10.2905,10.988,47.40259697166469,16500554.2,10.984333333333332,10.41,True,True,10.53,112011412.19999999,170108479.137
2025-10-09,10.21,10.44,10.21,10.31,17211537.0,180693705.0,1198188946.0,0.01436462676229697,10.178,10.227,10.2895,10.974833333333333,47.74193505265347,16484860.25,10.999166666666667,10.377999999999998,True,True,10.53,177450946.47,169929149.09649998
2025-10-10,10.33,10.43,10.28,10.39,15135031.0,160109411.0,1198188946.0,0.012631589575689509,10.23,10.213000000000001,10.2955,10.952166666666667,48.73417678336807,16233520.95,11.009833333333335,10.354000000000001,False,True,10.53,157252972.09,167438704.67150003
2025-10-13,10.2,10.23,10.11,10.2,13500006.0,140179981.0,1198188946.0,0.01126700930188685,10.258,10.201,10.2845,10.918833333333334,45.29411727404843,16000020.5,11.0035,10.3275,False,False,10.53,137700061.2,164857129.9165
2025-10-14,10.22,10.27,10.02,10.07,16556200.0,171710994.0,1198188946.0,0.01381768714798342,10.233999999999998,10.18,10.2645,10.886833333333334,45.02923939742142,16087495.55,10.997666666666667,10.302000000000001,True,False,10.53,166720934.0,165441869.69
2025-10-15,10.16,10.33,10.1,10.26,18739169.0,195830965.0,1198188946.0,0.015639577599641786,10.246,10.201,10.264999999999999,10.859166666666665,45.34883684018387,16157544.0,10.988,10.2905,True,True,10.53,192263873.94,166169235.88700002
2025-10-16,10.26,10.41,10.2,10.26,12462528.0,131054801.0,1198188946.0,0.010401137518088905,10.236,10.206999999999999,10.264,10.826166666666666,41.614906470429375,16163812.75,10.974833333333333,10.2895,True,True,10.53,127865537.28,166221216.109
2025-10-17,10.34,10.4,10.06,10.1,14960841.0,156044163.0,1198188946.0,0.012486211836576232,10.178,10.204,10.25,10.787666666666667,42.9487175632807,16021088.8,10.952166666666667,10.2955,True,True,10.53,151104494.1,164530289.73400003
2025-10-20,10.2,10.29,10.19,10.25,11996706.0,125201952.0,1198188946.0,0.010012365779244971,10.187999999999999,10.223,10.241,10.7545,49.10179599555382,15870374.95,10.918833333333334,10.2845,True,True,10.53,122966236.5,162850373.9245
2025-10-21,10.26,10.4,10.22,10.36,11311100.0,119323919.0,1198188946.0,0.009440163872117711,10.246,10.24,10.241,10.723,59.9999994580645,15783219.9,10.886833333333334,10.2645,False,True,10.53,117182996.0,161947447.6065
2025-10-22,10.4,10.49,10.32,10.34,9500307.0,100731796.0,1198188946.0,0.007928888871588706,10.261999999999999,10.254,10.245999999999999,10.698500000000001,54.92957692322955,15643808.7,10.859166666666665,10.264999999999999,False,False,10.53,98233174.38,160567378.45349997
2025-10-23,10.31,10.37,10.12,10.28,13098200.0,136275896.0,1198188946.0,0.010931664862813715,10.266,10.251,10.239,10.676666666666668,55.31914838690202,15238045.15,10.826166666666666,10.264,False,False,10.53,134649496.0,156247634.8625
2025-10-24,10.34,10.34,10.18,10.21,10412964.0,108658255.0,1198188946.0,0.00869058593368128,10.288,10.233,10.223,10.651833333333332,55.31914838690209,14187871.6,10.787666666666667,10.25,False,False,10.53,106316362.44000001,145022699.957
2025-10-27,10.27,10.34,10.22,10.3,12533619.0,131594734.0,1198188946.0,0.010460469562702843,10.297999999999998,10.242999999999999,10.222,10.630333333333335,54.01459798817204,13904162.5,10.7545,10.241,True,False,10.39,129096275.7,142082288.426
2025-10-28,10.37,10.97,10.35,10.93,59935000.0,660273230.0,1198188946.0,0.05002132610226902,10.411999999999999,10.329,10.2545,10.619499999999999,68.34170806191766,15852669.8,10.723,10.241,False,True,10.39,655089550.0,164060830.96999997
2025-10-29,10.83,10.9,10.66,10.81,21834500.0,239817539.0,1198188946.0,0.01822291890848407,10.506,10.384,10.2925,10.6045,62.49999956250002,15953914.8,10.698500000000001,10.245999999999999,False,False,10.93,236030945.0,165908054.21999997
2025-10-30,10.83,10.85,10.62,10.73,20899900.0,228425774.0,1198188946.0,0.017442908374152202,10.596,10.431000000000001,10.319,10.591666666666667,58.49999959050002,16419388.2,10.676666666666668,10.239,False,False,10.93,224255927.0,171209730.25
2025-10-31,10.71,11.05,10.67,10.99,30003700.0,333753792.0,1198188946.0,0.025040875314501523,10.751999999999999,10.52,10.361999999999998,10.588666666666667,69.0821251366427,17393588.2,10.651833333333332,10.223,False,False,10.93,329740663.0,182368535.35
2025-11-03,11.0,11.05,10.85,10.99,22011080.0,245849203.0,1198188946.0,0.0183702913246539,10.89,10.594,10.4085,10.586500000000001,73.71133967424811,17862449.95,10.630333333333335,10.222,False,False,10.99,241901769.20000002,188108799.775
2025-11-04,10.98,10.98,10.72,10.81,16982002.0,187419708.0,1198188946.0,0.014173058478541497,10.866000000000001,10.639,10.439499999999999,10.582500000000001,64.24870419715971,18003295.05,10.619499999999999,10.2545,False,False,10.99,183575441.62,190070453.406
2025-11-05,10.72,10.81,10.7,10.75,12083294.0,132558295.0,1198188946.0,0.01008463151019589,10.854000000000001,10.680000000000001,10.467,10.573,62.31155735057198,18058384.2,10.6045,10.2925,False,False,10.99,129895410.5,190964653.321
2025-11-06,10.73,10.81,10.65,10.75,11359179.0,124432950.0,1198188946.0,0.009480290264670828,10.858,10.727,10.489,10.567166666666667,67.75956232315093,17765766.3,10.591666666666667,10.319,False,False,10.99,122111174.25,188197664.70999998
2025-11-07,10.75,10.84,10.66,10.71,14878980.0,163059048.0,1198188946.0,0.012417891226314152,10.802000000000001,10.777,10.505,10.564666666666666,63.37209250743651,17752963.75,10.588666666666667,10.361999999999998,False,False,10.99,159353875.8,188302709.8955
2025-11-10,10.78,10.96,10.77,10.9,16010184.0,177427897.0,1198188946.0,0.013361986065259526,10.784,10.837,10.540000000000001,10.564166666666667,64.99999949444452,17878472.65,10.586500000000001,10.4085,False,False,10.99,174511005.6,190143257.1155
2025-11-11,10.88,10.91,10.78,10.86,13433271.0,148622441.0,1198188946.0,0.011211312743991881,10.794,10.83,10.5795,10.562166666666666,64.2857137912088,17722326.2,10.582500000000001,10.439499999999999,False,False,10.99,145885323.06,189101476.56849998
2025-11-12,10.85,11.14,10.85,11.14,32222147.0,363198838.0,1198188946.0,0.026892375453445385,10.872,10.863000000000001,10.623500000000002,10.564666666666666,71.07843088475593,18396475.1,10.573,10.467,False,False,10.99,358954717.58000004,197436018.7505
2025-11-13,11.11,11.12,10.94,11.09,21430632.0,240892358.0,1198188946.0,0.017885853538829093,10.940000000000001,10.899000000000001,10.665,10.565500000000002,71.78217772032153,18844880.3,10.567166666666667,10.489,False,False,11.14,237665708.88,202926027.3305
2025-11-14,11.03,11.19,10.98,11.04,21355200.0,242046021.0,1198188946.0,0.017822898526389845,11.006,10.904,10.712,10.566,68.68686820120392,19164598.25,10.564666666666666,10.505,False,False,11.14,235761407.99999997,207158873.0255
2025-11-17,11.08,11.11,10.85,10.93,17610352.0,196227751.0,1198188946.0,0.014697474933974228,11.012,10.898,10.745999999999999,10.563666666666666,49.99999952054795,19445280.55,10.564166666666667,10.540000000000001,False,False,11.14,192481147.35999998,210634618.5685
2025-11-18,10.85,10.97,10.73,10.78,14015109.0,154418277.0,1198188946.0,0.011696910613962549,10.995999999999999,10.895,10.767,10.5585,48.99328813026437,19580481.0,10.562166666666666,10.5795,False,False,11.14,151082875.01999998,212329612.5195
2025-11-19,10.78,10.83,10.4,10.49,16010191.0,172129867.0,1198188946.0,0.013361991907409903,10.866,10.869,10.7745,10.5485,42.94117611695501,19905975.2,10.564666666666666,10.623500000000002,False,False,11.14,167946903.59,215815298.98000002
2025-11-20,10.58,10.64,10.45,10.51,8829373.0,94859778.0,1198188946.0,0.0073689321116471055,10.749999999999998,10.845,10.786,10.538833333333335,33.56164351379246,19692533.85,10.565500000000002,10.665,True,False,11.14,92796710.23,213722659.6915
2025-11-21,10.45,10.58,10.07,10.09,16329783.0,170885815.0,1198188946.0,0.013628721124923481,10.559999999999999,10.783,10.78,10.521333333333333,26.063829593141705,19988374.8,10.566,10.712,True,True,11.14,164767510.47,216645217.093
2025-11-24,10.11,10.22,10.09,10.18,7127410.0,73843134.0,1198188946.0,0.005948485857588608,10.41,10.711,10.774,10.5045,32.4022343834462,19718064.35,10.563666666666666,10.745999999999999,True,True,11.14,72557033.8,213818254.99799997
2025-11-25,10.21,10.44,10.18,10.35,10425321.0,109878786.0,1198188946.0,0.008700898998278691,10.324000000000002,10.66,10.745000000000001,10.490000000000002,39.47368391966758,17242580.4,10.5585,10.767,True,True,11.14,107902072.35,186458881.11550003
2025-11-26,10.41,10.84,10.31,10.43,18518462.0,200060527.0,1198188946.0,0.015455377102101892,10.312000000000001,10.589,10.726,10.476166666666668,41.91919162279358,17076778.5,10.5485,10.7745,True,True,11.14,193147558.66,184314711.7985
2025-11-27,10.43,10.5,10.34,10.35,10056975.0,106529500.0,1198188946.0,0.008393480037997279,10.28,10.514999999999999,10.706999999999999,10.468,41.08910862611506,16534632.25,10.538833333333335,10.786,True,True,11.14,104089691.25,178306400.011
2025-11-28,10.37,10.37,10.22,10.24,10338855.0,108268055.0,1198188946.0,0.008628735087662877,10.309999999999999,10.434999999999999,10.669500000000001,10.461833333333335,32.98969048357955,15551390.0,10.521333333333333,10.78,True,True,11.14,105869875.2,167112860.621
2025-12-01,10.35,10.36,10.21,10.23,9046194.0,94775305.0,1198188946.0,0.007549889381136053,10.319999999999999,10.364999999999998,10.631499999999999,10.455833333333334,33.507853157534086,14903145.7,10.5045,10.774,True,True,11.14,92542564.62,159644900.39200002
2025-12-02,10.23,10.31,10.13,10.25,7945446.0,82820576.0,1198188946.0,0.006631212903878685,10.3,10.312,10.6035,10.448333333333334,23.030302834894357,14451317.9,10.490000000000002,10.745000000000001,True,True,11.14,81440821.5,154538169.386
2025-12-03,10.27,10.54,10.25,10.51,14989459.0,159460343.0,1198188946.0,0.012510096216494388,10.315999999999999,10.314,10.5915,10.449666666666667,34.40860189154813,14596626.15,10.476166666666668,10.726,True,True,11.14,157539214.09,155920359.5655
2025-12-04,10.46,10.51,10.37,10.43,7986300.0,84964447.0,1198188946.0,0.006665309362652057,10.332,10.306,10.5755,10.451333333333334,33.86243361160102,14427982.2,10.468,10.706999999999999,True,True,11.14,83297109.0,153979656.303
2025-12-05,10.43,10.44,10.26,10.39,9373251.0,98751939.0,1198188946.0,0.007822848834727942,10.362,10.336,10.5595,10.453333333333331,35.16483489433644,14152695.75,10.461833333333335,10.669500000000001,True,True,11.14,97388077.89,150881366.4075
2025-12-08,10.41,10.47,10.29,10.33,11618736.0,122944122.0,1198188946.0,0.009696914696791068,10.382,10.350999999999999,10.531,10.451833333333333,36.994219353804,13933123.35,10.455833333333334,10.631499999999999,True,True,11.14,120021542.88,148156893.2715
2025-12-09,10.33,10.39,10.2,10.2,8021716.0,84111661.0,1198188946.0,0.006694867305177092,10.372,10.336,10.498000000000001,10.447333333333331,40.76433084668746,13662545.6,10.448333333333334,10.6035,True,True,11.14,81821503.19999999,144953702.27850002
2025-12-10,10.21,10.24,10.15,10.23,7104508.0,73832647.0,1198188946.0,0.005929372010747961,10.315999999999999,10.315999999999999,10.452499999999999,10.447,41.13924014180422,12406663.65,10.449666666666667,10.5915,True,True,11.14,72679116.84,130639922.24149999
2025-12-11,10.26,10.28,10.14,10.16,6786098.0,70585698.0,1198188946.0,0.005663629282054819,10.262,10.297,10.406,10.445,52.84552785379075,11674436.95,10.451333333333334,10.5755,True,True,11.09,68946755.68,122203974.58150001
2025-12-12,10.17,10.2,10.09,10.12,8403600.0,86766438.0,1198188946.0,0.007013584984283438,10.208,10.285,10.36,10.440666666666665,47.45762655558746,11026856.95,10.453333333333331,10.5595,True,True,11.04,85044432.0,114668125.78150001
2025-12-15,10.11,10.15,10.03,10.05,6853400.0,70566185.0,1198188946.0,0.0057197990541301485,10.152,10.267,10.316,10.434333333333335,36.11111064300417,10489009.35,10.451833333333333,10.531,True,True,10.93,68876670.0,108487901.9135
2025-12-16,10.04,10.06,9.79,9.83,12485904.0,125547852.0,1198188946.0,0.010420646961969218,10.078,10.225,10.2685,10.425500000000001,25.409835773985506,10412549.1,10.447333333333331,10.498000000000001,True,True,10.78,122736436.32000001,107070579.9785
2025-12-17,9.88,9.93,9.8,9.89,8913000.0,89717722.0,1198188946.0,0.007438726612989468,10.01,10.163,10.2385,10.419666666666668,30.833332973611178,10057689.55,10.447,10.452499999999999,True,True,10.51,88149570.0,103080713.299
2025-12-18,9.89,9.94,9.85,9.91,5489346.0,55457000.0,1198188946.0,0.004581369255930358,9.96,10.111,10.2085,10.411166666666666,35.13513469198929,9890688.2,10.445,10.406,True,True,10.51,54399418.86,101160848.7305
2025-12-19,9.94,10.11,9.88,10.09,7980294.0,81745788.0,1198188946.0,0.0066602967976304465,9.953999999999999,10.081,10.2085,10.403833333333333,44.531249512939446,9473213.75,10.440666666666665,10.36,True,True,10.51,80521166.46,96948531.53
2025-12-22,10.09,10.09,9.95,9.96,9840100.0,100331458.0,1198188946.0,0.008212477700491154,9.936000000000002,10.044,10.1975,10.397833333333333,39.56834492521095,9608848.25,10.434333333333335,10.316,True,True,10.51,98007396.00000001,98221049.64
2025-12-23,9.98,10.05,9.86,9.88,7242730.0,73369000.0,1198188946.0,0.006044731112049501,9.946000000000002,10.012,10.174000000000001,10.391166666666665,23.966941871456925,9449718.7,10.425500000000001,10.2685,True,True,10.51,71558172.4,96403854.64250001
2025-12-24,9.89,9.96,9.85,9.95,5330864.0,53945449.0,1198188946.0,0.004449101302258216,9.958000000000002,9.984,10.15,10.3895,29.999999649999978,8790338.8,10.419666666666668,10.2385,True,True,10.51,53042096.8,89398581.5495
2025-12-25,9.98,9.99,9.92,9.96,6739010.0,68461622.0,1198188946.0,0.005624329971076198,9.968,9.964,10.130500000000001,10.3855,31.62393124552564,8624440.55,10.411166666666666,10.2085,True,True,10.51,67120539.60000001,87550123.96700001
2025-12-26,9.96,9.98,9.88,9.91,6058752.0,61385082.0,1198188946.0,0.005056591466835315,9.931999999999999,9.943000000000001,10.114,10.381833333333333,31.89655133917958,8410435.4,10.403833333333333,10.2085,True,True,10.51,60042232.32,85258741.823
2025-12-29,9.91,9.93,9.8,9.8,8791060.0,88323472.0,1198188946.0,0.007336956353459799,9.900000000000002,9.918000000000001,10.0925,10.3775,32.456139952293086,8397678.7,10.397833333333333,10.1975,True,True,10.51,86152388.0,84939232.99200001
2025-12-30,9.78,9.79,9.66,9.69,10634670.0,105315875.0,1198188946.0,0.008875620189538955,9.862,9.904,10.0645,10.369166666666667,27.868852139209864,8532139.9,10.391166666666665,10.174000000000001,True,True,10.51,103049952.3,86019689.532
2025-12-31,9.68,9.75,9.68,9.7,5549358.0,54981825.0,1198188946.0,0.00463145484568675,9.812000000000001,9.885000000000002,10.024000000000001,10.360833333333334,30.172413428953604,8060134.85,10.3895,10.15,True,True,10.51,53828772.599999994,80834167.4575
2026-01-05,9.72,10.07,9.71,10.01,16409865.0,166734759.0,1198188946.0,0.013695556994397442,9.822,9.895,10.003,10.355833333333333,46.15384570199034,8481313.1,10.3855,10.130500000000001,True,True,10.43,164262748.65,84882449.44
2026-01-06,10.08,10.08,9.93,10.0,11084094.0,112951243.0,1198188946.0,0.009250706273833375,9.84,9.886,9.9835,10.349333333333334,48.17518198945067,8566855.25,10.381833333333333,10.114,False,True,10.39,110840940.0,85555092.54550001
2026-01-07,10.24,10.43,10.2,10.2,22739675.0,239001414.0,1198188946.0,0.018978371546418855,9.919999999999998,9.91,9.977,10.349333333333334,63.703703043072686,9122902.2,10.3775,10.0925,False,False,10.33,231944684.99999997,91151249.6515
2026-01-08,10.21,10.44,10.18,10.28,16895862.0,177194391.0,1198188946.0,0.01410116664521457,10.038,9.95,9.981,10.352833333333333,64.23357598593424,9566609.5,10.369166666666667,10.0645,False,False,10.23,173689461.35999998,95744647.5595
2026-01-09,10.28,10.45,10.23,10.45,16810443.0,177613173.0,1198188946.0,0.014029876553376248,10.187999999999999,10.0,9.992,10.356,67.76315727060248,10051906.25,10.360833333333334,10.024000000000001,False,False,10.28,175669129.35,100894148.185
2026-01-12,10.45,10.51,10.24,10.33,19500361.0,205628881.0,1198188946.0,0.016274863046516538,10.251999999999999,10.037,10.000499999999999,10.357166666666668,58.21917752392571,10687619.4,10.355833333333333,10.003,False,False,10.45,201438729.13,107518746.8575
2026-01-13,10.41,10.56,10.34,10.38,18795972.0,200202460.0,1198188946.0,0.01568698498074777,10.328,10.084,10.0135,10.361833333333333,65.21739064272211,11207238.0,10.349333333333334,9.9835,False,False,10.45,195102189.36,113021634.72549999
2026-01-14,10.44,10.58,10.28,10.39,25714832.0,274542360.0,1198188946.0,0.021461416486811755,10.366,10.142999999999999,10.0305,10.364166666666668,69.46564811258085,12150309.6,10.349333333333334,9.977,False,False,10.45,267177104.48000002,122936656.4495
2026-01-15,10.36,10.48,10.3,10.4,10481136.0,111313356.0,1198188946.0,0.008747481801588913,10.39,10.214,10.059000000000001,10.364833333333333,67.99999923840002,12050071.2,10.352833333333333,9.981,False,False,10.45,109003814.4,122250025.35350001
2026-01-16,10.43,10.46,10.26,10.29,12006806.0,126456483.0,1198188946.0,0.01002079516764295,10.358,10.273,10.078999999999999,10.363999999999999,62.22222157695466,12204761.5,10.356,9.992,False,False,10.45,123550033.74,124020048.5405
2026-01-19,10.13,10.46,10.1,10.33,15578054.0,163844725.0,1198188946.0,0.013001333430762598,10.358,10.305000000000001,10.1,10.364833333333333,65.67164110492314,12709196.9,10.357166666666668,10.000499999999999,False,False,10.45,160921297.82,129346142.4885
2026-01-20,10.37,10.43,10.31,10.38,10368925.0,109663650.0,1198188946.0,0.008653831296487358,10.358,10.343,10.1145,10.367666666666668,72.65624920532223,12828628.45,10.361833333333333,10.0135,False,False,10.45,107629441.50000001,130701556.2405
2026-01-21,10.42,10.42,10.26,10.31,12818731.0,135285735.0,1198188946.0,0.010698422016655794,10.342000000000002,10.354000000000001,10.132000000000001,10.367833333333332,74.99999915322582,12977560.0,10.364166666666668,10.0305,False,False,10.45,132161116.61,132409242.271
2026-01-22,10.32,10.34,10.24,10.3,11042805.0,115908807.0,1198188946.0,0.009216246767143853,10.322,10.356,10.153,10.357333333333335,74.1935475494277,13167563.75,10.364833333333333,10.059000000000001,False,False,10.45,113740891.50000001,134518378.226
2026-01-23,10.32,10.4,10.28,10.38,11956600.0,126423687.0,1198188946.0,0.009978893595968794,10.34,10.349,10.1745,10.350166666666667,68.31683073620238,13498850.55,10.363999999999999,10.078999999999999,False,False,10.45,124109508.00000001,138071748.78599998
2026-01-26,10.52,10.81,10.35,10.73,33023551.0,357613997.0,1198188946.0,0.02756122155044485,10.42,10.389,10.213,10.350166666666667,77.03703623813442,14813077.6,10.364833333333333,10.1,False,False,10.45,354342702.23,152432856.9175
2026-01-27,10.74,11.12,10.34,10.85,48739714.0,533966700.0,1198188946.0,0.04067781977351008,10.514,10.436000000000002,10.26,10.347833333333334,75.5905503478207,16947125.7,10.367666666666668,10.1145,False,False,10.73,528825896.9,175872040.14650002
2026-01-28,10.85,10.86,10.54,10.62,26726200.0,289831014.0,1198188946.0,0.02230549704971156,10.576,10.459,10.301,10.341666666666669,61.9718303749256,17843882.7,10.367833333333332,10.132000000000001,False,False,10.85,283832244.0,185756032.9465
2026-01-29,10.51,10.54,10.33,10.42,16996511.0,180934777.0,1198188946.0,0.014185167587082714,10.6,10.461,10.3375,10.335166666666668,48.96551676860883,18161974.75,10.357333333333335,10.153,False,False,10.85,177103644.62,189458717.5625
2026-01-30,10.39,10.52,10.23,10.29,14211600.0,150094742.0,1198188946.0,0.011860900609577148,10.581999999999999,10.461000000000002,10.367,10.327499999999999,48.63013651998496,18595086.85,10.350166666666667,10.1745,False,False,10.85,146237364.0,194079147.1325
2026-02-02,10.26,10.38,10.01,10.03,17491500.0,181860896.0,1198188946.0,0.014598281897352773,10.442,10.431,10.368,10.315499999999998,39.52095775251888,18649168.6,10.350166666666667,10.213,True,False,10.85,175439745.0,194637996.95
2026-02-03,10.09,10.2,10.04,10.11,9544028.0,98420635.0,1198188946.0,0.007965378108237029,10.294,10.404,10.3735,10.305499999999999,41.95402265094462,18572165.3,10.347833333333334,10.26,True,True,10.85,96490123.08,193920456.104
2026-02-04,10.1,10.22,10.03,10.2,11173595.0,115518405.0,1198188946.0,0.009325403173933136,10.209999999999999,10.392999999999999,10.3735,10.293833333333334,44.505494163144526,17993861.3,10.341666666666669,10.301,True,True,10.85,113970668.99999999,188021755.304
2026-02-05,10.2,10.41,10.16,10.3,12028949.0,126524320.0,1198188946.0,0.010039275558464383,10.186,10.392999999999999,10.3745,10.2845,50.27624270504568,17750515.65,10.335166666666668,10.3375,True,True,10.85,123898174.7,185532190.97100002
2026-02-06,10.31,10.48,10.27,10.29,14178000.0,150332754.0,1198188946.0,0.011832858287777928,10.186,10.384,10.366499999999998,10.270333333333333,48.876404109960845,17618893.5,10.327499999999999,10.367,True,True,10.85,145891620.0,184043315.50349998
2026-02-09,10.34,10.38,10.23,10.26,11427603.0,119657019.0,1198188946.0,0.009537396449991953,10.232,10.337,10.363000000000001,10.256499999999999,46.59090872029956,17215255.6,10.315499999999998,10.368,True,True,10.85,117247206.78,179833739.38599998
2026-02-10,10.28,10.47,10.22,10.37,11134000.0,117719285.0,1198188946.0,0.009292357467634325,10.283999999999999,10.289,10.3625,10.245333333333333,51.66666626481478,16832157.0,10.305499999999999,10.3735,True,True,10.85,115459579.99999999,175851608.918
2026-02-11,10.41,10.46,10.35,10.39,7847300.0,83268715.0,1198188946.0,0.006549300948065999,10.322,10.266,10.3625,10.236333333333334,52.48618743933335,15938780.4,10.293833333333334,10.3735,False,True,10.85,81533447.0,166569426.044
2026-02-12,10.37,10.4,10.27,10.3,6910500.0,72761347.0,1198188946.0,0.005767454309330609,10.322,10.254,10.3575,10.228333333333332,47.80219743448859,15760248.6,10.2845,10.3745,False,False,10.85,71178150.0,164678142.824
2026-02-13,10.33,10.34,10.1,10.11,8698788.0,90626102.0,1198188946.0,0.007259946796404513,10.286,10.236,10.3485,10.222000000000001,31.32530094063,15594847.7,10.270333333333333,10.366499999999998,True,False,10.85,87944746.67999999,162897878.471
2026-02-24,10.29,10.3,10.19,10.19,8309285.0,86763570.0,1198761196.0,0.006931559870077743,10.272,10.252,10.3415,10.216666666666667,29.629629373571163,15231409.25,10.256499999999999,10.363000000000001,True,True,10.85,84671614.14999999,159085394.2875
2026-02-25,10.17,10.39,10.17,10.27,8948500.0,94149174.0,1198761196.0,0.007464789509252684,10.252,10.268,10.336,10.219666666666667,38.09523773242635,15160388.0,10.245333333333333,10.3625,True,True,10.85,91901095.0,158298976.9625
2026-02-26,10.25,10.31,10.18,10.21,9339700.0,97386472.0,1198761196.0,0.007791126398789438,10.216,10.269,10.331,10.220166666666666,42.105262714681494,14986436.45,10.236333333333334,10.3625,True,True,10.85,95358337.00000001,156458837.982
2026-02-27,10.2,10.23,10.17,10.21,6274505.0,65247824.0,1198761196.0,0.00523415757945505,10.197999999999999,10.260000000000002,10.3265,10.217833333333333,46.6666661222223,14748021.45,10.228333333333332,10.3575,True,True,10.85,64062696.050000004,153974928.2095
2026-03-02,10.13,10.17,9.95,10.02,13309054.0,136434973.0,1198761196.0,0.011102339685676647,10.18,10.233,10.308499999999999,10.211,49.55752150990682,14815644.15,10.222000000000001,10.3485,True,True,10.85,133356721.08,154437288.8635
2026-03-03,9.99,10.1,9.8,9.84,13517900.0,136982568.0,1198761196.0,0.011276557870830513,10.11,10.190999999999999,10.264,10.202499999999999,39.02438979972244,13840361.6,10.216666666666667,10.3415,True,True,10.85,133016136.0,143370960.552
2026-03-04,9.8,9.9,9.67,9.77,12460729.0,124085637.0,1198761196.0,0.01039467163399907,10.010000000000002,10.131,10.209999999999999,10.194666666666667,32.231404585752415,12026412.35,10.219666666666667,10.336,True,True,10.85,121741322.33,123016731.82349999
2026-03-05,9.88,9.92,9.75,9.77,10376924.0,103868312.0,1198761196.0,0.008656372957871418,9.922,10.068999999999999,10.1675,10.187,26.126125796607425,11208948.55,10.220166666666666,10.331,True,True,10.62,101382547.47999999,113894246.99749999
2026-03-06,9.79,10.19,9.78,10.17,16735677.0,171453240.0,1198761196.0,0.013960809755807277,9.913999999999998,10.056000000000001,10.155000000000001,10.185666666666666,45.9999995706667,11195906.85,10.217833333333333,10.3265,True,True,10.42,170201835.09,113549156.521
2026-03-09,10.08,10.25,10.07,10.13,14964171.0,155179074.0,1198761196.0,0.01248302918874261,9.936,10.058000000000002,10.147,10.179333333333334,45.69536381474501,11233535.4,10.211,10.308499999999999,False,True,10.39,151587052.23000002,113816640.9325
2026-03-10,10.18,10.3,10.13,10.24,12192722.0,127154327.0,1198761196.0,0.010171101667858791,10.016000000000002,10.063,10.157499999999999,10.176166666666667,45.69536381474501,10968596.5,10.202499999999999,10.264,True,False,10.39,124853473.28,111287327.3465
2026-03-11,10.25,10.27,10.16,10.23,8675268.0,90430957.0,1198761196.0,0.007236860876834722,10.108,10.059000000000001,10.1635,10.173499999999999,44.66666624977778,10925158.5,10.194666666666667,10.209999999999999,False,True,10.39,88747991.64,110900220.77450001
2026-03-12,10.23,10.36,10.2,10.28,10974500.0,115264503.0,1198761196.0,0.009154867572139864,10.209999999999999,10.065999999999999,10.1675,10.172666666666666,49.31506802026642,10915203.75,10.187,10.1675,False,False,10.39,112817860.0,110842580.32450001
2026-03-13,10.27,10.39,10.25,10.34,10509224.0,110849062.0,1198761196.0,0.008766736890605859,10.244,10.078999999999999,10.169500000000001,10.175,58.646615924020615,10839217.5,10.185666666666666,10.155000000000001,False,False,10.39,108665376.16,110080940.3975
2026-03-16,10.33,10.49,10.29,10.41,11584837.0,122974295.0,1198761196.0,0.00966400734245989,10.3,10.118,10.175500000000001,10.178,58.33333271464651,10709559.35,10.179333333333334,10.147,False,False,10.39,120598153.17,108816267.056
2026-03-17,10.41,10.52,10.34,10.37,12057700.0,128467454.0,1198761196.0,0.010058467057687443,10.325999999999999,10.171,10.181000000000001,10.1815,53.906249410400385,10741064.2,10.176166666666667,10.157499999999999,False,False,10.41,125038348.99999999,109205824.16700001
2026-03-18,10.37,10.44,10.25,10.32,10422136.0,109779090.0,1198761196.0,0.008694088559736796,10.344,10.226,10.1785,10.184833333333334,54.33070806249611,10705471.0,10.173499999999999,10.1635,False,False,10.41,107556443.52,108810667.34300001
2026-03-19,10.28,10.35,10.13,10.18,8968500.0,93687278.0,1198761196.0,0.0074814733993107995,10.324,10.267,10.168000000000001,10.187000000000001,48.93616972687487,10761531.0,10.172666666666666,10.1675,False,False,10.41,91299330.0,109298961.493
2026-03-20,10.18,10.28,10.07,10.11,9810700.0,101747379.0,1198761196.0,0.008184032009658077,10.278,10.261,10.1585,10.191666666666666,53.488371512529305,10906541.0,10.175,10.169500000000001,False,False,10.41,99186177.0,110699362.84300001
2026-03-23,10.06,10.08,9.22,9.31,25104701.0,245629960.0,1198761196.0,0.020942203571294112,10.058,10.178999999999998,10.118500000000001,10.181999999999999,36.125654185466416,11726836.65,10.178,10.175500000000001,True,False,10.41,233724766.31,117988363.8245
2026-03-24,9.46,9.64,9.35,9.63,11799720.0,114122155.0,1198761196.0,0.009843261559827801,9.91,10.117999999999999,10.0905,10.177333333333333,46.75925895619002,11901358.4,10.1815,10.181000000000001,True,True,10.41,113631303.60000001,119436348.297
2026-03-25,9.66,9.71,9.6,9.65,9731133.0,95865585.0,1198761196.0,0.00811765765564537,9.776,10.059999999999999,10.0595,10.169999999999998,47.247706118592724,11940490.05,10.184833333333334,10.1785,True,True,10.41,93905433.45,119536565.21949999
2026-03-26,9.66,9.85,9.62,9.68,8836574.0,87641675.0,1198761196.0,0.0073714214553204475,9.676,10.0,10.033,10.165333333333335,36.46408811574735,11915333.75,10.187000000000001,10.168000000000001,True,True,10.41,85538036.32,119045550.1855
2026-03-27,9.66,10.07,9.56,10.04,15421564.0,155554587.0,1198761196.0,0.012864583915010209,9.662,9.97,10.0245,10.168000000000001,47.88732362890957,12372686.7,10.191666666666666,10.1585,True,True,10.41,154832502.55999997,123584040.511
2026-03-30,9.99,10.24,9.91,10.2,12344601.0,127928859.0,1198761196.0,0.010297798294765624,9.84,9.949,10.0335,10.172166666666667,49.08256849213027,12324464.05,10.181999999999999,10.118500000000001,False,True,10.41,125914930.19999999,123211950.96700001
2026-03-31,10.18,10.42,10.14,10.26,12461602.0,131159426.0,1198761196.0,0.010395399885800106,9.966,9.937999999999999,10.0545,10.177166666666666,50.672645421786065,12271649.15,10.177333333333333,10.0905,False,False,10.41,127856036.52,122953945.993
2026-04-01,10.34,10.58,10.2,10.56,17596791.0,187230629.0,1198761196.0,0.014679146320982515,10.148,9.962,10.094,10.187999999999999,55.64516097619669,12528452.25,10.169999999999998,10.0595,False,False,10.41,185822112.96,126157985.52449998
2026-04-02,10.53,10.63,10.46,10.53,13903469.0,149516334.0,1198761196.0,0.011598197411121405,10.318,9.997,10.132000000000001,10.200166666666666,53.87755071253643,12704779.5,10.165333333333335,10.033,False,False,10.56,146403528.57,128409034.579
2026-04-03,10.42,10.54,10.32,10.32,13666699.0,144936744.0,1198761196.0,0.011400685178668397,10.373999999999999,10.018,10.1395,10.210666666666667,48.26254800166963,12551330.6,10.168000000000001,10.0245,False,False,10.56,141040333.68,126950959.50850001
2026-04-07,10.39,10.53,10.23,10.43,11350675.0,120405099.0,1198761196.0,0.009468670689270459,10.42,10.129999999999999,10.1545,10.222833333333334,51.12781927977841,12370655.8,10.172166666666667,10.0335,False,False,10.56,118387540.25,125290983.9095
2026-04-08,10.37,10.53,10.08,10.16,32256525.0,335307846.0,1198761196.0,0.026908215837843988,10.4,10.183,10.150500000000001,10.225333333333333,47.22222199266975,13373845.95,10.177166666666666,10.0545,False,False,10.56,327726294.0,135434624.9455
2026-04-09,10.12,10.4,10.01,10.07,19842740.0,206345016.0,1198761196.0,0.01655270463058933,10.302,10.225,10.1425,10.226499999999998,48.05653686473799,13932219.55,10.187999999999999,10.094,False,False,10.56,199816391.8,140988044.9535
2026-04-10,10.08,10.21,9.99,10.07,12973304.0,133404697.0,1198761196.0,0.010822258881326019,10.21,10.264,10.132,10.224333333333334,49.2753620688931,14032159.75,10.200166666666666,10.132000000000001,True,False,10.56,130641171.28,141879210.51749998
2026-04-13,10.03,10.11,9.94,10.03,10088900.0,103151356.0,1198761196.0,0.008416104920366475,10.152000000000001,10.263,10.116499999999998,10.220166666666668,67.99999952399997,14011143.55,10.210666666666667,10.1395,True,True,10.56,101191667.0,141505525.0595
2026-04-14,10.04,10.16,9.97,10.15,10409457.0,106770682.0,1198761196.0,0.008683511807634454,10.096,10.258,10.1035,10.215166666666667,64.44444394320986,13952374.55,10.222833333333334,10.1545,True,True,10.56,105655988.55,140758416.8285
2026-04-15,10.2,11.17,10.2,11.17,49333220.0,548437452.0,1198761196.0,0.0411535009346432,10.297999999999998,10.349,10.1435,10.229166666666666,77.14285675714285,15816150.55,10.225333333333333,10.150500000000001,False,True,10.56,551052067.4,162059102.74850002
2026-04-16,11.69,12.0,11.23,11.3,109614961.0,1284320403.0,1198761196.0,0.09144019790243528,10.544,10.423,10.192499999999999,10.244499999999999,77.93103410653983,20775791.8,10.226499999999998,10.1425,False,False,11.17,1238649059.3000002,218613733.5375
2026-04-17,11.24,11.4,10.89,11.02,61553832.0,692387500.0,1198761196.0,0.051347868287188035,10.734,10.472,10.2345,10.254999999999999,67.37588619033247,23405058.4,10.224333333333334,10.132,False,False,11.3,678323228.64,247964928.4695
2026-04-20,10.93,11.01,10.79,10.95,37190748.0,413581895.0,1198761196.0,0.031024317540555426,10.918,10.535,10.2765,10.264166666666666,63.73626340941108,24774060.8,10.220166666666668,10.116499999999998,False,False,11.3,407238690.59999996,263367554.14949998
2026-04-21,10.92,11.08,10.81,10.84,30418712.0,338845132.0,1198761196.0,0.025375122335875144,11.056000000000001,10.576,10.353,10.273333333333333,60.43165437192692,25039761.35,10.215166666666667,10.1035,False,False,11.3,329738838.08,268168257.738
2026-04-22,10.79,11.16,10.7,11.15,38619959.0,433163741.0,1198761196.0,0.03221655750024795,11.052,10.675,10.429,10.287,60.57347639855602,26380773.3,10.229166666666666,10.1435,False,False,11.3,430612542.85,284017319.7005
2026-04-23,11.06,11.16,10.85,11.02,32313440.0,361492958.0,1198761196.0,0.026955694017976872,10.995999999999999,10.77,10.497499999999999,10.297666666666666,58.47750836723698,27509888.65,10.244499999999999,10.192499999999999,False,False,11.3,356094108.8,297126753.468
2026-04-24,11.02,11.21,10.86,11.15,34359963.0,388123332.0,1198761196.0,0.028662892254647188,11.022,10.878,10.571,10.311666666666667,64.76868295133039,28786058.1,10.254999999999999,10.2345,False,False,11.3,383113587.45,312005531.0245
2026-04-27,11.07,11.42,10.99,11.42,38478449.0,441423251.0,1198761196.0,0.03209851063614175,11.116,11.017,10.64,10.330333333333332,66.666666352413,29938902.35,10.264166666666666,10.2765,False,False,11.3,439423887.58,326235100.2755
2026-04-28,11.45,11.52,11.2,11.29,40795134.0,471953459.0,1198761196.0,0.0340310765281061,11.206,11.131,10.694500000000001,10.3455,69.96466396483906,31361429.0,10.273333333333333,10.353,False,False,11.42,460577062.85999995,342968206.9085
2026-04-29,11.21,11.42,10.94,11.24,33234525.0,380318532.0,1198761196.0,0.027724058061685874,11.224,11.138,10.743500000000001,10.354000000000001,70.96774157937331,32400075.15,10.287,10.429,False,False,11.42,373556061.0,355253208.1325
2026-04-30,11.21,11.3,11.1,11.1,26480314.0,302162241.0,1198761196.0,0.02208973237401989,11.24,11.117999999999999,10.7705,10.358166666666666,67.57679148598116,32844251.3,10.297666666666666,10.497499999999999,False,False,11.42,293931485.4,360658676.75450003
2026-05-06,11.03,11.59,10.94,11.36,40620948.0,470306645.0,1198761196.0,0.03388577152442295,11.282,11.152,10.812,10.370499999999998,71.1111107950617,34180125.25,10.311666666666667,10.571,False,False,11.42,461453969.28,376411198.79
2026-05-07,11.29,11.49,11.25,11.39,23571552.0,273393112.0,1198761196.0,0.019663259103358564,11.276,11.196,10.8655,10.386666666666665,70.26143758703915,34675367.9,10.330333333333332,10.64,False,False,11.42,268479977.28000003,382783180.96999997
2026-05-08,11.35,11.44,11.22,11.32,21669821.0,249897003.0,1198761196.0,0.018076845557152985,11.282,11.244,10.91,10.403833333333333,53.554502014330325,35191325.2,10.3455,10.694500000000001,False,False,11.42,245302373.72,389128922.6435
2026-05-11,11.33,11.6,11.16,11.58,36038407.0,419066987.0,1198761196.0,0.030063041012882437,11.35,11.287,10.981,10.429666666666668,56.24999964843748,35380419.3,10.354000000000001,10.743500000000001,False,False,11.42,417324753.06,393608845.59650004
2026-05-12,11.5,11.5,11.23,11.23,25569694.0,295645293.0,1198761196.0,0.021330098175783796,11.376,11.308,11.039,10.448333333333332,54.545454214876045,35666767.0,10.358166666666666,10.7705,False,False,11.58,287147663.62,397975409.1875
2026-05-13,11.23,11.32,11.12,11.24,16649861.0,190730848.0,1198761196.0,0.013889222520345912,11.352,11.317,11.0975,10.465666666666666,56.44444409323459,35850594.85,10.370499999999998,10.812,False,False,11.58,187144437.64000002,400800572.5055
2026-05-14,11.3,11.49,11.12,11.29,31231800.0,360721351.0,1198761196.0,0.026053395875853827,11.331999999999999,11.304,11.1605,10.482166666666668,60.27397221742664,36907739.85,10.386666666666665,10.8655,False,False,11.58,352607022.0,413371340.2555
2026-05-15,11.24,11.34,10.89,10.94,26792190.0,302787553.0,1198761196.0,0.02234989761880814,11.256,11.269,11.2,10.492999999999999,45.29147953628666,37726876.5,10.403833333333333,10.91,False,False,11.58,293106558.59999996,422743868.758
2026-05-18,11.02,11.06,10.58,10.71,26405619.0,290880745.0,1198761196.0,0.02202742221562534,11.081999999999999,11.216,11.177000000000001,10.500499999999999,43.34763922452065,36580496.45,10.429666666666668,10.981,True,False,11.58,282804179.49,409331474.3625
2026-05-19,10.77,10.86,10.59,10.68,16960652.0,185025257.0,1198761196.0,0.014148482664098513,10.972,11.174000000000001,11.145999999999999,10.505666666666665,39.46188316032897,31947781.0,10.448333333333332,11.039,True,True,11.58,181139763.35999998,356456009.5655
2026-05-20,10.61,10.74,10.43,10.71,17105238.0,184995362.0,1198761196.0,0.014269095510495653,10.866,11.109,11.1305,10.511,32.16080379384361,29725351.3,10.465666666666666,11.0975,True,True,11.58,183197098.98000002,331699703.0825
2026-05-21,10.65,10.82,10.41,10.46,14545278.0,157800990.0,1198761196.0,0.012133590950836885,10.7,11.016000000000002,11.106,10.513666666666667,30.33175335324907,28593077.8,10.482166666666668,11.1605,True,True,11.58,152143607.88000003,318944948.9465
2026-05-22,10.7,10.7,10.29,10.44,15867619.0,168738852.0,1198761196.0,0.013236680544003862,10.600000000000001,10.928,11.086,10.519166666666667,30.769230562130176,27865523.15,10.492999999999999,11.2,True,True,11.58,165657942.35999998,310740904.1605
2026-05-25,10.43,10.46,10.24,10.32,13783143.0,145211214.0,1198761196.0,0.01149782212336476,10.522000000000002,10.802,11.0445,10.521333333333333,31.067960953907075,26623682.35,10.500499999999999,11.177000000000001,True,True,11.58,142242035.76,296322378.806
2026-05-26,10.31,10.5,10.16,10.28,12322200.0,129244702.0,1198761196.0,0.01027911150370603,10.442000000000002,10.706999999999999,11.0075,10.5215,20.6521737559074,25624120.35,10.505666666666665,11.145999999999999,True,True,11.58,126672215.99999999,284851284.166
2026-05-27,10.23,10.27,10.05,10.09,12187700.0,125944106.0,1198761196.0,0.010166912343065198,10.318,10.592,10.9545,10.5195,17.499999877499988,24515507.2,10.511,11.1305,True,True,11.58,122973893.0,271844299.4435
2026-05-28,10.1,10.11,9.82,9.94,11744820.0,119354928.0,1198761196.0,0.009797464281618271,10.213999999999999,10.456999999999999,10.8805,10.514999999999999,16.826922963664927,23178825.75,10.513666666666667,11.106,True,True,11.58,116743510.8,255710280.6045
2026-05-29,10.0,10.13,9.91,10.05,13664846.0,139420652.0,1198761196.0,0.011399139416254511,10.136,10.367999999999999,10.8185,10.515500000000001,10.362694225348378,21822311.35,10.519166666666667,11.086,True,True,11.58,137331702.3,239548012.5765
2026-06-01,10.05,10.08,9.88,9.95,13218221.0,134211920.0,1198761196.0,0.011026567296394202,10.062,10.292,10.754,10.517333333333333,11.904761805555594,20821496.15,10.521333333333333,11.0445,True,True,11.58,131521298.94999999,227446274.47400004
2026-06-02,9.95,10.0,9.75,9.78,12602400.0,126662551.0,1198761196.0,0.01051285280342024,9.962,10.202,10.687999999999999,10.5175,10.326086877953728,20127600.45,10.5215,11.0075,True,True,11.58,123251471.99999999,218912273.804
2026-06-03,9.83,9.83,9.64,9.72,10040111.0,99605526.0,1198761196.0,0.008375405404764204,9.888,10.103,10.606,10.516666666666667,7.567567510299597,18598558.6,10.5195,10.9545,True,True,11.58,97589878.92,200719069.286
2026-06-04,9.71,9.77,9.43,9.49,10338715.0,100739705.0,1198761196.0,0.008624499220109891,9.798,10.006,10.511,10.505333333333333,8.09248548364475,17936916.75,10.514999999999999,10.8805,True,True,11.58,98114405.35000001,192200790.6895
2026-06-05,9.56,9.66,9.5,9.56,9248600.0,90343853.0,1198761196.0,0.0077151312795747185,9.7,9.918,10.423,10.495833333333334,13.375796059069458,17315855.7,10.515500000000001,10.8185,True,True,11.58,88416616.0,184356502.8035
2026-06-08,9.61,9.79,9.26,9.36,18909081.0,183316774.0,1198761196.0,0.015773851425200786,9.582,9.822,10.312,10.481166666666667,12.068965420134887,16459389.4,10.517333333333333,10.754,True,True,11.58,176988998.16,172339715.0585
2026-06-09,9.36,9.41,9.2,9.29,13054836.0,123599675.0,1198761196.0,0.010890272427536936,9.484,9.723,10.215,10.4655,10.112359471026437,15833646.5,10.5175,10.687999999999999,True,True,11.29,121279426.43999998,164046303.1995
2026-06-10,9.21,9.49,9.21,9.47,12216321.0,116803792.0,1198761196.0,0.010190787823932866,9.434000000000001,9.661,10.126499999999998,10.452,21.052631406586755,15611969.5,10.516666666666667,10.606,True,True,11.29,115688559.87,160473509.311
2026-06-11,9.39,9.58,9.38,9.41,9972200.0,96194765.0,1198761196.0,0.008318754421877366,9.418000000000001,9.608,10.0325,10.4365,20.57142840685725,14548989.5,10.505333333333333,10.511,True,True,11.29,93838402.0,147535078.311
2026-06-12,9.47,9.88,9.36,9.8,20661707.0,205036207.0,1198761196.0,0.017235882400050594,9.466,9.583000000000002,9.9755,10.426333333333332,37.12871261395947,14242465.35,10.495833333333334,10.423,True,True,10.94,202484728.60000002,143003986.81100002
2026-06-15,9.77,9.97,9.71,9.95,14940642.0,149831532.0,1198761196.0,0.012463401426283738,9.584,9.583,9.9375,10.419333333333332,42.253520849037905,13669216.5,10.481166666666667,10.312,True,True,10.71,148659387.89999998,136296747.23149997
2026-06-16,10.0,10.1,9.71,9.76,14761887.0,145890534.0,1198761196.0,0.012314284987916809,9.678,9.581,9.8915,10.41,42.253520849037905,13559278.25,10.4655,10.215,False,True,10.71,144076017.12,134443559.91950002
2026-06-17,9.72,9.78,9.56,9.65,8490306.0,81738562.0,1198761196.0,0.0070825665931882565,9.714,9.574000000000002,9.8385,10.401166666666665,43.062200668482895,13128531.65,10.452,10.126499999999998,True,False,10.71,81931452.9,129380277.6155
2026-06-18,9.75,9.93,9.57,9.85,14893900.0,145508638.0,1180272096.0,0.012619039330401996,9.802,9.61,9.808,10.396833333333332,45.41284374505511,13145962.75,10.4365,10.0325,True,True,10.46,146704915.0,129108342.9715
2026-06-22,9.66,9.82,9.35,9.69,18836393.0,179815845.0,1180272096.0,0.01595936484801891,9.78,9.623000000000001,9.7705,10.403166666666667,44.1964282952009,13294401.45,10.426333333333332,9.9755,False,True,10.44,182524648.17,129951678.262
2026-06-23,9.64,10.09,9.63,9.9,20121164.0,199857047.0,1180272096.0,0.01704790282528208,9.77,9.677000000000001,9.749500000000001,10.407666666666668,52.63157862419207,13611302.5,10.419333333333332,9.9375,True,False,10.32,199199523.6,132799552.654
2026-06-24,9.97,10.37,9.89,10.17,27571935.0,280850295.0,1180272096.0,0.023360659879567296,9.852,9.765,9.744,10.416333333333334,59.0361442463831,14373789.25,10.41,9.8915,False,True,10.28,280406578.95,140486270.80150002
2026-06-25,10.05,10.58,9.81,10.45,33166167.0,338253754.0,1180272096.0,0.028100441510395584,10.012,9.863,9.762,10.429166666666667,68.89763741552481,15422712.6,10.401166666666665,9.8385,False,False,10.17,346586445.15,151666898.409
2026-06-26,10.4,10.58,9.88,9.93,22813300.0,230748405.0,1180272096.0,0.019328848048950232,10.028,9.915000000000001,9.7615,10.427333333333333,56.18729070681534,15976136.6,10.396833333333332,9.808,False,False,10.45,226536069.0,157156526.319
2026-06-29,9.9,10.45,9.59,10.34,31270796.0,317419563.0,1180272096.0,0.02649456519897256,10.158,9.969,9.776,10.429666666666666,65.31249971425783,16856434.1,10.403166666666667,9.7705,False,False,10.45,323340030.64,166456942.736
2026-06-30,10.35,10.35,10.08,10.11,20816620.0,211473433.0,1180272096.0,0.01763713644552688,10.2,9.985,9.784,10.427166666666666,62.202380693204375,17236354.05,10.407666666666668,9.749500000000001,False,False,10.45,210456028.2,170403679.19849998
2026-07-01,10.11,10.53,9.88,10.53,31545200.0,323901005.0,1180272096.0,0.02672705735135841,10.272,10.062,9.8215,10.426666666666668,64.72222197052469,18183494.05,10.416333333333334,9.744,False,False,10.45,332170956.0,180849653.3985
2026-07-02,10.5,10.74,10.48,10.51,30630982.0,324285978.0,1180272096.0,0.025952474945235,10.283999999999999,10.148,9.861,10.426333333333334,65.44943794486177,19213037.6,10.429166666666667,9.762,False,False,10.53,321931620.82,192066740.4935
2026-07-03,10.57,10.74,10.29,10.53,22987408.0,240893615.0,1180272096.0,0.019476363186002155,10.404,10.216,9.913,10.429833333333333,61.44200599994104,19845472.25,10.427333333333333,9.7615,False,False,10.53,242057406.23999998,199263890.538
2026-07-06,10.56,10.95,10.45,10.95,38305129.0,412996138.0,1180272096.0,0.0324544900534529,10.526,10.342,9.982499999999998,10.438500000000001,64.45086679123928,21298298.7,10.429666666666666,9.776,False,False,10.53,419441162.54999995,215815117.86549997
2026-07-07,10.79,10.8,10.48,10.61,26869011.0,284288371.0,1180272096.0,0.02276509890478678,10.626,10.413,10.045,10.446,61.77285294603326,21696295.2,10.427166666666666,9.784,False,False,10.95,285080206.71,221219678.29299998
2026-07-08,10.55,10.79,10.35,10.48,22328800.0,235510865.0,1180272096.0,0.01891834948540544,10.616,10.443999999999999,10.1045,10.452833333333334,61.43250665012257,22159993.4,10.426666666666668,9.8215,False,False,10.95,234005824.0,226855998.17099994
2026-07-09,10.48,10.63,10.2,10.43,21698901.0,225454028.0,1180272096.0,0.018384659836946614,10.6,10.442,10.1525,10.458833333333333,58.333333098659004,22634122.4,10.426333333333334,9.861,False,False,10.95,226319537.43,232387547.04899997
2026-07-10,10.39,10.84,10.21,10.77,33341917.0,355108079.0,1180272096.0,0.028249347852073597,10.648,10.526,10.2205,10.471166666666667,64.75409811296248,23802608.25,10.429833333333333,9.913,False,False,10.95,359092446.09,245650249.25349998
2026-07-13,11.18,11.71,11.11,11.33,74407829.0,847650778.0,1180272096.0,0.06304294514135493,10.724,10.624999999999998,10.297,10.490833333333335,67.83042370333519,26489914.35,10.438500000000001,9.982499999999998,False,False,10.95,843040702.57,277678047.952
2026-07-14,11.34,11.62,11.12,11.59,63314564.0,723068846.0,1180272096.0,0.053644040399308056,10.92,10.773,10.379,10.49783333333333,67.749999762875,28908610.45,10.446,10.045,False,False,11.33,733815796.76,306935868.395
2026-07-15,11.48,12.27,11.43,11.98,74689652.0,893237840.0,1180272096.0,0.0632817231324259,11.219999999999999,10.918000000000001,10.489999999999998,10.509166666666665,68.61313845241268,31904998.7,10.452833333333334,10.1045,False,False,11.59,894782030.96,344471169.087
2026-07-16,11.88,12.2,11.66,11.99,53414984.0,638261619.0,1180272096.0,0.04525649990457794,11.532,11.065999999999999,10.607,10.525333333333332,78.61111080540124,34151232.6,10.458833333333333,10.1525,False,False,11.98,640445658.16,372396879.35
2026-07-17,11.95,11.98,11.3,11.32,53958164.0,621653382.0,1180272096.0,0.045716715817366915,11.642,11.145,10.680499999999999,10.5315,62.694300290746064,36104445.8,10.471166666666667,10.2205,False,False,11.99,610806416.48,395601954.424
2026-07-20,11.4,12.45,11.36,12.45,100594001.0,1228162423.0,1180272096.0,0.08522950033379421,11.866,11.294999999999998,10.8185,10.558333333333334,74.57983171342067,40192326.2,10.490833333333335,10.297,False,False,11.99,1252395312.45,449095487.638
2026-07-21,12.17,12.27,11.71,12.18,93013505.0,1114001710.0,1180272096.0,0.0788068321832121,11.984,11.452,10.9325,10.5755,67.8958783187544,43836943.25,10.49783333333333,10.379,False,False,12.45,1132904490.8999999,495780736.00299996
2026-07-22,11.95,12.77,11.94,12.48,85641379.0,1063039348.0,1180272096.0,0.07256070806913324,12.084,11.652000000000001,11.048,10.599833333333333,70.14314908343476,46740415.45,10.509166666666665,10.489999999999998,False,False,12.45,1068804409.9200001,535200627.5515
2026-07-23,12.27,12.46,11.95,12.06,57753856.0,700691145.0,1180272096.0,0.048932662388385395,12.098,11.815000000000001,11.128499999999999,10.615,64.46124746645418,47969799.9,10.525333333333332,10.607,False,False,12.48,696511503.36,552696880.462
2026-07-24,11.93,12.06,11.55,11.56,48060228.0,562958662.0,1180272096.0,0.04071961725002096,12.146,11.894,11.21,10.617333333333335,55.67970190325592,49232146.3,10.5315,10.680499999999999,False,False,12.48,555576235.6800001,569148888.796
2026-07-27,11.59,11.98,11.51,11.86,39797062.0,469899866.0,1180272096.0,0.033718548574412796,12.028,11.947,11.286,10.626833333333334,61.72607863711725,49658459.6,10.558333333333334,10.8185,False,False,12.48,471993155.32,576581545.03
2026-07-28,11.7,12.05,11.64,11.72,27754824.0,328390739.0,1180272096.0,0.023515614826498447,11.936,11.959999999999999,11.366499999999998,10.634833333333331,61.61048672986015,50005369.8,10.5755,10.9325,False,False,12.48,325286537.28000003,582323070.484
2026-07-29,11.8,12.0,11.66,11.84,32225524.0,381974175.0,1180272096.0,0.027303470199129404,11.808000000000002,11.946,11.431999999999999,10.647166666666667,63.0314231270906,50039386.0,10.599833333333333,11.048,False,False,12.48,381550204.15999997,584792032.892
2026-07-30,11.8,11.86,11.41,11.52,33591140.0,390132427.0,1180272096.0,0.02846050509356446,11.7,11.899000000000001,11.4825,10.649833333333333,56.9573282379587,50187393.9,10.615,11.128499999999999,False,False,12.48,386969932.8,588043948.4909999
2026-07-31,11.4,11.78,11.4,11.58,26519741.0,308227196.0,1180272096.0,0.022469175616264,11.703999999999999,11.925,11.535,10.653,52.55623706834616,50364010.55,10.617333333333335,11.21,False,False,12.48,307098600.78000003,591296008.218
2026-08-03,11.58,11.81,11.4,11.42,22634494.0,261710328.0,1180272096.0,0.01917735247381465,11.616,11.822,11.5585,10.654666666666666,48.22546958764998,49580478.8,10.626833333333334,11.286,False,False,12.48,258485921.48,583248246.1645
2026-08-04,11.59,12.18,11.58,12.15,63963516.0,766649012.0,1180272096.0,0.05419387293555062,11.702,11.818999999999999,11.6355,10.664166666666665,51.65691993699866,51435204.05,10.634833333333331,11.366499999999998,True,False,12.48,777156719.4,607852071.799
2026-08-05,12.06,12.18,11.78,12.01,45448983.0,543487127.0,1180272096.0,0.03850720791758852,11.736,11.772,11.712,10.677166666666666,50.19011393485521,52591213.2,10.647166666666667,11.431999999999999,False,True,12.48,545842285.83,623443894.8905
2026-08-06,12.06,12.28,11.85,11.92,49497696.0,594243670.0,1180272096.0,0.04193752963215018,11.815999999999999,11.758,11.7865,10.688500000000001,56.410256241507774,53981152.95,10.649833333333333,11.4825,False,False,12.48,590012536.32,641628544.835
2026-08-07,11.9,13.11,11.81,13.11,56906150.0,731855689.0,1180272096.0,0.048214433089503454,12.122,11.913,11.9035,10.718833333333333,56.96202514821343,55159364.6,10.653,11.535,False,False,12.48,746039626.5,660975903.8555
