日期,开盘,最高,最低,收盘,成交量,amount,outstanding_share,turnover,MA5,MA10,MA20,MA60,RSI14,Vol_MA20,MA60_prev5,MA20_break_1,MA20_break_2,High_20
2021-04-12,30.86,31.29,29.85,30.01,2654749.0,93495197.0,797349415.0,0.0033294675459189997,30.994,31.141,31.680500000000002,38.08483333333333,37.45318345513798,4513461.15,38.527833333333334,True,True,34.87
2021-04-13,30.0,30.25,29.5,29.96,2948343.0,102494293.0,797349415.0,0.003697680018991423,30.574,31.036999999999995,31.51,37.95983333333333,39.99999992533332,4442987.8,38.434,True,True,33.72
2021-04-14,29.96,30.38,29.25,29.31,5300388.0,182511352.0,797349415.0,0.006647509736995292,30.23,30.796,31.29,37.78733333333333,40.05340446451965,4502335.65,38.347833333333334,True,True,33.72
2021-04-15,29.79,29.79,28.44,29.21,3394117.0,114707550.0,797349415.0,0.004256749846615239,29.860000000000003,30.7,31.0645,37.60066666666667,40.37685052957254,4522484.4,38.26433333333333,True,True,33.72
2021-04-16,29.35,29.71,28.96,29.12,3247551.0,110336797.0,797349415.0,0.00407293331995484,29.522,30.438,30.851,37.40083333333333,36.959553623788885,4489942.15,38.19316666666667,True,True,33.39
2021-04-19,28.97,30.56,28.91,30.25,3576215.0,124636376.0,797349415.0,0.004485129019628113,29.57,30.282000000000004,30.758500000000005,37.22483333333333,45.47647760715673,4386630.75,38.08483333333333,True,True,32.1
2021-04-20,30.32,30.89,30.01,30.41,3066232.0,108419163.0,797349415.0,0.0038455311339257708,29.660000000000004,30.116999999999997,30.677999999999997,37.00233333333333,41.526519976536704,4296214.9,37.95983333333333,True,True,32.06
2021-04-21,30.1,30.5,29.85,30.26,1914321.0,67026370.0,797349415.0,0.0024008558405978135,29.85,30.04,30.618000000000002,36.783,50.71090036177684,4188730.5,37.78733333333333,True,True,32.06
2021-04-22,30.27,30.73,29.61,30.33,3196170.0,111875810.0,797349415.0,0.004008493566148788,30.074,29.967000000000002,30.5945,36.49616666666667,35.40372660545502,4171383.2,37.60066666666667,True,True,32.06
2021-04-23,30.33,31.51,30.18,31.24,4399558.0,158400874.0,797349415.0,0.005517729012192227,30.498,30.01,30.6245,36.19583333333333,44.973544862499175,4207593.35,37.40083333333333,True,True,32.06
2021-04-26,31.38,31.86,29.78,29.96,4891979.0,172990670.0,797349415.0,0.006135301422400868,30.439999999999998,30.005000000000003,30.572999999999997,35.868,34.328358137224285,4262595.65,37.22483333333333,False,True,32.06
2021-04-27,30.02,30.45,29.65,29.73,3938139.0,136961315.0,797349415.0,0.0049390379247973735,30.304000000000002,29.982000000000006,30.509499999999996,35.58733333333334,38.98305075495545,4309927.25,37.00233333333333,True,False,32.06
2021-04-28,31.89,32.7,31.55,32.7,12941407.0,488361020.0,797349415.0,0.016230534263325446,30.791999999999994,30.321000000000005,30.558500000000002,35.3555,59.27601800567149,4497578.65,36.783,True,True,32.06
2021-04-29,32.75,34.34,30.52,33.62,21595806.0,804446571.0,797349415.0,0.02708449469421132,31.45,30.762,30.731,35.18483333333333,64.77392209181548,5163998.85,36.49616666666667,False,True,32.7
2021-04-30,32.32,33.18,31.9,32.27,10195081.0,383986044.0,797349415.0,0.012786214936898148,31.656,31.076999999999998,30.7575,35.00300000000001,61.232604288543115,5299738.9,36.19583333333333,False,False,33.62
2021-05-06,32.6,32.61,30.78,31.12,7310395.0,266328256.0,797349415.0,0.009168370682256035,31.887999999999998,31.163999999999998,30.723000000000003,34.812000000000005,55.19713254724375,5406280.95,35.868,False,False,33.62
2021-05-07,30.99,31.0,28.16,28.29,13287410.0,448906148.0,797349415.0,0.01666447576185906,31.6,30.952000000000005,30.534499999999998,34.55283333333333,46.17691149576636,5856424.1,35.58733333333334,False,False,33.62
2021-05-10,27.65,28.79,25.94,28.43,9080033.0,293011113.0,797349415.0,0.011387771570635691,30.746,30.769,30.404500000000002,34.29366666666667,47.08520174445494,6104528.85,35.3555,True,False,33.62
2021-05-11,27.91,28.18,25.87,26.38,8681302.0,266751489.0,797349415.0,0.010887700971098098,29.298000000000002,30.374000000000002,30.170500000000004,33.995,41.0691003536527,6386173.25,35.18483333333333,True,True,33.62
2021-05-12,26.06,26.9,25.09,26.39,8394488.0,253888823.0,797349415.0,0.01052799167100411,28.122000000000003,29.889,29.9495,33.70816666666666,36.42756677144964,6700684.2,35.00300000000001,True,True,33.62
2021-05-13,26.19,28.15,25.69,27.75,7542220.0,236688351.0,797349415.0,0.009459115236197923,27.448,29.668,29.8365,33.451499999999996,41.37483783532765,6945057.75,34.812000000000005,True,True,33.62
2021-05-14,27.57,28.26,27.41,28.01,4634043.0,149962986.0,797349415.0,0.005811809619249549,27.392000000000003,29.496,29.738999999999997,33.19383333333333,42.7559561752361,7029342.75,34.55283333333333,True,True,33.62
2021-05-17,28.01,28.8,27.7,28.68,5566228.0,182176051.0,797349415.0,0.006980914383689615,27.442,29.094,29.7075,32.931666666666665,44.885306842629,7042634.75,34.29366666666667,True,True,33.62
2021-05-18,28.67,29.09,28.02,28.68,2463955.0,81991394.0,797349415.0,0.0030901822383603305,27.901999999999997,28.6,29.681,32.69133333333333,41.59001310234821,6996126.65,33.995,True,True,33.62
2021-05-19,29.1,29.13,27.46,27.57,3600771.0,116220386.0,797349415.0,0.004515926057335855,28.137999999999998,28.130000000000003,29.603499999999997,32.48433333333333,42.059800625326424,7013787.65,33.70816666666666,True,True,33.62
2021-05-20,28.04,29.85,27.88,29.63,6607076.0,223880759.0,797349415.0,0.008286299426205762,28.514,27.981,29.572499999999998,32.28916666666667,49.703791427970785,7165330.7,33.451499999999996,True,True,33.62
2021-05-21,29.81,30.03,28.64,29.06,4029370.0,136307977.0,797349415.0,0.005053455767569604,28.724,28.058,29.505000000000003,32.1015,37.430939190329184,7213487.6,33.19383333333333,False,True,33.62
2021-05-24,28.63,30.22,28.52,29.94,4708645.0,162160437.0,797349415.0,0.0059053721134290915,28.976,28.208999999999996,29.488999999999997,31.923166666666667,37.25761769240953,7353203.8,32.931666666666665,True,False,33.62
2021-05-25,30.0,30.0,28.81,29.45,5801956.0,196742301.0,797349415.0,0.007276553905792983,29.130000000000003,28.516000000000002,29.445,31.75616666666667,39.61708390613849,7483493.1,32.69133333333333,False,True,33.62
2021-05-26,29.33,29.38,27.89,28.22,7368134.0,242553557.0,797349415.0,0.009240784355501158,29.26,28.699,29.294,31.576666666666664,39.385065845432585,7631921.9,32.48433333333333,False,False,33.62
2021-05-27,27.91,28.65,27.81,28.44,6174639.0,201583799.0,797349415.0,0.007743956267905458,29.022000000000002,28.768,29.218,31.412333333333333,50.67873296746587,7696054.9,32.28916666666667,True,False,33.62
2021-05-28,28.19,28.34,27.24,28.0,9456353.0,304120034.0,797349415.0,0.011859735295598103,28.810000000000002,28.767000000000003,29.1315,31.241666666666667,48.10572681290924,7971965.6,32.1015,True,True,33.62
2021-05-31,27.71,28.27,27.37,27.5,7982955.0,256755187.0,797349415.0,0.010011865375232012,28.322000000000003,28.649,28.871499999999997,31.062666666666665,55.71428563469388,7724043.0,31.923166666666667,True,True,33.62
2021-06-01,27.67,27.84,26.44,26.69,11098027.0,344720253.0,797349415.0,0.013918649454329881,27.77,28.45,28.525,30.863166666666665,51.41509427171591,7199154.05,31.75616666666667,True,True,33.62
2021-06-02,26.71,26.75,26.24,26.27,7242491.0,222148022.0,797349415.0,0.00908320852031979,27.380000000000003,28.320000000000004,28.225,30.680333333333333,42.3395444520959,7051524.55,31.576666666666664,True,True,32.27
2021-06-03,26.43,26.58,25.99,26.33,3960965.0,121302386.0,797349415.0,0.004967665273824776,26.958000000000006,27.99,27.985500000000002,30.487833333333334,41.120507338722284,6884053.05,31.412333333333333,True,True,31.12
2021-06-04,26.19,26.99,26.06,26.66,5701490.0,176279542.0,797349415.0,0.007150553938764726,26.690000000000005,27.75,27.904000000000003,30.329,38.925438536737275,6504757.05,31.241666666666667,True,True,29.94
2021-06-07,26.63,26.63,25.64,25.76,7296946.0,219364827.0,797349415.0,0.00915150354753819,26.342000000000002,27.332,27.7705,30.173833333333334,35.429141667065096,6415602.7,31.062666666666665,True,True,29.94
2021-06-08,25.76,27.22,25.59,26.73,9477745.0,293477764.0,797349415.0,0.011886564185915908,26.35,27.060000000000002,27.788,30.028833333333335,45.74898778942452,6455424.85,30.863166666666665,True,True,29.94
2021-06-09,26.74,26.99,25.6,25.63,8221494.0,246909556.0,797349415.0,0.010311030327902104,26.222,26.801,27.75,29.87433333333333,27.578475293038295,6446775.15,30.680333333333333,True,True,29.94
2021-06-10,25.69,26.22,25.43,26.2,8060432.0,241382736.0,797349415.0,0.010109033565917898,26.195999999999998,26.576999999999998,27.672499999999996,29.729833333333332,33.96860981215691,6472685.75,30.487833333333334,True,True,29.94
2021-06-11,26.16,26.16,25.59,25.7,3920772.0,117296295.0,797349415.0,0.00491725700958845,26.004,26.347,27.557,29.601999999999997,25.175643986831503,6437022.2,30.329,True,True,29.94
2021-06-15,25.75,25.83,24.39,25.21,6201620.0,180174955.0,797349415.0,0.007777794632231592,25.894,26.118000000000002,27.383500000000005,29.460333333333335,25.175643986831517,6468791.8,30.173833333333334,True,True,29.94
2021-06-16,25.23,25.29,24.44,24.46,3246053.0,93015633.0,797349415.0,0.004071054595305623,25.439999999999998,25.895,27.172499999999996,29.306,26.67493791892693,6507896.7,30.028833333333335,True,True,29.94
2021-06-17,24.57,25.61,24.29,24.63,5495447.0,155922422.0,797349415.0,0.006892144016936414,25.240000000000002,25.731,27.0255,29.16,26.21722841859659,6602630.5,29.87433333333333,True,True,29.94
2021-06-18,24.63,24.74,23.76,24.6,6780452.0,186494134.0,797349415.0,0.008503739856634874,24.919999999999998,25.558,26.774,29.035000000000004,27.63157889646814,6611299.3,29.729833333333332,True,True,29.94
2021-06-21,24.45,25.08,24.39,24.92,3705919.0,104348911.0,797349415.0,0.004647797979509398,24.764000000000003,25.384,26.567,28.916666666666668,32.614555194527796,6595126.75,29.601999999999997,True,True,29.94
2021-06-22,25.02,25.71,24.67,25.11,4831761.0,138569073.0,797349415.0,0.006059778698150798,24.744,25.319,26.325499999999998,28.810833333333335,38.38235286215396,6601282.55,29.460333333333335,True,True,29.94
2021-06-23,25.23,25.69,24.75,25.64,4251180.0,121705873.0,797349415.0,0.005331639956116354,24.979999999999997,25.21,26.135,28.724833333333333,45.44138919881629,6523743.75,29.306,True,True,29.45
2021-06-24,25.82,25.84,24.49,24.59,5557087.0,157058062.0,797349415.0,0.006969450150032404,24.972,25.106,25.9535,28.624000000000002,38.987341703060416,6433191.4,29.16,True,True,28.44
2021-06-25,24.73,24.74,24.13,24.26,6411576.0,176884476.0,797349415.0,0.008041112063774449,24.904000000000003,24.912,25.7445,28.511833333333335,34.81012652058965,6445038.25,29.035000000000004,True,True,28.44
2021-06-28,24.25,24.25,23.08,23.64,11663892.0,310813785.0,797349415.0,0.014628332046873076,24.648000000000003,24.706,25.5265,28.389166666666664,36.08923877883865,6555415.2,28.916666666666668,True,True,28.0
2021-06-29,23.63,23.86,23.09,23.16,9551320.0,253974694.0,797349415.0,0.01197883866259562,24.258000000000003,24.500999999999998,25.3095,28.2465,24.964936837375987,6633833.45,28.810833333333335,True,True,27.5
2021-06-30,23.15,23.57,22.65,23.11,7932721.0,207744700.0,797349415.0,0.009948864137562576,23.752000000000002,24.366,25.1305,28.128833333333333,29.2763157220611,6475568.15,28.724833333333333,True,True,26.73
2021-07-01,23.09,23.16,22.16,22.39,6950850.0,177464703.0,797349415.0,0.008717445412561066,23.312,24.142000000000003,24.936500000000002,27.973000000000003,19.422150839179736,6460986.1,28.624000000000002,True,True,26.73
2021-07-02,22.39,22.52,21.88,22.14,7454139.0,187283103.0,797349415.0,0.009348647982641336,22.887999999999998,23.896,24.727,27.811833333333333,20.234113665003733,6635644.8,28.511833333333335,True,True,26.73
2021-07-05,22.56,22.59,21.71,22.19,7603439.0,191280915.0,797349415.0,0.009535893369909853,22.598,23.622999999999998,24.5035,27.647333333333332,22.74368225299429,6730742.25,28.389166666666664,True,True,26.73
2021-07-06,22.23,22.89,22.06,22.26,7358037.0,187331411.0,797349415.0,0.00922812114937088,22.418,23.338,24.3285,27.501166666666666,27.36625506520008,6733796.8,28.2465,True,True,26.73
2021-07-07,22.24,22.83,21.76,21.87,10368770.0,261661498.0,797349415.0,0.013004047917938211,22.17,22.961,24.0855,27.348000000000003,22.83464560636122,6778348.05,28.128833333333333,True,True,26.73
2021-07-08,21.8,22.27,21.57,22.09,6742123.0,168556583.0,797349415.0,0.008455669337889963,22.110000000000003,22.711,23.9085,27.20266666666667,26.185958184705214,6704379.5,27.973000000000003,True,True,26.2
2021-07-09,22.09,22.23,20.86,21.04,14009084.0,337317888.0,797349415.0,0.01756956703856113,21.89,22.389,23.6505,27.053166666666662,17.66666662544442,7001812.1,27.811833333333333,True,True,26.2
2021-07-12,21.0,21.53,20.83,21.05,15369888.0,369699010.0,822604310.0,0.01868442434978246,21.662,22.130000000000003,23.418,26.90466666666667,15.120274877717577,7574267.9,27.647333333333332,True,True,25.7
2021-07-13,21.24,21.88,20.83,21.7,14117759.0,343237721.0,822604310.0,0.017162272101394656,21.55,21.983999999999998,23.2425,26.77783333333333,16.835016795338348,7970074.85,27.501166666666666,True,True,25.64
2021-07-14,21.86,22.16,21.07,21.66,10349199.0,254373781.0,822604310.0,0.012581017232939128,21.508,21.839000000000002,23.1025,26.652,20.28397560162766,8325232.15,27.348000000000003,True,True,25.64
2021-07-15,21.47,21.57,20.82,21.06,8404373.0,201283339.0,822604310.0,0.010216786975015971,21.302,21.706,22.924,26.517666666666667,19.23076917899408,8470678.45,27.20266666666667,True,True,25.64
2021-07-16,21.04,21.12,20.35,20.36,8081148.0,189294568.0,822604310.0,0.009823858083116536,21.166,21.528,22.712,26.352833333333333,18.939393889175847,8535713.25,27.053166666666662,True,True,25.64
2021-07-19,20.25,20.39,19.81,20.22,7963015.0,181298833.0,822604310.0,0.009680249547926633,21.0,21.331,22.477,26.183,20.242914922388493,8748568.05,26.90466666666667,True,True,25.64
2021-07-20,20.21,20.65,20.09,20.25,5863895.0,135400290.0,822604310.0,0.007128451588103155,20.71,21.130000000000003,22.234,26.016166666666663,20.93495929002249,8800174.75,26.77783333333333,True,True,25.64
2021-07-21,20.24,20.47,20.05,20.12,4342161.0,99631830.0,822968403.0,0.005276218362905969,20.402,20.955000000000002,21.958000000000002,25.846,23.78752879144912,8804723.8,26.652,True,True,25.64
2021-07-22,20.12,20.3,19.76,19.83,5476126.0,123911020.0,822968403.0,0.0066541145201172444,20.156,20.729,21.72,25.65583333333333,23.5697939748336,8800675.75,26.517666666666667,True,True,24.59
2021-07-23,19.84,19.84,19.07,19.2,7935298.0,174381707.0,822968403.0,0.009642287566658862,19.924,20.545,21.467,25.476499999999998,19.7979797419855,8876861.85,26.352833333333333,True,True,24.26
2021-07-26,19.2,19.25,18.52,18.72,7063293.0,151019430.0,822968403.0,0.008582702536636755,19.624000000000002,20.312,21.221,25.293,16.977611895953984,8646831.9,26.183,True,True,23.64
2021-07-27,18.78,18.98,18.15,18.17,5941155.0,125146136.0,822968403.0,0.007219177526552012,19.208,19.959,20.9715,25.050833333333337,16.485507204565735,8466323.65,26.016166666666663,True,True,23.16
2021-07-28,18.17,18.32,17.44,17.65,8626839.0,172972569.0,822968403.0,0.010482588357648039,18.714,19.558,20.698500000000003,24.784666666666666,11.855670074574007,8501029.55,25.846,True,True,23.11
2021-07-29,17.81,18.25,17.66,18.14,7412730.0,151760106.0,822968403.0,0.009007308145705321,18.375999999999998,19.266,20.485999999999997,24.549166666666668,22.433460016336838,8524123.55,25.65583333333333,True,True,22.39
2021-07-30,18.17,18.52,17.9,18.39,5838031.0,121236190.0,822968403.0,0.007093870164052945,18.214000000000002,19.069,20.2985,24.337,25.81818175246282,8443318.15,25.476499999999998,True,True,22.26
2021-08-02,17.9,18.83,17.44,18.62,11668346.0,241717303.0,822968403.0,0.01417836451249514,18.194,18.909,20.119999999999997,24.175833333333333,19.68503931582869,8646563.5,25.293,True,True,22.26
2021-08-03,18.81,19.32,18.52,18.78,11050217.0,236124423.0,822968403.0,0.01342726763229086,18.316000000000003,18.762,19.946,24.015,22.30769224763317,8831172.5,25.050833333333337,True,True,22.26
2021-08-04,18.67,18.81,18.17,18.29,8658301.0,180928259.0,822968403.0,0.010520818257952001,18.444,18.579,19.767000000000003,23.880166666666664,22.789783827297285,8745649.05,24.784666666666666,True,True,22.09
2021-08-05,18.29,18.39,17.9,17.96,5916734.0,121668554.0,822968403.0,0.007189503240259881,18.408,18.392000000000003,19.560499999999998,23.73966666666667,24.576271113545005,8704379.6,24.549166666666668,True,True,22.09
2021-08-06,17.97,18.03,17.54,17.58,5316283.0,106836259.0,822968403.0,0.006459887136152905,18.246000000000002,18.229999999999997,19.3875,23.57016666666667,23.387096708181616,8269739.55,24.337,True,True,21.7
2021-08-09,17.61,19.35,17.61,19.35,13087151.0,280851552.0,822968403.0,0.01590237359331522,18.392,18.293,19.302500000000002,23.425833333333337,43.283581999108954,8155602.7,24.175833333333333,True,True,21.7
2021-08-10,19.77,20.13,19.11,19.66,21658748.0,482862772.0,822968403.0,0.02631783665210777,18.568,18.442,19.200499999999998,23.2755,46.65697664924452,8532652.15,24.015,False,True,21.7
2021-08-11,19.67,19.98,18.91,18.96,12491284.0,272937042.0,822968403.0,0.015178327569400013,18.702,18.573,19.0655,23.1135,44.03292172613707,8639756.4,23.880166666666664,False,False,21.66
2021-08-12,19.0,19.26,18.58,18.62,8369977.0,178495880.0,822968403.0,0.010170471878979296,18.834,18.621000000000002,18.9435,22.964333333333336,45.85714276542859,8638036.6,23.73966666666667,True,False,21.06
2021-08-13,18.5,18.94,18.32,18.78,9818869.0,208136086.0,822968403.0,0.011931040079068504,19.074,18.66,18.8645,22.7835,50.449101690675555,8724922.65,23.57016666666667,True,True,20.36
2021-08-16,18.85,19.49,18.62,19.14,11104601.0,241315058.0,822968403.0,0.013493350363780613,19.032000000000004,18.712,18.810499999999998,22.618166666666664,57.473035315158306,8882001.95,23.425833333333337,True,True,20.25
2021-08-17,19.13,19.19,17.79,17.86,11496217.0,239947929.0,822968403.0,0.013969208244317006,18.672,18.619999999999997,18.691,22.416833333333333,51.44827576272057,9163618.05,23.2755,False,True,20.25
2021-08-18,17.84,19.65,17.59,19.65,15707620.0,335176669.0,822968403.0,0.019086540798820925,18.81,18.756,18.6675,22.253499999999995,58.83040926039463,9731891.0,23.1135,True,False,20.12
2021-08-19,19.7,20.48,19.63,20.31,30248339.0,691468512.0,822968403.0,0.036755164462857266,19.148,18.991,18.6915,22.12166666666667,60.71428561941963,10970501.65,22.964333333333336,False,True,19.83
2021-08-20,19.99,20.87,19.74,20.69,20257126.0,470493442.0,822968403.0,0.024614706866212456,19.529999999999998,19.302,18.766000000000002,21.9925,61.361141508336324,11586593.05,22.7835,False,False,20.31
2021-08-23,20.74,20.9,20.13,20.62,13079671.0,304608112.0,822968403.0,0.015893284544485724,19.826,19.429,18.861,21.869500000000002,60.199556447583824,11887411.95,22.618166666666664,False,False,20.69
2021-08-24,20.31,20.41,19.67,19.99,11285100.0,256135377.0,822968403.0,0.013712677131785337,20.252,19.462,18.951999999999998,21.744333333333334,59.279475891930915,12154609.2,22.416833333333333,False,False,20.69
2021-08-25,19.89,20.88,19.65,20.68,13498500.0,314851195.0,822968403.0,0.016402209308150072,20.458000000000002,19.634,19.1035,21.644166666666667,64.28571419117645,12398192.25,22.253499999999995,False,False,20.69
2021-08-26,20.64,20.64,19.81,20.17,8839599.0,202796260.0,822968403.0,0.010741115901627149,20.43,19.789,19.205000000000002,21.5425,63.41968902716315,12469535.7,22.12166666666667,False,False,20.69
2021-08-27,20.43,20.43,18.75,18.97,17986880.0,396105440.0,822968403.0,0.021856100348970505,20.086000000000002,19.808,19.234,21.419833333333333,47.90748891291796,13076978.15,21.9925,False,False,20.69
2021-08-30,18.97,19.42,17.86,18.43,17250901.0,362396005.0,822968403.0,0.020961802345162456,19.648,19.737000000000002,19.2245,21.282666666666668,43.394199719922796,13356105.9,21.869500000000002,True,False,20.69
2021-08-31,18.32,18.58,18.03,18.21,7946219.0,164429954.0,822968403.0,0.009655557820972624,19.292,19.772,19.196,21.156833333333335,45.75311431024421,13200906.0,21.744333333333334,True,True,20.69
2021-09-01,18.37,18.84,17.96,18.73,10661786.0,223104721.0,822968403.0,0.012955279888187883,18.901999999999997,19.68,19.217999999999996,21.023500000000002,50.610432773746275,13301080.25,21.644166666666667,True,True,20.69
2021-09-02,18.67,18.82,18.15,18.25,8189698.0,170696289.0,822968403.0,0.009951412435940143,18.518,19.474,19.232499999999998,20.900500000000005,47.15969982205404,13414728.45,21.5425,True,True,20.69
2021-09-03,18.1,19.14,18.03,18.84,8812778.0,186445993.0,822968403.0,0.010708525342983308,18.491999999999997,19.289,19.2955,20.777833333333334,48.43096227217222,13589553.2,21.419833333333333,True,True,20.69
2021-09-06,18.86,20.15,18.58,19.89,12464767.0,274716474.0,822968403.0,0.015146106405254054,18.784,19.216,19.322499999999998,20.681,60.8788852248334,13558434.0,21.282666666666668,True,True,20.69
2021-09-07,19.82,20.05,19.56,19.9,8190915.0,184483544.0,822968403.0,0.009952891229045156,19.122,19.207,19.3345,20.592499999999998,51.655629043287576,12885042.35,21.156833333333335,False,True,20.69
2021-09-08,19.81,20.13,19.65,19.66,5801480.0,130541492.0,822968403.0,0.007049456551249878,19.308,19.105,19.3695,20.5125,45.44179514219003,12550552.15,21.023500000000002,False,False,20.69
2021-09-09,19.64,20.07,19.16,19.71,8091358.0,180264545.0,822968403.0,0.009831918176328818,19.6,19.059,19.424,20.430500000000002,42.79411755895328,12536621.2,20.900500000000005,False,False,20.69
2021-09-10,19.72,19.95,19.28,19.35,9900583.0,219697636.0,822968403.0,0.012030331861963357,19.702,19.097,19.4525,20.343,41.04372347325641,12540706.9,20.777833333333334,False,False,20.69
2021-09-13,19.27,19.35,18.67,18.72,8375731.0,180058742.0,822968403.0,0.010177463641942521,19.468,19.125999999999998,19.4315,20.23966666666667,41.04372347325641,12404263.4,20.681,True,False,20.69
2021-09-14,18.76,18.9,18.51,18.62,4604322.0,97773668.0,822968403.0,0.005594773727904593,19.212,19.167,19.4695,20.1315,34.153846080284026,12059668.65,20.592499999999998,True,True,20.69
2021-09-15,18.62,18.95,18.32,18.36,6774037.0,143107040.0,822968403.0,0.008231223671900803,18.952,19.13,19.404999999999998,20.01016666666667,35.51999992043518,11612989.5,20.5125,True,True,20.69
2021-09-16,18.32,18.49,17.76,17.76,8659648.0,177505642.0,822968403.0,0.010522455015809397,18.562,19.081,19.277499999999996,19.896333333333335,39.29203530086931,10533554.95,20.430500000000002,True,True,20.69
2021-09-17,17.76,17.92,16.43,17.28,14585392.0,282340723.0,822968403.0,0.01772290642852299,18.148000000000003,18.925,19.107,19.779999999999998,39.71377449803349,10249968.25,20.343,True,True,20.69
2021-09-22,16.76,17.03,16.18,16.19,12116710.0,226702360.0,822968403.0,0.014723177652787722,17.642000000000003,18.555,18.8855,19.655833333333337,34.36532500292344,10201820.2,20.23966666666667,True,True,20.68
2021-09-23,16.22,16.37,16.1,16.27,5328128.0,98346949.0,822968403.0,0.006474280155322075,17.172,18.192,18.6995,19.541,29.5681062435293,9903971.6,20.1315,True,True,20.68
2021-09-24,16.27,16.36,15.96,16.01,6626942.0,121261957.0,822968403.0,0.008052486554577964,16.702,17.827,18.466,19.422666666666668,30.689655098335308,9560393.7,20.01016666666667,True,True,20.68
2021-09-27,16.01,16.43,15.89,16.09,6801258.0,124863518.0,822968403.0,0.008264300275936597,16.368000000000002,17.465,18.262,19.317666666666664,24.007561373136852,9458476.65,19.896333333333335,True,True,20.17
2021-09-28,16.03,16.19,15.61,15.64,7841859.0,140700150.0,822968403.0,0.009528748578212424,16.04,17.094,18.0955,19.209333333333337,4.690831542500632,8951225.6,19.779999999999998,True,True,19.9
2021-09-29,15.59,15.59,15.29,15.3,6239637.0,109194574.0,822968403.0,0.007581867028253331,15.862,16.752000000000002,17.939,19.0945,4.183266920604396,8400662.4,19.655833333333337,True,True,19.9
2021-09-30,15.37,16.25,15.37,16.18,8985364.0,163237915.0,822968403.0,0.010918236918021748,15.844,16.508000000000003,17.8375,18.99316666666667,19.257950482400787,8452619.65,19.541,True,True,19.9
2021-10-08,16.18,16.59,16.04,16.45,7483483.0,139011483.0,822968403.0,0.009093281069747218,15.931999999999999,16.317,17.7235,18.902833333333334,22.278911511580773,8293704.5,19.422666666666668,True,True,19.9
2021-10-11,16.45,17.08,16.08,16.17,9197954.0,172107699.0,822968403.0,0.011176557892709278,15.948000000000002,16.157999999999998,17.619500000000002,18.804166666666667,22.58620684203325,8344117.3,19.317666666666664,True,True,19.9
2021-10-12,16.15,16.7,16.01,16.55,8901307.0,166253908.0,822968403.0,0.010816098124243539,16.130000000000003,16.085,17.505000000000003,18.729333333333333,30.45045037363846,8348543.75,19.209333333333337,True,True,19.9
2021-10-13,16.42,18.21,16.42,18.21,16558519.0,328217999.0,822968403.0,0.0201204796437367,16.712,16.287,17.421,18.682,47.116736897379134,8553231.35,19.0945,True,True,19.9
2021-10-14,18.03,18.47,17.79,18.14,11744797.0,242840181.0,822968403.0,0.014271261153145389,17.104,16.474,17.333000000000002,18.622666666666667,48.41040452633733,8730925.45,18.99316666666667,False,True,19.9
2021-10-15,18.19,18.57,17.78,17.9,10212779.0,209312466.0,822968403.0,0.01240968542992774,17.394,16.663,17.245,18.56,51.067073061747074,8951490.4,18.902833333333334,False,False,19.71
2021-10-18,18.01,18.04,17.45,17.7,7151688.0,143354916.0,822968403.0,0.008690112492690681,17.7,16.824,17.1445,18.504,53.34394892566635,8904506.9,18.804166666666667,False,False,19.71
2021-10-19,17.69,18.14,17.52,17.97,5695140.0,115865284.0,822968403.0,0.006920241383799519,17.983999999999998,17.057,17.075499999999998,18.464166666666664,66.30036613036538,8694234.75,18.729333333333333,False,False,19.35
2021-10-20,17.88,18.05,17.65,17.8,4612381.0,93219960.0,822968403.0,0.005604566327438941,17.902,17.307,17.0295,18.423833333333334,63.78378362288779,8506067.25,18.682,False,False,18.72
2021-10-21,17.88,18.68,17.67,18.32,11173910.0,229891992.0,822968403.0,0.013577568663957564,17.938,17.520999999999997,17.0145,18.391666666666666,69.8795179039048,8834546.65,18.622666666666667,False,False,18.62
2021-10-22,17.97,19.83,17.88,19.08,22269020.0,470886587.0,822968403.0,0.027059386385700643,18.174,17.784,17.0505,18.374333333333333,73.03543897958458,9609295.8,18.56,False,False,18.36
2021-10-25,18.75,19.1,18.36,18.76,11748331.0,248949344.0,822968403.0,0.014275555364183283,18.386,18.043,17.100500000000004,18.3565,74.5283017227365,9763729.95,18.504,False,False,19.08
2021-10-26,18.69,18.82,18.02,18.07,8225551.0,171830842.0,822968403.0,0.009994977899534255,18.406,18.195,17.14,18.337666666666667,70.6408344278731,9445737.9,18.464166666666664,False,False,19.08
2021-10-27,17.76,18.33,17.51,18.17,8807047.0,179006041.0,822968403.0,0.01070156152763012,18.48,18.191,17.238999999999997,18.328500000000002,66.77908921839679,9280254.75,18.423833333333334,False,False,19.08
2021-10-28,18.05,19.98,17.96,19.98,39835570.0,887260294.0,822968403.0,0.048404738085673506,18.812,18.375,17.424500000000002,18.358666666666668,73.6278445741915,11005626.85,18.391666666666666,False,False,19.08
2021-10-29,19.46,20.0,19.2,19.75,26296117.0,584671901.0,822968403.0,0.03195276623518194,18.946,18.56,17.6115,18.393666666666668,74.12398907847226,11989085.6,18.374333333333333,False,False,19.98
2021-11-01,19.99,20.65,19.34,20.42,19577986.0,449553718.0,822968403.0,0.02378947469748726,19.278,18.832,17.828,18.431666666666665,75.09727612822805,12627922.0,18.3565,False,False,19.98
2021-11-02,20.24,21.64,20.09,21.51,22524825.0,538810293.0,822968403.0,0.027370218489421155,19.966,19.186,18.1215,18.48366666666667,73.10924355412754,13362070.3,18.337666666666667,False,False,20.42
2021-11-03,21.51,21.57,20.79,21.15,12713527.0,305675511.0,822968403.0,0.015448378034508816,20.562,19.521,18.413999999999998,18.52583333333333,70.25571992145623,13685764.8,18.328500000000002,False,False,21.51
2021-11-04,21.16,22.98,20.91,22.76,18803985.0,476172241.0,822968403.0,0.02284897564894724,21.118000000000002,19.965,18.743000000000002,18.592166666666667,77.61363624016013,14176695.85,18.358666666666668,False,False,21.51
2021-11-05,22.51,24.3,22.37,23.07,17100297.0,450551400.0,822968403.0,0.02077880139463872,21.782000000000004,20.364,19.074,18.671833333333332,80.13468000876706,14657536.55,18.393666666666668,False,False,22.76
2021-11-08,22.72,23.33,22.32,22.57,11419302.0,295256027.0,822968403.0,0.013875747791012093,22.212,20.745,19.394,18.74866666666667,75.16411367042697,14768603.95,18.431666666666665,False,False,23.07
2021-11-09,22.45,22.57,21.79,22.35,8885263.0,224285270.0,822968403.0,0.010796602843572355,22.380000000000003,21.173,19.684,18.828166666666668,74.75516854770703,14767801.75,18.48366666666667,False,False,23.07
2021-11-10,22.15,22.3,21.48,21.94,7323220.0,181470355.0,822968403.0,0.00889854333812133,22.538,21.55,19.8705,18.871333333333332,69.93392059701819,14306036.8,18.52583333333333,False,False,23.07
2021-11-11,22.01,22.72,21.71,22.31,9530494.0,240097416.0,822968403.0,0.011580631729308325,22.448,21.783,20.079,18.9155,68.58457986649205,14195321.65,18.592166666666667,False,False,23.07
2021-11-12,22.1,22.31,21.22,21.68,10187208.0,249386363.0,822968403.0,0.012378613763133747,22.169999999999998,21.976000000000003,20.267999999999997,18.960833333333333,66.22222211920986,14194043.1,18.671833333333332,False,False,23.07
2021-11-15,21.5,22.84,21.42,22.51,12872445.0,326442837.0,822968403.0,0.015641481438504266,22.158,22.185,20.5085,19.025666666666666,74.2888401487917,14480080.95,18.74866666666667,False,False,23.07
2021-11-16,22.52,24.66,22.51,23.31,19476335.0,526838560.0,822968403.0,0.023665957197144056,22.35,22.365000000000002,20.7755,19.101166666666664,76.11788607056397,15169140.7,18.828166666666668,False,False,23.07
2021-11-17,23.48,23.86,22.95,23.02,10473642.0,278226205.0,822968403.0,0.01272666357762948,22.566,22.552,21.0365,19.165833333333335,68.26923065435466,15462203.75,18.871333333333332,False,False,23.31
2021-11-18,23.03,23.11,21.57,21.74,12234120.0,306044850.0,822968403.0,0.014865844126460345,22.451999999999998,22.45,21.207500000000003,19.2305,60.61899670771974,15515214.25,18.9155,False,False,23.31
2021-11-19,22.01,22.6,21.64,22.07,8469269.0,213294708.0,822968403.0,0.010291122926623465,22.53,22.35,21.357000000000003,19.270833333333332,59.13621253290065,14825226.7,18.960833333333333,False,False,23.31
2021-11-22,21.86,22.26,21.73,22.14,5804977.0,145223755.0,822968403.0,0.007053705803089016,22.456,22.307,21.526,19.301333333333332,53.932584175398716,14528059.0,19.025666666666666,False,False,23.31
2021-11-23,22.0,22.04,20.88,21.16,13070631.0,316280372.0,822968403.0,0.015882299918627617,22.026,22.188,21.680500000000002,19.30916666666667,50.057937346371844,14770313.0,19.101166666666664,False,False,23.31
2021-11-24,21.26,21.57,20.69,20.96,10247105.0,245244145.0,822968403.0,0.012451395415238074,21.613999999999997,22.09,21.82,19.314833333333333,37.534625965999325,14842315.9,19.165833333333335,True,False,23.31
2021-11-25,21.0,21.26,20.89,21.07,5445831.0,130465357.0,822968403.0,0.006617302657244303,21.48,21.966,21.8745,19.332833333333333,35.75498568367951,13122828.95,19.2305,True,True,23.31
2021-11-26,21.08,21.24,20.82,20.91,4130766.0,98510410.0,822968403.0,0.005019349448826895,21.247999999999998,21.889,21.9325,19.336666666666662,37.5748502206515,12014561.4,19.270833333333332,True,True,23.31
2021-11-29,20.46,21.85,20.46,21.6,9718730.0,235640812.0,822968403.0,0.011809359830306876,21.14,21.798000000000002,21.9915,19.360500000000002,44.755244667612104,11521598.6,19.301333333333332,True,True,23.31
2021-11-30,21.6,21.77,20.94,21.01,9772203.0,235038185.0,822968403.0,0.011874335593416458,21.110000000000003,21.568,21.966500000000003,19.3945,43.65620728360342,10883967.5,19.30916666666667,True,True,23.31
2021-12-01,21.04,21.24,20.53,21.15,5894396.0,139662914.0,822968403.0,0.007162360035346339,21.148,21.381,21.966500000000003,19.439833333333333,41.830985833009315,10543010.95,19.314833333333333,True,True,23.31
2021-12-02,21.04,21.33,20.96,21.15,3793796.0,91060361.0,822968403.0,0.004609892659511984,21.163999999999998,21.322000000000003,21.886,19.488833333333332,45.904173007317084,9792501.5,19.332833333333333,True,True,23.31
2021-12-03,21.14,21.43,20.47,20.62,5556860.0,131647033.0,822968403.0,0.006752215491801816,21.106,21.177,21.7635,19.520333333333333,34.68395454042536,9215329.65,19.336666666666662,True,True,23.31
2021-12-06,20.62,21.31,20.41,20.46,7970159.0,188942613.0,822968403.0,0.009684647637680933,20.878,21.009,21.658,19.557166666666664,24.231464676448383,9042872.5,19.360500000000002,True,True,23.31
2021-12-07,20.54,21.62,20.42,21.28,8617488.0,206862636.0,822968403.0,0.010471225831497689,20.932,21.021,21.604499999999998,19.597833333333334,35.64356427409079,9029483.75,19.3945,True,True,23.31
2021-12-08,21.23,22.28,21.09,21.93,9591773.0,237729156.0,822968403.0,0.011655092668241844,21.088,21.118000000000002,21.604,19.63183333333333,51.74953946141925,9142911.4,19.439833333333333,True,True,23.31
2021-12-09,21.95,22.97,21.84,22.57,13820011.0,351291057.0,822968403.0,0.01679288165817953,21.372,21.268,21.616999999999997,19.676333333333336,54.35540056428996,9357387.25,19.488833333333332,False,True,23.31
2021-12-10,22.38,22.61,21.9,22.05,7954868.0,200335984.0,822968403.0,0.009666067337460098,21.658,21.382,21.6355,19.716166666666666,49.27302089017411,9245770.25,19.520333333333333,False,False,23.31
2021-12-13,22.06,22.27,21.67,21.99,7496682.0,186459450.0,822968403.0,0.009109319352568144,21.964,21.421,21.6095,19.754166666666666,57.87476265460214,8976982.1,19.557166666666664,False,False,23.31
2021-12-14,21.95,22.09,21.04,21.32,13380674.0,323710482.0,822968403.0,0.01625903734726982,21.972,21.452,21.509999999999998,19.787,53.13588837214243,8672199.05,19.597833333333334,False,False,23.31
2021-12-15,21.23,21.56,21.01,21.07,6213140.0,149704282.0,822968403.0,0.007549670166376971,21.8,21.444,21.4125,19.826166666666666,49.99999988095238,8459173.95,19.63183333333333,True,False,23.02
2021-12-16,21.03,21.21,20.71,20.87,5514333.0,130569921.0,822968403.0,0.0067005403608429905,21.46,21.416000000000004,21.369,19.86366666666667,49.66216204471787,8123184.6,19.676333333333336,True,True,22.57
2021-12-17,20.83,21.2,20.34,21.16,6750650.0,159879080.0,822968403.0,0.008202805812946867,21.282,21.470000000000002,21.3235,19.91033333333333,46.01449263691974,8037253.65,19.716166666666666,True,True,22.57
2021-12-20,21.06,21.9,21.0,21.43,7143985.0,174908930.0,822968403.0,0.008680752473555172,21.17,21.567,21.288,19.9715,54.03846139297336,8104204.05,19.754166666666666,True,True,22.57
2021-12-21,21.32,21.57,20.69,21.2,6818528.0,163847241.0,822968403.0,0.008285285285734112,21.145999999999997,21.559,21.29,20.036833333333334,50.47258965848465,7791598.9,19.787,False,True,22.57
2021-12-22,21.2,21.27,20.8,21.04,4870476.0,116137470.0,822968403.0,0.005918181041028376,21.14,21.47,21.294,20.117666666666665,48.99082556222541,7522767.45,19.826166666666666,True,False,22.57
2021-12-23,20.98,21.13,20.3,20.38,7248529.0,169276631.0,822968403.0,0.00880778529719567,21.041999999999998,21.250999999999998,21.2595,20.18616666666667,47.849462245538966,7612902.35,19.86366666666667,True,True,22.57
2021-12-24,20.4,20.58,19.72,20.14,6966386.0,158381950.0,822968403.0,0.008464949534642097,20.838,21.06,21.220999999999997,20.255,47.17314475964239,7754683.35,19.91033333333333,True,True,22.57
2021-12-27,20.34,20.66,19.86,20.66,4890300.0,112757830.0,822968403.0,0.005942269450653502,20.683999999999997,20.927,21.174,20.331166666666668,44.2164177949571,7513261.85,19.9715,True,True,22.57
2021-12-28,20.66,22.73,20.66,22.73,24782306.0,628101002.0,822968403.0,0.030113314083092445,20.990000000000002,21.067999999999998,21.26,20.449333333333335,55.89970489932215,8263767.0,20.036833333333334,True,True,22.57
2021-12-29,22.41,23.19,21.49,21.56,21607166.0,542750204.0,822968403.0,0.02625515866858864,21.094,21.116999999999997,21.2805,20.55366666666667,43.09165518422938,9049405.5,20.117666666666665,False,True,22.73
2021-12-30,21.79,21.93,21.33,21.7,10454555.0,256834239.0,822968403.0,0.012703470706639025,21.358,21.2,21.308,20.645666666666667,47.474747378838885,9382443.45,20.18616666666667,False,False,22.73
2021-12-31,21.59,22.06,21.49,21.75,6977861.0,172556949.0,822968403.0,0.008478892961823711,21.68,21.259,21.3645,20.733999999999998,48.265895856109466,9453493.5,20.255,False,False,22.73
2022-01-04,21.76,22.18,21.41,22.1,8097712.0,201022823.0,822968403.0,0.00983963900737997,21.968,21.326,21.446499999999997,20.832833333333333,55.90909079049588,9459871.15,20.331166666666668,False,False,22.73
2022-01-05,22.06,24.02,21.84,23.51,23822209.0,622773841.0,822968403.0,0.028946687276400818,22.124000000000002,21.557,21.558,20.948833333333333,65.7216493659661,10220107.2,20.449333333333335,False,False,22.73
2022-01-06,23.34,24.55,22.99,23.54,15340074.0,413771811.0,822968403.0,0.018639930699745226,22.52,21.807,21.6385,21.037666666666667,67.58893268165413,10507522.25,20.55366666666667,False,False,23.51
2022-01-07,23.55,25.64,23.07,25.15,21369434.0,601011225.0,822968403.0,0.025966287310789985,23.21,22.284,21.767500000000002,21.1545,72.39057227682738,10884993.4,20.645666666666667,False,False,23.54
2022-01-10,25.43,25.77,24.66,25.27,17850726.0,510708714.0,822968403.0,0.021690657788231028,23.913999999999998,22.797,21.9285,21.277333333333335,71.91780810424095,11379786.3,20.733999999999998,False,False,25.15
2022-01-11,25.21,25.22,23.6,23.82,16504270.0,454937923.0,822968403.0,0.02005456095256673,24.258000000000003,23.113,22.02,21.37933333333333,63.12625241645616,11830165.7,20.832833333333333,False,False,25.27
2022-01-12,23.59,24.04,22.99,23.85,10726365.0,286949946.0,822968403.0,0.013033750701605005,24.326,23.225,22.1465,21.477333333333334,64.26395929952332,11697450.25,20.948833333333333,False,False,25.27
2022-01-13,23.63,24.16,22.41,22.51,13438990.0,351717353.0,822968403.0,0.01632989790496246,24.12,23.32,22.2185,21.555833333333336,60.11396003403653,12058742.75,21.037666666666667,False,False,25.27
2022-01-14,22.45,22.75,21.92,22.17,12361351.0,311594662.0,822968403.0,0.015020444229618861,23.524,23.366999999999997,22.2835,21.619999999999997,59.548447710848706,12401093.65,21.1545,False,False,25.27
2022-01-17,21.85,22.02,20.83,20.83,14242170.0,342635996.0,822968403.0,0.017305852749731874,22.636000000000003,23.275,22.267000000000003,21.649166666666666,50.74235801655955,12775669.65,21.277333333333335,True,False,25.27
2022-01-18,20.83,21.13,19.9,21.0,16785149.0,389607296.0,822968403.0,0.020395860811681734,22.072,23.165,22.2455,21.686500000000002,40.94240831694307,13257727.85,21.37933333333333,True,True,25.27
2022-01-19,20.65,22.12,20.37,22.0,17037323.0,419788060.0,822968403.0,0.020702280838356804,21.702,23.014000000000003,22.285500000000003,21.752000000000002,52.34541570012412,13768667.6,21.477333333333334,True,True,25.27
2022-01-20,22.08,22.45,21.73,22.09,9228253.0,231020272.0,822968403.0,0.01121337461603614,21.618000000000002,22.869000000000003,22.338,21.817333333333334,52.09003207617788,13986556.45,21.555833333333336,True,True,25.27
2022-01-21,21.82,22.28,20.25,20.53,11646386.0,278210690.0,822968403.0,0.014151680620476993,21.29,22.407000000000004,22.3455,21.8265,44.37269366962938,14206449.3,21.619999999999997,True,True,25.27
2022-01-24,20.69,21.01,20.24,20.75,7199342.0,168923150.0,822968403.0,0.008748017510460847,21.274,21.955000000000002,22.376,21.843166666666665,43.69747893447574,14218097.1,21.649166666666666,True,True,25.27
2022-01-25,20.68,20.83,19.42,19.44,9766460.0,221049889.0,822968403.0,0.011867357196701511,20.962,21.517000000000003,22.315,21.826833333333337,30.81998110919136,14461905.1,21.686500000000002,True,True,25.27
2022-01-26,19.45,19.9,18.89,19.1,8154032.0,178241380.0,822968403.0,0.00990807419856677,20.381999999999998,21.042,22.133499999999998,21.786666666666665,29.6703296322908,13630491.4,21.752000000000002,True,True,25.27
2022-01-27,19.16,19.24,18.14,18.2,8843132.0,186018800.0,822968403.0,0.010745408897551562,19.604,20.610999999999997,21.9655,21.7375,15.964740428647787,12992289.7,21.817333333333334,True,True,25.27
2022-01-28,18.26,18.63,18.02,18.1,5667481.0,117692759.0,822968403.0,0.006886632560059539,19.118000000000002,20.204,21.7855,21.659833333333335,14.81844943989617,12752936.0,21.8265,True,True,25.27
2022-02-07,18.41,18.67,17.95,18.04,4918600.0,101190154.0,822968403.0,0.005976657162134085,18.576,19.925,21.6,21.576000000000004,17.15909088179238,12649972.95,21.843166666666665,True,True,25.27
2022-02-08,17.93,18.39,17.84,18.21,5225557.0,107376344.0,822968403.0,0.00634964475057738,18.330000000000002,19.646,21.4055,21.503333333333334,18.456375810023587,12506365.2,21.826833333333337,True,True,25.27
2022-02-09,18.32,18.87,18.17,18.77,7364128.0,155098707.0,822968403.0,0.00894825120035623,18.264000000000003,19.323,21.1685,21.44366666666667,27.083333286866832,11683461.15,21.786666666666665,True,True,25.27
2022-02-10,18.76,18.76,18.27,18.46,5459500.0,114380060.0,822968403.0,0.006633912043400772,18.316000000000003,18.96,20.9145,21.385666666666665,27.18327178590826,11189432.45,21.7375,True,True,25.27
2022-02-11,18.39,18.39,17.35,17.41,14053582.0,282359832.0,822968403.0,0.017076696928788406,18.178,18.648,20.5275,21.304,28.188775459867003,10823639.85,21.659833333333335,True,True,25.27
2022-02-14,17.19,17.54,16.85,17.37,6915550.0,135724101.0,822968403.0,0.008403178025778956,18.044,18.31,20.1325,21.232166666666668,26.459143920826463,10276881.05,21.576000000000004,True,True,25.27
2022-02-15,17.35,17.5,17.14,17.35,4180564.0,81920015.0,822968403.0,0.005079859669897922,17.872,18.101,19.809,21.146166666666666,15.45319461867092,9660695.75,21.503333333333334,True,True,23.85
2022-02-16,17.41,17.66,17.24,17.46,4083029.0,80793038.0,822968403.0,0.004961343576637899,17.610000000000003,17.937,19.4895,21.04866666666667,15.703703671133056,9328528.95,21.44366666666667,True,True,23.85
2022-02-17,17.47,17.55,17.13,17.22,5742137.0,112491500.0,822968403.0,0.006977348072013404,17.362000000000002,17.839000000000002,19.225,20.952,19.521178586869866,8943686.3,21.385666666666665,True,True,22.51
2022-02-18,17.03,17.37,16.99,17.26,4004917.0,78018832.0,822968403.0,0.004866428632497571,17.332,17.755,18.979499999999998,20.877333333333336,16.76190471720639,8525864.6,21.304,True,True,22.17
2022-02-21,17.2,17.4,17.05,17.36,4483293.0,87499462.0,822968403.0,0.005447709758548288,17.33,17.687,18.806,20.798833333333334,24.257425658513867,8037920.75,21.232166666666668,True,True,22.09
2022-02-22,17.22,17.26,16.55,16.64,7618015.0,145289402.0,822968403.0,0.009256752716422335,17.188,17.529999999999998,18.588,20.70716666666667,22.17194563112959,7579564.05,21.146166666666666,True,True,22.09
2022-02-23,16.64,17.08,16.64,17.06,4295966.0,82592398.0,822968403.0,0.005220086195702947,17.107999999999997,17.359,18.341,20.63883333333333,35.53299479759848,6942496.2,21.04866666666667,True,True,22.09
2022-02-24,17.04,17.35,16.19,16.38,9201312.0,173818698.0,822968403.0,0.011180638243774712,16.939999999999998,17.151,18.055500000000002,20.5625,30.97345123149813,6941149.15,20.952,True,True,22.09
2022-02-25,16.5,16.81,16.45,16.64,5318963.0,100502841.0,822968403.0,0.006463143640278982,16.816,17.074,17.860999999999997,20.488666666666667,35.16949142110745,6624778.0,20.877333333333336,True,True,20.75
2022-02-28,16.77,16.88,16.2,16.73,5805479.0,109375739.0,822968403.0,0.007054315790055915,16.69,17.009999999999998,17.66,20.419,34.05172403518874,6555084.85,20.798833333333334,True,True,20.75
2022-03-01,16.77,17.09,16.57,16.87,7286883.0,139570819.0,822968403.0,0.008854389759602958,16.736,16.962,17.5315,20.34016666666667,27.488151567574874,6431106.0,20.70716666666667,True,True,19.44
2022-03-02,16.87,17.4,16.7,17.08,8058603.0,156285223.0,822968403.0,0.009792117134295373,16.740000000000002,16.924,17.4305,20.27466666666667,33.25242707147228,6426334.55,20.63883333333333,True,True,19.1
2022-03-03,17.17,17.3,16.91,17.08,7417050.0,144079944.0,822968403.0,0.0090125574359384,16.880000000000003,16.91,17.3745,20.206833333333336,44.625406962620254,6355030.45,20.5625,True,True,18.77
2022-03-04,16.92,17.25,16.77,16.84,4487764.0,86389417.0,822968403.0,0.005453142530916828,16.919999999999998,16.868000000000002,17.311500000000002,20.134999999999998,41.89602428546042,6296044.6,20.488666666666667,True,True,18.77
2022-03-07,16.7,16.7,15.77,15.9,9558214.0,174001911.0,822968403.0,0.011614314674970577,16.753999999999998,16.722,17.2045,20.05633333333333,32.69689726545187,6528025.3,20.419,True,True,18.77
2022-03-08,16.04,16.18,15.15,15.29,8261683.0,145671252.0,822968403.0,0.010038882379789251,16.438,16.587,17.058500000000002,19.970166666666668,26.86567156159498,6679831.6,20.34016666666667,True,True,18.77
2022-03-09,15.29,15.39,14.09,14.83,8279896.0,138912499.0,822968403.0,0.010061013241598292,15.988,16.364,16.8615,19.862666666666666,25.66191438711469,6725620.0,20.27466666666667,True,True,18.77
2022-03-10,15.22,15.47,15.08,15.28,6668283.0,115801549.0,822968403.0,0.008102720560949652,15.628,16.254,16.7025,19.751833333333334,31.390977361001134,6786059.15,20.206833333333336,True,True,18.46
2022-03-11,15.08,15.52,14.83,15.45,4496623.0,77506625.0,822968403.0,0.0054639072212350785,15.35,16.134999999999998,16.604499999999998,19.633166666666664,32.28200362672575,6308211.2,20.134999999999998,True,True,17.46
2022-03-14,15.43,15.54,14.97,14.99,3802328.0,65656886.0,822968403.0,0.004620260007722313,15.168000000000001,15.961000000000002,16.485500000000002,19.515499999999996,33.918128562406636,6152550.1,20.05633333333333,True,True,17.46
2022-03-15,14.9,14.99,13.93,13.94,6078212.0,99560538.0,822968403.0,0.007385717334763823,14.898,15.668000000000001,16.315,19.38133333333333,22.91666661096643,6247432.5,19.970166666666668,True,True,17.46
2022-03-16,14.31,14.37,13.46,14.25,5750808.0,91076887.0,822968403.0,0.006987884320997437,14.782,15.385,16.154500000000002,19.2635,30.241187305495984,6330821.45,19.862666666666666,True,True,17.46
2022-03-17,14.52,15.67,14.35,15.17,8846167.0,152723900.0,822968403.0,0.010749096766962996,14.76,15.193999999999999,16.052,19.165166666666668,37.85123958183183,6486022.95,19.751833333333334,True,True,17.36
2022-03-18,15.29,15.55,15.06,15.44,4483652.0,77894261.0,822968403.0,0.005448145984287564,14.758,15.053999999999998,15.961000000000002,19.074666666666666,39.646869894854525,6509959.7,19.633166666666664,True,True,17.36
2022-03-21,15.39,15.48,15.01,15.2,3630075.0,62772892.0,822968403.0,0.004410953065472673,14.8,14.984,15.853,18.97533333333333,36.808846680043594,6467298.8,19.515499999999996,True,True,17.36
2022-03-22,15.09,15.4,15.05,15.18,3477272.0,59969909.0,822968403.0,0.004225280080406684,15.047999999999998,14.972999999999999,15.780000000000001,18.871166666666667,34.52768721768932,6260261.65,19.38133333333333,True,True,17.08
2022-03-23,15.15,15.31,14.99,15.09,3359449.0,57580147.0,822968403.0,0.004082111764866871,15.216,14.998999999999999,15.6815,18.769333333333336,34.02889237938933,6213435.8,19.2635,True,True,17.08
2022-03-24,15.15,15.22,14.83,14.95,4350248.0,74179570.0,822968403.0,0.0052860449856177525,15.172,14.966,15.61,18.66783333333333,34.58401297158626,5970882.6,19.165166666666668,True,True,17.08
2022-03-25,15.45,16.11,14.73,14.86,10885492.0,191010523.0,822968403.0,0.01322710806431775,15.056000000000001,14.907,15.521,18.575833333333332,40.1515150450528,6249209.05,19.074666666666666,True,True,17.08
2022-03-28,14.69,15.37,14.34,15.22,9851287.0,167388925.0,822968403.0,0.011970431627859228,15.059999999999999,14.929999999999998,15.445500000000001,18.493833333333335,49.304174813069906,6451499.45,18.97533333333333,True,True,17.08
2022-03-29,15.18,15.25,14.31,14.36,8880343.0,147706410.0,822968403.0,0.01079062448525135,14.896,14.972,15.319999999999999,18.38883333333333,45.67219141078993,6531172.45,18.871166666666667,True,True,17.08
2022-03-30,14.49,14.93,14.38,14.84,8202751.0,136818202.0,822968403.0,0.009967273312193008,14.845999999999998,15.031,15.208000000000002,18.25733333333333,45.9706958528224,6538379.85,18.769333333333336,True,True,17.08
2022-03-31,15.15,15.22,14.57,14.69,5050931.0,84526184.0,822968403.0,0.006137454344039986,14.794,14.983,15.0885,18.142833333333332,43.01470577165333,6420073.9,18.66783333333333,True,True,17.08
2022-04-01,14.59,14.87,14.41,14.79,5358827.0,89537179.0,822968403.0,0.006511582924040888,14.780000000000001,14.918000000000001,14.985999999999999,18.027666666666665,48.03149593062185,6463627.05,18.575833333333332,True,True,16.84
2022-04-06,14.64,14.96,14.63,14.86,4022433.0,67585041.0,822968403.0,0.004887712560211136,14.708000000000002,14.883999999999997,14.934000000000001,17.91283333333333,61.21951198607971,6186838.0,18.493833333333335,True,True,15.9
2022-04-07,14.85,15.54,14.34,14.38,9588980.0,162482428.0,822968403.0,0.011651698856292542,14.712,14.804000000000002,14.888499999999999,17.784166666666668,51.52224807463432,6253202.85,18.38883333333333,True,True,15.45
2022-04-08,14.31,14.51,13.79,13.95,6487078.0,103195522.0,822968403.0,0.007882535922828133,14.534,14.690000000000001,14.8445,17.624833333333335,33.862433737017454,6163561.95,18.25733333333333,True,True,15.45
2022-04-11,13.75,14.12,13.43,13.52,5323527.0,83138244.0,822968403.0,0.0064686894182011505,14.3,14.546999999999997,14.756499999999999,17.457833333333333,25.634517675410365,6096324.15,18.142833333333332,True,True,15.45
2022-04-12,13.48,13.8,13.08,13.78,9067174.0,138141924.0,822968403.0,0.01101764535181067,14.097999999999999,14.438999999999998,14.672999999999998,17.26833333333333,32.0707069573258,6324851.7,18.027666666666665,True,True,15.45
2022-04-13,13.68,14.07,13.39,13.57,5418910.0,84164027.0,822968403.0,0.006584590587252473,13.84,14.274000000000001,14.601999999999999,17.073333333333334,30.602409535317193,6405680.8,17.91283333333333,True,True,15.44
2022-04-14,13.71,14.24,13.6,14.17,7479402.0,118965106.0,822968403.0,0.009088322191635832,13.797999999999998,14.254999999999999,14.613499999999998,16.9125,40.12875524424838,6475740.3,17.784166666666668,True,True,15.44
2022-04-15,13.92,14.71,13.89,14.32,9138600.0,148555897.0,822968403.0,0.011104436047224525,13.872,14.203,14.616999999999999,16.753666666666668,43.25481785748022,6645129.9,17.624833333333335,True,True,15.44
2022-04-18,14.13,14.28,13.76,13.97,5289697.0,83695197.0,822968403.0,0.006427582129176835,13.962,14.131,14.556999999999999,16.611333333333334,40.973630715287875,6467306.4,17.457833333333333,True,True,15.44
2022-04-19,13.93,14.16,13.71,13.81,3987579.0,62918127.0,822968403.0,0.004845360994983425,13.968,14.032999999999998,14.4755,16.471999999999998,35.09513731684315,6442502.75,17.26833333333333,True,True,15.44
2022-04-20,13.81,14.79,13.76,14.43,9564156.0,156469774.0,822968403.0,0.01162153487926802,14.14,13.99,14.437000000000001,16.365333333333336,50.779509863939175,6739206.8,17.073333333333334,True,True,15.22
2022-04-21,14.36,15.31,14.31,14.86,14189530.0,240564771.0,822968403.0,0.01724188917615103,14.278,14.038,14.420999999999998,16.263,50.2252250668574,7274819.7,16.9125,True,True,15.22
2022-04-22,14.82,15.5,14.7,15.5,18979367.0,325477759.0,822968403.0,0.023062084681275425,14.514000000000001,14.193000000000001,14.4415,16.154666666666667,58.21500997667138,8055815.6,16.753666666666668,False,True,15.22
2022-04-25,15.11,15.4,13.95,13.95,17307147.0,286731884.0,822968403.0,0.021030147617951744,14.51,14.236,14.391500000000002,16.019,43.41692780441426,8703660.55,16.611333333333334,False,False,15.5
2022-04-26,13.52,14.64,12.56,13.44,17926510.0,277270770.0,822968403.0,0.021782743948190197,14.435999999999998,14.202000000000002,14.320500000000001,15.900833333333335,39.58944273398062,9055711.45,16.471999999999998,True,False,15.5
2022-04-27,12.99,13.37,12.37,12.88,13627139.0,198034674.0,822968403.0,0.016558520291088258,14.126,14.133,14.2035,15.769666666666668,39.130434703213616,9244504.05,16.365333333333336,True,True,15.5
2022-04-28,12.97,13.61,12.68,13.2,14907272.0,221571171.0,822968403.0,0.018114027155426524,13.794,14.036000000000001,14.145500000000002,15.665666666666665,44.47717222051834,9545850.5,16.263,True,True,15.5
2022-04-29,13.16,14.52,13.09,14.52,15326595.0,245549193.0,822968403.0,0.01862355218514993,13.598000000000003,14.056000000000001,14.129499999999998,15.589333333333334,56.510416563652896,9902042.7,16.154666666666667,True,True,15.5
2022-05-05,14.79,15.67,14.78,15.24,20359620.0,351885458.0,822968403.0,0.024739248707219202,13.856,14.182999999999998,14.157,15.54,58.96805886663971,10667477.15,16.019,False,True,15.5
2022-05-06,15.0,15.71,14.88,15.27,12571353.0,218976369.0,822968403.0,0.015275620490620465,14.222,14.328999999999999,14.181000000000001,15.492833333333333,60.6783918530782,11028103.45,15.900833333333335,False,False,15.5
2022-05-09,15.34,15.92,14.99,15.72,12883765.0,224867205.0,822968403.0,0.0156552365230965,14.790000000000001,14.457999999999998,14.224,15.454166666666667,59.923175308716466,11471170.05,15.769666666666668,False,False,15.5
2022-05-10,15.54,16.2,15.34,15.99,14424917.0,260433418.0,822968403.0,0.01752791109283937,15.347999999999999,14.571000000000002,14.3045,15.417166666666667,60.52963419326421,11712966.9,15.665666666666665,False,False,15.72
2022-05-11,16.2,16.33,15.49,15.52,18008387.0,325973141.0,822968403.0,0.02188223379458227,15.547999999999998,14.572999999999999,14.383000000000001,15.363,59.62732908884688,12289032.35,15.589333333333334,False,False,15.99
2022-05-12,15.53,15.96,15.45,15.84,14297724.0,255175393.0,822968403.0,0.017373357163993085,15.668000000000001,14.761999999999997,14.498999999999999,15.319333333333333,62.362971879039996,12737742.2,15.54,False,False,15.99
2022-05-13,15.84,16.4,15.66,15.82,10750038.0,194451008.0,822968403.0,0.013062516083014186,15.778,15.0,14.601000000000003,15.292833333333334,59.13271999633929,12821885.4,15.492833333333333,False,False,15.99
2022-05-16,15.92,16.08,15.28,15.37,10844769.0,191194430.0,822968403.0,0.013177624998076627,15.708000000000002,15.248999999999999,14.690999999999999,15.259500000000001,53.34207067538807,13093178.35,15.454166666666667,False,False,15.99
2022-05-17,15.42,15.63,15.15,15.59,7775589.0,136542676.0,822968403.0,0.009448223007900826,15.628,15.488,14.762,15.230166666666666,50.6241330501057,13107987.7,15.417166666666667,False,False,15.99
2022-05-18,15.43,15.62,15.1,15.31,6853176.0,119317053.0,822968403.0,0.008327386537584967,15.585999999999999,15.566999999999998,14.8115,15.194333333333333,61.44781130298497,12993716.5,15.363,False,False,15.99
2022-05-19,15.14,15.45,14.79,15.41,6270251.0,108174466.0,822968403.0,0.007619066512326355,15.5,15.584,14.883499999999998,15.164166666666667,67.81193472886673,13042744.2,15.319333333333333,False,False,15.99
2022-05-20,15.59,16.2,15.44,16.13,12959807.0,234801878.0,822968403.0,0.01574763618233348,15.562000000000001,15.669999999999998,14.999500000000001,15.145333333333332,78.55887502639291,13491355.6,15.292833333333334,False,False,15.99
2022-05-23,16.2,16.47,15.5,15.79,11564516.0,207495947.0,822968403.0,0.014052199279879279,15.645999999999997,15.677000000000001,15.067499999999999,15.119166666666668,72.67950945402572,13591373.6,15.259500000000001,False,False,16.13
2022-05-24,15.7,16.09,15.1,15.15,11100542.0,195017258.0,822968403.0,0.013488418218165783,15.558000000000002,15.593,15.082000000000003,15.094333333333333,56.26242529072089,13436924.2,15.230166666666666,False,False,16.13
2022-05-25,15.04,15.19,14.82,15.04,7092312.0,120545845.0,822968403.0,0.008617963914709372,15.504,15.545000000000002,15.059000000000001,15.060666666666666,47.73755640988103,12842571.45,15.194333333333333,False,False,16.13
2022-05-26,15.14,15.76,14.89,15.68,8518158.0,148798905.0,822968403.0,0.010350528609541283,15.558000000000002,15.529000000000002,15.145500000000002,15.049000000000001,54.07554656917343,12403122.0,15.164166666666667,True,False,16.13
2022-05-27,15.82,16.03,15.21,15.3,8467169.0,149221415.0,822968403.0,0.010288571188315719,15.392,15.476999999999999,15.238499999999998,15.026666666666667,45.766128903079476,11930154.95,15.145333333333332,False,True,16.13
2022-05-30,15.31,15.46,15.06,15.37,5329050.0,92512444.0,822968403.0,0.006475400489950524,15.307999999999998,15.477,15.363,15.004,43.487394830079076,11515250.5,15.119166666666668,False,False,16.13
2022-05-31,15.32,15.79,15.08,15.68,7885168.0,138381330.0,822968403.0,0.009581373927912515,15.413999999999998,15.486,15.487,14.984166666666665,51.73913027731569,11164145.3,15.094333333333333,False,False,16.13
2022-06-01,15.73,16.6,15.68,16.18,15198656.0,280033595.0,822968403.0,0.018468091781647662,15.642000000000001,15.573000000000002,15.569999999999999,14.969166666666666,53.556485198788536,11157748.35,15.060666666666666,False,False,16.13
2022-06-02,16.18,16.43,15.91,16.35,10796154.0,198762169.0,822968403.0,0.013118552256252297,15.776,15.667000000000002,15.625499999999999,14.957,55.37525339244351,10679575.05,15.049000000000001,False,False,16.18
2022-06-06,16.61,17.35,16.38,16.95,17100180.0,328818029.0,822968403.0,0.020778659226361573,16.106,15.749,15.7095,14.958833333333333,65.55118092170935,10906016.4,15.026666666666667,False,False,16.35
2022-06-07,16.92,16.94,16.38,16.59,8643224.0,162624364.0,822968403.0,0.010502497992015861,16.35,15.828999999999999,15.753,14.970333333333334,59.57854390151349,10693989.35,15.004,False,False,16.95
2022-06-08,16.48,16.72,16.07,16.43,11543786.0,214366855.0,822968403.0,0.014027009977441381,16.5,15.956999999999999,15.775,14.989333333333331,60.98039198946559,10549932.8,14.984166666666665,False,False,16.95
2022-06-09,16.91,17.51,16.77,16.98,16473506.0,319637966.0,822968403.0,0.020017179201471724,16.66,16.151,15.847999999999999,15.025166666666667,64.1441439823391,10473188.75,14.969166666666666,False,False,16.95
2022-06-10,17.12,18.29,16.84,18.01,17220746.0,343744968.0,822968403.0,0.020925160598176697,16.992,16.383999999999997,15.9565,15.070666666666666,66.04095547362232,10619339.85,14.957,False,False,16.98
2022-06-13,17.8,18.6,17.54,18.51,14051221.0,286409337.0,822968403.0,0.01707382804586241,17.304,16.705000000000002,16.091,15.121666666666666,72.59136195742875,10784399.0,14.958833333333333,False,False,18.01
2022-06-14,18.14,19.93,18.14,19.53,18580496.0,401939912.0,822968403.0,0.02257741115244251,17.892000000000003,17.121000000000002,16.299,15.197333333333335,84.21874981577149,11171185.35,14.970333333333334,False,False,18.51
2022-06-15,19.53,19.53,18.75,18.76,12493607.0,267638830.0,822968403.0,0.015181150278013773,18.358,17.429,16.4575,15.277666666666669,76.34560891376228,11407086.25,14.989333333333331,False,False,19.53
2022-06-16,18.73,19.47,18.73,19.21,9529571.0,205106839.0,822968403.0,0.011579510179566396,18.804000000000002,17.732000000000003,16.6525,15.360333333333333,75.69141178170602,11540906.0,15.025166666666667,False,False,19.53
2022-06-17,19.04,19.89,18.64,19.74,13087618.0,283092010.0,822968403.0,0.015902941051310324,19.150000000000002,18.071,16.869000000000003,15.436499999999999,81.62393146114886,11881774.35,15.070666666666666,False,False,19.53
2022-06-20,19.76,19.8,18.74,19.47,13055504.0,282569745.0,822968403.0,0.015863918897017482,19.342000000000002,18.323,17.035999999999998,15.503666666666668,78.39335164854475,11886559.2,15.121666666666666,False,False,19.74
2022-06-21,19.3,19.65,18.95,19.1,8227305.0,177561285.0,822968403.0,0.009997109208577963,19.256,18.574,17.201500000000003,15.568666666666667,73.489010847686,11719698.65,15.197333333333335,False,False,19.74
2022-06-22,18.97,19.27,18.78,18.83,6010775.0,128283712.0,822968403.0,0.007303773727021206,19.27,18.814,17.3855,15.6295,68.7943261045219,11465210.3,15.277666666666669,False,False,19.74
2022-06-23,19.03,19.17,18.59,18.95,5910195.0,125046466.0,822968403.0,0.007181557613214951,19.217999999999996,19.011000000000003,17.581,15.693833333333334,68.5714284342857,11406104.45,15.360333333333333,False,False,19.74
2022-06-24,19.07,19.67,18.97,19.35,7997029.0,174356872.0,822968403.0,0.009717297736885289,19.139999999999997,19.145000000000003,17.7645,15.767166666666666,67.64705868425608,11380048.0,15.436499999999999,False,False,19.74
2022-06-27,19.42,19.66,18.86,19.39,8971411.0,194629288.0,822968403.0,0.010901282439636993,19.124000000000002,19.232999999999997,17.969,15.842666666666666,71.60493811690291,11405260.1,15.503666666666668,False,False,19.74
2022-06-28,19.57,20.28,19.05,20.04,9978316.0,222774581.0,822968403.0,0.01212478627809481,19.312,19.284,18.2025,15.923,75.89669999102529,11637723.4,15.568666666666667,False,False,19.74
2022-06-29,19.97,20.39,19.5,19.65,7400306.0,165849023.0,822968403.0,0.008992211575831303,19.476,19.373,18.401,16.011166666666668,69.60352408598393,11613480.3,15.6295,False,False,20.04
2022-06-30,19.67,19.88,19.39,19.56,7772738.0,171350719.0,822968403.0,0.009444758719369692,19.598,19.407999999999998,18.57,16.089833333333335,63.202725573281384,11242184.4,15.693833333333334,False,False,20.04
2022-07-01,19.6,19.77,18.74,18.94,10987911.0,234789677.0,822968403.0,0.013351558771813503,19.516,19.327999999999996,18.6995,16.160666666666668,53.58931540062598,11251772.25,15.767166666666666,False,False,20.04
2022-07-04,18.94,19.53,18.32,19.37,13279066.0,281158941.0,822968403.0,0.016135572096806248,19.512,19.317999999999998,18.820500000000003,16.237,48.51851839272977,11060716.55,15.842666666666666,False,False,20.04
2022-07-05,19.28,19.95,19.15,19.47,8432140.0,184918686.0,822968403.0,0.01024600697822903,19.398,19.354999999999997,18.964499999999997,16.31383333333333,57.505285242056225,11050162.35,15.923,False,False,20.04
2022-07-06,19.47,19.95,18.67,18.93,8757091.0,188901288.0,822968403.0,0.010640859318629271,19.254,19.365000000000002,19.089499999999997,16.389666666666667,47.095435547855566,10910827.6,16.011166666666668,False,False,20.04
2022-07-07,18.93,18.93,18.08,18.19,11079444.0,227863666.0,822968403.0,0.01346278175396729,18.98,19.288999999999998,19.15,16.460333333333335,34.59244523175066,10641124.5,16.089833333333335,True,False,20.04
2022-07-08,18.18,18.45,17.92,18.1,7432356.0,151442223.0,822968403.0,0.009031155962861432,18.812,19.163999999999998,19.154500000000002,16.53666666666667,35.876288556233405,10151705.0,16.160666666666668,True,True,20.04
2022-07-11,18.02,18.27,17.73,18.22,6238533.0,126302232.0,822968403.0,0.007580525542971545,18.582,19.047000000000004,19.139999999999997,16.610666666666667,40.43478248563323,9761070.6,16.237,True,True,20.04
2022-07-12,18.3,18.96,17.79,17.82,8722812.0,178575031.0,822968403.0,0.010599206443652491,18.252000000000002,18.825,19.0545,16.6815,39.32346711405316,9268186.4,16.31383333333333,True,True,20.04
2022-07-13,17.94,18.01,17.57,17.76,5778306.0,115440204.0,822968403.0,0.007021297511467157,18.018,18.636000000000003,19.0045,16.741333333333333,37.25910053070076,8932421.35,16.389666666666667,True,True,20.04
2022-07-14,17.97,18.2,17.13,17.23,10134649.0,199285736.0,822968403.0,0.012314748613744774,17.826,18.403000000000002,18.9055,16.789833333333334,27.91666658524298,8962675.25,16.460333333333335,True,True,20.04
2022-07-15,18.68,18.96,17.94,18.86,38162849.0,802004776.0,822968403.0,0.0463721922504964,17.978,18.395000000000003,18.8615,16.871333333333332,45.852895048209604,10216436.8,16.53666666666667,True,True,20.04
2022-07-18,18.86,20.27,18.39,19.96,32834443.0,718059825.0,822968403.0,0.03989757429362692,18.326,18.454,18.886000000000003,16.973833333333335,49.41520457722036,11205383.75,16.610666666666667,True,True,20.04
2022-07-19,19.92,20.8,19.91,20.44,16967384.0,389589615.0,822968403.0,0.02061729701668753,18.85,18.551000000000002,18.953,17.074,55.69985558733077,11642387.7,16.6815,False,True,20.04
2022-07-20,20.49,20.7,20.12,20.58,9377516.0,215850061.0,822968403.0,0.011394746099383356,19.413999999999998,18.716,19.0405,17.16933333333333,57.306590142938084,11810724.75,16.741333333333333,False,False,20.44
2022-07-21,20.55,20.89,20.15,20.37,10813879.0,249082469.0,822968403.0,0.013140090142683157,20.042,18.934,19.1115,17.2505,60.88280047909299,12055908.95,16.789833333333334,False,False,20.58
2022-07-22,20.55,20.73,19.57,19.81,10244443.0,229641242.0,822968403.0,0.012448160783154636,20.232,19.105,19.1345,17.348166666666668,53.28358197821339,12168279.65,16.871333333333332,False,False,20.58
2022-07-25,19.88,20.4,19.63,19.94,9657028.0,217274722.0,822968403.0,0.011734384898371366,20.228,19.276999999999997,19.162,17.4565,53.491827526168585,12202560.5,16.973833333333335,False,False,20.58
2022-07-26,19.88,21.02,19.67,20.7,11482487.0,265008034.0,822968403.0,0.013952524736238264,20.28,19.565,19.195,17.586833333333335,62.73381282327002,12277769.05,17.074,False,False,20.58
2022-07-27,20.73,21.13,20.22,20.79,9269979.0,215935634.0,822968403.0,0.011264076441097582,20.322,19.868000000000002,19.252000000000002,17.71333333333333,70.63492047795415,12371252.7,17.16933333333333,False,False,20.7
2022-07-28,20.8,21.23,20.57,20.87,7092776.0,166612959.0,822968403.0,0.008618527727364036,20.422,20.232,19.317500000000003,17.819166666666668,72.01907774113403,12337254.6,17.2505,False,False,20.79
2022-07-29,20.77,21.0,20.12,20.24,10211389.0,235022959.0,822968403.0,0.012407996422190707,20.508,20.369999999999997,19.3825,17.9025,64.85294104294982,12298428.5,17.348166666666668,False,False,20.87
2022-08-01,20.12,20.46,19.87,20.24,9451845.0,215348601.0,822968403.0,0.011485064269229302,20.568,20.398,19.426,17.985333333333337,68.90624984926755,12107067.45,17.4565,False,False,20.87
2022-08-02,19.88,19.95,19.04,19.07,13651010.0,297365048.0,822968403.0,0.016587526264966457,20.241999999999997,20.261,19.406,18.041166666666665,58.721704284673244,12368010.95,17.586833333333335,False,False,20.87
2022-08-03,19.23,19.59,18.66,18.75,8782783.0,188901936.0,822968403.0,0.01067207801415433,19.834,20.078,19.397,18.08716666666667,60.410958788252955,12369295.55,17.71333333333333,True,False,20.87
2022-08-04,18.89,19.0,18.29,18.73,8443902.0,176530104.0,822968403.0,0.010260299142979368,19.406,19.914,19.424,18.140666666666668,48.85764487100053,12237518.45,17.819166666666668,True,True,20.87
2022-08-05,18.86,19.2,18.51,19.04,5903072.0,125658499.0,822968403.0,0.007172902359897771,19.166,19.837,19.471,18.194,40.61224478192418,12161054.25,17.9025,True,True,20.87
2022-08-08,18.96,19.22,18.72,18.77,6414635.0,136463033.0,822968403.0,0.007794509457005241,18.872000000000003,19.72,19.4985,18.243166666666664,32.196161950800345,12169859.35,17.985333333333337,True,True,20.87
2022-08-09,18.89,18.99,18.26,18.36,8706854.0,181399319.0,822968403.0,0.010579815662740577,18.73,19.485999999999997,19.5255,18.293000000000003,27.62096766397309,12169061.45,18.041166666666665,True,True,20.87
2022-08-10,18.39,18.51,17.82,17.97,7358519.0,149096314.0,822968403.0,0.008941435628847588,18.574,19.204,19.535999999999998,18.332666666666668,26.653696425456857,12248072.1,18.08716666666667,True,True,20.87
2022-08-11,18.13,19.02,17.99,18.75,9808196.0,205393410.0,822968403.0,0.011918071172897752,18.577999999999996,18.991999999999997,19.612000000000002,18.39,40.11194019373749,12231749.45,18.140666666666668,True,True,20.87
2022-08-12,18.75,19.08,18.35,18.44,6246700.0,129901285.0,822968403.0,0.007590449374761718,18.458000000000002,18.812,19.591,18.440499999999997,36.46209377067341,10635942.0,18.194,True,True,20.87
2022-08-15,18.37,19.03,18.25,18.87,7612120.0,160214442.0,822968403.0,0.009249589622458445,18.478,18.675,19.536499999999997,18.48616666666667,32.437619874447876,9374825.85,18.243166666666664,True,True,20.87
2022-08-16,18.87,19.05,18.49,18.56,7416944.0,155840658.0,822968403.0,0.009012428633909534,18.517999999999997,18.624000000000002,19.4425,18.532333333333334,29.46592994244513,8897303.85,18.293000000000003,True,True,20.87
2022-08-17,18.43,18.64,18.24,18.47,6967981.0,144601856.0,822968403.0,0.008466887640642505,18.618000000000002,18.596,19.337,18.587666666666667,27.94117639868078,8776827.1,18.332666666666668,True,True,20.87
2022-08-18,18.46,18.5,17.88,18.25,7682028.0,156714771.0,822968403.0,0.009334535775609845,18.518,18.548,19.231,18.641166666666667,30.218687788655743,8620234.55,18.39,True,True,20.87
2022-08-19,18.33,18.69,18.06,18.24,7597558.0,157450671.0,822968403.0,0.009231895139964443,18.477999999999998,18.468,19.152499999999996,18.683833333333332,30.158730074955898,8487890.3,18.440499999999997,True,True,20.87
2022-08-22,18.4,18.75,18.17,18.63,6592848.0,137217648.0,822968403.0,0.008011058475594962,18.43,18.454,19.087,18.73933333333333,44.83568060382639,8334681.3,18.48616666666667,True,True,20.87
2022-08-23,18.38,18.59,17.89,18.16,9055993.0,184691263.0,822968403.0,0.01100405916799214,18.35,18.434,18.96,18.785833333333336,43.31065745887773,8213356.6,18.532333333333334,True,True,20.87
2022-08-24,18.15,18.37,17.48,17.51,9955218.0,199346597.0,822968403.0,0.012096719586936559,18.158,18.387999999999998,18.796,18.816333333333333,37.896825291556446,8247618.55,18.587666666666667,True,True,20.87
2022-08-25,17.6,18.48,17.44,18.34,8660874.0,175521355.0,822968403.0,0.01052394474493573,18.176,18.347,18.6695,18.85233333333333,43.70503586117437,8326023.45,18.641166666666667,True,True,20.87
2022-08-26,18.31,18.74,18.02,18.06,6545888.0,134437654.0,822968403.0,0.007953996746579832,18.139999999999997,18.309,18.5605,18.880833333333335,43.626570805965514,8142748.4,18.683833333333332,True,True,20.24
2022-08-29,17.79,18.38,17.22,17.43,15793490.0,311952872.0,822968403.0,0.019190882593338156,17.9,18.165,18.42,18.88883333333333,41.968911815619215,8459830.65,18.73933333333333,True,True,20.24
2022-08-30,17.46,17.85,16.95,17.17,14260074.0,276334452.0,822968403.0,0.017327608141475635,17.702,18.026,18.325,18.898500000000002,42.932862084618385,8490283.85,18.785833333333336,True,True,19.07
2022-08-31,16.99,17.68,16.84,17.05,12142051.0,234544801.0,822968403.0,0.014753969843481343,17.61,17.884,18.240000000000002,18.908833333333334,32.9999999076,8658247.25,18.816333333333333,True,True,19.04
2022-09-01,17.0,17.62,16.86,17.06,11990259.0,232302895.0,822968403.0,0.014569525338143511,17.354000000000003,17.765,18.1565,18.91016666666667,35.319148830964195,8835565.1,18.85233333333333,True,True,19.04
2022-09-02,17.2,17.57,16.97,17.13,10532100.0,204034585.0,822968403.0,0.012797696681436262,17.168,17.654000000000003,18.061,18.895500000000002,29.95391695406566,9067016.5,18.880833333333335,True,True,19.04
2022-09-05,17.13,17.13,16.48,16.68,12155640.0,227745227.0,822968403.0,0.014770482020559422,17.018,17.458999999999996,17.9565,18.865000000000002,29.017857052176325,9354066.75,18.88883333333333,True,True,18.87
2022-09-06,16.6,16.73,16.36,16.54,8902294.0,165286801.0,822968403.0,0.010817297441248179,16.892,17.297,17.8655,18.815166666666666,28.697571655239273,9363838.75,18.898500000000002,True,True,18.87
2022-09-07,16.54,16.76,16.39,16.62,9454729.0,176268657.0,822968403.0,0.011488568656505273,16.806,17.208000000000002,17.798000000000002,18.7795,31.43507962640294,9468649.25,18.908833333333334,True,True,18.87
2022-09-08,16.61,16.77,16.25,16.33,7369547.0,136523023.0,822968403.0,0.008954835900303696,16.66,17.006999999999998,17.677,18.7315,29.55032111055577,9346716.8,18.91016666666667,True,True,18.87
2022-09-09,16.34,16.63,16.19,16.49,7491402.0,138490321.0,822968403.0,0.009102903553394381,16.532,16.85,17.579500000000003,18.677333333333333,25.90090081923138,9408951.9,18.895500000000002,True,True,18.87
2022-09-13,16.58,16.77,16.37,16.54,7868796.0,146355652.0,822968403.0,0.009561480090019933,16.503999999999998,16.761,17.463,18.6285,29.850746164698876,9421785.7,18.865000000000002,True,True,18.87
2022-09-14,16.28,16.72,16.24,16.57,5704464.0,105677759.0,822968403.0,0.006931571101885913,16.509999999999998,16.701,17.3635,18.586333333333336,36.17647043927335,9336161.7,18.815166666666666,True,True,18.63
2022-09-15,16.72,16.86,16.09,16.28,7339422.0,135891674.0,822968403.0,0.008918230606722333,16.442,16.624,17.253999999999998,18.543833333333332,13.986013917551048,9354733.75,18.7795,True,True,18.63
2022-09-16,16.2,16.59,15.92,16.08,7342100.0,134049342.0,822968403.0,0.00892148468062145,16.392,16.526,17.1455,18.496,14.388489136173135,9337737.35,18.7315,True,True,18.63
2022-09-19,16.0,16.07,15.61,15.88,6678657.0,118801721.0,822968403.0,0.00811532614818992,16.27,16.401,17.027499999999996,18.438166666666667,17.021276494341407,9291792.3,18.677333333333333,True,True,18.63
2022-09-20,15.94,16.17,15.75,16.08,5486704.0,98496984.0,822968403.0,0.006666967990507407,16.178000000000004,16.340999999999998,16.9,18.383,26.200873202265356,9236485.1,18.6285,True,True,18.63
2022-09-21,15.93,16.07,15.4,15.7,6482330.0,113963540.0,822968403.0,0.007876766564025667,16.003999999999998,16.256999999999998,16.777,18.310666666666666,23.52941163552478,9107801.95,18.586333333333336,True,True,18.34
2022-09-22,15.55,15.71,15.36,15.45,5113212.0,89136064.0,822968403.0,0.006213132826680346,15.838,16.139999999999997,16.674,18.240666666666666,21.146953298904208,8865701.65,18.543833333333332,True,True,18.34
2022-09-23,15.34,15.52,14.95,15.36,6035829.0,103513902.0,822968403.0,0.007334217180146101,15.693999999999999,16.043,16.525,18.170666666666666,18.505337986094432,8734449.4,18.496,True,True,18.34
2022-09-26,15.24,15.59,15.1,15.24,6097825.0,104902940.0,822968403.0,0.007409549355444695,15.565999999999999,15.917999999999997,16.383999999999997,18.108999999999998,20.967741817117627,8712046.25,18.438166666666667,True,True,18.06
2022-09-27,15.24,15.83,15.1,15.77,7466475.0,130450470.0,822968403.0,0.009072614419681432,15.504,15.841,16.301,18.048999999999996,36.58536567519335,8295695.5,18.383,True,True,17.43
2022-09-28,15.73,16.03,15.55,15.56,6297594.0,111202928.0,822968403.0,0.007652291360206693,15.475999999999999,15.74,16.2205,17.983833333333333,32.33333318244442,7897571.5,18.310666666666666,True,True,17.17
2022-09-29,15.72,15.87,15.34,15.46,5775356.0,101046793.0,822968403.0,0.007017712926701513,15.478,15.658000000000001,16.141,17.926000000000002,34.51957278175304,7579236.75,18.240666666666666,True,True,17.13
2022-09-30,15.44,16.12,15.21,15.76,11177335.0,197833361.0,822968403.0,0.01358173042762615,15.558000000000002,15.626,16.076,17.8855,37.62711846549841,7538590.55,18.170666666666666,True,True,17.13
2022-10-10,15.75,16.05,15.17,15.27,9735919.0,171082885.0,822968403.0,0.011830246415912519,15.563999999999998,15.565000000000001,15.983,17.838333333333335,31.268436449038873,7498781.5,18.108999999999998,True,True,17.13
2022-10-11,15.25,15.56,14.99,15.39,9514409.0,163248852.0,822968403.0,0.011561086628984467,15.488,15.495999999999999,15.9185,17.791166666666665,33.04597687855065,7366719.95,18.048999999999996,True,True,16.68
2022-10-12,15.4,15.4,14.56,15.16,10678850.0,178561663.0,822968403.0,0.012976014584608541,15.408000000000001,15.441999999999998,15.849499999999997,17.74683333333333,33.62573085650283,7455547.75,17.983833333333333,True,True,16.62
2022-10-13,15.05,15.59,14.95,15.32,6974488.0,120509915.0,822968403.0,0.00847479438405608,15.38,15.429000000000002,15.7845,17.706166666666665,38.75739628917055,7331535.7,17.926000000000002,True,True,16.62
2022-10-14,15.44,16.07,15.44,15.83,6992036.0,124735152.0,822968403.0,0.008496117195401,15.394,15.475999999999999,15.7595,17.68283333333333,49.322493037800825,7312660.15,17.8855,True,True,16.57
2022-10-17,15.74,16.08,15.66,15.81,5373767.0,95501949.0,822968403.0,0.006529736719430284,15.502,15.533000000000001,15.7255,17.632,46.153845969756766,7206778.4,17.838333333333335,False,True,16.57
2022-10-18,15.85,15.94,15.61,15.75,5235958.0,92748865.0,822968403.0,0.006362283145881604,15.574000000000002,15.531,15.686000000000002,17.561833333333333,50.78369883668597,7075136.5,17.791166666666665,False,False,16.57
2022-10-19,15.74,15.74,15.23,15.3,5392914.0,93344517.0,822968403.0,0.006553002497229532,15.602,15.505,15.622500000000002,17.476166666666664,47.78761042211608,7059559.0,17.74683333333333,False,False,16.57
2022-10-20,15.24,15.36,14.99,15.03,5626757.0,95823314.0,822968403.0,0.006837148278704936,15.544,15.462,15.559999999999999,17.383666666666667,45.378151082550666,6973925.75,17.706166666666665,True,False,16.28
2022-10-21,15.04,15.19,14.73,14.84,4926646.0,82613845.0,822968403.0,0.005986433965193194,15.346,15.37,15.498000000000001,17.2915,44.505494334319515,6853153.05,17.68283333333333,True,True,16.08
2022-10-24,14.97,15.12,14.23,14.3,9545499.0,156411424.0,822968403.0,0.011598864507073913,15.044,15.273,15.419,17.199666666666666,29.86301358408707,6996495.15,17.632,True,True,16.08
2022-10-25,14.23,14.46,14.01,14.23,7693117.0,123014599.0,822968403.0,0.009348010168988225,14.74,15.157,15.3265,17.104499999999998,31.054130930268414,7106815.8,17.561833333333333,True,True,16.08
2022-10-26,14.25,15.18,14.23,14.92,9035614.0,151254330.0,822968403.0,0.01097929637038568,14.663999999999998,15.133000000000001,15.2875,17.008166666666664,43.414633998096356,7234480.0,17.476166666666664,True,True,15.83
2022-10-27,14.93,15.06,14.67,14.96,5925611.0,99240236.0,822968403.0,0.00720028980262077,14.65,15.097,15.263,16.910999999999998,39.583333189019115,7275099.95,17.383666666666667,True,True,15.83
2022-10-28,15.12,15.52,14.31,14.39,10731985.0,180012522.0,822968403.0,0.013040579639361926,14.559999999999999,14.953,15.214499999999997,16.803,38.775510065597686,7509907.75,17.2915,True,True,15.83
2022-10-31,14.39,14.55,14.02,14.23,8600279.0,137680861.0,822968403.0,0.010450314943622446,14.546000000000001,14.795000000000002,15.164000000000001,16.702833333333334,35.3535352285481,7635030.45,17.199666666666666,True,True,15.83
2022-11-01,14.38,14.86,13.81,14.85,13656732.0,220617754.0,822968403.0,0.016594479144298326,14.669999999999998,14.705000000000002,15.118,16.613,46.43678145974369,7944543.3,17.104499999999998,True,True,15.83
2022-11-02,14.72,14.97,14.6,14.8,11041134.0,183380923.0,822968403.0,0.013416230756553117,14.646,14.654999999999998,15.079999999999998,16.541833333333333,43.86792438345496,8181720.3,17.008166666666664,True,True,15.83
2022-11-03,14.68,14.78,14.46,14.66,7781389.0,127656747.0,822968403.0,0.009455270666084127,14.586000000000002,14.618,15.040000000000001,16.473666666666666,34.88372080403822,8282021.95,16.910999999999998,True,True,15.83
2022-11-04,14.63,15.13,14.5,15.12,10053032.0,168731630.0,822968403.0,0.01221557469685747,14.732,14.646,15.008000000000001,16.4135,41.99535949235844,8225806.8,16.803,True,True,15.83
2022-11-07,15.04,15.42,14.97,15.24,9950467.0,170265182.0,822968403.0,0.012090946582793654,14.934000000000001,14.74,15.006499999999999,16.350166666666667,44.16475958391153,8236534.2,16.702833333333334,False,True,15.83
2022-11-08,15.3,15.35,14.82,15.01,9184492.0,154689756.0,822968403.0,0.011160200035043144,14.966,14.818000000000001,14.9875,16.2875,46.506023939497744,8220038.35,16.613,False,False,15.83
2022-11-09,15.03,15.14,14.88,14.94,5417819.0,91146420.0,822968403.0,0.0065832648984459246,14.994,14.819999999999999,14.976500000000001,16.2305,48.860759320493514,7956986.8,16.541833333333333,False,False,15.83
2022-11-10,14.77,14.93,14.63,14.79,5541328.0,91867822.0,822968403.0,0.006733342349232331,15.02,14.803,14.95,16.1775,49.36061363400291,7885328.8,16.473666666666666,True,False,15.83
2022-11-11,15.13,15.47,14.99,15.2,12309349.0,210588232.0,822968403.0,0.01495725589843818,15.036000000000001,14.884,14.9185,16.118333333333332,61.904761675484984,8151194.45,16.4135,True,True,15.83
2022-11-14,15.39,15.77,15.18,15.24,11950590.0,207677589.0,822968403.0,0.01452132300151018,15.035999999999998,14.985,14.89,16.065,63.46666642972444,8480035.6,16.350166666666667,False,True,15.81
2022-11-15,15.13,15.63,15.08,15.57,8999569.0,156442253.0,822968403.0,0.010935497605003433,15.148,15.056999999999999,14.881,16.009999999999998,59.587020402885464,8668216.15,16.2875,False,False,15.75
2022-11-16,15.57,16.26,15.57,15.93,13475659.0,242520710.0,822968403.0,0.01637445490115615,15.346,15.170000000000002,14.9125,15.966166666666668,63.07277604231296,9072353.4,16.2305,False,False,15.57
2022-11-17,15.78,16.05,15.69,16.01,8560811.0,152647567.0,822968403.0,0.010402356844798573,15.589999999999998,15.305000000000001,14.961500000000001,15.925166666666666,75.1552791763435,9219056.1,16.1775,False,False,15.93
2022-11-18,15.95,16.09,15.67,15.71,8302100.0,147979056.0,822968403.0,0.010087993621305531,15.692000000000002,15.364,15.004999999999999,15.882833333333334,72.0238092237103,9387828.8,16.118333333333332,False,False,16.01
2022-11-21,15.72,15.75,15.32,15.44,6903844.0,119806247.0,822968403.0,0.008388953907383489,15.732,15.384,15.062000000000001,15.836166666666665,59.8006641736846,9255746.05,16.065,False,False,16.01
2022-11-22,15.44,15.57,15.21,15.26,6210069.0,107189902.0,822968403.0,0.007545938552880262,15.669999999999998,15.409,15.113499999999998,15.78,57.324840508742724,9181593.65,16.009999999999998,False,False,16.01
2022-11-23,15.23,15.4,14.93,15.15,7339881.0,124871823.0,822968403.0,0.008918788343809598,15.514,15.430000000000001,15.125,15.729833333333334,57.87781324427993,9096807.0,15.966166666666668,False,False,16.01
2022-11-24,15.26,15.36,15.08,15.21,4687897.0,80017485.0,822968403.0,0.005696326836985502,15.354,15.472,15.1375,15.6915,51.66051633828518,9034921.3,15.925166666666666,False,False,16.01
2022-11-25,15.21,15.34,14.93,15.09,5412201.0,91871340.0,822968403.0,0.006576438390915963,15.23,15.461000000000002,15.172500000000003,15.637333333333334,47.232472080717855,8768932.1,15.882833333333334,False,False,16.01
2022-11-28,14.85,14.98,14.53,14.95,6407943.0,106167587.0,822968403.0,0.007786377917597889,15.132,15.431999999999999,15.2085,15.5855,48.85496157100402,8659315.3,15.836166666666665,True,False,16.01
2022-11-29,15.1,15.55,15.05,15.5,8518600.0,146935653.0,822968403.0,0.01035106568969939,15.179999999999998,15.425,15.241,15.553333333333333,59.032257797918824,8402408.7,15.78,True,True,16.01
2022-11-30,15.36,15.44,14.99,15.08,10996624.0,187793601.0,822968403.0,0.013362146055563691,15.166,15.339999999999998,15.255,15.5185,54.30267039755567,8400183.2,15.729833333333334,False,True,16.01
2022-12-01,15.32,15.79,15.32,15.43,9814143.0,171013656.0,822968403.0,0.011925297452762594,15.209999999999999,15.282,15.2935,15.491499999999998,53.47432001551647,8501820.9,15.6915,True,False,16.01
2022-12-02,15.34,15.93,15.28,15.74,10742776.0,189072554.0,822968403.0,0.013053691928923302,15.34,15.285,15.3245,15.4695,56.983240000624185,8536308.1,15.637333333333334,False,True,16.01
2022-12-05,15.76,15.99,15.68,15.89,9483198.0,168773508.0,822968403.0,0.011523161722163956,15.528,15.329999999999998,15.357,15.448833333333333,54.705882127681654,8512944.65,15.5855,False,False,16.01
2022-12-06,15.84,16.27,15.74,16.01,9926267.0,178772404.0,822968403.0,0.012061540836580575,15.63,15.405000000000001,15.407,15.437666666666669,51.26582255768309,8550033.4,15.553333333333333,False,False,16.01
2022-12-07,15.93,16.64,15.92,16.44,11471263.0,209953827.0,822968403.0,0.013938886302540098,15.902000000000001,15.534,15.482,15.436,56.12535590149429,8852705.6,15.5185,False,False,16.01
2022-12-08,16.41,16.49,16.16,16.31,8605185.0,157824746.0,822968403.0,0.010456276290354734,16.078000000000003,15.644,15.557999999999998,15.430833333333334,58.982035680913576,9005898.45,15.491499999999998,False,False,16.44
2022-12-09,16.35,16.8,16.2,16.68,15355496.0,284949639.0,822968403.0,0.018658670179831922,16.266,15.802999999999997,15.632,15.436666666666667,68.02325553711462,9158205.8,15.4695,False,False,16.44
2022-12-12,16.57,16.75,16.28,16.33,10495115.0,193703660.0,822968403.0,0.012752755709382927,16.354,15.940999999999999,15.686499999999999,15.434000000000001,64.81994434695861,9085432.05,15.448833333333333,False,False,16.68
2022-12-13,16.33,16.55,16.06,16.46,7694710.0,141530558.0,822968403.0,0.009349945844761672,16.444,16.037,15.731,15.432666666666666,68.04407687255723,9020189.1,15.437666666666669,False,False,16.68
2022-12-14,16.33,16.54,16.25,16.47,5273914.0,97304635.0,822968403.0,0.006408403993123901,16.45,16.176000000000002,15.758,15.431000000000001,67.5977650987796,8610101.85,15.436,False,False,16.68
2022-12-15,16.49,16.81,16.31,16.33,6888421.0,127866055.0,822968403.0,0.008370213212183312,16.453999999999997,16.266,15.773999999999997,15.431833333333335,67.22222196080241,8526482.35,15.430833333333334,False,False,16.68
2022-12-16,16.22,16.45,16.12,16.28,5822787.0,106346772.0,822968403.0,0.007075346974165665,16.374000000000002,16.32,15.8025,15.435166666666667,68.94586867087118,8402516.7,15.436666666666667,False,False,16.68
2022-12-19,16.44,16.44,15.86,15.91,6574413.0,118286363.0,822968403.0,0.007988657858593387,16.29,16.322,15.825999999999999,15.435666666666666,56.156155920064194,8386045.15,15.434000000000001,False,False,16.68
2022-12-20,15.86,15.86,15.44,15.48,6260734.0,109597518.0,822968403.0,0.007607502277338344,16.094,16.269,15.837,15.425666666666666,55.98802371741546,8388578.4,15.432666666666666,False,False,16.68
2022-12-21,15.48,15.69,15.34,15.48,3701852.0,64433445.0,822968403.0,0.004498170265717966,15.896,16.173,15.8535,15.422,50.83612016330915,8206676.95,15.431000000000001,True,False,16.68
2022-12-22,15.52,16.07,15.43,15.66,5812665.0,103120941.0,822968403.0,0.007063047595522328,15.762,16.107999999999997,15.876,15.4255,48.60139836348965,8262915.35,15.431833333333335,True,True,16.68
2022-12-23,15.52,15.65,15.24,15.4,3809300.0,66155380.0,822968403.0,0.004628731778904032,15.586000000000002,15.979999999999999,15.891499999999999,15.426166666666665,41.75084155403644,8182770.3,15.435166666666667,True,True,16.68
2022-12-26,15.48,15.69,15.35,15.37,4385481.0,76262169.0,822968403.0,0.005328857078854338,15.478,15.884,15.9125,15.428333333333333,38.88888869984566,8081647.2,15.435666666666666,True,True,16.68
2022-12-27,15.4,15.78,15.37,15.71,5238332.0,91937654.0,822968403.0,0.006365167825282837,15.524000000000001,15.809000000000001,15.922999999999998,15.427333333333333,36.91756253876494,7917633.8,15.425666666666666,True,True,16.68
2022-12-28,15.67,15.67,15.06,15.09,7143578.0,122580428.0,822968403.0,0.008680257922368862,15.445999999999998,15.670999999999998,15.9235,15.419500000000001,31.402438890355484,7724981.5,15.422,True,True,16.68
2022-12-29,15.02,15.17,14.85,14.88,4903953.0,82550753.0,822968403.0,0.005958859394994294,15.290000000000001,15.526000000000002,15.896,15.409833333333333,21.153846058925097,7479472.0,15.4255,True,True,16.68
2022-12-30,14.9,14.99,14.66,14.81,5433663.0,90362003.0,822968403.0,0.006602517156421132,15.172,15.379000000000001,15.8495,15.394,23.239436505157755,7214016.35,15.426166666666665,True,True,16.68
2023-01-03,14.66,14.88,14.66,14.8,9358016.0,155317367.0,822953403.0,0.011371258647070689,15.057999999999998,15.268,15.794999999999998,15.386166666666668,19.485294017355088,7207757.25,15.428333333333333,True,True,16.68
2023-01-04,14.82,15.08,14.48,14.97,14462611.0,241461152.0,822953403.0,0.017574033897032198,14.910000000000002,15.216999999999999,15.743,15.379166666666666,23.95833321686925,7434574.45,15.427333333333333,True,True,16.68
2023-01-05,14.98,15.59,14.96,15.53,12985252.0,224218183.0,822953403.0,0.01577884234108939,14.998000000000001,15.222,15.6975,15.385333333333334,37.87878771809001,7510273.9,15.419500000000001,True,True,16.68
2023-01-06,15.53,15.6,15.38,15.47,5339738.0,92829020.0,822953403.0,0.006488505886887984,15.116,15.203,15.6555,15.387833333333333,37.764350293443826,7347001.55,15.409833333333333,True,True,16.68
2023-01-09,15.49,15.54,15.28,15.43,5375189.0,93031620.0,822953403.0,0.006531583660028926,15.24,15.206,15.593,15.381166666666667,41.94630852776901,6847986.2,15.394,True,True,16.68
2023-01-10,15.44,15.57,15.22,15.39,6722782.0,116553074.0,822953403.0,0.008169091926095358,15.358,15.208000000000002,15.546000000000001,15.374166666666667,48.26254800166963,6659369.55,15.386166666666668,True,True,16.47
2023-01-11,15.44,16.07,15.3,15.65,12925474.0,229086622.0,822953403.0,0.015706203963531094,15.494,15.201999999999998,15.505499999999998,15.3725,52.98245588008617,6920907.75,15.379166666666666,True,True,16.47
2023-01-12,15.63,15.63,15.23,15.41,9259338.0,160100490.0,822953403.0,0.011251351493591187,15.469999999999999,15.234000000000004,15.4525,15.374333333333334,45.70446713406785,7120178.95,15.385333333333334,False,True,16.47
2023-01-13,15.46,16.53,15.44,16.52,20365766.0,369641916.0,822953403.0,0.02474716785392526,15.680000000000001,15.398,15.462,15.399166666666668,64.89361677965141,7794046.2,15.387833333333333,True,False,16.33
2023-01-16,16.67,16.83,16.2,16.67,17970972.0,333800397.0,822953403.0,0.021837168343296832,15.928,15.584,15.4815,15.429666666666666,66.75257707872784,8401455.45,15.381166666666667,False,True,16.52
2023-01-17,16.67,16.97,16.39,16.95,16097189.0,301996648.0,822953403.0,0.019560267861241227,16.240000000000002,15.799000000000001,15.5335,15.473833333333335,66.2303662494175,8877594.25,15.374166666666667,False,False,16.67
2023-01-18,16.86,16.96,16.28,16.41,12977971.0,240616974.0,822953403.0,0.01576999493858342,16.392,15.943000000000001,15.580000000000002,15.510166666666667,67.64705857030515,9213456.1,15.3725,False,False,16.95
2023-01-19,16.31,16.38,16.11,16.33,10216010.0,186841471.0,822953403.0,0.012413837724904578,16.576,16.023000000000003,15.622499999999999,15.533666666666669,70.08310222128435,9539164.0,15.374333333333334,False,False,16.95
2023-01-20,16.37,16.49,16.11,16.22,8544810.0,155947495.0,822953403.0,0.01038310306373446,16.516,16.098000000000003,15.650500000000003,15.554666666666666,69.31506822728466,9675771.25,15.399166666666668,False,False,16.95
2023-01-30,16.41,16.58,16.11,16.14,11386522.0,209223197.0,822953403.0,0.013836168558865538,16.41,16.169,15.6875,15.583833333333333,68.01075243221763,10054632.35,15.429666666666666,False,False,16.95
2023-01-31,16.11,16.36,16.01,16.17,9514400.0,172801852.0,822953403.0,0.0115612864170877,16.253999999999998,16.247,15.727500000000001,15.616166666666667,66.75977627524114,10311078.3,15.473833333333335,False,False,16.95
2023-02-01,16.19,16.33,16.02,16.32,9757838.0,177658670.0,822953403.0,0.01185709660404673,16.236,16.314,15.758000000000001,15.640666666666666,62.460567547492786,10537053.6,15.510166666666667,False,False,16.95
2023-02-02,16.33,16.4,16.04,16.1,11835104.0,214764644.0,822953403.0,0.014381256529052837,16.19,16.383000000000003,15.8085,15.662333333333333,59.459459209479775,10771629.9,15.533666666666669,False,False,16.95
2023-02-03,16.06,16.13,15.78,15.93,8543376.0,153149769.0,822953403.0,0.010381360559244202,16.132,16.324,15.860999999999999,15.6835,57.22543329446356,10953601.05,15.554666666666666,False,False,16.95
2023-02-06,15.93,15.93,15.6,15.76,8527338.0,150816094.0,822953403.0,0.010361872214045635,16.056,16.232999999999997,15.908499999999998,15.694166666666668,55.153203127536244,11108284.8,15.583833333333333,False,False,16.95
2023-02-07,15.84,16.16,15.73,16.07,10273173.0,184940487.0,822953403.0,0.012483298522796192,16.036,16.145,15.972000000000003,15.708,55.76923055473374,11154042.65,15.616166666666667,True,False,16.95
2023-02-08,16.07,16.15,15.85,15.89,6816140.0,122166240.0,822953403.0,0.008282534558034994,15.95,16.093,16.018,15.722666666666667,56.70391039277801,10771719.1,15.640666666666666,False,True,16.95
2023-02-09,15.84,16.25,15.8,16.2,9917765.0,179617288.0,822953403.0,0.012051429599593017,15.970000000000002,16.08,16.0515,15.743666666666666,44.24460409373219,10618344.75,15.662333333333333,True,False,16.95
2023-02-10,16.12,16.25,15.99,16.01,7485126.0,135544895.0,822953403.0,0.009095443281130705,15.986,16.059,16.0785,15.764000000000001,38.29787215029422,10725614.15,15.6835,False,True,16.95
2023-02-13,16.05,16.6,15.98,16.45,16274171.0,299940292.0,822953403.0,0.01977532499491955,16.124000000000002,16.09,16.1295,15.784833333333333,41.610738059546854,11270563.25,15.694166666666668,True,False,16.95
2023-02-14,16.53,16.8,16.44,16.72,11873672.0,222366530.0,822953403.0,0.014428121879945613,16.253999999999998,16.145,16.196,15.809499999999998,55.71955690772184,11528107.75,15.708,False,True,16.95
2023-02-15,16.64,16.76,16.37,16.51,8121300.0,150577408.0,822953403.0,0.009868480974007224,16.378,16.163999999999998,16.239,15.825166666666666,53.169013822406335,11287899.05,15.722666666666667,False,False,16.95
2023-02-16,16.52,17.35,16.51,16.82,24881242.0,475868790.0,822953403.0,0.03023408361797612,16.502,16.236,16.3095,15.84,59.86842077692181,12068994.25,15.743666666666666,False,False,16.95
2023-02-17,17.1,17.34,16.77,16.78,17619296.0,337733678.0,822953403.0,0.021409834306256585,16.656,16.321,16.3225,15.852833333333333,60.66666638355561,11931670.75,15.764000000000001,False,False,16.95
2023-02-20,16.73,17.78,16.68,17.65,22459078.0,438536570.0,822953403.0,0.027290825845214958,16.896,16.51,16.3715,15.885166666666665,69.27083308078345,12156076.05,15.784833333333333,False,False,16.95
2023-02-21,17.62,18.47,17.59,18.41,23472540.0,479174597.0,822953403.0,0.028522319628830794,17.234,16.744000000000003,16.4445,15.934666666666667,73.48314583623286,12524843.6,15.809499999999998,False,False,17.65
2023-02-22,18.33,18.86,18.12,18.71,19682533.0,412691110.0,822953403.0,0.02391694709354036,17.674,17.026,16.5595,15.992166666666666,78.80794677631103,12860071.7,15.825166666666666,False,False,18.41
2023-02-23,18.66,18.91,18.31,18.52,11893349.0,248105515.0,822953403.0,0.014452032103693726,18.014000000000003,17.258000000000003,16.669,16.048333333333336,78.4615382201184,12943938.65,15.84,False,False,18.71
2023-02-24,18.41,18.53,18.08,18.15,10666494.0,218449928.0,822953403.0,0.012961236883055942,18.288,17.472,16.7655,16.097333333333335,75.15789451532413,13050022.85,15.852833333333333,False,False,18.71
2023-02-27,18.18,18.28,17.86,18.14,7852651.0,159207466.0,822953403.0,0.009542036002735867,18.386000000000003,17.641,16.8655,16.148166666666665,73.25842673581624,12873329.3,15.885166666666665,False,False,18.71
2023-02-28,17.52,17.92,16.78,17.0,25724896.0,497940060.0,822953403.0,0.031259237650907434,18.104000000000003,17.669,16.907,16.182333333333336,60.2587798810309,13683854.1,15.934666666666667,False,False,18.71
2023-03-01,17.0,17.01,16.6,16.81,21300970.0,401331437.0,822953403.0,0.02588356755358116,17.723999999999997,17.699,16.9315,16.204166666666666,55.76559531555419,14261010.7,15.992166666666666,False,False,18.71
2023-03-02,16.82,16.9,16.44,16.55,16282777.0,304509425.0,822953403.0,0.019785782452132347,17.330000000000002,17.672,16.954,16.228666666666665,55.037313289081645,14483394.35,16.048333333333336,True,False,18.71
2023-03-03,16.53,16.56,16.2,16.28,15491859.0,284046516.0,822953403.0,0.0188247098116684,16.956,17.622,16.9715,16.242833333333333,48.3622349369805,14830818.5,16.097333333333335,True,True,18.71
2023-03-06,16.31,16.31,15.77,15.91,23841199.0,425879974.0,822953403.0,0.028970290314237878,16.51,17.448,16.979000000000003,16.24566666666667,42.34404525655641,15596511.55,16.148166666666665,True,True,18.71
2023-03-07,15.84,16.01,15.78,15.82,14905015.0,266040873.0,822953403.0,0.018111614759310984,16.274,17.189,16.9665,16.244500000000002,43.32688576275117,15828103.65,16.182333333333336,True,True,18.71
2023-03-08,15.8,15.93,15.68,15.93,8794692.0,156818209.0,822953403.0,0.010686743584678998,16.098000000000003,16.911,16.9685,16.243166666666664,41.04627755037265,15927031.25,16.204166666666666,True,True,18.71
2023-03-09,15.93,16.21,15.85,16.02,13526922.0,244209664.0,822953403.0,0.01643704485659682,15.992,16.661,16.9595,16.23616666666667,42.43027876613068,16107489.1,16.228666666666665,True,True,18.71
2023-03-10,15.87,15.98,15.4,15.44,13915166.0,243618222.0,822953403.0,0.016908813973274255,15.824000000000002,16.39,16.931,16.221666666666668,26.638477722423133,16428991.1,16.242833333333333,True,True,18.71
2023-03-13,15.3,15.49,15.19,15.36,9570512.0,164432922.0,822953403.0,0.011629470107434503,15.714000000000002,16.112000000000002,16.8765,16.199666666666666,12.345678969669251,16093808.15,16.24566666666667,True,True,18.71
2023-03-14,15.36,15.43,15.1,15.15,8820734.0,150928708.0,822953403.0,0.010718388146698022,15.579999999999998,15.927000000000001,16.798,16.18,5.05050503264971,15941161.25,16.244500000000002,True,True,18.71
2023-03-15,15.22,15.35,15.15,15.23,5441026.0,93294421.0,822953403.0,0.006611584544356031,15.440000000000001,15.769,16.734,16.1595,7.272727246280965,15807147.55,16.243166666666664,True,True,18.71
2023-03-16,15.14,15.34,14.96,15.09,5274285.0,89913132.0,822953403.0,0.006408971614641953,15.254,15.623,16.6475,16.1365,7.734806599920631,14826799.7,16.23616666666667,True,True,18.71
2023-03-17,15.17,15.3,14.96,15.09,8846182.0,150205352.0,822953403.0,0.010749310918154136,15.184000000000001,15.504,16.563,16.11583333333333,7.75623265690102,14388144.0,16.221666666666668,True,True,18.71
2023-03-20,15.05,15.05,14.68,14.96,8237221.0,137427940.0,822953403.0,0.010009340711116787,15.104000000000003,15.409,16.4285,16.093833333333333,10.7692307112426,13677051.15,16.199666666666666,True,True,18.71
2023-03-21,15.04,15.29,14.95,15.28,7279675.0,123857764.0,822953403.0,0.008845792451264704,15.129999999999999,15.355,16.272,16.083333333333332,21.978021865314133,12867407.9,16.18,True,True,18.71
2023-03-22,15.24,15.41,15.21,15.28,6293876.0,108307132.0,822953403.0,0.007647912964520544,15.14,15.290000000000001,16.1005,16.080000000000002,24.291497838023844,12197975.05,16.1595,True,True,18.71
2023-03-23,15.25,15.36,15.15,15.32,5170455.0,88744218.0,822953403.0,0.006282804082408054,15.185999999999998,15.219999999999999,15.9405,16.077333333333332,28.571428392857115,11861830.35,16.1365,True,True,18.52
2023-03-24,15.35,15.52,15.27,15.47,6729485.0,116653838.0,822953403.0,0.008177236980208466,15.262,15.222999999999999,15.8065,16.074166666666667,39.10891062003726,11664979.9,16.11583333333333,True,True,18.15
2023-03-27,15.47,15.53,15.1,15.24,8656350.0,148350068.0,822953403.0,0.010518639291658655,15.318000000000001,15.211000000000002,15.6615,16.0715,36.57407383701988,11705164.85,16.093833333333333,True,True,18.14
2023-03-28,15.22,15.25,14.88,14.96,8392364.0,141835036.0,822953403.0,0.010197860497819705,15.254,15.191999999999998,15.5595,16.064666666666668,29.18454918086539,10838538.25,16.083333333333332,True,True,17.0
2023-03-29,14.96,15.02,14.77,14.82,7498157.0,125250811.0,822953403.0,0.009111277713496495,15.162,15.151000000000002,15.459999999999999,16.049833333333332,24.78991582056352,10148397.6,16.080000000000002,True,True,16.81
2023-03-30,14.8,15.37,14.77,15.24,8850418.0,150049349.0,822953403.0,0.010754458232673472,15.146,15.166,15.394499999999999,16.052333333333333,45.49549520858699,9776779.65,16.077333333333332,True,True,16.55
2023-03-31,15.26,15.27,15.07,15.16,4939949.0,84126317.0,822953403.0,0.006002708029387661,15.084,15.172999999999998,15.3385,16.057,45.49549520858699,9249184.15,16.074166666666667,True,True,16.28
2023-04-03,15.17,15.32,15.12,15.28,5589213.0,95783380.0,822953403.0,0.00679165184763201,15.092000000000002,15.204999999999998,15.306999999999999,16.064833333333333,53.051642843792,8336584.85,16.0715,True,True,16.02
2023-04-04,15.21,15.21,14.92,14.96,7070865.0,119492106.0,822953403.0,0.008592059980824941,15.091999999999999,15.172999999999998,15.264,16.0675,44.30379720664424,7944877.35,16.064666666666668,True,True,16.02
2023-04-06,14.96,15.16,14.92,15.08,3869195.0,65582272.0,822953403.0,0.004701596695384222,15.144,15.153,15.2215,16.069333333333336,49.7872337459484,7698602.5,16.049833333333332,True,True,16.02
2023-04-07,15.12,15.42,15.07,15.27,6700637.0,115245184.0,822953403.0,0.00814218274761785,15.15,15.148,15.184000000000001,16.065,53.543306791493585,7357288.25,16.052333333333333,True,True,16.02
2023-04-10,15.34,15.63,15.24,15.34,9796369.0,169628078.0,822953403.0,0.011903916994921278,15.185999999999998,15.135,15.178999999999998,16.062833333333334,57.66128999707335,7151348.4,16.057,False,True,15.47
2023-04-11,15.37,15.52,15.26,15.44,6169149.0,106894749.0,822953403.0,0.007496352743072623,15.218,15.154999999999998,15.182999999999998,16.063,53.53982267718695,6981280.25,16.064833333333333,False,False,15.47
2023-04-12,15.49,15.5,15.11,15.14,7699173.0,131730515.0,822953403.0,0.009355539416853229,15.254000000000001,15.173000000000002,15.182500000000001,16.058833333333332,47.265624741516135,6925202.2,16.0675,False,False,15.47
2023-04-13,15.12,15.69,14.79,15.69,18024976.0,309523601.0,822953403.0,0.021902790527740246,15.376,15.26,15.2055,16.0595,56.0260583764284,7554399.7,16.069333333333336,True,False,15.47
2023-04-14,15.57,15.79,15.39,15.56,10702274.0,187118940.0,822953403.0,0.013004714435818427,15.434000000000001,15.292000000000002,15.229000000000003,16.062,51.475409599785,7825799.15,16.065,False,True,15.69
2023-04-17,15.6,16.46,15.6,16.34,25264902.0,461167209.0,822953403.0,0.030700282552935745,15.634,15.410000000000002,15.2915,16.059,65.27777752391978,8646735.15,16.062833333333334,False,False,15.69
2023-04-18,16.29,16.5,16.09,16.28,14779428.0,271012053.0,822953403.0,0.01795900952122316,15.802000000000001,15.510000000000002,15.357500000000002,16.0525,69.52662693095485,8973845.5,16.063,False,False,16.34
2023-04-19,16.35,16.39,15.93,16.05,11013657.0,199131171.0,822953403.0,0.013383087013007952,15.984,15.619,15.395999999999997,16.0375,67.72334266624593,9160544.6,16.058833333333332,False,False,16.34
2023-04-20,16.07,16.29,15.85,16.18,12419555.0,224553550.0,822953403.0,0.015091443761852941,16.082,15.729,15.440999999999999,16.033666666666665,64.7798739286421,9466828.55,16.0595,False,False,16.34
2023-04-21,16.17,16.26,15.54,15.6,10024310.0,178726461.0,822953403.0,0.012180896225056378,16.09,15.762,15.455000000000002,16.0215,55.97826065660445,9709521.3,16.062,False,False,16.34
2023-04-24,15.59,15.82,14.93,15.06,13411208.0,230323959.0,822953403.0,0.01629643665256221,15.834,15.734,15.4345,16.002166666666668,47.31707300916122,10043607.45,16.059,False,False,16.34
2023-04-25,15.05,15.21,14.72,14.91,8502191.0,142625368.0,822953403.0,0.010331315198413488,15.559999999999999,15.681000000000001,15.417999999999997,15.981666666666667,49.363867508627436,10035899.5,16.0525,True,False,16.34
2023-04-26,14.8,14.88,14.62,14.8,6725621.0,111437767.0,822953403.0,0.008172541696142668,15.309999999999999,15.647,15.41,15.958833333333333,46.4285712627551,9952562.35,16.0375,True,True,16.34
2023-04-27,14.8,14.86,14.13,14.21,11638698.0,190319721.0,822953403.0,0.014142596600940235,14.916,15.499,15.379500000000002,15.923666666666668,37.73148135920353,10159589.4,16.033666666666665,True,True,16.34
2023-04-28,14.35,14.92,14.35,14.53,10272673.0,168163533.0,822953403.0,0.012482690954982296,14.702000000000002,15.396,15.344,15.8975,41.137855453844615,10230702.15,16.0215,True,True,16.34
2023-05-04,14.23,14.41,13.98,14.34,11389508.0,181841612.0,822953403.0,0.013839796953850132,14.557999999999998,15.195999999999998,15.303,15.871,38.197424777947624,10553180.1,16.002166666666668,True,True,16.34
2023-05-05,14.3,14.3,13.87,13.98,8847676.0,139342408.0,822953403.0,0.01075112633078206,14.372,14.966,15.238,15.841333333333333,37.71186429492241,10716103.25,15.981666666666667,True,True,16.34
2023-05-08,14.04,14.23,14.01,14.01,5072589.0,80364290.0,822953403.0,0.00616388361905832,14.214000000000002,14.762,15.1905,15.807,29.999999899999963,10616189.45,15.958833333333333,True,True,16.34
2023-05-09,14.04,14.41,13.91,14.17,7793655.0,123911809.0,822953403.0,0.009470347861238506,14.206,14.561000000000002,15.145,15.778333333333334,33.56973984161313,10812412.45,15.923666666666668,True,True,16.34
2023-05-10,14.11,14.16,13.93,13.99,5086971.0,80039468.0,822953403.0,0.00618135969965726,14.098000000000003,14.4,15.081,15.7415,17.63085392649252,10731729.15,15.8975,True,True,16.34
2023-05-11,13.97,14.05,13.92,13.98,4269029.0,67074514.0,822953403.0,0.005187449233987796,14.026,14.292000000000002,15.013000000000002,15.707666666666666,17.877094902156557,10455362.15,15.871,True,True,16.34
2023-05-12,13.98,14.23,13.93,14.04,4860431.0,76901010.0,822953403.0,0.005906082874536701,14.038,14.205000000000002,14.943000000000001,15.667499999999999,20.527859153257964,10389926.25,15.841333333333333,True,True,16.34
2023-05-15,14.04,14.87,13.93,14.8,13226271.0,215427720.0,822953403.0,0.016071713114964786,14.195999999999998,14.205000000000002,14.925999999999998,15.635500000000002,32.92079196512597,10666281.15,15.807,True,True,16.34
2023-05-16,14.72,14.78,14.47,14.59,6168308.0,101250160.0,822953403.0,0.0074953308140096484,14.280000000000001,14.243,14.870999999999999,15.6035,36.23978187810436,10073447.75,15.778333333333334,True,True,16.34
2023-05-17,14.61,14.68,14.51,14.58,2848718.0,46674032.0,822953403.0,0.0034615787353394056,14.398,14.248,14.822,15.566166666666668,42.35668770923768,9680769.95,15.7415,True,True,16.34
2023-05-18,14.55,14.85,14.55,14.63,5184715.0,85616477.0,822953403.0,0.006300131916460403,14.528,14.277000000000001,14.736500000000001,15.530333333333335,45.39473663305056,8676760.6,15.707666666666666,True,True,16.34
2023-05-19,14.72,15.48,14.64,15.04,14970666.0,254641565.0,822953403.0,0.01819138962841132,14.728,14.383000000000001,14.674499999999998,15.486833333333333,53.59281414661693,8686322.5,15.667499999999999,True,True,16.28
2023-05-22,15.06,15.83,14.99,15.55,15478321.0,269657155.0,822953403.0,0.01880825930553932,14.878,14.537,14.6495,15.439166666666667,70.55214693627913,8909555.7,15.635500000000002,False,True,16.18
2023-05-23,15.62,15.66,15.22,15.31,7127032.0,123005609.0,822953403.0,0.008660310503631273,15.022,14.651,14.606,15.3825,62.26415066927734,8644929.55,15.6035,False,False,16.18
2023-05-24,15.18,15.44,15.06,15.3,5176700.0,88799927.0,822953403.0,0.00629039260440363,15.166,14.782,14.591,15.328833333333334,65.99999969200002,8402549.05,15.566166666666668,False,False,15.6
2023-05-25,15.25,15.48,15.07,15.38,5035619.0,86431333.0,822953403.0,0.006118960054898758,15.316000000000003,14.922,14.607,15.282666666666668,75.73529372783304,7983769.6,15.530333333333335,False,False,15.55
2023-05-26,15.35,15.35,15.04,15.15,4732245.0,80527643.0,822953403.0,0.005750319498952239,15.338,15.033000000000001,14.619000000000003,15.232833333333334,69.52054761188778,7795272.3,15.486833333333333,False,False,15.55
2023-05-29,15.23,15.28,14.99,15.08,3467705.0,58982266.0,822953403.0,0.004213731892181021,15.244,15.061000000000002,14.633000000000001,15.200833333333332,66.07773818901472,7632376.5,15.439166666666667,False,False,15.55
2023-05-30,15.02,15.12,14.68,14.97,5206765.0,87044026.0,822953403.0,0.006326925657053271,15.175999999999998,15.099,14.670999999999998,15.170166666666667,67.753622844728,7310779.85,15.3825,False,False,15.55
2023-05-31,15.02,15.02,14.5,14.63,6226383.0,102459205.0,822953403.0,0.007565899815593812,15.042000000000002,15.104000000000003,14.675999999999998,15.138166666666667,60.51779907856013,7108465.35,15.328833333333334,False,False,15.55
2023-06-01,14.59,14.84,14.39,14.69,4139701.0,68173985.0,822953403.0,0.005030298173516393,14.904,15.11,14.6935,15.111666666666668,60.51779907856013,6745975.0,15.282666666666668,True,False,15.55
2023-06-02,14.72,15.37,14.57,15.22,7985837.0,135701993.0,822953403.0,0.009703875056459303,14.918000000000001,15.128,14.755500000000001,15.100166666666667,57.34265706195902,6702883.05,15.232833333333334,True,True,15.55
2023-06-05,15.27,15.79,15.08,15.68,11876156.0,207456955.0,822953403.0,0.014431140276845054,15.038,15.141000000000002,14.839000000000002,15.097833333333334,67.52411545165992,7043061.4,15.200833333333332,False,True,15.55
2023-06-06,15.7,15.84,15.44,15.46,5979094.0,104777446.0,822953403.0,0.0072654101413321456,15.136000000000001,15.156,14.9035,15.090000000000002,63.253011781463215,6952333.35,15.170166666666667,False,False,15.68
2023-06-07,15.54,15.73,15.37,15.44,4884600.0,85020562.0,822953403.0,0.0059354514875248655,15.298000000000002,15.170000000000002,14.975999999999999,15.080333333333334,62.310030129987695,6942214.8,15.138166666666667,False,False,15.68
2023-06-08,15.38,15.44,15.12,15.36,4466579.0,76652757.0,822953403.0,0.005427499277258593,15.431999999999999,15.168000000000001,15.044999999999998,15.079,55.405405143352816,6952092.3,15.111666666666668,False,False,15.68
2023-06-09,15.44,15.48,15.1,15.2,4041133.0,67579561.0,822953403.0,0.004910524684955947,15.428,15.172999999999998,15.103,15.076333333333334,43.29501892485427,6911127.4,15.100166666666667,False,False,15.68
2023-06-12,15.15,16.21,15.05,16.07,15323529.0,268601667.0,822953403.0,0.01862016603144176,15.506,15.272,15.1665,15.091666666666667,61.72839479500076,7015990.3,15.097833333333334,False,False,15.68
2023-06-13,15.96,16.17,15.85,16.02,6486175.0,114196285.0,822953403.0,0.007881582330609793,15.618,15.376999999999999,15.238000000000003,15.104833333333334,60.97560949583579,7031883.65,15.090000000000002,False,False,16.07
2023-06-14,15.96,16.38,15.96,16.24,7527593.0,134003935.0,822953403.0,0.009147046445836254,15.778,15.538,15.320999999999998,15.123999999999999,62.57309915905745,7265827.4,15.080333333333334,False,False,16.07
2023-06-15,16.25,16.59,16.16,16.19,8670625.0,155887183.0,822953403.0,0.01053598535274542,15.943999999999999,15.687999999999999,15.399000000000001,15.142333333333335,66.04938243065085,7440122.9,15.079,False,False,16.24
2023-06-16,16.14,16.21,15.72,15.85,8293001.0,144736158.0,822953403.0,0.010077120976435162,16.074,15.751,15.4395,15.157166666666667,60.96866072548113,7106239.65,15.076333333333334,False,False,16.24
2023-06-19,15.92,15.92,15.62,15.77,5056894.0,87229581.0,822953403.0,0.006144812065380085,16.014000000000003,15.76,15.4505,15.165333333333335,61.49425262617254,6585168.3,15.091666666666667,False,False,16.24
2023-06-20,15.77,16.01,15.68,15.82,5543800.0,96185491.0,822953403.0,0.00673646889336698,15.973999999999998,15.795999999999998,15.476000000000003,15.174333333333331,68.65203731626065,6506006.7,15.104833333333334,False,False,16.24
2023-06-21,15.84,16.35,15.75,16.05,9069869.0,160410480.0,822953403.0,0.011021120961328597,15.936000000000002,15.857,15.513499999999999,15.1865,70.23809494543652,6700665.15,15.123999999999999,False,False,16.24
2023-06-26,15.96,16.38,15.85,15.92,5860710.0,103183117.0,822953403.0,0.0071215575251713245,15.882,15.913,15.5405,15.193999999999999,61.82432403191197,6741919.7,15.142333333333335,False,False,16.24
2023-06-27,15.92,16.3,15.76,16.01,4329857.0,76216156.0,822953403.0,0.005261363503955278,15.913999999999998,15.994,15.583499999999997,15.206833333333332,56.37065606595015,6721800.3,15.157166666666667,False,False,16.24
2023-06-28,15.97,16.16,15.66,15.91,4184960.0,72983144.0,822953403.0,0.005085293996894742,15.941999999999998,15.978,15.625,15.222666666666667,59.109311405858115,6757663.05,15.165333333333335,False,False,16.24
2023-06-29,15.87,16.19,15.69,15.99,6514819.0,113943558.0,822953403.0,0.007916388675532338,15.975999999999999,15.975,15.676000000000002,15.242166666666666,60.869564880563665,6823065.75,15.174333333333331,False,False,16.24
2023-06-30,15.99,16.62,15.99,16.42,9723913.0,175793957.0,822968403.0,0.011815657763473089,16.05,15.993,15.7655,15.261833333333334,68.40277744526428,6997942.25,15.1865,False,False,16.24
2023-07-03,16.36,17.44,16.21,17.11,17600383.0,330374687.0,822968403.0,0.021386462634337616,16.288,16.085,15.886500000000002,15.294333333333334,78.00586478238058,7670976.35,15.193999999999999,False,False,16.42
2023-07-04,17.11,17.3,16.89,17.08,6645459.0,124562753.0,822968403.0,0.008074986810884888,16.502000000000002,16.208000000000002,15.979499999999998,15.324333333333334,69.64980506805547,7603957.45,15.206833333333332,False,False,17.11
2023-07-05,17.12,17.42,16.76,17.12,7562312.0,142378078.0,822968403.0,0.00918906725025262,16.744,16.343,16.051499999999997,15.360333333333333,71.4843746090698,7388265.25,15.222666666666667,False,False,17.11
2023-07-06,17.08,17.57,16.94,16.97,4673134.0,88367803.0,822968403.0,0.005678388116682045,16.94,16.458000000000002,16.127000000000002,15.391833333333333,64.65863417461004,7322967.25,15.242166666666666,False,False,17.12
2023-07-07,16.86,17.27,16.85,17.07,6493003.0,121357555.0,822968403.0,0.007889735470196418,17.07,16.56,16.2085,15.421833333333332,67.32283427459845,7403387.4,15.261833333333334,False,False,17.12
2023-07-10,17.13,17.21,16.7,16.74,3878265.0,71630810.0,822968403.0,0.004712532080043904,16.996,16.642000000000003,16.2775,15.445166666666665,67.5889324323141,7373971.7,15.294333333333334,False,False,17.12
2023-07-11,16.8,17.21,16.72,16.97,4431326.0,82907172.0,822968403.0,0.005384563956339403,16.974,16.738,16.366,15.470666666666666,72.38805932334583,7393481.35,15.324333333333334,False,False,17.12
2023-07-12,16.94,17.39,16.94,17.02,4112635.0,77381552.0,822968403.0,0.004997318226323205,16.954,16.848999999999997,16.413500000000003,15.502,72.38805932334583,6832936.65,15.360333333333333,False,False,17.12
2023-07-13,16.93,17.31,16.8,16.97,5209354.0,97453715.0,822968403.0,0.006329956266862897,16.954,16.947,16.461,15.523333333333333,68.39999961695986,6769095.6,15.391833333333333,False,False,17.12
2023-07-14,16.94,17.06,16.49,16.61,7233448.0,132132571.0,822968403.0,0.00878946017080561,16.862000000000002,16.966,16.4795,15.540833333333333,62.63736231614532,6754388.35,15.421833333333332,False,False,17.12
2023-07-17,16.57,16.77,16.32,16.74,4925054.0,89468138.0,822968403.0,0.005984499504533226,16.862,16.929,16.506999999999998,15.547500000000001,63.176894987553496,6567109.8,15.445166666666665,False,False,17.12
2023-07-18,16.72,16.72,16.36,16.42,4135126.0,74773546.0,822968403.0,0.005024647343599168,16.752000000000002,16.863,16.5355,15.549833333333334,58.528427819599344,6359216.05,15.470666666666666,False,False,17.12
2023-07-19,16.36,16.53,16.21,16.39,2939452.0,52806771.0,822968403.0,0.003571767748658025,16.625999999999998,16.79,16.5665,15.555499999999999,56.802720817946216,6253343.95,15.502,True,False,17.12
2023-07-20,16.49,16.57,16.23,16.3,4249992.0,76670342.0,822968403.0,0.005164222568578979,16.491999999999997,16.723,16.5905,15.557500000000001,47.69230743550295,6188653.55,15.523333333333333,True,True,17.12
2023-07-21,16.28,16.48,16.06,16.09,3046638.0,54269694.0,822968403.0,0.003702010902112362,16.387999999999998,16.625,16.5925,15.565666666666665,25.943396055090886,5887492.0,15.540833333333333,True,True,17.12
2023-07-24,16.18,16.26,15.89,16.1,2991641.0,52571069.0,822968403.0,0.003635183306059443,16.26,16.561,16.601499999999998,15.583,26.666666488889064,5744038.55,15.547500000000001,True,True,17.12
2023-07-25,16.38,16.57,16.12,16.18,4373676.0,78184162.0,822968403.0,0.005314512664224364,16.212,16.482,16.61,15.604166666666666,28.037382994147976,5746229.5,15.549833333333334,True,True,17.12
2023-07-26,16.18,16.35,15.85,15.93,4435121.0,77783188.0,822968403.0,0.005389175311995544,16.119999999999997,16.373,16.610999999999997,15.623,26.785714118303616,5758737.55,15.555499999999999,True,True,17.12
2023-07-27,15.94,16.36,15.94,16.12,4764049.0,84819001.0,822968403.0,0.005788860158705267,16.084,16.288,16.6175,15.654833333333332,29.613733727642824,5671199.05,15.557500000000001,True,True,17.12
2023-07-28,16.12,16.65,16.05,16.57,5792104.0,104916159.0,822968403.0,0.007038063647262531,16.18,16.284,16.625,15.688833333333333,46.53061197900879,5474608.6,15.565666666666665,True,True,17.12
2023-07-31,16.63,16.84,16.35,16.74,7021779.0,127845012.0,822968403.0,0.008532258315633048,16.308,16.284,16.6065,15.728833333333334,45.18828425412719,4945678.4,15.583,True,True,17.12
2023-08-01,16.74,16.93,16.45,16.5,3176036.0,58135724.0,822968403.0,0.0038592441561817775,16.372,16.291999999999998,16.5775,15.770833333333334,39.92248040352141,4772207.25,15.604166666666666,False,True,17.12
2023-08-02,16.57,16.67,16.39,16.57,2549470.0,46262131.0,822968403.0,0.0030978953635477546,16.5,16.310000000000002,16.55,15.8135,42.30769207988167,4521565.15,15.623,True,False,17.12
2023-08-03,16.52,16.65,16.41,16.58,2364424.0,42918716.0,822968403.0,0.0028730434745500187,16.592000000000002,16.338,16.5305,15.853666666666667,49.33333302637034,4406129.65,15.654833333333332,False,True,17.07
2023-08-04,16.72,16.82,16.39,16.46,3484732.0,63201954.0,822968403.0,0.004234344826966583,16.57,16.375,16.5,15.894833333333333,43.74999972656253,4255716.1,15.688833333333333,False,False,17.07
2023-08-07,16.4,16.45,16.16,16.29,2736970.0,48828503.0,822968403.0,0.0033257291410251143,16.48,16.394,16.4775,15.933333333333334,46.88995183901461,4198651.35,15.728833333333334,True,False,17.02
2023-08-08,16.29,16.29,15.96,16.17,2524502.0,44644535.0,822968403.0,0.0030675564101821295,16.413999999999998,16.393,16.4375,15.968833333333333,44.954128151670744,4103310.15,15.770833333333334,True,True,17.02
2023-08-09,16.21,16.35,16.09,16.23,2497572.0,44550060.0,822968403.0,0.003034833404168981,16.346,16.423,16.398,15.992666666666667,48.37209270827473,4022557.0,15.8135,True,True,17.02
2023-08-10,16.22,16.26,15.95,16.12,2154633.0,37999585.0,822968403.0,0.0026181236024926707,16.254,16.423000000000002,16.3555,16.018166666666666,50.73170697061277,3869820.95,15.853666666666667,True,True,16.97
2023-08-11,16.08,16.17,15.67,15.69,4229286.0,73491639.0,822968403.0,0.005139062428864599,16.1,16.335,16.3095,16.036666666666665,41.700404621940955,3719612.85,15.894833333333333,True,True,16.74
2023-08-14,15.57,15.74,15.34,15.7,2676645.0,45665013.0,822968403.0,0.0032524274203513982,15.982000000000003,16.231,16.2575,16.0545,39.999999766666626,3607192.4,15.933333333333334,True,True,16.74
2023-08-15,15.73,16.02,15.52,15.98,4638428.0,80721746.0,822968403.0,0.005636216388249356,15.943999999999999,16.179000000000002,16.235500000000002,16.07016666666667,51.028806290369026,3632357.5,15.968833333333333,True,True,16.74
2023-08-16,15.89,15.94,15.6,15.62,2574624.0,44383182.0,822968403.0,0.003128460328020637,15.822,16.084,16.197,16.07133333333333,40.3846151671597,3614116.1,15.992666666666667,True,True,16.74
2023-08-17,15.57,16.39,15.48,16.36,7329846.0,129655595.0,822968403.0,0.00890659468003901,15.87,16.062,16.2,16.088833333333334,46.36678178230622,3768108.8,16.018166666666666,True,True,16.74
2023-08-18,16.31,16.31,15.85,15.86,4380897.0,77143212.0,822968403.0,0.005323286998662572,15.904,16.002,16.188499999999998,16.098166666666668,36.33540356872806,3834821.75,16.036666666666665,False,True,16.74
2023-08-21,15.85,16.15,15.48,15.57,4484972.0,77627434.0,822968403.0,0.005449749934081005,15.878,15.930000000000001,16.162,16.101333333333333,35.779816360575694,3909488.3,16.0545,True,False,16.74
2023-08-22,15.65,15.67,15.28,15.48,4105474.0,69560002.0,822968403.0,0.004988616798693789,15.778,15.860999999999999,16.127000000000002,16.106833333333334,33.43465031365193,3896078.2,16.07016666666667,True,True,16.74
2023-08-23,15.39,15.56,15.03,15.15,3727453.0,62038323.0,822968403.0,0.004529278385916355,15.684000000000001,15.753,16.088,16.108,30.193905700079043,3860694.8,16.07133333333333,True,True,16.74
2023-08-24,15.17,15.44,15.12,15.2,2159000.0,36211496.0,822968403.0,0.002623430003059303,15.451999999999998,15.660999999999998,16.042,16.111833333333333,32.20338970315041,3730442.35,16.088833333333334,True,True,16.74
2023-08-25,15.17,15.26,14.81,14.95,3888500.0,63861267.0,822968403.0,0.004724968766510468,15.27,15.587,15.961000000000002,16.117166666666666,31.491712585391156,3635262.15,16.098166666666668,True,True,16.74
2023-08-28,15.78,15.8,14.89,14.94,4079400.0,67745811.0,822968403.0,0.004956933929819418,15.144,15.511000000000001,15.871,16.121333333333332,32.478632349088045,3488143.2,16.101333333333333,True,True,16.74
2023-08-29,14.97,15.71,14.9,15.64,8351067.0,141287464.0,822968403.0,0.010147494083074778,15.175999999999998,15.476999999999999,15.828,16.128333333333334,42.89156612036581,3746894.75,16.106833333333334,True,True,16.58
2023-08-30,15.66,15.98,15.55,15.85,4498590.0,78296298.0,822968403.0,0.00546629734945,15.315999999999999,15.5,15.792000000000002,16.131166666666665,46.82352925752248,3844350.75,16.108,True,True,16.58
2023-08-31,15.94,16.26,15.89,16.06,5924808.0,104827929.0,822968403.0,0.0071993140664964265,15.488,15.469999999999999,15.766,16.141166666666667,54.590570529958306,4022369.95,16.111833333333333,False,True,16.58
2023-09-01,16.12,16.36,16.07,16.27,4144925.0,74001406.0,822968403.0,0.005036554240588505,15.752,15.511000000000001,15.756499999999999,16.154999999999998,56.737588464698284,4055379.6,16.117166666666666,False,False,16.46
2023-09-04,16.4,16.71,16.39,16.63,7655180.0,139488983.0,822968403.0,0.009301912408902047,16.09,15.616999999999999,15.773500000000002,16.176166666666667,57.54060306135301,4301290.1,16.121333333333332,False,False,16.36
2023-09-05,16.59,16.67,16.46,16.53,3487191.0,63453585.0,822968403.0,0.004237332791013606,16.268,15.722,15.791500000000003,16.198333333333334,61.23456768955956,4349424.55,16.128333333333334,False,False,16.63
2023-09-06,16.45,16.62,16.21,16.45,5389239.0,97623025.0,822968403.0,0.0065485369551909756,16.387999999999998,15.851999999999999,15.8025,16.204666666666665,51.32743341634688,4494007.9,16.131166666666665,False,False,16.63
2023-09-07,16.42,16.56,16.16,16.19,3819410.0,68352584.0,822968403.0,0.004641016576185611,16.413999999999998,15.950999999999999,15.806000000000001,16.2075,55.238094992592636,4577246.75,16.141166666666667,False,False,16.63
2023-09-08,16.13,16.28,16.11,16.16,2309700.0,41038189.0,822968403.0,0.0028065476044771063,16.392,16.072,15.8295,16.206166666666668,60.20761216508424,4481267.45,16.154999999999998,False,False,16.63
2023-09-11,16.16,16.32,15.99,16.18,4043808.0,71846559.0,822968403.0,0.004913685610843555,16.302,16.195999999999998,15.8535,16.206,62.41134720788693,4549625.6,16.176166666666667,False,False,16.63
2023-09-12,16.21,16.54,16.17,16.37,4108750.0,73933105.0,822968403.0,0.004992597510453873,16.27,16.269,15.873,16.214666666666666,72.76119364975499,4523141.7,16.198333333333334,False,False,16.63
2023-09-13,16.36,16.41,16.19,16.36,2933200.0,52492412.0,822968403.0,0.0035641708591818196,16.252,16.32,15.91,16.2245,71.96969658803948,4541070.5,16.204666666666665,False,False,16.63
2023-09-14,16.27,16.35,15.98,16.12,4229900.0,74894781.0,822968403.0,0.005139808508541245,16.238,16.326,15.898000000000001,16.229499999999998,72.24334562303926,4386073.2,16.2075,False,False,16.63
2023-09-15,16.16,16.35,15.95,16.08,3307691.0,58591039.0,822968403.0,0.00401921992137528,16.222,16.307,15.909,16.23,71.42857105263154,4332412.9,16.206166666666668,False,False,16.63
2023-09-18,16.03,16.42,15.85,16.39,4795700.0,85801090.0,822968403.0,0.005827319715456925,16.264,16.283,15.95,16.237833333333334,66.51982337829182,4347949.3,16.206,False,False,16.63
2023-09-19,16.34,16.37,16.1,16.23,3859049.0,68684612.0,822968403.0,0.004689182459414545,16.235999999999997,16.253,15.9875,16.2415,58.55855818927036,4335628.05,16.214666666666666,False,False,16.63
2023-09-20,16.16,16.23,15.96,16.0,3359013.0,59213350.0,822968403.0,0.004081581975389643,16.163999999999998,16.208000000000002,16.03,16.243000000000002,48.660713981584856,4317206.05,16.2245,False,False,16.63
2023-09-21,16.05,16.16,15.87,15.99,2980200.0,52321958.0,822968403.0,0.0036212811927361444,16.137999999999998,16.188,16.069499999999998,16.243000000000002,43.13725460592084,4358266.05,16.229499999999998,True,False,16.63
2023-09-22,15.94,16.39,15.92,16.39,4137051.0,73747559.0,822968403.0,0.005026986437047936,16.2,16.211,16.1415,16.2425,44.23076893306219,4370693.6,16.23,True,True,16.63
2023-09-25,16.33,16.57,16.11,16.15,5503842.0,98364432.0,822968403.0,0.0066877926053255776,16.152,16.208000000000002,16.201999999999998,16.226499999999998,41.441441180099,4441915.7,16.237833333333334,False,True,16.63
2023-09-26,16.11,16.16,15.53,15.64,6570400.0,113557017.0,822968403.0,0.007983781608198633,16.034,16.135,16.202,16.2025,34.716980948665054,4352882.35,16.2415,True,False,16.63
2023-09-27,15.69,15.78,15.48,15.67,4067087.0,69822692.0,822968403.0,0.0049419722375416645,15.968,16.066,16.192999999999998,16.178333333333335,39.256198120005465,4331307.2,16.243000000000002,True,True,16.63
2023-09-28,15.68,16.15,15.62,16.06,4875476.0,85365870.0,822968403.0,0.005924256608427772,15.982,16.06,16.192999999999998,16.163166666666665,48.201438606179785,4278840.6,16.243000000000002,True,True,16.63
2023-10-09,15.97,16.08,15.8,15.9,2963339.0,51845719.0,822968403.0,0.0036007931643519003,15.884,16.042,16.174500000000002,16.143666666666668,45.20547923531621,4219761.3,16.2425,True,True,16.63
2023-10-10,15.93,15.95,15.39,15.5,5258601.0,89860177.0,822968403.0,0.00638979696040651,15.754,15.953,16.118000000000002,16.123,36.10223626024558,4099932.35,16.226499999999998,True,True,16.63
2023-10-11,15.5,15.62,15.27,15.47,4374100.0,74189861.0,822968403.0,0.005315027872339833,15.719999999999999,15.877,16.065,16.098,35.87301571358027,4144277.8,16.2025,True,True,16.53
2023-10-12,15.56,15.61,15.25,15.42,6681150.0,113182933.0,822968403.0,0.008118355426095259,15.669999999999998,15.818999999999999,16.0135,16.071333333333335,38.17567549511504,4208873.35,16.178333333333335,True,True,16.45
2023-10-13,15.33,15.45,15.12,15.34,6885175.0,115575357.0,822968403.0,0.008366268953827624,15.526,15.754,15.970999999999998,16.044166666666666,37.666666490888915,4362161.6,16.163166666666665,True,True,16.39
2023-10-16,15.39,15.46,15.27,15.3,3035145.0,51192803.0,822968403.0,0.0036880456028881097,15.406,15.645000000000001,15.928,16.022333333333332,30.036629882596017,4398433.85,16.143666666666668,True,True,16.39
2023-10-17,15.25,15.51,15.24,15.45,3412899.0,57570219.0,822968403.0,0.004147059580366416,15.396,15.575,15.891499999999999,16.000833333333333,35.66176452232911,4366888.4,16.123,True,True,16.39
2023-10-18,15.41,15.46,15.22,15.24,2949985.0,49545326.0,822968403.0,0.0035845665389415927,15.35,15.535000000000002,15.834999999999999,15.981166666666667,35.92592573964332,4308950.15,16.098,True,True,16.39
2023-10-19,15.21,15.3,15.01,15.09,3096201.0,51426161.0,822968403.0,0.0037622355715156174,15.284,15.476999999999999,15.7715,15.9595,34.15492940909539,4317100.2,16.071333333333335,True,True,16.39
2023-10-20,15.06,15.06,14.84,14.9,2924900.0,47933074.0,822968403.0,0.003554085417298822,15.196000000000002,15.360999999999999,15.7105,15.936166666666667,21.673003686911684,4251850.2,16.044166666666666,True,True,16.39
2023-10-23,14.86,14.93,14.44,14.57,6015969.0,96625626.0,822968403.0,0.007310085026435699,15.05,15.228,15.635,15.910833333333334,20.955882245079962,4387264.1,16.022333333333332,True,True,16.39
2023-10-24,14.7,14.78,14.52,14.74,3066451.0,49466087.0,822968403.0,0.0037260859454892096,14.907999999999998,15.151999999999997,15.5525,15.888166666666669,31.092436791893164,4300801.65,16.000833333333333,True,True,16.39
2023-10-25,14.79,14.83,14.39,14.43,6385708.0,101655274.0,822968403.0,0.007759359869372774,14.746,15.047999999999998,15.4625,15.859,26.69172918282544,4427134.6,15.981166666666667,True,True,16.39
2023-10-26,14.39,14.52,14.32,14.45,4028184.0,63835048.0,822968403.0,0.004894700677833922,14.618,14.950999999999999,15.385,15.834333333333335,14.847161481283663,4460593.15,15.9595,True,True,16.39
2023-10-27,14.65,15.08,14.59,14.99,7456662.0,121766743.0,822968403.0,0.009060690511103376,14.636000000000001,14.916,15.334999999999999,15.815500000000002,32.95880132530965,4684416.25,15.936166666666667,True,True,16.39
2023-10-30,15.06,15.39,15.01,15.25,6742526.0,112713297.0,822968403.0,0.008192934231036328,14.772,14.910999999999998,15.278,15.7935,45.059288288209466,4814690.0,15.910833333333334,True,True,16.39
2023-10-31,15.24,15.47,15.13,15.28,4520602.0,76236143.0,822968403.0,0.005493044427369103,14.88,14.894,15.234499999999997,15.769166666666667,46.24505903263601,4765528.0,15.888166666666669,True,True,16.15
2023-11-01,15.32,15.6,15.17,15.53,5599726.0,95145453.0,822968403.0,0.00680430254623032,15.1,14.922999999999998,15.229,15.752999999999998,52.0146517479102,4716994.3,15.859,False,True,16.06
2023-11-02,15.54,15.56,15.24,15.26,4111473.0,69308945.0,822968403.0,0.004995906264459585,15.262,14.939999999999998,15.2085,15.731166666666667,48.63013675314318,4719213.6,15.834333333333335,False,False,16.06
2023-11-03,15.25,15.48,15.16,15.37,3027015.0,51190124.0,822968403.0,0.0036781667302966917,15.338,14.987,15.174000000000001,15.711,51.17056832227825,4626790.55,15.815500000000002,False,False,16.06
2023-11-06,15.47,15.66,15.34,15.49,5720500.0,97351801.0,822968403.0,0.006951056661649257,15.386000000000001,15.078999999999999,15.1535,15.694833333333333,50.67567543599344,4764648.6,15.7935,False,False,15.9
2023-11-07,15.48,15.56,15.41,15.44,2491815.0,42338973.0,822968403.0,0.0030278379958653162,15.418000000000001,15.149000000000001,15.1505,15.680666666666665,53.571428303571416,4626309.3,15.769166666666667,False,False,15.53
2023-11-08,15.44,15.55,15.15,15.28,4589700.0,76812652.0,822968403.0,0.005577006338601799,15.368,15.234,15.141,15.665833333333333,53.380782652195386,4637089.3,15.752999999999998,False,False,15.53
2023-11-09,15.36,15.48,15.23,15.28,3815500.0,64167046.0,822968403.0,0.004636265482479283,15.372,15.317000000000002,15.134,15.65,57.25190809102032,4493806.8,15.731166666666667,False,False,15.53
2023-11-10,15.25,15.29,14.98,15.17,4813722.0,79927904.0,822968403.0,0.005849218490591309,15.331999999999999,15.334999999999999,15.125500000000002,15.634166666666665,62.499999635416664,4390234.15,15.711,False,False,15.53
2023-11-13,15.21,15.42,14.92,15.03,5561092.0,92209208.0,822968403.0,0.0067573578520486646,15.24,15.312999999999999,15.112,15.623166666666668,56.11814312841601,4516531.5,15.694833333333333,False,False,15.53
2023-11-14,15.02,15.16,14.95,15.15,3642221.0,60348657.0,822968403.0,0.004425711833799286,15.181999999999999,15.3,15.097,15.614,66.51376104073732,4527997.6,15.680666666666665,True,False,15.53
2023-11-15,15.34,15.4,15.21,15.29,4091100.0,68688133.0,822968403.0,0.004971150757534005,15.184000000000001,15.276,15.0995,15.6025,68.26086914971644,4585053.35,15.665833333333333,False,True,15.53
2023-11-16,15.29,15.5,15.11,15.35,5519491.0,92984016.0,822968403.0,0.006706807916172208,15.197999999999999,15.285,15.1125,15.598,59.890109429416725,4706217.85,15.65,False,False,15.53
2023-11-17,15.3,15.48,15.16,15.37,4186200.0,70401058.0,822968403.0,0.005086708049470521,15.238,15.285,15.136000000000001,15.5815,53.797467877743934,4769282.85,15.634166666666665,False,False,15.53
2023-11-20,15.39,15.51,15.23,15.44,5236494.0,88478367.0,822968403.0,0.00636293444670682,15.319999999999999,15.279999999999998,15.1795,15.574499999999999,54.938271130163095,4730309.1,15.623166666666668,False,False,15.53
2023-11-21,15.46,15.66,15.3,15.34,4714478.0,80170009.0,822968403.0,0.005728625768394172,15.357999999999999,15.27,15.2095,15.570666666666666,43.537414551344376,4812710.45,15.614,False,False,15.53
2023-11-22,15.38,15.42,15.1,15.1,3800005.0,63635772.0,822968403.0,0.004617437299108554,15.319999999999999,15.251999999999999,15.243,15.564333333333334,44.444444012345684,4683425.3,15.6025,False,False,15.53
2023-11-23,15.15,15.45,15.08,15.39,4158100.0,69755664.0,822968403.0,0.005052563360685915,15.328,15.263,15.290000000000001,15.568333333333333,50.617283513184006,4689921.1,15.598,True,False,15.53
2023-11-24,15.37,15.44,15.19,15.34,3704869.0,62270160.0,822968403.0,0.004501836263086762,15.322,15.280000000000001,15.3075,15.570666666666666,45.16128991467222,4502331.45,15.5815,False,True,15.53
2023-11-27,15.25,15.34,14.98,15.08,5483954.0,90903918.0,822968403.0,0.006663626428437739,15.25,15.285,15.299000000000001,15.572833333333334,39.77272695635334,4439402.85,15.574499999999999,False,False,15.53
2023-11-28,15.13,15.22,14.94,15.18,4885689.0,81072035.0,822968403.0,0.005936666562397779,15.218,15.288,15.294,15.576833333333333,47.05882314186853,4457657.2,15.570666666666666,True,False,15.53
2023-11-29,15.05,15.2,14.95,15.0,3859401.0,63715911.0,822968403.0,0.004689610179359462,15.197999999999999,15.259,15.267499999999998,15.566166666666668,42.55319117247626,4370640.95,15.564333333333334,True,True,15.53
2023-11-30,14.94,15.04,14.75,14.95,4041977.0,66142227.0,822968403.0,0.004911460738061896,15.11,15.219,15.252,15.551166666666665,43.956043617920535,4367166.15,15.568333333333333,True,True,15.49
2023-12-01,14.94,14.98,14.75,14.83,5196908.0,84586088.0,822968403.0,0.00631483296449232,15.008,15.165000000000001,15.225,15.530666666666667,44.444444098765466,4475660.8,15.570666666666666,True,True,15.49
2023-12-04,14.78,14.88,14.52,14.59,6339302.0,101703018.0,822968403.0,0.007702971313225497,14.91,15.080000000000002,15.179999999999998,15.502666666666668,35.41666640842013,4506600.9,15.572833333333334,True,True,15.49
2023-12-05,14.57,14.61,14.44,14.47,4049454.0,64523149.0,822968403.0,0.004920546141550954,14.768,14.993,15.131499999999999,15.466666666666665,28.421052422160713,4584482.85,15.576833333333333,True,True,15.44
2023-12-06,14.46,14.75,14.37,14.48,5005820.0,79641531.0,822968403.0,0.006082639359849153,14.663999999999998,14.931000000000001,15.091500000000002,15.4325,26.486486286048233,4605288.85,15.566166666666668,True,True,15.44
2023-12-07,14.48,14.55,14.27,14.43,4110900.0,64912860.0,822968403.0,0.004995210004435614,14.559999999999999,14.834999999999999,15.048999999999998,15.398833333333334,24.999999813829817,4620058.85,15.551166666666665,True,True,15.44
2023-12-08,14.41,14.58,14.27,14.43,8504585.0,134526326.0,822968403.0,0.010334035874278882,14.48,14.744,15.011999999999997,15.369499999999999,22.099447342877212,4804602.0,15.530666666666667,True,True,15.44
2023-12-11,14.26,14.27,13.51,13.92,15965221.0,241918609.0,822968403.0,0.0193995552463513,14.346,14.628,14.9565,15.332166666666668,18.018017904390888,5324808.45,15.502666666666668,True,True,15.44
2023-12-12,13.86,14.04,13.74,13.94,6629420.0,101260003.0,822968403.0,0.008055497605781106,14.24,14.504,14.896,15.294833333333333,20.99999985299999,5474168.4,15.466666666666665,True,True,15.44
2023-12-13,13.89,13.93,13.64,13.7,5729810.0,86391397.0,822968403.0,0.006962369368146933,14.084,14.374,14.8165,15.250333333333334,6.666666618803362,5556103.9,15.4325,True,True,15.44
2023-12-14,13.72,13.93,13.52,13.57,5443278.0,81832633.0,822968403.0,0.006614200472530171,13.912,14.236,14.727499999999997,15.203833333333334,6.403940842534354,5552293.25,15.398833333333334,True,True,15.44
2023-12-15,13.53,13.68,13.43,13.46,5525584.0,81980545.0,822968403.0,0.006714211602605113,13.718,14.099,14.632,15.159500000000001,6.9148935655273505,5619262.45,15.369499999999999,True,True,15.44
2023-12-18,13.4,13.44,13.15,13.25,7037890.0,102604273.0,818121203.0,0.008602502873892635,13.584,13.965,14.522499999999999,15.112333333333334,1.5075376778363818,5709332.25,15.332166666666668,True,True,15.44
2023-12-19,13.15,13.39,13.11,13.21,4822947.0,69810082.0,818121203.0,0.005895149743478779,13.437999999999999,13.838999999999999,14.416,15.059333333333335,1.6216216093498588,5714755.7,15.294833333333333,True,True,15.39
2023-12-20,13.2,13.35,13.0,13.01,3758498.0,54240650.0,818121203.0,0.004594060129743392,13.3,13.692000000000002,14.311499999999999,15.005666666666666,1.499999989499969,5712680.35,15.250333333333334,True,True,15.39
2023-12-21,12.98,13.19,12.9,13.16,3827942.0,54942657.0,818121203.0,0.0046789424182666,13.218,13.565000000000001,14.2,14.958333333333334,8.86699501273992,5696172.45,15.203833333333334,True,True,15.39
2023-12-22,13.15,13.2,13.02,13.08,5277962.0,75978755.0,818121203.0,0.006451320391949309,13.142000000000001,13.430000000000001,14.087,14.909833333333333,9.625668377134033,5774827.1,15.159500000000001,True,True,15.34
2023-12-25,13.12,13.16,12.99,13.07,2789569.0,39980108.0,818121203.0,0.003409725832518241,13.106,13.345000000000002,13.986499999999998,14.8545,10.227272645919413,5640107.85,15.112333333333334,True,True,15.18
2023-12-26,13.09,13.09,12.74,12.81,5079800.0,71740409.0,818121203.0,0.006209104447327226,13.026,13.232,13.868,14.798833333333334,8.457711383876628,5649813.4,15.059333333333335,True,True,15.18
2023-12-27,12.84,12.84,12.66,12.81,4715115.0,66093579.0,818121203.0,0.0057633453120515205,12.985999999999999,13.143,13.758500000000002,14.751666666666667,8.673469325801747,5692599.1,15.005666666666666,True,True,15.0
2023-12-28,12.79,13.28,12.66,13.16,7192463.0,102615466.0,818121203.0,0.008791439426854702,12.986,13.102,13.669,14.709833333333332,22.51082237439327,5850123.4,14.958333333333334,True,True,14.95
2023-12-29,13.11,13.29,13.08,13.27,5916611.0,85776909.0,818121203.0,0.007231949225009879,13.024000000000001,13.083000000000002,13.591,14.663333333333334,32.984292951947566,5886108.55,14.909833333333333,True,True,14.83
2024-01-02,13.31,13.31,13.16,13.16,3886672.0,56414389.0,818121203.0,0.004750728847691288,13.042000000000002,13.074000000000002,13.519500000000003,14.617666666666668,30.4999997865,5763477.05,14.8545,True,True,14.59
2024-01-03,13.17,13.19,12.89,13.0,5647118.0,80563907.0,818121203.0,0.006902544487653378,13.080000000000002,13.053,13.446000000000002,14.576,31.770833101671002,5843360.25,14.798833333333334,True,True,14.48
2024-01-04,12.99,13.0,12.81,12.96,4431600.0,62719026.0,818121203.0,0.0054168013049284095,13.11,13.048000000000002,13.370000000000001,14.534166666666668,33.333333078324216,5814649.25,14.751666666666667,True,True,14.48
2024-01-05,12.93,13.11,12.84,12.88,4166843.0,59391312.0,818121203.0,0.005093185440886318,13.054000000000002,13.020000000000001,13.2925,14.491833333333334,33.88888862530864,5817446.4,14.709833333333332,True,True,14.43
2024-01-08,12.9,12.9,12.67,12.69,4233896.0,59224555.0,818121203.0,0.0051751451795584375,12.937999999999999,12.981,13.2055,14.447666666666667,34.269662651811615,5603911.95,14.663333333333334,True,True,14.43
2024-01-09,12.7,12.8,12.53,12.69,5201075.0,72307405.0,818121203.0,0.0063573404294229,12.844,12.943000000000001,13.144,14.404166666666667,35.05747098229617,5065704.65,14.617666666666668,True,True,13.94
2024-01-10,12.74,12.87,12.59,12.76,4720939.0,66215098.0,818121203.0,0.00577046406166789,12.796000000000001,12.937999999999999,13.084999999999999,14.359333333333334,42.23602447745071,4970280.6,14.576,True,True,13.94
2024-01-11,12.69,12.79,12.6,12.75,5158819.0,71945010.0,818121203.0,0.006305690380695341,12.754000000000001,12.931999999999999,13.0375,14.317833333333335,36.05442142533203,4941731.05,14.534166666666668,True,True,13.7
2024-01-12,12.7,12.79,12.59,12.59,4607350.0,64188161.0,818121203.0,0.005631622775580356,12.696,12.875,12.988499999999998,14.276166666666665,34.19354807825181,4899934.65,14.491833333333334,True,True,13.57
2024-01-15,12.54,12.7,12.49,12.63,3374100.0,46773430.0,818121203.0,0.00412420554268412,12.684000000000001,12.811000000000002,12.947,14.238333333333333,36.07594904742832,4792360.45,14.447666666666667,True,True,13.46
2024-01-16,12.64,12.69,12.36,12.55,4485100.0,61588625.0,818121203.0,0.0054821950385265834,12.656,12.75,12.912,14.204666666666666,40.71428530714287,4664720.95,14.404166666666667,True,True,13.27
2024-01-17,12.52,12.63,12.36,12.36,4085653.0,56170441.0,818121203.0,0.004993945866478173,12.575999999999999,12.686,12.869499999999999,14.165,35.8490562881215,4627856.25,14.359333333333334,True,True,13.27
2024-01-18,12.39,12.39,11.83,12.16,6796415.0,89937052.0,818121203.0,0.008307344895937136,12.458,12.606,12.826999999999998,14.127166666666666,15.277777629243857,4779752.1,14.317833333333335,True,True,13.27
2024-01-19,12.17,12.39,12.08,12.27,5526205.0,74438000.0,818121203.0,0.006754750982783171,12.394,12.545,12.7825,14.090833333333332,15.277777629243857,4864665.25,14.276166666666665,True,True,13.27
2024-01-22,12.21,12.27,11.53,11.6,7771063.0,101802112.0,818121203.0,0.009498669599937016,12.187999999999999,12.436,12.7085,14.034333333333333,10.999999923000018,4989320.3,14.238333333333333,True,True,13.27
2024-01-23,11.65,11.89,11.41,11.8,6011345.0,77065169.0,818121203.0,0.007347743803676972,12.038,12.347,12.645,13.976833333333332,20.588235152825888,5150409.1,14.204666666666666,True,True,13.27
2024-01-24,11.88,12.11,11.6,12.07,6005567.0,78614793.0,818121203.0,0.007340681280448369,11.98,12.278,12.608,13.923333333333334,30.39647558345787,5196697.45,14.165,True,True,13.27
2024-01-25,12.15,12.34,11.89,12.28,5090870.0,68034224.0,818121203.0,0.006222635449774549,12.004,12.231,12.581500000000002,13.869166666666667,37.49999978124998,5215485.2,14.127166666666666,True,True,13.27
2024-01-26,12.27,12.37,12.09,12.16,3668084.0,49179426.0,818121203.0,0.004483545942275255,11.982000000000001,12.187999999999999,12.5315,13.817499999999999,38.62660920996888,5039266.25,14.090833333333332,True,True,13.27
2024-01-29,12.2,12.28,11.98,12.16,7245368.0,96609784.0,818121203.0,0.008856105884350244,12.094,12.141000000000002,12.476,13.764000000000001,38.62660920996888,5105704.1,14.034333333333333,True,True,13.27
2024-01-30,12.04,12.04,11.48,11.54,7104300.0,91975797.0,818121203.0,0.0086836766654488,12.041999999999998,12.04,12.395,13.698166666666667,28.819444304349915,5266585.5,13.976833333333332,True,True,13.16
2024-01-31,11.41,11.57,11.06,11.12,8152900.0,100800080.0,818121203.0,0.009965393843973018,11.852,11.916,12.301,13.626166666666668,25.22796341848283,5391874.6,13.923333333333334,True,True,13.0
2024-02-01,11.11,11.32,10.92,11.13,7314140.0,89433128.0,818121203.0,0.008940166778686948,11.622,11.812999999999999,12.2095,13.556999999999999,26.751592237413305,5536001.6,13.869166666666667,True,True,12.96
2024-02-02,11.16,11.33,10.4,10.76,9029669.0,108225196.0,818121203.0,0.011037079795620453,11.342,11.662,12.1035,13.481666666666666,23.054754950211375,5779142.9,13.817499999999999,True,True,12.88
2024-02-05,10.7,10.74,9.84,10.22,11632476.0,131497918.0,818121203.0,0.014218524049180522,10.953999999999999,11.524,11.98,13.399166666666668,20.356234024176274,6149071.9,13.764000000000001,True,True,12.76
2024-02-06,10.18,11.24,10.09,11.24,11640365.0,137616467.0,818121203.0,0.014228166874682504,10.894000000000002,11.468,11.9075,13.336,38.235294005190326,6471036.4,13.698166666666667,True,True,12.76
2024-02-07,11.29,12.19,11.17,12.11,12528685.0,163394894.0,818121203.0,0.015313971761223257,11.092,11.472,11.875,13.285333333333334,49.539594715735845,6861423.7,13.626166666666668,True,True,12.76
2024-02-08,12.29,13.1,12.29,12.37,14797851.0,206495602.0,818121203.0,0.018087602357373448,11.34,11.481,11.856,13.236666666666668,50.89605721997405,7343375.3,13.556999999999999,False,True,12.75
2024-02-19,12.37,12.69,12.2,12.46,10659559.0,145798315.0,818121203.0,0.013029315168598558,11.68,11.511000000000001,11.849499999999999,13.1885,58.59999983592,7645985.75,13.481666666666666,False,False,12.63
2024-02-20,12.42,12.44,12.11,12.37,5804011.0,78169157.0,818121203.0,0.007094316806259329,12.11,11.532,11.8365,13.138499999999999,55.82822069906029,7767481.3,13.399166666666668,False,False,12.63
2024-02-21,12.36,12.93,12.25,12.43,8329882.0,115569922.0,818121203.0,0.01018172120396689,12.347999999999999,11.621,11.8305,13.088333333333335,53.8461536850756,7959720.4,13.336,False,False,12.55
2024-02-22,12.43,12.63,12.32,12.42,5383894.0,73455127.0,818121203.0,0.006580802429099249,12.41,11.751,11.833499999999999,13.039666666666667,51.56249983886719,8024632.45,13.285333333333334,False,False,12.46
2024-02-23,12.47,12.47,12.18,12.41,6375336.0,86201940.0,818121203.0,0.007792654653885067,12.418000000000001,11.879000000000001,11.846,12.994833333333332,52.86041172996665,8003578.5,13.236666666666668,False,False,12.46
2024-02-26,12.64,12.79,12.3,12.52,9354969.0,128762239.0,818121203.0,0.011434698142152906,12.43,12.055,11.8585,12.947,54.01785697405133,8195016.7,13.1885,False,False,12.46
2024-02-27,12.48,12.78,12.36,12.78,7257292.0,100377918.0,818121203.0,0.008870680741909583,12.512,12.311,11.9175,12.904333333333334,65.04854346828164,8169328.15,13.138499999999999,False,False,12.52
2024-02-28,12.78,13.03,12.34,12.35,10043594.0,139758058.0,818121203.0,0.012276413278583613,12.496,12.422,11.945,12.858833333333335,64.89104094225797,8370940.6,13.088333333333335,False,False,12.78
2024-02-29,12.5,13.41,12.4,13.3,15265242.0,217997888.0,818121203.0,0.018658900348778762,12.672,12.541,12.006499999999999,12.827499999999999,71.40039428015669,8833924.35,13.039666666666667,False,False,12.78
2024-03-01,13.25,13.28,13.03,13.18,9990182.0,144424531.0,818121203.0,0.012211127108509863,12.825999999999999,12.622,12.051499999999999,12.797166666666666,75.10373422169039,9078889.95,12.994833333333332,False,False,13.3
2024-03-04,13.3,13.42,13.08,13.37,9614916.0,140227640.0,818121203.0,0.011752434681735048,12.996,12.713,12.111999999999998,12.770833333333334,85.23489906190409,9376231.55,12.947,False,False,13.3
2024-03-05,13.29,13.8,13.13,13.75,14753631.0,218293029.0,818121203.0,0.018033551686350804,13.190000000000001,12.850999999999999,12.1915,12.752833333333333,82.76762371834286,9751644.7,12.904333333333334,False,False,13.37
2024-03-06,13.62,14.02,13.57,13.92,12456098.0,189048511.0,818121203.0,0.015225247743640254,13.504000000000001,13.0,12.310500000000001,12.741666666666667,78.9137376662005,10019234.6,12.858833333333335,False,False,13.75
2024-03-07,13.92,14.13,13.61,13.61,8089110.0,122732397.0,818121203.0,0.009887422511894,13.565999999999999,13.119,12.434999999999999,12.727333333333336,69.49685503995093,10016045.1,12.827499999999999,False,False,13.92
2024-03-08,13.63,13.96,13.57,13.72,6033256.0,91033586.0,818121203.0,0.007374525898945563,13.674000000000001,13.25,12.564499999999999,12.714666666666666,69.68749969511715,9952000.9,12.797166666666666,False,False,13.92
2024-03-11,13.6,13.92,13.59,13.84,6249193.0,94560947.0,818121203.0,0.007638468453188348,13.768,13.382,12.7185,12.704833333333333,72.75541764130779,9812977.1,12.770833333333334,False,False,13.92
2024-03-12,13.83,14.73,13.77,14.7,16565943.0,261532896.0,818121203.0,0.020248763800832577,13.958000000000002,13.574000000000002,12.942499999999999,12.709333333333335,78.16377144062213,10059650.45,12.752833333333333,False,False,13.92
2024-03-13,14.54,14.61,14.37,14.45,8075793.0,128301593.0,818121203.0,0.009871144972635552,14.063999999999998,13.784,13.103,12.718166666666665,73.7704915614082,9881421.85,12.741666666666667,False,False,14.7
2024-03-14,14.47,14.67,14.3,14.63,5601776.0,89200705.0,818121203.0,0.006847122381694342,14.268,13.916999999999998,13.229,12.729666666666667,74.9999997635135,9535076.4,12.727333333333336,False,False,14.7
2024-03-15,14.55,14.71,14.21,14.7,9786848.0,154803185.0,818121203.0,0.011962589362202363,14.463999999999999,14.068999999999999,13.345499999999998,12.746333333333332,74.77272703481404,9284526.25,12.714666666666666,False,False,14.7
2024-03-18,14.7,14.94,14.45,14.83,9844600.0,159437524.0,818121203.0,0.01203318036973062,14.662,14.215,13.464000000000002,12.767333333333335,74.0046835981111,9243778.3,12.704833333333333,False,False,14.7
2024-03-19,14.81,15.29,14.68,15.04,7413672.0,122628842.0,818121203.0,0.009061826014060657,14.73,14.344,13.5975,12.793666666666667,83.20987625557078,9324261.35,12.709333333333335,False,False,14.83
2024-03-20,15.0,15.14,14.89,15.05,3325822.0,54879857.0,818121203.0,0.004065194726410239,14.85,14.456999999999999,13.7285,12.823666666666666,78.13504787977789,9074058.35,12.718166666666665,False,False,15.04
2024-03-21,15.04,15.15,14.68,14.7,4824001.0,78576752.0,818121203.0,0.005896438061146302,14.864,14.565999999999999,13.842499999999998,12.8485,72.7544907130051,9046063.7,12.729666666666667,False,False,15.05
2024-03-22,14.67,14.93,14.59,14.84,4110209.0,66634149.0,818121203.0,0.005023960979043346,14.892,14.678,13.964000000000002,12.879,72.34042522408328,8932807.35,12.746333333333332,False,False,15.05
2024-03-25,14.83,14.93,14.58,14.59,4364677.0,70795688.0,818121203.0,0.00533500046691737,14.844,14.753,14.067499999999999,12.902833333333332,63.291138960102536,8683292.75,12.767333333333335,False,False,15.05
2024-03-26,14.65,14.83,14.46,14.7,4994589.0,80410654.0,818121203.0,0.006104949953240608,14.776,14.753,14.163499999999999,12.929833333333333,62.58064487866803,8570157.6,12.793666666666667,False,False,15.05
2024-03-27,14.74,15.19,14.66,14.76,6086265.0,99901166.0,818121203.0,0.007439319476969967,14.718,14.784,14.283999999999997,12.958,70.17543825176976,8372291.15,12.823666666666666,False,False,15.05
2024-03-28,14.78,15.13,14.66,14.96,5822226.0,95586494.0,818121203.0,0.007116581233502147,14.77,14.816999999999998,14.367,12.993833333333333,71.08843503563328,7900140.35,12.8485,False,False,15.05
2024-03-29,15.18,15.18,14.84,15.12,4110759.0,67736606.0,818121203.0,0.005024633251070991,14.825999999999999,14.859,14.464000000000002,13.032333333333334,71.47650973131839,7606169.2,12.879,False,False,15.05
2024-04-01,15.12,16.03,15.12,15.88,11283816.0,194587931.0,818121203.0,0.01379235247616483,15.084,14.963999999999999,14.589500000000001,13.077666666666667,70.4861107684703,7689614.2,12.902833333333332,False,False,15.12
2024-04-02,15.88,16.28,15.82,16.22,10765610.0,191229376.0,818121203.0,0.013158942660969026,15.388,15.081999999999999,14.713,13.126833333333332,79.79797942182768,7490213.15,12.929833333333333,False,False,15.88
2024-04-03,16.18,16.91,16.11,16.46,12883332.0,233649510.0,818121203.0,0.01574746132083806,15.728,15.223000000000003,14.84,13.181833333333334,80.19801943142826,7511574.85,12.958,False,False,16.22
2024-04-08,16.36,16.96,16.18,16.6,11113783.0,203660173.0,818121203.0,0.013584518967662057,16.056,15.413,14.989499999999998,13.241833333333334,80.64516092611862,7662808.5,12.993833333333333,False,False,16.46
2024-04-09,16.6,16.73,16.12,16.28,9511176.0,171149518.0,818121203.0,0.011625631954193466,16.288,15.556999999999999,15.117500000000001,13.297166666666666,72.03647385759554,7836704.5,13.032333333333334,False,False,16.6
2024-04-10,16.33,16.66,16.08,16.21,8018681.0,144210457.0,818121203.0,0.009801336245284918,16.354000000000003,15.719,15.235999999999999,13.352666666666666,68.57142826666666,7925178.9,13.077666666666667,False,False,16.6
2024-04-11,16.06,16.32,15.98,16.15,4391453.0,77925954.0,818121203.0,0.005367729113848673,16.34,15.863999999999999,15.308499999999999,13.410333333333334,67.18749970605462,7316454.4,13.126833333333332,False,False,16.6
2024-04-12,16.21,17.27,16.2,17.07,13746562.0,255190658.0,818121203.0,0.016802598379790434,16.462,16.095000000000002,15.4395,13.483333333333333,81.4323604403042,7599992.85,13.181833333333334,False,False,16.6
2024-04-15,16.77,17.26,16.67,17.19,7671655.0,143309830.0,818121203.0,0.00937716193134772,16.580000000000002,16.318,15.5675,13.557166666666665,81.33333302968884,7703486.8,13.241833333333334,False,False,17.07
2024-04-16,16.95,17.35,16.86,17.04,7403951.0,138506475.0,818121203.0,0.00904994391155023,16.732,16.509999999999998,15.6845,13.628666666666666,83.56164351510593,7584341.95,13.297166666666666,False,False,17.19
2024-04-17,16.9,17.14,16.42,16.98,9766648.0,179359165.0,818121203.0,0.011937898644096136,16.886,16.619999999999997,15.791999999999998,13.701833333333333,81.666666349074,7580444.35,13.352666666666666,False,False,17.19
2024-04-18,17.08,17.48,16.84,16.9,8199987.0,153752695.0,818121203.0,0.010022948885728855,17.036,16.688,15.885,13.773,79.55801074204075,7619760.1,13.410333333333334,False,False,17.19
2024-04-19,16.86,17.02,16.73,16.9,6262100.0,116012513.0,818121203.0,0.007654244844208004,17.002000000000002,16.732,15.977500000000001,13.8455,78.36257277863264,7766574.0,13.483333333333333,False,False,17.19
2024-04-22,16.85,17.08,16.53,16.61,7312212.0,134260319.0,818121203.0,0.008937810159651859,16.886,16.732999999999997,16.073,13.916333333333334,70.98591521301324,7890984.55,13.557166666666665,False,False,17.19
2024-04-23,16.57,16.67,15.48,16.17,18493059.0,325389124.0,818121203.0,0.022604302311426586,16.712,16.722,16.139499999999998,13.983166666666667,54.48916385051137,8610127.05,13.628666666666666,False,False,17.19
2024-04-24,16.2,16.53,16.06,16.5,8961174.0,160493586.0,818121203.0,0.010953357481923129,16.616,16.750999999999998,16.235,14.053666666666667,54.34782585066163,8839951.9,13.701833333333333,False,False,17.19
2024-04-25,16.43,16.66,16.28,16.46,4516382.0,81635878.0,818121203.0,0.005520431426833464,16.528000000000002,16.782000000000004,16.323,14.134666666666668,49.99999976821192,8816041.55,13.773,False,False,17.19
2024-04-26,16.46,16.72,16.26,16.55,7476000.0,135561987.0,818121203.0,0.00913801032485892,16.458000000000002,16.729999999999997,16.4125,14.213833333333334,49.15824892652676,8885528.3,13.8455,False,False,17.19
2024-04-29,16.17,16.17,14.89,15.05,31101625.0,513660642.0,818121203.0,0.03801591363963219,16.146,16.516,16.416999999999998,14.263499999999999,35.18072277288431,10149498.25,13.916333333333334,False,False,17.19
2024-04-30,14.84,15.43,14.8,15.14,19004152.0,317714522.0,818121203.0,0.02322901781583578,15.940000000000001,16.326,16.418,14.311166666666669,37.17026366417657,10894167.9,13.983166666666667,True,False,17.19
2024-05-06,15.39,16.0,15.3,15.71,16645532.0,287422774.0,818121203.0,0.020346046452483887,15.782,16.198999999999998,16.4095,14.370333333333333,45.29914516363506,11162253.7,14.053666666666667,True,True,17.19
2024-05-07,15.69,16.06,15.52,15.63,10944801.0,188978448.0,818121203.0,0.013377970109888473,15.616,16.072,16.380000000000003,14.428166666666666,31.249999886067712,11171213.25,14.134666666666668,True,True,17.19
2024-05-08,15.62,15.72,15.33,15.38,8562900.0,145526539.0,818121203.0,0.010466542082762766,15.382000000000001,15.920000000000002,16.326,14.492166666666666,27.204030130766625,10955191.65,14.213833333333334,True,True,17.19
2024-05-09,15.42,15.82,15.38,15.75,6927666.0,119007683.0,818121203.0,0.00846777467030151,15.522,15.834000000000003,16.2835,14.569333333333333,34.606205134967325,10745885.8,14.263499999999999,True,True,17.19
2024-05-10,15.75,15.96,15.39,15.66,7691460.0,132112777.0,818121203.0,0.00940136983590682,15.626,15.783000000000001,16.2525,14.644833333333334,34.36018945946856,10654900.0,14.311166666666669,True,True,17.19
2024-05-13,15.62,16.41,15.38,16.34,14072785.0,247817281.0,818121203.0,0.01720134492101655,15.752,15.767000000000001,16.259,14.737833333333333,44.19087124093939,10957605.2,14.370333333333333,True,True,17.19
2024-05-14,16.36,16.39,15.8,16.0,12617345.0,221825226.0,818121203.0,0.015422342012079596,15.825999999999999,15.721,16.2515,14.834166666666667,41.27906965544439,11368899.8,14.428166666666666,False,True,17.19
2024-05-15,15.88,16.44,15.77,16.21,9644700.0,171911775.0,818121203.0,0.01178884004550118,15.992,15.687000000000001,16.208499999999997,14.917,46.06299199903901,11163806.7,14.492166666666666,True,False,17.19
2024-05-16,16.18,16.21,15.49,15.69,10621303.0,183897560.0,818121203.0,0.012982554370981142,15.98,15.751,16.133499999999998,14.976666666666665,45.34883708626282,11311289.1,14.569333333333333,False,True,17.19
2024-05-17,15.75,15.75,15.34,15.65,8833471.0,150667448.0,818121203.0,0.010797264473293452,15.978000000000003,15.802000000000001,16.064,15.031333333333333,41.27310049736686,11382765.1,14.644833333333334,True,False,17.04
2024-05-20,15.66,15.66,15.13,15.32,10707000.0,179773395.0,818121203.0,0.013087302909077642,15.774000000000001,15.763,15.981,15.079,38.95348826640526,11429782.7,14.737833333333333,True,True,16.98
2024-05-21,15.36,15.5,15.18,15.28,7556800.0,127238050.0,818121203.0,0.009236773197283827,15.63,15.728,15.9,15.1275,37.57338541565021,11397623.35,14.834166666666667,True,True,16.9
2024-05-22,15.28,15.66,15.26,15.31,11066300.0,188174771.0,814386403.0,0.013588512724714535,15.45,15.720999999999998,15.8205,15.1755,53.57142836538462,11637833.35,14.917,True,True,16.9
2024-05-23,15.15,15.24,14.82,14.9,6466350.0,106282764.0,814386403.0,0.007940149757141758,15.291999999999998,15.636,15.735,15.216833333333334,46.969696803642485,11595540.25,14.976666666666665,True,True,16.61
2024-05-24,14.9,15.02,14.67,14.72,4888197.0,79556813.0,814386403.0,0.0060023067452907855,15.106,15.541999999999998,15.6625,15.255333333333335,36.13445363980887,10915297.15,15.031333333333333,True,True,16.55
2024-05-27,14.84,14.98,14.61,14.95,4708814.0,76509901.0,814386403.0,0.0057820390697264626,15.032,15.403,15.585000000000003,15.295833333333333,40.86021489998842,10702679.15,15.079,True,True,16.55
2024-05-28,14.92,14.95,14.67,14.71,4521154.0,73440272.0,814386403.0,0.0055516079140628775,14.918000000000001,15.273999999999997,15.497499999999999,15.328,40.97035024970757,10702917.75,15.1275,True,True,16.55
2024-05-29,14.64,14.72,14.53,14.63,4967064.0,79729822.0,814386403.0,0.006099148981002818,14.782,15.116000000000003,15.401500000000002,15.365999999999998,33.62573085650287,10577470.95,15.1755,True,True,16.55
2024-05-30,14.63,14.69,14.37,14.44,4272155.0,67996655.0,814386403.0,0.005245857475348836,14.690000000000001,14.991000000000003,15.371,15.385,32.67045441551524,9235997.45,15.216833333333334,True,True,16.34
2024-05-31,14.5,14.68,14.49,14.54,5016700.0,80359186.0,814386403.0,0.006160097935721552,14.654,14.88,15.341,15.407666666666668,19.387755009718177,8536624.85,15.255333333333335,True,True,16.34
2024-06-03,14.54,14.75,14.4,14.48,4524222.0,72441694.0,814386403.0,0.005555375167529657,14.559999999999999,14.796000000000001,15.279499999999999,15.426166666666667,21.428571315789483,7930559.35,15.295833333333333,True,True,16.34
2024-06-04,14.44,14.63,14.37,14.62,3940008.0,62819083.0,814386403.0,0.004838008082509697,14.542000000000002,14.73,15.229,15.440666666666667,19.3050192006678,7580319.7,15.328,True,True,16.34
2024-06-05,14.62,14.62,14.21,14.22,7294834.0,114787963.0,814386403.0,0.008957460455046423,14.459999999999999,14.621,15.171000000000001,15.445666666666666,20.24291486501987,7516916.4,15.365999999999998,True,True,16.34
2024-06-06,14.29,14.41,14.15,14.18,3978034.0,62301564.0,814386403.0,0.00488470090530232,14.408000000000001,14.549000000000001,15.092500000000001,15.455166666666665,20.24291486501987,7369434.8,15.385,True,True,16.34
2024-06-07,14.24,14.46,13.91,14.09,5047937.0,77835244.0,814386403.0,0.006198454420904667,14.318000000000001,14.486,15.014,15.461333333333334,22.421524522914154,7237258.65,15.407666666666668,True,True,16.34
2024-06-11,14.09,14.14,13.78,13.98,3856897.0,58959278.0,814386403.0,0.004735954561363176,14.218,14.389,14.896,15.463666666666667,21.73913030245744,6726464.25,15.426166666666667,True,True,16.34
2024-06-12,13.89,14.1,13.82,13.98,3865384.0,59386766.0,814386403.0,0.004746375904313815,14.09,14.316000000000003,14.794999999999998,15.451666666666664,20.704845687282827,6288866.2,15.440666666666667,True,True,16.21
2024-06-13,13.96,14.07,13.67,13.73,5200825.0,78757703.0,814386403.0,0.006386188400053629,13.992,14.225999999999999,14.671000000000001,15.439666666666666,22.27488136879218,6066672.45,15.445666666666666,True,True,16.21
2024-06-14,13.88,14.28,13.74,14.27,6165400.0,92686359.0,814386403.0,0.007570607732752139,14.01,14.209,14.6,15.433666666666666,40.89068802734018,5843877.3,15.455166666666665,True,True,15.69
2024-06-17,14.13,14.4,14.11,14.27,4834900.0,73798645.0,814386403.0,0.005936862381529717,14.046000000000001,14.181999999999999,14.531,15.4265,34.821428353794616,5643948.75,15.461333333333334,True,True,15.65
2024-06-18,14.27,14.32,14.13,14.23,3248100.0,49335211.0,814386403.0,0.0039884015597937235,14.095999999999998,14.157,14.476499999999998,15.416500000000001,38.23529385524795,5271003.75,15.463666666666667,True,True,15.32
2024-06-19,14.22,14.28,13.91,13.97,2945272.0,44178529.0,814386403.0,0.003616553504761793,14.094,14.092000000000002,14.411000000000001,15.398666666666665,35.13513491356218,5040427.35,15.451666666666664,True,True,15.31
2024-06-20,13.9,13.98,13.57,13.63,3781240.0,55529988.0,814386403.0,0.004643053943522189,14.074000000000002,14.033000000000001,14.327000000000002,15.375,32.91139221064998,4676174.35,15.439666666666666,True,True,15.31
2024-06-21,13.66,13.83,13.53,13.7,2240657.0,32820146.0,814386403.0,0.0027513438237008483,13.959999999999999,13.985,14.267,15.358333333333333,32.05128185952219,4464889.7,15.433666666666666,True,True,14.95
2024-06-24,13.67,13.73,13.32,13.41,3837700.0,55425974.0,814386403.0,0.004712382212992325,13.788,13.916999999999998,14.201500000000001,15.334499999999998,29.18287921845898,4412364.85,15.4265,True,True,14.95
2024-06-25,13.3,13.7,13.3,13.52,3221000.0,46521293.0,814386403.0,0.003955124972782729,13.646,13.871,14.129999999999999,15.316666666666666,28.34645653667303,4337974.15,15.416500000000001,True,True,14.95
2024-06-26,13.51,13.7,13.36,13.7,3519201.0,50969712.0,814386403.0,0.0043212914496559935,13.592000000000002,13.843,14.0795,15.3,38.793103214179496,4287876.5,15.398666666666665,True,True,14.71
2024-06-27,13.67,13.67,13.33,13.38,3908700.0,56177476.0,814386403.0,0.0047995644151244505,13.541999999999998,13.807999999999998,14.017,15.277,34.61538442899406,4234958.3,15.375,True,True,14.63
2024-06-28,13.35,13.56,13.13,13.16,4525100.0,64603820.0,814386403.0,0.00555645327983208,13.434000000000001,13.697,13.953,15.246999999999998,32.96703279797123,4247605.55,15.358333333333333,True,True,14.62
2024-07-01,13.13,13.32,13.05,13.15,4249725.0,59814682.0,814386403.0,0.005218315266985124,13.382,13.584999999999999,13.883499999999998,15.214166666666666,34.22053213722907,4209256.8,15.334499999999998,True,True,14.62
2024-07-02,13.15,13.15,12.59,12.67,7669900.0,104416608.0,814386403.0,0.00941801087511526,13.212,13.428999999999998,13.793000000000001,15.160666666666666,28.938906622139925,4366540.7,15.316666666666666,True,True,14.62
2024-07-03,12.78,12.83,12.44,12.44,5036360.0,67757660.0,814386403.0,0.006184238810283771,12.959999999999999,13.276,13.684000000000001,15.097666666666667,29.12621346026954,4421358.3,15.3,True,True,14.62
2024-07-04,12.5,12.7,12.29,12.36,4658042.0,62132227.0,814386403.0,0.005719695199773614,12.756,13.149000000000001,13.591,15.029333333333334,13.688212854891589,4289518.7,15.277,True,True,14.27
2024-07-05,12.36,12.48,12.14,12.42,3518164.0,46301453.0,814386403.0,0.004320018098337528,12.608,13.021,13.503,14.959666666666667,15.613382818368976,4266525.2,15.246999999999998,True,True,14.27
2024-07-08,12.32,12.37,12.07,12.13,4346600.0,56666944.0,814386403.0,0.005337269856161879,12.404,12.893,13.405000000000001,14.890500000000001,14.28571421768703,4231458.35,15.214166666666666,True,True,14.27
2024-07-09,12.08,12.25,11.85,12.24,4670656.0,60331658.0,814386403.0,0.0057351841617129746,12.318000000000001,12.764999999999999,13.318000000000001,14.824333333333334,18.996415675286755,4272146.3,15.160666666666666,True,True,14.27
2024-07-10,12.23,12.37,12.13,12.21,4362100.0,57172257.0,814386403.0,0.00535630259043016,12.272000000000002,12.616,13.229499999999998,14.758666666666667,21.370967621292863,4296982.1,15.097666666666667,True,True,14.27
2024-07-11,12.35,12.65,12.26,12.6,5300400.0,70784276.0,814386403.0,0.006508458368748084,12.319999999999999,12.538,13.173000000000002,14.684166666666666,30.35714270535712,4301960.85,15.029333333333334,True,True,14.27
2024-07-12,12.63,12.69,12.25,12.39,6552100.0,86785603.0,814386403.0,0.008045443754787248,12.314000000000002,12.461,13.078999999999999,14.604166666666666,31.249999839154384,4321295.85,14.959666666666667,True,True,14.27
2024-07-15,12.39,12.4,12.23,12.32,4384600.0,57742034.0,814386403.0,0.005383930753077664,12.352,12.378,12.9815,14.525500000000001,27.611940154265966,4298780.85,14.890500000000001,True,True,14.27
2024-07-16,12.23,12.29,12.1,12.15,4220900.0,54901303.0,814386403.0,0.005182920520837821,12.334,12.325999999999999,12.877500000000001,14.445,20.973782661560662,4347420.85,14.824333333333334,True,True,14.23
2024-07-17,12.03,12.12,11.76,12.01,5132318.0,65467314.0,814386403.0,0.006302067398342848,12.294,12.283,12.7795,14.3635,22.48995971290782,4456773.15,14.758666666666667,True,True,13.97
2024-07-18,12.01,12.42,11.83,12.39,6596352.0,85953755.0,814386403.0,0.008099781597164018,12.252,12.286,12.717500000000001,14.288333333333332,35.47169792580989,4597528.75,14.684166666666666,True,True,13.7
2024-07-19,12.37,12.37,12.23,12.32,4115175.0,54015343.0,814386403.0,0.005053098854353048,12.238000000000001,12.276,12.6485,14.216833333333335,34.68634668427717,4691254.65,14.604166666666666,True,True,13.7
2024-07-22,12.32,12.36,12.16,12.21,3683200.0,48189451.0,814386403.0,0.004522668829479463,12.216000000000001,12.284,12.5885,14.150833333333333,40.17093993060123,4683529.65,14.525500000000001,True,True,13.7
2024-07-23,12.21,12.3,11.89,11.9,3616884.0,46599255.0,814386403.0,0.004441238196851378,12.166,12.250000000000002,12.5075,14.074166666666667,38.842974981900156,4703323.85,14.445,True,True,13.7
2024-07-24,11.83,11.93,11.7,11.71,3717800.0,46932567.0,814386403.0,0.004565154804039625,12.106,12.2,12.408,13.995,37.15414999203238,4713253.8,14.3635,True,True,13.7
2024-07-25,11.71,11.93,11.63,11.84,2783772.0,35123772.0,814386403.0,0.0034182446928697065,11.996,12.124,12.331,13.916500000000001,38.84615363698223,4657007.4,14.288333333333332,True,True,13.38
2024-07-26,11.99,12.35,11.99,12.18,5664518.0,73868335.0,814386403.0,0.006955565538831816,11.968,12.103,12.282,13.868666666666666,50.94339595728015,4713978.3,14.216833333333335,True,True,13.16
2024-07-29,12.22,12.25,11.97,12.0,4672855.0,60302836.0,814386403.0,0.005737884354142391,11.926,12.071,12.2245,13.816333333333334,45.58823505947231,4735134.8,14.150833333333333,True,True,13.15
2024-07-30,11.97,12.02,11.83,11.89,4167056.0,53024370.0,814386403.0,0.005116804485744834,11.924000000000001,12.045,12.185500000000001,13.752666666666668,44.285714064285706,4559992.6,14.074166666666667,True,True,12.67
2024-07-31,11.91,12.65,11.83,12.63,8822076.0,116942779.0,814386403.0,0.010832788916295303,12.108,12.107000000000001,12.195,13.702666666666667,50.476190251851875,4749278.4,13.995,True,True,12.6
2024-08-01,12.66,12.7,12.39,12.4,5893354.0,78738801.0,814386403.0,0.0072365574600586745,12.22,12.108,12.197,13.653,50.15772848510781,4811044.0,13.916500000000001,False,True,12.63
2024-08-02,12.32,12.55,12.22,12.27,5804972.0,76822490.0,814386403.0,0.007128031581342597,12.238,12.103,12.1895,13.595,49.22600597858696,4925384.4,13.868666666666666,False,False,12.63
2024-08-05,12.16,12.49,11.9,11.93,8539842.0,110917301.0,814386403.0,0.010486228611555048,12.224,12.075,12.1795,13.532833333333333,46.76470568979238,5135046.5,13.816333333333334,False,False,12.63
2024-08-06,12.05,12.25,11.99,12.14,4032038.0,52111679.0,814386403.0,0.00495101340732969,12.274,12.099,12.1745,13.462833333333334,51.87319863797558,5103115.6,13.752666666666668,True,False,12.63
2024-08-07,12.07,12.14,11.86,11.9,4178349.0,53406766.0,814386403.0,0.0051306713675572015,12.128,12.118,12.159,13.3945,42.64264246336426,5093928.05,13.702666666666667,True,True,12.63
2024-08-08,11.89,12.24,11.8,12.14,4674724.0,60244537.0,814386403.0,0.005740179333519644,12.075999999999999,12.148,12.136,13.326666666666666,47.428571238857145,5062644.25,13.653,True,True,12.63
2024-08-09,12.19,12.29,11.97,11.98,3041707.0,39406424.0,814386403.0,0.0037349678098689966,12.018,12.128,12.1155,13.264833333333335,46.76056319587383,4887124.6,13.595,False,True,12.63
2024-08-12,12.0,12.1,11.89,11.99,2757369.0,35379720.0,814386403.0,0.003385823964941615,12.030000000000001,12.127,12.099,13.203833333333334,51.38461516326627,4805763.05,13.532833333333333,True,False,12.63
2024-08-13,11.97,12.05,11.79,11.93,5177300.0,65710657.0,814386403.0,0.006357301621107738,11.988000000000001,12.131,12.088,13.147333333333334,53.525640785461846,4853583.05,13.462833333333334,True,True,12.63
2024-08-14,11.92,11.96,11.69,11.7,3401100.0,42775922.0,814386403.0,0.004176273065796753,11.948,12.038,12.072500000000002,13.087666666666669,47.82608674858223,4767022.15,13.3945,True,True,12.63
2024-08-15,11.71,11.93,11.59,11.78,3761300.0,47394273.0,814386403.0,0.0046185692518248,11.876,11.976,12.041999999999998,13.028833333333333,43.24324303871439,4625269.55,13.326666666666666,True,True,12.63
2024-08-16,11.79,11.88,11.69,11.7,3467069.0,43597821.0,814386403.0,0.004257277610760896,11.819999999999999,11.919,12.011,12.9755,44.75524453616313,4592864.25,13.264833333333335,True,True,12.63
2024-08-19,11.65,11.94,11.62,11.8,3400968.0,42990159.0,814386403.0,0.004176110980575887,11.782,11.906,11.9905,12.926833333333333,48.42105239372115,4578752.65,13.203833333333334,True,True,12.63
2024-08-20,11.78,11.82,11.58,11.64,3408600.0,42498173.0,814386403.0,0.0041854824533459215,11.724,11.856,11.977500000000001,12.871666666666666,28.19383242523631,4568338.45,13.147333333333334,True,True,12.63
2024-08-21,11.58,11.69,11.45,11.56,3213730.0,39749849.0,814386403.0,0.003946198006451736,11.696000000000002,11.822,11.97,12.819166666666666,30.188679045923863,4543134.95,13.087666666666669,True,True,12.63
2024-08-22,11.59,11.68,11.41,11.61,3789586.0,46782478.0,814386403.0,0.004653302149986903,11.662,11.769,11.958499999999999,12.768833333333333,33.82352917964246,4593425.65,13.028833333333333,True,True,12.63
2024-08-23,11.58,12.01,11.52,11.84,5855000.0,73936409.0,814386403.0,0.007189461880050568,11.69,11.755,11.9415,12.7255,47.66839343660234,4602949.75,12.9755,True,True,12.63
2024-08-26,11.91,11.92,11.61,11.86,4144298.0,52190638.0,814386403.0,0.005088859520165638,11.702,11.742,11.9345,12.680833333333334,41.95402265094462,4576521.9,12.926833333333333,True,True,12.63
2024-08-27,11.83,11.83,11.66,11.72,3619115.0,45341926.0,814386403.0,0.004443977682667671,11.718,11.721,11.926,12.634833333333335,44.512194741969076,4549124.85,12.871666666666666,True,True,12.63
2024-08-28,11.76,11.85,11.19,11.79,8656534.0,107482334.0,814386403.0,0.010629516858473385,11.764,11.73,11.884,12.587666666666667,38.09523773242625,4540847.75,12.819166666666666,True,True,12.63
2024-08-29,11.72,11.93,11.69,11.89,6621037.0,83902760.0,814386403.0,0.00813009276138418,11.819999999999999,11.741,11.858500000000001,12.548833333333333,46.80851017353253,4577231.9,12.768833333333333,True,True,12.4
2024-08-30,11.9,12.31,11.79,12.06,9629689.0,124809110.0,814431403.0,0.011823818389772969,11.864,11.777,11.848,12.5135,52.229298897318365,4768467.75,12.7255,False,True,12.27
2024-09-02,12.02,12.1,11.66,11.69,7458001.0,94299295.0,814431403.0,0.009157310207499452,11.830000000000002,11.766,11.836,12.4735,43.61702095178814,4714375.7,12.680833333333334,False,False,12.14
2024-09-03,11.54,11.96,11.54,11.82,5965744.0,75198540.0,814431403.0,0.007325041713795508,11.85,11.784,11.82,12.4375,53.37078609708373,4811061.0,12.634833333333335,True,False,12.14
2024-09-04,11.71,11.92,11.67,11.77,4269201.0,53867638.0,814431403.0,0.005241940554200364,11.846,11.805,11.8135,12.400666666666666,49.71428531657144,4815603.6,12.587666666666667,False,True,12.14
2024-09-05,11.82,12.07,11.81,11.95,3966200.0,50489155.0,808161403.0,0.004907683026282808,11.858,11.839,11.804,12.371,56.756756327246165,4780177.4,12.548833333333333,True,False,12.14
2024-09-06,11.93,12.01,11.74,11.76,4510100.0,57167223.0,808161403.0,0.005580692152901541,11.798,11.831,11.793,12.32916666666667,48.96907181156338,4853597.05,12.5135,False,True,12.06
2024-09-09,11.73,11.76,11.43,11.52,5864670.0,72462102.0,808161403.0,0.007256805358718672,11.764,11.797,11.7695,12.283333333333333,47.029702644348575,5008962.1,12.4735,True,False,12.06
2024-09-10,11.53,11.66,11.36,11.59,3709440.0,45664726.0,808161403.0,0.004589974213356487,11.718,11.783999999999999,11.752500000000001,12.239333333333331,50.74626830325981,4935569.1,12.4375,True,True,12.06
2024-09-11,11.54,12.0,11.51,11.93,6266200.0,79352415.0,808161403.0,0.007753649180397694,11.75,11.798,11.764,12.205333333333334,56.95652139243857,5078824.1,12.400666666666666,True,True,12.06
2024-09-12,11.93,12.06,11.74,11.75,3664272.0,46485711.0,808161403.0,0.0045340843875960254,11.709999999999999,11.784,11.7625,12.174000000000001,47.99999970133334,5073972.7,12.371,False,True,12.06
2024-09-13,11.75,11.86,11.65,11.66,3193872.0,40099627.0,808161403.0,0.0039520224402500945,11.69,11.744,11.7605,12.139999999999999,45.689654896700375,5060312.85,12.32916666666667,True,False,12.06
2024-09-18,11.66,11.92,11.55,11.86,4144272.0,51970724.0,808161403.0,0.005128025150193915,11.758,11.761,11.7635,12.114166666666668,52.94117615916953,5097478.05,12.283333333333333,True,True,12.06
2024-09-19,11.87,12.72,11.83,12.66,15091355.0,200514407.0,808161403.0,0.01867368936944889,11.972,11.844999999999999,11.814499999999999,12.099833333333333,63.98713797562061,5681615.8,12.239333333333331,False,True,12.06
2024-09-20,12.61,12.63,12.43,12.53,7637169.0,102088826.0,808161403.0,0.009450054124893663,12.091999999999999,11.921,11.863,12.080333333333334,60.191082534179856,5902787.75,12.205333333333334,False,False,12.66
2024-09-23,12.62,12.72,12.4,12.45,4928060.0,65882386.0,808161403.0,0.006097866071933653,12.232,11.971,11.905000000000001,12.064833333333333,56.393442364095655,5959711.45,12.174000000000001,False,False,12.66
2024-09-24,12.49,12.83,12.19,12.79,11820890.0,158416530.0,808161403.0,0.014626892544137004,12.458,12.074000000000002,11.9525,12.058666666666666,68.2119202135871,6258005.95,12.139999999999999,False,False,12.66
2024-09-25,12.84,13.09,12.6,12.64,13719678.0,188349834.0,808161403.0,0.01697640836232809,12.614,12.185999999999998,11.991499999999998,12.050166666666668,63.48684181288955,6736774.95,12.114166666666668,False,False,12.79
2024-09-26,12.56,13.27,12.54,13.27,9557938.0,131955812.0,808161403.0,0.011826768717881965,12.735999999999999,12.354000000000001,12.068999999999999,12.060166666666667,70.71823177070299,7033716.1,12.099833333333333,False,False,12.79
2024-09-27,13.38,13.88,13.31,13.75,11117501.0,161302317.0,808161403.0,0.013756535462755824,12.979999999999999,12.536,12.167,12.082,72.9591834129009,7156764.45,12.080333333333334,False,False,13.27
2024-09-30,14.27,14.94,13.99,14.75,20046806.0,310136841.0,808161403.0,0.024805448423524872,13.440000000000001,12.835999999999999,12.309999999999999,12.121833333333335,81.60676508615335,7828052.9,12.064833333333333,False,False,13.75
2024-10-08,16.22,16.22,14.5,15.36,23791757.0,390415615.0,808161403.0,0.029439363116924307,13.953999999999999,13.206,12.474999999999998,12.170833333333333,87.64705858292966,8536156.3,12.058666666666666,False,False,14.75
2024-10-09,15.06,15.13,14.14,14.25,14436335.0,225358073.0,808161403.0,0.017863182956288744,14.276,13.444999999999999,12.602999999999998,12.206166666666666,71.66123762161934,8885073.0,12.050166666666668,False,False,15.36
2024-10-10,14.25,14.73,14.12,14.14,10479576.0,161039929.0,808161403.0,0.012967182002380284,14.45,13.593,12.719,12.237833333333333,68.69712335672426,9110764.6,12.060166666666667,False,False,15.36
2024-10-11,14.12,14.18,13.43,13.58,10052720.0,147971727.0,808161403.0,0.012439000381214692,14.416,13.697999999999999,12.8095,12.260666666666667,64.5468996973519,9399940.55,12.082,False,False,15.36
2024-10-14,13.7,14.02,13.34,13.95,8880198.0,130330782.0,808161403.0,0.010988149108625521,14.256,13.847999999999999,12.9095,12.283166666666666,67.42770153059547,9645640.45,12.121833333333335,False,False,15.36
2024-10-15,13.89,13.94,13.41,13.47,8225164.0,120424481.0,808161403.0,0.010177625372193133,13.878,13.916,12.995,12.301166666666667,61.751824691310155,9831393.65,12.170833333333333,False,False,15.36
2024-10-16,13.36,13.56,13.23,13.4,5841160.0,83515943.0,808161403.0,0.007227714635117262,13.708000000000002,13.991999999999999,13.088999999999999,12.319166666666666,56.0457515057777,9830218.15,12.206166666666666,False,False,15.36
2024-10-17,13.45,13.59,13.23,13.24,6578400.0,94101597.0,808161403.0,0.00813995815140407,13.528,13.988999999999999,13.1715,12.337333333333333,55.772357596615784,9973666.15,12.237833333333333,False,False,15.36
2024-10-18,13.18,13.85,13.17,13.56,10156382.0,146698422.0,808161403.0,0.012567269313157239,13.524000000000001,13.969999999999999,13.253,12.363166666666666,58.68544588081437,10168175.25,12.260666666666667,False,False,15.36
2024-10-21,13.61,13.63,13.22,13.39,10067379.0,144286309.0,808161403.0,0.012457139084629113,13.412,13.834,13.334999999999999,12.379833333333332,54.82315100200579,10488330.6,12.283166666666666,False,False,15.36
2024-10-22,13.39,13.78,13.32,13.7,9119904.0,132935238.0,808161403.0,0.011284755701207374,13.458000000000002,13.668000000000001,13.437000000000001,12.402833333333332,58.3072099034011,10784632.2,12.301166666666667,False,False,15.36
2024-10-23,13.7,13.8,13.56,13.62,7949772.0,116157730.0,808161403.0,0.009836861758665305,13.501999999999999,13.605,13.525,12.426333333333334,53.00171513858936,10974907.2,12.319166666666666,False,False,15.36
2024-10-24,13.6,13.71,13.5,13.57,5198310.0,75467456.0,808161403.0,0.006432267095042152,13.568000000000001,13.547999999999998,13.570500000000001,12.454166666666667,48.33333320802469,10480254.95,12.337333333333333,False,False,15.36
2024-10-25,13.6,13.85,13.5,13.74,8577720.0,125238162.0,808161403.0,0.010613869912814928,13.604,13.563999999999998,13.630999999999997,12.488,38.949671653108226,10527282.5,12.363166666666666,True,False,15.36
2024-10-28,13.75,14.0,13.65,13.91,8622428.0,127460562.0,808161403.0,0.010669190545344567,13.708000000000002,13.559999999999999,13.703999999999999,12.5225,32.44552047112897,10712000.9,12.379833333333332,False,True,15.36
2024-10-29,14.08,15.3,14.0,14.98,32877066.0,517499764.0,808161403.0,0.04068131177504403,13.963999999999999,13.710999999999999,13.813500000000001,12.569166666666668,58.92420517727657,11764809.7,12.402833333333332,False,False,15.36
2024-10-30,14.99,15.02,13.85,14.05,28419904.0,431902796.0,808161403.0,0.0351661238639975,14.05,13.776000000000002,13.884,12.603333333333333,49.08350291503685,12499821.0,12.426333333333334,False,False,15.36
2024-10-31,14.14,14.24,13.57,13.89,18850016.0,277973973.0,808161403.0,0.023324568495880025,14.114,13.841,13.915000000000001,12.636666666666665,53.43680692946446,12964424.9,12.454166666666667,False,False,15.36
2024-11-01,13.73,13.83,13.4,13.41,14638969.0,212840752.0,808161403.0,0.018113917523972622,14.047999999999998,13.825999999999999,13.898,12.649666666666665,44.15584402203857,13140498.3,12.488,True,False,15.36
2024-11-04,13.47,13.75,13.47,13.7,9843937.0,143434714.0,808161403.0,0.01218065718488662,14.006,13.857,13.845500000000001,12.671333333333333,52.595936628364974,12630354.85,12.5225,True,True,15.36
2024-11-05,13.71,14.07,13.69,14.02,14341317.0,213112459.0,808161403.0,0.017745609907579316,13.813999999999998,13.889000000000001,13.7785,12.7005,56.623931454543786,12157832.85,12.569166666666668,True,True,15.36
2024-11-06,14.02,14.03,13.67,13.77,15249915.0,225781478.0,808161403.0,0.018869887801360393,13.758000000000001,13.904,13.754499999999998,12.731166666666667,55.55555539249942,12198511.85,12.603333333333333,False,True,14.98
2024-11-07,13.64,14.17,13.53,14.17,16083703.0,239653441.0,808161403.0,0.01990159755253741,13.813999999999998,13.964000000000002,13.756,12.764999999999999,56.2886596313317,12478718.2,12.636666666666665,False,False,14.98
2024-11-08,14.31,14.42,13.95,14.19,17827407.0,270274374.0,808161403.0,0.022059216059839473,13.969999999999999,14.009,13.7865,12.803166666666666,58.51063812358532,12867452.55,12.649666666666665,False,False,14.98
2024-11-11,14.17,14.25,14.04,14.24,11527390.0,174351339.0,808161403.0,0.01426372251534017,14.078,14.042000000000002,13.801000000000002,12.838166666666666,56.08108090424886,12999812.15,12.671333333333333,False,False,14.98
2024-11-12,14.29,14.57,14.13,14.27,17006866.0,261181636.0,808161403.0,0.021043897836333567,14.128,13.971,13.841,12.876333333333331,57.40318888299667,13438897.25,12.7005,False,False,14.98
2024-11-13,14.22,14.31,13.99,14.21,8815241.0,133471056.0,808161403.0,0.010907772837550372,14.216,13.987,13.881499999999999,12.913333333333332,57.27272709049588,13587601.3,12.731166666666667,False,False,14.98
2024-11-14,14.21,14.25,13.87,13.94,9600051.0,144332618.0,808161403.0,0.011878878358163808,14.169999999999998,13.991999999999999,13.9165,12.946833333333332,52.222222059753086,13738683.85,12.764999999999999,False,False,14.98
2024-11-15,13.9,14.08,13.77,13.78,7882354.0,117339491.0,808161403.0,0.009753440303805254,14.088,14.029,13.9275,12.9815,48.55233837867867,13624982.45,12.803166666666666,False,False,14.98
2024-11-18,13.83,13.89,13.5,13.6,8274832.0,121154606.0,808161403.0,0.01023908339260295,13.959999999999999,14.019,13.938000000000002,13.011833333333334,30.833333213425917,13535355.1,12.838166666666666,True,False,14.98
2024-11-19,13.63,13.91,13.61,13.89,6935211.0,102273186.0,808161403.0,0.008581467729410978,13.884,14.006,13.9475,13.048333333333336,47.29729707359387,13426120.45,12.876333333333331,True,True,14.98
2024-11-20,13.89,14.0,13.8,13.96,6840253.0,101705009.0,808161403.0,0.008463968923296874,13.834,14.025,13.964500000000001,13.084333333333332,51.21951194527069,13370644.5,12.913333333333332,True,True,14.98
2024-11-21,14.01,14.03,13.59,13.76,8895720.0,130801241.0,808161403.0,0.01100735566803603,13.797999999999998,13.984,13.973999999999998,13.119666666666665,56.75675644996346,13555515.0,12.946833333333332,True,True,14.98
2024-11-22,13.75,13.87,13.2,13.2,11097021.0,160439250.0,808161403.0,0.013731193990218313,13.681999999999999,13.885,13.947000000000003,13.147,41.258741056775406,13681480.05,12.9815,True,True,14.98
2024-11-25,13.24,13.4,13.06,13.23,6123225.0,86498734.0,808161403.0,0.007576735262621791,13.608,13.784,13.913,13.174000000000001,34.630350005904745,13556519.9,13.011833333333334,True,True,14.98
2024-11-26,13.19,13.32,13.16,13.18,4296064.0,60743298.0,808161403.0,0.005315849017352788,13.466,13.675,13.822999999999999,13.196333333333333,37.552742394203236,12127469.8,13.048333333333336,True,True,14.98
2024-11-27,13.14,13.51,13.0,13.51,6838771.0,97250307.0,808161403.0,0.008462135131192351,13.376,13.604999999999999,13.795999999999998,13.223833333333333,35.652173696030275,11048413.15,13.084333333333332,True,True,14.27
2024-11-28,13.51,13.55,13.32,13.36,5269749.0,75594013.0,808161403.0,0.006520664041165549,13.295999999999998,13.547,13.769499999999999,13.251166666666666,32.92181050991552,10369399.8,13.119666666666665,True,True,14.27
2024-11-29,13.27,13.66,13.26,13.58,6491422.0,94055617.0,808161403.0,0.008032333610468156,13.372,13.526999999999997,13.778,13.281,37.30769210680475,9962022.45,13.147,True,True,14.27
2024-12-02,13.59,13.75,13.5,13.7,6948621.0,101605541.0,808161403.0,0.008598060949466056,13.466,13.537,13.777999999999997,13.311166666666667,39.40520425588371,9817256.65,13.174000000000001,True,True,14.27
2024-12-03,13.7,13.73,13.5,13.71,6676800.0,97123244.0,808161403.0,0.008261716007736638,13.572,13.519,13.7625,13.338666666666665,40.53030281536964,9434030.8,13.196333333333333,True,True,14.27
2024-12-04,13.63,13.86,13.56,13.62,5696859.0,83380022.0,808161403.0,0.007049159955984683,13.594,13.485,13.755,13.370833333333334,43.49593471181178,8956378.0,13.223833333333333,True,True,14.27
2024-12-05,13.53,13.68,13.44,13.61,3649504.0,52942976.0,808161403.0,0.004515810810133431,13.644,13.469999999999999,13.726999999999999,13.400666666666666,46.320346039616965,8334668.05,13.251166666666666,True,True,14.27
2024-12-06,13.61,13.81,13.57,13.79,6994836.0,102618145.0,808161403.0,0.008655246308514934,13.685999999999998,13.529,13.706999999999999,13.434333333333333,54.112553784599214,7793039.5,13.281,True,True,14.27
2024-12-09,13.83,14.06,13.76,13.91,8387591.0,124804236.0,808161403.0,0.010378608739373315,13.728,13.597,13.6905,13.467000000000002,50.467289389466316,7636049.55,13.311166666666667,False,True,14.27
2024-12-10,14.21,14.29,13.86,13.89,13815906.0,208386452.0,808161403.0,0.0170954786367099,13.764000000000001,13.668000000000001,13.6715,13.5025,48.325358527964106,7476501.55,13.338666666666665,False,False,14.27
2024-12-11,13.87,14.18,13.85,14.11,7608976.0,114705473.0,808161403.0,0.009415168766727159,13.862,13.728,13.666500000000003,13.545666666666667,58.29383847577545,7416188.3,13.370833333333334,False,False,14.21
2024-12-12,14.16,14.32,14.08,14.31,8117700.0,123249770.0,808161403.0,0.010044651934460176,14.001999999999999,13.822999999999999,13.685000000000002,13.591000000000001,81.71428506057137,7342070.75,13.400666666666666,False,False,14.11
2024-12-13,14.31,14.32,13.98,13.99,8545388.0,128830816.0,808161403.0,0.010573863052947606,14.041999999999998,13.863999999999999,13.6955,13.625333333333334,68.62745050941942,7375222.45,13.434333333333333,False,False,14.31
2024-12-16,14.0,14.1,13.81,13.91,6700200.0,99611244.0,808161403.0,0.008290670619913286,14.042000000000002,13.885,13.710999999999999,13.661333333333333,67.63284978412563,7296490.85,13.467000000000002,False,False,14.31
2024-12-17,13.88,14.07,13.76,13.85,6211267.0,92174041.0,808161403.0,0.007685676372248131,14.034,13.899000000000001,13.709,13.697833333333334,59.44444398209875,7260293.65,13.5025,False,False,14.31
2024-12-18,13.8,13.95,13.78,13.84,4053010.0,60086384.0,808161403.0,0.005015099687951814,13.98,13.921000000000001,13.703,13.730833333333333,64.45783078168093,7120931.5,13.545666666666667,False,False,14.31
2024-12-19,13.77,13.86,13.55,13.86,6134901.0,89888180.0,808161403.0,0.007591182871671985,13.89,13.946000000000002,13.708000000000002,13.750833333333334,59.58904052448862,6982890.55,13.591000000000001,False,False,14.31
2024-12-20,13.84,14.26,13.79,13.98,8297681.0,124770311.0,808161403.0,0.010267356210279199,13.888,13.965,13.747000000000003,13.775,59.58904052448867,6842923.55,13.625333333333334,False,False,14.31
2024-12-23,14.0,14.31,13.97,14.12,11963746.0,180805954.0,808161403.0,0.014803659214098845,13.930000000000001,13.985999999999999,13.7915,13.802833333333332,62.893081207230665,7134949.6,13.661333333333333,False,False,14.31
2024-12-24,14.1,14.49,14.1,14.43,14494647.0,222689412.0,808161403.0,0.017935336859931678,14.046000000000001,14.040000000000001,13.854,13.830166666666667,72.37569004792284,7644878.75,13.697833333333334,False,False,14.31
2024-12-25,14.43,14.43,14.14,14.27,8537800.0,130189999.0,808161403.0,0.010564473839392203,14.132,14.056000000000001,13.892000000000001,13.857333333333333,66.83673421647231,7729830.2,13.730833333333333,False,False,14.43
2024-12-26,14.27,14.32,14.15,14.25,7049400.0,107187767.0,808161403.0,0.00872276252470325,14.209999999999999,14.05,13.9365,13.873666666666667,62.77777728950619,7818812.75,13.750833333333334,False,False,14.43
2024-12-27,14.18,14.27,14.02,14.17,7805132.0,118108543.0,808161403.0,0.009657887608869141,14.248,14.068000000000001,13.966,13.880666666666665,57.3863631798812,7884498.25,13.775,False,False,14.43
2024-12-30,14.07,14.3,14.06,14.17,5859440.0,89046399.0,808161403.0,0.007250333879159532,14.258000000000001,14.094,13.989500000000001,13.871,58.04597654445764,7830039.2,13.802833333333332,False,False,14.43
2024-12-31,14.19,14.34,14.01,14.03,8574316.0,129560982.0,808161403.0,0.010609657882906838,14.178,14.112,14.005500000000001,13.848833333333333,47.590361044418636,7924915.0,13.830166666666667,False,False,14.43
2025-01-02,13.99,14.42,13.89,14.02,13084890.0,197970824.0,808161403.0,0.016190936552311446,14.128,14.13,14.0255,13.844999999999999,40.136054039520545,8294316.55,13.857333333333333,False,False,14.43
2025-01-03,14.03,14.36,13.7,13.76,13440149.0,201799165.0,808161403.0,0.01663052572185262,14.029999999999998,14.12,14.033000000000001,13.838666666666665,41.84397121573361,8783848.8,13.873666666666667,True,False,14.43
2025-01-06,13.65,14.2,13.61,13.97,10394516.0,154966031.0,808161403.0,0.012861930749741584,13.989999999999998,14.119,14.042000000000002,13.845166666666668,51.94805147579695,8953832.8,13.880666666666665,True,True,14.43
2025-01-07,14.02,14.68,13.85,14.53,22057657.0,340806490.0,808161403.0,0.027293628374380558,14.062000000000001,14.16,14.072999999999999,13.854833333333334,66.66666620915032,9637336.1,13.871,True,True,14.43
2025-01-08,14.5,14.86,14.34,14.79,22696215.0,354750369.0,808161403.0,0.02808376509413677,14.213999999999999,14.196000000000002,14.118,13.876833333333334,70.74235764611657,10081351.55,13.848833333333333,False,True,14.53
2025-01-09,14.69,14.78,14.4,14.61,14215921.0,222095353.0,808161403.0,0.017590447832856973,14.331999999999999,14.23,14.142999999999997,13.896999999999998,65.30612207580175,10411698.8,13.844999999999999,False,False,14.79
2025-01-10,14.59,14.63,14.14,14.16,14004600.0,214215334.0,808161403.0,0.017328964174746664,14.412,14.221,14.135499999999999,13.912333333333333,53.23740980384038,10706043.8,13.838666666666665,False,False,14.79
2025-01-13,13.96,14.1,13.56,13.62,12492905.0,183624740.0,808161403.0,0.01545842817242288,14.341999999999999,14.166,14.117,13.913333333333334,42.1383645943594,10903419.65,13.845166666666668,False,False,14.79
2025-01-14,13.62,14.25,13.56,14.25,12958094.0,193795946.0,808161403.0,0.016034042150364858,14.285999999999998,14.174000000000001,14.134,13.927666666666669,47.428571238857145,11216314.35,13.854833333333334,True,False,14.79
2025-01-15,14.22,14.4,14.06,14.21,10282965.0,156306048.0,808161403.0,0.012723900153890423,14.169999999999998,14.191999999999998,14.151999999999997,13.936166666666667,49.11242583207873,11419899.25,13.876833333333334,False,True,14.79
2025-01-16,14.26,14.84,14.25,14.45,16236531.0,252987787.0,808161403.0,0.020090703341842223,14.138,14.235,14.1825,13.95,52.77777757253086,12029075.3,13.896999999999998,False,False,14.79
2025-01-17,14.37,14.6,14.18,14.54,8950249.0,137896265.0,808161403.0,0.011074828576043739,14.213999999999999,14.312999999999999,14.2165,13.966166666666664,55.12465352583236,12169842.7,13.912333333333333,False,False,14.79
2025-01-20,14.67,14.86,14.58,14.74,10701988.0,168720826.0,808161403.0,0.013242389404236372,14.437999999999999,14.389999999999997,14.254500000000002,13.982833333333334,57.48031474941617,12290058.05,13.913333333333334,False,False,14.79
2025-01-21,14.71,14.78,14.38,14.58,8146800.0,126628228.0,808161403.0,0.010080659593192673,14.504,14.395000000000001,14.2775,13.994,57.18015644894983,12099210.75,13.927666666666669,False,False,14.79
2025-01-22,14.52,14.6,14.23,14.44,6801423.0,104571839.0,808161403.0,0.00841592159035588,14.55,14.36,14.278,13.984999999999998,55.303030107514545,11714549.55,13.936166666666667,False,False,14.79
2025-01-23,14.64,14.7,14.37,14.38,7972765.0,123703064.0,808161403.0,0.009865312758570333,14.536000000000001,14.337,14.283499999999998,13.990499999999999,58.244680634195355,11686297.8,13.95,False,False,14.79
2025-01-24,14.34,14.59,14.32,14.55,6739074.0,104424500.0,808161403.0,0.008338772397424182,14.538,14.376000000000001,14.298499999999999,14.0015,57.795698707220495,11670781.5,13.966166666666664,False,False,14.79
2025-01-27,14.55,14.72,14.51,14.64,7325098.0,114563432.0,808161403.0,0.009063904775467235,14.518,14.478,14.322,14.022,51.69230746963316,11646779.8,13.982833333333334,False,False,14.79
2025-02-05,14.69,14.73,13.99,13.99,12428903.0,188810535.0,808161403.0,0.015379233595989984,14.4,14.452000000000002,14.312999999999999,14.026833333333334,39.01098886094675,11975252.95,13.994,False,False,14.79
2025-02-06,14.02,14.18,13.93,14.14,12903686.0,194012559.0,808161403.0,0.015966718964924388,14.34,14.444999999999999,14.3185,14.028833333333333,43.49030454048083,12191721.45,13.984999999999998,True,False,14.79
2025-02-07,14.15,14.53,13.99,14.36,12485820.0,191345039.0,808161403.0,0.015449661359291617,14.336000000000002,14.436000000000002,14.3355,14.038666666666668,52.95857966230174,12161767.95,13.990499999999999,True,True,14.79
2025-02-10,14.36,14.39,14.15,14.18,9042980.0,137572095.0,808161403.0,0.011189571744494708,14.262,14.4,14.3565,14.038833333333333,59.271522904039315,11941909.5,14.0015,False,True,14.79
2025-02-11,14.27,14.42,14.07,14.3,7105653.0,108078184.0,808161403.0,0.008792368669949955,14.193999999999999,14.356,14.373,14.040666666666668,50.99601565181507,11777466.35,14.022,True,False,14.79
2025-02-12,14.31,14.43,14.17,14.31,6606247.0,100873674.0,808161403.0,0.00817441537727087,14.258000000000001,14.328999999999999,14.362,14.041833333333333,52.016128738618626,11004895.85,14.026833333333334,True,True,14.79
2025-02-13,14.31,14.45,14.04,14.08,9818404.0,149138520.0,808161403.0,0.012149063248446177,14.246,14.293000000000001,14.3265,14.038666666666668,42.51012121654185,10361005.3,14.028833333333333,True,True,14.79
2025-02-14,14.05,14.18,13.99,14.03,7513116.0,112981388.0,808161403.0,0.009296553846930004,14.180000000000001,14.258000000000001,14.297500000000003,14.035666666666666,39.506172611898606,10025865.05,14.038666666666668,True,True,14.74
2025-02-17,14.04,14.12,13.83,13.9,11240973.0,167467232.0,808161403.0,0.013909316824921419,14.124,14.192999999999998,14.2845,14.035,32.203389639471425,9887683.7,14.038833333333333,True,True,14.74
2025-02-18,13.9,13.94,13.68,13.75,8263456.0,122077059.0,808161403.0,0.01022500699652938,14.014,14.104,14.291,14.0345,32.340425339248526,9676211.25,14.040666666666668,True,True,14.74
2025-02-19,13.75,13.85,13.62,13.85,6995657.0,102824808.0,808161403.0,0.008656262194694295,13.922,14.09,14.271,14.038666666666666,37.22943700380427,9378089.4,14.041833333333333,True,True,14.74
2025-02-20,14.0,14.48,14.0,14.31,18411526.0,281476180.0,808161403.0,0.022781991235480966,13.968,14.107,14.276000000000002,14.045666666666667,48.708486833240286,9784517.45,14.038666666666668,True,True,14.74
2025-02-21,14.3,14.65,14.23,14.52,14006592.0,215710648.0,808161403.0,0.017331429028911445,14.065999999999999,14.123,14.279500000000002,14.055000000000001,49.454545202776835,9673020.5,14.035666666666666,False,True,14.74
2025-02-24,14.51,14.66,14.34,14.42,10309500.0,159784531.0,808161403.0,0.012756733941672788,14.169999999999998,14.147,14.273500000000002,14.066,46.01449252021633,9740983.05,14.035,False,False,14.74
2025-02-25,14.31,14.41,14.12,14.2,8354448.0,127347681.0,808161403.0,0.01033759836709252,14.26,14.137,14.246500000000001,14.082666666666666,54.50643744073383,9623606.05,14.0345,False,False,14.74
2025-02-26,14.21,14.41,14.21,14.31,5425400.0,83010790.0,808161403.0,0.006713262944580391,14.352,14.137,14.233,14.100666666666665,53.71179006464408,9487536.05,14.038666666666666,True,False,14.64
2025-02-27,14.36,14.46,14.24,14.43,7043700.0,108114021.0,808161403.0,0.008715709478147399,14.376,14.172,14.232500000000002,14.121500000000001,51.5981731861304,9499649.9,14.045666666666667,False,True,14.64
2025-02-28,14.43,15.43,14.43,14.81,22332800.0,357888754.0,808161403.0,0.027634083881137788,14.434000000000001,14.25,14.254000000000001,14.143166666666668,63.17991594790008,10217651.65,14.055000000000001,False,False,14.64
2025-03-03,14.81,15.14,14.74,14.83,14047430.0,224284697.0,808161403.0,0.017381961014042636,14.516,14.343,14.268,14.167666666666667,61.57205202532368,10583069.45,14.066,False,False,14.81
2025-03-04,14.72,15.23,14.62,15.04,13118324.0,210396992.0,808161403.0,0.016232307001179565,14.684000000000001,14.472,14.288,14.192,64.65863417461006,10872730.75,14.082666666666666,False,False,14.83
2025-03-05,15.06,15.34,14.9,15.07,16319569.0,263527796.0,808161403.0,0.02019345261901848,14.835999999999999,14.594,14.342000000000002,14.214833333333335,71.6157200861921,11067264.05,14.100666666666665,False,False,15.04
2025-03-06,15.14,15.67,14.98,15.41,20611807.0,337145442.0,808161403.0,0.02550456743354273,15.032,14.703999999999999,14.4055,14.243166666666667,76.74418563007032,11452670.1,14.121500000000001,False,False,15.07
2025-03-07,15.37,15.63,15.15,15.3,15730852.0,258064012.0,808161403.0,0.019464987985821938,15.129999999999999,14.782,14.4525,14.271166666666666,77.34374957702637,11614921.7,14.143166666666668,False,False,15.41
2025-03-10,15.19,15.88,15.12,15.83,20482492.0,341172357.0,808161403.0,0.02534455607996909,15.330000000000002,14.923000000000002,14.535,14.308166666666667,85.37414925332038,12186897.3,14.167666666666667,False,False,15.41
2025-03-11,15.62,15.9,15.55,15.73,11549001.0,193703922.0,808161403.0,0.014290463460799551,15.468,15.076000000000002,14.6065,14.3405,81.97278872529967,12409064.7,14.192,False,False,15.83
2025-03-12,15.74,15.8,15.44,15.46,10999978.0,183424506.0,808161403.0,0.013611115253916674,15.546000000000001,15.191000000000003,14.663999999999998,14.366333333333332,70.90909054809919,12628751.25,14.214833333333335,False,False,15.83
2025-03-13,15.52,15.6,15.3,15.45,8444262.0,139336558.0,808161403.0,0.010448732108034117,15.554000000000002,15.293000000000001,14.732499999999998,14.392333333333333,68.23529374302191,12560044.15,14.243166666666667,False,False,15.83
2025-03-14,15.43,15.86,15.4,15.72,10118969.0,169229054.0,808161403.0,0.0125209753428425,15.638,15.384,14.816999999999998,14.419166666666666,73.89705844317689,12690336.8,14.271166666666666,False,False,15.83
2025-03-17,15.71,15.84,15.59,15.59,7877858.0,131939076.0,808161403.0,0.009747877058662254,15.59,15.459999999999999,14.901499999999999,14.440499999999998,76.42585510647832,12522181.05,14.308166666666667,False,False,15.83
2025-03-18,15.68,15.68,15.34,15.48,11239733.0,185762761.0,808161403.0,0.013907782477951375,15.540000000000001,15.504,14.988,14.465333333333332,72.24334562303922,12670994.9,14.3405,False,False,15.83
2025-03-19,15.44,15.5,15.32,15.39,6749957.0,111008301.0,808161403.0,0.0083522387668395,15.526000000000002,15.536000000000001,15.064999999999998,14.49,68.46153809289942,12658709.9,14.366333333333332,False,False,15.83
2025-03-20,15.39,15.45,15.22,15.25,6655886.0,109199027.0,808161403.0,0.008235837513759612,15.486,15.520000000000001,15.111999999999998,14.513333333333332,59.32203354639471,12070927.9,14.392333333333333,False,False,15.83
2025-03-21,15.24,15.54,15.22,15.29,7004469.0,114858059.0,808161403.0,0.008667165957194321,15.4,15.519,15.1505,14.5375,59.663865195254544,11720821.75,14.419166666666666,False,False,15.83
2025-03-24,15.43,15.59,15.28,15.47,9474169.0,156433531.0,808161403.0,0.011723114918419335,15.376,15.483,15.203,14.564333333333334,59.14893581783615,11679055.2,14.440499999999998,False,False,15.83
2025-03-25,15.44,15.55,15.31,15.39,5969771.0,98280461.0,808161403.0,0.007386854875572424,15.358,15.449000000000002,15.2625,14.587833333333334,56.66666633611111,11559821.35,14.465333333333332,False,False,15.83
2025-03-26,15.3,15.41,15.14,15.17,5956033.0,96818458.0,808161403.0,0.007369855795996236,15.314000000000002,15.419999999999998,15.3055,14.605333333333334,44.73684183056326,11586353.0,14.49,False,False,15.83
2025-03-27,15.16,15.22,15.06,15.12,4250635.0,68793057.0,808161403.0,0.005259636236302663,15.288,15.387,15.339999999999998,14.616833333333334,45.94594565619671,11446699.75,14.513333333333332,True,False,15.83
2025-03-28,15.02,15.27,15.02,15.07,4359159.0,70513546.0,808161403.0,0.005393921293219691,15.244,15.322,15.353,14.630166666666668,28.160919313647838,10548017.7,14.5375,True,True,15.83
2025-03-31,14.98,15.31,14.93,15.12,5623275.0,90818377.0,808161403.0,0.006958108837078427,15.174000000000001,15.275,15.367499999999998,14.644666666666666,31.95266245719688,10126809.95,14.564333333333334,True,True,15.83
2025-04-01,15.11,15.22,14.99,15.06,4665063.0,75270869.0,808161403.0,0.005772439741223326,15.108,15.233,15.368500000000001,14.659500000000001,36.48648614134406,9704146.9,14.587833333333334,True,True,15.83
2025-04-02,15.14,15.29,15.0,15.22,3673043.0,59655416.0,808161403.0,0.004544937417655913,15.118,15.216,15.376,14.677,42.944784907222754,9071820.6,14.605333333333334,True,True,15.83
2025-04-03,15.02,15.02,13.98,14.0,18502337.0,282304538.0,808161403.0,0.022894358640881542,14.894,15.091,15.3055,14.6765,16.66666657622737,8966347.1,14.616833333333334,True,True,15.83
2025-04-07,12.82,13.29,12.6,12.6,9106665.0,123999172.0,808161403.0,0.011268374072548971,14.4,14.822,15.1705,14.652833333333335,11.168831128217235,8635137.75,14.630166666666668,True,True,15.83
2025-04-08,12.17,12.41,11.65,11.99,16077878.0,205029216.0,808161403.0,0.01989438983390797,13.774000000000001,14.474,14.9785,14.623333333333333,9.885057439450378,8414907.05,14.644666666666666,True,True,15.83
2025-04-09,11.71,11.96,11.27,11.87,11516281.0,144178749.0,808161403.0,0.014249976498815793,13.136,14.122,14.785499999999999,14.588333333333333,9.817351566793846,8413271.05,14.659500000000001,True,True,15.73
2025-04-10,12.62,12.78,12.36,12.41,12757254.0,170875378.0,808161403.0,0.01578552743628119,12.574,13.846,14.633000000000001,14.553,20.29288696985347,8501134.85,14.677,True,True,15.72
2025-04-11,12.28,12.67,12.16,12.51,7319947.0,97052788.0,808161403.0,0.009057531048658606,12.276,13.584999999999999,14.486,14.514999999999999,21.28099167398061,8444919.1,14.6765,True,True,15.72
2025-04-14,12.73,12.78,12.25,12.37,10154400.0,135264403.0,808161403.0,0.012564816832758344,12.23,13.315000000000001,14.3185,14.477666666666668,17.708333281684006,8446690.65,14.652833333333335,True,True,15.72
2025-04-15,12.39,12.39,12.15,12.29,6070397.0,79589690.0,808161403.0,0.007511367132191539,12.290000000000001,13.032,14.153500000000003,14.446499999999999,17.708333281684006,8356317.6,14.623333333333333,True,True,15.59
2025-04-16,12.21,12.24,11.8,11.92,9803473.0,125191510.0,808161403.0,0.012130587978599616,12.299999999999999,12.718,13.9755,14.418166666666666,17.1717171231507,8284504.6,14.588333333333333,True,True,15.48
2025-04-17,11.89,12.09,11.84,11.97,3956013.0,50670335.0,808161403.0,0.0048950778709732565,12.212,12.392999999999999,13.8045,14.380166666666666,18.181818130394873,8144807.4,14.553,True,True,15.47
2025-04-18,11.95,12.08,11.85,12.03,3968035.0,50752916.0,808161403.0,0.0049099536123231565,12.116,12.196,13.6435,14.343833333333333,19.354838655046805,8010414.85,14.514999999999999,True,True,15.47
2025-04-21,12.05,12.26,11.96,12.25,5029800.0,65250755.0,808161403.0,0.00622375676607263,12.091999999999999,12.161,13.491499999999998,14.307166666666665,22.02729038822963,7911681.4,14.477666666666668,True,True,15.47
2025-04-22,12.25,12.25,12.07,12.14,4667646.0,60614508.0,808161403.0,0.0057756358849520555,12.062000000000001,12.175999999999998,13.325,14.267166666666668,21.81467175571325,7671355.25,14.446499999999999,True,True,15.47
2025-04-23,12.32,12.56,12.32,12.44,9227623.0,122715381.0,808161403.0,0.011418044669970462,12.166,12.233,13.1775,14.228833333333334,23.872180388306276,7834247.85,14.418166666666666,True,True,15.39
2025-04-24,12.47,12.66,12.37,12.4,5794700.0,77408628.0,808161403.0,0.007170226118804142,12.252,12.232,13.038999999999998,14.192499999999999,30.676328398679075,7826181.2,14.380166666666666,True,True,15.22
2025-04-25,12.4,12.57,12.4,12.47,4873328.0,65173522.0,808161403.0,0.006030141976478429,12.34,12.228,12.9065,14.159666666666668,47.68683250262791,7857315.85,14.343833333333333,True,True,15.22
2025-04-28,12.46,12.52,12.1,12.16,6238800.0,81334566.0,808161403.0,0.007719745061866064,12.322,12.206999999999999,12.761,14.122666666666667,53.38645388549389,7951297.9,14.307166666666665,True,True,15.22
2025-04-29,12.53,13.05,12.49,12.68,12281545.0,166941759.0,808161403.0,0.01519689625662561,12.430000000000001,12.246,12.639,14.0915,63.9175254656889,8284211.4,14.267166666666668,True,True,15.22
2025-04-30,12.69,13.08,12.69,12.93,8356025.0,115364324.0,808161403.0,0.010339549709972971,12.528,12.347,12.5325,14.062999999999999,59.92366380193462,8468759.5,14.228833333333334,False,True,15.22
2025-05-06,13.08,13.13,12.93,13.13,8064507.0,112555135.0,808161403.0,0.009978832161575031,12.674,12.463000000000001,12.428,14.048666666666666,61.39705850751517,8688332.7,14.192499999999999,False,False,15.22
2025-05-07,13.38,13.42,13.08,13.14,7476700.0,105512107.0,808161403.0,0.009251493541074246,12.808000000000002,12.574000000000002,12.385,14.032,64.864864514244,8137050.85,14.159666666666668,False,False,14.0
2025-05-08,13.12,13.45,13.05,13.37,6191836.0,88055937.0,808161403.0,0.007661632907752215,13.05,12.686,12.4235,14.0155,69.7080288409079,7991309.4,14.122666666666667,False,False,13.14
2025-05-09,13.33,13.44,13.14,13.17,7585864.0,107304504.0,808161403.0,0.00938657051900807,13.148,12.789,12.4825,13.998666666666669,74.319065743009,7566708.7,14.0915,False,False,13.37
2025-05-12,13.52,14.01,13.46,13.87,14168336.0,208885966.0,808161403.0,0.017531567267881513,13.336000000000002,12.931999999999999,12.5825,13.9915,79.50310524439647,7699311.45,14.062999999999999,False,False,13.37
2025-05-13,14.25,14.26,13.83,13.97,10599117.0,158662036.0,808161403.0,0.013115099237175522,13.504,13.088999999999999,12.660499999999999,13.985833333333334,79.75460088448948,7591404.6,14.048666666666666,False,False,13.87
2025-05-14,13.83,14.12,13.7,13.97,6725900.0,100082408.0,808161403.0,0.008322471198244048,13.669999999999998,13.238999999999999,12.733500000000001,13.984,78.28947332366694,7561702.25,14.032,False,False,13.97
2025-05-15,13.98,14.0,13.8,13.9,5608717.0,83368130.0,808161403.0,0.006940095108699468,13.776,13.413,12.809999999999999,13.981833333333332,79.33333296311113,7334418.1,14.0155,False,False,13.97
2025-05-16,13.89,13.95,13.78,13.79,4646800.0,68875756.0,808161403.0,0.005749841532583065,13.9,13.524000000000001,12.885,13.98,74.0213519443776,7263238.25,13.998666666666669,False,False,13.97
2025-05-19,13.76,13.85,13.64,13.78,3661541.0,53740492.0,808161403.0,0.0045307051121321615,13.882,13.609,12.978,13.980500000000001,74.82014350809996,6956141.65,13.9915,False,False,13.97
2025-05-20,13.78,13.85,13.66,13.77,3248163.0,47749629.0,808161403.0,0.004019200852629682,13.841999999999999,13.672999999999998,13.068000000000001,13.979166666666666,73.89705844317687,6920749.15,13.985833333333334,False,False,13.97
2025-05-21,13.76,13.8,13.67,13.74,3757863.0,55121904.0,808161403.0,0.004649891699913315,13.796000000000001,13.732999999999999,13.1535,13.969666666666665,82.37704870767269,6910240.55,13.984,False,False,13.97
2025-05-22,13.71,13.82,13.56,13.61,4265556.0,62334988.0,808161403.0,0.005278099132383337,13.738,13.757,13.2215,13.9545,72.68292633289707,6872028.35,13.981833333333332,False,False,13.97
2025-05-23,13.61,13.73,13.42,13.42,3727067.0,54052091.0,808161403.0,0.004611785450486306,13.663999999999998,13.782,13.285499999999999,13.937833333333334,62.31155735057197,6824999.4,13.98,False,False,13.97
2025-05-26,13.44,13.52,13.28,13.38,3503091.0,50173695.0,808161403.0,0.004334642791645421,13.584,13.732999999999999,13.3325,13.924166666666666,56.830600658126556,6538772.8,13.980500000000001,False,False,13.97
2025-05-27,13.44,13.46,13.1,13.36,3100800.0,44241494.0,808161403.0,0.003836857326382364,13.502,13.672,13.380500000000001,13.908333333333333,55.978260443643634,6404077.8,13.979166666666666,False,False,13.97
2025-05-28,13.38,13.46,13.29,13.39,2953556.0,42178449.0,808161403.0,0.003654661047949106,13.431999999999999,13.613999999999999,13.426499999999999,13.890999999999998,50.60975566552652,6308089.2,13.969666666666665,True,False,13.97
2025-05-29,13.45,13.61,13.41,13.55,5221028.0,75353685.0,808161403.0,0.006460377816385275,13.420000000000002,13.578999999999999,13.495999999999999,13.870000000000001,61.874999458593756,6257200.6,13.9545,True,True,13.97
2025-05-30,13.53,13.53,13.25,13.26,4141700.0,59020542.0,808161403.0,0.005124842617607661,13.388,13.526,13.525,13.843833333333333,24.36974761245689,5850208.35,13.937833333333334,False,True,13.97
2025-06-03,13.19,13.29,13.11,13.25,4453883.0,62856177.0,808161403.0,0.0055111305532120295,13.362,13.472999999999999,13.541,13.814,17.27272705289262,5655101.25,13.924166666666666,True,False,13.97
2025-06-04,13.28,13.46,13.26,13.42,3271098.0,46823444.0,808161403.0,0.004047580084692562,13.374,13.437999999999999,13.5555,13.786499999999998,28.346456380432784,5415430.8,13.908333333333333,True,True,13.97
2025-06-05,13.39,13.5,13.36,13.42,2880978.0,41384513.0,808161403.0,0.003564854729891128,13.38,13.406,13.5695,13.753333333333332,29.999999650000035,5185644.7,13.890999999999998,True,True,13.97
2025-06-06,13.42,13.47,13.28,13.42,3465793.0,49544541.0,808161403.0,0.004288491119638387,13.354,13.387,13.572,13.722000000000001,33.02752251157317,5049342.55,13.870000000000001,True,True,13.97
2025-06-09,13.42,13.56,13.39,13.52,4584784.0,66041842.0,808161403.0,0.005673104386055418,13.406,13.397,13.589500000000001,13.6835,38.98305038494688,4899288.55,13.843833333333333,True,True,13.97
2025-06-10,13.52,13.64,13.27,13.42,3816300.0,54908714.0,808161403.0,0.004722200275629842,13.439999999999998,13.401,13.567000000000002,13.645,36.22047204166412,4381686.75,13.814,True,True,13.97
2025-06-11,13.46,13.63,13.44,13.56,3823710.0,53680091.0,808161403.0,0.0047313692361524474,13.468,13.421000000000001,13.5465,13.613333333333335,43.47826042848144,4042916.4,13.786499999999998,True,True,13.97
2025-06-12,13.59,13.61,13.32,13.52,3995800.0,55642423.0,808161403.0,0.0049443093733096775,13.488,13.434000000000001,13.524000000000001,13.581166666666666,46.51162740219941,3906411.4,13.753333333333332,False,True,13.97
2025-06-13,13.42,13.46,13.1,13.24,5404500.0,74132976.0,808161403.0,0.006687401773875608,13.451999999999998,13.403,13.491,13.539833333333332,43.47826042848144,3896200.55,13.722000000000001,True,False,13.9
2025-06-16,13.24,13.4,13.21,13.3,3304709.0,45647463.0,808161403.0,0.004089169549216891,13.408000000000001,13.407,13.466500000000002,13.501666666666667,47.14285667142858,3829096.0,13.6835,True,True,13.79
2025-06-17,13.35,13.35,13.15,13.25,2756697.0,37784258.0,808161403.0,0.003411072330065236,13.374,13.407,13.440000000000001,13.4645,46.15384570199035,3783853.8,13.645,True,True,13.78
2025-06-18,13.25,13.3,13.04,13.07,3337071.0,45421723.0,808161403.0,0.004129213530381876,13.276,13.372,13.405000000000001,13.425833333333335,39.873417368210234,3788299.2,13.613333333333335,True,True,13.77
2025-06-19,13.07,13.17,12.91,13.11,4703900.0,63566546.0,808161403.0,0.005820495735800439,13.193999999999999,13.341,13.373499999999998,13.390166666666667,34.93150651435539,3835601.05,13.581166666666666,True,True,13.74
2025-06-20,13.06,13.18,12.98,13.04,3595444.0,48608999.0,808161403.0,0.0044489182317458435,13.154,13.303,13.345000000000002,13.352666666666666,41.12903179370445,3802095.45,13.539833333333332,True,True,13.61
2025-06-23,12.97,13.03,12.85,12.95,3125793.0,41882723.0,808161403.0,0.0038677830794648827,13.084,13.245999999999999,13.3215,13.310666666666666,38.636363226584,3772031.75,13.501666666666667,True,True,13.56
2025-06-24,13.01,13.3,12.99,13.3,3899857.0,53377507.0,808161403.0,0.004825591751255658,13.094,13.234,13.3175,13.275833333333333,45.9999995706667,3791870.05,13.4645,True,True,13.56
2025-06-25,13.3,14.64,13.21,14.64,25984090.0,384177549.0,808161403.0,0.03215210464585872,13.407999999999998,13.342000000000002,13.381499999999999,13.267,71.47887288707598,4936034.55,13.425833333333335,True,True,13.56
2025-06-26,15.05,15.44,14.6,14.8,42104985.0,651002272.0,808161403.0,0.05209972270848476,13.745999999999999,13.469999999999999,13.452000000000002,13.261666666666667,72.99999965933334,6893606.0,13.390166666666667,False,True,14.64
2025-06-27,14.72,14.77,14.21,14.29,23893871.0,356040749.0,808161403.0,0.029565716589907476,13.996,13.575,13.488999999999999,13.248666666666667,61.29032232901333,7827248.15,13.352666666666666,False,False,14.8
2025-06-30,14.46,14.47,14.07,14.19,16092469.0,236036615.0,808103400.0,0.01991387364537756,14.244,13.664000000000001,13.535499999999999,13.233166666666667,61.29032232901333,8424786.6,13.310666666666666,False,False,14.8
2025-07-01,14.15,14.48,14.06,14.31,18280660.0,269867139.0,808103400.0,0.022621684304261064,14.446000000000002,13.77,13.5885,13.220666666666666,61.06194665048162,9116125.45,13.275833333333333,False,False,14.8
2025-07-02,14.19,14.45,14.07,14.18,13806222.0,203785206.0,808103400.0,0.01708472207888248,14.354000000000003,13.881,13.626499999999998,13.203333333333331,59.482758381391186,9642881.65,13.267,False,False,14.8
2025-07-03,14.15,14.24,14.07,14.15,8846515.0,129591111.0,808103400.0,0.010947256254583263,14.224,13.985,13.663000000000002,13.205833333333334,64.08668702872642,9941158.5,13.261666666666667,False,False,14.8
2025-07-04,14.25,14.29,13.97,14.0,9108603.0,132897786.0,808103400.0,0.011271581087271753,14.166,14.081,13.692000000000002,13.229166666666666,60.54216841940047,10223299.0,13.248666666666667,False,False,14.8
2025-07-07,14.01,14.15,13.95,14.07,6344244.0,92405317.0,808103400.0,0.007850782461749325,14.142000000000001,14.193000000000001,13.719500000000002,13.263833333333334,62.275448840761584,10311272.0,13.233166666666667,False,False,14.8
2025-07-08,14.08,14.2,14.0,14.19,8825732.0,129105988.0,808103400.0,0.010921538011101054,14.118,14.282,13.758000000000001,13.302500000000002,67.07317044541938,10561743.6,13.220666666666666,False,False,14.8
2025-07-09,14.2,14.26,14.01,14.04,7907100.0,115859650.0,808103400.0,0.009784762692497024,14.09,14.222,13.782,13.329666666666666,63.716813896154726,10765913.1,13.203333333333331,False,False,14.8
2025-07-10,14.04,14.11,13.99,14.1,5174548.0,75307344.0,808103400.0,0.006403324129065662,14.080000000000002,14.151999999999997,13.811000000000002,13.356166666666667,65.68047310073176,10824850.5,13.205833333333334,False,False,14.8
2025-07-11,14.07,14.44,14.05,14.2,13116243.0,194041216.0,808103400.0,0.01623089693719888,14.12,14.143,13.859,13.386666666666665,68.43657788846248,11210437.65,13.229166666666666,False,False,14.8
2025-07-14,14.2,14.56,14.2,14.48,13616210.0,203823985.0,808103400.0,0.01684958880262105,14.202000000000002,14.172,13.918000000000001,13.423166666666667,67.7710840515677,11726012.7,13.263833333333334,False,False,14.8
2025-07-15,14.49,14.67,14.3,14.43,10950220.0,163797077.0,808103400.0,0.013550518411381513,14.25,14.184000000000001,13.977,13.465000000000002,44.82758589774078,12135688.85,13.302500000000002,False,False,14.8
2025-07-16,14.39,14.61,14.26,14.35,11168776.0,166420183.0,808103400.0,0.013820973900122187,14.312000000000001,14.200999999999999,14.041,13.504666666666667,38.46153818540434,12527274.1,13.329666666666666,False,False,14.8
2025-07-17,14.35,14.39,14.18,14.28,9074852.0,133892665.0,808103400.0,0.011229815392436166,14.347999999999999,14.213999999999999,14.0995,13.542166666666668,49.668873711679325,12745821.7,13.356166666666667,False,False,14.8
2025-07-18,14.3,14.36,14.2,14.35,8001590.0,118365725.0,808103400.0,0.0099016907984795,14.378,14.249,14.164999999999997,13.577166666666667,55.405404881300214,12966129.0,13.386666666666665,False,False,14.8
2025-07-21,14.36,14.51,14.28,14.51,9681157.0,144469153.0,808103400.0,0.011980096853942206,14.384,14.293000000000001,14.242999999999999,13.616666666666665,56.578946847299136,13293897.2,13.423166666666667,False,False,14.8
2025-07-22,14.51,14.51,14.23,14.41,9496847.0,141255334.0,808103400.0,0.011752019605411881,14.38,14.315000000000001,14.298499999999999,13.6495,57.71812026305122,13573746.7,13.465000000000002,False,False,14.8
2025-07-23,14.36,14.56,14.35,14.37,11172233.0,167294619.0,808103400.0,0.013825251818022298,14.384,14.347999999999999,14.285,13.682333333333334,57.333332798222166,12833153.85,13.504666666666667,False,False,14.8
2025-07-24,14.39,14.56,14.33,14.48,10693480.0,159723513.0,808103400.0,0.013232811543671268,14.424000000000001,14.386,14.269,13.715833333333334,66.4383555273034,11262578.6,13.542166666666668,False,False,14.8
2025-07-25,14.52,14.73,14.43,14.54,10692867.0,161257013.0,808103400.0,0.013232052977378886,14.462,14.419999999999998,14.2815,13.755500000000001,66.20689591248507,10602528.4,13.577166666666667,False,False,14.51
2025-07-28,14.55,14.59,14.38,14.42,8105889.0,121429119.0,808103400.0,0.010030757202605508,14.443999999999999,14.413999999999998,14.293000000000001,13.7845,57.93103392342451,10203199.4,13.616666666666665,False,False,14.54
2025-07-29,14.39,14.41,14.21,14.39,7886903.0,116777941.0,808103400.0,0.009759769603741303,14.440000000000001,14.41,14.297,13.808833333333332,63.157894072022195,9683511.55,13.6495,False,False,14.54
2025-07-30,14.4,14.64,14.31,14.57,12547383.0,188921734.0,808103400.0,0.015526952367729179,14.479999999999999,14.432000000000002,14.3165,13.832833333333333,66.20689591248515,9620569.6,13.682333333333334,False,False,14.54
2025-07-31,14.54,14.57,14.22,14.26,9127206.0,135740799.0,808103400.0,0.011294601656174198,14.436000000000002,14.430000000000001,14.321999999999997,13.8515,51.80722847873423,9634604.15,13.715833333333334,False,False,14.57
2025-08-01,14.27,14.43,14.24,14.38,6366648.0,94613500.0,808103400.0,0.007878506636650707,14.404,14.432999999999998,14.341,13.868333333333334,46.66666623111113,9497506.4,13.755500000000001,True,False,14.57
2025-08-04,14.32,14.37,14.09,14.22,7323147.0,107563137.0,808103400.0,0.00906214105769138,14.363999999999999,14.404,14.348499999999998,13.885833333333332,43.47826049149342,9546451.55,13.7845,False,True,14.57
2025-08-05,14.24,14.79,14.23,14.63,14571698.0,220199143.0,808103400.0,0.018031972146138723,14.412,14.425999999999998,14.370499999999998,13.8985,57.21649443245831,9833749.85,13.808833333333332,True,False,14.57
2025-08-06,14.63,14.67,14.49,14.66,7343804.0,111057653.0,808103400.0,0.009087703380532738,14.430000000000001,14.455000000000002,14.401500000000002,13.91,59.99999955789476,9805585.05,13.832833333333333,False,True,14.63
2025-08-07,14.61,14.74,14.59,14.68,7938800.0,120561678.0,808103400.0,0.009823990345789908,14.514000000000001,14.475,14.4305,13.921833333333334,58.918918473046034,9943797.65,13.8515,False,False,14.66
2025-08-08,14.68,15.3,14.63,14.99,15909871.0,247347550.0,808103400.0,0.019687914937618133,14.636000000000001,14.52,14.469999999999999,13.940000000000001,61.999999566000014,10083479.05,13.868333333333334,False,False,14.68
2025-08-11,14.98,15.19,14.85,15.14,9661050.0,150978506.0,808103400.0,0.011955215137072804,14.819999999999999,14.592000000000002,14.503,13.9625,67.80487758572279,9885721.05,13.885833333333332,False,False,14.99
2025-08-12,15.07,15.21,15.04,15.1,8457984.0,132399228.0,808103400.0,0.010466462583872311,14.913999999999998,14.663000000000002,14.536499999999998,13.984499999999999,67.80487758572279,9761109.25,13.8985,False,False,15.14
2025-08-13,15.2,15.49,15.09,15.4,11981228.0,189676117.0,808103400.0,0.014826355142176112,15.062000000000001,14.745999999999999,14.589000000000002,14.011666666666667,70.53571384486608,9801731.85,13.91,False,False,15.14
2025-08-14,15.41,15.51,15.21,15.31,10165932.0,161620911.0,808103400.0,0.01257998914495348,15.187999999999999,14.850999999999999,14.6405,14.037833333333333,66.96035200993617,9856285.85,13.921833333333334,False,False,15.4
2025-08-15,15.31,15.59,15.27,15.57,9466479.0,152149707.0,808103400.0,0.011714440256036542,15.303999999999998,14.970000000000002,14.701500000000001,14.070500000000001,73.85892073276975,9929530.3,13.940000000000001,False,False,15.4
2025-08-18,15.62,15.82,15.33,15.43,12914899.0,207359808.0,808103400.0,0.015981740702984297,15.362,15.091,14.747500000000002,14.104000000000001,70.63492024250436,10091217.4,13.9625,False,False,15.57
2025-08-19,15.43,15.52,15.18,15.39,9279135.0,147259492.0,808103400.0,0.011482608537471814,15.419999999999998,15.167000000000002,14.7965,14.1375,67.2268903608502,10080331.8,13.984499999999999,False,False,15.57
2025-08-20,15.34,15.45,15.23,15.45,7491201.0,119075869.0,808103400.0,0.009270102068621416,15.430000000000001,15.245999999999999,14.8505,14.172333333333334,77.93427178822542,9896280.2,14.011666666666667,False,False,15.57
2025-08-21,15.64,16.46,15.5,16.12,22647146.0,375184915.0,808103400.0,0.028025059664394433,15.592000000000002,15.39,14.9325,14.217833333333335,82.46268613638894,10493963.5,14.037833333333333,False,False,15.57
2025-08-22,16.09,16.85,16.03,16.54,17005752.0,291606974.0,808103400.0,0.021044029761537943,15.786000000000001,15.544999999999998,15.032500000000002,14.267666666666665,89.45578188694523,10809607.75,14.070500000000001,False,False,16.12
2025-08-25,16.7,16.7,16.22,16.47,15670608.0,267010480.0,808103400.0,0.019391835252765922,15.994,15.678000000000003,15.135,14.321166666666667,85.38461492485204,11187843.7,14.104000000000001,False,False,16.54
2025-08-26,16.48,16.53,16.32,16.37,8307669.0,141141644.0,808103400.0,0.010280452971736043,16.19,15.804999999999998,15.234,14.373166666666666,82.02247148003202,11208882.0,14.1375,False,False,16.54
2025-08-27,16.36,16.63,16.01,16.03,12220263.0,206529426.0,808103400.0,0.015122152684916311,16.306,15.867999999999999,15.307000000000002,14.416666666666666,72.57525049630321,11192526.0,14.172333333333334,False,False,16.54
2025-08-28,16.12,16.39,15.81,16.22,13759266.0,229933360.0,808103400.0,0.01702661565339287,16.326,15.959,15.404999999999998,14.463333333333335,71.42857108013938,11424129.0,14.217833333333335,False,False,16.54
2025-08-29,16.39,16.39,15.73,15.8,13694109.0,226056227.0,808103400.0,0.016945986120093046,16.178,15.982,15.475999999999999,14.502999999999998,60.509553870339595,11790502.05,14.267666666666665,False,False,16.54
2025-09-01,15.61,15.79,15.21,15.27,16045631.0,255773060.0,808103400.0,0.01985591324080557,15.937999999999999,15.966000000000003,15.5285,14.532166666666665,52.34159759427484,12226626.25,14.321166666666667,False,False,16.54
2025-09-02,15.3,15.33,14.87,15.13,11584629.0,180947029.0,808103400.0,0.014335577600589232,15.690000000000001,15.940000000000001,15.5535,14.560666666666666,46.10950990042272,12077272.8,14.373166666666666,True,False,16.54
2025-09-03,15.14,15.23,14.86,14.95,5664190.0,88067883.0,808103400.0,0.007009239164196067,15.473999999999998,15.89,15.568000000000001,14.583833333333333,44.943820047973716,11993292.1,14.416666666666666,True,True,16.54
2025-09-04,14.95,15.04,14.73,14.94,7320710.0,113121657.0,808103400.0,0.009059125354502902,15.218,15.772,15.581,14.6075,40.483383514571756,11962387.6,14.463333333333335,True,True,16.54
2025-09-05,14.96,15.14,14.87,15.1,8313589.0,129579791.0,808103400.0,0.010287778766925123,15.078,15.628,15.586499999999997,14.638499999999999,45.04504485566647,11582573.5,14.502999999999998,True,True,16.54
2025-09-08,15.11,15.28,15.04,15.21,9511480.0,149139268.0,808103400.0,0.011770127436662189,15.065999999999999,15.502,15.59,14.670333333333334,47.35294098148789,11575095.0,14.532166666666665,True,True,16.54
2025-09-09,15.19,15.19,14.93,15.09,6063484.0,94443248.0,808103400.0,0.007503351675045545,15.058000000000002,15.374,15.589500000000001,14.701,44.79768768000935,11455370.0,14.560666666666666,True,True,16.54
2025-09-10,15.05,15.16,14.99,15.08,6528498.0,102123485.0,808103400.0,0.008078790412217051,15.084,15.279000000000002,15.5735,14.734499999999999,31.428571271428524,11182733.5,14.583833333333333,True,True,16.54
2025-09-11,15.08,15.23,14.99,15.23,6329775.0,99177263.0,808103400.0,0.007832877574825202,15.142000000000001,15.180000000000001,15.5695,14.769833333333333,24.110671803340153,10990925.65,14.6075,True,True,16.54
2025-09-12,15.24,15.26,15.03,15.06,5916264.0,92614701.0,808103400.0,0.0073211720183332975,15.134,15.106,15.544,14.803500000000001,23.19391622634417,10813414.9,14.638499999999999,True,True,16.54
2025-09-15,15.04,15.2,14.89,15.13,6248481.0,97632762.0,808103400.0,0.007732279062308115,15.118,15.091999999999999,15.529,14.839833333333333,26.15384601301774,10480094.0,14.670333333333334,True,True,16.54
2025-09-16,15.13,15.5,15.1,15.33,8259185.0,130907780.0,808103400.0,0.010220455699109792,15.166,15.112,15.526,14.873666666666667,35.772357519994685,10429096.5,14.701,True,True,16.54
2025-09-17,15.29,15.74,15.29,15.63,9754223.0,157434120.0,808103400.0,0.012070513501118792,15.276000000000002,15.180000000000001,15.535,14.890166666666666,38.521400568365955,10542247.6,14.734499999999999,True,True,16.54
2025-09-18,15.63,15.86,15.46,15.63,12255011.0,199125062.0,808103400.0,0.01516515213275925,15.356,15.249,15.510500000000002,14.904,46.046511328069236,10022640.85,14.769833333333333,False,True,16.54
2025-09-19,15.6,15.79,15.34,15.73,8799498.0,141849643.0,808103400.0,0.010889074343704036,15.49,15.312000000000001,15.469999999999999,14.927999999999999,63.37209250743646,9612328.15,14.803500000000001,False,False,16.54
2025-09-22,15.71,16.17,15.58,15.66,11069640.0,181741362.0,808103400.0,0.013698296529874766,15.596,15.357000000000003,15.4295,14.952500000000002,66.06060550009178,9382279.75,14.839833333333333,False,False,16.47
2025-09-23,15.63,15.81,15.3,15.58,9258419.0,148793466.0,808103400.0,0.011456973204171644,15.646,15.406,15.39,14.973666666666666,70.3225800099896,9429817.25,14.873666666666667,False,False,16.37
2025-09-24,15.53,15.93,15.45,15.85,7495761.0,121981502.0,808103400.0,0.009275744910861654,15.690000000000001,15.482999999999999,15.381,15.0015,75.13812096578246,9193592.15,14.890166666666666,False,False,16.22
2025-09-25,15.85,15.85,15.5,15.56,5949596.0,96386950.0,808103400.0,0.007362419215164792,15.675999999999998,15.516,15.348000000000003,15.025,61.855669656711676,8803108.65,14.904,False,False,16.22
2025-09-26,15.53,15.54,15.24,15.43,7050165.0,112204867.0,808103400.0,0.008724335276896497,15.616,15.553,15.329500000000001,15.048833333333333,55.61224450072883,8470911.45,14.927999999999999,False,False,15.85
2025-09-29,15.4,15.42,14.99,15.15,8518369.0,133498940.0,808103400.0,0.010541186932266342,15.514000000000001,15.555000000000001,15.323500000000001,15.066833333333333,51.415094000089006,8094548.35,14.952500000000002,False,False,15.85
2025-09-30,15.17,15.27,15.03,15.18,4924001.0,77289507.0,808103400.0,0.006093280884599669,15.434000000000001,15.540000000000001,15.326000000000002,15.083333333333334,52.336448255742845,7761516.95,14.973666666666666,True,False,15.85
2025-10-09,15.18,15.41,14.89,15.28,7713200.0,120745118.0,808103400.0,0.00954481815074655,15.319999999999999,15.505,15.342499999999998,15.104000000000001,51.19617190586293,7863967.45,15.0015,True,True,15.85
2025-10-10,15.23,15.6,15.18,15.48,7240801.0,116060701.0,808103400.0,0.008960240731569747,15.303999999999998,15.49,15.369499999999999,15.127,59.90565998175508,7859972.0,15.025,True,True,15.85
2025-10-13,14.97,15.04,14.67,14.89,9831700.0,150909468.0,808103400.0,0.012166388608190486,15.196000000000002,15.406,15.359,15.1385,45.45454521349862,7935877.55,15.048833333333333,False,True,15.85
2025-10-14,14.9,15.12,14.72,14.72,8032358.0,123572442.0,808103400.0,0.009939765134016267,15.11,15.311999999999998,15.3345,15.142500000000002,38.31417603969408,7861921.45,15.066833333333333,True,False,15.85
2025-10-15,14.8,14.99,14.72,14.84,6901441.0,106034739.0,808103400.0,0.008540294472217293,15.042000000000002,15.238,15.322,15.149333333333333,33.74485577266334,7903819.3,15.083333333333334,True,True,15.85
2025-10-16,14.82,14.84,14.57,14.63,5671000.0,86383473.0,808103400.0,0.007017666303594317,14.912,15.116000000000003,15.2995,15.154,31.060605895890703,7860944.4,15.104000000000001,True,True,15.85
2025-10-17,14.72,14.8,14.58,14.58,4957407.0,74730586.0,808103400.0,0.006134619653871027,14.732,15.018,15.267000000000001,15.158999999999999,27.799227648961676,7792326.0,15.127,True,True,15.85
2025-10-20,14.71,14.74,14.46,14.53,5605505.0,83625371.0,808103400.0,0.006936618506988091,14.66,14.928,15.2405,15.162,28.015564049720638,7776788.05,15.1385,True,True,15.85
2025-10-21,14.56,14.66,14.46,14.61,3920300.0,58688602.0,808103400.0,0.00485123562158011,14.638,14.874,15.214500000000001,15.163666666666668,31.12840449968961,7660379.0,15.142500000000002,True,True,15.85
2025-10-22,14.6,15.11,14.57,14.95,8019965.0,122832752.0,808103400.0,0.009924429225269935,14.66,14.850999999999999,15.195500000000001,15.172666666666666,32.9545452797865,7648418.0,15.149333333333333,True,True,15.85
2025-10-23,14.92,15.06,14.79,15.0,3716000.0,56878424.0,808103400.0,0.004598421439632601,14.734,14.823000000000002,15.164000000000001,15.183166666666667,38.33333310972222,7346506.85,15.154,True,True,15.85
2025-10-24,15.0,15.19,14.93,15.08,4907362.0,75742503.0,808103400.0,0.0060726906977498175,14.834,14.782999999999998,15.136499999999998,15.193166666666665,42.55319123585334,6979124.4,15.158999999999999,True,True,15.85
2025-10-27,15.18,15.75,15.14,15.4,11008358.0,175012785.0,808103400.0,0.013622462175013741,15.008,14.834,15.120000000000001,15.207500000000001,55.23012519948881,7089567.4,15.162,True,True,15.85
2025-10-28,15.43,15.55,15.13,15.21,6431700.0,100907212.0,808103400.0,0.007959006236083154,15.128,14.883000000000001,15.0975,15.220666666666666,50.588235016378334,6857670.4,15.163666666666668,False,True,15.85
2025-10-29,15.19,15.36,15.05,15.14,3899582.0,60428209.0,808103400.0,0.004825597813349133,15.166,14.913,15.0755,15.233166666666667,47.22222195987657,6589728.55,15.172666666666666,False,False,15.85
2025-10-30,15.21,15.39,14.94,14.95,5619820.0,87168034.0,808103400.0,0.0069543328242400665,15.156,14.945000000000002,15.030499999999998,15.2395,39.44223085570069,6495931.5,15.183166666666667,False,False,15.85
2025-10-31,14.96,15.09,14.69,14.75,12271500.0,185847816.0,808103400.0,0.015185556699798566,15.09,14.962,14.989999999999998,15.247666666666667,46.6981128991634,6812026.7,15.193166666666665,True,False,15.56
2025-11-03,14.72,14.83,14.6,14.76,7064489.0,106707777.0,808103400.0,0.008742060731337103,14.962,14.985,14.956500000000002,15.254,51.02040779883381,6812742.9,15.207500000000001,True,True,15.48
2025-11-04,14.79,14.82,14.47,14.58,7057496.0,105961106.0,808103400.0,0.008733407135770001,14.836000000000002,14.982000000000003,14.928,15.26,43.564356133712394,6739699.25,15.220666666666666,True,True,15.48
2025-11-05,14.53,14.7,14.48,14.59,5422066.0,81198239.0,808103400.0,0.006709619090824268,14.725999999999999,14.946000000000002,14.898499999999999,15.259333333333332,48.901098524936586,6764602.5,15.233166666666667,True,True,15.48
2025-11-06,14.66,14.85,14.64,14.77,7440445.0,112669745.0,808103400.0,0.009207293274598275,14.689999999999998,14.922999999999998,14.873000000000001,15.261166666666668,54.8717944778435,6750964.75,15.2395,True,True,15.48
2025-11-07,14.67,14.76,14.61,14.69,5273604.0,79421346.0,808103400.0,0.006525902502080798,14.678,14.884,14.8335,15.261333333333333,54.04040365830018,6652604.9,15.247666666666667,True,True,15.48
2025-11-10,14.7,15.15,14.66,15.06,11644204.0,178233879.0,808103400.0,0.014409299602006377,14.738,14.85,14.842000000000002,15.262500000000001,59.911893903627096,6743230.1,15.254,True,True,15.4
2025-11-11,15.02,15.08,14.86,14.92,7758190.0,118827993.0,808103400.0,0.009600491719252759,14.806000000000001,14.821000000000002,14.851999999999999,15.258833333333333,49.27536198557728,6729521.7,15.26,False,True,15.4
2025-11-12,14.91,15.28,14.88,15.23,10797836.0,167827563.0,808103400.0,0.013361948483325278,14.934000000000001,14.829999999999998,14.871500000000001,15.261000000000001,54.93562198751129,6924341.45,15.259333333333332,False,False,15.4
2025-11-13,15.18,15.39,15.08,15.18,6990800.0,108767343.0,808103400.0,0.008650873143214098,15.016,14.853,14.899000000000001,15.257333333333332,52.173912725897914,6990331.45,15.261166666666668,False,False,15.4
2025-11-14,15.18,15.45,15.12,15.17,6405300.0,100390606.0,808103400.0,0.007926337149429145,15.112,14.895,14.9285,15.255,44.22110521653494,7062726.1,15.261333333333333,False,False,15.4
2025-11-17,15.12,15.13,14.79,14.8,7022500.0,107282627.0,808103400.0,0.008690100796506981,15.059999999999999,14.899000000000001,14.941999999999998,15.242166666666666,40.552995130072844,7133575.85,15.262500000000001,False,False,15.4
2025-11-18,14.77,14.85,14.69,14.76,4521840.0,68537883.0,808103400.0,0.005595620560438182,15.028,14.916999999999998,14.9495,15.231,41.12149505808367,7163652.85,15.258833333333333,True,False,15.4
2025-11-19,14.82,14.83,14.57,14.63,4713900.0,70913181.0,808103400.0,0.005833288165846103,14.908000000000001,14.920999999999998,14.9335,15.218333333333334,42.30769202292903,6998349.6,15.261000000000001,True,True,15.4
2025-11-20,14.68,14.76,14.58,14.61,4110900.0,61819224.0,808103400.0,0.005087096527498832,14.794,14.905000000000001,14.913999999999998,15.204333333333333,46.31578913240996,7018094.6,15.257333333333332,True,True,15.4
2025-11-21,14.58,14.72,14.36,14.36,6805400.0,101285785.0,808103400.0,0.008421447057393894,14.632,14.872,14.878,15.175,40.65420534151455,7112996.5,15.255,True,True,15.4
2025-11-24,14.47,14.51,14.23,14.29,6122974.0,90064872.0,808103400.0,0.007576968491903388,14.530000000000001,14.795000000000002,14.8225,15.1375,42.857142561576346,6868727.3,15.242166666666666,True,True,15.4
2025-11-25,14.34,14.48,14.2,14.41,4824188.0,71164773.0,808103400.0,0.005969765750274037,14.459999999999999,14.744,14.782499999999999,15.103166666666665,45.79439222377502,6788351.7,15.231,True,True,15.23
2025-11-26,14.42,14.49,14.31,14.34,3058200.0,45099391.0,808103400.0,0.003784416697170189,14.402000000000001,14.655000000000001,14.742500000000001,15.069333333333333,39.40886672328863,6746282.6,15.218333333333334,True,True,15.23
2025-11-27,14.37,14.63,14.32,14.44,4015400.0,59669782.0,808103400.0,0.004968918581458759,14.368,14.581,14.717000000000002,15.042833333333334,43.902438724568725,6666061.6,15.204333333333333,True,True,15.23
2025-11-28,14.4,14.51,14.26,14.47,3108000.0,45813662.0,808103400.0,0.0038460424742675255,14.39,14.511000000000001,14.703,15.013666666666666,32.74853774357928,6207886.6,15.175,True,True,15.23
2025-12-01,14.53,14.69,14.42,14.53,5918301.0,88386938.0,808103400.0,0.007323692735360351,14.437999999999999,14.484,14.6915,14.992500000000001,38.0368094892544,6150577.2,15.1375,True,True,15.23
2025-12-02,14.56,14.66,14.46,14.61,3615003.0,54067401.0,808103400.0,0.004473441146269153,14.478,14.469,14.693000000000001,14.981500000000002,27.857142578571427,5978452.55,15.103166666666665,True,True,15.23
2025-12-03,14.55,14.84,14.55,14.72,5828498.0,88154179.0,808103400.0,0.007212564629724364,14.553999999999998,14.478,14.6995,14.974666666666668,34.246575014074,5998774.15,15.069333333333333,True,True,15.23
2025-12-04,14.7,14.74,14.53,14.65,3561591.0,53521876.0,808103400.0,0.004407345644134154,14.596,14.482,14.6935,14.969666666666667,32.89473653912748,5804831.45,15.042833333333334,False,True,15.23
2025-12-05,14.62,14.65,14.43,14.52,4313336.0,64166806.0,808103400.0,0.005337604073934103,14.606,14.498000000000001,14.684999999999999,14.962666666666667,39.06249957275391,5756818.05,15.013666666666666,True,False,15.23
2025-12-08,14.55,14.58,14.34,14.35,5334688.0,78950704.0,808103400.0,0.006601491838791917,14.569999999999999,14.504,14.649499999999998,14.950166666666666,35.4609925557065,5441342.25,14.992500000000001,True,True,15.23
2025-12-09,14.34,14.44,14.2,14.24,5160845.0,75735586.0,808103400.0,0.006386367140640665,14.496,14.487,14.6155,14.934,35.971222659282674,5311475.0,14.981500000000002,True,True,15.23
2025-12-10,14.23,14.33,14.13,14.3,4060291.0,59182139.0,808103400.0,0.005024469640890015,14.412,14.482999999999999,14.568999999999999,14.920833333333333,39.1608387774464,4974597.75,14.974666666666668,True,True,15.23
2025-12-11,14.31,14.31,13.89,13.9,7911456.0,113918325.0,808103400.0,0.009790153091794936,14.262,14.428999999999998,14.505,14.901166666666667,35.443037660631376,5020630.55,14.969666666666667,True,True,15.18
2025-12-12,13.96,13.96,13.83,13.84,5691472.0,81015550.0,808103400.0,0.007042999695336017,14.126,14.366,14.4385,14.878000000000002,35.66878949085161,4984939.15,14.962666666666667,True,True,15.17
2025-12-15,13.84,13.9,13.76,13.77,3817070.0,54139653.0,808103400.0,0.00472349206797051,14.010000000000002,14.289999999999997,14.387,14.8565,28.947368154432155,4824667.65,14.950166666666666,True,True,14.8
2025-12-16,13.78,13.91,13.72,13.84,5281216.0,74899264.0,808103400.0,0.006535322088732704,13.930000000000001,14.213,14.341,14.835,33.552631269909995,4862636.45,14.934,True,True,14.76
2025-12-17,13.86,13.99,13.76,13.93,5039217.0,71657105.0,808103400.0,0.006235856698536351,13.856,14.134,14.306000000000001,14.811666666666667,33.11258247445292,4878902.3,14.920833333333333,True,True,14.72
2025-12-18,13.9,13.97,13.85,13.91,2836134.0,40470440.0,808103400.0,0.003509617704863016,13.857999999999999,14.059999999999999,14.271,14.783,31.333333040888903,4815164.0,14.901166666666667,True,True,14.72
2025-12-19,13.92,14.17,13.91,14.09,5090071.0,73488384.0,808103400.0,0.00629878676416904,13.907999999999998,14.017000000000001,14.257500000000002,14.757333333333332,36.41975277168119,4729397.55,14.878000000000002,True,True,14.72
2025-12-22,14.09,14.19,13.96,13.99,4525395.0,65115907.0,808103400.0,0.005600019749947841,13.952000000000002,13.981,14.242499999999998,14.728333333333333,31.09756071014283,4649518.6,14.8565,True,True,14.72
2025-12-23,13.99,14.04,13.89,13.92,3597365.0,51427545.0,808103400.0,0.004451614731481144,13.968,13.949000000000002,14.218,14.699333333333332,24.999999781249997,4588177.45,14.835,True,True,14.72
2025-12-24,13.94,13.99,13.85,13.95,3982900.0,56924250.0,808103400.0,0.004928700955843027,13.972,13.914000000000001,14.1985,14.672166666666667,27.564102316732388,4634412.45,14.811666666666667,True,True,14.72
2025-12-25,13.96,14.09,13.91,14.02,4820169.0,69350168.0,808103400.0,0.005964792376817125,13.994,13.925999999999998,14.1775,14.641666666666667,33.33333302222222,4674650.9,14.783,True,True,14.72
2025-12-26,14.04,14.1,13.94,13.95,3703103.0,53184167.0,808103400.0,0.004582461848322876,13.966,13.937000000000001,14.151500000000002,14.614833333333333,35.714285357142856,4704406.05,14.757333333333332,True,True,14.72
2025-12-29,13.95,14.0,13.8,13.82,4284632.0,61048154.0,808103400.0,0.0053020838669902886,13.931999999999999,13.941999999999998,14.116,14.588,35.21126725848046,4622722.6,14.728333333333333,True,True,14.72
2025-12-30,13.8,13.87,13.7,13.75,4667306.0,65991753.0,808103400.0,0.005775629702832583,13.898,13.932999999999998,14.072999999999999,14.564666666666666,30.769230467993523,4675337.75,14.699333333333332,True,True,14.72
2025-12-31,13.77,14.0,13.75,13.91,5264656.0,75000112.0,807630844.0000001,0.006518641578775562,13.889999999999997,13.931000000000001,14.032499999999999,14.543499999999998,50.420167474048434,4647145.65,14.672166666666667,True,True,14.72
2026-01-05,13.97,14.01,13.83,13.95,6735762.0,96306561.0,807630844.0000001,0.008340149525047113,13.876,13.934999999999999,13.997499999999999,14.521333333333333,54.70085404631455,4805854.2,14.641666666666667,True,True,14.65
2026-01-06,13.98,14.07,13.9,14.0,9454508.0,135438297.0,807630844.0000001,0.011706472171337724,13.886,13.925999999999998,13.9715,14.496666666666666,59.99999926956526,5062912.8,14.614833333333333,True,True,14.52
2026-01-07,14.0,14.0,13.79,13.8,9777705.0,138851310.0,807630844.0000001,0.01210665129079691,13.882,13.907,13.943999999999999,14.4785,48.43749947021488,5285063.65,14.588,False,True,14.35
2026-01-08,13.8,13.88,13.72,13.87,6237724.0,88430297.0,807630844.0000001,0.007723484121911519,13.906,13.902000000000001,13.9255,14.464333333333332,47.61904708994707,5338907.6,14.564666666666666,True,False,14.3
2026-01-09,13.86,14.01,13.83,13.99,7221613.0,103146249.0,807630844.0000001,0.008941725113212737,13.922,13.906,13.91,14.450166666666666,52.94117592560555,5496973.7,14.543499999999998,True,True,14.3
2026-01-12,13.98,14.17,13.94,14.16,9185018.0,132608720.0,807630844.0000001,0.011372792493299078,13.963999999999999,13.919999999999998,13.922999999999998,14.442333333333334,52.59259204718794,5560651.8,14.521333333333333,False,True,14.09
2026-01-13,14.16,14.34,14.04,14.05,9935327.0,144466507.0,807630844.0000001,0.01230181719013198,13.974,13.930000000000001,13.9335,14.4335,52.20588181552772,5772844.55,14.496666666666666,False,False,14.16
2026-01-14,14.06,14.3,13.95,14.13,10054122.0,145881781.0,807630844.0000001,0.012448907907236885,14.040000000000001,13.960999999999999,13.951500000000001,14.426833333333333,57.66423298737285,6084697.15,14.4785,False,False,14.16
2026-01-15,14.11,14.22,14.05,14.18,5612425.0,81409400.0,807630844.0000001,0.006949245489688107,14.102,14.004,13.9685,14.419666666666668,58.27338070803793,6101257.6,14.464333333333332,False,False,14.16
2026-01-16,14.26,14.26,14.02,14.18,6875258.0,99600390.0,807630844.0000001,0.008512872002199063,14.14,14.031,13.980999999999998,14.406833333333333,56.06060546602391,6193059.65,14.450166666666666,False,False,14.18
2026-01-19,14.19,14.42,14.16,14.4,9381100.0,138061300.0,807630844.0000001,0.011615579159331858,14.187999999999999,14.075999999999999,14.005500000000001,14.396833333333332,65.3061218270166,6520307.95,14.442333333333334,False,False,14.18
2026-01-20,14.37,14.52,14.31,14.42,6862042.0,101275451.0,807630844.0000001,0.008496508090272985,14.262,14.118,14.022,14.385833333333334,72.0588227876298,6608906.5,14.4335,False,False,14.4
2026-01-21,14.35,14.42,14.3,14.34,5891880.0,86713843.0,807630844.0000001,0.007295263725712783,14.303999999999998,14.172,14.0395,14.368166666666665,71.53284598433592,6677230.75,14.426833333333333,False,False,14.42
2026-01-22,14.39,14.47,14.31,14.4,6207115.0,91648334.0,807630844.0000001,0.007685584380677763,14.347999999999999,14.225,14.0635,14.354666666666667,69.2913378188357,6807718.25,14.419666666666668,False,False,14.42
2026-01-23,14.42,14.5,14.36,14.5,7166631.0,106119325.0,807630844.0000001,0.008873646980228505,14.412,14.276,14.091,14.344,70.67669098535819,6966904.8,14.406833333333333,False,False,14.42
2026-01-26,14.51,14.53,14.25,14.31,7843983.0,115483219.0,807630844.0000001,0.009712337088502774,14.394,14.291,14.105499999999997,14.333333333333334,60.54421711046327,7118095.5,14.396833333333332,False,False,14.5
2026-01-27,14.31,14.37,14.06,14.19,7804926.0,113472447.0,807630844.0000001,0.009663977122696416,14.347999999999999,14.305000000000001,14.117499999999998,14.324,64.0287763335231,7323186.65,14.385833333333334,False,False,14.5
2026-01-28,14.21,14.22,13.99,14.01,5326400.0,76829589.0,807630844.0000001,0.006595092348899938,14.282,14.293000000000001,14.127,14.3115,54.666666156444464,7375275.05,14.368166666666665,False,False,14.5
2026-01-29,13.96,14.18,13.93,14.14,6090258.0,87916033.0,807630844.0000001,0.007540893274749669,14.229999999999999,14.289000000000001,14.1465,14.304166666666667,54.966886907591785,7446422.65,14.354666666666667,True,False,14.5
2026-01-30,14.03,14.17,13.94,14.08,4855734.0,70101224.0,807630844.0000001,0.006012318667710515,14.145999999999997,14.279,14.154999999999998,14.295666666666667,47.14285667142857,7425976.55,14.344,True,True,14.5
2026-02-02,14.08,14.25,13.73,13.75,7875635.0,112812887.0,807630844.0000001,0.009751528261345104,14.034,14.213999999999999,14.145,14.278666666666664,40.74074038866025,7482970.2,14.333333333333334,True,True,14.5
2026-02-03,13.85,13.88,13.65,13.71,8121969.0,114390307.0,807630844.0000001,0.010056536424208186,13.937999999999999,14.143,14.130500000000001,14.262333333333334,36.70886043422529,7416343.25,14.324,True,True,14.5
2026-02-04,13.7,13.76,13.64,13.76,9548291.0,134157068.0,807630844.0000001,0.011822593293626114,13.888,14.084999999999999,14.128500000000003,14.240666666666666,36.70886043422529,7404872.55,14.3115,True,True,14.5
2026-02-05,13.74,13.91,13.7,13.84,7397744.0,104961967.0,807630844.0000001,0.009159808661294762,13.828,14.029,14.127,14.222666666666667,39.75903580926115,7462873.55,14.304166666666667,True,True,14.5
2026-02-06,13.8,13.92,13.75,13.8,5615862.0,79738307.0,807630844.0000001,0.006953501146868035,13.772,13.959,14.117500000000001,14.198833333333333,29.729729448502553,7382586.0,14.295666666666667,True,True,14.5
2026-02-09,13.89,14.03,13.83,14.03,8599096.0,123022428.0,807630844.0000001,0.010647310047509774,13.828,13.931000000000001,14.110999999999999,14.179666666666666,38.46153814292213,7353289.9,14.278666666666664,True,True,14.5
2026-02-10,13.99,14.06,13.94,14.01,5275193.0,75819812.0,807630844.0000001,0.006531688381133694,13.888,13.913,14.109,14.160333333333334,39.87730027099249,7120283.2,14.262333333333334,True,True,14.5
2026-02-11,14.02,14.08,13.94,13.98,3828184.0,55090808.0,807630844.0000001,0.004740017086321185,13.931999999999999,13.91,14.101499999999998,14.146666666666667,36.87499967734373,6808986.3,14.240666666666666,True,True,14.5
2026-02-12,14.0,14.02,13.8,13.81,5293400.0,75172315.0,807630844.0000001,0.006554232096663211,13.925999999999998,13.877,14.082999999999998,14.130833333333333,29.341317119294303,6793035.05,14.222666666666667,True,True,14.5
2026-02-13,13.79,13.85,13.72,13.72,4563026.0,64453757.0,807630844.0000001,0.005649890706749678,13.91,13.841,14.060000000000002,14.115666666666668,31.210190804495085,6677423.45,14.198833333333333,True,True,14.5
2026-02-24,13.87,14.36,13.84,14.17,12120357.0,175378407.0,807630844.0000001,0.015007298309671787,13.937999999999999,13.883,14.048499999999999,14.108333333333333,49.473683845983395,6814386.3,14.179666666666666,True,True,14.5
2026-02-25,14.24,14.31,14.13,14.16,8497288.0,124107291.0,807630844.0000001,0.010521252454791089,13.968,13.928,14.035499999999999,14.104999999999999,54.33525967589966,6896148.6,14.160333333333334,False,True,14.5
2026-02-26,14.16,14.19,14.02,14.14,5853400.0,84560267.0,807630844.0000001,0.007247618195225836,14.0,13.966,14.0255,14.1025,49.99999956790124,6894224.6,14.146666666666667,False,False,14.5
2026-02-27,14.09,14.19,14.05,14.11,4290200.0,62071110.0,807630844.0000001,0.005312080428666738,14.059999999999999,13.993,14.011000000000001,14.0975,50.94339577785688,6798378.85,14.130833333333333,False,False,14.5
2026-03-02,13.92,13.95,13.53,13.6,11502079.0,161489785.0,807630844.0000001,0.014241753005659103,14.035999999999998,13.972999999999999,13.966000000000003,14.085166666666668,45.7627115024418,7015151.25,14.115666666666668,False,False,14.5
2026-03-03,13.62,13.77,13.46,13.61,9297349.0,129916960.0,807630844.0000001,0.011511879553723433,13.923999999999998,13.931000000000001,13.931000000000001,14.071333333333333,47.12643640243092,7087819.55,14.108333333333333,True,False,14.31
2026-03-04,13.46,13.54,13.04,13.11,10527404.0,142801582.0,807630844.0000001,0.013034920692058163,13.713999999999999,13.841,13.877,14.048666666666668,35.15981712683218,7223943.45,14.104999999999999,True,True,14.19
2026-03-05,13.25,13.27,13.02,13.08,6715578.0,90442124.0,807630844.0000001,0.008315157908951777,13.501999999999999,13.751,13.830499999999997,14.024499999999998,32.242990443270116,7293402.35,14.1025,True,True,14.17
2026-03-06,13.08,13.28,13.04,13.26,5159434.0,69726886.0,807630844.0000001,0.006388356807234568,13.331999999999999,13.696000000000002,13.7865,14.002,38.1578945025392,7246861.15,14.0975,True,True,14.17
2026-03-09,13.12,13.14,12.9,13.01,6746900.0,89792905.0,807630844.0000001,0.00835394047927174,13.213999999999999,13.625,13.733,13.973500000000001,27.82608678714554,7341419.45,14.085166666666668,True,True,14.17
2026-03-10,13.13,13.32,13.09,13.29,5601500.0,75827060.0,807630844.0000001,0.0069357182698188274,13.15,13.537,13.709999999999999,13.950833333333332,35.937499803466764,7227712.7,14.071333333333333,True,True,14.17
2026-03-11,13.28,13.34,13.19,13.3,4335437.0,58997246.0,807630844.0000001,0.005368092405346519,13.187999999999999,13.450999999999999,13.6895,13.930499999999999,36.61417302653605,7038386.1,14.048666666666668,True,True,14.17
2026-03-12,13.29,13.46,13.24,13.4,5567247.0,76275817.0,807630844.0000001,0.006893306566186567,13.252,13.377,13.6715,13.914666666666669,41.70040462194101,6839333.9,14.024499999999998,True,True,14.17
2026-03-13,13.39,13.77,13.34,13.57,7777500.0,108186166.0,807630844.0000001,0.009630018538519313,13.314000000000002,13.322999999999999,13.658000000000001,13.903500000000001,47.05882327104959,6858321.7,14.002,True,True,14.17
2026-03-16,13.57,13.58,13.29,13.38,6596926.0,90667732.0,807630844.0000001,0.008168244252939898,13.388,13.300999999999998,13.637,13.888166666666667,32.75109150283177,6907374.9,13.973500000000001,True,True,14.17
2026-03-17,13.38,13.54,13.34,13.37,5339773.0,73703352.0,807630844.0000001,0.006611650656571506,13.404000000000002,13.277000000000001,13.604000000000003,13.879333333333333,32.75109150283174,6744408.75,13.950833333333332,True,True,14.17
2026-03-18,13.42,13.49,13.27,13.38,4688456.0,64211070.0,807630844.0000001,0.005805196810933089,13.419999999999998,13.304000000000002,13.5725,13.871666666666666,33.333333128655,6715071.9,13.930499999999999,True,True,14.17
2026-03-19,13.25,13.35,13.07,13.08,3933200.0,53147337.0,807630844.0000001,0.004870046790833064,13.356,13.303999999999998,13.5275,13.860166666666666,29.803921404998107,6720322.7,13.914666666666669,True,True,14.17
2026-03-20,13.09,13.24,12.99,13.0,4721652.0,63446888.0,807630844.0000001,0.005846299748304312,13.242,13.278,13.487,13.846166666666667,35.849056367034564,6691735.3,13.903500000000001,True,True,14.17
2026-03-23,12.87,12.87,12.23,12.29,8107598.0,103901424.0,807630844.0000001,0.010038742403453822,13.024000000000001,13.206,13.4155,13.818833333333334,26.595744548815475,6868963.9,13.888166666666667,True,True,14.17
2026-03-24,12.47,12.59,12.34,12.57,4293552.0,54947830.0,807630844.0000001,0.00531623083974242,12.864,13.134,13.3355,13.796500000000002,39.61538440207104,6477623.65,13.879333333333333,True,True,14.17
2026-03-25,12.64,13.19,12.55,13.1,9829213.0,130204651.0,807630844.0000001,0.012170427953591132,12.807999999999998,13.113999999999999,13.282499999999999,13.78,50.32258041789802,6544219.9,13.871666666666666,True,True,14.16
2026-03-26,14.12,14.4,13.94,14.4,50649597.0,743152835.0,807630844.0000001,0.06271379724571291,13.072,13.214000000000002,13.2955,13.786833333333334,63.507108794052236,8784029.75,13.860166666666666,True,True,14.14
2026-03-27,14.11,14.64,13.7,14.51,51145079.0,741444045.0,807630844.0000001,0.06332729783658435,13.374,13.307999999999998,13.3155,13.796666666666669,68.38235270653112,11126773.7,13.846166666666667,False,True,14.4
2026-03-30,14.14,15.0,14.14,14.77,37025091.0,556723198.0,807630844.0000001,0.04584407749538599,13.87,13.447,13.374,13.810333333333334,68.22660074995751,12402924.3,13.818833333333334,False,False,14.51
2026-03-31,14.64,14.82,14.42,14.48,22565663.0,336955143.0,807630844.0000001,0.027940566123301744,14.252,13.557999999999998,13.417499999999999,13.818000000000001,63.59446984093949,13066340.0,13.796500000000002,False,False,14.77
2026-04-01,14.53,15.18,14.46,14.82,29426722.0,446695548.0,807630844.0000001,0.03643585707333386,14.596,13.702000000000002,13.503,13.8325,65.50218320588851,14011305.9,13.78,False,False,14.77
2026-04-02,14.67,14.89,14.5,14.65,17491356.0,263289537.0,807630844.0000001,0.02165761267037493,14.646,13.859,13.5815,13.846333333333332,61.7903928242215,14550094.8,13.786833333333334,False,False,14.82
2026-04-03,14.68,14.77,14.07,14.1,18114927.0,265176476.0,807630844.0000001,0.02242971171120849,14.563999999999998,13.969,13.623499999999998,13.852166666666667,57.287449230359435,15197869.45,13.796666666666669,False,False,14.82
2026-04-07,14.15,14.71,13.97,14.32,16107239.0,236686135.0,807630844.0000001,0.019943813587188847,14.474,14.172,13.688999999999998,13.859000000000002,59.22330080987841,15665886.4,13.810333333333334,False,False,14.82
2026-04-08,14.54,14.9,14.48,14.69,19566791.0,294748680.0,807630844.0000001,0.024227394415857646,14.516,14.384,13.759,13.871333333333332,61.887477156728714,16364150.95,13.818000000000001,False,False,14.82
2026-04-09,14.54,14.8,14.5,14.56,13984608.0,209976941.0,807630844.0000001,0.017315594251870844,14.464000000000002,14.530000000000001,13.822,13.880666666666666,63.8576777352046,16846609.5,13.8325,False,False,14.82
2026-04-10,14.59,15.2,14.56,15.0,25736829.0,394771710.0,807630844.0000001,0.03186707044586325,14.534,14.59,13.901999999999997,13.900666666666666,67.54385948322562,17855088.6,13.846333333333332,False,False,14.82
2026-04-13,14.8,14.9,14.59,14.73,15754878.0,237308220.0,807630844.0000001,0.01950752391026809,14.660000000000002,14.612,13.959999999999999,13.915000000000001,73.1939161549972,18253957.5,13.852166666666667,False,False,15.0
2026-04-14,14.85,15.57,14.72,15.37,28162747.0,438337507.0,807630844.0000001,0.03487081654845762,14.87,14.672,14.0595,13.938,74.91103184185866,19332248.55,13.859000000000002,False,False,15.0
2026-04-15,15.71,16.91,15.32,16.91,49706714.0,834157501.0,807630844.0000001,0.06154632945147894,15.313999999999998,14.915000000000001,14.236499999999998,13.983833333333333,78.7330315079544,21550595.6,13.871333333333332,False,False,15.37
2026-04-16,17.68,18.53,16.94,17.44,84694851.0,1534630087.0,807630844.0000001,0.10486827197005862,15.89,15.176999999999998,14.439499999999999,14.040333333333333,75.93856637147785,25550915.35,13.880666666666666,False,False,16.91
2026-04-17,16.87,18.03,16.67,17.31,60446791.0,1077169970.0,807630844.0000001,0.07484457961092926,16.351999999999997,15.443000000000001,14.651,14.093333333333334,73.80952363378684,28376594.9,13.900666666666666,False,False,17.44
2026-04-20,17.14,17.82,17.1,17.62,43125034.0,772928274.0,807630844.0000001,0.05339696263507241,16.93,15.794999999999998,14.882,14.150666666666666,74.03035395675802,30296764.0,13.915000000000001,False,False,17.44
2026-04-21,17.38,18.01,17.15,17.4,33313970.0,597394822.0,807630844.0000001,0.04124900658202201,17.336000000000002,16.103,15.1375,14.204333333333333,74.91467558894101,31557082.6,13.938,False,False,17.62
2026-04-22,16.97,17.54,16.59,17.48,36995520.0,647751510.0,807630844.0000001,0.0458074629948135,17.45,16.381999999999998,15.383,14.255666666666666,73.74999981562496,33192181.0,13.983833333333333,False,False,17.62
2026-04-23,17.27,19.19,17.07,18.04,58057143.0,1071567052.0,807630844.0000001,0.07188574264011144,17.57,16.73,15.63,14.315999999999999,78.29716175356252,35603577.5,14.040333333333333,False,False,17.62
2026-04-24,17.76,18.9,17.38,18.28,47357291.0,882587357.0,807630844.0000001,0.05863729865175876,17.764,17.058,15.824000000000002,14.381666666666668,86.79577443395404,35438962.2,14.093333333333334,False,False,18.04
2026-04-27,17.82,18.04,16.46,16.46,48881535.0,851080634.0,807630844.0000001,0.06052460150964714,17.532,17.231,15.9215,14.416,64.69780207338334,35325785.0,14.150666666666666,False,False,18.28
2026-04-28,16.25,16.36,15.33,15.53,41627192.0,667891905.0,807630844.0000001,0.05154235045535234,17.157999999999998,17.247,15.9595,14.433166666666667,55.35714275829081,35555890.05,14.204333333333333,False,False,18.28
2026-04-29,15.06,15.91,14.72,15.6,37000213.0,582541663.0,807630844.0000001,0.04581327381795735,16.782000000000004,17.116,16.0155,14.454666666666666,56.68380452524764,36277617.55,14.255666666666666,True,False,18.28
2026-04-30,15.61,15.67,14.65,14.75,37076816.0,568960178.0,807630844.0000001,0.04590812284529341,16.124000000000002,16.847,16.012,14.464,48.47374839088736,36660122.25,14.315999999999999,True,True,18.28
2026-05-06,14.63,14.74,14.07,14.23,35909834.0,525061980.0,807630844.0000001,0.044463178030877674,15.313999999999998,16.539,15.991000000000003,14.467666666666666,47.03791461391815,37581046.15,14.381666666666668,True,True,18.28
2026-05-07,14.17,14.33,14.08,14.13,22746703.0,330589861.0,807630844.0000001,0.02816472794345135,14.847999999999999,16.19,15.992500000000001,14.4675,42.151898659477666,37812634.95,14.416,True,True,18.28
2026-05-08,14.22,14.7,14.13,14.41,27759988.0,412392425.0,807630844.0000001,0.03437212459904515,14.624,15.891,15.997,14.473,31.174698729450967,38395272.4,14.433166666666667,True,True,18.28
2026-05-11,14.33,14.38,13.9,14.0,25066216.0,360686661.0,807630844.0000001,0.031036724496371508,14.304000000000002,15.543000000000001,15.9625,14.477166666666667,23.619631851123515,38670243.65,14.454666666666666,True,True,18.28
2026-05-12,14.0,14.02,13.62,13.71,18736746.0,264164304.0,807630844.0000001,0.02319964144410512,14.096,15.11,15.920000000000002,14.477166666666667,23.05389216725237,38907850.55,14.464,True,True,18.28
2026-05-13,13.62,13.77,13.62,13.72,11773100.0,165385542.0,807630844.0000001,0.014577328351763641,13.994,14.654,15.856,14.4765,19.435736634467048,38209664.1,14.467666666666666,True,True,18.28
2026-05-14,13.75,13.86,13.26,13.44,19339597.0,266883879.0,807630844.0000001,0.023946085199291867,13.856,14.352,15.7915,14.469833333333332,19.254658343235235,38388900.05,14.4675,True,True,18.28
2026-05-15,13.45,13.51,13.07,13.14,16082550.0,219076286.0,807630844.0000001,0.01991324392756847,13.602,14.113,15.679999999999998,14.458833333333333,17.41741738080424,37784890.2,14.473,True,True,18.28
2026-05-18,13.06,13.09,12.8,12.93,11438398.0,151320265.0,807630844.0000001,0.014162903862547377,13.388,13.846,15.481,14.440500000000002,9.508716302199389,35871474.4,14.477166666666667,True,True,18.28
2026-05-19,13.04,13.16,12.92,13.1,11236565.0,150330164.0,807630844.0000001,0.013912996368920252,13.266,13.681000000000001,15.264000000000001,14.425333333333333,8.493589724533592,32198560.1,14.477166666666667,True,True,18.28
2026-05-20,13.03,13.2,12.81,13.06,11391732.0,151746682.0,807630844.0000001,0.0141051225131268,13.134,13.564000000000002,15.0515,14.41,11.883408034446688,29745807.15,14.4765,True,True,18.28
2026-05-21,13.12,13.32,12.99,12.99,13667957.0,184821439.0,807630844.0000001,0.01692352032062807,13.044,13.45,14.820000000000002,14.396333333333333,14.722222164969125,28272953.3,14.469833333333332,True,True,18.28
2026-05-22,12.97,13.02,12.63,12.7,13060726.0,170754338.0,807630844.0000001,0.016171653295598994,12.956,13.279,14.584999999999999,14.379333333333333,12.041884772621358,27260291.1,14.458833333333333,True,True,18.28
2026-05-25,12.83,12.84,12.41,12.51,10872317.0,139718481.0,807630844.0000001,0.013461988333868039,12.872,13.13,14.336500000000001,14.351666666666667,14.556961960823571,25954130.95,14.440500000000002,True,True,18.28
2026-05-26,12.51,12.54,12.24,12.37,9282553.0,117652866.0,807630844.0000001,0.011493559302447838,12.726,12.995999999999999,14.053,14.321833333333334,16.54676250659901,23515401.45,14.425333333333333,True,True,18.28
2026-05-27,12.36,12.36,12.02,12.12,9696254.0,120781533.0,807630844.0000001,0.012005799520950438,12.538,12.835999999999999,13.745,14.288166666666667,15.699658628056213,21632349.6,14.41,True,True,18.28
2026-05-28,12.25,12.34,11.89,12.03,9456261.0,117551476.0,807630844.0000001,0.011708642717464118,12.346,12.694999999999999,13.523499999999999,14.2535,6.569343032127435,19661085.9,14.396333333333333,True,True,16.46
2026-05-29,12.04,12.86,11.99,12.57,19246698.0,246521908.0,807630844.0000001,0.023831058636487636,12.32,12.638,13.375499999999999,14.236333333333334,25.08710789156116,18542061.2,14.379333333333333,True,True,15.6
2026-06-01,12.34,12.63,12.24,12.57,10085633.0,129253816.0,807630844.0000001,0.012487924495365111,12.331999999999999,12.602,13.224,14.219,27.906976592752855,17196332.2,14.351666666666667,True,True,15.6
2026-06-02,12.58,12.65,12.34,12.37,7728440.0,98412760.0,807630844.0000001,0.00956927296352738,12.331999999999999,12.529,13.105,14.206666666666667,25.631768823521753,15728913.4,14.321833333333334,True,True,14.75
2026-06-03,12.4,12.46,12.07,12.37,11193288.0,140438854.0,807630844.0000001,0.01385941124358544,12.382,12.459999999999999,13.012,14.194833333333333,28.51405606457962,14493086.1,14.288166666666667,True,True,14.41
2026-06-04,12.25,12.48,12.07,12.18,7187928.0,89934729.0,807630844.0000001,0.008900016701194734,12.412,12.379,12.9145,14.176833333333331,29.831932597627286,13715147.35,14.2535,True,True,14.41
2026-06-05,12.15,12.34,12.03,12.15,6402876.0,79943225.0,807630844.0000001,0.00792797358789333,12.328,12.324,12.801499999999999,14.1625,32.27272706735539,12647291.75,14.236333333333334,True,True,14.41
2026-06-08,11.95,12.2,11.82,12.08,7970653.0,98183293.0,807630844.0000001,0.009869178547618717,12.23,12.281,12.705499999999999,14.142333333333333,25.71428554285717,11792513.6,14.219,True,True,14.0
2026-06-09,12.03,12.09,11.85,12.0,6807110.0,83490965.0,807630844.0000001,0.008428491866761837,12.156,12.244,12.620000000000001,14.120666666666667,25.233644694733186,11196031.8,14.206666666666667,True,True,13.72
2026-06-10,11.96,12.14,11.86,11.89,7274956.0,89290952.0,807630844.0000001,0.009007773853669214,12.059999999999999,12.221,12.5285,14.095499999999998,24.770642042757373,10971124.6,14.194833333333333,True,True,13.72
2026-06-11,11.88,11.89,11.58,11.65,7659892.0,91788439.0,807630844.0000001,0.009484397552305467,11.954,12.183000000000002,12.439,14.063500000000001,25.352112509422767,10387139.35,14.176833333333331,True,True,13.44
2026-06-12,11.75,11.75,11.5,11.63,9404900.0,112120941.0,807630844.0000001,0.011645048068520769,11.85,12.089,12.363499999999998,14.034333333333334,27.5510202113703,10053256.85,14.1625,True,True,13.14
2026-06-15,11.71,11.85,11.62,11.8,7448109.0,89664035.0,807630844.0000001,0.009222170073534238,11.794,12.011999999999999,12.306999999999999,14.008166666666666,35.678391708795274,9853742.4,14.142333333333333,True,True,13.1
2026-06-16,11.88,12.12,11.76,11.94,9881248.0,120724753.0,807630844.0000001,0.012234857142231678,11.782,11.969,12.248999999999999,13.984166666666669,45.21276562075601,9785976.55,14.120666666666667,True,True,13.1
2026-06-17,11.92,11.92,11.59,11.64,6894682.0,82477946.0,807630844.0000001,0.008536922594303492,11.732000000000001,11.895999999999999,12.178,13.960166666666668,40.6698561869005,9561124.05,14.095499999999998,True,True,13.06
2026-06-18,11.68,11.71,11.3,11.31,8786712.0,100840464.0,807630844.0000001,0.010879614201559641,11.664000000000001,11.809000000000001,12.094,13.931999999999999,16.4893615793345,9317061.8,14.063500000000001,True,True,12.99
2026-06-22,11.26,11.45,10.92,11.38,10475849.0,116565702.0,807630844.0000001,0.012971085834359242,11.614,11.732000000000001,12.028,13.916833333333333,19.487179347271507,9187817.95,14.034333333333334,True,True,12.7
2026-06-23,11.3,11.49,11.25,11.3,5934961.0,67502359.0,807630844.0000001,0.007348606165913098,11.514,11.654,11.9675,13.895666666666667,20.765027163546222,8940950.15,14.008166666666666,True,True,12.57
2026-06-24,11.3,11.36,10.95,11.12,6708200.0,74577567.0,807630844.0000001,0.008306022547103215,11.35,11.565999999999999,11.905,13.862666666666668,18.90547250513599,8812232.5,13.984166666666669,True,True,12.57
2026-06-25,11.06,11.25,10.93,10.99,8570900.0,94767317.0,807630844.0000001,0.010612398057447146,11.22,11.476,11.8485,13.805833333333332,19.487179347271507,8755964.8,13.960166666666668,True,True,12.57
2026-06-26,11.0,11.05,10.68,10.77,8997145.0,97479660.0,807630844.0000001,0.01114017012455755,11.112,11.388,11.7855,13.743500000000001,17.757009229627016,8733009.0,13.931999999999999,True,True,12.57
2026-06-29,10.77,11.08,10.58,11.01,8039895.0,87616165.0,807630844.0000001,0.009954913262327062,11.038,11.326,11.7075,13.680833333333334,26.8398266771612,8172668.85,13.916833333333333,True,True,12.57
2026-06-30,11.01,11.12,10.83,11.08,7570219.0,83164927.0,807630844.0000001,0.009373365388704742,10.994,11.254000000000001,11.633,13.624166666666666,29.9999998173913,8046898.15,13.895666666666667,True,True,12.57
2026-07-01,11.11,11.29,11.02,11.22,6615283.0,73972153.0,807630844.0000001,0.008190973696888672,11.014,11.182,11.5755,13.564166666666667,35.62231738252686,7991240.3,13.862666666666668,True,True,12.37
2026-07-02,11.29,11.54,11.2,11.29,7518933.0,85375358.0,807630844.0000001,0.009309863603971022,11.074,11.147,11.5215,13.508166666666666,41.6666663966049,7807522.55,13.805833333333332,True,True,12.37
2026-07-03,11.3,11.73,11.25,11.62,9223788.0,106694736.0,807630844.0000001,0.011420797098729922,11.244,11.178,11.493500000000001,13.466833333333334,49.79757056794896,7909315.55,13.743500000000001,True,True,12.18
2026-07-06,11.53,11.8,11.53,11.66,6814552.0,79444567.0,807630844.0000001,0.00843770647273595,11.373999999999999,11.206,11.469000000000001,13.422500000000001,47.008546727299276,7929899.35,13.680833333333334,False,True,12.15
2026-07-07,11.65,11.77,11.34,11.38,6595900.0,75726016.0,807630844.0000001,0.008166973870552175,11.434000000000001,11.214,11.434000000000001,13.367333333333335,38.709677200832495,7861161.7,13.624166666666666,False,False,12.08
2026-07-08,11.31,11.53,11.23,11.33,4980699.0,56506861.0,807630844.0000001,0.006167049013794227,11.456,11.235000000000001,11.4005,13.3135,43.04932708399525,7769841.15,13.564166666666667,True,False,12.0
2026-07-09,11.26,11.32,11.0,11.04,6414293.0,71094985.0,807630844.0000001,0.007942109996977776,11.406,11.239999999999998,11.358,13.2475,43.83561615812846,7726808.0,13.508166666666666,True,True,11.94
2026-07-10,11.06,11.39,10.9,11.23,6130449.0,68410928.0,807630844.0000001,0.007590657347405616,11.328,11.286,11.337,13.189166666666667,46.753246469893746,7650335.85,13.466833333333334,True,True,11.94
2026-07-13,11.12,11.35,11.11,11.22,4939824.0,55360526.0,807630844.0000001,0.006116438019546464,11.24,11.306999999999999,11.316500000000001,13.12,48.21428541294643,7427082.05,13.422500000000001,True,True,11.94
2026-07-14,11.2,11.45,11.15,11.38,5487991.0,62197484.0,807630844.0000001,0.006795172622208568,11.24,11.337,11.2955,13.027833333333332,55.85585550361174,7329076.15,13.367333333333335,True,True,11.94
2026-07-15,10.95,11.38,10.65,11.38,10892944.0,120761057.0,807630844.0000001,0.013487528467894916,11.25,11.353,11.267500000000002,12.926833333333333,59.33014314324306,7379660.95,13.3135,False,True,11.94
2026-07-16,11.32,11.59,11.27,11.54,6903412.0,79289230.0,807630844.0000001,0.008547731988304299,11.35,11.378,11.2625,12.830666666666668,68.96551676575504,7380097.45,13.2475,False,False,11.66
2026-07-17,11.53,11.69,11.25,11.28,7561774.0,86692795.0,807630844.0000001,0.009362908878700525,11.360000000000001,11.344,11.261,12.725,56.58536546722188,7318850.55,13.189166666666667,False,False,11.66
2026-07-20,11.28,11.5,11.22,11.43,7132120.0,81173157.0,807630844.0000001,0.008830915823715122,11.402,11.321000000000002,11.263499999999999,12.625499999999999,58.21596205867442,7151664.1,13.12,False,False,11.66
2026-07-21,11.38,11.63,11.33,11.5,9024200.0,103969608.0,807630844.0000001,0.011173669340444356,11.426,11.333,11.2735,12.525833333333333,56.79611611886133,7306126.05,13.027833333333332,False,False,11.66
2026-07-22,11.45,11.47,11.12,11.26,9307172.0,104651826.0,807630844.0000001,0.011524042288805898,11.402,11.325999999999999,11.2805,12.412833333333333,49.32735395041124,7436074.65,12.926833333333333,False,False,11.66
2026-07-23,11.21,11.36,11.15,11.33,4705889.0,53029317.0,807630844.0000001,0.005826782167819236,11.36,11.355,11.2975,12.297,42.63959360560698,7242824.1,12.830666666666668,True,False,11.66
2026-07-24,11.48,11.5,11.07,11.11,5948200.0,66906797.0,807630844.0000001,0.007364998556196795,11.325999999999999,11.343,11.314499999999999,12.207833333333333,37.209302083288264,7090376.85,12.725,False,True,11.66
2026-07-27,10.89,11.32,10.89,11.26,5056393.0,56645337.0,807630844.0000001,0.006260772526909583,11.291999999999998,11.347,11.327,12.136666666666667,47.029702644348575,6941201.75,12.625499999999999,True,False,11.66
2026-07-28,11.25,11.4,11.15,11.35,4678000.0,52907381.0,807630844.0000001,0.005792250301921356,11.261999999999999,11.344,11.3405,12.065833333333334,50.48543655009897,6796590.8,12.525833333333333,True,True,11.66
2026-07-29,11.36,11.57,11.35,11.5,9078137.0,104417426.0,807630844.0000001,0.011240453565441092,11.309999999999999,11.356,11.354499999999998,12.011666666666667,61.97916621473525,6919733.5,12.412833333333333,False,True,11.66
2026-07-30,11.51,11.91,11.43,11.78,10631750.0,125073246.0,807630844.0000001,0.013164120809630692,11.4,11.38,11.379,11.970833333333333,63.6815915962476,7075374.35,12.297,False,False,11.66
2026-07-31,11.68,11.9,11.61,11.83,9245114.0,108942556.0,807630844.0000001,0.01144720272719054,11.544,11.435,11.3895,11.932500000000001,64.87804833741819,7076440.65,12.207833333333333,False,False,11.78
2026-08-03,11.87,11.96,11.76,11.85,5623148.0,66720181.0,807630844.0000001,0.0069625225952861195,11.661999999999999,11.477,11.399,11.889833333333335,62.30366446478987,7016870.45,12.136666666666667,False,False,11.83
2026-08-04,11.9,11.91,11.6,11.63,7516900.0,88105599.0,807630844.0000001,0.009307346364795348,11.718,11.489999999999998,11.4115,11.850333333333335,55.868544233727874,7062920.45,12.065833333333334,False,False,11.85
2026-08-05,11.62,11.66,11.49,11.63,7216569.0,83630026.0,807630844.0000001,0.008935479685567828,11.744,11.527,11.4265,11.815666666666667,52.28426358782761,7174713.95,12.011666666666667,False,False,11.85
2026-08-06,11.81,12.33,11.67,12.31,27179044.0,328212549.0,807630844.0000001,0.03365280586039628,11.85,11.625,11.489999999999998,11.792166666666667,71.54811673570143,8212951.5,11.970833333333333,False,False,11.85
2026-08-07,12.18,12.18,11.86,12.06,17160198.0,205984418.0,807630844.0000001,0.021247576324611,11.896,11.719999999999999,11.5315,11.769166666666669,62.65060205738619,8764438.95,11.932500000000001,False,False,12.31
