日期,开盘,最高,最低,收盘,成交量,amount,outstanding_share,turnover,MA5,MA10,MA20,MA60,RSI14,Vol_MA20,MA60_prev5,MA20_prev5,MA20_break_1,MA20_break_2,High_20,成交额估算,Amount_MA20
2021-04-12,3.77,3.77,3.72,3.75,4138206.0,15621747.0,884859969.0,0.004676678960487589,3.7659999999999996,3.8419999999999996,3.9075,3.818166666666667,47.169810905423056,14030048.5,3.819166666666667,3.9205000000000005,True,True,4.53,15518272.5,58143071.24100001
2021-04-13,3.75,3.8,3.73,3.77,4210905.0,15974583.0,884859969.0,0.004758837722943708,3.7640000000000002,3.803,3.907,3.821166666666667,44.370860515766864,14139153.75,3.8171666666666666,3.9145000000000003,True,True,4.53,15875111.85,58553383.6335
2021-04-14,3.75,3.79,3.73,3.76,4558400.0,17293893.0,884859969.0,0.0051515495781231345,3.7560000000000002,3.783,3.9035,3.8241666666666663,37.03703665294923,14247083.55,3.8171666666666666,3.9115,True,True,4.53,17139584.0,58950800.36749999
2021-04-15,3.75,3.8,3.74,3.77,6274477.0,23907693.0,884859969.0,0.007090926496642092,3.7640000000000002,3.7689999999999997,3.901,3.827,9.574467942507951,14470442.4,3.817,3.9099999999999993,True,True,4.53,23654778.29,59788344.98200001
2021-04-16,3.77,4.14,3.76,4.07,47152388.0,194145935.0,884859969.0,0.05328796606460564,3.8239999999999994,3.7980000000000005,3.9144999999999994,3.8345,39.39393883685341,16737323.95,3.817833333333333,3.9085,True,True,4.53,191910219.16000003,69039052.11
2021-04-19,3.98,4.24,3.86,3.91,43002682.0,173113508.0,884859969.0,0.048598290697451585,3.8560000000000003,3.811,3.9200000000000004,3.8385000000000002,37.86407715524557,18787892.55,3.818166666666667,3.9075,False,True,4.53,168140486.62,77067727.54100001
2021-04-20,3.86,4.0,3.83,3.88,20559879.0,81518879.0,884859969.0,0.023235178130201976,3.878,3.821,3.9219999999999997,3.8411666666666666,45.34883647106545,19625970.9,3.821166666666667,3.907,True,False,4.53,79772330.52,80327068.16300002
2021-04-21,3.86,3.91,3.8,3.82,12441100.0,48325854.0,884859969.0,0.014059964780709838,3.8899999999999997,3.8230000000000004,3.9159999999999995,3.8426666666666667,44.8275854855331,19873150.9,3.8241666666666663,3.9035,True,True,4.53,47525002.0,81226310.76300001
2021-04-22,3.82,3.85,3.79,3.8,6071501.0,23392460.0,884859969.0,0.006861538788856658,3.896,3.8299999999999996,3.9005,3.8444999999999996,51.31578852839337,19270902.05,3.827,3.901,True,True,4.53,23071703.8,78656959.724
2021-04-23,3.81,3.83,3.75,3.75,7764816.0,29528934.0,884859969.0,0.008775191863154565,3.832,3.8280000000000003,3.8615000000000004,3.8449999999999998,48.14814731595796,16332501.6,3.8345,3.9144999999999994,True,True,4.53,29118060.0,65043177.8615
2021-04-26,3.79,3.8,3.74,3.75,4892445.0,18561702.0,884859969.0,0.005529061288114391,3.8,3.8280000000000003,3.835,3.8453333333333335,48.14814731595796,13727995.8,3.8385000000000002,3.9200000000000004,True,True,4.28,18346668.75,53766243.245000005
2021-04-27,3.77,3.78,3.72,3.75,4645800.0,17518503.0,884859969.0,0.005250322268788272,3.774,3.8259999999999996,3.8145000000000002,3.8471666666666664,46.83544220797952,12536710.8,3.8411666666666666,3.9219999999999997,True,True,4.16,17421750.0,48715258.745
2021-04-28,3.76,3.77,3.74,3.76,3354100.0,12683586.0,884859969.0,0.0037905432695644974,3.7619999999999996,3.8259999999999996,3.8044999999999995,3.8488333333333333,52.05479352223682,11520528.55,3.8426666666666667,3.9159999999999995,True,True,4.07,12611416.0,44657636.035000004
2021-04-29,3.74,3.76,3.66,3.68,6446400.0,23971752.0,884859969.0,0.0072852205160611125,3.7379999999999995,3.817,3.793,3.8476666666666666,44.15584335301065,11294724.8,3.8444999999999996,3.9005,True,True,4.07,23722752.0,43700609.7725
2021-04-30,3.68,3.7,3.6,3.61,4836700.0,17769824.0,884859969.0,0.005466062619451598,3.71,3.771,3.7845,3.8453333333333335,41.463413926234395,10619549.15,3.8449999999999998,3.8615000000000004,True,True,4.07,17460487.0,41107333.865499996
2021-05-06,3.59,3.63,3.53,3.63,3550220.0,12862831.0,884859969.0,0.004012182858732081,3.686,3.743,3.7769999999999997,3.8441666666666667,41.463413926234395,10376124.05,3.8453333333333335,3.835,True,True,4.07,12887298.6,40160560.3375
2021-05-07,3.64,3.71,3.61,3.69,3521669.0,13055676.0,884859969.0,0.003979916736407362,3.6739999999999995,3.7239999999999993,3.7724999999999995,3.8429999999999995,45.97701075439294,10212832.5,3.8471666666666664,3.8145000000000002,True,True,4.07,12994958.61,39527470.768
2021-05-10,3.7,3.84,3.68,3.77,7520066.0,28561366.0,884859969.0,0.008498594425622615,3.6759999999999997,3.719,3.771,3.8423333333333334,49.99999925531916,10310455.8,3.8488333333333333,3.8044999999999995,True,True,4.07,28350648.82,39887159.20900001
2021-05-11,3.73,3.74,3.62,3.66,6624284.0,24596192.0,884859969.0,0.007486251194622638,3.6719999999999997,3.7050000000000005,3.7675000000000005,3.842,22.666666243555554,10321296.15,3.8476666666666666,3.793,True,True,4.07,24244879.44,39904408.72050001
2021-05-12,3.65,3.84,3.63,3.8,8141339.0,30744754.0,884859969.0,0.009200708909004788,3.71,3.71,3.7689999999999997,3.8429999999999995,42.465752610245815,10485368.85,3.8453333333333335,3.7845,True,True,4.07,30937088.2,40535174.808000006
2021-05-13,3.76,3.81,3.74,3.75,5648396.0,21422811.0,884859969.0,0.006383378385151018,3.7339999999999995,3.71,3.7689999999999997,3.843666666666666,41.33333256177779,10560878.35,3.8441666666666667,3.7769999999999997,False,True,4.07,21181485.0,40818335.433000006
2021-05-14,3.8,3.82,3.72,3.78,5597300.0,21363687.0,884859969.0,0.006325633655148434,3.752,3.713,3.7695,3.844333333333333,47.22222130401236,10630198.1,3.8429999999999995,3.7724999999999995,True,False,4.07,21157794.0,41082469.5405
2021-05-17,3.78,3.8,3.7,3.71,4893300.0,18382253.0,884859969.0,0.005530027542696984,3.7399999999999998,3.7080000000000006,3.7669999999999995,3.842833333333333,44.15584335301064,10646943.1,3.8423333333333334,3.771,False,True,4.07,18154143.0,41133197.4905
2021-05-18,3.71,3.75,3.69,3.72,3122013.0,11691248.0,884859969.0,0.0035282565709558052,3.7520000000000002,3.7120000000000006,3.7644999999999995,3.8423333333333334,47.94520455995499,10489319.9,3.842,3.7675000000000005,True,False,4.07,11613888.360000001,40531152.994
2021-05-19,3.72,3.8,3.69,3.78,4936688.0,18672599.0,884859969.0,0.0055790612898660805,3.7479999999999998,3.729,3.75,3.8421666666666665,51.89873325749079,8378534.9,3.8429999999999995,3.7689999999999997,True,True,4.07,18660680.64,31868676.068
2021-05-20,3.78,3.85,3.74,3.81,7371976.0,28253898.0,884859969.0,0.008331234611428104,3.7600000000000002,3.747,3.7449999999999997,3.8415000000000004,53.65853566924452,6596999.6,3.843666666666666,3.7689999999999997,False,True,3.91,28087228.56,24866013.165
2021-05-21,3.8,3.8,3.73,3.77,5440100.0,20729467.0,884859969.0,0.0061479784266294454,3.758,3.7550000000000003,3.7394999999999996,3.8391666666666664,50.588234460899685,5841010.65,3.844333333333333,3.7695,False,False,3.88,20509177.0,21902855.489
2021-05-24,3.74,3.83,3.74,3.79,4307801.0,16520900.0,884859969.0,0.00486834205514839,3.7739999999999996,3.757,3.7380000000000004,3.8378333333333337,56.9620243070021,5434345.7,3.842833333333333,3.7669999999999995,False,False,3.82,16326565.790000001,20342933.6785
2021-05-25,3.79,3.8,3.75,3.79,3333801.0,12684118.0,884859969.0,0.003767602916614708,3.7880000000000003,3.7699999999999996,3.7375,3.837,62.49999878472227,5297460.7,3.8423333333333334,3.7644999999999995,False,False,3.81,12635105.790000001,19821103.777999997
2021-05-26,3.8,3.85,3.77,3.79,4556476.0,17538898.0,884859969.0,0.005149375222781719,3.79,3.7689999999999997,3.7394999999999996,3.8368333333333333,61.428570200000046,5137043.7,3.8421666666666665,3.75,False,False,3.81,17269044.04,19228652.979999997
2021-05-27,3.79,3.81,3.78,3.8,3163600.0,12128228.0,884859969.0,0.003575254967828701,3.7880000000000003,3.774,3.7419999999999995,3.8356666666666666,58.4615372023669,5050601.45,3.8415000000000004,3.7449999999999997,False,False,3.81,12021680.0,18912403.542499997
2021-05-28,3.8,3.8,3.74,3.76,3985800.0,15139099.0,884859969.0,0.004504441538365038,3.786,3.772,3.7424999999999997,3.8325,49.180326740123625,5017601.45,3.8391666666666664,3.7394999999999996,False,False,3.81,14986608.0,18790646.4425
2021-05-31,3.75,3.77,3.74,3.77,2451919.0,9285100.0,884859969.0,0.0027709683858463713,3.782,3.7779999999999996,3.743,3.829333333333333,60.78431205690124,4972492.4,3.8378333333333337,3.7380000000000004,False,False,3.81,9243734.63,18622262.373999998
2021-06-01,3.8,3.92,3.8,3.87,10897763.0,42507679.0,884859969.0,0.01231580519154438,3.7980000000000005,3.793,3.7525,3.8273333333333333,57.44680679945686,5195060.55,3.837,3.7375,False,False,3.81,42174342.81,19544841.914499998
2021-06-02,3.87,3.89,3.8,3.8,8293109.0,31964876.0,884859969.0,0.009372227573332566,3.8,3.7949999999999995,3.7619999999999996,3.825,55.10203924198253,5367881.0,3.8368333333333333,3.7394999999999996,False,False,3.87,31513814.2,20247508.274499997
2021-06-03,3.79,3.83,3.79,3.8,3711000.0,14244310.0,884859969.0,0.004193883925152455,3.8,3.7940000000000005,3.7704999999999997,3.822666666666666,52.17391145557661,5375920.0,3.8356666666666666,3.7419999999999995,False,False,3.87,14101800.0,20308233.344499998
2021-06-04,3.78,3.8,3.77,3.77,3301811.0,12587075.0,884859969.0,0.0037314503036355575,3.8020000000000005,3.7939999999999996,3.7745000000000006,3.8205,57.1428552380953,5364927.1,3.8325,3.7424999999999997,False,False,3.87,12447827.47,20280876.7875
2021-06-07,3.78,3.79,3.75,3.77,3254700.0,12358441.0,884859969.0,0.0036782091110734833,3.8019999999999996,3.7920000000000003,3.7744999999999997,3.819,56.097559060083334,5151658.8,3.829333333333333,3.743,True,False,3.87,12270219.0,19476855.2965
2021-06-08,3.76,3.78,3.76,3.77,3549953.0,13484223.0,884859969.0,0.004011881116072954,3.782,3.79,3.78,3.819166666666667,48.57142662857154,4997942.25,3.8273333333333333,3.7525,True,True,3.87,13383322.81,18933777.465
2021-06-09,3.79,3.79,3.75,3.76,2822528.0,10708137.0,884859969.0,0.0031898018883030747,3.7739999999999996,3.7870000000000004,3.778,3.8185,42.42424062442613,4732001.7,3.825,3.7619999999999996,True,True,3.87,10612705.28,17917558.319
2021-06-10,3.76,3.83,3.76,3.79,4491951.0,17157721.0,884859969.0,0.0050764540801596595,3.772,3.786,3.78,3.818833333333333,53.124997675781344,4674179.45,3.822666666666666,3.7704999999999997,True,True,3.87,17024494.29,17709708.7835
2021-06-11,3.81,3.89,3.8,3.8,7824800.0,30357198.0,884859969.0,0.008842981120326847,3.778,3.79,3.781,3.8191666666666664,51.61290089490121,4785554.45,3.8205,3.7745000000000006,False,True,3.87,29734240.0,18138531.0835
2021-06-15,3.79,3.81,3.7,3.71,5893000.0,22262677.0,884859969.0,0.006659810824824419,3.7659999999999996,3.7840000000000003,3.781,3.8171666666666666,39.999998600000055,4835539.45,3.819,3.7744999999999997,False,False,3.87,21863030.0,18323975.4335
2021-06-16,3.74,3.74,3.65,3.71,5612810.0,20844913.0,884859969.0,0.00634316185231338,3.754,3.768,3.7805,3.8153333333333337,39.999998600000055,4960079.3,3.819166666666667,3.78,True,False,3.87,20823525.1,18784457.2705
2021-06-17,3.71,3.72,3.66,3.67,2581554.0,9580144.0,884859969.0,0.0029174717926470015,3.7359999999999998,3.755,3.775,3.8131666666666666,34.88371979448358,4842322.6,3.8185,3.778,True,True,3.87,9474303.18,18325138.3975
2021-06-18,3.65,3.67,3.62,3.65,3179678.0,11692031.0,884859969.0,0.003593425074470738,3.7079999999999997,3.7399999999999998,3.7670000000000003,3.8106666666666666,36.585364604402216,4632707.7,3.818833333333333,3.78,True,True,3.87,11605824.7,17501068.2045
2021-06-21,3.65,3.67,3.6,3.62,4018512.0,14715112.0,884859969.0,0.004541410099658379,3.6719999999999997,3.725,3.7595000000000005,3.8070000000000004,32.55813847485132,4561628.3,3.8191666666666664,3.781,True,True,3.87,14547013.440000001,17202960.0265
2021-06-22,3.63,3.63,3.59,3.61,3366801.0,12247591.0,884859969.0,0.0038048969531358696,3.6519999999999997,3.7089999999999996,3.7505,3.8015,11.764705397923905,4514578.3,3.8171666666666666,3.781,True,True,3.87,12154151.61,16994339.317500003
2021-06-23,3.61,3.68,3.59,3.65,3199471.0,11734554.0,884859969.0,0.0036157935855272035,3.6399999999999997,3.697,3.7434999999999996,3.793833333333333,25.806450447450644,4507861.8,3.8153333333333337,3.7805,True,True,3.87,11678069.15,16946487.4855
2021-06-24,3.65,3.67,3.62,3.66,2624522.0,9662046.0,884859969.0,0.0029660308884421915,3.6380000000000003,3.687,3.7369999999999997,3.779333333333333,28.124998769531373,4411264.1,3.8131666666666666,3.775,True,True,3.87,9605750.52,16563322.8095
2021-06-25,3.66,3.67,3.63,3.66,3042354.0,11174843.0,884859969.0,0.003438232157160677,3.6399999999999997,3.6739999999999995,3.7300000000000004,3.7689999999999997,31.034481260404405,4405201.8,3.8106666666666666,3.7670000000000003,True,True,3.87,11135015.64,16518989.5915
2021-06-28,3.65,3.66,3.63,3.65,2239500.0,8234567.0,884859969.0,0.002530908933004291,3.646,3.6590000000000003,3.7245,3.7605,29.999998600000097,4317886.8,3.8070000000000004,3.7595000000000005,True,True,3.87,8174175.0,16178367.941499999
2021-06-29,3.65,3.65,3.59,3.6,2927400.0,10651241.0,884859969.0,0.003308320076122689,3.6440000000000006,3.6479999999999997,3.716,3.7544999999999997,25.71428468571436,4341660.85,3.8015,3.7505,True,True,3.87,10538640.0,16243113.209999999
2021-06-30,3.58,3.61,3.57,3.58,2671100.0,9661163.0,884859969.0,0.003018669725808333,3.6300000000000003,3.6350000000000002,3.7015000000000002,3.749,24.999999027777875,3930327.7,3.793833333333333,3.7434999999999996,True,True,3.87,9562538.0,14612522.9695
2021-07-01,3.59,3.61,3.57,3.57,1753800.0,6361159.0,884859969.0,0.0019820085227519203,3.6120000000000005,3.625,3.69,3.7455,17.647058096885843,3603362.25,3.779333333333333,3.7369999999999997,True,True,3.8,6261066.0,13349885.5595
2021-07-02,3.55,3.57,3.53,3.53,1944247.0,6945266.0,884859969.0,0.0021972369280048197,3.586,3.6129999999999995,3.6765,3.741333333333333,13.51351300219146,3515024.6,3.7689999999999997,3.7300000000000004,True,True,3.8,6863191.909999999,12987955.155
2021-07-05,3.53,3.57,3.52,3.56,1660302.0,5947056.0,884859969.0,0.0018763443461865998,3.568,3.607,3.6659999999999995,3.7376666666666667,25.8064504474507,3432949.15,3.7605,3.7245,True,True,3.8,5910675.12,12661097.5375
2021-07-06,3.57,3.59,3.56,3.57,1582900.0,5703134.0,884859969.0,0.0017888706184650558,3.562,3.603,3.6559999999999997,3.7338333333333336,28.12499876953133,3349359.15,3.7544999999999997,3.716,True,True,3.8,5650953.0,12330134.2375
2021-07-07,3.56,3.58,3.55,3.57,1768100.0,6354415.0,884859969.0,0.00199816927191109,3.56,3.595,3.646,3.7311666666666663,32.14285553571439,3260266.5,3.749,3.7015000000000002,True,True,3.8,6312117.0,11976573.947
2021-07-08,3.59,3.59,3.53,3.54,1524600.0,5459912.0,884859969.0,0.0017229844872776701,3.554,3.5829999999999997,3.6349999999999993,3.7273333333333336,31.034481260404405,3195370.1,3.7455,3.69,True,True,3.8,5397084.0,11715792.883
2021-07-09,3.52,3.54,3.5,3.53,2281900.0,8104353.0,884859969.0,0.00257882611932239,3.554,3.5700000000000003,3.622,3.723666666666667,33.333331604938365,3084867.55,3.741333333333333,3.6765,True,True,3.8,8055107.0,11267323.5185
2021-07-12,3.55,3.56,3.51,3.52,2089200.0,7455184.0,884859969.0,0.002361051548485182,3.5460000000000003,3.5569999999999995,3.6079999999999997,3.7194999999999996,33.33333160493842,2798087.55,3.7376666666666667,3.6659999999999995,True,True,3.8,7353984.0,10148310.7185
2021-07-13,3.54,3.55,3.51,3.55,1685100.0,5994961.0,884859969.0,0.0019043691194487746,3.5420000000000003,3.5519999999999996,3.6,3.716,30.769229112426117,2587692.55,3.7338333333333336,3.6559999999999997,True,True,3.71,5982105.0,9354264.4685
2021-07-14,3.55,3.56,3.52,3.53,1975158.0,7035510.0,884859969.0,0.00223217013900196,3.534,3.5469999999999997,3.591,3.712,25.925924581618673,2405809.95,3.7311666666666663,3.646,True,True,3.71,6972307.739999999,8661703.6005
2021-07-15,3.57,3.62,3.55,3.6,3692981.0,13343034.0,884859969.0,0.004173520251089582,3.5460000000000003,3.55,3.5875,3.7041666666666666,41.17646889273364,2461381.3,3.7273333333333336,3.6349999999999993,True,True,3.67,13294731.6,8852725.0215
2021-07-16,3.6,3.61,3.57,3.57,2403728.0,8689879.0,884859969.0,0.002716506661179968,3.554,3.554,3.5835,3.6985,38.888887376543266,2422583.8,3.723666666666667,3.622,False,True,3.66,8581308.959999999,8701499.2345
2021-07-19,3.57,3.59,3.54,3.55,1461864.0,5232129.0,884859969.0,0.0016520851334839851,3.56,3.553,3.5799999999999996,3.693,42.42424062442613,2294751.4,3.7194999999999996,3.6079999999999997,True,False,3.66,5189617.2,8233629.422500001
2021-07-20,3.54,3.55,3.51,3.55,1786047.0,6346063.0,884859969.0,0.0020184515771670083,3.56,3.5509999999999997,3.5769999999999995,3.6885,45.161288283038566,2215713.7,3.716,3.6,True,True,3.66,6340466.85,7942945.1844999995
2021-07-21,3.56,3.59,3.54,3.56,2161600.0,7775886.0,884859969.0,0.002442872404367973,3.566,3.55,3.5725000000000002,3.6845,48.38709458896996,2163820.15,3.712,3.591,True,True,3.66,7695296.0,7743806.527
2021-07-22,3.57,3.57,3.54,3.55,1857770.0,6656587.0,884859969.0,0.002099507340239956,3.5559999999999996,3.5509999999999997,3.567,3.681166666666667,53.57142589285726,2125482.55,3.7041666666666666,3.5875,True,True,3.66,6595083.5,7593273.176000001
2021-07-23,3.55,3.55,3.47,3.49,3234816.0,11424637.0,884859969.0,0.0036557377588860053,3.54,3.5469999999999997,3.5584999999999996,3.6768333333333336,38.709675671175965,2135105.65,3.6985,3.5835,True,True,3.66,11289507.84,7600997.786
2021-07-26,3.47,3.47,3.39,3.41,3754000.0,12965767.0,884859969.0,0.004242479184861848,3.5119999999999996,3.536,3.5465000000000004,3.6711666666666667,28.94736735457073,2210830.65,3.693,3.5799999999999996,True,True,3.65,12801140.0,7832346.036
2021-07-27,3.41,3.43,3.35,3.36,3115300.0,10620109.0,884859969.0,0.003520670059829546,3.474,3.5170000000000003,3.5345,3.6644999999999994,25.581394515954642,2220225.65,3.6885,3.5769999999999995,True,True,3.6,10467408.0,7828784.436
2021-07-28,3.36,3.36,3.25,3.27,3197100.0,10599876.0,884859969.0,0.003613114065509274,3.4159999999999995,3.4909999999999997,3.5189999999999997,3.6576666666666666,22.448978950437365,2246525.65,3.6845,3.5725000000000002,True,True,3.6,10454517.0,7873383.386
2021-07-29,3.29,3.39,3.28,3.35,2463102.0,8322204.0,884859969.0,0.0027836065437377698,3.376,3.4659999999999997,3.508,3.6533333333333333,33.9285705803572,2281990.75,3.681166666666667,3.567,True,True,3.6,8251391.7,7972899.670999999
2021-07-30,3.36,3.36,3.28,3.35,2492212.0,8363083.0,884859969.0,0.0028165044044387096,3.3480000000000003,3.444,3.499,3.6486666666666663,34.54545366611575,2309389.0,3.6768333333333336,3.5584999999999996,True,True,3.6,8348910.2,8047185.5855
2021-08-02,3.35,3.38,3.32,3.38,2502702.0,8457000.0,884859969.0,0.0028283593875631638,3.342,3.4270000000000005,3.4899999999999998,3.6435000000000004,34.54545366611575,2351509.0,3.6711666666666667,3.5465000000000004,True,True,3.6,8459132.76,8174608.467499999
2021-08-03,3.37,3.45,3.36,3.41,2900995.0,9964221.0,884859969.0,0.0032784791962941653,3.3519999999999994,3.4130000000000003,3.482,3.6375,39.2857133035715,2417413.75,3.6644999999999994,3.5345,True,True,3.6,9892392.950000001,8386680.464999999
2021-08-04,3.41,3.41,3.35,3.36,2711400.0,9233076.0,884859969.0,0.003064213655256903,3.37,3.393,3.4715,3.6325,27.777777057613207,2464578.75,3.6576666666666666,3.5189999999999997,True,True,3.6,9110304.0,8526589.815
2021-08-05,3.35,3.35,3.3,3.31,1695881.0,5691409.0,884859969.0,0.0019165529681680062,3.3620000000000005,3.3689999999999998,3.4599999999999995,3.6243333333333334,26.78571361607149,2473142.8,3.6533333333333333,3.508,True,True,3.6,5613366.11,8537403.9205
2021-08-06,3.31,3.32,3.28,3.3,1806502.0,5999494.0,884859969.0,0.0020415682291985344,3.3519999999999994,3.35,3.4485,3.6168333333333336,27.272726578512447,2449372.9,3.6486666666666663,3.499,True,True,3.6,5961456.6,8432721.4005
2021-08-09,3.3,3.39,3.28,3.39,2372500.0,8010076.0,884859969.0,0.002681215201407761,3.354,3.348,3.4419999999999993,3.6103333333333336,37.49999917968756,2463537.9,3.6435000000000004,3.4899999999999998,True,True,3.6,8042775.0,8467160.9505
2021-08-10,3.4,3.41,3.36,3.38,1466900.0,5007986.0,884859969.0,0.0016577764294815783,3.348,3.35,3.4335,3.604833333333333,35.93749921386721,2452627.9,3.6375,3.482,True,True,3.6,4958122.0,8415961.8005
2021-08-11,3.38,3.4,3.37,3.38,1913267.0,6531469.0,884859969.0,0.002162225738567681,3.3520000000000003,3.3609999999999998,3.4259999999999997,3.599166666666667,36.507935696649064,2449533.35,3.6325,3.4715,True,True,3.6,6466842.46,8390688.5365
2021-08-12,3.37,3.41,3.37,3.37,1723700.0,5879309.0,884859969.0,0.0019479918409553456,3.364,3.3629999999999995,3.4145000000000003,3.5923333333333334,39.65517145659932,2351069.3,3.6243333333333334,3.4599999999999995,True,True,3.6,5808869.0,8016395.4065
2021-08-13,3.39,3.4,3.36,3.4,2077200.0,7077526.0,884859969.0,0.002347490080659305,3.3839999999999995,3.368,3.4059999999999997,3.5855,49.056602477750104,2334742.9,3.6168333333333336,3.4485,True,True,3.57,7062480.0,7940453.958500001
2021-08-16,3.38,3.39,3.37,3.37,1668998.0,5687859.0,884859969.0,0.0018861718898710853,3.38,3.367,3.397,3.5788333333333333,50.98039075740106,2345099.6,3.6103333333333336,3.4419999999999993,True,True,3.56,5624523.26,7962199.261499999
2021-08-17,3.38,3.39,3.32,3.33,1779400.0,6011486.0,884859969.0,0.002010939654113791,3.37,3.3590000000000004,3.386,3.571166666666667,56.521737410208,2344767.25,3.604833333333333,3.4335,True,True,3.56,5925402.0,7941446.018999999
2021-08-18,3.32,3.35,3.32,3.35,2632000.0,8850480.0,884859969.0,0.0029744819431423504,3.364,3.3579999999999997,3.3755,3.5638333333333336,49.99999825000006,2368287.25,3.599166666666667,3.4259999999999997,True,True,3.56,8817200.0,7997541.219
2021-08-19,3.34,3.53,3.33,3.49,8772496.0,30660163.0,884859969.0,0.009913993521386206,3.3880000000000003,3.376,3.3725,3.558833333333333,62.96296133058989,2714023.55,3.5923333333333334,3.4145000000000003,True,True,3.55,30616011.040000003,9198587.596
2021-08-20,3.45,3.58,3.43,3.58,7569575.0,26718949.0,884859969.0,0.008554545651505227,3.4240000000000004,3.404,3.3770000000000002,3.5551666666666666,66.66666511111114,2930761.5,3.5855,3.4059999999999997,False,True,3.49,27099078.5,9989066.128999999
2021-08-23,3.61,3.93,3.61,3.65,24603527.0,94602711.0,884859969.0,0.027804994984466293,3.4799999999999995,3.4299999999999997,3.3890000000000002,3.5533333333333337,68.74999849609375,3973237.85,3.5788333333333333,3.397,False,False,3.58,89802873.55,13839152.806499999
2021-08-24,3.52,3.56,3.43,3.47,17279586.0,60706995.0,884859969.0,0.019528045798622856,3.508,3.439,3.3945,3.5483333333333333,57.14285610389614,4681452.15,3.571166666666667,3.386,False,False,3.65,59960163.42,16313790.5775
2021-08-25,3.45,3.5,3.45,3.48,5550687.0,19471073.0,884859969.0,0.0062729552635011334,3.5340000000000003,3.4490000000000003,3.4050000000000002,3.5418333333333334,61.643834434227834,4799131.5,3.5638333333333336,3.3755,False,False,3.65,19316390.76,16756884.2655
2021-08-26,3.48,3.49,3.46,3.47,4234286.0,14825951.0,884859969.0,0.0047852611128801105,3.5300000000000002,3.4590000000000005,3.411,3.536333333333333,61.64383443422788,4887690.7,3.558833333333333,3.3725,False,False,3.65,14692972.42,17078963.3015
2021-08-27,3.49,3.49,3.41,3.42,4947824.0,17135592.0,884859969.0,0.005591646332008494,3.498,3.461,3.4145000000000003,3.5300000000000002,52.17391198487714,5010471.3,3.5551666666666666,3.3770000000000002,False,False,3.65,16921558.08,17507595.6955
2021-08-30,3.45,3.49,3.42,3.48,6238792.0,21797857.0,884859969.0,0.00705059808169489,3.464,3.472,3.4195,3.5251666666666663,56.75675568298031,5197275.8,3.5533333333333337,3.3890000000000002,False,False,3.65,21710996.16,18170188.865499996
2021-08-31,3.44,3.49,3.44,3.48,4574069.0,15968895.0,884859969.0,0.005169257464736773,3.4659999999999997,3.4870000000000005,3.4229999999999996,3.5203333333333333,56.75675568298031,5280929.5,3.5483333333333333,3.3945,False,False,3.65,15917760.12,18471457.224
2021-09-01,3.49,3.59,3.48,3.57,7761275.0,27606057.0,884859969.0,0.008771190100023613,3.4839999999999995,3.5090000000000003,3.4335,3.5170000000000003,62.19512088935159,5533423.25,3.5418333333333334,3.4050000000000002,False,False,3.65,27707751.75,19401329.6115
2021-09-02,3.59,3.59,3.51,3.55,4704900.0,16824309.0,884859969.0,0.0053171124978307165,3.5,3.5149999999999997,3.4455,3.5135,59.25925823502518,5683874.2,3.536333333333333,3.411,False,False,3.65,16702395.0,19955781.056
2021-09-03,3.52,3.66,3.52,3.64,6610231.0,24060406.0,884859969.0,0.007470369585676217,3.5439999999999996,3.521,3.4625,3.511,65.51724032500994,5924060.65,3.5300000000000002,3.4145000000000003,False,False,3.65,24061240.84,20860770.268
2021-09-06,3.59,3.68,3.59,3.64,5654369.0,20744551.0,884859969.0,0.006390128605761348,3.5759999999999996,3.5200000000000005,3.475,3.5083333333333333,68.67469763681234,6088154.1,3.5251666666666663,3.4195,False,False,3.65,20581903.16,21487726.676
2021-09-07,3.62,3.75,3.62,3.73,6870775.0,25645773.0,884859969.0,0.007764816175111658,3.626,3.5460000000000003,3.4925000000000006,3.508666666666667,71.1111100049383,6358347.85,3.5203333333333333,3.4229999999999996,False,False,3.65,25627990.75,22521220.1135
2021-09-08,3.84,4.0,3.69,3.9,21810689.0,84340568.0,884859969.0,0.024648746427809076,3.692,3.5879999999999996,3.5184999999999995,3.511833333333333,72.04300966816976,7353218.95,3.5170000000000003,3.4335,False,False,3.73,85061687.1,26450962.3455
2021-09-09,3.79,3.83,3.76,3.77,14728798.0,56315360.0,884859969.0,0.016645343349236764,3.7359999999999998,3.618,3.5385000000000004,3.5135,59.7938135699862,8003473.85,3.5135,3.4455,False,False,3.9,55527568.46,28936897.3185
2021-09-10,3.78,3.82,3.71,3.72,7365288.0,28033475.0,884859969.0,0.008323676353359816,3.752,3.6479999999999997,3.5545,3.5146666666666664,53.68420973518008,8267878.25,3.511,3.4625,False,False,3.9,27398871.360000003,29953716.8865
2021-09-13,3.72,3.8,3.7,3.78,5313094.0,20168638.0,884859969.0,0.006004446111405002,3.78,3.678,3.575,3.517333333333333,68.67469763681233,8450083.05,3.5083333333333333,3.475,False,False,3.9,20083495.32,30676665.489500005
2021-09-14,3.78,3.8,3.7,3.72,5540636.0,20940214.0,884859969.0,0.006261596404074643,3.778,3.7019999999999995,3.5945,3.5191666666666666,63.63636262396699,8638144.85,3.508666666666667,3.4925000000000006,False,False,3.9,20611165.92,31410953.685500003
2021-09-15,3.7,3.76,3.67,3.72,4712708.0,17644019.0,884859969.0,0.005325936492896087,3.742,3.7169999999999996,3.6130000000000004,3.5203333333333333,64.36781505615012,8742180.25,3.511833333333333,3.5184999999999995,False,False,3.9,17531273.76,31846657.3735
2021-09-16,3.72,3.76,3.62,3.62,4988153.0,18577388.0,884859969.0,0.0056372230350043104,3.7120000000000006,3.724,3.6195,3.5196666666666667,60.869564291115346,8552963.1,3.5135,3.5385000000000004,False,False,3.9,18057113.86,31218712.5145
2021-09-17,3.62,3.67,3.56,3.61,3829600.0,13920757.0,884859969.0,0.004327916432164873,3.69,3.721,3.6209999999999996,3.5188333333333333,57.47126344299117,8365964.35,3.5146666666666664,3.5545,False,False,3.9,13824856.0,30555001.3895
2021-09-22,3.59,3.63,3.55,3.62,3042286.0,11048688.0,884859969.0,0.003438155308842997,3.658,3.719,3.6195,3.518333333333333,57.95454453254135,7287902.3,3.517333333333333,3.575,True,False,3.9,11013075.32,26615511.478
2021-09-23,3.66,3.75,3.65,3.67,4387700.0,16353041.0,884859969.0,0.004958637698300034,3.6480000000000006,3.713,3.6295,3.5195000000000003,55.95238001984129,6643308.0,3.5191666666666666,3.5945,False,True,3.9,16102859.0,24422646.257
2021-09-24,3.65,3.69,3.63,3.64,3338356.0,12330471.0,884859969.0,0.003772750623776947,3.632,3.6870000000000003,3.6375,3.5204999999999997,55.294116736332214,6532691.45,3.5203333333333333,3.6130000000000004,False,False,3.9,12151615.84,24064407.511
2021-09-27,3.63,3.65,3.52,3.53,3927001.0,14120068.0,884859969.0,0.00443799147614056,3.614,3.6630000000000003,3.6405000000000003,3.519833333333333,43.678160216673255,6517327.2,3.5196666666666667,3.6195,False,False,3.9,13862313.53,24022874.5665
2021-09-28,3.53,3.57,3.51,3.55,2069000.0,7405109.0,884859969.0,0.0023382230776449555,3.6020000000000003,3.646,3.647,3.520166666666667,44.943819517737644,6373386.0,3.5188333333333333,3.6209999999999996,True,False,3.9,7344950.0,23544044.1625
2021-09-29,3.53,3.55,3.48,3.49,2983599.0,10574338.0,884859969.0,0.003371831820318227,3.5759999999999996,3.617,3.6474999999999995,3.5189999999999997,36.0465110411033,6210626.35,3.518333333333333,3.6195,True,True,3.9,10412760.51,22979132.380000003
2021-09-30,3.48,3.6,3.47,3.56,2395099.0,8550561.0,884859969.0,0.002706754835690844,3.554,3.6010000000000004,3.6515,3.5188333333333333,27.631578438365636,6101677.85,3.5195000000000003,3.6295,True,True,3.9,8526552.44,22609571.996
2021-10-08,3.56,3.66,3.56,3.65,3503601.0,12799431.0,884859969.0,0.003959497686350867,3.556,3.5940000000000003,3.6555,3.520166666666667,41.66666585648148,5888794.15,3.5204999999999997,3.6375,True,True,3.9,12788143.65,21863591.591000002
2021-10-11,3.68,3.69,3.61,3.66,2436600.0,8969392.0,884859969.0,0.0027536560420443204,3.582,3.598,3.661,3.5221666666666662,45.58823435553634,5775379.15,3.519833333333333,3.6405000000000003,True,True,3.9,8917956.0,21474369.641000003
2021-10-12,3.66,3.67,3.59,3.63,2669300.0,9756281.0,884859969.0,0.0030166355056344516,3.598,3.6,3.6605,3.523833333333333,38.46153763313612,5578332.6,3.520166666666667,3.647,True,True,3.9,9689559.0,20755785.549000002
2021-10-13,3.74,3.79,3.64,3.69,7039647.0,26349660.0,884859969.0,0.00795566219133595,3.6380000000000003,3.607,3.6630000000000003,3.526666666666667,47.69230666508876,5647596.5,3.5189999999999997,3.6474999999999995,True,True,3.9,25976297.43,21025505.2625
2021-10-14,3.69,3.8,3.66,3.76,7862035.0,29647006.0,884859969.0,0.008885061224868226,3.678,3.6159999999999997,3.6644999999999994,3.5301666666666667,52.77777675154321,5697159.5,3.5188333333333333,3.6515,False,True,3.9,29561251.599999998,21222168.305
2021-10-15,3.76,3.8,3.7,3.71,5153305.0,19448667.0,884859969.0,0.00582386499620258,3.69,3.6229999999999998,3.6550000000000002,3.533166666666667,56.7164167253286,4864290.3,3.520166666666667,3.6555,False,False,3.9,19118761.55,17925022.0275
2021-10-18,3.72,3.76,3.66,3.75,3660619.0,13760776.0,884859969.0,0.00413694723260783,3.7079999999999997,3.6449999999999996,3.654,3.5356666666666667,59.999998800000036,4310881.35,3.5221666666666662,3.661,False,False,3.78,13727321.25,15835009.667000001
2021-10-19,3.75,3.79,3.73,3.76,4558852.0,17297916.0,884859969.0,0.005152060393411243,3.7340000000000004,3.6660000000000004,3.6559999999999997,3.5388333333333337,59.99999880000001,4170559.55,3.523833333333333,3.6605,False,False,3.78,17141283.52,15322130.275
2021-10-20,3.77,3.79,3.71,3.76,4448600.0,16809055.0,884859969.0,0.00502746214751636,3.7479999999999998,3.693,3.655,3.542333333333333,56.92307569704144,4127334.85,3.526666666666667,3.6630000000000003,False,False,3.78,16726735.999999998,15154292.309
2021-10-21,3.79,3.79,3.68,3.7,2795700.0,10498275.0,884859969.0,0.003159482966733689,3.7359999999999998,3.7069999999999994,3.654,3.5448333333333335,54.411763585640166,3990088.05,3.5301666666666667,3.6644999999999994,False,False,3.76,10344090.0,14640938.513
2021-10-22,3.7,3.74,3.67,3.71,2480468.0,9261012.0,884859969.0,0.002803232247926451,3.7359999999999998,3.7129999999999996,3.6534999999999997,3.5473333333333334,65.51723979785979,3878476.05,3.533166666666667,3.6550000000000002,False,False,3.76,9202536.28,14224501.639000002
2021-10-25,3.73,3.75,3.59,3.61,3461500.0,12720956.0,884859969.0,0.003911918406606096,3.7079999999999997,3.7079999999999997,3.653,3.5483333333333333,54.545453388429785,3802143.4,3.5356666666666667,3.654,False,False,3.76,12496015.0,13946446.696
2021-10-26,3.63,3.76,3.58,3.65,4228685.0,15681294.0,884859969.0,0.004778931297772382,3.686,3.71,3.6550000000000002,3.551,62.49999863281252,3822097.65,3.5388333333333337,3.6559999999999997,True,False,3.76,15434700.25,14026938.9085
2021-10-27,3.66,3.66,3.53,3.55,4333301.0,15605659.0,884859969.0,0.0048971601742783775,3.6439999999999997,3.696,3.6515,3.5533333333333332,49.25373031410114,3886648.4,3.542333333333333,3.655,True,True,3.76,15383218.549999999,14245446.069999998
2021-10-28,3.54,3.56,3.47,3.51,3649485.0,12890203.0,884859969.0,0.004124364450710054,3.6059999999999994,3.6710000000000003,3.6435000000000004,3.5558333333333336,38.70967654526535,3849737.65,3.5448333333333335,3.654,True,True,3.76,12809692.35,14080787.7375
2021-10-29,3.51,3.65,3.5,3.62,3382900.0,12240558.0,884859969.0,0.0038230907923466023,3.588,3.6620000000000004,3.6424999999999996,3.5616666666666665,47.22222130401236,3851964.85,3.5473333333333334,3.6534999999999997,True,True,3.76,12246098.0,14085511.845499998
2021-11-01,3.63,3.66,3.59,3.62,2863400.0,10459064.0,884859969.0,0.0032359922477180115,3.59,3.649,3.647,3.5661666666666667,49.27536131905065,3798784.8,3.5483333333333333,3.653,True,True,3.76,10365508.0,13910671.569
2021-11-02,3.62,3.62,3.48,3.52,3229100.0,11537386.0,884859969.0,0.0036492779797116124,3.564,3.625,3.6454999999999997,3.5690000000000004,38.35616364796399,3856789.8,3.551,3.6550000000000002,True,True,3.76,11366432.0,14111745.669
2021-11-03,3.53,3.56,3.48,3.52,2412220.0,8541688.0,884859969.0,0.002726103659911414,3.558,3.601,3.6470000000000007,3.5713333333333335,31.818181143250712,3828220.85,3.5533333333333332,3.6515,True,True,3.76,8491014.4,14015658.363499999
2021-11-04,3.5,3.58,3.49,3.56,2547400.0,9109343.0,884859969.0,0.0028788735949699176,3.568,3.5870000000000006,3.647,3.573833333333333,38.46153763313612,3835835.9,3.5558333333333336,3.6435000000000004,True,True,3.76,9068744.0,14042767.941499999
2021-11-05,3.54,3.91,3.54,3.91,36847160.0,143848210.0,884859969.0,0.041641797901245094,3.6260000000000003,3.607,3.66,3.583,58.33333248263891,5503013.85,3.5616666666666665,3.6424999999999996,True,True,3.76,144072395.6,20606980.538999997
2021-11-08,3.96,4.0,3.85,3.92,48017274.0,189615964.0,884859969.0,0.05426539303644326,3.686,3.6380000000000003,3.6730000000000005,3.593166666666667,58.33333248263891,7782047.55,3.5661666666666667,3.647,False,True,3.91,188227714.07999998,29572468.443
2021-11-09,3.85,3.93,3.76,3.81,28392393.0,109780497.0,884859969.0,0.032086877014096224,3.7439999999999998,3.654,3.682,3.6016666666666666,52.336447913354895,9068202.2,3.5690000000000004,3.6454999999999997,False,False,3.92,108175017.33,34496741.3595
2021-11-10,3.84,3.9,3.79,3.88,21388099.0,82973238.0,884859969.0,0.02417116803709763,3.8160000000000003,3.687,3.6915,3.6098333333333334,58.33333257716049,9785624.8,3.5713333333333335,3.6470000000000007,False,False,3.92,82985824.12,37347217.694
2021-11-11,3.86,3.96,3.82,3.9,20521105.0,80695015.0,884859969.0,0.02319135876741193,3.8840000000000003,3.7260000000000004,3.6985,3.6185,58.71559557612996,10418578.3,3.573833333333333,3.647,False,False,3.92,80032309.5,39870770.589
2021-11-12,3.9,4.05,3.88,4.01,21088026.0,84744465.0,884859969.0,0.023832048842521433,3.904,3.7649999999999997,3.7135,3.6289999999999996,68.1818173140496,11215314.35,3.583,3.66,False,False,3.92,84562984.25999999,43142981.72449999
2021-11-15,4.01,4.04,3.94,4.01,13463300.0,54212971.0,884859969.0,0.015215175815010792,3.9219999999999997,3.804,3.7265,3.6396666666666664,66.98113119081523,11705448.4,3.593166666666667,3.6730000000000005,False,False,4.01,53987833.0,45156007.31199999
2021-11-16,3.98,4.18,3.97,4.0,16555919.0,67732975.0,884859969.0,0.01871021357052711,3.9599999999999995,3.8519999999999994,3.7385000000000006,3.649666666666667,73.1958752322245,12305301.75,3.6016666666666666,3.682,False,False,4.01,66223676.0,47610126.936
2021-11-17,3.95,4.05,3.95,4.01,10313100.0,41636925.0,884859969.0,0.011655064486254321,3.9859999999999998,3.901,3.751,3.6603333333333334,76.59574354006341,12598526.75,3.6098333333333334,3.6915,False,False,4.01,41355531.0,48841566.686
2021-11-18,4.01,4.04,3.93,3.94,9098901.0,36413918.0,884859969.0,0.010282871096861655,3.9940000000000007,3.939,3.7629999999999995,3.6704999999999997,67.77777672345681,12913686.8,3.6185,3.6985,False,False,4.01,35849669.94,50116845.683
2021-11-19,3.91,4.0,3.91,3.95,6770544.0,27043634.0,884859969.0,0.007651542884973701,3.982,3.943,3.775,3.6805,68.13186708368558,13128190.6,3.6289999999999996,3.7135,False,False,4.01,26743648.8,50993901.309
2021-11-22,3.97,3.99,3.86,3.88,7280669.0,28564028.0,884859969.0,0.008228046532863326,3.9560000000000004,3.939,3.7885,3.687,70.45454433367772,13319149.05,3.6396666666666664,3.7265,False,False,4.01,28248995.72,51781550.345
2021-11-23,3.88,3.93,3.82,3.9,7187621.0,28174181.0,884859969.0,0.008122890911341475,3.936,3.9479999999999995,3.8009999999999997,3.692333333333333,71.1111100049383,13467095.85,3.649666666666667,3.7385000000000006,False,False,4.01,28031721.9,52411401.427499995
2021-11-24,3.9,4.07,3.85,4.03,12809041.0,51565434.0,884859969.0,0.014475783116819923,3.94,3.963,3.825,3.6986666666666665,73.73737269462303,13890882.85,3.6603333333333334,3.751,False,False,4.01,51620435.230000004,54223262.2615
2021-11-25,4.04,4.05,3.88,3.9,9830596.0,39152638.0,884859969.0,0.01110977594693291,3.932,3.963,3.8445,3.705833333333333,49.35064845336482,14199938.4,3.6704999999999997,3.7629999999999995,False,False,4.03,38339324.4,55499743.864
2021-11-26,3.86,3.89,3.8,3.81,6789770.0,26313984.0,884859969.0,0.007673270616675394,3.904,3.943,3.854,3.7113333333333336,43.529411047750884,14370281.9,3.6805,3.775,False,False,4.03,25869023.7,56180890.149000004
2021-11-29,3.82,3.82,3.76,3.77,4750220.0,18097165.0,884859969.0,0.005368329641319778,3.882,3.9189999999999996,3.8615000000000004,3.7163333333333335,47.4358965844839,14464622.9,3.687,3.7885,True,False,4.03,17908329.4,56558031.219000004
2021-11-30,3.8,3.82,3.77,3.79,5417322.0,20735481.0,884859969.0,0.006122236500451294,3.8600000000000003,3.8979999999999997,3.875,3.7224999999999997,43.83561559767314,14574034.0,3.692333333333333,3.8009999999999997,True,True,4.03,20531650.38,57016292.138
2021-12-01,3.79,3.9,3.75,3.9,7290309.0,28223264.0,884859969.0,0.00823894091201678,3.8339999999999996,3.8870000000000005,3.8939999999999997,3.7295000000000003,49.99999914634147,14817938.45,3.6986666666666665,3.825,True,True,4.03,28432205.099999998,58013351.67299999
2021-12-02,3.89,3.9,3.77,3.77,9627196.0,36991264.0,884859969.0,0.010879909067284295,3.808,3.8699999999999997,3.9045,3.7343333333333333,35.714285119047645,15171928.25,3.705833333333333,3.8445,False,True,4.03,36294528.92,59374640.91899999
2021-12-03,3.77,3.8,3.76,3.77,5034901.0,19168256.0,884859969.0,0.005690053993164652,3.8,3.8520000000000003,3.8974999999999995,3.7376666666666667,35.714285119047645,13581315.3,3.7113333333333336,3.854,True,False,4.03,18981576.77,53120099.9775
2021-12-06,3.8,3.87,3.77,3.8,7591710.0,29273854.0,884859969.0,0.008579560909032375,3.806,3.844,3.8915000000000006,3.7418333333333336,38.37209239859384,11560037.1,3.7163333333333335,3.8615000000000004,True,True,4.03,28848498.0,45151139.173499994
2021-12-07,3.82,4.04,3.8,3.88,12488778.0,49131562.0,884859969.0,0.014113846752626686,3.8239999999999994,3.842,3.8950000000000005,3.745833333333333,43.01075204069837,10764856.35,3.7224999999999997,3.875,True,True,4.03,48456458.64,42165211.239
2021-12-08,3.84,3.89,3.8,3.85,7922070.0,30713767.0,884859969.0,0.00895290811827877,3.814,3.8240000000000003,3.8934999999999995,3.7493333333333334,44.94381951773768,10091554.9,3.7295000000000003,3.8939999999999997,True,True,4.03,30499969.5,39540918.508
2021-12-09,3.83,4.01,3.82,3.93,12360698.0,49244089.0,884859969.0,0.013969100686031825,3.846,3.8270000000000004,3.8950000000000005,3.752666666666667,48.95833261935765,9683534.55,3.7343333333333333,3.9045,True,True,4.03,48577543.14,37968180.190000005
2021-12-10,3.92,3.97,3.8,3.82,18195100.0,71334745.0,884859969.0,0.02056268860321785,3.8560000000000003,3.8280000000000003,3.8854999999999995,3.7513333333333336,46.99999934200001,9538888.25,3.7376666666666667,3.8974999999999995,False,True,4.03,69505282.0,37215295.07700001
2021-12-13,3.74,3.91,3.65,3.9,23610379.0,90277960.0,884859969.0,0.02668261626377179,3.876,3.841,3.88,3.7535000000000003,49.99999933962265,10046242.2,3.7418333333333336,3.8915000000000006,True,False,4.03,92080478.1,39119927.332
2021-12-14,3.87,4.04,3.85,4.03,29133300.0,116785023.0,884859969.0,0.03292419255096848,3.906,3.8650000000000007,3.8815,3.758666666666667,49.99999933962265,10675111.25,3.745833333333333,3.8950000000000005,False,True,4.03,117407199.0,41679103.482
2021-12-15,4.01,4.1,3.96,4.0,14548878.0,58753328.0,884859969.0,0.016442011741634115,3.936,3.875,3.8810000000000002,3.7623333333333333,55.20833252821182,10886900.15,3.7493333333333334,3.8934999999999995,False,False,4.03,58195512.0,42521102.532
2021-12-16,4.0,4.23,3.95,4.16,27207757.0,113348154.0,884859969.0,0.030748093430814926,3.982,3.914,3.8920000000000003,3.7696666666666667,66.99029035158827,11792342.95,3.752666666666667,3.8950000000000005,False,False,4.03,113184269.12,46387832.491
2021-12-17,4.15,4.17,4.02,4.12,17354601.0,71451553.0,884859969.0,0.01961282192436937,4.042,3.9489999999999994,3.9005,3.7763333333333335,66.99029035158827,12321545.8,3.7513333333333336,3.8854999999999995,False,False,4.16,71500956.12,48625697.857
2021-12-20,4.12,4.54,4.08,4.54,35100500.0,154495212.0,884859969.0,0.03966785845184957,4.17,4.023000000000001,3.9335,3.7916666666666665,76.22377547752947,13712537.35,3.7535000000000003,3.88,False,False,4.16,159356270.0,55181061.571
2021-12-21,4.77,4.99,4.69,4.99,28369440.0,139705068.0,884859969.0,0.03206093731651228,4.362,4.1339999999999995,3.9880000000000004,3.814666666666667,80.79095981295285,14771628.3,3.758666666666667,3.8815,False,False,4.54,141563505.6,60857650.756
2021-12-22,5.49,5.49,4.7,4.78,114506813.0,598852422.0,884859969.0,0.12940670502860097,4.518000000000001,4.226999999999999,4.0255,3.8340000000000005,77.29729671234477,19856516.9,3.7623333333333333,3.8810000000000002,False,False,4.99,547342566.14,85643757.3015
2021-12-23,4.49,4.7,4.41,4.51,75944243.0,345772938.0,884859969.0,0.08582628400042358,4.588,4.284999999999999,4.055999999999999,3.848,67.45282974323601,23162199.25,3.7696666666666667,3.8920000000000003,False,False,4.99,342508535.93,100852217.87799999
2021-12-24,4.63,4.96,4.54,4.96,36230141.0,177236482.0,884859969.0,0.040944490958207194,4.756,4.398999999999999,4.1135,3.87,72.83464526784053,24634217.8,3.7763333333333335,3.9005,False,False,4.99,179701499.35999998,108543841.66099998
2021-12-27,5.05,5.35,4.52,4.56,87657501.0,432435230.0,884859969.0,0.09906369829235659,4.76,4.465,4.1530000000000005,3.887166666666667,61.888111585163074,28779581.85,3.7916666666666665,3.9335,False,False,4.99,399718204.55999994,127634335.41899998
2021-12-28,4.49,4.72,4.4,4.57,53808026.0,245950071.0,884859969.0,0.06080965111441266,4.676,4.519,4.192,3.904166666666667,62.676056029061684,31199117.05,3.814666666666667,3.9880000000000004,False,False,4.99,245902678.82000002,138902886.841
2021-12-29,4.44,4.51,4.29,4.35,40686819.0,179145968.0,884859969.0,0.04598108223381501,4.590000000000001,4.554,4.214499999999999,3.9185000000000003,57.046979597765855,32868942.55,3.8340000000000005,4.0255,False,False,4.99,176987662.64999998,146330659.7185
2021-12-30,4.35,4.79,4.34,4.79,50277847.0,234162550.0,884859969.0,0.05682011703707211,4.646,4.617,4.2655,3.939,64.65256770237583,34901475.1,3.848,4.055999999999999,False,False,4.99,240830887.13,156557477.62899998
2021-12-31,4.95,5.26,4.66,5.26,96251477.0,489820212.0,884917794.0,0.1087688344076851,4.7059999999999995,4.731,4.340000000000001,3.9658333333333338,68.37837811964935,39462303.9,3.87,4.1135,False,False,4.99,506282769.02,180922537.2415
2022-01-04,5.27,5.7,5.15,5.47,94849527.0,522579638.0,884917794.0,0.10718456295387818,4.888,4.824,4.4235,3.9960000000000004,69.0476187918871,43825194.75,3.887166666666667,4.1530000000000005,False,False,5.26,518826912.69,205421457.97599998
2022-01-05,5.15,5.47,5.09,5.4,68491923.0,367372732.0,884917794.0,0.07739919285655138,5.054,4.865,4.499499999999999,4.0255,68.32460707943861,46625352.0,3.904166666666667,4.192,False,False,5.47,369856384.20000005,221491454.254
2022-01-06,5.27,5.95,5.07,5.95,53516612.0,297794949.0,884917794.0,0.06047636555944314,5.3740000000000006,4.982,4.6045,4.063166666666667,71.25890712645493,48905079.1,3.9185000000000003,4.214499999999999,False,False,5.47,318423841.40000004,235887647.84899998
2022-01-07,6.24,6.54,5.69,5.73,133435082.0,845045580.0,884917794.0,0.1507881103812452,5.561999999999999,5.104000000000001,4.6945,4.096,68.33712962261507,54958798.3,3.939,4.2655,False,False,5.95,764583019.86,271687921.685
2022-01-10,5.58,5.8,5.29,5.47,85150901.0,472004590.0,884917794.0,0.09622464547254883,5.604000000000001,5.155,4.777,4.125333333333333,60.99290759955065,58306588.35,3.9658333333333338,4.340000000000001,False,False,5.95,465775428.46999997,291501429.0085
2022-01-11,5.53,5.56,5.23,5.24,61714178.0,333808068.0,884917794.0,0.06974001248301263,5.558000000000001,5.223000000000001,4.843999999999999,4.150166666666666,53.11720679709703,60211778.3,3.9960000000000004,4.4235,False,False,5.95,323382292.72,303066519.7395
2022-01-12,5.16,5.77,5.13,5.77,46691162.0,256601240.0,884917794.0,0.05276327622359914,5.632,5.343,4.931,4.183666666666666,61.43187047112096,61089671.4,4.0255,4.499499999999999,False,False,5.95,269408004.74,310666560.0265
2022-01-13,5.98,6.34,5.79,6.34,124313892.0,756565684.0,884917794.0,0.14048072356877028,5.71,5.542,5.048,4.226666666666667,69.7624187955348,66577922.1,4.063166666666667,4.6045,False,False,5.95,788150075.28,347164288.1905
2022-01-14,6.14,6.51,6.02,6.1,97303787.0,610832188.0,884917794.0,0.1099579957141194,5.784000000000001,5.673,5.1450000000000005,4.266666666666667,62.89592740259208,70082723.6,4.096,4.6945,False,False,6.34,593553100.6999999,371182729.7695
2022-01-17,5.99,6.63,5.98,6.28,93087313.0,597944562.0,884917794.0,0.10519317571774356,5.946,5.775,5.253,4.3095,70.47619024126985,73869359.2,4.125333333333333,4.777,False,False,6.34,584588325.64,396837098.24549997
2022-01-18,6.38,6.61,5.66,5.66,99883563.0,615902150.0,884917794.0,0.11287326763823669,6.029999999999999,5.7940000000000005,5.309,4.343666666666667,61.33056115205241,77108512.35,4.150166666666666,4.843999999999999,False,False,6.34,565340966.58,417136333.0745
2022-01-19,5.44,6.1,5.44,5.87,67760463.0,400508940.0,884917794.0,0.0765726076020119,6.05,5.841,5.353,4.380666666666667,65.83333314131946,79078063.5,4.183666666666666,4.931,False,False,6.34,397753917.81,429945853.68500006
2022-01-20,5.93,5.98,5.41,5.46,61150365.0,342763027.0,884917794.0,0.06910287646447756,5.8740000000000006,5.792,5.387,4.4125,57.02306062928242,76410241.1,4.226666666666667,5.048,False,False,6.34,333880992.9,419272775.023
2022-01-21,5.41,6.0,5.38,5.56,76280811.0,442592472.0,884917794.0,0.08620101383112204,5.766,5.775,5.439500000000001,4.446666666666667,53.40909073915289,76427069.5,4.266666666666667,5.1450000000000005,False,False,6.34,424121309.15999997,423353413.68450004
2022-01-24,5.06,5.29,5.06,5.2,55658791.0,290216918.0,884917794.0,0.06289713166283105,5.55,5.747999999999999,5.4515,4.473,47.032966888250215,77398502.0,4.3095,5.253,False,False,6.34,289425713.2,428839624.3765
2022-01-25,5.12,5.27,4.77,4.82,40624199.0,203351715.0,884917794.0,0.045907313962318175,5.382,5.7059999999999995,5.464499999999999,4.492999999999999,44.03292168385578,75046836.9,4.343666666666667,5.309,True,False,6.34,195808639.18,418644146.1075
2022-01-26,4.94,5.03,4.85,4.93,28008653.0,139369934.0,884917794.0,0.031651135495191544,5.194,5.622,5.4825,4.5165,38.46153833971457,73756868.25,4.380666666666667,5.353,True,True,6.34,138082659.29,413253145.13100004
2022-01-27,4.9,4.92,4.65,4.7,35650350.0,171293208.0,884917794.0,0.04028662350527896,5.042,5.458,5.5,4.536166666666666,38.3747177116826,73505044.8,4.4125,5.387,True,True,6.34,167556645.0,412781594.2485
2022-01-28,4.77,4.85,4.59,4.67,23466657.0,111073687.0,884917794.0,0.026518459860464735,4.864,5.315,5.494,4.554666666666666,40.47619034126984,72164485.3,4.446666666666667,5.439500000000001,True,True,6.34,109589288.19,406219514.30149996
2022-02-07,4.78,5.13,4.68,4.93,40653959.0,202798992.0,884917794.0,0.04594094420481277,4.8100000000000005,5.18,5.4775,4.571666666666667,46.33569724617026,69384609.4,4.473,5.4515,True,True,6.34,200424017.86999997,390926576.744
2022-02-08,4.92,5.01,4.82,5.0,35070251.0,173671836.0,884917794.0,0.03963108351734647,4.846,5.114,5.454,4.589666666666667,39.787798260734974,66395645.6,4.492999999999999,5.464499999999999,True,True,6.34,175351255.0,373752793.8595
2022-02-09,4.96,5.48,4.91,5.3,50804399.0,267009334.0,884917794.0,0.057411433405982565,4.92,5.057,5.449,4.6145000000000005,35.14285700228571,65511269.4,4.5165,5.4825,True,True,6.34,269263314.7,368723140.38449997
2022-02-10,5.27,5.3,5.11,5.2,34927488.0,183590170.0,884917794.0,0.03946975440749245,5.02,5.031000000000001,5.4115,4.6365,36.607142704613096,64581813.2,4.536166666666666,5.5,True,True,6.34,181622937.6,361883095.1945
2022-02-11,5.25,5.44,5.1,5.15,52117596.0,275911384.0,884917794.0,0.058895409667849896,5.116,4.99,5.382499999999999,4.657333333333333,32.507739797180065,60515938.9,4.554666666666666,5.494,True,True,6.34,268405619.4,337074225.17149997
2022-02-14,5.11,5.67,5.02,5.67,34216671.0,187542359.0,884917794.0,0.03866649674353819,5.264,5.037000000000001,5.3925,4.685,50.159744184588995,57969227.4,4.571666666666667,5.4775,True,True,6.34,194008524.57,323485879.97650003
2022-02-15,5.82,6.23,5.67,6.23,141863862.0,867437266.0,884917794.0,0.16031304033197008,5.51,5.178,5.442,4.7219999999999995,55.17241357114547,61976711.6,4.589666666666667,5.454,False,True,6.34,883811860.2600001,351507358.3535
2022-02-16,6.35,6.86,6.32,6.86,123984993.0,840971598.0,884917794.0,0.14010905175673302,5.822,5.371,5.496499999999999,4.769666666666667,68.91891865814465,65841403.15,4.6145000000000005,5.449,False,False,6.34,850537051.98,380563810.7155
2022-02-17,6.94,7.33,6.29,6.55,189732264.0,1280936428.0,884917794.0,0.21440665481747562,6.0920000000000005,5.556,5.507,4.811999999999999,62.65984632295708,69112321.75,4.6365,5.4115,False,False,6.86,1242746329.2,403293623.4115
2022-02-18,5.9,6.04,5.9,5.9,119204562.0,711600515.0,884917794.0,0.13470693301484227,6.242,5.679,5.497,4.844666666666667,58.3333331388889,70207360.5,4.657333333333333,5.382499999999999,False,False,6.86,703306915.8000001,408781314.1665
2022-02-21,5.83,6.42,5.75,6.21,103628741.0,634119188.0,884917794.0,0.1171055003104616,6.35,5.807,5.493499999999999,4.882333333333333,66.82808694053433,70734431.9,4.685,5.3925,False,False,6.86,643534481.61,411728621.96500003
2022-02-22,6.03,6.61,5.99,6.05,92246800.0,578904625.0,884917794.0,0.1042433552873048,6.314,5.912000000000001,5.513,4.9185,63.39712897426799,70352593.75,4.7219999999999995,5.442,False,False,6.86,558093140.0,411366230.636
2022-02-23,6.1,6.15,5.76,5.81,76200387.0,455131953.0,884917794.0,0.08611013081289673,6.104,5.963,5.51,4.950333333333333,63.24582317769892,70774589.95,4.769666666666667,5.496499999999999,False,False,6.86,442724248.46999997,413614747.169
2022-02-24,5.73,5.85,5.25,5.44,77153231.0,431825296.0,884917794.0,0.08718689071812245,5.882,5.987,5.509,4.973833333333333,58.49889606644933,71574733.25,4.811999999999999,5.507,False,False,6.86,419713576.64000005,417906376.356
2022-02-25,5.44,5.49,5.3,5.34,40318895.0,219701704.0,884917794.0,0.04556230564395228,5.77,6.006,5.497999999999999,4.9978333333333325,54.691075339662454,69776637.45,4.844666666666667,5.497,True,False,6.86,215302899.29999998,407465455.86300004
2022-02-28,5.36,5.43,5.2,5.41,30104965.0,161835482.0,884917794.0,0.03402006966536374,5.61,5.9799999999999995,5.5085,5.024500000000001,54.691075339662454,68498946.15,4.882333333333333,5.493499999999999,True,True,6.86,162867860.65,401137563.2355
2022-03-01,5.36,5.67,5.35,5.46,50573922.0,280303517.0,884917794.0,0.057150983224550235,5.492,5.9030000000000005,5.5405,5.052666666666666,51.94174739631445,68996432.3,4.9185,5.513,True,True,6.86,276133614.12,405153811.98249996
2022-03-02,5.45,5.63,5.43,5.49,38305359.0,213603096.0,884917794.0,0.043286912366009,5.428,5.766,5.568499999999999,5.081,53.58024672836457,69511267.6,4.950333333333333,5.51,True,True,6.86,210296420.91,408764500.0635
2022-03-03,5.5,5.53,5.38,5.45,32211573.0,176807084.0,884917794.0,0.03640063881459253,5.43,5.656,5.606,5.1068333333333324,53.71287110099499,69339328.75,4.973833333333333,5.509,True,True,6.86,175553072.85,409164321.456
2022-03-04,5.44,5.53,5.2,5.35,47832246.0,257349327.0,884917794.0,0.05405275645299093,5.432,5.601,5.640000000000001,5.133166666666667,45.5801103209609,70557608.2,4.9978333333333325,5.497999999999999,True,True,6.86,255902516.1,416479982.85150003
2022-03-07,5.44,5.89,5.43,5.89,46475042.0,268700109.0,884917794.0,0.05251905014806381,5.5280000000000005,5.569,5.688,5.1685,45.27777760169752,70848662.35,5.024500000000001,5.5085,True,True,6.86,273737997.38,420145681.827
2022-03-08,5.92,6.34,5.77,6.04,119560649.0,726819658.0,884917794.0,0.13510932858470692,5.644,5.568,5.74,5.2058333333333335,36.85897419358153,75073182.25,5.052666666666666,5.5405,False,True,6.86,722146319.96,447485435.075
2022-03-09,5.84,6.11,5.44,5.63,82008703.0,470486604.0,884917794.0,0.09267380942731952,5.672,5.55,5.7565,5.235,35.714285559006214,76633397.45,5.081,5.568499999999999,False,False,6.86,461708997.89,457107719.23449993
2022-03-10,5.71,5.78,5.51,5.68,57630935.0,328598544.0,884917794.0,0.06512574997446599,5.717999999999999,5.574,5.7805,5.2655,45.80152647281626,77768569.8,5.1068333333333324,5.606,True,False,6.86,327343710.8,464393757.8945001
2022-03-11,5.51,5.51,5.22,5.42,48914590.0,264476986.0,884917794.0,0.055275857635200855,5.732,5.582,5.7940000000000005,5.290333333333334,34.63035000590472,77608419.5,5.133166666666667,5.640000000000001,True,True,6.86,265117077.79999998,464229330.8145
2022-03-14,5.3,5.52,5.25,5.25,28766158.0,155387538.0,884917794.0,0.03250715286215614,5.604,5.566,5.773000000000001,5.314166666666667,34.49612384381949,77335893.85,5.1685,5.688,True,True,6.86,151022329.5,462080021.061
2022-03-15,5.15,5.22,4.78,4.8,44161627.0,223208166.0,884917794.0,0.04990477906470937,5.356,5.5,5.7015,5.329166666666667,31.89964141699106,72450782.1,5.2058333333333335,5.74,True,True,6.86,211975809.6,428488218.528
2022-03-16,4.91,5.18,4.81,5.13,45386361.0,228720659.0,884917794.0,0.05128878784869366,5.256,5.4639999999999995,5.615,5.347499999999999,44.36363613778512,68520850.5,5.235,5.7565,True,True,6.86,232832031.93,397602967.5255
2022-03-17,5.14,5.36,5.09,5.25,43398321.0,230519419.0,884917794.0,0.049042206286564964,5.17,5.444,5.55,5.368333333333333,48.37545101904105,61204153.35,5.2655,5.7805,True,True,6.55,227841185.25,346857710.328
2022-03-18,5.23,5.46,5.18,5.35,37122295.0,199760479.0,884917794.0,0.04194999270180796,5.156,5.444,5.5225,5.388166666666667,48.92857118392856,57100040.0,5.290333333333334,5.7940000000000005,True,True,6.21,198604278.25,321622578.4505
2022-03-21,5.47,5.75,5.39,5.75,52976139.0,296278267.0,884917794.0,0.05986560487221935,5.255999999999999,5.43,5.4995,5.415333333333334,54.60317436049383,54567409.9,5.314166666666667,5.773000000000001,True,True,6.21,304612799.25,304676494.3325
2022-03-22,5.51,5.68,5.4,5.55,55443607.0,307872389.0,884917794.0,0.0626539633126645,5.406,5.381,5.4745,5.432166666666666,50.90361424317753,52727250.25,5.329166666666667,5.7015,False,True,6.05,307712018.84999996,292157438.275
2022-03-23,5.52,5.87,5.49,5.57,50609633.0,289154279.0,884917794.0,0.057191338385495276,5.494,5.375,5.4625,5.441833333333333,51.81818159834711,51447712.55,5.347499999999999,5.615,False,False,6.04,281895655.81,284116008.642
2022-03-24,5.56,5.62,5.4,5.4,37741227.0,209473228.0,884917794.0,0.0426494158620117,5.523999999999999,5.3469999999999995,5.460500000000001,5.452166666666667,50.74183955181433,49477112.35,5.368333333333333,5.55,False,False,6.04,203802625.8,273320461.1
2022-03-25,5.4,5.61,5.32,5.48,36287860.0,200286450.0,884917794.0,0.04100704070597545,5.55,5.353,5.4675,5.468333333333334,42.95532625382319,49275560.6,5.388166666666667,5.5225,True,False,6.04,198857472.8,272498189.775
2022-03-28,5.44,5.78,5.36,5.58,44747219.0,254166730.0,884917794.0,0.05056652640889262,5.516,5.386,5.476,5.478666666666666,41.958041752652946,50007673.3,5.415333333333334,5.4995,False,True,6.04,249689482.02,276839270.8435
2022-03-29,5.66,5.81,5.53,5.58,44620817.0,255569098.0,884917794.0,0.05042368602207133,5.522,5.464,5.482,5.495666666666667,48.97959155685132,49710018.05,5.432166666666666,5.4745,False,False,6.04,248984158.86,275481798.0805
2022-03-30,5.48,5.55,5.28,5.49,36526184.0,199985450.0,884917794.0,0.0412763583777591,5.506,5.5,5.482,5.510999999999999,46.18473869615008,49621059.3,5.441833333333333,5.4625,False,False,6.04,200528750.16,274993414.54300004
2022-03-31,5.44,5.5,5.33,5.34,26594672.0,145160230.0,884917794.0,0.030053268428230973,5.494000000000001,5.509,5.4765,5.527500000000001,48.3193274468611,49340214.25,5.452166666666667,5.460500000000001,False,False,6.04,142015548.48,273316538.32449996
2022-04-01,5.28,5.88,5.22,5.88,38602547.0,223200439.0,884917794.0,0.0436227492109849,5.574,5.562,5.503,5.5456666666666665,61.45454514168595,48878729.3,5.468333333333334,5.4675,True,False,6.04,226982976.35999998,271870561.3375
2022-04-06,5.95,6.44,5.86,6.2,110362728.0,691367809.0,884917794.0,0.12471523202300981,5.698,5.607,5.5185,5.561333333333334,76.71755684196725,52073113.6,5.478666666666666,5.476,False,True,6.04,684248913.6,292396107.1485
2022-04-07,6.15,6.59,5.98,6.0,91842950.0,578768252.0,884917794.0,0.10378698521232357,5.782000000000001,5.651999999999999,5.5165,5.570166666666666,67.46987913872357,50687228.65,5.495666666666667,5.482,False,False,6.2,551057700.0,283841676.1505
2022-04-08,5.99,6.04,5.71,5.82,56984150.0,335396072.0,884917794.0,0.0643948515742017,5.848000000000001,5.6770000000000005,5.526000000000001,5.577166666666667,61.17647025236448,49436001.0,5.510999999999999,5.482,False,False,6.2,331647753.0,277338613.906
2022-04-11,5.88,5.94,5.62,5.68,45796116.0,267194231.0,884917794.0,0.051751830859895674,5.9159999999999995,5.705,5.526,5.572666666666667,56.370656065950115,48844260.05,5.527500000000001,5.4765,False,False,6.2,260121938.88,273977525.31
2022-04-12,5.74,5.99,5.65,5.98,50089997.0,294358674.0,884917794.0,0.05660412451826005,5.936,5.755000000000001,5.554,5.576833333333334,54.61847358849052,48903030.4,5.5456666666666665,5.503,False,False,6.2,299538182.06,275698580.523
2022-04-13,5.91,5.95,5.38,5.38,68906246.0,387290200.0,884917794.0,0.07786739792916855,5.772,5.734999999999999,5.560499999999999,5.575333333333333,47.05882330144515,50910034.8,5.561333333333334,5.5185,False,False,6.2,370715603.48,286683244.222
2022-04-14,5.32,5.4,5.16,5.22,36723359.0,195083526.0,884917794.0,0.04149917568501284,5.616,5.699,5.5815,5.575,44.22442223790696,50538121.4,5.570166666666666,5.5165,True,False,6.2,191695933.98,285669250.44100004
2022-04-15,5.21,5.21,4.93,4.96,31492434.0,159713267.0,884917794.0,0.03558797688726327,5.444,5.646,5.573,5.5615,42.94871775599934,49843425.05,5.577166666666667,5.526000000000001,True,True,6.2,156202472.64,281837772.4765
2022-04-18,4.96,5.06,4.85,5.06,18544658.0,93550589.0,884917794.0,0.020956362416642737,5.319999999999999,5.618,5.5635,5.540166666666667,43.312101717716736,48600741.9,5.572666666666667,5.526,True,True,6.2,93835969.47999999,275137511.688
2022-04-19,5.01,5.29,4.97,5.24,27153072.0,141355549.0,884917794.0,0.030684287494392955,5.172,5.554,5.558,5.525833333333334,44.720496699973005,48102280.75,5.576833333333334,5.554,True,True,6.2,142282097.28,272321402.6395
2022-04-20,5.21,5.35,5.05,5.06,22756740.0,119017246.0,884917794.0,0.0257162192401343,5.108,5.4399999999999995,5.5235,5.5055000000000005,42.35294100207613,46591310.8,5.575333333333333,5.560499999999999,True,True,6.2,115149104.39999999,262848217.89699998
2022-04-21,5.03,5.13,4.86,4.89,22386308.0,112284968.0,884917794.0,0.025297613124954293,5.042,5.329,5.4905,5.492666666666667,41.3793101783591,44938445.85,5.575,5.5815,True,True,6.2,109469046.11999999,252936069.2605
2022-04-22,4.83,4.94,4.75,4.89,14598029.0,71433938.0,884917794.0,0.016496480349902424,5.028,5.236,5.4565,5.476333333333333,43.24324306143982,43137865.65,5.5615,5.573,True,True,6.2,71384361.81,242410504.5605
2022-04-25,4.78,4.79,4.41,4.41,23434904.0,107166904.0,884917794.0,0.026482577431367598,4.898,5.109,5.407,5.458833333333334,27.522935661981336,42422549.5,5.540166666666667,5.5635,True,True,6.2,103347926.64,237387769.60250002
2022-04-26,4.26,4.41,4.0,4.03,24732742.0,104031756.0,884917794.0,0.027949197278770054,4.656000000000001,4.914,5.3345,5.433333333333334,17.417417344191065,41844793.6,5.525833333333334,5.558,True,True,6.2,99672950.26,232428543.47549996
2022-04-27,3.96,4.12,3.86,4.08,26748891.0,107288091.0,884917794.0,0.030227543373367853,4.459999999999999,4.784000000000001,5.2595,5.414666666666666,19.81132066749734,40944877.2,5.5055000000000005,5.5235,True,True,6.2,109135475.28,225400843.13850003
2022-04-28,3.99,4.1,3.82,3.9,19870739.0,79055124.0,884917794.0,0.022454898223009404,4.262,4.652,5.1754999999999995,5.399333333333334,19.81132066749734,39707373.3,5.492666666666667,5.4905,True,True,6.2,77495882.1,216826429.3005
2022-04-29,4.02,4.29,3.97,4.29,20658637.0,86710676.0,884917794.0,0.023345261153150686,4.142,4.585,5.1155,5.3886666666666665,29.73760920806808,38913995.95,5.476333333333333,5.4565,True,True,6.2,88625552.73,211231269.429
2022-05-05,4.31,4.39,4.19,4.25,27390362.0,118841026.0,884917794.0,0.030952436696057666,4.11,4.504,5.061,5.381166666666667,22.712933653633726,38953780.45,5.458833333333334,5.407,True,True,6.2,116409038.5,209950943.93
2022-05-06,4.16,4.22,4.04,4.08,24543600.0,102049065.0,884917794.0,0.027735457650883217,4.12,4.388,4.971,5.371333333333334,26.277372128509782,38250833.1,5.433333333333334,5.3345,True,True,6.2,100137888.0,203608689.512
2022-05-09,4.11,4.24,4.08,4.12,20386618.0,85385741.0,884917794.0,0.023037866498139374,4.128,4.2940000000000005,4.867,5.357833333333334,29.00763343278365,33752027.6,5.414666666666666,5.2595,True,True,6.2,83992866.16,173595887.14000002
2022-05-10,4.05,4.2,4.01,4.18,22452524.0,93114614.0,884917794.0,0.025372440414504763,4.183999999999999,4.223000000000001,4.776,5.344166666666666,33.88429732463629,30282506.3,5.399333333333334,5.1754999999999995,True,True,6.0,93851550.32,150735579.656
2022-05-11,4.14,4.32,4.11,4.11,28289221.0,120316302.0,884917794.0,0.031968190934580754,4.148000000000001,4.1450000000000005,4.690499999999999,5.324333333333333,30.125522836084812,28847759.85,5.3886666666666665,5.1155,True,True,5.98,116268698.31,139966626.92150003
2022-05-12,4.06,4.21,4.04,4.15,18862665.0,78635596.0,884917794.0,0.021315725740734738,4.128,4.119,4.614,5.3068333333333335,25.77777761738271,27501087.3,5.381166666666667,5.061,True,True,5.98,78280059.75,130874532.965
2022-05-13,4.21,4.21,4.05,4.14,14923663.0,61987390.0,884917794.0,0.01686446255368213,4.140000000000001,4.13,4.522,5.290000000000001,27.88461519693047,25742770.6,5.371333333333334,4.971,True,True,5.98,61783964.81999999,118986822.103
2022-05-16,4.13,4.23,4.12,4.18,18503725.0,77949265.0,884917794.0,0.02091010614258255,4.152,4.14,4.462,5.265166666666667,31.794871566600918,23222644.55,5.357833333333334,4.867,True,True,5.38,77345570.5,104318320.454
2022-05-17,4.15,4.19,4.05,4.13,12258785.0,50832009.0,884917794.0,0.013853021244592579,4.142,4.162999999999999,4.407500000000001,5.230166666666666,30.999999782999993,21999415.85,5.344166666666666,4.776,True,True,5.24,50628782.05,97264962.8575
2022-05-18,4.13,4.29,4.13,4.18,15791803.0,66804999.0,884917794.0,0.017845502833227014,4.156000000000001,4.151999999999999,4.368499999999999,5.1855,42.67515885512596,21214384.3,5.324333333333333,4.690499999999999,True,True,5.24,66009736.54,92755326.0525
2022-05-19,4.09,4.17,4.08,4.17,12325964.0,51296233.0,884917794.0,0.013928936770820544,4.159999999999999,4.144,4.324,5.145833333333333,55.83333268194444,20903449.6,5.3068333333333335,4.614,True,True,5.24,51399269.88,90633491.0725
2022-05-20,4.19,4.21,4.13,4.2,12845872.0,54162762.0,884917794.0,0.014516458011239856,4.172,4.156000000000001,4.272,5.117500000000001,55.08474510916405,20188089.6,5.290000000000001,4.522,True,True,5.24,53952662.400000006,86217019.3285
2022-05-23,4.54,4.62,4.54,4.62,15183001.0,70607416.0,884917794.0,0.0171575270640337,4.26,4.2059999999999995,4.25,5.091,75.35211193314821,19809402.65,5.265166666666667,4.462,True,True,5.06,70145464.62,83966837.3395
2022-05-24,4.64,4.7,4.29,4.39,56326040.0,252702400.0,884917794.0,0.06365115537500425,4.311999999999999,4.226999999999999,4.225,5.0633333333333335,53.96825336860669,21506389.25,5.230166666666666,4.407500000000001,False,True,4.89,247271315.6,90856950.8135
2022-05-25,4.28,4.83,4.28,4.71,72596000.0,337245001.0,884917794.0,0.08203699879494117,4.418,4.287,4.215999999999999,5.045,64.93506434474617,24406287.8,5.1855,4.368499999999999,False,False,4.89,341927160.0,104384090.723
2022-05-26,4.56,4.69,4.5,4.62,44828500.0,207133615.0,884917794.0,0.050658377878657505,4.508000000000001,4.334,4.2265,5.031333333333333,68.49315002814788,25475967.6,5.145833333333333,4.324,False,False,4.71,207107670.0,109572077.891
2022-05-27,4.61,4.78,4.46,4.55,37325566.0,172760946.0,884917794.0,0.042179698784540434,4.578,4.375,4.2524999999999995,5.0181666666666676,64.42952959596414,26105608.8,5.117500000000001,4.272,False,False,4.71,169831325.29999998,113079996.64299998
2022-05-30,4.49,4.63,4.4,4.46,24903500.0,111901411.0,884917794.0,0.02814216209556749,4.546,4.4030000000000005,4.2715,5.0023333333333335,59.21052577042938,26013339.25,5.091,4.25,False,False,4.71,111069610.0,113176703.379
2022-05-31,4.52,4.58,4.36,4.49,25500851.0,115228979.0,884917794.0,0.028817197679720293,4.566000000000001,4.439,4.301,4.986166666666667,62.83783724342585,26294844.85,5.0633333333333335,4.225,False,False,4.71,114498820.99000001,115026850.32349999
2022-06-01,4.49,4.6,4.45,4.52,23104241.0,105427598.0,884917794.0,0.026108912213827627,4.5280000000000005,4.473,4.3125,4.97,62.585033417557476,26417125.05,5.045,4.215999999999999,False,False,4.71,104431169.32,115817131.15300003
2022-06-02,4.46,4.52,4.37,4.43,19255674.0,85923578.0,884917794.0,0.021759844960242712,4.49,4.4990000000000006,4.3214999999999995,4.953,59.354838173569206,26010390.65,5.031333333333333,4.2265,False,False,4.71,85302635.82,114261811.01900001
2022-06-06,4.43,4.52,4.42,4.51,15636994.0,70644271.0,884917794.0,0.017670561159492292,4.481999999999999,4.529999999999999,4.343,4.938999999999999,60.3773579589415,25565060.35,5.0181666666666676,4.2524999999999995,False,False,4.71,70522842.94,112781058.766
2022-06-07,4.52,4.53,4.4,4.43,14216071.0,63718020.0,884917794.0,0.01606484929604659,4.476,4.511,4.3585,4.914666666666666,59.259258747142205,25256533.0,5.0023333333333335,4.2715,False,False,4.71,62977194.529999994,111730275.18450001
2022-06-08,4.43,4.73,4.42,4.56,39881337.0,182748787.0,884917794.0,0.045067843895113265,4.489999999999999,4.5280000000000005,4.3774999999999995,4.89,61.17647008442907,26127973.65,4.986166666666667,4.301,False,False,4.71,181858896.72,116130642.5045
2022-06-09,4.5,4.66,4.37,4.57,33041693.0,151576868.0,884917794.0,0.03733871465127302,4.5,4.514,4.4005,4.872333333333333,61.764705373702434,26365597.25,4.97,4.3125,False,False,4.71,151000537.01000002,117867234.4395
2022-06-10,4.49,4.79,4.46,4.7,43616285.0,205676778.0,884917794.0,0.04928851617148067,4.554,4.522,4.428,4.856,63.88888839197531,27603278.25,4.953,4.3214999999999995,False,False,4.71,204996539.5,124203058.427
2022-06-13,4.76,4.94,4.64,4.84,33875801.0,164489417.0,884917794.0,0.03828129712125554,4.62,4.551,4.462999999999999,4.846333333333333,57.236841578081716,28550885.15,4.938999999999999,4.343,False,False,4.71,163958876.84,129311804.028
2022-06-14,4.79,4.86,4.68,4.83,23415462.0,112509220.0,884917794.0,0.026460607028995962,4.7,4.587999999999999,4.495500000000001,4.839333333333332,66.9230762023669,28796472.0,4.914666666666666,4.3585,False,False,4.84,113096681.46000001,131099359.576
2022-06-15,4.89,5.08,4.82,4.91,40642999.0,202394847.0,884917794.0,0.04592855887357148,4.77,4.630000000000001,4.5344999999999995,4.841166666666667,59.43396147917411,30215682.7,4.89,4.3774999999999995,False,False,4.84,199557125.09,138545776.728
2022-06-16,4.76,5.09,4.76,5.02,47915371.0,240918081.0,884917794.0,0.054146691732136196,4.86,4.68,4.5765,4.839333333333333,68.5185176303155,31821861.1,4.872333333333333,4.4005,False,False,4.91,240535162.42,147272048.022
2022-06-17,5.0,5.04,4.79,4.82,31190871.0,153351115.0,884917794.0,0.03524719608022708,4.8839999999999995,4.718999999999999,4.609,4.832166666666667,61.15702408578653,32765106.45,4.856,4.428,False,False,5.02,150339998.22,152219084.439
2022-06-20,4.81,4.97,4.77,4.95,21800442.0,106802818.0,884917794.0,0.024635556147490013,4.906000000000001,4.763,4.6465,4.8255,69.59999922048004,33212834.95,4.846333333333333,4.462999999999999,False,False,5.02,107912187.9,154917060.714
2022-06-21,4.87,5.19,4.86,5.02,31874125.0,160389372.0,884917794.0,0.036019306218177366,4.944,4.822,4.6665,4.8133333333333335,70.54263489333576,34047391.15,4.839333333333332,4.495500000000001,False,False,5.02,160008107.5,159410192.85799998
2022-06-22,5.03,5.07,4.78,4.78,27859191.0,137701755.0,884917794.0,0.031482236190630834,4.918,4.843999999999999,4.686,4.8004999999999995,58.666666119111156,32624048.7,4.841166666666667,4.5344999999999995,False,False,5.02,133166932.98,153704973.727
2022-06-23,4.78,4.92,4.72,4.89,21271630.0,103620682.0,884917794.0,0.024037972955485626,4.892,4.8759999999999994,4.695,4.7891666666666675,65.13157834747233,30057830.2,4.839333333333333,4.5765,False,False,5.02,104018270.69999999,141809529.26200002
2022-06-24,4.87,4.9,4.79,4.82,12711692.0,61946835.0,884917794.0,0.01436482810741175,4.892,4.888,4.705,4.7795000000000005,60.264900103504274,28451989.8,4.832166666666667,4.609,False,False,5.02,61270355.440000005,134517663.534
2022-06-27,4.82,4.86,4.74,4.75,14863049.0,71866026.0,884917794.0,0.016795965795665762,4.851999999999999,4.879,4.715,4.767333333333334,60.66666610044448,27328863.95,4.8255,4.6465,False,False,5.02,70599482.75,129556071.40650001
2022-06-28,4.74,4.81,4.67,4.76,12648491.0,60506854.0,884917794.0,0.014293407914001105,4.8,4.872,4.73,4.753666666666667,57.24637623083389,26716113.5,4.8133333333333335,4.6665,False,False,5.02,60206817.16,127012931.76449999
2022-06-29,4.74,4.83,4.6,4.6,19804719.0,93967822.0,884917794.0,0.022380292422959233,4.764,4.840999999999999,4.7355,4.737333333333333,50.980391690375484,26431306.9,4.8004999999999995,4.686,False,False,5.02,91101707.39999999,125843076.08500001
2022-06-30,4.59,4.84,4.59,4.78,18713008.0,89304147.0,884917794.0,0.021146606076722196,4.742,4.817,4.7485,4.7255,52.53164510414999,26211745.25,4.7891666666666675,4.695,True,False,5.02,89448178.24000001,125093926.53099999
2022-07-01,4.72,4.77,4.64,4.66,12650925.0,59629824.0,884917794.0,0.014296158451979325,4.71,4.801,4.76,4.714166666666666,44.23076883382644,25881507.8,4.7795000000000005,4.705,False,True,5.02,58953310.5,123776460.26499999
2022-07-04,4.65,4.66,4.57,4.59,8877113.0,41220107.0,884917794.0,0.010031567971838072,4.678,4.765,4.764,4.692666666666667,42.592592224508444,25543513.75,4.767333333333334,4.715,True,False,5.02,40745948.67,122287615.5515
2022-07-05,4.59,4.62,4.46,4.53,9215394.0,42155963.0,884917794.0,0.010413841898629513,4.632000000000001,4.716,4.769,4.664833333333333,38.12499966640623,25293479.9,4.753666666666667,4.73,True,True,5.02,41745734.82,121226042.56600001
2022-07-06,4.49,4.56,4.47,4.56,6832395.0,31085891.0,884917794.0,0.007720937522474545,4.6240000000000006,4.694,4.769,4.640833333333333,34.86842073147504,23641032.8,4.737333333333333,4.7355,True,True,5.02,31155721.199999996,113690883.78999999
2022-07-07,4.59,4.59,4.51,4.53,6059603.0,27734338.0,884917794.0,0.006847645104534987,4.574,4.6579999999999995,4.767,4.6193333333333335,39.25925885212619,22291928.3,4.7255,4.7485,True,True,5.02,27450001.59,107513357.01900001
2022-07-08,4.52,4.61,4.52,4.54,7685130.0,35359836.0,884917794.0,0.008684569405324897,4.55,4.63,4.7589999999999995,4.600333333333333,33.3333329539295,20495370.55,4.714166666666666,4.76,True,True,5.02,34890490.2,99008054.554
2022-07-11,4.54,4.55,4.46,4.48,6793294.0,30792258.0,884917794.0,0.007676751497213085,4.5280000000000005,4.603,4.7410000000000005,4.575333333333333,27.868852139209878,19141245.2,4.692666666666667,4.764,True,True,5.02,30433957.12,92331808.56799999
2022-07-12,4.5,4.5,4.33,4.34,9064000.0,40233184.0,884917794.0,0.010242759340422982,4.49,4.561,4.7165,4.558000000000001,30.357142477678536,18423672.1,4.664833333333333,4.769,True,True,5.02,39337760.0,88643862.495
2022-07-13,4.36,4.45,4.35,4.41,10741475.0,47677147.0,884917794.0,0.012138387399180267,4.46,4.542,4.6915,4.5445,27.77777741769549,16928595.9,4.640833333333333,4.769,True,True,5.02,47369904.75,81034501.478
2022-07-14,4.44,4.44,4.31,4.32,8346147.0,36597760.0,884917794.0,0.009431550655427322,4.418000000000001,4.496,4.656499999999999,4.533833333333333,27.27272692561982,14950134.7,4.6193333333333335,4.767,True,True,5.02,36055355.04,70810511.109
2022-07-15,4.32,4.32,4.21,4.21,7148219.0,30666495.0,884917794.0,0.008077833950754527,4.351999999999999,4.4510000000000005,4.6259999999999994,4.519666666666667,26.31578915050784,13748002.1,4.600333333333333,4.7589999999999995,True,True,5.02,30094001.99,64798211.2975
2022-07-18,4.23,4.34,4.21,4.33,7200224.0,31254201.0,884917794.0,0.008136602121484744,4.322,4.425,4.595000000000001,4.504499999999999,32.79999963264001,13017991.2,4.575333333333333,4.7410000000000005,True,True,5.02,31176969.92,60961450.3985
2022-07-19,4.35,4.43,4.31,4.42,8207898.0,36444522.0,884917794.0,0.00927532258437104,4.337999999999999,4.414,4.5649999999999995,4.493833333333333,42.372880853203114,11834679.85,4.558000000000001,4.7165,True,True,5.02,36278909.16,54774990.48150001
2022-07-20,4.56,4.56,4.43,4.49,9430357.0,42645030.0,884917794.0,0.010656760508083986,4.354,4.407000000000001,4.5504999999999995,4.487166666666666,36.44859765394357,10913238.15,4.5445,4.6915,True,True,4.89,42342302.93,50233758.979
2022-07-21,4.53,4.63,4.44,4.46,9982771.0,45528398.0,884917794.0,0.011281015104099037,4.382,4.4,4.529000000000001,4.48,39.79591779883382,10348795.2,4.533833333333333,4.656499999999999,True,True,4.89,44523158.66,47259003.377000004
2022-07-22,4.43,4.48,4.33,4.39,7588341.0,33715019.0,884917794.0,0.008575193143872978,4.418000000000001,4.385,4.5075,4.479666666666666,39.79591779883382,10092627.65,4.519666666666667,4.6259999999999994,True,True,4.82,33312816.99,45861126.454500005
2022-07-25,4.42,4.44,4.31,4.33,6143100.0,27006232.0,884917794.0,0.006942000761711432,4.418,4.37,4.4865,4.484666666666667,39.79591779883382,9656630.2,4.504499999999999,4.595000000000001,True,True,4.78,26599623.0,43661133.467
2022-07-26,4.32,4.43,4.31,4.42,7446478.0,32764733.0,884917794.0,0.008414881077642789,4.418000000000001,4.378,4.4695,4.490333333333334,43.26923018676038,9396529.55,4.493833333333333,4.5649999999999995,True,True,4.78,32913432.759999998,42296464.247
2022-07-27,4.43,4.49,4.36,4.37,6076126.0,27051633.0,884917794.0,0.006866316895420005,4.394,4.3740000000000006,4.458,4.498166666666666,42.452829627981494,8710099.9,4.487166666666666,4.5504999999999995,True,True,4.78,26552670.62,39069012.40800001
2022-07-28,4.4,4.42,4.36,4.36,5895478.0,26087309.0,884917794.0,0.006662175899245167,4.374,4.378,4.436999999999999,4.499333333333334,41.50943341402637,8069223.4,4.48,4.529000000000001,True,True,4.78,25704284.080000002,35881817.7
2022-07-29,4.37,4.39,4.26,4.28,8403010.0,36663570.0,884917794.0,0.009495808601629272,4.351999999999999,4.385,4.418,4.499833333333333,40.74074021262004,7856827.65,4.479666666666666,4.5075,True,True,4.66,35964882.800000004,34732396.315000005
2022-08-01,4.27,4.34,4.22,4.33,7949826.0,34435992.0,884917794.0,0.008983688715383657,4.352,4.385,4.404999999999999,4.504,49.49494879502094,7810463.3,4.484666666666667,4.4865,True,True,4.59,34422746.58,34416236.2105
2022-08-02,4.29,4.29,4.01,4.06,12098800.0,50249775.0,884917794.0,0.013672230439972372,4.28,4.348999999999999,4.3815,4.502999999999999,35.294117231833894,7954633.6,4.490333333333334,4.4695,True,True,4.56,49121127.99999999,34785005.8695
2022-08-03,4.04,4.18,4.0,4.01,6157204.0,25477009.0,884917794.0,0.006957938965345294,4.208,4.301,4.354,4.500166666666668,36.5217386858223,7920874.05,4.498166666666666,4.458,True,True,4.56,24690388.04,34461739.211500004
2022-08-04,4.05,4.12,4.02,4.11,4960505.0,20406350.0,884917794.0,0.005605611090243259,4.158,4.266,4.333,4.500166666666667,45.61403452754696,7865919.15,4.499333333333334,4.436999999999999,True,True,4.54,20387675.55,34108622.909499995
2022-08-05,4.13,4.26,4.11,4.26,7265800.0,30764424.0,884917794.0,0.008210706180013823,4.154,4.253,4.319000000000001,4.502,47.00854644605157,7844952.65,4.499833333333333,4.418,True,True,4.54,30952308.0,33911713.7995
2022-08-08,4.24,4.39,4.22,4.38,8318867.0,36393385.0,884917794.0,0.009400722933140612,4.164,4.258000000000001,4.314,4.506,48.33333276944445,7921231.3,4.504,4.404999999999999,True,True,4.49,36436637.46,34211847.8165
2022-08-09,4.38,4.4,4.32,4.38,6626832.0,29151639.0,884917794.0,0.007488641368646724,4.228,4.254,4.316,4.509333333333333,45.13274280366512,7799372.9,4.502999999999999,4.3815,False,True,4.49,29025524.16,33696236.0245
2022-08-10,4.37,4.44,4.35,4.41,7397158.0,32877546.0,884917794.0,0.008359147087056993,4.308000000000001,4.258,4.316,4.513999999999999,47.787610027410146,7632157.05,4.500166666666668,4.354,False,False,4.49,32621466.78,32958814.126
2022-08-11,4.41,4.53,4.41,4.52,11267291.0,51043084.0,884917794.0,0.012732584965965776,4.39,4.273999999999999,4.3260000000000005,4.519666666666667,55.55555489078824,7778214.25,4.500166666666667,4.333,False,False,4.49,50928155.31999999,33702454.14
2022-08-12,4.53,4.65,4.49,4.59,14096960.0,65263541.0,884917794.0,0.015930248092626782,4.456,4.305,4.345,4.526666666666667,61.01694842861247,8125651.3,4.502,4.319000000000001,False,False,4.52,64705046.4,35433006.3605
2022-08-15,4.55,4.73,4.52,4.62,16397718.0,76381829.0,884917794.0,0.01853021615248478,4.504,4.334,4.3595,4.533666666666666,58.9285706919643,8585526.0,4.506,4.314,False,False,4.59,75757457.16,37662030.7225
2022-08-16,4.65,4.73,4.57,4.69,16377871.0,76847889.0,884917794.0,0.018507788080482424,4.566,4.397,4.372999999999999,4.534833333333333,64.03508693290244,8994024.65,4.509333333333333,4.316,False,False,4.62,76812214.99000001,39688696.014
2022-08-17,4.71,4.74,4.62,4.69,14623869.0,68951250.0,884917794.0,0.01652568080239101,4.622,4.465,4.383,4.539833333333333,64.60176911112852,9253700.25,4.513999999999999,4.316,False,False,4.69,68585945.61,41000878.147999994
2022-08-18,4.71,4.71,4.61,4.65,10469667.0,49096209.0,884917794.0,0.011831231184396322,4.648000000000001,4.519,4.3925,4.538833333333333,66.97247620402322,9278045.05,4.519666666666667,4.3260000000000005,False,False,4.69,48683951.550000004,41208917.792500004
2022-08-19,4.67,4.83,4.65,4.69,17159505.0,82191270.0,884917794.0,0.01939107238700186,4.668,4.562,4.4075,4.54,66.66666580246914,9756603.25,4.526666666666667,4.345,False,False,4.69,80478078.45,43567180.865499996
2022-08-22,4.68,5.08,4.64,4.95,24534083.0,119224814.0,884917794.0,0.02772470297958547,4.734,4.619,4.4384999999999994,4.546666666666667,91.58878384837107,10676152.4,4.533666666666666,4.3595,False,False,4.69,121443710.85000001,48309385.258
2022-08-23,4.96,4.96,4.81,4.9,38899141.0,191484452.0,884917794.0,0.04395791480716908,4.776000000000001,4.671000000000001,4.4625,4.554,91.58878384837107,12248785.55,4.534833333333333,4.372999999999999,False,False,4.95,190605790.9,56194003.165
2022-08-24,4.9,5.05,4.8,4.84,23938666.0,118037452.0,884917794.0,0.027051852909175427,4.806,4.714,4.486,4.559833333333334,85.43689204260532,13141912.55,4.539833333333333,4.383,False,False,4.95,115863143.44,60659526.80600001
2022-08-25,4.81,4.85,4.69,4.74,14314859.0,68733506.0,884917794.0,0.01617648452439188,4.824000000000001,4.736000000000001,4.505000000000001,4.5635,74.48979485422743,13562881.6,4.538833333333333,4.3925,False,False,4.95,67852431.66,62766934.185
2022-08-26,4.74,4.85,4.73,4.77,11257259.0,54460546.0,884917794.0,0.012721248319705503,4.840000000000001,4.754,4.5295000000000005,4.569166666666667,71.91011122838026,13705594.05,4.54,4.4075,False,False,4.95,53697125.42999999,63653546.31649999
2022-08-29,4.75,4.93,4.37,4.46,38890425.0,183303002.0,884917794.0,0.04394806530469654,4.741999999999999,4.738,4.5360000000000005,4.568333333333333,53.333332711111126,15252624.0,4.546666666666667,4.4384999999999994,False,False,4.95,173451295.5,70604973.7625
2022-08-30,4.52,4.81,4.41,4.69,41376768.0,193037488.0,884917794.0,0.04675775341003031,4.7,4.7379999999999995,4.567500000000001,4.572666666666667,59.99999940000002,16716522.4,4.554,4.4625,True,False,4.95,194057041.92000002,77851769.4585
2022-08-31,4.65,4.81,4.6,4.6,22178504.0,105097726.0,884917794.0,0.02506278453250314,4.651999999999999,4.729,4.5969999999999995,4.573333333333334,52.89855018798572,17517587.4,4.559833333333334,4.486,False,True,4.95,102021118.39999999,81718305.9765
2022-09-01,4.59,4.71,4.48,4.53,14969600.0,69298627.0,884917794.0,0.016916373590290808,4.609999999999999,4.7170000000000005,4.618,4.572666666666667,47.82608647132957,18018042.15,4.5635,4.505000000000001,False,False,4.95,67812288.0,84089536.599
2022-09-02,4.53,4.98,4.53,4.98,25044946.0,123164146.0,884917794.0,0.028302002931585305,4.652,4.746,4.654,4.577333333333333,59.999999533333344,18906999.45,4.569166666666667,4.5295000000000005,True,False,4.95,124723831.08000001,88778112.75299999
2022-09-05,4.99,5.13,4.8,4.88,57355886.0,282346766.0,884917794.0,0.06481493127258779,4.736,4.739,4.679,4.578,55.191256408372894,21358850.4,4.568333333333333,4.5360000000000005,False,True,4.98,279896723.68,100951117.06400001
2022-09-06,4.91,4.92,4.71,4.87,33303834.0,161970364.0,884917794.0,0.037634946687488575,4.772,4.736,4.7035,4.578666666666667,54.89130393017485,22692700.5,4.572666666666667,4.567500000000001,False,False,4.98,162189671.58,107609324.43500002
2022-09-07,4.84,4.86,4.76,4.81,21028700.0,101797184.0,884917794.0,0.02376345028044492,4.814,4.733,4.7235000000000005,4.577,54.30107486009942,23374277.6,4.573333333333334,4.5969999999999995,False,False,4.98,101148046.99999999,111035653.44600001
2022-09-08,4.78,4.84,4.71,4.74,16102902.0,77408645.0,884917794.0,0.018197059782481897,4.856,4.733,4.7345,4.572333333333334,51.3227509425828,23616058.15,4.572666666666667,4.618,False,False,4.98,76327755.48,112305633.454
2022-09-09,4.74,4.74,4.61,4.66,12994000.0,60987785.0,884917794.0,0.01468384983114036,4.792,4.7219999999999995,4.738,4.5696666666666665,41.520467496323654,23560910.15,4.577333333333333,4.654,False,False,4.98,60552040.0,112097983.13399999
2022-09-13,4.7,4.74,4.66,4.7,10080141.0,47711576.0,884917794.0,0.011391047923712561,4.755999999999999,4.746,4.742,4.5655,44.117646695501726,23245031.3,4.578,4.679,True,False,4.98,47376662.7,110678943.41099998
2022-09-14,4.6,4.72,4.57,4.69,9075927.0,42678939.0,884917794.0,0.01025623742853565,4.720000000000001,4.7459999999999996,4.742,4.56,45.45454506887054,22879934.1,4.578666666666667,4.7035,True,True,4.98,42566097.63,108966637.54300001
2022-09-15,4.7,4.72,4.51,4.59,11227300.0,52132541.0,884917794.0,0.012687393197565197,4.676,4.745,4.737,4.5568333333333335,45.45454506887052,22710105.65,4.577,4.7235000000000005,True,True,4.98,51533307.0,108114005.6125
2022-09-16,4.52,4.59,4.38,4.39,11503280.0,51993072.0,884917794.0,0.012999263974569823,4.606,4.731,4.724,4.5485,39.5604392561285,22761786.3,4.572333333333334,4.7345,True,True,4.98,50499399.199999996,108204777.995
2022-09-19,4.38,4.5,4.33,4.37,11230673.0,49753754.0,884917794.0,0.012691204851057611,4.548,4.67,4.708,4.5409999999999995,47.05882309880817,22465344.7,4.5696666666666665,4.738,True,True,4.98,49078041.01,106634776.123
2022-09-20,4.4,4.5,4.39,4.48,9710391.0,43569687.0,884917794.0,0.010973212501589724,4.5040000000000004,4.630000000000001,4.6845,4.5365,42.55319106684775,21724160.1,4.5655,4.742,True,True,4.98,43502551.68000001,102737718.1645
2022-09-21,4.44,4.49,4.38,4.47,6230552.0,27850790.0,884917794.0,0.007040825760590367,4.46,4.59,4.662999999999999,4.531666666666666,45.11278148001584,20090730.65,4.56,4.742,True,True,4.98,27850567.439999998,94599956.9915
2022-09-22,4.43,4.47,4.32,4.33,8537000.0,37877451.0,884917794.0,0.009647223796247903,4.4079999999999995,4.542,4.6375,4.527166666666668,42.857142428571436,19320647.35,4.5568333333333335,4.737,True,True,4.98,36965210.0,90655060.3195
2022-09-23,4.36,4.36,4.19,4.2,9657692.0,41635854.0,884917794.0,0.010913660077220687,4.37,4.488,4.6105,4.5175,13.888888708847773,19087789.0,4.5485,4.724,True,True,4.98,40562306.4,89290554.05649999
2022-09-26,4.22,4.24,4.09,4.12,7237500.0,30303289.0,884917794.0,0.008178725808286776,4.32,4.433999999999999,4.578,4.508500000000001,14.150943209327195,18886801.05,4.5409999999999995,4.708,True,True,4.98,29818500.0,88096622.785
2022-09-27,4.16,4.24,4.12,4.24,6158490.0,25974914.0,884917794.0,0.0069593922076788975,4.272,4.388,4.566999999999999,4.502666666666666,23.076922800788992,17250204.3,4.5365,4.6845,True,True,4.98,26111997.6,80729657.89000002
2022-09-28,4.24,4.24,4.09,4.12,4882280.0,20496593.0,884917794.0,0.005517213048605507,4.202,4.3309999999999995,4.5385,4.495833333333334,21.95121926234387,15425479.9,4.531666666666666,4.662999999999999,True,True,4.98,20114993.6,72032555.474
2022-09-29,4.16,4.19,4.0,4.06,6596186.0,27169556.0,884917794.0,0.007454009903206896,4.148000000000001,4.2780000000000005,4.5115,4.4875,22.13114728701963,14646364.0,4.527166666666668,4.6375,True,True,4.98,26780515.159999996,68270525.312
2022-09-30,4.06,4.16,4.01,4.1,6304701.0,26059322.0,884917794.0,0.007124617724660648,4.127999999999999,4.2490000000000006,4.49,4.480333333333333,26.271186128985946,14213119.05,4.5175,4.6105,True,True,4.98,25849274.099999998,66172374.617
2022-10-10,4.1,4.13,4.01,4.03,5158200.0,21128367.0,884917794.0,0.005829016022701878,4.11,4.215000000000001,4.4425,4.4718333333333335,22.314049328597804,13218781.75,4.508500000000001,4.578,True,True,4.98,20787546.0,60975560.363
2022-10-11,4.03,4.05,3.92,4.03,4267897.0,17200632.0,884917794.0,0.004822930478895987,4.068,4.17,4.4,4.464333333333333,22.49999973750002,10564382.3,4.502666666666666,4.566999999999999,True,True,4.88,17199624.91,47840705.424499996
2022-10-12,4.03,4.17,4.0,4.16,6357730.0,26148806.0,884917794.0,0.0071845430650250884,4.076,4.139,4.3645,4.461333333333332,32.52032483310202,9217077.1,4.495833333333334,4.5385,True,True,4.87,26448156.8,41053629.6855
2022-10-13,4.16,4.22,4.13,4.2,5831809.0,24634289.0,884917794.0,0.006590226843150133,4.104,4.126,4.334,4.457833333333334,41.121494789064585,8457232.55,4.4875,4.5115,True,True,4.81,24493597.8,37220907.2255
2022-10-14,4.24,4.4,4.21,4.28,10549980.0,45864718.0,884917794.0,0.011921988767241355,4.140000000000001,4.1339999999999995,4.311,4.457166666666667,46.01769854491348,8179586.45,4.480333333333333,4.49,True,True,4.74,45153914.400000006,35662215.171500005
2022-10-17,4.24,4.38,4.22,4.3,10090919.0,43736621.0,884917794.0,0.011403227586132141,4.194,4.152,4.293,4.458666666666667,41.346153289570985,8034432.4,4.4718333333333335,4.4425,True,True,4.7,43390951.699999996,34804160.7565
2022-10-18,4.35,4.38,4.31,4.34,7897299.0,34600366.0,884917794.0,0.00892433065935162,4.256,4.162,4.275,4.458833333333333,43.92523307013714,7925290.3,4.464333333333333,4.4,False,True,4.7,34274277.66,34149041.504499994
2022-10-19,4.34,4.67,4.28,4.44,14489171.0,64874295.0,884917794.0,0.016373465533454964,4.311999999999999,4.194000000000001,4.2625,4.459166666666666,55.33980507305121,8195952.5,4.461333333333332,4.3645,False,False,4.69,64331919.24,35237332.58499999
2022-10-20,4.37,4.6,4.36,4.58,21679296.0,98372632.0,884917794.0,0.02449865529543188,4.388,4.246,4.262,4.4606666666666674,68.2692298502219,8718552.3,4.457833333333334,4.334,False,False,4.59,99291175.68,37625226.019
2022-10-21,4.52,4.61,4.45,4.5,13384728.0,60954697.0,884917794.0,0.015125391410086167,4.432,4.286,4.2675,4.461333333333333,68.2692298502219,8812624.7,4.457166666666667,4.311,False,False,4.58,60231276.0,38111819.859000005
2022-10-24,4.48,4.55,4.24,4.28,12817088.0,56713769.0,884917794.0,0.014483930696052881,4.428,4.311,4.263,4.4595,51.754385329332116,8891945.45,4.458666666666667,4.293,False,False,4.58,54857136.64,38400774.6405
2022-10-25,4.24,4.31,4.15,4.24,9337600.0,39830577.0,884917794.0,0.010551940602066818,4.408,4.332000000000001,4.251,4.458,55.66037662335352,8873305.9,4.458833333333333,4.275,False,False,4.58,39591424.0,38205218.2565
2022-10-26,4.24,4.41,4.24,4.34,8661899.0,38044729.0,884917794.0,0.009788365720217396,4.388,4.35,4.2445,4.456666666666666,62.72727192892566,8994873.25,4.459166666666666,4.2625,True,False,4.58,37592641.66,38692321.9675
2022-10-27,4.36,4.44,4.34,4.35,6375320.0,28188339.0,884917794.0,0.00720442061762858,4.3420000000000005,4.365,4.2455,4.456333333333333,61.68224218359685,8886789.25,4.4606666666666674,4.262,False,True,4.58,27732641.999999996,38230693.5675
2022-10-28,4.35,4.37,4.14,4.17,7226800.0,30935244.0,884917794.0,0.008166634289647926,4.276,4.354000000000001,4.244000000000001,4.453166666666666,55.93220272622809,8765244.65,4.461333333333333,4.2675,False,False,4.58,30135756.0,37709366.0475
2022-10-31,4.14,4.25,4.14,4.2,5797000.0,24578000.0,884917794.0,0.006550890985925864,4.26,4.343999999999999,4.248,4.451833333333334,57.024792728638765,8693219.65,4.4595,4.263,True,False,4.58,24347400.0,37435811.0475
2022-11-01,4.18,4.3,4.18,4.3,5512523.0,23685573.0,884917794.0,0.006229418187063826,4.272,4.340000000000001,4.251,4.451333333333334,55.93220272622809,8660921.3,4.458,4.251,True,True,4.58,23703848.9,37315403.6125
2022-11-02,4.36,4.47,4.32,4.39,10529418.0,46722726.0,884917794.0,0.01189875271058229,4.282,4.334999999999999,4.2645,4.456833333333334,57.72357657875603,8943278.2,4.456666666666666,4.2445,False,True,4.58,46224145.019999996,38620861.1835
2022-11-03,4.36,4.39,4.27,4.29,7159106.0,31182695.0,884917794.0,0.008090136788457438,4.2700000000000005,4.306,4.276,4.4615,50.399999435519995,8971424.2,4.456333333333333,4.2455,False,False,4.58,30712564.740000002,38817463.6625
2022-11-04,4.27,4.38,4.27,4.36,6337990.0,27768996.0,884917794.0,0.007162235908209119,4.308,4.292,4.289,4.4656666666666665,52.30769174437872,8973088.65,4.453166666666666,4.244000000000001,False,False,4.58,27633636.400000002,38906681.7775
2022-11-07,4.36,4.64,4.33,4.54,15931684.0,72099928.0,884917794.0,0.018003575143387837,4.376,4.318,4.314500000000001,4.470333333333333,56.94444389081792,9511762.85,4.451833333333334,4.248,False,False,4.58,72329845.36,41483796.7455
2022-11-08,4.51,4.55,4.47,4.54,10988000.0,50061132.0,884917794.0,0.012416972598473932,4.424,4.348,4.34,4.473,53.73134272220984,9847768.0,4.451333333333334,4.251,False,False,4.58,49885520.0,43118091.5
2022-11-09,4.54,4.63,4.49,4.53,7859431.0,36086733.0,884917794.0,0.008881537983854803,4.452,4.367,4.3585,4.475499999999999,47.93388374291374,9922853.05,4.456833333333334,4.2645,False,False,4.58,35603222.43,43575844.7815
2022-11-10,4.5,4.68,4.47,4.63,17204531.0,79872568.0,884917794.0,0.019441953949453524,4.5200000000000005,4.395,4.380000000000001,4.479166666666667,55.2845522162734,10491489.15,4.4615,4.276,False,False,4.58,79656978.53,46334013.818
2022-11-11,4.71,4.86,4.58,4.6,22800879.0,107591483.0,884917794.0,0.025766098449592257,4.568,4.438000000000001,4.396,4.4805,65.38461450443788,11104034.1,4.4656666666666665,4.289,False,False,4.63,104884043.39999999,49320520.268
2022-11-14,4.61,4.65,4.54,4.6,14183081.0,65837065.0,884917794.0,0.016027568996990923,4.58,4.478,4.411,4.480666666666666,67.999999048,11308642.2,4.470333333333333,4.314500000000001,False,False,4.63,65242172.599999994,50413081.313
2022-11-15,4.59,4.65,4.57,4.61,10547486.0,48980237.0,884917794.0,0.01191917042635488,4.593999999999999,4.509,4.4245,4.4805,64.8351638377008,11441151.55,4.473,4.34,False,False,4.63,48623910.46,51130562.953
2022-11-16,4.61,4.71,4.61,4.67,12228401.0,57625954.0,884917794.0,0.013818685851852133,4.622,4.537000000000001,4.436,4.480166666666666,66.66666569444449,11328113.05,4.475499999999999,4.3585,False,False,4.63,57106632.67,50769298.6245
2022-11-17,4.69,4.96,4.65,4.92,33372231.0,160604365.0,884917794.0,0.03771223861275413,4.68,4.6,4.453,4.484,86.4077658158168,11912759.8,4.479166666666667,4.380000000000001,False,False,4.67,164191376.52,54014308.666499995
2022-11-18,4.99,5.42,4.78,5.08,107974852.0,567637952.0,884917794.0,0.12201681640046216,4.776000000000001,4.672,4.482,4.491166666666667,87.93103342152203,16642266.0,4.4805,4.396,False,False,4.92,548512248.16,78428357.27449998
2022-11-21,5.03,5.26,4.89,4.95,70619396.0,359059215.0,884917794.0,0.07980334046712592,4.846,4.712999999999999,4.5155,4.495500000000001,77.31092346020765,19532381.4,4.480666666666666,4.411,False,False,5.08,349566010.2,93163800.9525
2022-11-22,4.96,5.2,4.88,5.04,51137598.0,259501327.0,884917794.0,0.05778796442644479,4.932,4.763,4.5555,4.497,77.31092346020765,21622381.3,4.4805,4.4245,False,False,5.08,257733493.92000002,104070904.4485
2022-11-23,4.97,5.01,4.8,4.82,34924244.0,171335224.0,884917794.0,0.03946608853025279,4.962000000000001,4.792,4.5795,4.495666666666667,70.2290068830488,22935498.55,4.480166666666666,4.436,False,False,5.08,168334856.08,110608015.1695
2022-11-24,4.8,4.82,4.64,4.68,26951270.0,128204122.0,884917794.0,0.030456241452864265,4.914,4.797,4.596,4.492999999999999,61.59420227368199,23964296.05,4.484,4.453,False,False,5.08,126131943.6,115527980.24949999
2022-11-25,4.67,4.78,4.62,4.69,19148376.0,90738317.0,884917794.0,0.02163859301940989,4.836,4.806,4.622,4.492166666666667,56.19834645720923,24560374.85,4.491166666666667,4.482,False,False,5.08,89805883.44000001,118511486.62149999
2022-11-28,4.66,5.15,4.57,4.94,76288925.0,383793573.0,884917794.0,0.08621018304441508,4.8340000000000005,4.84,4.659,4.495,63.69862952617753,28084971.1,4.495500000000001,4.5155,False,False,5.08,376867289.50000006,136137481.09649998
2022-11-29,4.96,5.05,4.9,4.97,59617696.0,299265813.0,884917794.0,0.06737088620460038,4.82,4.8759999999999994,4.6925,4.5035,64.86486425127829,30790229.75,4.497,4.5555,False,False,5.08,296299949.12,149767286.10750002
2022-11-30,4.93,5.09,4.91,4.98,28255807.0,142115472.0,884917794.0,0.03193043149497342,4.852,4.907,4.7219999999999995,4.508333333333334,62.58992742715182,31676549.2,4.495666666666667,4.5795,False,False,5.08,140713918.86,154491774.7995
2022-12-01,5.0,5.34,4.96,5.11,44886627.0,232127928.0,884917794.0,0.0507240642061267,4.938000000000001,4.926,4.763,4.5168333333333335,67.11409332912933,33562925.25,4.492999999999999,4.596,False,False,5.08,229370663.97000003,164424679.761
2022-12-02,5.11,5.32,5.1,5.12,49851564.0,260802233.0,884917794.0,0.05633468367119308,5.024,4.93,4.801,4.526666666666667,67.3333327048889,35738603.95,4.492166666666667,4.622,False,False,5.11,255240007.68,175804998.325
2022-12-05,5.2,5.45,5.08,5.27,64560832.0,341457112.0,884917794.0,0.07295686948295223,5.09,4.962000000000001,4.8375,4.531499999999999,70.12195062091016,38170061.35,4.495,4.659,False,False,5.12,340235584.64,189200285.28899997
2022-12-06,5.18,5.34,5.09,5.13,34431016.0,179735427.0,884917794.0,0.03890871698303763,5.122,4.970999999999999,4.867,4.535666666666667,63.372092507436456,39342212.15,4.5035,4.6925,False,False,5.27,176631112.07999998,195537564.893
2022-12-07,5.08,5.2,5.03,5.15,26384073.0,136675750.0,884917794.0,0.029815281350303598,5.156000000000001,5.0040000000000004,4.898000000000001,4.540333333333334,57.71812026305123,40268444.25,4.508333333333334,4.7219999999999995,False,False,5.27,135877975.95000002,200551302.569
2022-12-08,5.14,5.18,4.98,5.06,22830261.0,116456756.0,884917794.0,0.02579930153376484,5.146,5.042,4.9195,4.5445,49.29577416187263,40549730.75,4.5168333333333335,4.763,False,False,5.27,115521120.66,202344509.67549998
2022-12-09,5.1,5.1,4.86,4.9,25319504.0,126257929.0,884917794.0,0.028612266779664282,5.101999999999999,5.063000000000001,4.9345,4.547166666666667,48.27586160285376,40675662.0,4.526666666666667,4.801,False,False,5.27,124065569.60000001,203303585.9855
2022-12-12,4.89,4.98,4.8,4.83,17975837.0,88110403.0,884917794.0,0.020313567115365295,5.014,5.0520000000000005,4.946,4.55,42.657342239718325,40865299.8,4.531499999999999,4.8375,True,False,5.27,86823292.71000001,204382641.991
2022-12-13,4.83,4.98,4.8,4.88,16456588.0,81276455.0,884917794.0,0.01859674210596787,4.964,5.043000000000001,4.9595,4.553,52.380951798941794,41160754.9,4.535666666666667,4.867,True,True,5.27,80308149.44,205966853.94
2022-12-14,4.82,4.93,4.81,4.83,12037100.0,58875115.0,884917794.0,0.013602506449316579,4.9,5.0280000000000005,4.9675,4.555333333333334,56.410255735261906,41151189.85,4.540333333333334,4.898000000000001,True,True,5.27,58139193.0,206018481.9565
2022-12-15,4.81,5.03,4.77,4.9,20852767.0,103037667.0,884917794.0,0.023564637462810473,4.868,5.007,4.966500000000001,4.5605,58.53658469958359,40525216.65,4.5445,4.9195,True,True,5.27,102178558.30000001,202917841.04549998
2022-12-16,4.82,4.94,4.69,4.71,18463396.0,88987491.0,884917794.0,0.0208645324177988,4.83,4.966,4.948,4.565833333333333,40.17093969026224,36049643.85,4.547166666666667,4.9345,True,True,5.27,86962595.16,179840358.3955
2022-12-19,4.76,4.81,4.65,4.7,12334100.0,58774145.0,884917794.0,0.013938130845179954,4.804,4.909000000000001,4.9355,4.5713333333333335,38.260869099432924,33135379.05,4.55,4.946,True,True,5.27,57970270.0,165260571.3855
2022-12-20,4.81,4.84,4.59,4.61,11469000.0,53913597.0,884917794.0,0.01296052591298667,4.75,4.857000000000001,4.914,4.573499999999999,34.959349195584636,31151949.15,4.553,4.9595,True,True,5.27,52872090.0,155017501.1895
2022-12-21,4.62,4.78,4.6,4.65,12598656.0,59545475.0,884917794.0,0.014237091948452785,4.714,4.807,4.9055,4.5765,29.824561037242233,30035669.75,4.555333333333334,4.9675,True,True,5.27,58583750.400000006,149529945.9055
2022-12-22,4.62,4.76,4.55,4.61,15655942.0,73424249.0,884917794.0,0.01769197331791929,4.656000000000001,4.7620000000000005,4.901999999999999,4.581166666666666,28.205127867630964,29470903.35,4.5605,4.966500000000001,True,True,5.27,72173892.62,146832043.3565
2022-12-23,4.57,5.07,4.56,4.94,66922736.0,333117236.0,884917794.0,0.07562593548661312,4.702,4.766,4.9145,4.593500000000001,37.777777386008275,31859621.35,4.565833333333333,4.948,True,True,5.27,330598315.84000003,158871664.9765
2022-12-26,4.88,5.04,4.78,4.84,47976146.0,235725870.0,884917794.0,0.054215370427956384,4.73,4.767,4.9094999999999995,4.6055,38.931297293864006,30443982.4,4.5713333333333335,4.9355,False,True,5.27,232204546.64,151638527.8335
2022-12-27,4.84,4.85,4.76,4.81,19526551.0,94656133.0,884917794.0,0.022065949099900232,4.7700000000000005,4.760000000000001,4.9015,4.615,37.121211727502285,28439425.15,4.573499999999999,4.914,True,False,5.27,93922710.30999999,141519665.89299998
2022-12-28,4.82,5.29,4.67,5.29,90375095.0,471577590.0,884917794.0,0.10212823791404063,4.898,4.806,4.917,4.634500000000001,56.72514573441402,31545389.55,4.5765,4.9055,True,True,5.27,478084252.55,158388182.57750002
2022-12-29,5.45,5.82,5.14,5.23,169754118.0,955834295.0,884917794.0,0.19183038147835008,5.022,4.839,4.923,4.654,60.2484466810694,37788764.1,4.581166666666666,4.901999999999999,False,True,5.29,887814037.1400001,191310351.236
2022-12-30,5.06,5.42,4.98,5.35,129331921.0,680845902.0,884917794.0,0.14615133956725476,5.104,4.9030000000000005,4.9345,4.674833333333334,65.66265004862824,41762781.95,4.593500000000001,4.9145,False,False,5.29,691925777.3499999,213144639.7195
2023-01-03,5.3,5.89,5.3,5.89,132580188.0,755991480.0,884917794.0,0.14982203872374614,5.314,5.022,4.9655000000000005,4.7058333333333335,73.48837161449431,45163749.75,4.6055,4.9094999999999995,False,False,5.35,780897307.3199999,235177725.85349998
2023-01-04,5.9,5.92,5.59,5.63,116269780.0,667087868.0,884917794.0,0.1313904871032574,5.478,5.124,4.9905,4.7325,66.94915214521689,49255687.95,4.615,4.9015,False,False,5.89,654598861.4,259076113.31949997
2023-01-05,5.73,5.74,5.51,5.57,83971696.0,475695918.0,884917794.0,0.09489208666539709,5.534000000000001,5.215999999999999,5.0115,4.756,64.25531876613852,52135069.1,4.634500000000001,4.917,False,False,5.89,467722346.72,275668331.858
2023-01-06,5.56,5.6,5.33,5.36,57807415.0,315977988.0,884917794.0,0.06532518092861403,5.5600000000000005,5.2909999999999995,5.0265,4.775333333333333,63.7130797924122,53883926.8,4.654,4.923,False,False,5.89,309847744.40000004,285384663.045
2023-01-09,5.37,5.49,5.28,5.38,41891997.0,226601850.0,884917794.0,0.04733998715365419,5.566,5.335,5.0505,4.793666666666667,64.28571390756304,54712551.45,4.674833333333334,4.9345,False,False,5.89,225378943.85999998,290450331.758
2023-01-10,5.31,5.38,5.19,5.35,35879688.0,191778142.0,884917794.0,0.04054578656150291,5.458,5.386,5.0765,4.811166666666667,65.94827546410522,55607744.0,4.7058333333333335,4.9655000000000005,False,False,5.89,191956330.79999998,295706983.6625
2023-01-11,5.37,5.53,5.25,5.32,43873592.0,238837508.0,884917794.0,0.0495792855533878,5.396,5.436999999999999,5.0985,4.827500000000001,64.50216411124231,56978594.2,4.7325,4.9905,False,False,5.89,233407509.44,303361951.6625
2023-01-12,5.25,5.48,5.18,5.19,41009933.0,219269428.0,884917794.0,0.046343212079200204,5.32,5.427,5.1165,4.840000000000001,62.08333297118057,58427235.85,4.756,5.0115,False,False,5.89,212841552.27,311097069.62600005
2023-01-13,5.19,5.27,5.14,5.25,28276973.0,148813213.0,884917794.0,0.03195435010090892,5.298,5.429,5.134,4.851166666666667,57.2769949286958,58798446.15,4.775333333333333,5.0265,False,False,5.89,148454108.25,313410847.1235
2023-01-16,5.22,5.33,5.18,5.24,25211606.0,133429933.0,884917794.0,0.028490336809748905,5.2700000000000005,5.418,5.160500000000001,4.8635,59.803921158208404,59135856.65,4.793666666666667,5.0505,False,False,5.89,132108815.44000001,315668158.1375
2023-01-17,5.24,5.26,5.03,5.07,31228269.0,161313855.0,884917794.0,0.03528945763294257,5.214,5.336,5.179,4.876666666666667,55.96330239289625,60080565.1,4.811166666666667,5.0765,False,False,5.89,158327323.83,320686010.829
2023-01-18,5.05,5.1,5.02,5.05,15800869.0,80569424.0,884917794.0,0.01785574785266438,5.16,5.2780000000000005,5.201,4.890166666666667,43.02325546376419,60297158.55,4.827500000000001,5.0985,True,False,5.89,79794388.45,322032125.7515
2023-01-19,5.03,5.09,4.98,5.04,16108542.0,82060899.0,884917794.0,0.01820343325585789,5.13,5.225,5.2205,4.901833333333333,44.311376874036334,60472652.85,4.840000000000001,5.1165,True,True,5.89,81187051.68,323162290.81549996
2023-01-20,5.06,5.15,5.04,5.09,18222700.0,93684756.0,884917794.0,0.02059253427104213,5.098,5.198,5.2445,4.9141666666666675,41.874999633593745,60600990.75,4.851166666666667,5.134,True,True,5.89,92753543.0,324191273.33449996
2023-01-30,5.16,5.23,5.11,5.19,22731796.0,118686516.0,884917794.0,0.02568803131107566,5.088,5.179,5.257,4.931166666666667,19.827585967598083,58391443.75,4.8635,5.160500000000001,True,True,5.89,117978021.24000001,313560258.60449994
2023-01-31,5.16,5.39,5.12,5.24,29352401.0,155310828.0,884917794.0,0.03316963586789396,5.122,5.168,5.277,4.9485,29.473683776177282,57460256.5,4.876666666666667,5.179,True,True,5.89,153806581.24,309640360.3345
2023-02-01,5.21,5.35,5.19,5.34,28084724.0,149579352.0,884917794.0,0.031737099412422934,5.18,5.17,5.3035000000000005,4.965833333333333,38.3838378410366,57888165.15,4.890166666666667,5.201,True,True,5.89,149972426.16,312442846.127
2023-02-02,5.35,5.41,5.25,5.28,27079185.0,145307211.0,884917794.0,0.030600791603022055,5.228,5.179,5.303,4.980666666666667,45.23809448412698,54723369.65,4.901833333333333,5.2205,False,True,5.89,142978096.8,295687538.3395
2023-02-03,5.25,5.61,5.24,5.4,40570140.0,221443207.0,884917794.0,0.04584622467202869,5.290000000000001,5.194000000000001,5.3115,4.9991666666666665,51.06382902670895,48264170.75,4.9141666666666675,5.2445,True,False,5.89,219078756.0,262250774.28250003
2023-02-06,5.35,5.39,5.25,5.36,26539498.0,142760131.0,884917794.0,0.02999091913389641,5.324,5.206,5.311999999999999,5.015833333333334,50.526315044875396,43124549.6,4.931166666666667,5.257,False,True,5.89,142251709.28,234767070.879
2023-02-07,5.36,5.44,5.28,5.4,32247500.0,175048721.0,884917794.0,0.03644123806600729,5.356,5.239,5.2875,5.030166666666667,54.16666587673612,38107915.2,4.9485,5.277,False,False,5.89,174136500.0,204429030.513
2023-02-08,5.36,5.39,5.2,5.22,30274288.0,160515578.0,884917794.0,0.03421141286260541,5.332000000000001,5.256,5.267,5.0415,51.485147801195936,33808140.6,4.965833333333333,5.3035000000000005,False,False,5.63,158031783.35999998,179600676.611
2023-02-09,5.22,5.31,5.13,5.31,21938375.0,115516983.0,884917794.0,0.024791427123229483,5.338,5.2829999999999995,5.254,5.054500000000001,52.88461467270709,30706474.55,4.980666666666667,5.303,True,False,5.57,116492771.24999999,162039197.8375
2023-02-10,5.31,5.72,5.28,5.42,54279493.0,299254095.0,884917794.0,0.06133845806698741,5.342,5.316000000000001,5.257,5.067666666666667,57.89473613111726,30530078.45,4.9991666666666665,5.3115,False,True,5.4,294194852.06,161256553.2205
2023-02-13,5.46,5.5,5.3,5.42,33778626.0,183597738.0,884917794.0,0.038171484661093845,5.354,5.339,5.259,5.081333333333333,68.04123613136358,30124409.9,5.015833333333334,5.311999999999999,False,False,5.42,183080152.92,159141613.6735
2023-02-14,5.5,5.72,5.43,5.64,76980086.0,433458673.0,884917794.0,0.08699122847562493,5.401999999999999,5.379,5.2735,5.098666666666667,75.21367431368253,32179429.8,5.030166666666667,5.2875,False,False,5.42,434167685.03999996,171252181.3855
2023-02-15,5.77,6.2,5.51,5.92,122285065.0,720419953.0,884917794.0,0.13818805071965815,5.542,5.436999999999999,5.3035,5.120500000000001,80.55555477237654,36100003.45,5.0415,5.267,False,False,5.64,723927584.8,195778185.15350002
2023-02-16,6.0,6.14,5.78,5.84,102286929.0,618113645.0,884917794.0,0.11558918771159889,5.648,5.493,5.336,5.14,75.51020336248786,39163853.25,5.054500000000001,5.254,False,False,5.92,597355665.36,215003890.808
2023-02-17,5.96,6.42,5.9,6.05,143120923.0,900279376.0,884917794.0,0.16173358019287382,5.774,5.558,5.3759999999999994,5.158833333333333,77.21518918923248,44906050.75,5.067666666666667,5.257,False,False,5.92,865881584.15,250875264.60300002
2023-02-20,6.05,6.11,5.72,5.97,90311186.0,539411782.0,884917794.0,0.10205601764631259,5.8839999999999995,5.619,5.4125,5.173666666666667,72.67080682149607,48161029.75,5.081333333333333,5.259,False,False,6.05,539157780.42,271227712.85199994
2023-02-21,5.97,6.18,5.82,5.95,70394417.0,424836276.0,884917794.0,0.07954910329218672,5.946,5.674,5.4565,5.190333333333333,69.93463988295102,50119337.15,5.098666666666667,5.2735,False,False,6.05,418846781.15000004,284253685.718
2023-02-22,5.86,5.97,5.74,5.84,45125164.0,265760919.0,884917794.0,0.05099362257823465,5.93,5.736,5.496,5.203666666666666,67.72151838727765,51585551.9,5.120500000000001,5.3035,False,False,6.05,263530957.76,293440514.1835
2023-02-23,5.89,5.91,5.6,5.62,50742779.0,291785107.0,884917794.0,0.057341799819204446,5.886,5.767,5.525,5.217,56.547618576388885,53317263.75,5.14,5.336,False,False,6.05,285174417.98,303639882.4985
2023-02-24,5.61,5.67,5.54,5.62,26480678.0,149690848.0,884917794.0,0.029924449682836866,5.8,5.787,5.551499999999999,5.232666666666666,57.92682877379536,53730162.65,5.158833333333333,5.3759999999999994,False,False,6.05,148821410.36,306443275.8665
2023-02-27,5.58,5.63,5.44,5.45,25205428.0,140318383.0,884917794.0,0.02848335537029556,5.696,5.790000000000001,5.5645,5.245333333333333,51.41242897187909,53853844.25,5.173666666666667,5.4125,False,False,6.05,137369582.6,307412853.9345
2023-02-28,5.53,5.57,5.47,5.53,17889695.0,99577290.0,884917794.0,0.020216222479983264,5.612,5.779,5.579,5.255166666666667,59.28143662877839,53280708.95,5.190333333333333,5.4565,True,False,6.05,98930013.35000001,304669025.54
2023-03-01,5.53,5.72,5.5,5.72,34066728.0,194292663.0,884917794.0,0.03849705388566296,5.588,5.759,5.598,5.267666666666667,61.581920416866176,53579809.15,5.203666666666666,5.496,True,True,6.05,194861684.16,306913488.44
2023-03-02,5.72,6.13,5.68,6.06,75778500.0,452025274.0,884917794.0,0.08563337805364551,5.676,5.781,5.637,5.285666666666667,65.999999538,56014774.9,5.217,5.525,False,True,6.05,459217710.0,322725469.1
2023-03-03,5.97,6.19,5.91,6.03,60709253.0,369453964.0,884917794.0,0.0686043985233729,5.758,5.779,5.6685,5.301,65.02463009342621,57021730.55,5.232666666666666,5.551499999999999,False,False,6.06,366076795.59000003,330075371.0795
2023-03-06,6.04,6.06,5.78,5.85,37472654.0,221531837.0,884917794.0,0.04234591535403118,5.837999999999999,5.767,5.693,5.313166666666666,55.27638152066867,57568388.35,5.245333333333333,5.5645,False,False,6.06,219215025.89999998,333923536.9105
2023-03-07,5.9,5.92,5.7,5.71,34788505.0,203600157.0,884917794.0,0.03931269688085852,5.874,5.743,5.7085,5.3205,44.32432398889701,57695438.6,5.255166666666667,5.579,False,False,6.06,198642363.55,335148830.088
2023-03-08,5.72,5.95,5.67,5.8,30619445.0,179142993.0,884917794.0,0.0346014570026829,5.89,5.739,5.7375,5.331666666666667,48.924730814545036,57712696.45,5.267666666666667,5.598,False,False,6.06,177592781.0,336126879.96999997
2023-03-09,5.77,5.8,5.67,5.74,19462774.0,112463472.0,884917794.0,0.02199387799857034,5.8260000000000005,5.7509999999999994,5.7589999999999995,5.341499999999999,40.93567217947403,57588916.4,5.285666666666667,5.637,False,False,6.06,111716322.76,335888057.5455
2023-03-10,5.66,5.7,5.58,5.58,19400921.0,110105968.0,884917794.0,0.021923981110498498,5.736,5.747,5.767,5.3501666666666665,39.106144945538524,55844987.8,5.301,5.6685,True,False,6.06,108257139.18,326591171.9015
2023-03-13,5.61,5.74,5.49,5.7,19909235.0,112778671.0,884917794.0,0.022498400568945955,5.7059999999999995,5.772,5.781,5.3635,43.386243064863805,55151518.25,5.313166666666666,5.693,True,True,6.06,113482639.5,323111296.2305
2023-03-14,5.7,5.73,5.47,5.51,23684173.0,133157149.0,884917794.0,0.026764263483665465,5.666,5.7700000000000005,5.7745,5.374833333333333,41.62436518642583,52486722.6,5.3205,5.7085,True,True,6.06,130499793.22999999,307927901.64
2023-03-15,5.57,5.61,5.45,5.5,20404398.0,113487151.0,884917794.0,0.02305795875995234,5.606,5.748,5.7535,5.385166666666667,46.59090872029959,47392689.25,5.331666666666667,5.7375,True,True,6.06,112224189.0,277342731.85
2023-03-16,5.47,5.47,5.3,5.31,23438700.0,126723207.0,884917794.0,0.02648686709536321,5.52,5.673,5.727,5.393166666666667,42.0512817493754,43450277.8,5.341499999999999,5.7589999999999995,True,True,6.06,124459496.99999999,253697923.432
2023-03-17,5.37,5.52,5.36,5.51,25356323.0,139901891.0,884917794.0,0.028653874034315102,5.506,5.621,5.7,5.403333333333333,51.51515115090296,37562047.8,5.3501666666666665,5.767,True,True,6.06,139713339.73,217389511.21100003
2023-03-20,5.51,5.63,5.46,5.48,25952437.0,145056340.0,884917794.0,0.029327511748509377,5.462000000000001,5.584,5.6755,5.416166666666667,48.704662859137166,34344110.35,5.3635,5.781,True,True,6.06,142219354.76000002,197542589.928
2023-03-21,5.51,5.65,5.42,5.63,23248872.0,130503959.0,884917794.0,0.026272352254225324,5.486,5.576,5.6594999999999995,5.431666666666667,47.61904726631394,31986833.1,5.374833333333333,5.7745,True,True,6.06,130891149.36,183144808.3385
2023-03-22,5.65,5.78,5.63,5.76,27516094.0,158791013.0,884917794.0,0.031094519950403438,5.537999999999999,5.572,5.6555,5.450833333333334,41.07142822916667,31106379.6,5.385166666666667,5.7535,True,True,6.06,158492701.44,177892895.5225
2023-03-23,5.72,5.76,5.63,5.71,23155467.0,132559229.0,884917794.0,0.026166800076798998,5.618,5.569,5.659999999999999,5.468500000000001,40.58823495986158,29727014.0,5.393166666666667,5.727,False,True,6.06,132217716.57,170245060.452
2023-03-24,5.7,5.84,5.67,5.82,29238967.0,170394148.0,884917794.0,0.03304144994964357,5.68,5.593,5.67,5.488666666666666,49.079754179683114,29864928.45,5.403333333333333,5.7,False,False,6.06,170170787.94,171312529.331
2023-03-27,5.74,5.83,5.7,5.81,24131351.0,140484388.0,884917794.0,0.027269596298794732,5.746,5.604,5.688000000000001,5.503166666666667,53.33333283555555,29811224.6,5.416166666666667,5.6755,False,False,6.06,140203149.31,171454207.6665
2023-03-28,5.79,5.92,5.7,5.8,30731310.0,180545158.0,884917794.0,0.03472786987488241,5.779999999999999,5.633,5.7015,5.519166666666666,49.99999950704226,30453305.35,5.431666666666667,5.6594999999999995,False,False,6.06,178241598.0,175419786.899
2023-03-29,5.83,5.94,5.69,5.84,30860337.0,181700264.0,884917794.0,0.034873676638939866,5.796,5.667,5.7075000000000005,5.536333333333333,53.57142803571428,30292985.8,5.450833333333334,5.6555,False,False,6.06,180224368.07999998,174687921.095
2023-03-30,5.84,5.87,5.64,5.66,23085107.0,133150561.0,884917794.0,0.026087289866385036,5.786,5.702,5.6875,5.5424999999999995,52.8169008877207,27658316.15,5.468500000000001,5.659999999999999,False,False,6.06,130661705.62,158260120.876
2023-03-31,5.65,5.94,5.62,5.9,30958354.0,181358882.0,884917794.0,0.034984440599914075,5.802,5.741,5.681,5.553666666666667,56.49350597992917,26170771.2,5.488666666666666,5.67,True,False,6.03,182654288.60000002,149088995.5265
2023-04-03,5.88,5.96,5.84,5.93,25217274.0,150312405.0,884917794.0,0.028496741924482084,5.8260000000000005,5.786,5.6850000000000005,5.5633333333333335,65.21739064272214,25558002.2,5.503166666666667,5.688000000000001,False,True,5.9,149538434.82,145605165.97250003
2023-04-04,5.89,5.95,5.76,5.81,26963749.0,158850356.0,884917794.0,0.03047034332773288,5.828,5.804,5.6899999999999995,5.562,60.40268399621638,25166764.4,5.519166666666666,5.7015,False,False,5.93,156659381.69,143506016.8795
2023-04-06,5.75,5.78,5.5,5.52,29055507.0,163944916.0,884917794.0,0.032834131257168504,5.764,5.779999999999999,5.676,5.5601666666666665,56.60377308650766,25088567.5,5.536333333333333,5.7075000000000005,False,False,5.93,160386398.64,142645697.7615
2023-04-07,5.58,5.71,5.44,5.69,23609037.0,133648836.0,884917794.0,0.02667935616175439,5.7700000000000005,5.7780000000000005,5.6735,5.562166666666667,55.7692302687377,25295880.65,5.5424999999999995,5.6875,True,False,5.93,134335420.53,143776652.64999998
2023-04-10,5.67,5.74,5.45,5.47,26117300.0,146943119.0,884917794.0,0.029513814929570736,5.684,5.743,5.667999999999999,5.563999999999999,49.71428531657141,25631699.6,5.553666666666667,5.681,False,True,5.93,142861631.0,145506877.241
2023-04-11,5.46,5.83,5.42,5.73,35331731.0,202525084.0,884917794.0,0.03992656859152275,5.644,5.734999999999999,5.6695,5.569833333333333,52.688171646433126,26402824.4,5.5633333333333335,5.6850000000000005,True,False,5.93,202450818.63000003,149955286.1975
2023-04-12,5.81,5.97,5.75,5.93,38268750.0,226882660.0,884917794.0,0.04324554242153707,5.668,5.747999999999999,5.6905,5.5794999999999995,54.40414468307874,27132053.25,5.562,5.6899999999999995,False,True,5.93,226933687.5,154776980.91099998
2023-04-13,6.09,6.11,5.97,5.98,57137343.0,348469186.0,884917794.0,0.06456796708960742,5.76,5.7620000000000005,5.714499999999999,5.5905000000000005,56.99481823941583,28968700.5,5.5601666666666665,5.676,False,False,5.93,341681311.14000005,166249837.018
2023-04-14,6.05,6.1,5.82,5.92,38763946.0,232824996.0,884917794.0,0.04380513790414299,5.805999999999999,5.788,5.744999999999999,5.602666666666666,52.65957407593933,29734962.8,5.562166666666667,5.6735,False,False,5.98,229482560.32,171500990.184
2023-04-17,5.96,5.98,5.72,5.75,28348950.0,165890718.0,884917794.0,0.032035687599700366,5.862,5.773000000000001,5.757,5.611,48.52941143166092,29884594.15,5.563999999999999,5.667999999999999,False,False,5.98,163006462.5,172665646.3225
2023-04-18,5.76,5.79,5.56,5.66,23069147.0,131316601.0,884917794.0,0.026069254292789144,5.848,5.746,5.766,5.617999999999999,46.69811289916342,29740429.65,5.569833333333333,5.6695,True,False,5.98,130571372.02000001,172083247.1855
2023-04-19,5.66,5.93,5.62,5.81,29088417.0,170532931.0,884917794.0,0.0328713211523465,5.824,5.746,5.775,5.630333333333334,49.32735395041123,30032406.9,5.5794999999999995,5.6905,True,True,5.98,169003702.76999998,173988874.856
2023-04-20,5.79,5.92,5.76,5.92,25167607.0,148884450.0,884917794.0,0.028440615807076877,5.811999999999999,5.786,5.7829999999999995,5.644833333333334,56.01851815543552,29914982.55,5.5905000000000005,5.714499999999999,False,True,5.98,148992233.44,173513851.456
2023-04-21,5.86,5.92,5.5,5.51,32894800.0,188400268.0,884917794.0,0.037172718441234105,5.7299999999999995,5.768,5.773,5.652666666666667,41.63090103741089,30401949.2,5.602666666666666,5.744999999999999,False,False,5.98,181250348.0,175965483.0275
2023-04-24,5.52,5.81,5.5,5.73,29828100.0,171153775.0,884917794.0,0.03370719879546235,5.726000000000001,5.794,5.7685,5.663333333333333,46.031745776014134,30431405.85,5.611,5.757,True,False,5.98,170915013.0,176002694.2805
2023-04-25,5.71,5.79,5.57,5.76,26335416.0,151274551.0,884917794.0,0.029760296581854022,5.746,5.797,5.766,5.672833333333333,48.971193133499305,30541609.1,5.617999999999999,5.766,True,True,5.98,151691996.16,176577136.623
2023-04-26,5.71,5.71,5.45,5.55,30518419.0,171658453.0,884917794.0,0.03448729272585969,5.694000000000001,5.759,5.7535,5.677999999999999,50.63829757066546,30530964.55,5.630333333333334,5.775,True,True,5.98,169377225.45,176133917.99550003
2023-04-27,5.51,5.73,5.4,5.45,27376623.0,152820897.0,884917794.0,0.030936910960115693,5.6,5.706,5.734,5.679833333333334,44.73684183056324,30356778.85,5.644833333333334,5.7829999999999995,True,True,5.98,149202595.35,174582829.359
2023-04-28,5.43,5.94,5.39,5.9,47430593.0,276236490.0,884917794.0,0.05359886909450032,5.678,5.704,5.746,5.690166666666666,58.56573672513136,31574053.15,5.652666666666667,5.773,True,True,5.98,279840498.7,182041769.013
2023-05-04,5.91,6.19,5.87,6.15,52578427.0,321589774.0,884917794.0,0.059416171034752635,5.762,5.744,5.7585,5.7026666666666666,58.39999967296,32655056.8,5.663333333333333,5.7685,False,True,5.98,323357326.05,189076920.8855
2023-05-05,6.06,6.1,5.93,5.98,33521504.0,202949707.0,884917794.0,0.037880924338153835,5.806,5.776000000000001,5.761,5.712999999999999,51.0121454598502,33070268.3,5.672833333333333,5.766,False,False,6.15,200458593.92000002,191622928.8405
2023-05-08,6.0,6.28,5.94,6.17,43190079.0,267387794.0,884917794.0,0.04880688273288355,5.93,5.811999999999999,5.779,5.725833333333333,53.63984645557169,33881584.8,5.677999999999999,5.7535,False,False,6.15,266482787.43,197114099.1275
2023-05-09,6.15,6.33,6.02,6.05,45977298.0,287187551.0,884917794.0,0.05195657530195398,6.05,5.825000000000001,5.8055,5.7396666666666665,52.43445665390173,34727674.35,5.679833333333334,5.734,False,False,6.17,278162652.9,203002911.8405
2023-05-10,6.13,6.26,5.98,6.09,35906553.0,221448569.0,884917794.0,0.040576145313674185,6.088,5.883,5.8255,5.752666666666666,56.692913073346155,35342550.15,5.690166666666666,5.746,False,False,6.17,218670907.76999998,207219686.20250002
2023-05-11,6.1,6.5,6.08,6.41,64665228.0,414424568.0,884917794.0,0.07307484202312244,6.14,5.9510000000000005,5.8725000000000005,5.769166666666667,63.5379058160539,37269946.55,5.7026666666666666,5.7585,False,False,6.17,414504111.48,220801810.22650003
2023-05-12,6.27,6.28,5.96,5.98,49246643.0,302647841.0,884917794.0,0.05565109362011541,6.14,5.973,5.885,5.778499999999999,52.78688500360119,37965692.15,5.712999999999999,5.761,False,False,6.41,294494925.14000005,225404015.552
2023-05-15,6.03,6.06,5.7,5.84,36706147.0,216103095.0,884917794.0,0.04147972529073136,6.074,6.002000000000001,5.8805,5.781833333333334,48.70129847992916,37887562.0,5.725833333333333,5.779,False,False,6.41,214363898.48,224775526.101
2023-05-16,5.84,5.84,5.48,5.51,36105168.0,204258652.0,884917794.0,0.040800589890726054,5.966,6.008000000000001,5.857,5.775,49.99999976666667,36835953.25,5.7396666666666665,5.8055,True,False,6.41,198939475.68,217638434.32799998
2023-05-17,5.5,5.6,5.46,5.53,20937429.0,116715739.0,884917794.0,0.02366030962645554,5.854000000000001,5.971,5.8375,5.769833333333334,46.42857119642857,35944627.4,5.752666666666666,5.8255,True,True,6.41,115783982.37,211953505.4305
2023-05-18,5.54,5.6,5.46,5.58,16947326.0,94987433.0,884917794.0,0.019151299832490427,5.688000000000001,5.914,5.829000000000001,5.7620000000000005,46.8085104059152,35374546.2,5.769166666666667,5.8725000000000005,True,True,6.41,94566079.08,208531486.2595
2023-05-19,5.56,5.58,5.4,5.48,17920702.0,98940973.0,884917794.0,0.020251261892921094,5.588,5.864,5.819999999999999,5.753833333333333,48.7084868332403,35117123.95,5.778499999999999,5.885,True,True,6.41,98205446.96000001,206913190.0065
2023-05-22,5.45,5.47,5.3,5.32,19559726.0,105861899.0,884917794.0,0.02210343845792302,5.484,5.779000000000001,5.7955000000000005,5.743333333333334,47.65342936204043,34640689.4,5.781833333333334,5.8805,True,True,6.41,104057742.32000001,203665891.98400003
2023-05-23,5.34,5.35,5.25,5.29,12461233.0,66790789.0,884917794.0,0.014081797297433484,5.4399999999999995,5.703,5.764,5.734166666666667,37.0212763751924,34005370.7,5.775,5.857,True,True,6.41,65919922.57,199512276.4405
2023-05-24,5.25,5.33,5.22,5.24,10475516.0,55780026.0,884917794.0,0.011837840837902736,5.382000000000001,5.618,5.750500000000001,5.727833333333334,28.837209114548415,32884406.5,5.769833333333334,5.8375,True,True,6.41,54891703.84,193194344.23250002
2023-05-25,5.23,5.33,5.22,5.3,12423256.0,65982237.0,884917794.0,0.014038881446653337,5.3260000000000005,5.507,5.729,5.7225,33.333333104575146,32014164.3,5.7620000000000005,5.829000000000001,True,True,6.41,65843256.8,187940756.4225
2023-05-26,5.34,5.4,5.27,5.39,13096656.0,70733767.0,884917794.0,0.01479985608697117,5.308,5.448,5.710500000000001,5.721500000000001,29.896907000743965,31352226.3,5.753833333333333,5.819999999999999,True,True,6.41,70590975.83999999,183885705.40649998
2023-05-29,5.4,5.46,5.31,5.34,14175854.0,76947096.0,884917794.0,0.01601940213669158,5.311999999999999,5.398,5.700000000000001,5.718333333333334,31.016042548543,30535098.05,5.743333333333334,5.7955000000000005,True,True,6.41,75699060.36,179201797.152
2023-05-30,5.31,5.41,5.25,5.41,12095528.0,65295460.0,884917794.0,0.01366853292137552,5.336,5.388,5.698,5.713166666666667,32.105262921329654,29771043.3,5.734166666666667,5.764,True,True,6.41,65436806.480000004,175013507.7085
2023-05-31,5.41,5.54,5.39,5.52,18174377.0,100604275.0,884917794.0,0.020537926938781842,5.3919999999999995,5.387,5.679,5.704166666666667,23.668638857182856,28308232.5,5.727833333333334,5.750500000000001,True,True,6.41,100322561.03999999,166037610.8255
2023-06-01,5.5,5.72,5.48,5.7,27243218.0,154944958.0,884917794.0,0.03078615684385255,5.4719999999999995,5.399,5.6565,5.698666666666667,40.27777738618827,27041472.05,5.7225,5.729,True,True,6.41,155286342.6,157634061.653
2023-06-02,5.66,5.87,5.63,5.76,31126476.0,181059884.0,884917794.0,0.03517442660894216,5.546,5.4270000000000005,5.6455,5.697166666666667,47.0588230449827,26921720.65,5.721500000000001,5.710500000000001,False,True,6.41,179288501.76,156575557.04500002
2023-06-05,5.76,6.19,5.75,6.08,58575503.0,357466585.0,884917794.0,0.06619315759854638,5.694,5.503,5.641,5.703333333333333,71.11111037366257,27690991.85,5.718333333333334,5.700000000000001,False,False,6.41,356139058.24,161058370.5855
2023-06-06,6.07,6.17,5.86,5.88,41767275.0,253989943.0,884917794.0,0.04719904524826404,5.788,5.561999999999999,5.6325,5.704666666666666,61.437907934555085,27480490.7,5.713166666666667,5.698,False,False,6.41,245591577.0,159429816.7905
2023-06-07,5.94,6.06,5.82,5.98,28375225.0,170908368.0,884917794.0,0.0320653796232738,5.880000000000001,5.636,5.627000000000001,5.708666666666668,62.65822729290179,27103924.3,5.704166666666667,5.679,False,False,6.41,169683845.5,156980463.677
2023-06-08,5.96,5.98,5.76,5.91,30527843.0,180833282.0,884917794.0,0.03449794230264964,5.922000000000001,5.697,5.602,5.714166666666666,63.87096716503641,25397055.05,5.698666666666667,5.6565,False,False,6.41,180419552.13,145276235.7095
2023-06-09,5.87,6.09,5.85,6.04,27966104.0,169267713.0,884917794.0,0.03160305306280235,5.978,5.762,5.6049999999999995,5.719833333333333,73.68420984764542,24333028.1,5.697166666666667,5.6455,False,False,6.08,168915268.16,138997252.8605
2023-06-12,5.98,6.11,5.98,6.04,21980354.0,134290235.0,884917794.0,0.024838865427990253,5.970000000000001,5.832,5.615,5.728666666666667,75.16778452862485,23596738.45,5.703333333333333,5.641,False,False,6.08,132761338.16,134917124.8445
2023-06-13,6.06,6.2,6.03,6.06,28132154.0,173577269.0,884917794.0,0.031790697611398695,6.006,5.897,5.6425,5.738,78.08219103208856,23198087.75,5.704666666666666,5.6325,False,False,6.08,170480853.23999998,133494193.7225
2023-06-14,6.06,6.18,6.02,6.05,22665284.0,139291856.0,884917794.0,0.025612869527177798,6.02,5.95,5.6685,5.750333333333333,76.59574392032594,23284480.5,5.708666666666668,5.627000000000001,False,False,6.08,137124968.2,134561243.014
2023-06-15,6.05,6.21,6.03,6.04,24081514.0,148217312.0,884917794.0,0.02721327807314947,6.045999999999999,5.984,5.6915,5.759166666666667,74.43608944202614,23641189.9,5.714166666666666,5.602,False,False,6.08,145452344.56,137105556.28800002
2023-06-16,5.95,6.12,5.93,6.01,23631004.0,144051712.0,884917794.0,0.026704179936515096,6.04,6.009,5.718,5.768,75.57251827632422,23926705.0,5.719833333333333,5.6049999999999995,False,False,6.08,142022334.04,139296400.64200002
2023-06-19,6.04,6.04,5.92,5.92,16878960.0,101517714.0,884917794.0,0.01907404293872748,6.016,5.993,5.747999999999999,5.772833333333334,69.17293160269094,23792666.7,5.728666666666667,5.615,False,False,6.08,99923443.2,139089685.686
2023-06-20,5.97,5.97,5.8,5.83,16891190.0,100118538.0,884917794.0,0.01908786343152684,5.97,5.9879999999999995,5.775,5.774,61.832060407901665,24014164.55,5.738,5.6425,False,False,6.08,98475637.7,140717471.4425
2023-06-21,5.83,5.85,5.5,5.51,26269449.0,149025402.0,884917794.0,0.02968575067437281,5.862,5.941000000000001,5.7885,5.770666666666667,43.44827544256836,24803861.2,5.750333333333333,5.6685,False,False,6.08,144744663.98999998,145210119.45
2023-06-26,5.5,5.55,5.07,5.09,36001628.0,190487491.0,884917794.0,0.04068358467204695,5.672,5.859,5.7780000000000005,5.7585,31.491712463600024,25982779.8,5.759166666666667,5.6915,True,False,6.08,183248286.51999998,151080370.936
2023-06-27,5.09,5.19,5.06,5.13,28178800.0,145937666.0,884917794.0,0.031843409852373245,5.496,5.768,5.765,5.747166666666667,18.954248192575506,26736887.0,5.768,5.718,True,True,6.08,144557244.0,154778684.344
2023-06-28,5.12,5.12,4.82,4.98,29412538.0,146276424.0,884917794.0,0.0332375935927897,5.308000000000001,5.662,5.747,5.733500000000001,19.59459440924033,27498721.2,5.772833333333334,5.747999999999999,True,True,6.08,146474439.24,158317453.288
2023-06-29,4.97,5.04,4.92,4.98,14702115.0,73900071.0,884917794.0,0.016614102575046648,5.138,5.554,5.725499999999999,5.719166666666666,13.768115802352426,27629050.55,5.774,5.775,True,True,6.08,73216532.7,158706439.599
2023-06-30,4.96,5.03,4.91,4.99,15123301.0,75953122.0,884917794.0,0.01709006317031975,5.034,5.448,5.699,5.708,15.151514990817233,27476496.75,5.770666666666667,5.7885,True,True,6.08,75465271.99000001,157463575.1465
2023-07-03,5.0,5.01,4.9,4.96,20374212.0,101810002.0,884917794.0,0.023023847116809135,5.008,5.340000000000001,5.662,5.692333333333333,5.73770485219022,27133046.45,5.7585,5.7780000000000005,True,True,6.08,101056091.52,154752062.5925
2023-07-04,4.94,4.99,4.93,4.98,14512686.0,72716884.0,884917794.0,0.01640003862324866,4.978,5.237,5.622999999999999,5.6765,7.25806443418314,26302356.95,5.747166666666667,5.765,True,True,6.08,72273176.28,149401296.31849998
2023-07-05,4.98,4.99,4.89,4.91,15372036.0,76595245.0,884917794.0,0.01737114577673415,4.964,5.136,5.5645,5.6615,5.426356530256612,24142183.6,5.733500000000001,5.747,True,True,6.08,75476696.76,135368178.24449998
2023-07-06,4.94,5.01,4.89,4.97,17903686.0,89742302.0,884917794.0,0.020232032988139914,4.962,5.050000000000001,5.519,5.652333333333333,9.701492435954535,22949004.15,5.719166666666666,5.725499999999999,True,True,6.06,88981319.42,127537665.3655
2023-07-07,4.95,5.02,4.86,4.99,21752772.0,108580304.0,884917794.0,0.024581686736881235,4.962000000000001,4.997999999999999,5.4695,5.640666666666666,11.1111109958848,22617881.5,5.708,5.699,True,True,6.06,108546332.28,124480789.7045
2023-07-10,4.99,5.09,4.97,5.09,19503527.0,99427476.0,884917794.0,0.022039930863905762,4.988,4.998,5.4285,5.634333333333333,17.60563362924023,22066665.7,5.692333333333333,5.662,True,True,6.06,99272952.42999999,120423459.71949999
2023-07-11,5.07,5.09,5.01,5.09,12629636.0,64427410.0,884917794.0,0.0142721008500819,5.01,4.994,5.381,5.623666666666667,18.796992283339932,21299842.3,5.6765,5.622999999999999,True,True,6.06,64284847.239999995,115191938.67350002
2023-07-12,5.07,5.13,4.97,4.98,16298346.0,83101756.0,884917794.0,0.018417920975832475,5.024,4.994000000000001,5.328,5.607833333333334,18.51851832647462,21015741.9,5.6615,5.5645,True,True,6.06,81165763.08000001,112612159.9195
2023-07-13,5.0,5.13,4.98,5.12,19838788.0,101673108.0,884917794.0,0.022418792044315024,5.054,5.008,5.281000000000001,5.593500000000001,33.333332934472935,20601073.6,5.652333333333333,5.519,True,True,6.06,101574594.56,109166846.98550001
2023-07-14,5.11,5.26,5.1,5.2,22476525.0,117742775.0,884917794.0,0.025399562707855323,5.096,5.029,5.2385,5.581500000000001,56.62650506895055,20591635.65,5.640666666666666,5.4695,True,True,6.05,116877930.0,108154495.07549998
2023-07-17,5.18,5.27,5.14,5.19,14012402.0,73528657.0,884917794.0,0.01583469345402269,5.116,5.052,5.196,5.572166666666667,53.74999905937505,20088180.05,5.634333333333333,5.4285,True,True,6.04,72724366.38000001,104518096.1665
2023-07-18,5.19,5.19,5.06,5.12,12393955.0,64140739.0,884917794.0,0.014005769896406898,5.122,5.066000000000001,5.1515,5.563166666666667,59.7222210609568,19526327.6,5.623666666666667,5.381,True,True,6.01,63457049.6,100589831.9445
2023-07-19,5.14,5.18,5.09,5.13,10111900.0,52357198.0,884917794.0,0.011426937133100524,5.151999999999999,5.087999999999999,5.112,5.551833333333334,60.27397144680052,19187974.6,5.607833333333334,5.328,True,True,5.92,51874047.0,98187362.1345
2023-07-20,5.12,5.21,5.09,5.1,13037201.0,67686624.0,884917794.0,0.014732669055132595,5.148000000000001,5.101,5.0755,5.538166666666666,57.33333226311109,18995275.15,5.593500000000001,5.281000000000001,False,True,5.83,66489725.099999994,96588066.5045
2023-07-21,5.07,5.15,5.05,5.1,11723014.0,60347223.0,884917794.0,0.013247574045279058,5.128,5.112,5.055,5.531333333333333,59.7222210609568,18267953.4,5.581500000000001,5.2385,False,False,5.51,59787371.4,92340201.875
2023-07-24,5.12,5.17,5.09,5.1,10405400.0,53826506.0,884917794.0,0.011758606359315677,5.11,5.1129999999999995,5.0555,5.520833333333333,58.571427399999976,16988142.0,5.572166666666667,5.196,False,False,5.2,53067540.0,85831164.549
2023-07-25,5.14,5.2,5.11,5.2,16364060.0,85243690.0,884917794.0,0.01849218098105054,5.1259999999999994,5.1240000000000006,5.059,5.5115,69.86301235879156,16397405.0,5.563166666666667,5.1515,False,False,5.2,85093112.0,82857957.949
2023-07-26,5.16,5.17,5.04,5.06,17136220.0,88005805.0,884917794.0,0.019364759208356477,5.112,5.132,5.063,5.503333333333334,55.55555459533608,15783589.1,5.551833333333334,5.112,False,False,5.2,86709273.19999999,79869699.647
2023-07-27,5.05,5.08,4.98,4.99,12738451.0,64584661.0,884917794.0,0.014395067074445109,5.09,5.119,5.0635,5.495666666666667,49.99999918604653,15685405.9,5.538166666666666,5.0755,True,False,5.2,63564870.49,79387116.5365
2023-07-28,4.97,5.03,4.94,5.01,9998203.0,50412155.0,884917794.0,0.01129845401210228,5.072,5.1,5.0645,5.480833333333334,44.87179406640369,15429151.0,5.531333333333333,5.055,True,True,5.2,50090997.03,78118402.7885
2023-07-31,5.01,5.1,4.97,5.08,12765901.0,65235131.0,884917794.0,0.014426086904971876,5.068,5.089,5.0705,5.463,49.41176389204155,15048735.45,5.520833333333333,5.0555,True,True,5.2,64850777.08,76308137.0665
2023-08-01,5.06,5.08,5.0,5.02,9632404.0,48937340.0,884917794.0,0.01088508341148805,5.032,5.078999999999999,5.0725,5.447,52.49999908124996,14804721.35,5.5115,5.059,False,True,5.2,48354668.08,75112211.6565
2023-08-02,5.01,5.04,4.98,5.04,8496500.0,43009470.0,884917794.0,0.009601456833175625,5.0280000000000005,5.07,5.079,5.428166666666667,44.11764615051906,14460944.55,5.503333333333334,5.063,True,False,5.2,42822360.0,73479494.8185
2023-08-03,5.01,5.09,4.99,5.01,11608889.0,58907619.0,884917794.0,0.01311860726353526,5.032,5.061,5.081,5.410833333333333,34.920634144620834,14146204.7,5.495666666666667,5.0635,True,True,5.2,58160533.89,71938455.542
2023-08-04,5.01,5.16,5.01,5.15,24711160.0,127476563.0,884917794.0,0.02792480857267065,5.06,5.066,5.089,5.395166666666667,47.36842018005542,14294124.1,5.480833333333334,5.0645,True,True,5.2,127262474.00000001,72874262.62799999
2023-08-07,5.16,5.21,5.14,5.16,15007326.0,78309267.0,884917794.0,0.01695900579890475,5.076,5.072000000000001,5.0925,5.374333333333333,52.857141800000015,14069314.05,5.463,5.0705,False,True,5.2,77437802.16,71782505.1145
2023-08-08,5.14,5.26,5.13,5.24,20743871.0,109212797.0,884917794.0,0.02344157970452112,5.12,5.076,5.1,5.362,57.14285610389613,14475025.8,5.447,5.0725,False,False,5.2,108697884.04,74003156.9545
2023-08-09,5.2,5.27,5.07,5.09,16038310.0,83517032.0,884917794.0,0.018124067691648205,5.130000000000001,5.079,5.1055,5.3495,49.438201469511455,14462024.0,5.428166666666667,5.079,False,False,5.24,81634997.89999999,74026618.69549999
2023-08-10,5.09,5.16,5.07,5.16,10102800.0,52198147.0,884917794.0,0.011416653692015147,5.16,5.095999999999999,5.1075,5.343666666666667,53.124999225260446,13975224.6,5.410833333333333,5.081,True,False,5.24,52130448.0,71554411.36749999
2023-08-11,5.14,5.16,5.0,5.01,13954100.0,71368769.0,884917794.0,0.015768809368071086,5.132,5.096,5.098000000000001,5.335,45.94594536644755,13549103.35,5.395166666666667,5.089,False,True,5.24,69910041.0,69206016.91749999
2023-08-14,4.96,5.15,4.94,5.14,18250201.0,93395359.0,884917794.0,0.020623611734040915,5.128,5.101999999999999,5.0954999999999995,5.3276666666666666,47.36842047091412,13760993.3,5.374333333333333,5.0925,True,False,5.24,93806033.14,70260100.2555
2023-08-15,5.15,5.16,4.95,5.01,16929800.0,86016140.0,884917794.0,0.019131494602989078,5.081999999999999,5.101000000000001,5.09,5.319833333333333,47.78761002741015,13987785.55,5.362,5.1,False,True,5.24,84818298.0,71328162.6755
2023-08-16,4.98,4.99,4.86,4.89,14344700.0,71165411.0,884917794.0,0.016210206300812616,5.042,5.086,5.077999999999999,5.312666666666667,45.76271132145934,14199425.55,5.3495,5.1055,True,False,5.24,70145583.0,72241739.4755
2023-08-17,4.87,4.9,4.8,4.9,9412501.0,46219528.0,884917794.0,0.01063658236258723,4.99,5.075,5.068,5.306166666666667,45.29914475710429,14018190.55,5.343666666666667,5.1075,True,True,5.24,46121254.900000006,71223315.9655
2023-08-18,4.86,4.91,4.74,4.74,13240900.0,64460777.0,884917794.0,0.01496285879861062,4.936,5.034000000000001,5.05,5.297833333333333,36.50793610229281,14094084.85,5.335,5.098000000000001,True,True,5.24,62761866.0,71372040.69549999
2023-08-21,4.73,5.03,4.71,4.8,13348067.0,65234329.0,884917794.0,0.015083962703093753,4.868,4.997999999999999,5.034999999999999,5.2895,41.269840811287516,14241218.2,5.3276666666666666,5.0954999999999995,True,True,5.24,64070721.599999994,71922199.7755
2023-08-22,4.79,4.91,4.78,4.91,16265607.0,79602548.0,884917794.0,0.01838092431894301,4.848,4.965000000000001,5.0205,5.281499999999999,45.185184716598094,14236295.55,5.319833333333333,5.09,True,True,5.24,79864130.37,71660750.69399999
2023-08-23,4.98,5.34,4.95,5.08,52615720.0,272969560.0,884917794.0,0.05945831393237867,4.886,4.964,5.0215000000000005,5.277166666666667,52.348992796720886,16010270.55,5.312666666666667,5.077999999999999,True,True,5.24,267287857.6,80689679.914
2023-08-24,5.14,5.2,5.05,5.11,30155501.0,156007726.0,884917794.0,0.034077177794890175,4.928,4.9590000000000005,5.0275,5.272166666666666,48.550724145137586,16881123.05,5.306166666666667,5.068,False,True,5.24,154094610.11,85216166.895
2023-08-25,5.11,5.22,4.98,5.01,25857708.0,132660297.0,884917794.0,0.029220463386907553,4.982,4.959,5.027500000000001,5.263666666666667,44.897958756073855,17674098.3,5.297833333333333,5.05,False,False,5.24,129547117.08,89188972.89750001
2023-08-28,5.26,5.31,5.04,5.05,22638200.0,117243914.0,884917794.0,0.025582263294391387,5.032,4.95,5.026,5.252833333333332,43.356642932172726,18167713.25,5.2895,5.034999999999999,True,False,5.24,114322910.0,91662579.5435
2023-08-29,5.03,5.2,5.02,5.19,23719158.0,123472000.0,884917794.0,0.026803798229420618,5.088,4.968,5.0344999999999995,5.243333333333333,53.52112623289031,18872050.95,5.281499999999999,5.0205,False,True,5.24,123102430.02000001,95399967.64050001
2023-08-30,5.19,5.25,5.13,5.23,21030930.0,110302373.0,884917794.0,0.02376597028853507,5.118,5.002,5.0440000000000005,5.229166666666667,52.51798508255268,19498772.45,5.277166666666667,5.0215000000000005,False,False,5.24,109991763.9,98758437.8355
2023-08-31,5.2,5.21,5.13,5.16,14461148.0,75417342.0,884917794.0,0.01634179818515436,5.128,5.0280000000000005,5.0515,5.217166666666667,55.72519024415828,19641385.4,5.272166666666666,5.0275,False,False,5.24,74619523.68,99581387.325
2023-09-01,5.18,5.59,5.12,5.39,48407995.0,260518474.0,884917794.0,0.05470338073007491,5.204000000000001,5.093,5.0634999999999994,5.207333333333334,58.86524764247271,20826227.15,5.263666666666667,5.027500000000001,False,False,5.24,260919093.04999998,106264218.2775
2023-09-04,5.35,5.45,5.31,5.35,38733580.0,209630319.0,884917794.0,0.04377082285227502,5.264,5.148000000000001,5.0729999999999995,5.1979999999999995,62.87878721189163,22012539.85,5.252833333333332,5.026,False,False,5.39,207224653.0,112753560.8195
2023-09-05,5.34,5.34,5.2,5.25,25517829.0,135316435.0,884917794.0,0.02883638364265958,5.276,5.182,5.0735,5.184833333333333,63.84615315857988,22251237.75,5.243333333333333,5.0344999999999995,False,False,5.39,133968602.25,114017096.72999999
2023-09-06,5.28,5.3,5.2,5.21,18078165.0,95596827.0,884917794.0,0.02042920271529764,5.272,5.194999999999999,5.0795,5.171,61.654134689354954,22353230.5,5.229166666666667,5.0440000000000005,False,False,5.39,94187239.65,114644708.8175
2023-09-07,5.21,5.39,5.2,5.3,29881906.0,159491343.0,884917794.0,0.033768002183488695,5.3,5.214,5.0865,5.158333333333333,72.22222141975307,23342185.8,5.217166666666667,5.0515,False,False,5.39,158374101.79999998,119956891.50749998
2023-09-08,5.25,5.25,4.99,5.02,32966832.0,168477225.0,884917794.0,0.03725411809269144,5.225999999999999,5.215,5.087,5.141166666666667,57.43243188915265,24292822.4,5.207333333333334,5.0634999999999994,False,False,5.39,165493496.64,124736064.2895
2023-09-11,5.03,5.11,5.02,5.08,18937099.0,96737813.0,884917794.0,0.02139983976861923,5.172,5.217999999999999,5.084,5.125166666666667,55.9440553963519,24327167.3,5.1979999999999995,5.0729999999999995,True,False,5.39,96200462.92,124855785.7785
2023-09-12,5.06,5.08,4.99,5.0,13888323.0,70340813.0,884917794.0,0.015694478169799353,5.122,5.199,5.0835,5.108333333333333,47.014924881933624,24175093.45,5.184833333333333,5.0735,True,True,5.39,69441615.0,124086951.62850001
2023-09-13,4.98,5.02,4.95,4.98,11027208.0,55508115.0,884917794.0,0.012461279538921781,5.076,5.174,5.088,5.092666666666667,45.11278148001584,24009218.85,5.171,5.0795,True,True,5.39,54915495.84,123325447.27049999
2023-09-14,4.96,4.97,4.89,4.92,10643592.0,52913132.0,884917794.0,0.012027774864701161,5.0,5.15,5.089,5.077500000000001,46.511627402199395,24070773.4,5.158333333333333,5.0865,True,True,5.39,52366472.64,123637708.1575
2023-09-15,4.93,4.99,4.9,4.99,8867839.0,44273451.0,884917794.0,0.010021087902318754,4.994000000000001,5.109999999999999,5.1015,5.068833333333333,47.7272722210744,23852120.35,5.141166666666667,5.087,True,True,5.39,44250516.61,122712140.688
2023-09-18,4.96,5.07,4.91,5.06,10486641.0,53155274.0,884917794.0,0.011850412627141725,4.99,5.081,5.1145,5.0683333333333325,44.79999949823998,23709049.05,5.125166666666667,5.084,True,True,5.39,53062403.45999999,122161724.78099999
2023-09-19,5.03,5.07,4.96,4.98,8983800.0,45481934.0,884917794.0,0.010152129453055162,4.986,5.054,5.118,5.065833333333333,40.31007708190613,23344958.7,5.108333333333333,5.0835,True,True,5.39,44739324.00000001,120405484.4625
2023-09-20,4.95,4.98,4.84,4.84,13872853.0,68473180.0,884917794.0,0.01567699631995421,4.958,5.017,5.106,5.0635,38.235293724048425,21407815.35,5.092666666666667,5.088,True,True,5.39,67144608.52,110398322.00850001
2023-09-21,4.87,4.89,4.81,4.86,7869402.0,38502995.0,884917794.0,0.00889280569715835,4.946,4.973,5.093500000000001,5.0615,26.95652141096413,20293510.4,5.077500000000001,5.089,True,True,5.39,38245293.72,104605856.189
2023-09-22,4.82,4.91,4.82,4.91,9243027.0,45518702.0,884917794.0,0.010445068528026458,4.93,4.962000000000001,5.0885,5.0601666666666665,31.03448238406662,19462776.35,5.068833333333333,5.1015,True,True,5.39,45383262.57,100397663.4635
2023-09-25,4.9,4.91,4.65,4.72,20343989.0,97223531.0,884917794.0,0.022989693661872507,4.862,4.926,5.072,5.056166666666667,28.799999677440013,19348065.8,5.0683333333333325,5.1145,True,True,5.39,96023628.08,99482699.36749999
2023-09-26,4.74,4.75,4.64,4.65,11430376.0,53941459.0,884917794.0,0.012916878920845839,4.796,4.891,5.045,5.050666666666667,28.124999692382843,18733626.7,5.065833333333333,5.118,True,True,5.39,53151248.400000006,95985140.2865
2023-09-27,4.65,4.71,4.63,4.66,8264355.0,38954132.0,884917794.0,0.009339121730893796,4.76,4.859,5.0165,5.046499999999999,23.33333306111112,18095297.95,5.0635,5.106,True,True,5.39,38511894.300000004,92411146.8065
2023-09-28,4.69,4.74,4.68,4.7,8250100.0,39158931.0,884917794.0,0.009323012889940826,4.728,4.837,4.9935,5.042000000000001,33.33333284722225,17784745.55,5.0615,5.093500000000001,True,True,5.39,38775470.0,90618944.1225
2023-10-09,4.7,4.7,4.46,4.55,14995569.0,68742788.0,884917794.0,0.01694571981903214,4.656000000000001,4.793,4.9515,5.034666666666666,24.761904431746018,16114124.25,5.0601666666666665,5.0885,True,True,5.39,68229838.95,80984481.4175
2023-10-10,4.55,4.6,4.54,4.56,6611310.0,30433612.0,884917794.0,0.007471100756281097,4.624,4.743,4.912000000000001,5.025833333333334,27.551020014577233,14508010.75,5.056166666666667,5.072,True,True,5.35,30147573.599999998,72130627.4475
2023-10-11,4.58,4.65,4.53,4.58,9784801.0,45409840.0,884917794.0,0.011057299408310914,4.61,4.703,4.878500000000001,5.017333333333334,29.591836311953344,13721359.35,5.050666666666667,5.045,True,True,5.3,44814388.58,67672916.764
2023-10-12,4.59,4.63,4.55,4.59,5613400.0,25951155.0,884917794.0,0.006343414086664868,4.596,4.678,4.847499999999999,5.010833333333333,32.258064030523755,13098121.1,5.046499999999999,5.0165,True,True,5.3,25765506.0,64251830.081499994
2023-10-13,4.58,4.58,4.51,4.52,6324000.0,28957267.0,884917794.0,0.0071464265301009414,4.5600000000000005,4.644,4.8085,5.000833333333333,24.73118242340152,11920225.8,5.042000000000001,4.9935,True,True,5.3,28584479.999999996,57762348.9915
2023-10-16,4.52,4.54,4.41,4.45,9844200.0,44331712.0,884917794.0,0.011124423157435118,4.54,4.598,4.78,4.988333333333333,17.204300816279357,10764094.2,5.034666666666666,4.9515,True,True,5.08,43806690.0,51678008.6595
2023-10-17,4.46,4.47,4.35,4.4,9719400.0,43089305.0,884917794.0,0.010983393108264246,4.508000000000001,4.566,4.746,4.9751666666666665,17.77777750123458,10303209.25,5.025833333333334,4.912000000000001,True,True,5.08,42765360.0,49006253.513500005
2023-10-18,4.39,4.4,4.31,4.32,10045809.0,43969774.0,884917794.0,0.01135225109960892,4.456,4.5329999999999995,4.712000000000001,4.961833333333333,19.04761873015876,10111083.55,5.017333333333334,4.878500000000001,True,True,5.06,43397894.88,47704067.50750001
2023-10-19,4.3,4.38,4.29,4.31,7001869.0,30670760.0,884917794.0,0.007912451357035319,4.4,4.497999999999999,4.6785,4.948166666666666,16.867469595006497,9909816.6,5.010833333333333,4.847499999999999,True,True,5.06,30178055.389999997,46467195.485
2023-10-20,4.3,4.33,4.27,4.28,7142663.0,30990808.0,884917794.0,0.008071555401450093,4.352,4.456,4.6465,4.9345,11.111110919067201,9734770.15,5.000833333333333,4.8085,True,True,5.06,30570597.64,45377401.735
2023-10-23,4.28,4.3,4.13,4.16,8005568.0,33902572.0,884917794.0,0.009046679877249705,4.2940000000000005,4.417,4.605,4.918833333333334,12.162161932067207,9691656.6,4.988333333333333,4.78,True,True,5.06,33303162.880000003,44830034.0485
2023-10-24,4.16,4.57,4.15,4.33,17599595.0,76975435.0,884917794.0,0.01988839541856924,4.279999999999999,4.394,4.5685,4.906,30.952380436507923,10047304.3,4.9751666666666665,4.746,True,True,5.06,76206246.35,45987226.193
2023-10-25,4.33,4.5,4.31,4.42,18409050.0,81969353.0,884917794.0,0.020803118803598156,4.3,4.377999999999999,4.5405,4.893,36.95652117674857,10518566.8,4.961833333333333,4.712000000000001,True,True,4.98,81368001.0,47818660.043
2023-10-26,4.35,4.41,4.3,4.37,11717641.0,51340570.0,884917794.0,0.013241502294844802,4.312,4.356,4.5169999999999995,4.8815,32.258064030523755,10410806.2,4.948166666666666,4.6785,True,True,4.91,51206091.17,47021734.1755
2023-10-27,4.35,4.5,4.32,4.48,13429153.0,60096997.0,884917794.0,0.015175593813406808,4.351999999999999,4.352,4.497999999999999,4.873,46.06741500568115,10688793.75,4.9345,4.6465,True,True,4.91,60162605.440000005,48117599.7615
2023-10-30,4.46,4.6,4.44,4.6,10478878.0,47994384.0,884917794.0,0.01184164006086197,4.4399999999999995,4.367,4.4825,4.8661666666666665,51.99999927200001,10750586.3,4.918833333333334,4.605,True,True,4.91,48202838.8,48258578.573
2023-10-31,4.56,4.58,4.44,4.47,12706191.0,57649696.0,884917794.0,0.014358611710773215,4.468,4.3740000000000006,4.470000000000001,4.856,45.045044476909325,10368696.4,4.906,4.5685,False,True,4.72,56796673.769999996,46297230.8575
2023-11-01,4.47,4.55,4.46,4.49,7683600.0,34959318.0,884917794.0,0.00868284043116439,4.482,4.391,4.462,4.847166666666667,45.535713716517876,10181357.6,4.893,4.5405,True,False,4.7,34499364.0,45364636.6375
2023-11-02,4.48,4.61,4.48,4.57,13166200.0,60707377.0,884917794.0,0.014878444177832862,4.522,4.417,4.4575,4.839333333333333,52.21238873365185,10426449.85,4.8815,4.5169999999999995,False,True,4.7,60169534.00000001,46447518.622499995
2023-11-03,4.57,4.62,4.51,4.57,9771733.0,45010288.0,884917794.0,0.011042531934892926,4.540000000000001,4.446,4.451,4.832,55.66037662335352,10502531.5,4.873,4.497999999999999,False,False,4.7,44656819.81,46741586.113
2023-11-06,4.6,4.72,4.6,4.72,14516242.0,68546464.0,884917794.0,0.016404057075611253,4.564,4.502000000000001,4.4595,4.824833333333332,63.79310267835909,10478565.15,4.8661666666666665,4.4825,False,False,4.6,68516662.24,46755927.2775
2023-11-07,4.72,4.74,4.67,4.7,12838400.0,60942420.0,884917794.0,0.014508014289065138,4.61,4.539,4.4665,4.817166666666667,67.27272641652895,10789919.65,4.856,4.470000000000001,False,False,4.72,60340480.0,48265572.597500004
2023-11-08,4.7,4.8,4.67,4.79,14190704.0,68218226.0,884917794.0,0.01603618335648475,4.67,4.5760000000000005,4.476999999999999,4.809666666666667,70.33898221631722,11010214.8,4.847166666666667,4.462,False,False,4.72,67973472.16,49423526.7765
2023-11-09,4.78,4.81,4.68,4.7,9924522.0,47227812.0,884917794.0,0.011215190910716391,4.696,4.609,4.4825,4.803166666666667,66.93548311524457,11225770.9,4.839333333333333,4.4575,False,False,4.79,46645253.4,50467514.1465
2023-11-10,4.7,4.72,4.6,4.64,8643000.0,40483798.0,884917794.0,0.009767008934165471,4.709999999999999,4.625,4.4885,4.7945,70.33898221631716,11341720.9,4.832,4.451,False,False,4.79,40103520.0,51043466.1465
2023-11-13,4.63,4.75,4.63,4.7,7717561.0,36634612.0,884917794.0,0.00872121800728532,4.706,4.635,4.5009999999999994,4.789333333333333,67.28971874574202,11235388.95,4.824833333333332,4.4595,False,False,4.79,36272536.7,50666758.4815
2023-11-14,4.69,4.76,4.68,4.73,9171353.0,43702623.0,884917794.0,0.010364073433921706,4.712000000000001,4.661,4.5175,4.782500000000001,65.34653374767183,11207986.6,4.817166666666667,4.4665,False,False,4.79,43380499.690000005,50697515.466
2023-11-15,4.76,4.77,4.7,4.7,6756301.0,32211656.0,884917794.0,0.007634947614128324,4.694000000000001,4.682,4.536499999999999,4.777333333333334,66.66666572390574,11043511.2,4.809666666666667,4.476999999999999,False,False,4.79,31754614.700000003,50115351.457
2023-11-16,4.71,4.83,4.64,4.79,14236699.0,68555366.0,884917794.0,0.016088159935904737,4.712,4.704,4.560499999999999,4.775666666666666,65.97938049101924,11405252.7,4.803166666666667,4.4825,False,False,4.79,68193788.21,52016138.098000005
2023-11-17,4.79,4.86,4.76,4.84,9919302.0,48244588.0,884917794.0,0.011209292057698187,4.752000000000001,4.731,4.588500000000001,4.774666666666667,63.333332348148176,11544084.65,4.7945,4.4885,False,False,4.79,48009421.68,52888079.3
2023-11-20,4.84,4.96,4.8,4.93,17790100.0,87847536.0,884917794.0,0.020103675302521943,4.798,4.752000000000001,4.627,4.777833333333334,76.74418479718767,12033311.25,4.789333333333333,4.5009999999999994,False,False,4.84,87705193.0,55608180.805999994
2023-11-21,4.94,5.28,4.93,5.07,57945273.0,298926900.0,884917794.0,0.06548096715071819,4.866,4.789,4.664,4.782333333333333,79.59183559766765,14050595.15,4.782500000000001,4.5175,False,False,4.93,293782534.11,66486995.194000006
2023-11-22,5.0,5.11,4.98,5.01,39367900.0,200230556.0,884917794.0,0.044487635198349286,4.928,4.811,4.693499999999999,4.784000000000001,72.91666560329858,15098537.65,4.777333333333334,4.536499999999999,False,False,5.07,197233179.0,72280254.09400001
2023-11-23,4.99,5.01,4.87,4.98,20438000.0,101996843.0,884917794.0,0.02309593064867221,4.966,4.839,4.724,4.782333333333333,70.70706970717275,15534555.6,4.775666666666666,4.560499999999999,False,False,5.07,101781240.00000001,74809011.5355
2023-11-24,4.96,5.04,4.89,4.89,13184000.0,65736810.0,884917794.0,0.014898559040615246,4.976000000000001,4.864,4.7445,4.778666666666667,59.13978405596023,15522297.95,4.774666666666667,4.588500000000001,False,False,5.07,64469759.99999999,75024369.2635
2023-11-27,4.89,4.92,4.82,4.83,13314000.0,65150548.0,884917794.0,0.015045465341834905,4.956,4.877,4.755999999999999,4.775666666666666,56.70103010946965,15664054.05,4.777833333333334,4.627,False,False,5.07,64306620.0,75829558.3235
2023-11-28,4.84,4.87,4.79,4.84,9530599.0,46435336.0,884917794.0,0.010770038826905994,4.91,4.888,4.7745,4.772166666666667,52.80898793334176,15505274.45,4.782333333333333,4.664,False,False,5.07,46128099.16,75296129.593
2023-11-29,4.84,4.86,4.76,4.78,9965899.0,48280866.0,884917794.0,0.011261948926297666,4.864,4.896,4.789,4.765333333333333,54.651161901027606,15619389.4,4.784000000000001,4.693499999999999,False,False,5.07,47636997.22,75953011.254
2023-11-30,4.75,4.81,4.72,4.75,8241301.0,39625379.0,884917794.0,0.009313069593445196,4.818,4.892,4.798,4.757333333333333,56.62650506895053,15373144.45,4.782333333333333,4.724,True,False,5.07,39146179.75,74901843.5415
2023-12-01,4.74,4.93,4.74,4.91,15514900.0,76145069.0,884917794.0,0.01753258902148373,4.822000000000001,4.898999999999999,4.8149999999999995,4.753166666666667,61.29032165799515,15660302.8,4.778666666666667,4.7445,True,True,5.07,76178159.0,76477910.501
2023-12-04,4.91,4.98,4.91,4.95,10801801.0,53942731.0,884917794.0,0.012206558703237015,4.846,4.901,4.8265,4.745833333333334,61.7021267406066,15474580.75,4.775666666666666,4.755999999999999,False,True,5.07,53468914.95,75725523.1365
2023-12-05,4.97,4.97,4.86,4.88,9572135.0,47407075.0,884917794.0,0.010816976520194145,4.854,4.882,4.8355,4.738,59.183672623906695,15311267.5,4.772166666666667,4.7745,False,False,5.07,46712018.8,75044100.0765
2023-12-06,4.83,4.99,4.77,4.95,14079100.0,69809524.0,884917794.0,0.015910065426936144,4.888,4.8759999999999994,4.843500000000001,4.7330000000000005,58.3333324826389,15305687.3,4.765333333333333,4.789,False,False,5.07,69691545.0,75130003.7185
2023-12-07,4.97,5.04,4.92,5.02,15525200.0,78404602.0,884917794.0,0.01754422852073421,4.942,4.880000000000001,4.8595,4.729833333333333,59.183672623906695,15585721.2,4.757333333333333,4.798,False,False,5.07,77936504.0,76694566.2485
2023-12-08,4.98,5.0,4.87,4.89,12524600.0,62203511.0,884917794.0,0.0141534050788903,4.938,4.880000000000001,4.872,4.723,48.039215026912736,15779801.2,4.753166666666667,4.8149999999999995,False,False,5.07,61245293.99999999,77751654.9485
2023-12-11,4.88,5.15,4.85,5.06,23915810.0,120832229.0,884917794.0,0.027026024521324066,4.959999999999999,4.903,4.89,4.723666666666667,49.523808863492036,16589713.65,4.745833333333334,4.8265,False,False,5.07,121013998.6,81988728.04349999
2023-12-12,5.05,5.3,5.03,5.13,33101167.0,172337825.0,884917794.0,0.037405923154032544,5.01,4.932,4.909999999999999,4.724500000000001,55.66037662335352,17786204.35,4.738,4.8355,False,False,5.07,169808986.71,88310152.39449999
2023-12-13,5.28,5.45,5.13,5.15,49668461.0,262620356.0,884917794.0,0.05612776840602213,5.05,4.968999999999999,4.9325,4.727,58.09523732063492,19931812.35,4.7330000000000005,4.843500000000001,False,False,5.13,255792574.15,99512050.36700001
2023-12-14,5.07,5.26,5.07,5.14,34806591.0,181690175.0,884917794.0,0.03933313493750359,5.074,5.008,4.95,4.729666666666666,62.88659703050271,20960306.95,4.729833333333333,4.8595,False,False,5.15,178905877.73999998,105047654.8435
2023-12-15,5.11,5.32,5.11,5.2,40846512.0,215482517.0,884917794.0,0.04615853842803391,5.136,5.037000000000001,4.968,4.734333333333334,69.07216395153576,22506667.45,4.723,4.872,False,False,5.15,212401862.4,113267276.8795
2023-12-18,5.19,5.24,5.06,5.1,25650225.0,132669898.0,884917794.0,0.028985997540015563,5.144,5.052,4.9765,4.736166666666667,62.264150121039485,22899673.7,4.723666666666667,4.89,False,False,5.2,130816147.49999999,115422824.60450001
2023-12-19,5.11,5.2,5.03,5.09,18958445.0,97629088.0,884917794.0,0.0214239617832795,5.136,5.0729999999999995,4.9775,4.736666666666667,65.34653374767174,20950332.3,4.724500000000001,4.909999999999999,False,False,5.2,96498485.05,105558622.15149999
2023-12-20,5.08,5.12,4.95,4.97,18754362.0,94837715.0,884917794.0,0.02119333810118864,5.1,5.075,4.9755,4.7365,59.999999236363614,19919655.4,4.727,4.9325,False,False,5.2,93209179.14,100357422.15849999
2023-12-21,4.91,5.0,4.89,4.96,12100721.0,60429843.0,884917794.0,0.01367440126308501,5.064,5.069,4.9745,4.738499999999999,52.63157817174515,19502791.45,4.729666666666666,4.95,True,False,5.2,60019576.16,98269338.9665
2023-12-22,4.94,4.99,4.62,4.65,27331990.0,131165101.0,884917794.0,0.0308864735067131,4.954,5.045,4.9625,4.735,37.70491760010753,20210190.95,4.734333333333334,4.968,True,True,5.2,127093753.50000001,101400538.6415
2023-12-25,4.61,4.76,4.5,4.54,13397150.0,61781401.0,884917794.0,0.01513942887219194,4.8420000000000005,4.993,4.948,4.728833333333333,36.507936102292796,20214348.45,4.736166666666667,4.9765,True,True,5.2,60823061.0,101226360.6915
2023-12-26,4.54,4.58,4.39,4.45,11127300.0,50255919.0,884917794.0,0.012574388350473151,4.714,4.925,4.9285,4.724333333333334,30.468749666748067,20294183.5,4.736666666666667,4.9775,True,True,5.2,49516485.0,101395779.9835
2023-12-27,4.45,4.49,4.39,4.39,11188367.0,49922413.0,884917794.0,0.012643397020446851,4.598000000000001,4.849,4.909,4.72,25.19685011594028,20355306.9,4.7365,4.9755,True,True,5.2,49116931.129999995,101469776.67899999
2023-12-28,4.39,4.46,4.31,4.43,9467600.0,42148404.0,884917794.0,0.010698846903286477,4.492,4.7780000000000005,4.893,4.716166666666667,30.508474214306275,20416621.85,4.738499999999999,4.9745,True,True,5.2,41941468.0,101609541.0915
2023-12-29,4.43,4.66,4.41,4.54,12292742.0,56500587.0,884917794.0,0.013891394300519626,4.470000000000001,4.712,4.874499999999999,4.713499999999999,26.78571395089294,20255513.95,4.735,4.9625,True,True,5.2,55809048.68,100591085.5755
2024-01-02,4.57,4.62,4.52,4.55,9832326.0,45194281.0,884898575.0,0.011111246280399988,4.4719999999999995,4.657,4.8545,4.7135,22.641509134923524,20207040.2,4.728833333333333,4.948,True,True,5.2,44737083.3,100154493.993
2024-01-03,4.53,4.63,4.5,4.61,9878726.0,45712615.0,884898575.0,0.011163681668263507,4.504,4.609,4.841,4.714333333333333,25.454545130578566,20222369.75,4.724333333333334,4.9285,True,True,5.2,45540926.86000001,100095939.396
2024-01-04,4.6,4.64,4.55,4.61,8274000.0,38456579.0,884898575.0,0.00935022412031797,4.548,4.573,4.824,4.714833333333333,25.68807306455693,19932114.75,4.72,4.909,True,True,5.2,38143140.0,98518519.146
2024-01-05,4.59,4.64,4.52,4.56,10040019.0,46506584.0,884898575.0,0.011345954534958992,4.574,4.5329999999999995,4.801,4.714333333333333,20.370370106310034,19657855.7,4.716166666666667,4.893,True,True,5.2,45782486.63999999,96910818.278
2024-01-08,4.55,4.56,4.47,4.48,7674203.0,35019995.0,884898575.0,0.008672409716559889,4.561999999999999,4.516,4.7805,4.713666666666667,20.754716707013216,19415335.85,4.713499999999999,4.874499999999999,True,True,5.2,34380429.440000005,95567575.05
2024-01-09,4.49,4.57,4.46,4.51,6888876.0,31349529.0,884898575.0,0.007784932866458735,4.554,4.513,4.753,4.714666666666667,23.14814784807956,18563989.15,4.7135,4.8545,True,True,5.2,31068830.759999998,91070316.658
2024-01-10,4.49,4.5,4.41,4.44,6055261.0,27186736.0,884898575.0,0.006842887050643064,4.5200000000000005,4.512,4.718500000000001,4.715333333333334,24.27184433028563,17211693.85,4.714333333333333,4.841,True,True,5.2,26885358.840000004,83924135.26449999
2024-01-11,4.44,4.52,4.41,4.51,6953401.0,31357416.0,884898575.0,0.007857850827706441,4.5,4.523999999999999,4.6865000000000006,4.718500000000001,29.357797788064957,15075940.85,4.714833333333333,4.824,True,True,5.2,31359838.509999998,72702498.48249999
2024-01-12,4.5,4.56,4.42,4.42,7396800.0,33423934.0,884898575.0,0.008358924072174034,4.4719999999999995,4.523,4.6505,4.7203333333333335,36.781608603514314,13705451.3,4.714333333333333,4.801,True,True,5.2,32693856.0,65391897.39549999
2024-01-15,4.41,4.5,4.39,4.42,7018201.0,31477819.0,884898575.0,0.007931079559033079,4.46,4.511,4.6114999999999995,4.722666666666667,42.10526238227146,12014035.75,4.713666666666667,4.7805,True,True,5.2,31020448.419999998,56322826.6965
2024-01-16,4.44,4.44,4.3,4.37,7179000.0,31610072.0,884898575.0,0.0081127941696595,4.432,4.493,4.575,4.726166666666667,44.44444358024692,11090474.5,4.714666666666667,4.753,True,True,5.1,31372230.0,51350630.821499996
2024-01-17,4.37,4.41,4.27,4.27,5615700.0,24637080.0,884898575.0,0.006346151026404354,4.398,4.4590000000000005,4.534,4.7251666666666665,42.10526238227146,10423337.25,4.715333333333334,4.718500000000001,True,True,5.09,23979038.999999996,47724658.519
2024-01-18,4.27,4.29,4.11,4.23,10653144.0,44984184.0,884898575.0,0.012038830551851662,4.3420000000000005,4.421,4.497,4.7219999999999995,36.842104584487565,10018276.35,4.718500000000001,4.6865000000000006,True,True,4.97,45062799.120000005,45317339.518
2024-01-19,4.26,4.35,4.25,4.27,10683862.0,46303584.0,884898575.0,0.01207354413470493,4.311999999999999,4.392,4.4625,4.720333333333333,30.434781991178212,9947433.4,4.7203333333333335,4.6505,True,True,4.96,45620090.739999995,44597365.247
2024-01-22,4.23,4.3,3.9,3.96,13851485.0,57273019.0,884898575.0,0.01565318940648085,4.220000000000001,4.34,4.428,4.711666666666667,20.202019916334976,9273408.15,4.722666666666667,4.6114999999999995,True,True,4.65,54851880.6,40985271.602000006
2024-01-23,3.91,4.01,3.9,4.0,12940480.0,51706830.0,884898575.0,0.014623687240088504,4.145999999999999,4.289,4.401,4.701666666666667,18.55670076309903,9250574.65,4.726166666666667,4.575,True,True,4.61,51761920.0,40532214.552
2024-01-24,4.02,4.15,3.97,4.15,14873450.0,61227313.0,884898575.0,0.016808084474539922,4.122,4.26,4.386,4.696333333333333,29.46428534598209,9437882.15,4.7251666666666665,4.534,True,True,4.61,61724817.50000001,41142631.177
2024-01-25,4.16,4.38,4.12,4.38,13279100.0,57281380.0,884898575.0,0.01500635256419076,4.151999999999999,4.247000000000001,4.3855,4.6945,43.07692261301775,9542418.8,4.7219999999999995,4.497,True,True,4.61,58162458.0,41594907.520500004
2024-01-26,4.38,4.52,4.35,4.45,11408200.0,51120332.0,884898575.0,0.012892098961736943,4.188,4.25,4.3865,4.6925,48.837208772309346,9639448.8,4.720333333333333,4.4625,True,True,4.61,50766490.0,42036158.620500006
2024-01-29,4.45,4.45,4.26,4.29,8328700.0,36459063.0,884898575.0,0.009412039114200178,4.254,4.237,4.3740000000000006,4.687833333333333,42.25352071017655,9441246.7,4.711666666666667,4.428,False,True,4.61,35730123.0,41032212.336500004
2024-01-30,4.23,4.3,4.1,4.12,9417866.0,39835165.0,884898575.0,0.010642876218893222,4.2780000000000005,4.212000000000001,4.3525,4.677833333333334,39.473683846952895,9420523.7,4.701666666666667,4.401,True,False,4.61,38801607.92,40735438.5675
2024-01-31,4.13,4.18,3.96,3.99,12036200.0,49538446.0,884898575.0,0.013601784814717325,4.246,4.184,4.3214999999999995,4.6659999999999995,33.544303500240346,9528397.4,4.696333333333333,4.386,True,True,4.61,48024438.0,40859614.1245
2024-02-01,3.96,4.04,3.79,3.88,13949200.0,54582537.0,884898575.0,0.01576361449107317,4.146,4.149,4.285,4.650833333333334,33.12499971015623,9812157.4,4.6945,4.3855,True,True,4.61,54122896.0,41658601.9245
2024-02-02,3.84,3.98,3.5,3.67,16741119.0,63754117.0,884898575.0,0.018918686811084537,3.9900000000000007,4.089,4.240499999999999,4.6336666666666675,29.28176772931228,10147212.4,4.6925,4.3865,True,True,4.56,61439906.73,42441472.929000005
2024-02-05,3.67,3.67,3.3,3.3,21107700.0,71352039.0,884898575.0,0.023853242163939522,3.7920000000000003,4.023,4.181500000000001,4.6113333333333335,24.88262894443342,10818887.25,4.687833333333333,4.3740000000000006,True,True,4.51,69655410.0,44205221.957
2024-02-06,3.15,3.34,2.97,3.19,30882680.0,95970766.0,884898575.0,0.034899683277261465,3.6060000000000003,3.942,4.1155,4.586166666666667,24.76635497816403,12018577.45,4.677833333333334,4.3525,True,True,4.51,98515749.2,47577567.879
2024-02-07,3.18,3.22,2.87,2.95,34148782.0,103624304.0,884898575.0,0.03859061700941263,3.3979999999999997,3.822,4.041,4.5565,22.64957251406237,13423253.5,4.6659999999999995,4.3214999999999995,True,True,4.51,100738906.9,51270245.282
2024-02-08,2.97,3.2,2.73,3.19,33020536.0,98791713.0,884898575.0,0.03731561665132074,3.2600000000000002,3.7030000000000003,3.975,4.531333333333333,28.74015732190466,14726610.25,4.650833333333334,4.285,True,True,4.51,105335509.84,54969028.8485
2024-02-19,3.21,3.41,3.21,3.4,27893032.0,93328237.0,884898575.0,0.031521162750205584,3.2059999999999995,3.5980000000000003,3.9239999999999995,4.508166666666667,38.5245899428917,15751421.85,4.6336666666666675,4.240499999999999,True,True,4.45,94836308.8,58076151.4885
2024-02-20,3.38,3.47,3.31,3.43,16164342.0,55543726.0,884898575.0,0.01826688668811564,3.232,3.5119999999999996,3.8745000000000003,4.484666666666667,38.27160471777676,16208728.9,4.6113333333333335,4.181500000000001,True,True,4.45,55443693.06,59297313.72049999
2024-02-21,3.38,3.64,3.36,3.51,21356652.0,76015999.0,884898575.0,0.02413457610099553,3.2960000000000003,3.4510000000000005,3.8314999999999997,4.460999999999999,36.44067774992817,16917611.5,4.586166666666667,4.1155,True,True,4.45,74961848.52,61476794.64649999
2024-02-22,3.51,3.66,3.51,3.66,15901272.0,57770172.0,884898575.0,0.017969598380243746,3.4379999999999997,3.418,3.8010000000000006,4.4375,34.21052610572484,17431890.1,4.5565,4.041,True,True,4.45,58198655.52,63187775.47249999
2024-02-23,3.68,3.8,3.65,3.8,19330744.0,72846327.0,884898575.0,0.021845152140741102,3.56,3.41,3.7795,4.417333333333334,36.17021255047532,17865770.1,4.531333333333333,3.975,True,True,4.45,73456827.2,64607476.876499996
2024-02-26,3.89,3.95,3.77,3.87,21601740.0,84194860.0,884898575.0,0.02441154343592428,3.654,3.4299999999999997,3.7595000000000005,4.398833333333333,40.70796434959668,18411664.0,4.508166666666667,3.9239999999999995,False,True,4.45,83598733.8,66506409.02949999
2024-02-27,3.84,4.01,3.81,4.01,13268700.0,52815978.0,884898575.0,0.014994599804842041,3.7700000000000005,3.5010000000000003,3.7619999999999996,4.384166666666667,47.53363198857809,18382524.75,4.484666666666667,3.8745000000000003,False,False,4.45,53207487.0,66424189.3495
2024-02-28,4.02,4.13,3.72,3.75,24015901.0,95640881.0,884898575.0,0.027139721634199716,3.818,3.557,3.7495,4.366166666666667,44.91525397084171,18936295.8,4.460999999999999,3.8314999999999997,False,False,4.45,90059628.75,68339074.787
2024-02-29,3.68,3.94,3.67,3.94,19413272.0,75234761.0,884898575.0,0.02193841480646525,3.874,3.6559999999999997,3.739,4.351166666666667,51.22950790278152,19163286.9,4.4375,3.8010000000000006,False,False,4.45,76488291.67999999,69077248.496
2024-03-01,3.94,4.01,3.87,3.95,12426879.0,49283887.0,884898575.0,0.014043280609871023,3.904,3.732,3.7175,4.3373333333333335,56.249999648437516,19120675.85,4.417333333333334,3.7795,False,False,4.45,49086172.050000004,68623434.1985
2024-03-04,3.96,3.97,3.84,3.96,12439268.0,49304993.0,884898575.0,0.014057281084445187,3.9219999999999997,3.7880000000000003,3.693,4.324166666666667,67.55319098630603,19172229.25,4.398833333333333,3.7595000000000005,False,False,4.45,49259501.28,68548084.7625
2024-03-05,3.95,3.97,3.84,3.86,12158501.0,47996379.0,884898575.0,0.013739993874439227,3.8920000000000003,3.8310000000000004,3.6715000000000004,4.3066666666666675,67.91443799422346,19363719.3,4.384166666666667,3.7619999999999996,False,False,4.29,46931813.86,69108169.3055
2024-03-06,3.84,3.91,3.8,3.83,8751201.0,34010735.0,884898575.0,0.00988949609281493,3.908,3.8629999999999995,3.657,4.287999999999999,76.50602345115402,19330386.05,4.366166666666667,3.7495,False,False,4.12,33517099.830000002,68843943.901
2024-03-07,3.83,3.86,3.76,3.76,9694901.0,37202662.0,884898575.0,0.010955945996409814,3.872,3.8729999999999998,3.6454999999999997,4.269333333333333,69.1275161290032,19213321.1,4.351166666666667,3.739,False,False,4.01,36452827.76,68265363.389
2024-03-08,3.78,3.8,3.71,3.78,6131600.0,23314971.0,884898575.0,0.006929155694481709,3.8379999999999996,3.871,3.6404999999999994,4.249833333333333,64.61538391952664,18822441.1,4.3373333333333335,3.7175,False,False,4.01,23177448.0,66718090.989
2024-03-11,3.8,3.83,3.76,3.82,6446400.0,24738585.0,884898575.0,0.007284902679383341,3.81,3.8659999999999997,3.6480000000000006,4.229833333333334,64.88549548977332,18307705.15,4.324166666666667,3.693,False,False,4.01,24625248.0,64877358.052499995
2024-03-12,3.87,3.9,3.83,3.89,8154600.0,31847173.0,884898575.0,0.009215293402410554,3.8160000000000003,3.854,3.6774999999999998,4.213166666666667,64.61538391952664,17660050.15,4.3066666666666675,3.6715000000000004,False,False,4.01,31721394.0,62980657.2525
2024-03-13,3.89,4.03,3.88,4.0,11873601.0,47528803.0,884898575.0,0.013418036072665163,3.85,3.879,3.718,4.1955,63.49206278659612,16709596.2,4.287999999999999,3.657,False,False,4.01,47494404.0,60429589.99249999
2024-03-14,3.99,4.02,3.88,3.94,8081463.0,32265414.0,884898575.0,0.009132643252363695,3.886,3.879,3.7674999999999996,4.175666666666667,55.93220272622811,15406230.25,4.269333333333333,3.6454999999999997,False,False,4.01,31840964.22,56984692.858500004
2024-03-15,3.96,3.98,3.9,3.98,7612400.0,30361026.0,884898575.0,0.008602567814057108,3.9259999999999997,3.882,3.807,4.156166666666667,54.78260802873346,14135823.45,4.249833333333333,3.6404999999999994,False,False,4.01,30297352.0,53232784.9665
2024-03-18,3.98,4.08,3.95,4.08,10812801.0,43880353.0,884898575.0,0.012219254619095753,3.978,3.8939999999999997,3.841,4.1385,53.15315248275304,13281811.9,4.229833333333334,3.6480000000000006,False,False,4.01,44116228.08,50696780.9305
2024-03-19,4.08,4.18,4.06,4.14,14337100.0,59852375.0,884898575.0,0.01620196981332013,4.028,3.9219999999999997,3.8765,4.120833333333334,71.42857032967032,13190449.8,4.213166666666667,3.6774999999999998,False,False,4.08,59355593.99999999,50892375.9775
2024-03-20,4.16,4.37,4.13,4.33,20670579.0,89209643.0,884898575.0,0.023359263517855704,4.093999999999999,3.972,3.9175000000000004,4.1080000000000005,71.42857032967034,13156146.15,4.1955,3.718,False,False,4.14,89503607.07000001,51619463.904999994
2024-03-21,4.38,4.44,4.33,4.39,18662189.0,82675875.0,884898575.0,0.021089636176665785,4.184,4.035,3.9539999999999997,4.096333333333333,72.91666560329861,13294192.0,4.175666666666667,3.7674999999999996,False,False,4.33,81927009.71,52805881.6145
2024-03-22,4.38,4.57,4.32,4.5,27546217.0,123745319.0,884898575.0,0.031129236477751135,4.287999999999999,4.107,3.989,4.0885,75.47169711641153,13704965.65,4.156166666666667,3.807,False,False,4.39,123957976.5,55330939.0795
2024-03-25,4.49,4.52,4.34,4.34,23274200.0,103749464.0,884898575.0,0.026301545349420412,4.340000000000001,4.159000000000001,4.0125,4.078166666666666,71.42857053571429,13788588.65,4.1385,3.841,False,False,4.5,101010028.0,56201503.7895
2024-03-26,4.37,4.39,4.17,4.23,13898156.0,59859675.0,884898575.0,0.015705931044131243,4.358,4.193,4.0235,4.071166666666667,66.66666588888891,13820061.45,4.120833333333334,3.8765,False,False,4.5,58789199.88,56480589.43350001
2024-03-27,4.22,4.32,4.13,4.13,11794600.0,50018358.0,884898575.0,0.013328759174462452,4.318,4.206,4.0425,4.064333333333334,65.04064966620399,13208996.4,4.1080000000000005,3.9175000000000004,False,False,4.5,48711698.0,54413192.896000005
2024-03-28,4.12,4.24,4.06,4.2,12386306.0,52067522.0,884898575.0,0.013997430157461832,4.28,4.232,4.0555,4.0601666666666665,66.40624927368165,12857648.1,4.096333333333333,3.9539999999999997,False,False,4.5,52022485.2,53189902.572000004
2024-03-29,4.21,4.22,4.12,4.18,8048871.0,33768605.0,884898575.0,0.009095811912681632,4.215999999999999,4.252,4.067,4.056666666666667,64.28571357142857,12638747.7,4.0885,3.989,False,False,4.5,33644280.78,52417808.008499995
2024-04-01,4.18,4.27,4.17,4.26,8498001.0,36180362.0,884898575.0,0.009603361605594178,4.2,4.2700000000000005,4.081999999999999,4.053833333333333,64.56692842209682,12441684.35,4.078166666666666,4.0125,False,False,4.5,36201484.26,51764907.1575
2024-04-02,4.25,4.27,4.17,4.19,8206635.0,34885907.0,884898575.0,0.009274096751709652,4.191999999999999,4.275,4.0985,4.048,57.72357657875605,12244091.05,4.071166666666667,4.0235,False,False,4.5,34385800.650000006,51137606.496999994
2024-04-03,4.28,4.33,4.13,4.15,13659067.0,58107771.0,884898575.0,0.015435743017215278,4.196,4.257,4.1145,4.041333333333333,58.67768527149787,12489484.35,4.064333333333334,4.0425,False,False,4.5,56685128.050000004,52296007.90800001
2024-04-08,4.14,4.19,4.07,4.08,12547994.0,52170754.0,884898575.0,0.014180149402997964,4.172,4.226,4.1305,4.0325,54.03225745447451,12632139.0,4.0601666666666665,4.0555,False,False,4.5,51195815.52,53033157.296000004
2024-04-09,4.1,4.17,4.08,4.15,7892806.0,32882640.0,884898575.0,0.008919447067704906,4.166,4.191000000000001,4.149,4.024833333333333,52.892561371491034,12720199.3,4.056666666666667,4.067,True,False,4.5,32755144.900000002,53512042.141
2024-04-10,4.14,4.15,4.0,4.03,10192500.0,41726534.0,884898575.0,0.011518269198252466,4.12,4.160000000000001,4.1594999999999995,4.016,45.6692908351417,12907504.3,4.053833333333333,4.081999999999999,False,True,4.5,41075775.0,54334568.491
2024-04-11,3.99,4.19,3.99,4.13,9760400.0,40564975.0,884898575.0,0.011029964648773448,4.1080000000000005,4.15,4.1715,4.010166666666667,41.52542323613905,12987794.3,4.048,4.0985,True,False,4.5,40310452.0,54764021.390999995
2024-04-12,4.1,4.15,4.02,4.04,8461802.0,34772426.0,884898575.0,0.009562454092549534,4.086,4.141,4.1735,4.0023333333333335,35.53718967147056,12817204.35,4.041333333333333,4.1145,True,True,4.5,34185680.08,54098585.19499999
2024-04-15,4.04,4.07,3.8,3.86,11648783.0,46010207.0,884898575.0,0.013163975317736273,4.042,4.107,4.1695,3.9926666666666666,24.999999726562507,12995570.35,4.0325,4.1305,True,True,4.5,44964302.379999995,54754752.103
2024-04-16,3.83,3.84,3.49,3.49,17516907.0,63380948.0,884898575.0,0.019795383894702284,3.91,4.038,4.145,3.9756666666666667,21.476509865321404,13490795.7,4.024833333333333,4.149,True,True,4.5,61134005.43000001,56296584.7745
2024-04-17,3.56,3.81,3.53,3.8,14705913.0,55333179.0,884898575.0,0.016618755431943147,3.864,3.992,4.130999999999999,3.965333333333333,37.278106200063014,13685451.3,4.016,4.1594999999999995,True,True,4.5,55882469.4,56884896.84050001
2024-04-18,3.82,3.86,3.74,3.78,9788000.0,37551986.0,884898575.0,0.011061154663968127,3.7939999999999996,3.9509999999999996,4.1129999999999995,3.9546666666666668,39.13043444234405,13457996.3,4.010166666666667,4.1715,True,True,4.5,36998640.0,55767049.14050001
2024-04-19,3.78,3.8,3.71,3.73,8031000.0,30350347.0,884898575.0,0.009075616377843076,3.732,3.9090000000000003,4.083,3.9440000000000004,35.220125476049205,12826017.35,4.0023333333333335,4.1735,True,True,4.5,29955630.0,52789650.287
2024-04-22,3.77,3.79,3.63,3.71,7942300.0,29778054.0,884898575.0,0.008975378901474668,3.7020000000000004,3.8720000000000008,4.049,3.9346666666666668,35.220125476049205,12290022.9,3.9926666666666666,4.1695,True,True,4.5,29465933.0,50166596.451500006
2024-04-23,3.75,3.79,3.71,3.74,7730101.0,29227788.0,884898575.0,0.008735578537913229,3.7520000000000002,3.8309999999999995,4.011,3.9265,33.11688281582056,11299217.1,3.9756666666666667,4.145,True,True,4.5,28910577.740000002,45414226.5135
2024-04-24,3.72,3.74,3.62,3.68,12348138.0,45881186.0,884898575.0,0.01395429753065203,3.728,3.7960000000000003,3.9779999999999993,3.9166666666666665,33.33333302832243,10752914.0,3.965333333333333,4.130999999999999,True,True,4.34,45441147.84,42635782.5055
2024-04-25,3.65,3.71,3.61,3.65,9436101.0,34850338.0,884898575.0,0.010663483100308981,3.7020000000000004,3.748,3.9490000000000003,3.9114999999999998,33.552631269909966,10529811.25,3.9546666666666668,4.1129999999999995,True,True,4.26,34441768.65,41418410.944
2024-04-26,3.66,3.8,3.64,3.79,10590668.0,39996183.0,884898575.0,0.011968228110210258,3.714,3.7230000000000003,3.932,3.908,40.88050278469997,10469614.65,3.9440000000000004,4.083,True,True,4.26,40138631.72,40989757.63
2024-04-29,3.78,3.93,3.76,3.92,10129613.0,39620689.0,884898575.0,0.011447202296602184,3.7560000000000002,3.729,3.918,3.9041666666666663,43.03030266519741,10356780.0,3.9346666666666668,4.049,True,True,4.26,39708082.96,40374037.518
2024-04-30,3.94,3.96,3.87,3.92,8560600.0,33862279.0,884898575.0,0.009674103046216341,3.7920000000000003,3.772,3.905,3.8965,46.405228333546916,10382366.45,3.9265,4.011,False,True,4.26,33557552.0,40369701.079
2024-05-06,3.97,4.01,3.89,3.93,10260788.0,40831020.0,884898575.0,0.011595439624252983,3.842,3.785,3.8885000000000005,3.8878333333333335,43.055555136959896,10470505.8,3.9166666666666665,3.9779999999999993,False,False,4.26,40324896.84,40575871.708000004
2024-05-07,3.93,4.0,3.9,3.93,8107110.0,32266128.0,884898575.0,0.009161626234961447,3.8980000000000006,3.8,3.8754999999999997,3.8818333333333332,45.92592544965708,10465529.55,3.9114999999999998,3.9490000000000003,False,False,4.19,31860942.3,40449628.7905
2024-05-08,3.92,3.95,3.86,3.88,7143200.0,28113531.0,884898575.0,0.008072337555747561,3.9159999999999995,3.815,3.8620000000000005,3.8778333333333337,50.819671547970984,10139736.2,3.908,3.932,False,False,4.15,27715616.0,39001153.188
2024-05-09,3.88,3.93,3.88,3.91,6665278.0,26352198.0,884898575.0,0.0075322508006072895,3.914,3.8349999999999995,3.8535000000000004,3.8765,73.86363518853305,9845600.4,3.9041666666666663,3.918,False,False,4.15,26061236.98,37744424.261
2024-05-10,3.95,3.96,3.84,3.85,9110106.0,35675258.0,884898575.0,0.010295084948012262,3.9,3.846,3.8385,3.876,53.96825276895947,9906465.4,3.8965,3.905,False,False,4.15,35073908.1,37860362.421000004
2024-05-13,3.85,3.85,3.75,3.78,7162000.0,27413546.0,884898575.0,0.008093582928416401,3.87,3.8560000000000003,3.8259999999999996,3.8778333333333337,49.99999897058826,9754940.4,3.8878333333333335,3.8885000000000005,False,False,4.13,27072360.0,37160191.671000004
2024-05-14,3.8,3.89,3.78,3.86,6168503.0,23934505.0,884898575.0,0.006970858778928422,3.8560000000000003,3.877,3.8125,3.8871666666666664,59.15492841102955,9575345.55,3.8818333333333332,3.8754999999999997,True,False,4.13,23810421.58,36335190.15
2024-05-15,3.84,3.9,3.8,3.81,4134106.0,16038225.0,884898575.0,0.004671841628855601,3.842,3.879,3.8009999999999997,3.8975,56.7567556829803,9358960.75,3.8778333333333337,3.8620000000000005,False,True,4.04,15750943.86,35413453.339
2024-05-16,3.82,3.9,3.82,3.87,5653000.0,22082050.0,884898575.0,0.0063883027498377425,3.8339999999999996,3.874,3.8015,3.912833333333333,58.44155737898465,9059171.6,3.8765,3.8535000000000004,False,False,3.93,21877110.0,34259093.72
2024-05-17,3.86,3.9,3.8,3.87,6600007.0,25615484.0,884898575.0,0.0074584898048909165,3.838,3.8690000000000007,3.8205000000000005,3.9241666666666664,63.38028044038881,8513326.6,3.876,3.8385,False,False,3.93,25542027.09,32479494.803000003
2024-05-20,3.84,3.88,3.79,3.81,7346500.0,28393910.0,884898575.0,0.008302081399554746,3.844,3.857,3.821,3.931,60.810809660336034,8145355.95,3.8778333333333337,3.8259999999999996,False,False,3.93,27990165.0,31084879.582999997
2024-05-21,3.8,3.83,3.75,3.77,6538100.0,24930697.0,884898575.0,0.007388530374794648,3.8260000000000005,3.841,3.8205000000000005,3.936666666666667,48.43749894042971,7982860.95,3.8871666666666664,3.8125,True,False,3.93,24648637.0,30467379.433
2024-05-22,3.78,3.82,3.75,3.8,5711885.0,21916240.0,884898575.0,0.006454847099284796,3.8240000000000003,3.8329999999999997,3.8240000000000003,3.9414999999999996,38.88888788065847,7866905.2,3.8975,3.8009999999999997,True,True,3.93,21705163.0,30054856.082999997
2024-05-23,3.8,3.8,3.66,3.67,7691400.0,28759177.0,884898575.0,0.008691843582186805,3.784,3.809,3.822,3.941666666666667,31.343282927155315,7854360.2,3.912833333333333,3.8015,True,True,3.93,28227438.0,29992931.332999997
2024-05-24,3.67,3.71,3.63,3.63,5236200.0,19313535.0,884898575.0,0.0059172883174775145,3.7359999999999998,3.7870000000000004,3.8165,3.9388333333333336,28.57142800000001,7729665.15,3.9241666666666664,3.8205000000000005,True,True,3.93,19007406.0,29497772.746000003
2024-05-27,3.63,3.66,3.56,3.63,6066466.0,22035092.0,884898575.0,0.006855549518768295,3.7,3.772,3.814,3.934833333333333,28.57142800000001,7415581.55,3.931,3.821,True,True,3.93,22021271.58,28326778.933000006
2024-05-28,3.59,3.63,3.52,3.53,6630680.0,23779020.0,884898575.0,0.007493152534458539,3.6519999999999997,3.739,3.808,3.9268333333333336,26.66666616888891,7275310.5,3.936666666666667,3.8205000000000005,True,True,3.93,23406300.4,27775005.520499997
2024-05-29,3.52,3.59,3.52,3.53,5178880.0,18559692.0,884898575.0,0.00585251253229784,3.598,3.711,3.7949999999999995,3.923166666666667,23.61111065200616,7004721.1,3.9414999999999996,3.8240000000000003,True,True,3.93,18281446.4,26682146.2545
2024-05-30,3.51,3.58,3.48,3.52,5168401.0,18399250.0,884898575.0,0.005840670497180991,3.568,3.6759999999999997,3.775,3.916166666666667,25.373133798173313,6756660.5,3.941666666666667,3.822,True,True,3.93,18192771.52,25606380.682499997
2024-05-31,3.51,3.58,3.51,3.55,4711266.0,16848970.0,884898575.0,0.005324074569788973,3.5519999999999996,3.6439999999999997,3.7565000000000004,3.9095,31.746031040564375,6564193.8,3.9388333333333336,3.8165,True,True,3.93,16724994.299999999,24764752.7975
2024-06-03,3.57,3.57,3.43,3.47,7328566.0,25813578.0,884898575.0,0.008281814670116289,3.5199999999999996,3.6100000000000003,3.7335000000000003,3.901333333333333,19.04761862433861,6417582.7,3.934833333333333,3.814,True,True,3.93,25430124.020000003,24020014.1565
2024-06-04,3.46,3.47,3.35,3.38,8027800.0,27492341.0,884898575.0,0.009072000144197317,3.4899999999999998,3.571,3.7060000000000004,3.893333333333333,17.910447386945833,6413617.2,3.9268333333333336,3.808,True,True,3.93,27133964.0,23783665.241499998
2024-06-05,3.39,3.39,3.3,3.31,6742380.0,22816872.0,884898575.0,0.007619381690155846,3.446,3.522,3.6774999999999998,3.8846666666666665,8.823529230103759,6393576.2,3.923166666666667,3.7949999999999995,True,True,3.91,22317277.8,23513748.3315
2024-06-06,3.32,3.36,3.07,3.12,14864401.0,47457289.0,884898575.0,0.01679785844383352,3.3660000000000005,3.467,3.6380000000000003,3.874,6.896551613158891,6803532.35,3.916166666666667,3.775,True,True,3.91,46376931.120000005,24529533.0385
2024-06-07,3.22,3.26,3.13,3.24,8971106.0,29044570.0,884898575.0,0.010138004799024566,3.304,3.428,3.6075000000000004,3.865,19.354838418314245,6796582.35,3.9095,3.7565000000000004,True,True,3.87,29066383.44,24229156.8055
2024-06-11,3.22,3.29,3.15,3.27,7184200.0,23395080.0,884898575.0,0.00811867054933386,3.2640000000000002,3.3920000000000003,3.582,3.8558333333333334,22.826086609168215,6797692.35,3.901333333333333,3.7335000000000003,True,True,3.87,23492334.0,24050155.5055
2024-06-12,3.26,3.41,3.25,3.4,7052100.0,23882579.0,884898575.0,0.007969387904144833,3.268,3.379,3.559,3.8476666666666666,30.392156445597834,6841872.2,3.893333333333333,3.7060000000000004,True,True,3.87,23977140.0,24058491.4265
2024-06-13,3.39,3.4,3.28,3.3,7725005.0,25881230.0,884898575.0,0.008729819685832356,3.2659999999999996,3.3560000000000003,3.5335,3.836,31.31313087031934,7021417.15,3.8846666666666665,3.6774999999999998,True,True,3.87,25492516.5,24545570.0585
2024-06-14,3.32,3.33,3.27,3.3,6120336.0,20350091.0,884898575.0,0.006916426552048635,3.3019999999999996,3.3339999999999996,3.505,3.825333333333333,32.63157846648198,7044783.95,3.874,3.6380000000000003,True,True,3.87,20197108.8,24461569.9985
2024-06-17,3.26,3.33,3.2,3.22,6259500.0,20445160.0,884898575.0,0.007073692033010676,3.2980000000000005,3.3010000000000006,3.4724999999999993,3.8126666666666664,30.097086969554155,7027758.6,3.865,3.6075000000000004,True,True,3.87,20155590.0,24192248.144
2024-06-18,3.2,3.25,3.2,3.24,3727166.0,12152348.0,884898575.0,0.00421196971641637,3.2920000000000003,3.278,3.4440000000000004,3.7986666666666666,34.73684159335181,6846791.9,3.8558333333333334,3.582,True,True,3.81,12076017.840000002,23396540.786
2024-06-19,3.25,3.29,3.22,3.24,4715000.0,15480402.0,884898575.0,0.005328294262424369,3.2600000000000002,3.2640000000000002,3.4174999999999995,3.783666666666667,34.73684159335181,6755636.9,3.8476666666666666,3.559,True,True,3.8,15276600.000000002,22927938.935999997
2024-06-20,3.24,3.26,3.14,3.15,5317978.0,17111261.0,884898575.0,0.006009703428440937,3.2299999999999995,3.2479999999999998,3.3850000000000002,3.7640000000000002,32.03883451597699,6735941.55,3.836,3.5335,True,True,3.8,16751630.7,22680262.321000002
2024-06-21,3.15,3.2,3.11,3.15,4164300.0,13125756.0,884898575.0,0.004705963053449374,3.2,3.251,3.3589999999999995,3.743333333333333,29.999999579999994,6559586.55,3.825333333333333,3.505,True,True,3.67,13117545.0,21924767.671
2024-06-24,3.15,3.17,3.01,3.02,6960300.0,21278096.0,884898575.0,0.007865647201432097,3.16,3.229,3.3284999999999996,3.7186666666666666,28.571428190476183,6645791.55,3.8126666666666664,3.4724999999999993,True,True,3.63,21020106.0,22025402.671
2024-06-25,3.02,3.08,3.0,3.05,5448300.0,16566678.0,884898575.0,0.006156976803810539,3.122,3.207,3.2994999999999997,3.697166666666667,33.333332861952854,6614883.25,3.7986666666666666,3.4440000000000004,True,True,3.63,16617314.999999998,21755204.842
2024-06-26,3.05,3.2,3.02,3.19,6192310.0,19352219.0,884898575.0,0.00699776242717986,3.112,3.186,3.2824999999999998,3.6798333333333337,44.33962205589177,6592964.75,3.783666666666667,3.4174999999999995,True,True,3.55,19753468.9,21572563.267
2024-06-27,3.2,3.26,3.15,3.15,6440600.0,20598717.0,884898575.0,0.007278348255900401,3.1119999999999997,3.1710000000000003,3.2634999999999996,3.6634999999999995,51.64835085376162,6656050.75,3.7640000000000002,3.3850000000000002,True,True,3.55,20287890.0,21672885.447
2024-06-28,3.13,3.21,3.08,3.09,7153300.0,22522222.0,884898575.0,0.008083751293191992,3.1,3.15,3.242,3.645,41.17646991003459,6755295.7,3.743333333333333,3.3589999999999995,True,True,3.55,22103697.0,21868431.721
2024-07-01,3.08,3.12,3.05,3.11,5034200.0,15529845.0,869644522.0,0.005788802059515531,3.118,3.1390000000000002,3.22,3.6271666666666667,40.47618980158731,6771442.4,3.7186666666666666,3.3284999999999996,True,True,3.55,15656362.0,21815000.106
2024-07-02,3.12,3.23,3.12,3.2,5948806.0,19001129.0,869644522.0,0.00684050304407023,3.1479999999999997,3.135,3.2065000000000006,3.6094999999999997,37.49999934375003,6702454.4,3.697166666666667,3.2994999999999997,True,True,3.47,19036179.2,21495302.865000002
2024-07-03,3.2,3.24,3.17,3.19,4583900.0,14668778.0,869644522.0,0.005271004282828105,3.1479999999999997,3.13,3.197,3.592833333333333,42.25352029359257,6530259.4,3.6798333333333337,3.2824999999999998,True,True,3.4,14622641.0,20869736.715
2024-07-04,3.18,3.2,3.03,3.05,6625800.0,20451519.0,869644522.0,0.007618975147180885,3.128,3.1199999999999997,3.184,3.5745,35.29411706574396,6524430.4,3.6634999999999995,3.2634999999999996,True,True,3.4,20208690.0,20764307.325
2024-07-05,3.05,3.13,3.0,3.09,6849920.0,21078796.0,869644522.0,0.007876689643541502,3.128,3.114,3.1825,3.5580000000000003,41.97530791647614,6123706.35,3.645,3.242,True,True,3.4,21166252.8,19503773.409
2024-07-08,3.09,3.11,2.96,2.97,8642500.0,25960406.0,869644522.0,0.009937968654277339,3.1,3.109,3.1689999999999996,3.5383333333333336,35.16483462383772,6107276.05,3.6271666666666667,3.22,True,True,3.4,25668225.0,19333865.487
2024-07-09,2.96,2.97,2.83,2.91,13027134.0,37805521.0,869644522.0,0.014979837934286441,3.0420000000000003,3.0949999999999998,3.1510000000000002,3.5196666666666667,32.989690245509635,6399422.75,3.6094999999999997,3.2065000000000006,True,True,3.4,37908959.940000005,20054696.784
2024-07-10,2.92,3.01,2.87,2.96,9686880.0,28675005.0,869644522.0,0.011138896129331336,2.9959999999999996,3.072,3.129,3.500166666666667,39.78494563764599,6531161.75,3.592833333333333,3.197,True,True,3.4,28673164.8,20289498.024
2024-07-11,3.02,3.04,2.95,3.02,5478600.0,16451178.0,869644522.0,0.006299815454940565,2.9899999999999998,3.059,3.1149999999999998,3.4831666666666665,43.43434282012041,6418841.5,3.5745,3.184,True,True,3.3,16545372.0,19842140.799000002
2024-07-12,3.02,3.1,2.99,3.01,7679900.0,23373335.0,869644522.0,0.008831079602890892,2.974,3.0509999999999997,3.1005000000000003,3.4690000000000003,49.42528656097238,6496819.7,3.5580000000000003,3.1825,True,True,3.3,23116499.0,19988110.309
2024-07-15,3.0,3.0,2.94,2.97,5635900.0,16703344.0,869644522.0,0.006480693958766753,2.9739999999999998,3.037,3.088,3.4603333333333333,45.454544731404994,6465639.7,3.5383333333333336,3.1689999999999996,True,True,3.24,16738623.000000002,19817261.959
2024-07-16,2.96,2.97,2.89,2.91,7410000.0,21626760.0,869644522.0,0.008520722907514617,2.9739999999999998,3.008,3.0715,3.4455000000000005,32.49999943125002,6649781.4,3.5196666666666667,3.1510000000000002,True,True,3.24,21563100.0,20291616.067
2024-07-17,2.92,2.94,2.86,2.87,6321925.0,18292697.0,869644522.0,0.007269550764789386,2.9560000000000004,2.976,3.053,3.430333333333334,32.49999943125002,6730127.65,3.500166666666667,3.129,True,True,3.24,18143924.75,20434982.304500002
2024-07-18,2.86,2.87,2.78,2.86,7149300.0,20192220.0,869644522.0,0.00822094524732716,2.9240000000000004,2.957,3.0385,3.415833333333333,34.66666601955558,6821693.75,3.4831666666666665,3.1149999999999998,True,True,3.2,20446998.0,20619750.6695
2024-07-19,2.87,2.92,2.84,2.86,4862200.0,13966012.0,869663853.0,0.005590895819375857,2.8939999999999997,2.934,3.024,3.4016666666666664,32.87671169825485,6856588.75,3.4690000000000003,3.1005000000000003,True,True,3.2,13905892.0,20659168.0195
2024-07-22,2.87,2.91,2.83,2.9,5491766.0,15809689.0,869663853.0,0.006314814604580329,2.88,2.927,3.018,3.3876666666666666,27.941175895328712,6783162.05,3.4603333333333333,3.088,True,True,3.2,15926121.4,20404468.789499998
2024-07-23,2.91,2.95,2.84,2.85,6045900.0,17529305.0,869663853.0,0.006951996428440725,2.868,2.9210000000000003,3.008,3.3738333333333332,26.388888375771614,6813042.05,3.4455000000000005,3.0715,True,True,3.2,17230815.0,20435143.789499998
2024-07-24,2.85,2.87,2.78,2.78,5850600.0,16456184.0,869663853.0,0.006727426901575499,2.85,2.9029999999999996,2.9875,3.3593333333333333,29.230768601183442,6795956.55,3.430333333333334,3.053,True,True,3.2,16264667.999999998,20260703.7445
2024-07-25,2.78,2.85,2.75,2.81,6194316.0,17379418.0,869663853.0,0.007122655470423467,2.84,2.882,2.9705,3.3430000000000004,28.12499938476566,6783642.35,3.415833333333333,3.0385,True,True,3.2,17406027.96,20116610.642500002
2024-07-26,2.79,2.92,2.79,2.91,6369900.0,18343782.0,869663853.0,0.0073245541688623,2.85,2.8720000000000003,2.9615,3.326166666666667,45.16128930280959,6744472.35,3.4016666666666664,3.024,True,True,3.2,18536409.0,19938246.2425
2024-07-29,2.93,2.94,2.85,2.91,6144100.0,17762186.0,869779503.0,0.007063974235778237,2.852,2.866,2.9515000000000002,3.3093333333333335,49.99999875000003,6799967.35,3.3876666666666666,3.018,True,True,3.2,17879331.0,20049394.692500003
2024-07-30,2.91,2.98,2.89,2.96,5936646.0,17455301.0,869779503.0,0.006825460912246859,2.874,2.8709999999999996,2.9395,3.2931666666666666,49.99999875000003,6799359.35,3.3738333333333332,3.008,True,True,3.2,17572472.16,19976209.3405
2024-07-31,2.97,3.05,2.95,3.04,8190800.0,24739916.0,869779503.0,0.009417099358801514,2.9259999999999997,2.8880000000000003,2.932,3.2783333333333338,51.72413668252084,6979704.35,3.3593333333333333,2.9875,False,True,3.19,24900032.0,20490078.8905
2024-08-01,3.04,3.1,3.02,3.06,8754100.0,26744146.0,869779503.0,0.01006473476301269,2.976,2.9080000000000004,2.9325,3.2646666666666664,54.237286848606765,7086119.35,3.3430000000000004,2.9705,False,False,3.09,26787546.0,20819021.6905
2024-08-02,3.05,3.09,3.02,3.03,6524700.0,19894612.0,869779503.0,0.0075015564030830005,3.0,2.925,2.9295,3.25,55.17241246135552,7069858.35,3.326166666666667,2.9615,False,False,3.09,19769841.0,20749201.1005
2024-08-05,3.03,3.09,3.0,3.01,6861801.0,20948979.0,869779503.0,0.007889127044650534,3.02,2.936,2.9315,3.2359999999999998,59.25925772290808,6980823.4,3.3093333333333335,2.9515000000000002,False,False,3.06,20654021.009999998,20498490.901
2024-08-06,3.03,3.09,3.03,3.09,7067200.0,21649658.0,869779503.0,0.008125277700410468,3.046,2.96,2.9405,3.2245,68.9655155766944,6682826.7,3.2931666666666666,2.9395,False,False,3.06,21837648.0,19694925.303999998
2024-08-07,3.12,3.15,3.08,3.08,5432453.0,16882573.0,869779503.0,0.006245781811669112,3.054,2.99,2.9465,3.2115,68.96551557669446,6470105.35,3.2783333333333338,2.932,False,False,3.09,16731955.24,19097864.825999998
2024-08-08,3.06,3.12,3.04,3.1,5888100.0,18162400.0,869779503.0,0.006769646766440298,3.062,3.0189999999999997,2.9505000000000003,3.199666666666667,69.9999983666667,6490580.35,3.2646666666666664,2.9325,False,False,3.09,18253110.0,19183251.726
2024-08-09,3.1,3.12,3.04,3.04,4801019.0,14736061.0,869779503.0,0.005519811611380316,3.064,3.032,2.952,3.1858333333333335,61.29032119667016,6346636.3,3.25,2.9295,False,False,3.1,14595097.76,18757181.663999997
2024-08-12,3.04,3.06,3.0,3.02,4370400.0,13216020.0,869779503.0,0.005024721765603621,3.066,3.043,2.9545,3.171666666666667,64.40677813272049,6283361.3,3.2359999999999998,2.9315,False,False,3.1,13198608.0,18580180.913999997
2024-08-13,3.02,3.04,2.97,3.04,5257500.0,15799840.0,869779503.0,0.006044635429860204,3.056,3.051,2.961,3.1588333333333334,74.07407215363517,6175736.3,3.2245,2.9405,False,False,3.1,15982800.0,18301165.913999997
2024-08-14,3.05,3.08,3.01,3.05,5302639.0,16161730.0,869779503.0,0.006096532490947881,3.05,3.052,2.9699999999999998,3.146833333333333,73.07692110946749,6124772.0,3.2115,2.9465,False,False,3.1,16173048.95,18202622.123999998
2024-08-15,3.05,3.12,3.01,3.1,6229600.0,19179003.0,869779503.0,0.0071622750116704,3.05,3.056,2.982,3.135166666666667,70.21276386600277,6078787.0,3.199666666666667,2.9505000000000003,False,False,3.1,19311760.0,18145860.224
2024-08-16,3.11,3.12,3.07,3.07,5010699.0,15480096.0,869779503.0,0.005760884204234921,3.056,3.0599999999999996,2.9925,3.1251666666666664,65.999998152,6086211.95,3.1858333333333335,2.952,False,False,3.1,15382845.93,18219707.9205
2024-08-19,3.06,3.15,3.05,3.13,7783700.0,24190509.0,869779503.0,0.008949049699553567,3.0780000000000003,3.072,3.004,3.116833333333333,66.66666483660133,6200808.65,3.171666666666667,2.9545,False,False,3.1,24362981.0,18641550.9005
2024-08-20,3.13,3.15,3.08,3.1,6182419.0,19178255.0,869779503.0,0.007108030229128083,3.09,3.073,3.0164999999999997,3.1079999999999997,56.521737410208,6207634.6,3.1588333333333334,2.961,False,False,3.13,19165498.900000002,18738285.0955
2024-08-21,3.08,3.14,3.05,3.06,6241100.0,19283748.0,869779503.0,0.007175496753457066,3.092,3.0709999999999997,3.0305,3.1001666666666665,49.999998541666706,6227159.6,3.146833333333333,2.9699999999999998,False,False,3.13,19097766.0,18879939.995500002
2024-08-22,3.07,3.1,2.96,2.98,6034000.0,18161313.0,869779503.0,0.006937390429629381,3.068,3.059,3.039,3.091,45.283017671769365,6219143.8,3.135166666666667,2.982,False,False,3.13,17981320.0,18908704.5975
2024-08-23,2.98,2.99,2.89,2.93,7685200.0,22525523.0,869779503.0,0.008835802606859086,3.04,3.0479999999999996,3.04,3.081166666666667,42.85714178571434,6284908.8,3.1251666666666664,2.9925,True,False,3.13,22517636.0,19107765.947499998
2024-08-26,2.89,2.97,2.88,2.94,4557799.0,13362027.0,869779503.0,0.005240177521175731,3.002,3.04,3.0415,3.0709999999999997,34.69387655976679,6205593.75,3.116833333333333,3.004,True,True,3.13,13399929.06,18883795.8505
2024-08-27,2.94,2.96,2.86,2.88,4811200.0,13933679.0,869779503.0,0.005531516876869884,2.9579999999999997,3.024,3.0375,3.061166666666667,31.481480665294924,6149321.45,3.1079999999999997,3.0164999999999997,True,True,3.13,13856256.0,18697985.0425
2024-08-28,2.9,2.98,2.84,2.95,6333100.0,18528553.0,869779503.0,0.007281270687750387,2.936,3.0140000000000002,3.0330000000000004,3.0540000000000003,37.28813470841716,6056436.45,3.1001666666666665,3.0305,True,True,3.13,18682645.0,18387115.692500003
2024-08-29,2.94,3.01,2.92,2.99,5335100.0,15856065.0,869779503.0,0.006133853444003267,2.9379999999999997,3.003,3.0295,3.048666666666667,45.614033967374624,5885486.45,3.091,3.039,True,True,3.13,15951949.000000002,17845335.8425
2024-08-30,3.0,3.14,2.99,3.11,8134201.0,25138361.0,869779503.0,0.009352026544594256,2.9739999999999998,3.007,3.0335,3.0484999999999998,56.7164167253286,5965961.5,3.081166666666667,3.04,True,True,3.13,25297365.11,18121712.048
2024-09-02,3.11,3.15,3.1,3.12,9561200.0,29908216.0,869779503.0,0.010992671093101168,3.0100000000000002,3.0060000000000002,3.039,3.0465,56.060604871441726,6100931.45,3.0709999999999997,3.0415,False,True,3.13,29830944.0,18580558.1975
2024-09-03,3.13,3.13,3.02,3.05,8395300.0,25732222.0,869779503.0,0.009652216419268734,3.044,3.0010000000000003,3.037,3.0428333333333337,49.999999027777804,6167336.45,3.061166666666667,3.0375,False,False,3.13,25605665.0,18768959.047500003
2024-09-04,3.04,3.1,3.02,3.05,6454200.0,19789813.0,869779503.0,0.007420501377347358,3.064,3.0,3.0355,3.037,46.26865574961016,6218423.8,3.0540000000000003,3.0330000000000004,False,False,3.13,19685310.0,18916626.7855
2024-09-05,3.04,3.11,3.02,3.09,6221801.0,19086403.0,869779503.0,0.007153308371305687,3.084,3.011,3.0349999999999997,3.0334999999999996,51.47058717560556,6235108.85,3.048666666666667,3.0295,False,False,3.13,19225365.09,18965239.54
2024-09-06,3.09,3.11,3.03,3.03,4986101.0,15317623.0,869779503.0,0.005732603473411583,3.068,3.021,3.0345,3.0290000000000004,42.64705794550174,6244362.95,3.0484999999999998,3.0335,False,False,3.13,15107886.03,18990878.9535
2024-09-09,3.04,3.1,2.99,3.06,6727600.0,20578375.0,869779503.0,0.007734833916866859,3.056,3.033,3.0365,3.0263333333333335,47.05882256055365,6362222.95,3.0465,3.039,True,False,3.13,20586456.0,19360271.3535
2024-09-10,3.08,3.11,3.02,3.11,6469800.0,19808870.0,869779503.0,0.007438436957510138,3.068,3.056,3.04,3.0241666666666664,53.62318731779039,6422837.95,3.0428333333333337,3.037,False,True,3.13,20121078.0,19567185.2535
2024-09-11,3.1,3.1,3.02,3.04,5466044.0,16693259.0,869779503.0,0.006284401944569622,3.066,3.065,3.0395,3.0208333333333335,54.411763585640166,6431008.2,3.037,3.0355,False,False,3.13,16616773.76,19589371.494000003
2024-09-12,3.05,3.11,3.04,3.06,7159019.0,22009621.0,869779503.0,0.008230843535985235,3.0599999999999996,3.072,3.0375,3.0193333333333334,59.99999870769232,6477479.15,3.0334999999999996,3.0349999999999997,False,False,3.13,21906598.14,19719113.401
2024-09-13,3.05,3.06,3.02,3.03,5196300.0,15773912.0,869779503.0,0.005974272769221603,3.06,3.064,3.0355,3.0173333333333336,56.716416725328585,6486759.2,3.0290000000000004,3.0345,False,False,3.13,15744788.999999998,19737210.554500002
2024-09-18,3.03,3.03,2.93,3.0,7712000.0,22941849.0,869779503.0,0.0088666150138054,3.0479999999999996,3.052,3.029,3.0170000000000003,59.374998701171904,6483174.2,3.0263333333333335,3.0365,True,False,3.13,23136000.0,19675861.5045
2024-09-19,3.01,3.1,2.96,3.09,7942500.0,24222011.0,869779503.0,0.009131624707877256,3.0439999999999996,3.056,3.0285,3.017666666666666,60.6060593204775,6571178.25,3.0241666666666664,3.04,True,True,3.12,24542325.0,19944702.8095
2024-09-20,3.1,3.14,3.06,3.08,8358070.0,25886214.0,869779503.0,0.009609412467380252,3.0520000000000005,3.059,3.0294999999999996,3.015833333333333,57.14285587301589,6677026.75,3.0208333333333335,3.0395,False,True,3.12,25742855.6,20276957.289499998
2024-09-23,3.06,3.12,3.06,3.1,5306001.0,16413307.0,869779503.0,0.006100397838416296,3.06,3.06,3.0355,3.015,49.05660247775015,6640626.8,3.0193333333333334,3.0375,False,False,3.12,16448603.1,20200321.4445
2024-09-24,3.12,3.21,3.07,3.21,11072500.0,34918836.0,869779503.0,0.012730237907204397,3.0959999999999996,3.0780000000000003,3.0495,3.0170000000000003,57.14285587301589,6809991.8,3.0173333333333336,3.0355,False,False,3.12,35542725.0,20851575.8945
2024-09-25,3.22,3.38,3.22,3.31,17820400.0,59137794.0,869779503.0,0.02048841107261641,3.1580000000000004,3.103,3.068,3.0203333333333333,69.69696821854919,7473121.85,3.0170000000000003,3.029,False,False,3.21,58985524.0,23130855.6415
2024-09-26,3.31,3.4,3.29,3.39,14543200.0,48626765.0,869779503.0,0.016720559578419957,3.218,3.1310000000000002,3.0934999999999997,3.0235,72.97297159240327,7959721.85,3.017666666666666,3.0285,False,False,3.31,49301448.0,24903115.241499998
2024-09-27,3.42,3.57,3.42,3.51,16892252.0,58799950.0,869779503.0,0.019421303838198175,3.304,3.178,3.1215,3.0288333333333335,75.60975480666274,8487679.45,3.015833333333333,3.0294999999999996,False,False,3.39,59291804.519999996,26933573.2175
2024-09-30,3.7,3.85,3.54,3.81,28978421.0,107231485.0,869779503.0,0.033316973899763194,3.446,3.253,3.1624999999999996,3.0415,86.79245168387331,9669845.5,3.015,3.0355,False,False,3.51,110407784.01,31656364.968000002
2024-10-08,4.16,4.18,3.74,3.97,31454101.0,125184615.0,869779503.0,0.03616330448292939,3.5980000000000003,3.347,3.2055,3.056166666666667,88.2352930795848,10835840.5,3.0170000000000003,3.0495,False,False,3.81,124872780.97,36635135.761
2024-10-09,3.87,3.96,3.57,3.57,20679324.0,77098388.0,869779503.0,0.023775363673981635,3.65,3.404,3.228,3.0661666666666667,64.93506434474617,11391746.7,3.0203333333333333,3.068,False,False,3.97,73825186.67999999,38834847.894999996
2024-10-10,3.57,3.72,3.5,3.6,13768119.0,49675534.0,869779503.0,0.015829436026615587,3.692,3.4549999999999996,3.2555,3.0776666666666666,68.66666602577777,11660387.65,3.0235,3.0934999999999997,False,False,3.97,49565228.4,40032826.065
2024-10-11,3.61,3.64,3.4,3.45,11904135.0,41752548.0,869779503.0,0.013686382535965555,3.6799999999999997,3.492,3.2754999999999996,3.085833333333333,61.9631896518499,11932884.4,3.0288333333333335,3.1215,False,False,3.97,41069265.75,41102023.8525
2024-10-14,3.46,3.51,3.4,3.49,10404590.0,36011237.0,869779503.0,0.011962330641401652,3.6160000000000005,3.531,3.2954999999999997,3.0936666666666666,64.02438969735277,12142023.85,3.0415,3.1624999999999996,False,False,3.97,36312019.1,41956356.553
2024-10-15,3.46,3.58,3.43,3.48,9336700.0,32819198.0,869779503.0,0.010734559699091921,3.518,3.558,3.318,3.1015,64.81481425468678,12359553.8,3.056166666666667,3.2055,False,False,3.97,32491716.0,42825548.0515
2024-10-16,3.42,3.57,3.42,3.56,9013800.0,31760467.0,869779503.0,0.010363316184055903,3.5160000000000005,3.5829999999999997,3.343,3.111333333333333,64.59627273021874,12473863.8,3.0661666666666667,3.228,False,False,3.97,32089128.0,43400681.6515
2024-10-17,3.58,3.63,3.48,3.49,8967900.0,31919459.0,869779503.0,0.010310544188576952,3.4940000000000007,3.593000000000001,3.3619999999999997,3.121,62.27544857972678,12598768.8,3.0776666666666666,3.2555,False,False,3.97,31297971.000000004,43959526.3015
2024-10-18,3.5,3.58,3.42,3.54,13617468.0,47768596.0,869779503.0,0.015656230059493594,3.5119999999999996,3.596,3.3870000000000005,3.132166666666666,62.94117595224913,13006340.0,3.085833333333333,3.2754999999999996,False,False,3.97,48205836.72,45538979.4495
2024-10-21,3.53,3.62,3.51,3.59,13494700.0,48254790.0,869779503.0,0.015515081642479221,3.532,3.5740000000000003,3.4135000000000004,3.1443333333333334,61.5853653279298,13323124.05,3.0936666666666666,3.2954999999999997,False,False,3.97,48445973.0,46865948.1925
2024-10-22,3.58,3.74,3.58,3.66,20123300.0,73888753.0,869779503.0,0.02313609360831305,3.568,3.543,3.4450000000000003,3.157666666666666,60.86956468809074,14069474.05,3.1015,3.318,False,False,3.97,73651278.0,49761272.6425
2024-10-23,3.66,3.66,3.58,3.63,15296544.0,55288992.0,869779503.0,0.017586691738814175,3.582,3.5490000000000004,3.4765,3.169833333333334,57.692307174556205,14448701.25,3.111333333333333,3.343,False,False,3.97,55526454.72,51380795.3785
2024-10-24,3.61,3.62,3.56,3.6,11969901.0,42960448.0,869779503.0,0.0137619948029518,3.604,3.5490000000000004,3.5020000000000002,3.1823333333333332,53.06122398445093,14650071.3,3.121,3.3619999999999997,False,False,3.97,43091643.6,52308261.3085
2024-10-25,3.58,3.68,3.58,3.66,16385200.0,59723921.0,869779503.0,0.018838337697640595,3.628,3.5700000000000003,3.531,3.197,43.9024385246877,15051427.8,3.132166666666666,3.3870000000000005,False,False,3.97,59969832.0,54019610.1285
2024-10-28,3.67,3.89,3.67,3.88,23101302.0,88083470.0,869779503.0,0.026559952172154143,3.686,3.6090000000000004,3.5700000000000003,3.214833333333333,46.51162740219938,15941192.85,3.1443333333333334,3.4135000000000004,False,False,3.97,89633051.75999999,57678832.5615
2024-10-29,3.98,3.98,3.72,3.75,24278457.0,93222721.0,869779503.0,0.027913346907187348,3.7039999999999997,3.636,3.597,3.228833333333333,58.82352860438295,16601490.7,3.157666666666666,3.4450000000000003,False,False,3.97,91044213.75,60453906.999
2024-10-30,3.68,3.85,3.68,3.81,19821701.0,74670327.0,869779503.0,0.022789340208215967,3.7399999999999998,3.661,3.622,3.2438333333333333,59.99999920000001,16701555.75,3.169833333333334,3.4765,False,False,3.97,75520680.81,61280664.839499995
2024-10-31,3.8,3.96,3.77,3.88,25042588.0,96824851.0,869779503.0,0.02879188106137746,3.7960000000000003,3.7,3.6464999999999996,3.2591666666666663,72.1649474120523,17226525.15,3.1823333333333332,3.5020000000000002,False,False,3.97,97165241.44,63673854.5115
2024-11-01,3.87,3.88,3.61,3.63,24499801.0,90684759.0,869779503.0,0.028167829795363666,3.79,3.7090000000000005,3.6525000000000007,3.2689999999999997,55.93220272622809,17606902.6,3.197,3.531,False,False,3.97,88934277.63,65155978.16700001
2024-11-04,3.66,3.66,3.57,3.66,13499052.0,48929714.0,869779503.0,0.015520085209457966,3.746,3.7159999999999997,3.6450000000000005,3.2789999999999995,57.499999329166684,16832934.15,3.214833333333333,3.5700000000000003,True,False,3.97,49406530.32,62105915.4825
2024-11-05,3.65,3.73,3.62,3.72,17127012.0,63236837.0,869779503.0,0.01969121132531448,3.7399999999999998,3.722,3.6325000000000003,3.2904999999999998,56.77966034329217,16116579.7,3.228833333333333,3.597,False,True,3.97,63712484.64,59047900.66599999
2024-11-06,3.71,3.88,3.68,3.83,27032445.0,102532889.0,869779503.0,0.031079652839324266,3.7439999999999998,3.742,3.6454999999999997,3.3041666666666667,63.93442549583446,16434235.75,3.2438333333333333,3.622,False,False,3.88,103534264.35000001,60533354.5495
2024-11-07,3.78,3.98,3.78,3.98,23549692.0,92106091.0,869779503.0,0.027075473632999603,3.7640000000000002,3.78,3.6645000000000003,3.319,66.66666595959597,16923314.4,3.2591666666666663,3.6464999999999996,False,False,3.88,93727774.16,62741481.8375
2024-11-08,4.02,4.09,3.91,3.93,22230600.0,88442356.0,869779503.0,0.025558891561968666,3.8240000000000003,3.807,3.6885,3.3331666666666666,62.87878721189167,17439637.65,3.2689999999999997,3.6525000000000007,False,False,3.98,87366258.0,65056331.45
2024-11-11,3.92,4.09,3.91,4.07,22822381.0,91565890.0,869779503.0,0.026239272046860364,3.906,3.8259999999999996,3.7175000000000002,3.349333333333333,64.74820078670878,18060527.2,3.2789999999999995,3.6450000000000005,False,False,3.98,92887090.67,67885085.02849999
2024-11-12,4.27,4.28,4.04,4.08,48262458.0,200777250.0,869779503.0,0.05548815284050215,3.978,3.8589999999999995,3.7475,3.3666666666666667,66.42335698545477,20006815.1,3.2904999999999998,3.6325000000000003,False,False,4.07,196910828.64000002,76106040.6605
2024-11-13,4.05,4.17,3.97,4.1,27497700.0,111807186.0,869779503.0,0.031614564271929047,4.032,3.8880000000000003,3.7744999999999997,3.3846666666666665,68.3823522372405,20931010.1,3.3041666666666667,3.6454999999999997,False,False,4.08,112740569.99999999,80138612.7605
2024-11-14,4.09,4.12,3.91,3.93,19115510.0,76512284.0,869779503.0,0.021977420638297107,4.022,3.893,3.7965000000000004,3.3995,59.18367290573374,21438390.6,3.319,3.6645000000000003,False,False,4.1,75123954.3,82329911.9255
2024-11-15,3.92,4.08,3.92,3.94,19939329.0,79821474.0,869779503.0,0.022924579081510042,4.023999999999999,3.9239999999999995,3.8165,3.4143333333333334,52.380951798941815,21754483.65,3.3331666666666666,3.6885,False,False,4.1,78560956.26,83847667.9025
2024-11-18,3.98,3.98,3.75,3.81,25021401.0,95799416.0,869779503.0,0.028767522014139714,3.972,3.939,3.8274999999999997,3.4261666666666666,52.380951798941815,22330818.7,3.349333333333333,3.7175000000000002,False,False,4.1,95331537.81,86191946.14299999
2024-11-19,3.81,3.85,3.74,3.85,12460610.0,47279138.0,869779503.0,0.014326171123855513,3.9260000000000006,3.9520000000000004,3.8369999999999997,3.4391666666666665,51.612902643080126,21947684.2,3.3666666666666667,3.7475,True,False,4.1,47973348.5,84908049.668
2024-11-20,3.85,4.01,3.84,4.0,20430201.0,80605614.0,869779503.0,0.02348894280623212,3.906,3.969,3.8555,3.4536666666666664,54.54545396694216,22204367.05,3.3846666666666665,3.7744999999999997,False,True,4.1,81720804.0,86217767.132
2024-11-21,3.97,4.05,3.96,4.0,17336986.0,69440678.0,869779503.0,0.019932621934872153,3.9200000000000004,3.971,3.8754999999999997,3.4686666666666666,67.28971874574202,22472721.3,3.3995,3.7965000000000004,False,False,4.1,69347944.0,87530582.152
2024-11-22,4.0,4.14,3.93,3.95,27033383.0,109409162.0,869779503.0,0.031080731273567388,3.9219999999999997,3.9730000000000003,3.8899999999999997,3.4835000000000003,63.30275148051514,23005130.45,3.4143333333333334,3.8165,False,False,4.1,106781862.85000001,89871183.6945
2024-11-25,3.96,4.06,3.87,4.04,17813900.0,70735585.0,869779503.0,0.020480937914215253,3.968,3.97,3.8980000000000006,3.5011666666666668,64.28571348214288,22740760.35,3.4261666666666666,3.8274999999999997,False,False,4.1,71968156.0,88987938.90650001
2024-11-26,4.04,4.32,4.02,4.11,41278009.0,172675186.0,869779503.0,0.0474580153448385,4.0200000000000005,3.9730000000000003,3.9160000000000004,3.5208333333333335,62.96296214677645,23590737.95,3.4391666666666665,3.8369999999999997,False,False,4.1,169652616.99,92918359.06850001
2024-11-27,4.1,4.32,4.04,4.31,60821510.0,256289455.0,869779503.0,0.06992750437348487,4.082,3.9939999999999998,3.941,3.5436666666666667,64.60176911112853,25640728.4,3.4536666666666664,3.8555,False,False,4.11,262140708.09999996,102249360.433
2024-11-28,4.27,4.42,4.19,4.21,54343292.0,233349185.0,869779503.0,0.062479389100986896,4.1240000000000006,4.022,3.9575000000000005,3.565833333333333,61.86440604567655,27105763.6,3.4686666666666666,3.8754999999999997,False,False,4.31,228785259.32,108830361.32699999
2024-11-29,4.21,4.28,4.11,4.16,25731643.0,107352949.0,869779503.0,0.02958409908631751,4.166,4.0440000000000005,3.9839999999999995,3.586,54.128439671744815,27167355.7,3.4835000000000003,3.8899999999999997,False,False,4.31,107043634.88000001,109735829.1895
2024-12-02,4.17,4.35,4.17,4.25,26999643.0,115136456.0,869779503.0,0.03104193983288199,4.208,4.088,4.0135,3.6069999999999998,57.26495657973558,27842385.25,3.5011666666666668,3.8980000000000006,False,False,4.31,114748482.75,113002926.81099999
2024-12-03,4.25,4.31,4.17,4.26,21769300.0,92579484.0,869779503.0,0.025028527258821827,4.2379999999999995,4.129,4.0405,3.6261666666666668,56.89655103745544,28074499.65,3.5208333333333335,3.9160000000000004,False,False,4.31,92737218.0,114454163.479
2024-12-04,4.27,4.27,4.08,4.12,23068543.0,95830103.0,869779503.0,0.02652228860352898,4.2,4.141,4.055,3.6428333333333334,58.40707892239019,27876304.55,3.5436666666666667,3.941,False,False,4.31,95042397.16,114029570.11950001
2024-12-05,4.13,4.33,4.11,4.33,28296957.0,120295582.0,869779503.0,0.032533483374119015,4.223999999999999,4.174,4.0725,3.6641666666666666,64.6616534546894,28113667.8,3.565833333333333,3.9575000000000005,False,False,4.31,122525823.81,115469472.602
2024-12-06,4.36,4.56,4.33,4.53,46222800.0,206657687.0,869779503.0,0.05314312402231902,4.298,4.232,4.102500000000001,3.6888333333333336,75.7142849571429,29313277.8,3.586,3.9839999999999995,False,False,4.33,209389284.0,121570623.902
2024-12-09,4.53,4.56,4.36,4.49,33703010.0,149751874.0,869779503.0,0.038748912665512655,4.346,4.276999999999999,4.1235,3.7121666666666666,72.85714212857147,29857309.25,3.6069999999999998,4.0135,False,False,4.53,151326514.9,124492595.1135
2024-12-10,4.57,4.62,4.45,4.5,35570446.0,160537272.0,869779503.0,0.040895934978132036,4.394,4.316,4.1445,3.7366666666666664,69.84126906525577,29222708.65,3.6261666666666668,4.0405,False,False,4.53,160067007.0,122650404.03150001
2024-12-11,4.46,4.66,4.46,4.63,28761100.0,131331705.0,869779503.0,0.033067116321778854,4.496,4.348,4.171,3.7628333333333335,72.66186977175099,29285878.65,3.6428333333333334,4.055,False,False,4.53,133163893.0,123671570.1815
2024-12-12,4.65,4.68,4.51,4.59,22485401.0,103163133.0,869779503.0,0.02585184052101076,4.548,4.386,4.204,3.7875,73.1884050546104,29454373.2,3.6641666666666666,4.0725,False,False,4.63,103207990.59,125075771.996
2024-12-13,4.56,4.9,4.52,4.8,66842241.0,318327792.0,869779503.0,0.0768496392125258,4.602,4.45,4.247,3.8168333333333333,75.33333263022226,31799518.8,3.6888333333333336,4.102500000000001,False,False,4.63,320842756.8,137189862.023
2024-12-16,4.91,5.04,4.68,4.92,75914298.0,368855696.0,869779503.0,0.0872799344410396,4.688,4.517,4.3025,3.8478333333333334,76.12903157044747,34344163.65,3.7121666666666666,4.1235,False,False,4.8,373498346.15999997,151098202.4405
2024-12-17,4.83,4.9,4.5,4.51,54830996.0,252700210.0,869779503.0,0.06304011052327592,4.6899999999999995,4.542,4.335500000000001,3.8725,55.681817738894644,36462682.95,3.7366666666666664,4.1445,False,False,4.92,247287791.95999998,161063924.6135
2024-12-18,4.51,4.81,4.41,4.66,43789487.0,203416814.0,869779503.0,0.05034550348561157,4.696,4.595999999999999,4.3685,3.9001666666666663,62.43093874362811,37630647.25,3.7628333333333335,4.171,False,False,4.92,204059009.42000002,167180834.8845
2024-12-19,4.57,4.77,4.47,4.55,31014990.0,141362859.0,869779503.0,0.03565845124313075,4.688,4.618,4.396,3.9245000000000005,60.42780703423032,38314547.45,3.7875,4.204,False,False,4.92,141118204.5,170769347.9095
2024-12-20,4.52,4.59,4.42,4.43,28159307.0,126215565.0,869779503.0,0.03237522487351602,4.614,4.608,4.42,3.947,54.73684170193905,38370843.65,3.8168333333333333,4.247,False,False,4.92,124745730.00999999,171667541.26749998
2024-12-23,4.4,4.42,3.99,3.99,38519301.0,157980100.0,869779503.0,0.04428628274998566,4.428,4.558,4.4174999999999995,3.9618333333333333,44.2060083180755,39406113.7,3.8478333333333334,4.3025,False,False,4.92,153692010.99,175753734.01700002
2024-12-24,4.0,4.06,3.85,3.93,22387475.0,87844531.0,869779503.0,0.025739253365688938,4.311999999999999,4.501,4.4085,3.9738333333333333,45.77777749293827,38461587.0,3.8725,4.335500000000001,True,False,4.92,87982776.75,171670242.005
2024-12-25,3.9,3.92,3.71,3.84,20927300.0,79670090.0,869779503.0,0.02406046581670251,4.148,4.422,4.385,3.982666666666667,38.49765232912341,36466876.5,3.9001666666666663,4.3685,True,True,4.92,80360832.0,162581248.2
2024-12-26,3.85,3.92,3.82,3.84,16236120.0,62668695.0,869779503.0,0.018666937935418328,4.005999999999999,4.3469999999999995,4.3665,3.990166666666667,32.12435209857982,34561517.9,3.9245000000000005,4.396,True,True,4.92,62346700.8,154259320.274
2024-12-27,3.82,3.92,3.79,3.87,14341200.0,55639332.0,869779503.0,0.01648831680964549,3.8939999999999997,4.254,4.352,3.9961666666666664,33.85416641981337,33991995.75,3.947,4.42,True,True,4.92,55500444.0,151682160.73
2024-12-30,3.85,3.87,3.72,3.81,11452201.0,43414051.0,869779503.0,0.013166786479216446,3.8579999999999997,4.143,4.33,3.9961666666666664,32.487309413795785,33214623.65,3.9618333333333333,4.4174999999999995,True,True,4.92,43632885.81,148126380.88300002
2024-12-31,3.82,3.86,3.69,3.71,12616084.0,47432280.0,885014149.9999999,0.014255234224221163,3.814,4.063,4.3025,3.991833333333333,26.288659604102477,32756962.85,3.9738333333333333,4.4085,True,True,4.92,46805671.64,145829803.565
2025-01-02,3.71,3.78,3.61,3.65,14936463.0,55330080.0,885014149.9999999,0.016877089479303806,3.776,3.9620000000000006,4.279000000000001,3.9931666666666668,26.02040797740527,32350358.85,3.982666666666667,4.385,True,True,4.92,54518089.949999996,143803588.2045
2025-01-03,3.65,3.69,3.42,3.45,18772400.0,66184609.0,885014149.9999999,0.021211412269510045,3.6980000000000004,3.8519999999999994,4.234999999999999,3.990666666666667,15.384615274161774,31874131.0,3.990166666666667,4.3665,True,True,4.92,64764780.0,140915536.014
2025-01-06,3.43,3.43,3.26,3.39,14206400.0,47843257.0,885014149.9999999,0.016052172725147956,3.6019999999999994,3.7479999999999998,4.177999999999999,3.989666666666667,9.523809453262828,30273311.0,3.9961666666666664,4.352,True,True,4.92,48159696.0,132854056.614
2025-01-07,3.42,3.48,3.37,3.47,10745800.0,36805961.0,885014149.9999999,0.012141952758608437,3.5340000000000003,3.6959999999999993,4.127,3.9893333333333336,16.666666517094058,29125450.5,3.9961666666666664,4.33,True,True,4.92,37287926.0,127152127.16899998
2025-01-08,3.47,3.51,3.34,3.47,12494520.0,42961008.0,885014149.9999999,0.014117875968423784,3.4859999999999998,3.65,4.0755,3.9891666666666667,7.801418362255447,27971654.2,3.991833333333333,4.3025,True,True,4.92,43355984.400000006,121316576.03899999
2025-01-09,3.47,3.55,3.43,3.52,10194100.0,35747074.0,885014149.9999999,0.011518572895133939,3.46,3.618,4.0200000000000005,3.9885,11.851851728943785,27043304.2,3.9931666666666668,4.279000000000001,True,True,4.92,35883232.0,116452542.989
2025-01-10,3.5,3.64,3.4,3.4,16240000.0,57160457.0,885014149.9999999,0.018349989093394723,3.45,3.5739999999999994,3.9604999999999997,3.987,11.851851728943785,26731034.15,3.990666666666667,4.234999999999999,True,True,4.92,55216000.0,114052943.4595
2025-01-13,3.35,3.42,3.27,3.37,10983400.0,36926585.0,885014149.9999999,0.012410423042388647,3.446,3.524,3.8890000000000002,3.984166666666667,17.02127634223632,23938092.1,3.989666666666667,4.177999999999999,True,True,4.92,37014058.0,99861508.51949999
2025-01-14,3.42,3.58,3.42,3.58,12582907.0,44205337.0,885014149.9999999,0.014217746688004934,3.468,3.5010000000000003,3.822,3.9840000000000004,33.94495369245014,20771522.55,3.9893333333333336,4.127,True,True,4.92,45046807.06,83438931.5645
2025-01-15,3.63,3.94,3.63,3.8,55790800.0,212397569.0,885014149.9999999,0.0630394440586063,3.5340000000000003,3.5100000000000002,3.7864999999999993,3.9863333333333335,48.36065518274658,20819512.75,3.9891666666666667,4.0755,True,True,4.66,212005040.0,81674793.9665
2025-01-16,3.78,4.18,3.73,4.18,37822191.0,154703347.0,885014149.9999999,0.04273625568585542,3.6659999999999995,3.563,3.7625,3.9955,60.624999469531254,20521147.95,3.9885,4.0200000000000005,False,True,4.66,158096758.38,79376681.4145
2025-01-17,4.09,4.3,3.89,3.95,77544351.0,311109759.0,885014149.9999999,0.08761933467391454,3.7760000000000007,3.6129999999999995,3.7325000000000004,4.001333333333333,52.22222181604939,22847616.0,3.987,3.9604999999999997,False,False,4.55,306300186.45,87635780.512
2025-01-20,3.96,4.08,3.87,3.9,38813384.0,152680292.0,885014149.9999999,0.043856229869319044,3.882,3.664,3.7059999999999995,4.005333333333334,52.513966069723175,23380319.85,3.984166666666667,3.8890000000000002,False,False,4.43,151372197.6,88967103.8915
2025-01-21,3.89,3.95,3.71,3.81,35933664.0,136282052.0,885014149.9999999,0.04060236099049942,3.928,3.6979999999999995,3.697,4.004166666666666,52.80898834869335,23251038.0,3.9840000000000004,3.822,False,False,4.18,136907259.84,88127866.33399999
2025-01-22,3.8,3.82,3.68,3.69,19864900.0,73780361.0,885014149.9999999,0.02244585580919808,3.9059999999999997,3.72,3.6849999999999996,4.003166666666667,51.08695613303403,23124909.25,3.9863333333333335,3.7864999999999993,False,False,4.18,73301481.0,87393801.5465
2025-01-23,3.74,3.8,3.7,3.72,15688000.0,58807431.0,885014149.9999999,0.01772627025228919,3.814,3.7399999999999998,3.679,4.001666666666667,58.08383184839902,22862944.25,3.9955,3.7625,False,False,4.18,58359360.0,86293727.94649999
2025-01-24,3.7,3.79,3.66,3.78,17374400.0,64908749.0,885014149.9999999,0.01963177650888407,3.78,3.778,3.6759999999999997,4.0,61.67664618953709,22919858.25,4.001333333333333,3.7325000000000004,False,False,4.18,65675232.0,86460154.50649999
2025-01-27,3.75,3.85,3.73,3.73,14596900.0,55182203.0,885014149.9999999,0.01649340860821265,3.746,3.814,3.6689999999999996,4.001666666666667,57.926828773795364,22932643.25,4.005333333333334,3.7059999999999995,False,False,4.18,54446437.0,86407454.1565
2025-02-05,3.8,3.88,3.78,3.84,18687400.0,71699704.0,885014149.9999999,0.021115368607383285,3.7520000000000002,3.8400000000000007,3.6704999999999997,4.004666666666667,60.57142808685714,23294403.2,4.004166666666666,3.697,False,False,4.18,71759616.0,87813790.666
2025-02-06,3.84,3.96,3.78,3.93,21910920.0,84839137.0,885014149.9999999,0.024757705851369726,3.8,3.853,3.6814999999999998,4.008166666666667,61.452513485846275,23759145.0,4.003166666666667,3.6849999999999996,False,False,4.18,86109915.60000001,89779002.864
2025-02-07,3.92,4.03,3.89,3.95,22244394.0,87997737.0,885014149.9999999,0.025134506606476294,3.846,3.8299999999999996,3.6964999999999995,4.010166666666667,66.27218880011206,24124541.55,4.001666666666667,3.679,False,False,4.18,87865356.3,91446366.18149999
2025-02-10,3.95,4.11,3.94,4.1,22534615.0,90559707.0,885014149.9999999,0.02546243469666559,3.9099999999999993,3.8449999999999998,3.7290000000000005,4.012166666666667,70.16574531363511,24312652.3,4.0,3.6759999999999997,False,False,4.18,92391921.49999999,92827723.25649999
2025-02-11,4.11,4.32,4.04,4.2,37597998.0,156912388.0,885014149.9999999,0.0424829343124062,4.004,3.875,3.7695,4.016666666666667,68.23529355570936,25482232.2,4.001666666666667,3.6689999999999996,False,False,4.18,157911591.6,98315318.03649999
2025-02-12,4.18,4.56,4.15,4.49,62808775.0,273990742.0,885014149.9999999,0.07096923252583025,4.1339999999999995,3.943,3.8205000000000005,4.023666666666667,69.49152487407835,28085380.95,4.004666666666667,3.6704999999999997,False,False,4.2,282011399.75,110551491.724
2025-02-13,4.5,4.59,4.37,4.4,52050061.0,231799809.0,885014149.9999999,0.05881268791013116,4.228,4.014,3.8669999999999995,4.029,57.432431889152696,30063158.0,4.008166666666667,3.6814999999999998,False,False,4.49,229020268.4,119834705.92399998
2025-02-14,4.4,4.48,4.19,4.48,39876300.0,171762243.0,885014149.9999999,0.04505724569488522,4.3340000000000005,4.09,3.915,4.035333333333333,69.92481129402455,31547268.0,4.010166666666667,3.6964999999999995,False,False,4.49,178645824.00000003,126972835.52399997
2025-02-17,4.4,4.55,4.35,4.41,36152624.0,159225837.0,885014149.9999999,0.04084976946413795,4.396,4.1530000000000005,3.9655,4.043333333333333,68.88888817448561,32542899.2,4.012166666666667,3.7290000000000005,False,False,4.49,159433071.84,132183689.11599998
2025-02-18,4.39,4.41,4.16,4.17,31206100.0,133626717.0,885014149.9999999,0.03526056617286854,4.39,4.197,4.0055,4.047166666666667,61.99999942133333,33554034.2,4.016666666666667,3.7695,False,False,4.49,130129437.0,136839458.06599998
2025-02-19,4.17,4.32,4.12,4.3,28535946.0,120236812.0,885014149.9999999,0.03224349124813428,4.352,4.243,4.0415,4.0553333333333335,70.19867484584009,34351686.15,4.023666666666667,3.8205000000000005,False,False,4.49,122704567.8,140722346.103
2025-02-20,4.33,4.63,4.26,4.27,34797800.0,152717532.0,885014149.9999999,0.039318919364170625,4.326,4.276999999999999,4.065,4.062333333333333,68.2119198973729,33302036.15,4.029,3.8669999999999995,False,False,4.49,148586606.0,137551424.403
2025-02-21,4.34,4.48,4.28,4.37,44828778.0,196900907.0,885014149.9999999,0.050653176562205256,4.304,4.319000000000001,4.0745,4.0685,69.03225744099896,33652365.5,4.035333333333333,3.915,False,False,4.49,195901759.86,139441674.477
2025-02-24,4.33,4.43,4.21,4.31,27033200.0,116262672.0,885014149.9999999,0.030545500317706788,4.284,4.34,4.092499999999999,4.073666666666667,68.58974297419458,31126807.95,4.043333333333333,3.9655,False,False,4.49,116513091.99999999,129952319.75449999
2025-02-25,4.25,4.29,4.2,4.22,19028800.0,80716477.0,885014149.9999999,0.021501125151501817,4.294,4.342,4.1085,4.078166666666666,62.3376617709563,30137578.75,4.047166666666667,4.0055,False,False,4.49,80301536.0,126398786.67449999
2025-02-26,4.25,4.31,4.2,4.24,15519506.0,65916688.0,885014149.9999999,0.01753588459574347,4.282,4.317,4.130000000000001,4.0815,60.54421711046322,29116870.85,4.0553333333333335,4.0415,False,False,4.49,65802705.440000005,122843558.95449999
2025-02-27,4.22,4.28,4.1,4.17,15560694.0,64938992.0,885014149.9999999,0.01758242396463379,4.262,4.294,4.154,4.0825000000000005,57.236841578081695,28901660.55,4.062333333333333,4.065,False,False,4.49,64888093.98,122422889.60349998
2025-02-28,4.16,4.18,4.0,4.02,16704000.0,68131890.0,885014149.9999999,0.018874274496063145,4.191999999999999,4.247999999999999,4.1690000000000005,4.0776666666666666,47.3684206163435,28952460.55,4.0685,4.0745,False,False,4.49,67150080.0,122862425.60349998
2025-03-03,4.02,4.11,3.98,4.05,12725895.0,51708582.0,885014149.9999999,0.014379312466360003,4.14,4.212,4.1825,4.075,44.827585774078486,28720035.3,4.073666666666667,4.092499999999999,True,False,4.49,51539874.75,122155657.74099998
2025-03-04,4.02,4.09,4.0,4.08,10485702.0,42600990.0,885014149.9999999,0.01184806141235143,4.112,4.203,4.2,4.073666666666667,32.773108858131536,28514475.4,4.078166666666666,4.1085,True,True,4.49,42781664.160000004,121572419.099
2025-03-05,4.06,4.1,3.99,4.08,10492100.0,42368690.0,885014149.9999999,0.011855290675295983,4.08,4.180999999999999,4.212,4.070833333333334,35.454545003305824,28104710.4,4.0815,4.130000000000001,True,True,4.49,42807768.0,120124826.699
2025-03-06,4.11,4.25,4.09,4.22,17222100.0,72084749.0,885014149.9999999,0.019459688864861654,4.09,4.176,4.2265,4.070166666666667,38.79310298008323,27870269.4,4.0825000000000005,4.154,True,True,4.49,72677262.0,119453194.01900001
2025-03-07,4.22,4.29,4.12,4.15,14428594.0,60657941.0,885014149.9999999,0.01630323537764905,4.1160000000000005,4.154,4.2365,4.070666666666667,38.79310298008326,27479479.4,4.0776666666666666,4.1690000000000005,True,True,4.49,59878665.1,118053859.45900002
2025-03-10,4.14,4.17,4.07,4.11,10959303.0,44933534.0,885014149.9999999,0.012383195229138428,4.128,4.134,4.237,4.066999999999999,46.87499931640628,26900713.8,4.075,4.1825,True,True,4.49,45042735.330000006,115686400.15050001
2025-03-11,4.07,4.14,4.05,4.14,8795054.0,36117708.0,885014149.9999999,0.009937755232501086,4.140000000000001,4.126,4.234,4.0605,40.697673756084384,25460566.6,4.073666666666667,4.2,True,True,4.49,36411523.559999995,109611396.74849999
2025-03-12,4.2,4.44,4.19,4.28,27558100.0,118662036.0,885014149.9999999,0.03113859817947544,4.18,4.13,4.2235,4.057,50.51546318843665,23698032.85,4.070833333333334,4.212,True,True,4.49,117948668.0,101408260.161
2025-03-13,4.26,4.28,4.09,4.15,15821900.0,65833704.0,885014149.9999999,0.017877567268274754,4.166,4.128,4.211,4.051166666666667,38.99999945400003,21886624.8,4.070166666666667,4.2265,False,True,4.48,65660885.00000001,93240290.991
2025-03-14,4.13,4.25,4.11,4.24,11513831.0,48364588.0,885014149.9999999,0.013009770521748157,4.184,4.15,4.199,4.044666666666666,46.6019411141484,20468501.35,4.070666666666667,4.2365,True,False,4.48,48818643.440000005,86748931.963
2025-03-17,4.24,4.44,4.23,4.32,19876301.0,86010303.0,885014149.9999999,0.022458738089102873,4.226000000000001,4.177,4.1945,4.040166666666667,54.90196003075743,19654685.2,4.066999999999999,4.237,False,True,4.41,85865620.32000001,83070559.387
2025-03-18,4.31,4.33,4.25,4.3,11530600.0,49447023.0,885014149.9999999,0.013028718241397612,4.258,4.199,4.201,4.031833333333333,52.941175743944626,18670910.2,4.0605,4.234,False,False,4.37,49581580.0,79043166.537
2025-03-19,4.27,4.29,4.19,4.21,8309401.0,35084687.0,885014149.9999999,0.009389003554349951,4.244,4.212000000000001,4.1965,4.02,51.92307622411244,17659582.95,4.057,4.2235,False,False,4.37,34982578.21,74657067.05749999
2025-03-20,4.2,4.27,4.17,4.23,8963586.0,37799142.0,885014149.9999999,0.010128183826213402,4.26,4.213,4.1945,4.015333333333333,61.53846059171604,16367872.25,4.051166666666667,4.211,False,False,4.37,37915968.78,69123535.1965
2025-03-21,4.22,4.23,4.14,4.15,8586900.0,35882358.0,885014149.9999999,0.00970255673313246,4.242,4.212999999999999,4.1835,4.006833333333334,55.20833252821184,14555778.35,4.044666666666666,4.199,False,False,4.37,35635635.0,61110228.953499995
2025-03-24,4.16,4.16,3.94,4.03,16280500.0,65643132.0,885014149.9999999,0.018395751073584533,4.184,4.205,4.1695,3.9981666666666666,47.619046984127,14018143.35,4.040166666666667,4.1945,True,False,4.32,65610415.00000001,58565095.10349999
2025-03-25,4.03,4.04,3.94,3.99,9415000.0,37518016.0,885014149.9999999,0.010638247987334442,4.122000000000001,4.1899999999999995,4.158,3.9908333333333337,45.87155904385154,13537453.35,4.031833333333333,4.201,True,True,4.32,37565850.0,56428310.8035
2025-03-26,3.97,4.06,3.96,4.04,8468300.0,34033233.0,885014149.9999999,0.009568547576329713,4.088,4.166,4.148,3.9916666666666667,40.99999942600002,13184893.05,4.02,4.1965,True,True,4.32,34211932.0,54848772.131500006
2025-03-27,4.05,4.07,3.96,3.99,7588401.0,30370986.0,885014149.9999999,0.008574327314427685,4.040000000000001,4.15,4.139,3.9926666666666666,41.836734096209916,12786278.4,4.015333333333333,4.1945,True,True,4.32,30277719.990000002,53118253.432000004
2025-03-28,3.97,4.01,3.92,3.95,8618201.0,34100047.0,885014149.9999999,0.00973792452922928,4.000000000000001,4.121,4.1354999999999995,3.9945,41.836734096209916,12381988.45,4.006833333333334,4.1835,True,True,4.32,34041893.95,51462844.1295
2025-03-31,3.96,3.96,3.79,3.88,9834100.0,37906672.0,885014149.9999999,0.011111799737891198,3.97,4.077,4.127000000000001,3.9951666666666665,37.254901449442556,12237398.7,3.9981666666666666,4.1695,True,True,4.32,38156308.0,50793665.792
2025-04-01,3.88,3.97,3.87,3.93,8281501.0,32597012.0,885014149.9999999,0.009357478634663638,3.9579999999999997,4.04,4.1195,3.996166666666667,31.182795229506326,12127188.65,3.9908333333333337,4.158,True,True,4.32,32546298.93,50281897.5305
2025-04-02,3.93,4.03,3.91,3.98,7501300.0,29863552.0,885014149.9999999,0.008475909678958242,3.946,4.017,4.1145000000000005,3.999,39.99999934117647,11977648.65,3.9916666666666667,4.148,True,True,4.32,29855174.0,49634267.8305
2025-04-03,3.94,4.04,3.92,4.01,7208201.0,28791957.0,885014149.9999999,0.008144729663361881,3.95,3.995,4.104000000000001,4.0040000000000004,35.443037346579075,11476953.7,3.9926666666666666,4.139,True,True,4.32,28904886.009999998,47445649.031
2025-04-07,3.9,3.9,3.61,3.61,13112900.0,47866465.0,885014149.9999999,0.014816599260023133,3.882,3.941,4.077,4.003333333333333,18.018017790763736,11411169.0,3.9945,4.1354999999999995,True,True,4.32,47337569.0,46818594.226
2025-04-08,3.53,3.6,3.4,3.49,16858500.0,58830460.0,885014149.9999999,0.019048847976046487,3.804,3.8870000000000005,4.046,4.0040000000000004,16.528925428590966,11706128.85,3.9951666666666665,4.127000000000001,True,True,4.32,58836165.0,47508265.7095
2025-04-09,3.45,3.59,3.19,3.56,14876753.0,50829671.0,885014149.9999999,0.016809621631473353,3.7299999999999995,3.844,4.017,4.006833333333334,22.689075363321805,12010213.8,3.996166666666667,4.1195,True,True,4.32,52961240.68,48335751.565500006
2025-04-10,3.59,3.71,3.59,3.66,12615985.0,46290323.0,885014149.9999999,0.014255122361602921,3.6659999999999995,3.806,3.9859999999999998,4.01,27.55905481430962,11263108.05,3.999,4.1145000000000005,True,True,4.32,46174505.1,44747043.420499995
2025-04-11,3.68,3.72,3.63,3.66,9815000.0,36085330.0,885014149.9999999,0.011090218162048597,3.596,3.7730000000000006,3.9615,4.013166666666667,29.41176435986158,10962763.05,4.0040000000000004,4.104000000000001,True,True,4.32,35922900.0,43260144.170499995
2025-04-14,3.69,3.83,3.69,3.74,9492891.0,35623674.0,885014149.9999999,0.010726259009531091,3.622,3.752,3.9365,4.0168333333333335,37.3913038926276,10861716.05,4.003333333333333,4.077,True,True,4.32,35503412.34,42594382.6155
2025-04-15,3.75,3.92,3.75,3.81,12743601.0,48678811.0,885014149.9999999,0.014399318926143725,3.686,3.745,3.911,4.023666666666667,42.3728808532031,10505081.05,4.0040000000000004,4.046,True,True,4.32,48553119.81,40728757.589999996
2025-04-16,3.77,3.87,3.67,3.73,11142901.0,41886035.0,885014149.9999999,0.012590647279481353,3.72,3.725,3.8825000000000003,4.0296666666666665,37.190082214329614,10485696.1,4.006833333333334,4.017,True,True,4.3,41563020.73,40327829.626499996
2025-04-17,3.72,3.81,3.7,3.75,6624100.0,24933588.0,885014149.9999999,0.0074847390858100975,3.7380000000000004,3.7019999999999995,3.8594999999999997,4.0325,39.83050800201091,10401431.05,4.01,3.9859999999999998,True,True,4.23,24840375.0,39820719.466000006
2025-04-18,3.75,3.78,3.7,3.74,5177884.0,19344323.0,885014149.9999999,0.005850622840324079,3.754,3.675,3.835,4.0315,40.869564719848775,10212145.95,4.013166666666667,3.9615,True,True,4.23,19365286.16,38893185.33499999
2025-04-21,3.71,3.82,3.7,3.81,6397800.0,24188811.0,885014149.9999999,0.007229036959465565,3.768,3.6950000000000003,3.818,4.025333333333333,46.95652116748583,10102690.95,4.0168333333333335,3.9365,True,True,4.15,24375618.0,38330184.485
2025-04-22,3.83,3.86,3.77,3.81,6916600.0,26390020.0,885014149.9999999,0.007815242276069825,3.768,3.7269999999999994,3.807,4.023000000000001,44.5454539785124,9634495.95,4.023666666666667,3.911,True,True,4.04,26352246.0,36367276.035
2025-04-23,3.82,3.85,3.75,3.77,9446401.0,35819797.0,885014149.9999999,0.01067372877597494,3.776,3.7479999999999998,3.7960000000000003,4.020833333333333,40.366971958589346,9636066.0,4.0296666666666665,3.8825000000000003,False,True,4.04,35612931.77,36269630.123500004
2025-04-24,3.77,3.79,3.69,3.73,8343652.0,31205070.0,885014149.9999999,0.009427704630485288,3.772,3.755,3.7805,4.0195,37.272726798347115,9629833.6,4.0325,3.8594999999999997,True,False,4.04,31121821.96,36115124.6215
2025-04-25,3.71,3.79,3.71,3.75,5876801.0,22053069.0,885014149.9999999,0.006640346936825813,3.774,3.7640000000000002,3.7685000000000004,4.0205,59.722221060956834,9544253.6,4.0315,3.835,True,True,4.01,22038003.75,35703138.809499994
2025-04-28,3.74,3.76,3.66,3.71,6431335.0,23842107.0,885014149.9999999,0.007266929008988163,3.754,3.761,3.7565000000000004,4.020333333333333,67.18749853027346,9434910.3,4.025333333333333,3.818,True,True,4.01,23860252.85,35194056.7545
2025-04-29,3.68,3.79,3.66,3.76,6257050.0,23522685.0,885014149.9999999,0.007069999954238021,3.7439999999999998,3.7560000000000002,3.7504999999999997,4.0200000000000005,66.12903076482831,9256057.8,4.023000000000001,3.807,True,True,4.01,23526508.0,34462566.7545
2025-04-30,3.74,3.83,3.74,3.77,6410050.0,24333974.0,885014149.9999999,0.007242878546066186,3.7439999999999998,3.7600000000000002,3.7425000000000006,4.020666666666666,60.37735689569246,9162485.25,4.020833333333333,3.7960000000000003,False,True,4.01,24165888.5,34043546.232999995
2025-05-06,3.78,3.84,3.76,3.82,6119800.0,23320338.0,885014149.9999999,0.006914917688039226,3.7619999999999996,3.7670000000000003,3.7344999999999997,4.020333333333334,63.79310190844235,9093410.25,4.0195,3.7805,False,False,4.01,23377636.0,33719669.333
2025-05-07,3.84,3.86,3.76,3.79,8688100.0,33036717.0,885014149.9999999,0.009816905187335141,3.7700000000000005,3.772,3.7235000000000005,4.018,54.71697968672128,9167405.2,4.0205,3.7685000000000004,False,False,4.01,32927899.0,33920819.9825
2025-05-08,3.78,3.87,3.77,3.86,7595982.0,29185750.0,885014149.9999999,0.008582893279163955,3.8,3.7769999999999997,3.7359999999999998,4.0165,54.71697968672128,8891559.3,4.020333333333333,3.7565000000000004,False,False,3.82,29320490.52,33019966.0585
2025-05-09,3.85,3.86,3.79,3.82,7048897.0,26904992.0,885014149.9999999,0.007964728021580221,3.8120000000000003,3.7779999999999996,3.7525,4.011833333333334,59.1836717784257,8401079.15,4.0200000000000005,3.7504999999999997,False,False,3.86,26926786.54,31424497.135500003
2025-05-12,3.85,3.85,3.79,3.83,5777300.0,22013800.0,885014149.9999999,0.00652791822594023,3.8239999999999994,3.7840000000000003,3.7659999999999996,4.0056666666666665,58.33333163194451,7946106.5,4.020666666666666,3.7425000000000006,False,False,3.86,22127059.0,29882788.051500004
2025-05-13,3.86,3.89,3.79,3.81,7240801.0,27801277.0,885014149.9999999,0.008181565232601084,3.822,3.7919999999999994,3.7735,3.994333333333333,57.142855510204114,7677347.3,4.020333333333334,3.7344999999999997,False,False,3.86,27587451.81,28953435.387000002
2025-05-14,3.81,3.84,3.77,3.82,5948900.0,22643884.0,885014149.9999999,0.006721813430892603,3.8280000000000003,3.7990000000000004,3.7815000000000003,3.9846666666666666,51.16278903190917,7484042.3,4.018,3.7235000000000005,False,False,3.86,22724798.0,28293530.287
2025-05-15,3.81,3.81,3.74,3.75,5796600.0,21864523.0,885014149.9999999,0.006549725786870188,3.806,3.803,3.782,3.9724999999999997,43.999998768000026,7299227.75,4.0165,3.7359999999999998,False,False,3.86,21737250.0,27605222.169999998
2025-05-16,3.75,3.81,3.73,3.77,5725900.0,21624888.0,885014149.9999999,0.006469840058489461,3.7960000000000003,3.804,3.7800000000000002,3.9618333333333333,49.999998541666706,6948342.7,4.011833333333334,3.7525,True,False,3.86,21586643.0,26256898.329499997
2025-05-19,3.78,3.86,3.75,3.85,7402800.0,28327921.0,885014149.9999999,0.008364612023434881,3.8,3.8120000000000003,3.786,3.9564999999999997,61.53845988165687,6761337.65,4.0056666666666665,3.7659999999999996,True,True,3.86,28500780.0,25603786.293
2025-05-20,3.85,3.93,3.82,3.92,8008191.0,31088750.0,885014149.9999999,0.009048658713535824,3.822,3.822,3.7945,3.950166666666667,64.91227910741772,6830542.2,3.994333333333333,3.7735,False,True,3.86,31392108.72,25931372.979000002
2025-05-21,3.9,3.93,3.84,3.87,5902400.0,22832350.0,885014149.9999999,0.006669271898082083,3.832,3.8300000000000005,3.8009999999999997,3.9435,63.793101908442395,6866768.0,3.9846666666666666,3.7815000000000003,False,False,3.92,22842288.0,26105223.071000002
2025-05-22,3.85,3.91,3.75,3.77,10701600.0,40664862.0,885014149.9999999,0.012092010054302523,3.836,3.821,3.7990000000000004,3.9335,50.79364966490304,7081958.0,3.9724999999999997,3.782,False,False,3.92,40345032.0,26903693.770999998
2025-05-23,3.8,3.83,3.74,3.75,10279143.0,38826452.0,885014149.9999999,0.011614665144054478,3.832,3.814,3.7960000000000003,3.9241666666666664,48.43749894042971,7250085.15,3.9618333333333333,3.7800000000000002,True,False,3.92,38546786.25,27513420.783499997
2025-05-26,3.75,3.82,3.74,3.81,5218490.0,19779109.0,885014149.9999999,0.005896504592610187,3.8240000000000003,3.8120000000000003,3.7979999999999996,3.917333333333333,49.230768170414244,7038689.6,3.9564999999999997,3.786,True,True,3.92,19882446.9,26726896.54
2025-05-27,3.81,3.84,3.75,3.82,5165601.0,19638405.0,885014149.9999999,0.005836743966184044,3.804,3.813,3.8024999999999998,3.9103333333333334,52.38095121693122,6879787.05,3.950166666666667,3.7945,False,True,3.92,19732595.82,26157435.233
2025-05-28,3.81,3.84,3.73,3.77,7046400.0,26526578.0,885014149.9999999,0.007961906597764568,3.784,3.808,3.8035000000000005,3.9036666666666666,42.6229498414405,6938267.0,3.9435,3.8009999999999997,False,False,3.92,26564928.0,26383781.445499998
2025-05-29,3.76,4.08,3.73,3.95,21337200.0,83627710.0,885014149.9999999,0.024109445029777212,3.8200000000000003,3.8280000000000003,3.8155,3.9025000000000003,58.66666557155561,7683560.25,3.9335,3.7990000000000004,True,False,3.92,84281940.0,29404865.802999996
2025-05-30,4.03,4.14,3.89,3.92,27201500.0,108338801.0,885014149.9999999,0.03073566676871777,3.854,3.843,3.8235,3.9003333333333337,55.84415482880757,8730782.75,3.9241666666666664,3.7960000000000003,False,True,3.95,106629880.0,33560034.403
2025-06-03,3.92,4.14,3.91,3.97,20069494.0,80610027.0,885014149.9999999,0.02267703177401175,3.886,3.8549999999999995,3.8334999999999995,3.8985,59.999998950000034,9413754.95,3.917333333333333,3.7979999999999996,False,False,3.95,79675891.18,36335534.537
2025-06-04,3.99,4.02,3.92,3.95,13752200.0,54297016.0,885014149.9999999,0.015538960591760033,3.9120000000000004,3.8580000000000005,3.84,3.896333333333333,58.024690355128826,9795374.95,3.9103333333333334,3.8024999999999998,False,False,3.97,54321190.0,37882712.237
2025-06-05,3.93,4.03,3.92,4.01,12873800.0,51390466.0,885014149.9999999,0.014546434088087746,3.96,3.872,3.851,3.8928333333333334,66.24999884062501,10004659.95,3.9036666666666666,3.8035000000000005,False,False,3.97,51623938.0,38817514.187
2025-06-06,4.01,4.06,3.94,3.97,7868001.0,31296989.0,885014149.9999999,0.00889025446655288,3.964,3.8920000000000003,3.8564999999999996,3.8898333333333333,62.19512088935162,10018260.9,3.9025000000000003,3.8155,False,False,4.01,31235963.970000003,38913287.859500006
2025-06-09,3.97,4.37,3.96,4.18,50665933.0,213639263.0,885014149.9999999,0.057248726475164276,4.016,3.935,3.8745000000000003,3.891,67.36842005983382,12199112.7,3.9003333333333337,3.8235,False,False,4.01,211783599.94,48156128.52949999
2025-06-10,4.16,4.19,4.05,4.15,37335033.0,153744893.0,885014149.9999999,0.04218580346992193,4.0520000000000005,3.969,3.8905000000000003,3.8911666666666664,62.63736167371096,13776999.35,3.8985,3.8334999999999995,False,False,4.18,154940386.95000002,54796794.927
2025-06-11,4.14,4.21,4.11,4.19,21071322.0,87707807.0,885014149.9999999,0.023809022714495583,4.1,4.006,3.9095,3.8896666666666664,67.77777672345685,14468525.4,3.896333333333333,3.84,False,False,4.18,88288839.18,57831864.2955
2025-06-12,4.18,4.21,4.16,4.19,16236800.0,68021900.0,885014149.9999999,0.018346373331997012,4.136,4.048,3.928,3.890333333333333,76.2499986656251,14982920.4,3.8928333333333334,3.851,False,False,4.19,68032192.0,60097233.995500006
2025-06-13,4.17,4.18,4.05,4.07,15948800.0,65434771.0,885014149.9999999,0.01802095480620282,4.156000000000001,4.0600000000000005,3.944,3.8875,67.77777672345685,15490530.4,3.8898333333333333,3.8564999999999996,False,False,4.19,64911616.00000001,62255952.2955
2025-06-16,4.06,4.21,4.02,4.2,19678113.0,81531851.0,885014149.9999999,0.02223480042663725,4.160000000000001,4.088,3.9655,3.8855,70.103091771708,16188141.05,3.891,3.8745000000000003,False,False,4.19,82648074.60000001,65309023.8755
2025-06-17,4.2,4.44,4.17,4.23,34346049.0,147173833.0,885014149.9999999,0.038808474418177384,4.176,4.114,3.9845000000000006,3.884333333333333,70.7070697071728,17535303.5,3.8911666666666664,3.8905000000000003,False,False,4.2,145283787.27,71148174.239
2025-06-18,4.21,4.24,4.1,4.12,18809100.0,78090913.0,885014149.9999999,0.02125288053304007,4.162000000000001,4.131,3.9945,3.882833333333333,66.66666577777781,18075348.95,3.8896666666666664,3.9095,False,False,4.23,77493492.0,73453243.403
2025-06-19,4.1,4.16,4.03,4.08,11721436.0,47862713.0,885014149.9999999,0.013244348692051988,4.140000000000001,4.138,4.005,3.8803333333333336,57.14285626373628,18366300.75,3.890333333333333,3.928,False,False,4.23,47823458.88,74702301.947
2025-06-20,4.07,4.11,3.91,3.93,13350582.0,52990756.0,885014149.9999999,0.015085162197689158,4.112,4.134,4.013,3.8766666666666665,50.48543620699408,18498749.85,3.8875,3.944,False,False,4.23,52467787.260000005,75308439.71000001
2025-06-23,3.9,4.02,3.86,4.01,9333400.0,37207118.0,885014149.9999999,0.010546046071692754,4.074,4.117,4.026000000000001,3.8763333333333336,51.88679176753293,18451462.7,3.8855,3.9655,True,False,4.23,37426934.0,75252447.0975
2025-06-24,4.03,4.11,4.0,4.06,10094200.0,41004573.0,885014149.9999999,0.011405693343999077,4.04,4.1080000000000005,4.0385,3.8775,55.04587085262182,18695248.2,3.884333333333333,3.9845000000000006,True,True,4.23,40982451.99999999,76307447.3525
2025-06-25,4.08,4.11,4.03,4.1,10858603.0,44153395.0,885014149.9999999,0.01226941173765414,4.036,4.098999999999999,4.0525,3.8785000000000003,54.205606767403275,18979898.3,3.882833333333333,3.9945,False,True,4.23,44520272.3,77546831.1765
2025-06-26,4.11,4.51,4.07,4.51,101575195.0,452085869.0,885014149.9999999,0.1147723965769361,4.122,4.131,4.089499999999999,3.8871666666666664,68.74999933159722,23706338.05,3.8803333333333336,4.005,False,False,4.23,458104129.45,99123791.249
2025-06-27,4.45,4.55,4.28,4.33,97932983.0,428697272.0,885014149.9999999,0.11065696859197112,4.202,4.157,4.1085,3.8935000000000004,55.319148386902086,27536127.2,3.8766666666666665,4.013,False,False,4.51,424049816.39,116112185.0685
2025-06-30,4.36,4.76,4.3,4.57,113490153.0,517573869.0,885033444.0,0.1282326151281578,4.314,4.194,4.141,3.9050000000000002,62.96296241883859,31850559.85,3.8763333333333336,4.026000000000001,False,False,4.51,518649999.21000004,136713191.02899998
2025-07-01,4.57,4.61,4.4,4.48,63884348.0,286687218.0,885033444.0,0.0721829761723671,4.398,4.218999999999999,4.166500000000001,3.9141666666666666,58.6826342385887,34041302.55,3.8775,4.0385,False,False,4.57,286201879.04,147039490.422
2025-07-02,4.48,4.48,4.31,4.34,36282246.0,158123780.0,885033444.0,0.04099533892868347,4.446,4.241,4.186,3.920166666666667,54.14364599004914,35167804.85,3.8785000000000003,4.0525,False,False,4.57,157464947.64,152196678.30400002
2025-07-03,4.4,4.51,4.34,4.38,42656700.0,187326723.0,885033444.0,0.048197839628758704,4.42,4.270999999999999,4.2045,3.926333333333333,58.959537095125114,36656949.85,3.8871666666666664,4.089499999999999,False,False,4.57,186836346.0,158957298.70400003
2025-07-04,4.46,4.65,4.42,4.49,73058306.0,329387575.0,885033444.0,0.08254863869302548,4.452,4.327,4.2305,3.9410000000000003,58.47953168496289,39916465.1,3.8935000000000004,4.1085,False,False,4.57,328031793.94,173797090.20250002
2025-07-07,4.45,4.62,4.4,4.5,45550846.0,204607895.0,885033444.0,0.05146793752124016,4.438000000000001,4.3759999999999994,4.2465,3.9578333333333333,57.98816520009802,39660710.75,3.9050000000000002,4.141,False,False,4.57,204978807.0,173456850.55549997
2025-07-08,4.6,4.95,4.55,4.95,58865056.0,288127047.0,885033444.0,0.06651167410573018,4.532,4.465,4.2865,3.981,70.44334926787838,40737211.9,3.9141666666666666,4.166500000000001,False,False,4.57,291382027.2,180278932.56800002
2025-07-09,5.45,5.45,5.01,5.45,52850424.0,286319805.0,885033444.0,0.05971573657277521,4.7540000000000004,4.6,4.349500000000001,4.010833333333333,77.51003972484315,42326167.0,3.920166666666667,4.186,False,False,4.95,288034810.8,190266231.14900002
2025-07-10,5.95,6.0,5.93,6.0,62405047.0,373645812.0,885033444.0,0.07051151278301297,5.078,4.749,4.44,4.049833333333334,85.8131483732235,44634579.35,3.926333333333333,4.2045,False,False,5.45,374430282.0,205586135.64900002
2025-07-11,6.6,6.6,6.34,6.6,156070410.0,1026120153.0,885033444.0,0.17634408174975136,5.5,4.976,4.5665,4.0975,87.97653922824881,51640659.85,3.9410000000000003,4.2305,False,False,6.0,1030064706.0,253843790.14900002
2025-07-14,6.35,6.65,5.94,5.94,245030614.0,1518391142.0,885033444.0,0.2768602877791362,5.788,5.113,4.653499999999999,4.133,73.38308432155145,62908284.9,3.9578333333333333,4.2465,False,False,6.6,1455481847.16,322485478.777
2025-07-15,5.75,6.06,5.35,5.54,243373750.0,1352396407.0,885033444.0,0.27498819581330985,5.906000000000001,5.219,4.718999999999999,4.163166666666666,66.43835595202353,73359669.95,3.981,4.2865,False,False,6.6,1348290575.0,382635818.1635
2025-07-16,5.26,5.4,5.08,5.14,152667956.0,795922831.0,885033444.0,0.17249964623935726,5.843999999999999,5.299,4.7700000000000005,4.186333333333334,57.208237802994205,80052612.75,4.010833333333333,4.349500000000001,False,False,6.6,784713293.8399999,417996808.2555
2025-07-17,5.25,5.29,5.02,5.09,112432405.0,573610037.0,885033444.0,0.12703746481245967,5.662,5.369999999999999,4.820500000000001,4.208833333333334,58.96226395625668,85088161.2,4.049833333333334,4.44,False,False,6.6,572280941.4499999,444219682.384
2025-07-18,5.05,5.08,4.94,4.96,82843901.0,414186840.0,885033444.0,0.09360539035177974,5.3340000000000005,5.417,4.872,4.228,54.721549451307084,88562827.15,4.0975,4.5665,False,False,6.6,410905748.96,462141580.469
2025-07-21,4.92,5.03,4.92,5.02,67048452.0,333843544.0,885033444.0,0.07575809982611234,5.15,5.468999999999999,4.9225,4.248166666666666,56.5853656604402,91448579.75,4.133,4.653499999999999,False,False,6.6,336583229.03999996,477099395.221
2025-07-22,5.0,5.07,4.95,5.02,73505945.0,368344700.0,885033444.0,0.08305442635905633,5.045999999999999,5.476,4.9704999999999995,4.269,58.585858378736866,94619167.0,4.163166666666666,4.718999999999999,False,False,6.6,368999843.9,493500264.816
2025-07-23,5.0,5.15,4.8,4.85,80742400.0,400584857.0,885033444.0,0.09123090268213638,4.9879999999999995,5.416,5.008,4.2876666666666665,55.74572108057699,98113356.85,4.186333333333334,4.7700000000000005,False,False,6.6,391600640.0,510854283.20100003
2025-07-24,4.86,4.87,4.8,4.83,49157410.0,236950149.0,885033444.0,0.05554299708475197,4.936,5.2989999999999995,5.024,4.305666666666666,54.249999810125004,95492467.6,4.208833333333334,4.820500000000001,True,False,6.6,237430290.3,499820591.24349993
2025-07-25,4.84,4.85,4.78,4.8,35259901.0,169583321.0,885033444.0,0.03984019049115165,4.903999999999999,5.119,5.0475,4.323833333333334,53.731343096458,92358813.5,4.228,4.872,True,True,6.6,169247524.79999998,487080476.66400003
2025-07-28,4.88,4.92,4.83,4.85,45911303.0,223602957.0,885033444.0,0.05187521817537101,4.87,5.01,5.0615000000000006,4.342,48.61878434235829,88979871.0,4.248166666666666,4.9225,True,True,6.6,222669819.54999998,472281467.68099993
2025-07-29,4.92,4.92,4.79,4.82,35550890.0,172076987.0,885033444.0,0.04016897919622572,4.83,4.938,5.0785,4.3595,39.999999822222215,87563198.1,4.269,4.9704999999999995,True,True,6.6,171355289.8,466539138.21900004
2025-07-30,4.78,4.81,4.72,4.76,33738219.0,160967294.0,885033444.0,0.038120840775820446,4.811999999999999,4.8999999999999995,5.099500000000001,4.375166666666667,26.69172918282547,87435996.75,4.2876666666666665,5.008,True,True,6.6,160593922.44,466695586.95899993
2025-07-31,4.73,4.76,4.66,4.68,33179818.0,156223744.0,885033444.0,0.037489903036929756,4.781999999999999,4.859,5.1145,4.39,5.140186882260437,86962152.65,4.305666666666666,5.024,True,True,6.6,155281548.23999998,465117847.071
2025-08-01,4.68,4.75,4.67,4.75,28154202.0,132459305.0,885033444.0,0.031811455477607914,4.772,4.837999999999999,5.1274999999999995,4.4048333333333325,11.61290312091569,84716947.45,4.323833333333334,5.0475,True,True,6.6,133732459.5,455402880.3490001
2025-08-04,4.73,4.78,4.68,4.77,20584226.0,97266203.0,885033444.0,0.023258133508455302,4.755999999999999,4.813000000000001,5.141,4.4206666666666665,17.094016889473266,83468616.45,4.342,5.0615000000000006,True,True,6.6,98186758.02,450063277.9
2025-08-05,4.76,4.79,4.72,4.78,22712863.0,108319908.0,885033444.0,0.025663282166317775,4.747999999999999,4.789,5.132499999999999,4.4365,26.923076439842234,81661006.8,4.3595,5.0785,True,True,6.6,108567485.14,440922550.79700005
2025-08-06,4.79,4.82,4.72,4.75,22733703.0,107853075.0,885033444.0,0.02568682929907449,4.746,4.779,5.097499999999999,4.452166666666667,27.631578438365665,80155170.75,4.375166666666667,5.099500000000001,True,True,6.6,107985089.25,431920064.71949995
2025-08-07,4.72,4.73,4.68,4.7,23078192.0,108534348.0,885033444.0,0.026076067697166028,4.75,4.766,5.0325,4.466833333333333,30.882352305363355,78188828.0,4.39,5.1145,True,True,6.6,108467502.4,418621925.7395
2025-08-08,4.7,5.15,4.66,4.88,126389222.0,621967620.0,885033444.0,0.14280728356294747,4.776000000000001,4.774,4.9465,4.485666666666666,41.24999927812503,76704768.6,4.4048333333333325,5.1274999999999995,True,True,6.6,616779403.36,397957660.60749996
2025-08-11,4.8,4.83,4.6,4.7,89369158.0,417506974.0,885033444.0,0.10097828348281039,4.7620000000000005,4.759,4.8845,4.501166666666667,33.67346890670558,68921695.8,4.4206666666666665,5.141,True,True,5.94,420035042.6,346185320.37950003
2025-08-12,4.76,4.77,4.65,4.66,42811000.0,200275917.0,885033444.0,0.04837218332282593,4.738,4.743,4.8405000000000005,4.514666666666667,38.823528772318376,58893558.3,4.4365,5.132499999999999,True,True,5.54,199499260.0,288745754.62950003
2025-08-13,4.66,4.68,4.62,4.63,34267813.0,158877848.0,885033444.0,0.038719229462248435,4.714,4.73,4.8149999999999995,4.5264999999999995,38.37209239859384,52973551.15,4.452166666666667,5.097499999999999,True,True,5.14,158659974.19,257443088.64699998
2025-08-14,4.63,4.63,4.55,4.55,35571931.0,163129884.0,885033444.0,0.04019275343904405,4.684,4.7170000000000005,4.787999999999999,4.537833333333333,36.26373570583264,49130527.45,4.466833333333333,5.0325,True,True,5.09,161852286.04999998,236921655.877
2025-08-15,4.55,4.59,4.55,4.58,21072595.0,96274944.0,885033444.0,0.023809942034235716,4.624,4.7,4.769,4.551333333333333,34.831460126246725,46041962.15,4.485666666666666,4.9465,True,True,5.02,96512485.10000001,221201992.68399996
2025-08-18,4.58,4.65,4.57,4.63,31472282.0,145584448.0,885033444.0,0.035560556737559854,4.609999999999999,4.686,4.7495,4.566,39.56043895181742,44263153.65,4.501166666666667,4.8845,True,True,5.02,145716665.66,211658664.515
2025-08-19,4.64,4.65,4.6,4.62,30679000.0,141900453.0,885033444.0,0.034664226767909576,4.601999999999999,4.67,4.7295,4.5794999999999995,41.86046443482967,42121806.4,4.514666666666667,4.8405000000000005,True,True,5.02,141736980.0,200295521.32
2025-08-20,4.61,4.65,4.59,4.65,26333435.0,121762732.0,885033444.0,0.029754169380292933,4.606,4.66,4.7195,4.593333333333334,48.148147315957985,39401358.15,4.5264999999999995,4.8149999999999995,True,True,4.88,122450472.75000001,186838012.9575
2025-08-21,4.65,4.75,4.64,4.67,33895316.0,158819511.0,885033444.0,0.03829834480243664,4.63,4.657,4.7115,4.608333333333333,44.73684128116344,38638253.45,4.537833333333333,4.787999999999999,True,True,4.88,158291125.72,182881054.7285
2025-08-22,4.67,4.68,4.6,4.66,27264300.0,126440408.0,885033444.0,0.030805954492268882,4.646,4.635,4.7045,4.620166666666666,42.66666587022228,38238473.4,4.551333333333333,4.769,True,True,4.88,127051638.0,180771260.3885
2025-08-25,4.68,4.68,4.62,4.65,26467929.0,123081784.0,885033444.0,0.02990613425903485,4.65,4.63,4.6945,4.632333333333333,41.33333256177779,37266304.7,4.566,4.7495,True,True,4.88,123075869.85000001,175791562.90350002
2025-08-26,4.63,4.67,4.61,4.65,22020100.0,102432057.0,885033444.0,0.024880528695591306,4.656000000000001,4.629,4.686,4.643666666666666,43.05555471836423,36589765.2,4.5794999999999995,4.7295,True,True,4.88,102393465.00000001,172343471.6635
2025-08-27,4.65,4.72,4.49,4.49,34941509.0,160489340.0,885033444.0,0.0394804391143438,4.6240000000000006,4.615,4.6725,4.652666666666667,37.34939696037161,36649929.7,4.593333333333334,4.7195,True,True,4.88,156887375.41,172158144.31199998
2025-08-28,4.48,4.53,4.35,4.46,32832003.0,145410876.0,885033444.0,0.03709690658876389,4.582000000000001,4.606,4.6615,4.660166666666667,19.11764666522491,36632538.95,4.608333333333333,4.7115,True,True,4.88,146430733.38,171715603.569
2025-08-29,4.45,4.49,4.41,4.42,16454546.0,73090546.0,885033444.0,0.018592004755924228,4.534000000000001,4.590000000000001,4.6450000000000005,4.667666666666666,24.074073449931404,36047556.15,4.620166666666666,4.7045,True,True,4.88,72729093.32,168665435.26000002
2025-09-01,4.44,4.79,4.42,4.63,62784321.0,290873223.0,885033444.0,0.07094005478057391,4.529999999999999,4.59,4.638,4.675166666666667,47.88732299940488,38157560.9,4.632333333333333,4.6945,True,True,4.88,290691406.23,178290667.6705
2025-09-02,4.53,4.81,4.45,4.7,74918715.0,345986417.0,885033444.0,0.08465071631801521,4.540000000000001,4.598000000000001,4.634,4.684333333333333,54.66666564622227,40767853.5,4.643666666666666,4.686,True,True,4.88,352117960.5,190468191.43850002
2025-09-03,4.68,4.9,4.66,4.74,80958480.0,387618912.0,885033444.0,0.09147505164787874,4.59,4.607,4.6335,4.6935,63.380280440388866,43679092.35,4.652666666666667,4.6725,False,True,4.88,383743195.2,204256096.736
2025-09-04,4.73,4.9,4.6,4.82,71762973.0,340853504.0,885033444.0,0.08108504089479357,4.662000000000001,4.622000000000001,4.6395,4.704,65.78947247229921,46113331.4,4.660166666666667,4.6615,False,False,4.88,345897529.86,216127598.10900003
2025-09-05,4.81,4.83,4.65,4.83,48314047.0,230032028.0,885033444.0,0.054590080552933316,4.744,4.639,4.637,4.716666666666667,63.88888764660498,42209572.65,4.667666666666666,4.6450000000000005,False,False,4.88,233356847.01,196956470.2915
2025-09-08,4.79,5.12,4.75,4.96,76849544.0,378141850.0,885033444.0,0.08683236155762719,4.8100000000000005,4.67,4.65,4.729333333333334,70.23809406746034,41583591.95,4.675166666666667,4.638,False,False,4.83,381173738.24,195013405.0735
2025-09-09,4.91,4.98,4.8,4.84,50080741.0,244494141.0,885033444.0,0.0565862695240701,4.838,4.689,4.659,4.7395000000000005,60.21505285697768,41947079.0,4.684333333333333,4.634,False,False,4.96,242390786.44,197157981.3955
2025-09-10,4.84,4.9,4.8,4.82,33803312.0,163895457.0,885033444.0,0.03819438940885945,4.854,4.7219999999999995,4.6685,4.751166666666666,58.064515254942805,41923853.95,4.6935,4.6335,False,False,4.96,162931963.84,197371580.878
2025-09-11,4.8,4.82,4.68,4.76,42663781.0,201771726.0,885033444.0,0.04820584045635229,4.8420000000000005,4.752000000000001,4.679,4.7625,55.10204002915451,42278446.45,4.704,4.6395,False,False,4.96,203079597.56,199432946.4535
2025-09-12,4.74,4.88,4.73,4.8,42392762.0,203219702.0,885033444.0,0.0478996158703354,4.836,4.79,4.69,4.777,57.42574177825701,43344454.8,4.716666666666667,4.637,False,False,4.96,203485257.6,204781585.0785
2025-09-15,4.76,4.78,4.66,4.66,30710001.0,144249874.0,885033444.0,0.03469925482273639,4.776000000000001,4.793000000000001,4.6915000000000004,4.787833333333334,50.43478199470698,43306340.75,4.729333333333334,4.65,False,False,4.96,143108604.66,204651182.02850002
2025-09-16,4.66,4.71,4.62,4.69,21667187.0,101180404.0,885033444.0,0.02448177201312632,4.746,4.792,4.695,4.798333333333334,59.80392074778933,42855750.1,4.7395000000000005,4.659,True,False,4.96,101619107.03,202645288.38000003
2025-09-17,4.68,4.69,4.62,4.65,20999067.0,97529079.0,885033444.0,0.023726862687914425,4.712000000000001,4.7829999999999995,4.695,4.8075,59.22330016589691,42589031.7,4.751166666666666,4.6685,True,True,4.96,97645661.55000001,201405047.82
2025-09-18,4.63,4.65,4.49,4.51,30535573.0,139989519.0,885033444.0,0.034502168485284944,4.662,4.752,4.686999999999999,4.8075,53.98230021614848,42421044.55,4.7625,4.679,True,True,4.96,137715434.23,200376263.2455
2025-09-19,4.51,4.53,4.46,4.52,17863701.0,80367647.0,885033444.0,0.020184210123476418,4.606,4.721,4.68,4.810666666666667,44.0860208417158,41951014.6,4.777,4.69,True,True,4.96,80743928.52,198060877.7715
2025-09-22,4.53,4.53,4.42,4.46,14137601.0,63026311.0,885033444.0,0.01597408673744989,4.566,4.671,4.6705,4.808833333333334,36.95652117674857,41334498.2,4.787833333333334,4.6915000000000004,True,True,4.96,63053700.46,195059769.302
2025-09-23,4.44,4.45,4.29,4.36,19980896.0,86815735.0,885033444.0,0.022576430456338777,4.5,4.623,4.656000000000001,4.8068333333333335,30.612244460641406,41232538.0,4.798333333333334,4.695,True,True,4.96,87116706.56,194295931.38
2025-09-24,4.33,4.41,4.3,4.41,10903162.0,47791554.0,885033444.0,0.012319491510650754,4.452,4.582,4.651999999999999,4.807999999999999,28.421052212742367,40030620.65,4.8075,4.695,True,True,4.96,48082944.42,188855709.8305
2025-09-25,4.41,4.44,4.35,4.38,12424862.0,54617097.0,885033444.0,0.014038861564196438,4.426,4.544,4.648000000000001,4.807999999999999,26.80412332447655,39010263.6,4.8075,4.686999999999999,True,True,4.96,54420895.56,184255217.9395
2025-09-26,4.38,4.41,4.31,4.35,12392768.0,54152510.0,885033444.0,0.014002598527790776,4.392,4.4990000000000006,4.6445,4.805666666666666,14.942528495177683,38807174.7,4.810666666666667,4.68,True,True,4.96,53908540.8,183314190.3135
2025-09-29,4.34,4.36,4.26,4.34,16150800.0,69643781.0,885033444.0,0.018248801906292706,4.368,4.467,4.630000000000001,4.802999999999999,17.10526284279777,36475498.65,4.808833333333334,4.6705,True,True,4.96,70094472.0,172284343.602
2025-09-30,4.36,4.39,4.31,4.31,11951100.0,51976864.0,885033444.0,0.013503557499461003,4.358,4.429,4.6105,4.792333333333333,16.883116576151096,33327117.9,4.8068333333333335,4.656000000000001,True,True,4.96,51509240.99999999,157253907.627
2025-10-09,4.32,4.33,4.2,4.22,24854140.0,105295077.0,885033444.0,0.028082712770343625,4.32,4.386,4.5845,4.771833333333333,16.249999715624995,30521900.9,4.807999999999999,4.651999999999999,True,True,4.96,104884470.8,143310971.407
2025-10-10,4.21,4.28,4.2,4.24,14646776.0,62299370.0,885033444.0,0.016549403979359677,4.292,4.359,4.5555,4.742500000000001,14.102563849441196,27666091.05,4.807999999999999,4.648000000000001,True,True,4.96,62102330.24,129121211.426
2025-10-13,4.16,4.24,4.06,4.22,18471101.0,77150900.0,885033444.0,0.020870511871865487,4.266,4.329,4.525,4.7028333333333325,16.666666313131344,26173943.75,4.805666666666666,4.6445,True,True,4.96,77948046.22,121350771.3865
2025-10-14,4.22,4.28,4.19,4.21,13992677.0,59257552.0,885033444.0,0.015810336993321576,4.24,4.304,4.4875,4.674,12.499999726562507,23031100.4,4.802999999999999,4.630000000000001,True,True,4.96,58909170.17,105237542.983
2025-10-15,4.22,4.27,4.18,4.27,11572501.0,49171324.0,885033444.0,0.013075778184942806,4.232,4.295,4.4590000000000005,4.652833333333334,21.212120762167075,21105688.4,4.792333333333333,4.6105,True,True,4.84,49414579.269999996,95588732.62449999
2025-10-16,4.28,4.28,4.22,4.24,12200300.0,51847063.0,885033444.0,0.013785128779833997,4.236,4.2780000000000005,4.43,4.637833333333334,25.45454480661158,20025537.8,4.771833333333333,4.5845,True,True,4.82,51729272.0,90028598.0325
2025-10-17,4.24,4.29,4.2,4.2,13988100.0,59321843.0,885033444.0,0.01580516543734137,4.228,4.26,4.402,4.623,22.413792562425712,18591753.75,4.742500000000001,4.5555,True,True,4.8,58750020.0,82812119.1545
2025-10-20,4.22,4.28,4.2,4.28,10264599.0,43570896.0,885033444.0,0.011597978663504607,4.24,4.253,4.376,4.611666666666666,34.99999918333337,16985345.6,4.7028333333333325,4.525,True,True,4.8,43932483.720000006,74834480.46049999
2025-10-21,4.28,4.35,4.27,4.35,13209880.0,56999773.0,885033444.0,0.01492585403360192,4.268,4.254,4.3605,4.600499999999999,49.12280581101875,16110339.55,4.674,4.4875,True,True,4.69,57462977.99999999,70552199.1275
2025-10-22,4.36,4.39,4.33,4.37,13841908.0,60536682.0,885033444.0,0.015639982978993505,4.288,4.26,4.3445,4.589666666666667,46.29629509602197,15719075.6,4.652833333333334,4.4590000000000005,True,True,4.69,60489137.96,68495700.674
2025-10-23,4.37,4.43,4.33,4.43,15474810.0,67902538.0,885033444.0,0.01748500026175282,4.3260000000000005,4.281000000000001,4.333499999999999,4.582666666666667,54.3859635764851,15442862.75,4.637833333333334,4.43,False,True,4.65,68553408.3,67041088.011499986
2025-10-24,4.42,4.43,4.34,4.35,13071924.0,57185804.0,885033444.0,0.014769977438276332,4.356,4.292,4.3255,4.574666666666666,49.999998870967765,14569680.3,4.623,4.402,False,False,4.52,56862869.4,62998459.77
2025-10-27,4.39,4.39,4.29,4.33,13540000.0,58593065.0,885033444.0,0.015298856887039853,4.3660000000000005,4.303,4.316000000000001,4.566833333333333,49.206348112874814,14353495.25,4.611666666666666,4.376,False,False,4.52,58628200.0,61892673.344000004
2025-10-28,4.33,4.36,4.3,4.32,9597692.0,41597314.0,885033444.0,0.010844439907968044,4.36,4.314,4.308999999999999,4.558000000000001,50.8196709647945,14126499.8,4.600499999999999,4.3605,False,False,4.46,41462029.440000005,60813089.793000005
2025-10-29,4.32,4.35,4.27,4.31,12137199.0,52201488.0,885033444.0,0.013713830909196692,4.348,4.318,4.3065,4.5495,58.49056449270206,13734314.95,4.589666666666667,4.3445,False,False,4.43,52311327.69,59072820.8495
2025-10-30,4.31,4.34,4.26,4.26,11805599.0,50661912.0,885033444.0,0.013339155802568744,4.314,4.32,4.299,4.541166666666667,51.78571299107143,13779436.8,4.582666666666667,4.333499999999999,False,False,4.43,50291851.739999995,59183266.2155
2025-10-31,4.26,4.39,4.24,4.38,22385500.0,97220132.0,885033444.0,0.02529339444939665,4.32,4.337999999999999,4.2989999999999995,4.536166666666667,62.12121080348951,14277468.7,4.574666666666666,4.3255,True,False,4.43,98048490.0,61364645.9375
2025-11-03,4.37,4.48,4.37,4.48,18726634.0,83094646.0,885033444.0,0.021159238814030625,4.35,4.358,4.3055,4.531666666666667,67.99999873066675,14594162.0,4.566833333333333,4.316000000000001,False,True,4.43,83895320.32000001,62863984.913499996
2025-11-04,4.47,4.5,4.43,4.49,18413100.0,82355526.0,885033444.0,0.020804976495328916,4.3839999999999995,4.372,4.313,4.527,65.71428440000008,14707277.0,4.558000000000001,4.308999999999999,False,False,4.48,82674819.0,63493002.2635
2025-11-05,4.45,4.57,4.44,4.54,19626083.0,88835285.0,885033444.0,0.02217552696234607,4.43,4.389,4.3245000000000005,4.523,70.83333195601854,15091026.15,4.5495,4.3065,False,False,4.49,89102416.82000001,65372661.0545
2025-11-06,4.53,4.55,4.47,4.47,16447142.0,73808910.0,885033444.0,0.018583638970370932,4.472,4.393,4.337000000000001,4.5183333333333335,67.99999873066668,14670676.25,4.541166666666667,4.299,False,False,4.54,73518724.74,63804373.751499996
2025-11-07,4.47,4.51,4.45,4.45,8769013.0,39224716.0,885033444.0,0.009908114839556278,4.486,4.4030000000000005,4.3475,4.514166666666667,62.31883931526994,14376788.1,4.536166666666667,4.2989999999999995,False,False,4.54,39022107.85,62650362.63199999
2025-11-10,4.46,4.55,4.44,4.53,12887900.0,58113912.0,885033444.0,0.014562048572709079,4.496,4.423,4.363,4.508333333333334,62.85714160000008,14097628.05,4.531666666666667,4.3055,False,False,4.54,58382187.0,61672069.67099999
2025-11-11,4.53,4.56,4.5,4.55,10894294.0,49413059.0,885033444.0,0.012309471550320306,4.508,4.446,4.380000000000001,4.5058333333333325,62.85714160000003,13942708.9,4.527,4.313,False,False,4.54,49569037.699999996,61205063.0475
2025-11-12,4.55,4.56,4.49,4.51,9888800.0,44653083.0,885033444.0,0.011173363071237792,4.502000000000001,4.466,4.3919999999999995,4.503333333333333,55.88235179065747,13858523.85,4.523,4.3245000000000005,False,False,4.55,44598488.0,60964258.484000005
2025-11-13,4.53,4.54,4.48,4.54,9762410.0,44095710.0,885033444.0,0.011030554908612019,4.516,4.494000000000001,4.407,4.501833333333334,65.07936363315703,13736629.35,4.5183333333333335,4.337000000000001,False,False,4.55,44321341.4,60593861.95400001
2025-11-14,4.52,4.59,4.51,4.55,12495000.0,57011176.0,885033444.0,0.014118110546791946,4.536,4.511,4.4245,4.501833333333334,67.74193395421437,13661974.35,4.514166666666667,4.3475,False,False,4.55,56852250.0,60498973.45400001
2025-11-17,4.58,4.61,4.52,4.61,14232900.0,65181303.0,885033444.0,0.01608176515417648,4.552,4.523999999999999,4.441,4.502333333333334,71.64178954778347,13860389.4,4.508333333333334,4.363,False,False,4.55,65613669.00000001,61583032.71800001
2025-11-18,4.61,4.65,4.56,4.62,20676718.0,95322467.0,885033444.0,0.023362640293624882,4.566000000000001,4.537000000000001,4.4545,4.502166666666667,73.13432683002904,14233731.3,4.5058333333333325,4.380000000000001,False,False,4.61,95526437.16,63486205.676
2025-11-19,4.62,4.64,4.5,4.51,20011125.0,91071626.0,885033444.0,0.02261058622774486,4.566,4.534,4.461499999999999,4.500333333333334,67.12328638393697,14542192.15,4.503333333333333,4.3919999999999995,False,False,4.62,90250173.75,64974257.4655
2025-11-20,4.52,4.57,4.47,4.49,13404500.0,60509701.0,885033444.0,0.015145755328089048,4.556,4.536,4.4645,4.497666666666666,58.730157425044155,14438676.65,4.501833333333334,4.407,False,False,4.62,60186205.0,64555897.3005
2025-11-21,4.46,4.62,4.41,4.48,24257565.0,109377018.0,885033444.0,0.02740864219815856,4.542,4.539,4.471,4.4945,49.99999870370374,14997958.7,4.501833333333334,4.4245,False,False,4.62,108673891.2,67146448.3905
2025-11-24,4.48,4.65,4.44,4.65,36943244.0,169164459.0,885033444.0,0.04174220110036881,4.55,4.551,4.487,4.4943333333333335,61.428570200000046,16168120.9,4.502333333333334,4.441,False,False,4.62,171786084.60000002,72804342.6205
2025-11-25,4.66,4.74,4.61,4.7,45328800.0,212750874.0,885033444.0,0.05121704756730074,4.566000000000001,4.566000000000001,4.506,4.495166666666667,61.428570200000046,17954676.3,4.502166666666667,4.4545,False,False,4.65,213045360.0,81383509.1485
2025-11-26,4.68,4.75,4.64,4.67,28640800.0,134221083.0,885033444.0,0.03236126294906433,4.598,4.582,4.524,4.495499999999999,65.15151376951337,18779856.35,4.500333333333334,4.461499999999999,False,False,4.7,133752536.0,85455569.56400001
2025-11-27,4.67,4.67,4.59,4.59,17538200.0,81021941.0,885033444.0,0.019816426281852463,4.618,4.587,4.5405,4.497166666666667,59.7222210609568,19066486.4,4.497666666666666,4.4645,False,False,4.7,80500338.0,86965993.877
2025-11-28,4.56,4.67,4.56,4.61,20890600.0,96111614.0,885033444.0,0.023604305737399908,4.644,4.593000000000001,4.5520000000000005,4.499666666666667,56.060604871441726,18991741.4,4.4945,4.471,False,False,4.7,96305666.0,86878852.67700002
2025-12-01,4.61,4.61,4.52,4.53,18190900.0,83028248.0,885033444.0,0.020553912536665678,4.62,4.585,4.5545,4.501499999999999,48.61111016589511,18964954.7,4.4943333333333335,4.487,False,False,4.7,82404777.0,86804325.511
2025-12-02,4.52,4.53,4.4,4.5,21363173.0,95561270.0,885033444.0,0.024138266350079308,4.58,4.5729999999999995,4.555000000000001,4.499333333333333,49.295773675858,19112458.35,4.495166666666667,4.506,True,False,4.7,96134278.5,87477298.486
2025-12-03,4.5,4.54,4.4,4.42,18194180.0,80859158.0,885033444.0,0.02055761861130301,4.53,4.564,4.549,4.494666666666666,42.10526238227148,19040863.2,4.495499999999999,4.524,True,True,4.7,80418275.6,87043091.425
2025-12-04,4.4,4.42,4.27,4.3,17634100.0,76172235.0,885033444.0,0.019924783768962295,4.4719999999999995,4.545,4.5405,4.487333333333334,35.63218333465454,19100211.1,4.497166666666667,4.5405,True,True,4.7,75826630.0,87158486.688
2025-12-05,4.3,4.32,4.24,4.32,12264800.0,52625239.0,885033444.0,0.013858007381696189,4.414,4.529000000000001,4.534,4.479,32.53011993322691,19275000.45,4.499666666666667,4.5520000000000005,True,True,4.7,52983936.0,87856578.0955
2025-12-08,4.34,4.37,4.3,4.31,11789000.0,51124039.0,885033444.0,0.01332040057912207,4.37,4.494999999999999,4.523,4.4703333333333335,31.32530067644072,19220055.45,4.501499999999999,4.5545,True,True,4.7,50810589.99999999,87477998.2455
2025-12-09,4.31,4.4,4.29,4.34,15205320.0,66277364.0,885033444.0,0.017180503294065348,4.338,4.4590000000000005,4.5125,4.459999999999999,38.66666594488893,19435606.75,4.499333333333333,4.555000000000001,True,True,4.7,65991088.8,88299100.8005
2025-12-10,4.34,4.38,4.29,4.32,11560200.0,50051084.0,885033444.0,0.013061879275152002,4.318,4.424,4.503,4.451333333333333,38.66666594488893,19519176.75,4.494666666666666,4.549,True,True,4.7,49940064.0,88566179.6005
2025-12-11,4.31,4.32,4.18,4.18,16662100.0,70527544.0,885033444.0,0.01882652018741113,4.294,4.383000000000001,4.485,4.440666666666667,32.95454493026861,19864161.25,4.487333333333334,4.5405,True,True,4.7,69647578.0,89832491.4305
2025-12-12,4.19,4.21,4.11,4.12,14883400.0,61820321.0,885033444.0,0.01681676562722075,4.254,4.334,4.463500000000001,4.430000000000001,15.584415301062663,19983581.25,4.479,4.534,True,True,4.7,61319608.0,90055859.33049999
2025-12-15,4.12,4.16,4.06,4.15,10511089.0,43303050.0,885033444.0,0.011876487912698585,4.2219999999999995,4.296,4.4405,4.419166666666667,13.33333308444459,19797490.7,4.4703333333333335,4.523,True,True,4.7,43621019.35,88956226.848
2025-12-16,4.12,4.14,4.06,4.07,12027200.0,49117178.0,885033444.0,0.013589542950650348,4.168,4.253,4.413,4.4093333333333335,12.499999781250139,19365014.8,4.459999999999999,4.5125,True,True,4.7,48950704.0,86627440.19000001
2025-12-17,4.07,4.08,3.99,4.08,11306925.0,45688257.0,885033444.0,0.012775703649002443,4.12,4.218999999999999,4.3915,4.399166666666667,15.068492861700264,18929804.8,4.451333333333333,4.503,True,True,4.7,46132254.0,84421544.20250002
2025-12-18,4.05,4.19,4.05,4.14,11339723.0,46980756.0,885033444.0,0.012812762135574167,4.112,4.203,4.3740000000000006,4.390666666666666,19.480519126328232,18826565.95,4.440666666666667,4.485,True,True,4.7,46946453.22,83759556.6135
2025-12-19,4.14,4.33,4.12,4.26,17030600.0,72169498.0,885033444.0,0.019242888633709078,4.14,4.197,4.3629999999999995,4.3865,33.333332757201646,18465217.7,4.430000000000001,4.463500000000001,True,True,4.7,72550356.0,81953379.8535
2025-12-22,4.26,4.27,4.2,4.21,12088008.0,51060146.0,885033444.0,0.013658249958743932,4.151999999999999,4.187,4.341,4.381333333333333,32.53011993322691,17222455.9,4.419166666666667,4.4405,True,True,4.7,50890513.68,75908601.30749999
2025-12-23,4.2,4.22,4.13,4.14,9364400.0,39024545.0,885033444.0,0.010580843089586116,4.1659999999999995,4.167,4.313000000000001,4.376,32.926828706127324,15424235.9,4.4093333333333335,4.413,True,True,4.7,38768616.0,67194764.10749999
2025-12-24,4.13,4.18,4.11,4.16,5526750.0,22979288.0,885033444.0,0.006244679268866138,4.182,4.151,4.2875,4.372666666666666,40.277776994598824,14268533.4,4.399166666666667,4.3915,True,True,4.67,22991280.0,61656701.30749999
2025-12-25,4.17,4.18,4.14,4.16,6838200.0,28430702.0,885033444.0,0.007726487678357158,4.186,4.148999999999999,4.266,4.3685,38.57142780000002,13733533.4,4.390666666666666,4.3740000000000006,True,True,4.61,28446912.0,59054030.00749999
2025-12-26,4.16,4.18,4.12,4.13,8850300.0,36734324.0,885033444.0,0.009999961086216308,4.159999999999999,4.15,4.242,4.364333333333334,37.49999927083338,13131518.4,4.3865,4.3629999999999995,True,True,4.61,36551739.0,56066333.65749999
2025-12-29,4.12,4.18,4.1,4.12,8661316.0,35718335.0,885033444.0,0.009786427912660892,4.1419999999999995,4.147,4.2215,4.3605,34.28571360000004,12655039.2,4.381333333333333,4.341,True,True,4.53,35684621.92,53730325.9035
2025-12-30,4.12,4.18,4.09,4.1,11244500.0,46443769.0,885033444.0,0.012705169591308687,4.134,4.15,4.2015,4.3565000000000005,34.285713599999994,12149105.55,4.376,4.313000000000001,True,True,4.5,46102449.99999999,51228734.47849999
2025-12-31,4.13,4.18,4.08,4.15,13759512.0,56949924.0,885033444.0,0.015546883672341765,4.132,4.157,4.188,4.353833333333333,47.54098251545291,11927372.15,4.372666666666666,4.2875,True,True,4.42,57101974.800000004,50062919.4385
2026-01-05,4.16,4.26,4.14,4.23,14979800.0,62852276.0,885033444.0,0.016925688064732613,4.146,4.166,4.1845,4.354,58.730157425044126,11794657.15,4.3685,4.266,True,True,4.34,63364554.00000001,49439815.6385
2026-01-06,4.22,4.29,4.21,4.27,12590101.0,53685306.0,885033444.0,0.01422556524315933,4.174,4.167,4.182,4.3545,59.37499870117183,11810922.2,4.364333333333334,4.242,False,True,4.34,53759731.269999996,49478605.401999995
2026-01-07,4.26,4.32,4.21,4.22,12131900.0,51606145.0,885033444.0,0.013707843564835951,4.194,4.167999999999999,4.1775,4.354500000000001,62.29508053748991,11828067.2,4.3605,4.2215,False,False,4.34,51196618.0,49497906.802
2026-01-08,4.21,4.32,4.19,4.29,14110959.0,60291127.0,885033444.0,0.01594398392022799,4.232,4.183000000000001,4.175,4.355833333333333,65.67164041880153,11773349.15,4.3565000000000005,4.2015,False,False,4.34,60536014.11,49225153.0675
2026-01-09,4.3,4.46,4.27,4.45,29898700.0,130969309.0,885033444.0,0.03378256517049767,4.292,4.212,4.181500000000001,4.358833333333333,70.1298688547816,12690274.15,4.353833333333333,4.188,False,False,4.32,133049215.0,53380610.6175
2026-01-12,4.51,4.9,4.5,4.81,93593916.0,442731775.0,885033444.0,0.10575184094399036,4.4079999999999995,4.277,4.212999999999999,4.368333333333333,77.22772170179393,16536864.95,4.354,4.1845,False,False,4.45,450186735.96,72407568.5155
2026-01-13,4.82,4.98,4.67,4.76,98398840.0,476840177.0,885033444.0,0.11118092843506149,4.506,4.34,4.244999999999999,4.377666666666667,77.22772170179393,20712636.95,4.3545,4.182,False,False,4.81,468378478.4,92760512.0355
2026-01-14,4.76,5.09,4.72,4.96,87012623.0,424819358.0,885033444.0,0.09831563269150312,4.654000000000001,4.424,4.285500000000001,4.389,85.9649112249923,24537713.65,4.354500000000001,4.1775,False,False,4.81,431582610.08,112158591.57199998
2026-01-15,4.84,4.95,4.68,4.77,57067800.0,272259493.0,885033444.0,0.06448095310621957,4.75,4.491,4.3205,4.396,73.28244196492044,26789743.65,4.355833333333333,4.175,False,False,4.96,272213406.0,123321726.67199998
2026-01-16,4.76,4.78,4.47,4.5,43544600.0,198568149.0,885033444.0,0.049201078552688,4.76,4.526000000000001,4.3415,4.398166666666667,60.75949313251081,28401627.4,4.358833333333333,4.181500000000001,False,False,4.96,195950700.0,130812648.97199997
2026-01-19,4.51,4.52,4.43,4.45,24947600.0,111434091.0,885033444.0,0.02818831329949154,4.688000000000001,4.548,4.357,4.398499999999999,59.99999947500002,29082021.25,4.368333333333333,4.212999999999999,False,False,4.96,111016820.0,134016167.31100002
2026-01-20,4.5,4.6,4.44,4.52,29849801.0,134845920.0,885033444.0,0.0337273141510797,4.64,4.573,4.37,4.401333333333334,62.048192247786325,29722981.3,4.377666666666667,4.244999999999999,False,False,4.96,134921100.51999998,137134704.537
2026-01-21,4.47,4.64,4.44,4.54,23832500.0,108181375.0,885033444.0,0.026928360912878677,4.556,4.605,4.3865,4.4048333333333325,63.25301151473365,30310205.9,4.389,4.285500000000001,False,False,4.96,108199550.0,140000156.353
2026-01-22,4.53,4.62,4.48,4.58,21580500.0,98697753.0,885033444.0,0.024383824302124338,4.517999999999999,4.6339999999999995,4.408499999999999,4.409166666666667,63.030302495500464,30921010.9,4.396,4.3205,False,False,4.96,98838690.0,143003660.05299997
2026-01-23,4.59,5.04,4.57,5.04,122173207.0,607288435.0,885033444.0,0.13804360482449746,4.6259999999999994,4.693,4.4525,4.421333333333333,69.95073843383727,36753333.75,4.398166666666667,4.3415,False,False,4.96,615752963.28,172641744.21699998
2026-01-26,5.24,5.48,4.9,5.04,156954002.0,798648461.0,885033444.0,0.17734245306101676,4.744,4.715999999999999,4.4965,4.434333333333333,69.34673318047525,44259123.85,4.398499999999999,4.357,False,False,5.04,791048170.08,210771807.121
2026-01-27,4.87,5.08,4.81,4.93,76046036.0,374063358.0,885033444.0,0.08592447722235455,4.826,4.733,4.5365,4.4435,67.31707271100535,47618910.65,4.401333333333334,4.37,False,False,5.04,374906957.47999996,227689568.045
2026-01-28,5.0,5.06,4.8,4.8,45797617.0,223142466.0,885033444.0,0.05174676427256008,4.878,4.7170000000000005,4.5705,4.448833333333334,62.0853076449316,49475725.7,4.4048333333333325,4.3865,False,False,5.04,219828561.6,236896765.02899998
2026-01-29,4.84,5.28,4.78,5.28,43911601.0,227309816.0,885033444.0,0.049615753277680655,5.018000000000001,4.768000000000001,4.629499999999999,4.462,67.07818891395283,51109080.75,4.409166666666667,4.408499999999999,False,False,5.04,231853253.28,246184305.193
2026-01-30,5.3,5.33,5.06,5.13,148161307.0,765756079.0,885033444.0,0.1674075799106186,5.036,4.831,4.6785000000000005,4.4718333333333335,57.207206846441046,57829170.5,4.421333333333333,4.4525,False,False,5.28,760067504.91,281332581.69850004
2026-02-02,4.88,5.15,4.88,5.0,82878243.0,417135356.0,885033444.0,0.09364419340519295,5.0280000000000005,4.886,4.7170000000000005,4.480666666666666,55.21739096824197,61224092.65,4.434333333333333,4.4965,False,False,5.28,414391215.0,298883914.7485
2026-02-03,5.09,5.5,5.08,5.3,150667918.0,806170905.0,885033444.0,0.17023980169499675,5.101999999999999,4.964,4.7685,4.494833333333333,57.08333300034722,68127983.5,4.4435,4.5365,False,False,5.28,798539965.4,336122926.455
2026-02-04,5.38,5.4,5.09,5.17,110642405.0,574080198.0,885033444.0,0.12501494237318336,5.176,5.026999999999999,4.816000000000001,4.5055000000000005,58.54700819672731,73053508.75,4.448833333333334,4.5705,False,False,5.3,572021233.85,362164157.2475
2026-02-05,5.08,5.43,5.08,5.29,99513469.0,524151459.0,885033444.0,0.11244034863839564,5.178,5.098,4.866,4.517833333333333,68.03652924542858,77323634.25,4.462,4.629499999999999,False,False,5.3,526426251.01,385458669.09250003
2026-02-06,5.18,5.27,4.92,5.09,70170123.0,357711838.0,885033444.0,0.07928527839903866,5.17,5.103,4.898,4.527500000000001,63.675213294250845,79337205.4,4.4718333333333335,4.6785000000000005,False,False,5.3,357165926.07,396664504.646
2026-02-09,5.21,5.43,5.06,5.29,67119078.0,351165191.0,885033444.0,0.07583790020030022,5.228,5.128,4.922,4.54,65.58704416266453,78013463.5,4.480666666666666,4.7170000000000005,False,False,5.3,355059922.62,391908163.979
2026-02-10,5.4,5.67,5.29,5.43,114298411.0,623716779.0,885033444.0,0.12914586649224977,5.2540000000000004,5.178,4.9555,4.554666666666666,67.18146681832411,78808442.05,4.494833333333333,4.7685,False,False,5.3,620640371.73,399521258.6455
2026-02-11,5.43,5.46,5.17,5.19,71136855.0,372913883.0,885033444.0,0.08037758966315402,5.258,5.217,4.9670000000000005,4.564333333333333,60.9318993358256,78014653.65,4.5055000000000005,4.816000000000001,False,False,5.43,369200277.45000005,396402142.014
2026-02-12,5.11,5.22,5.05,5.06,51247484.0,260808882.0,885033444.0,0.05790457337790729,5.212000000000001,5.195,4.9815,4.571666666666667,50.406503778174354,77723637.85,4.517833333333333,4.866,False,False,5.43,259312269.04,395757085.166
2026-02-13,5.09,5.12,4.82,4.82,55454246.0,272955716.0,885033444.0,0.06265779714421729,5.1579999999999995,5.164,4.9975,4.576833333333332,45.9259256877915,78319120.15,4.527500000000001,4.898,False,False,5.43,267289465.72000003,399324023.452
2026-02-24,4.86,4.89,4.69,4.71,44045592.0,209337630.0,885033444.0,0.04976714981631813,5.042,5.135,5.0104999999999995,4.580500000000001,45.9259256877915,79274019.75,4.54,4.922,True,False,5.43,207454738.32,404145919.368
2026-02-25,4.69,4.79,4.65,4.75,33541360.0,158549036.0,885033444.0,0.037898409633433015,4.906000000000001,5.08,5.022,4.585,49.042145330808424,79458597.7,4.554666666666666,4.9555,True,True,5.43,159321460.0,405365937.342
2026-02-26,4.78,4.78,4.6,4.62,27903000.0,130143719.0,885033444.0,0.03152762213582518,4.792,5.025,5.026000000000001,4.5845,35.398229869214504,79662122.7,4.564333333333333,4.9670000000000005,True,True,5.43,128911860.0,406401552.842
2026-02-27,4.62,4.66,4.6,4.66,22298900.0,103416080.0,885033444.0,0.025195545039764622,4.712,4.962000000000001,5.029999999999999,4.583833333333333,39.06976718745268,79698042.7,4.571666666666667,4.9815,True,True,5.43,103912874.0,406655262.042
2026-03-02,4.55,4.57,4.39,4.4,36435600.0,162130617.0,885033444.0,0.04116861373659005,4.628,4.893,4.998,4.579333333333334,36.84210503693445,75411162.35,4.576833333333332,4.9975,True,True,5.43,160316640.0,383883445.87799996
2026-03-03,4.39,4.44,4.25,4.26,24367305.0,105767058.0,885033444.0,0.02753263751239665,4.538,4.79,4.959,4.573833333333334,25.471697944998212,68781827.5,4.580500000000001,5.0104999999999995,True,True,5.43,103804719.3,349521273.339
2026-03-04,4.23,4.3,4.19,4.25,18145107.0,76964057.0,885033444.0,0.02050217098914513,4.438000000000001,4.672,4.925,4.567833333333334,26.99999981100001,65886781.05,4.585,5.022,True,True,5.43,77116704.75,334631760.7025
2026-03-05,4.37,4.4,4.25,4.27,18533410.0,79788303.0,885033444.0,0.020940914861065973,4.368,4.58,4.8985,4.5635,23.157894566204973,64523570.7,4.5845,5.026000000000001,True,True,5.43,79137660.69999999,327597215.65749997
2026-03-06,4.26,4.34,4.25,4.34,14911000.0,64336180.0,885033444.0,0.016847950889412943,4.304,4.508,4.8515,4.560833333333334,28.813559094130028,63073540.65,4.583833333333333,5.029999999999999,True,True,5.43,64713740.0,319240239.9935
2026-03-09,4.26,4.35,4.25,4.35,17232008.0,74045378.0,885033444.0,0.019470459694854197,4.294,4.461,4.8125,4.559666666666667,20.25316437750358,56527075.7,4.579333333333334,4.998,True,True,5.43,74959234.8,284984826.48800004
2026-03-10,4.37,4.42,4.32,4.34,17089207.0,74517258.0,885033444.0,0.019309108730132914,4.31,4.4239999999999995,4.7795,4.560333333333333,12.413792983590952,53237623.9,4.573833333333334,4.959,True,True,5.43,74167158.38,267973623.657
2026-03-11,4.34,4.35,4.26,4.27,13657865.0,58568012.0,885033444.0,0.015432032645310971,4.314,4.3759999999999994,4.728,4.5595,14.062499846191372,46387121.25,4.567833333333334,4.925,True,True,5.43,58319083.55,230962579.56450003
2026-03-12,4.27,4.29,4.21,4.23,13025100.0,55285373.0,885033444.0,0.014717070963026794,4.306,4.337000000000001,4.680999999999999,4.558166666666667,15.126050242214532,41506256.0,4.5635,4.8985,True,True,5.43,55096173.00000001,205116326.522
2026-03-13,4.22,4.26,4.15,4.17,16506900.0,69519035.0,885033444.0,0.018651159582620248,4.272,4.287999999999999,4.625,4.5553333333333335,17.821781931183196,37355927.55,4.560833333333334,4.8515,True,True,5.43,68833773.0,182236702.62150002
2026-03-16,4.15,4.29,4.15,4.28,17547700.0,74400762.0,885033444.0,0.01982716033949108,4.258,4.276,4.5845,4.554666666666667,28.71287088912854,34724806.4,4.559666666666667,4.8125,True,True,5.43,75104156.0,168133614.118
2026-03-17,4.3,4.33,4.22,4.25,12533590.0,53697723.0,885033444.0,0.014161713418820814,4.24,4.275,4.532500000000001,4.555833333333334,24.999999650000007,31995532.0,4.560333333333333,4.7795,True,True,5.43,53267757.5,153044005.86200002
2026-03-18,4.26,4.3,4.21,4.3,9966401.0,42474128.0,885033444.0,0.011261044503534039,4.2459999999999996,4.279999999999999,4.476,4.558833333333334,32.60869515595462,26778931.5,4.5595,4.728,True,True,5.43,42855524.3,124154763.49050002
2026-03-19,4.26,4.31,4.23,4.25,12814501.0,54637087.0,885033444.0,0.014479114983591513,4.25,4.2780000000000005,4.429,4.5605,27.95698882645391,23862813.8,4.558166666666667,4.680999999999999,True,True,5.19,54461629.25,108417831.0805
2026-03-20,4.26,4.28,4.13,4.14,17196936.0,71968266.0,885033444.0,0.019430831813854032,4.244,4.258,4.383,4.5616666666666665,33.3333327350427,22160286.4,4.5553333333333335,4.625,True,True,5.06,71195315.03999999,99011983.3805
2026-03-23,4.09,4.13,3.92,3.95,19842700.0,80268474.0,885033444.0,0.022420282684820214,4.178,4.218,4.3395,4.5595,31.32530067644072,20379709.1,4.554666666666667,4.5845,True,True,4.82,78378665.0,89566443.3445
2026-03-24,4.05,4.17,4.0,4.17,17009052.0,69583385.0,885033444.0,0.019218541531183086,4.162,4.2010000000000005,4.3125,4.5600000000000005,46.15384553254438,19027882.1,4.555833333333334,4.532500000000001,True,True,4.75,70927746.84,82740093.7705
2026-03-25,4.18,4.25,4.16,4.24,13716510.0,57720234.0,885033444.0,0.015498295677965363,4.15,4.198,4.287,4.559666666666668,48.623852586482656,18036639.6,4.558833333333334,4.476,True,True,4.75,58158002.400000006,77681920.89050001
2026-03-26,4.23,4.29,4.17,4.19,12187300.0,51472966.0,885033444.0,0.013770440069381152,4.138,4.194,4.265499999999999,4.559333333333333,42.990653643112964,17250854.6,4.5605,4.429,True,True,4.66,51064787.00000001,73789567.2405
2026-03-27,4.15,4.26,4.15,4.23,8719301.0,36861587.0,885033444.0,0.009851945210784599,4.156000000000001,4.2,4.244,4.560833333333333,44.54545397851244,16571874.65,4.5616666666666665,4.383,True,True,4.66,36882643.230000004,70438055.702
2026-03-30,4.18,4.24,4.15,4.24,10194900.0,42941211.0,885033444.0,0.011519225707362083,4.214,4.196,4.236,4.562166666666667,45.45454487603308,15259839.65,4.5595,4.3395,True,True,4.4,43226376.0,64583542.50200001
2026-03-31,4.23,4.31,4.2,4.21,10377691.0,44175016.0,885033444.0,0.011725761405237924,4.2219999999999995,4.192,4.2335,4.563,47.169810697757235,14560358.95,4.5600000000000005,4.3125,False,True,4.35,43690079.11,61577810.49249999
2026-04-01,4.28,4.29,4.18,4.22,10765900.0,45361152.0,885033444.0,0.012164399066483186,4.218,4.184,4.232,4.5645,49.514562433782615,14191398.6,4.559666666666668,4.287,True,False,4.35,45432098.0,59993580.154999994
2026-04-02,4.2,4.23,4.12,4.15,13408700.0,55765482.0,885033444.0,0.01515050091146612,4.21,4.174,4.226000000000001,4.5649999999999995,49.038460878328436,13935163.1,4.559333333333333,4.265499999999999,True,True,4.35,55646105.00000001,58819002.370000005
2026-04-03,4.19,4.19,3.86,3.86,19614310.0,77300204.0,885033444.0,0.022162224640179813,4.136,4.146,4.202,4.560999999999999,32.786884869658664,14170328.6,4.560833333333333,4.244,True,True,4.35,75711236.6,59368877.2
2026-04-07,3.89,3.98,3.82,3.96,18296600.0,71359624.0,885033444.0,0.020673343051655343,4.08,4.147,4.182499999999999,4.557833333333334,38.75968950183282,14223558.2,4.562166666666667,4.236,True,True,4.35,72454536.0,59243642.25999999
2026-04-08,4.04,4.17,4.03,4.16,17117400.0,70465220.0,885033444.0,0.019340964023501918,4.069999999999999,4.146,4.1735,4.556666666666667,45.13888845003859,14224967.85,4.563,4.2335,True,True,4.34,71208384.0,59095703.54099999
2026-04-09,4.14,4.2,4.01,4.02,16641193.0,67851661.0,885033444.0,0.018802897351300547,4.029999999999999,4.124,4.161,4.552499999999999,42.48365974197957,14374134.25,4.5645,4.232,True,True,4.3,66897595.85999999,59524629.156500004
2026-04-10,4.08,4.11,4.02,4.04,10025496.0,40731074.0,885033444.0,0.011327815991550258,4.008,4.109,4.1515,4.549499999999999,46.527777325424395,14224154.05,4.5649999999999995,4.226000000000001,True,True,4.3,40503003.84,58794970.6985
2026-04-13,4.01,4.04,3.96,4.03,9505600.0,38139869.0,885033444.0,0.01074038508312009,4.042,4.089,4.1445,4.545166666666668,53.17460258377425,13874089.05,4.560999999999999,4.202,True,True,4.3,38307568.0,57268660.4485
2026-04-14,4.08,4.08,3.96,4.02,10978917.0,43962557.0,885033444.0,0.012405087146062697,4.054,4.067,4.1315,4.538,42.85714228571429,13545649.9,4.557833333333334,4.182499999999999,True,True,4.3,44135246.339999996,55720214.9655
2026-04-15,4.02,4.05,3.95,3.97,9959200.0,39739617.0,885033444.0,0.011252908087843965,4.016,4.043,4.1175,4.524,36.89320338203414,13416930.4,4.556666666666667,4.1735,True,True,4.3,39538024.0,55033728.2905
2026-04-16,4.0,4.12,3.97,4.09,16199791.0,65587241.0,885033444.0,0.018304156876584654,4.029999999999999,4.029999999999999,4.107,4.512833333333333,45.45454487603305,13728599.9,4.552499999999999,4.161,True,True,4.3,66257145.19,56203809.335
2026-04-17,4.07,4.1,3.99,4.03,12251394.0,49334629.0,885033444.0,0.013842859931516894,4.0280000000000005,4.018,4.096,4.497333333333333,41.071428058035714,13700444.55,4.549499999999999,4.1515,True,True,4.25,49373117.82,55949383.7635
2026-04-20,4.04,4.09,3.99,4.07,9208100.0,37326451.0,885033444.0,0.010404239593910758,4.036,4.039,4.0925,4.485666666666666,42.60869513345936,13301002.75,4.545166666666668,4.1445,True,True,4.24,37476967.0,54263466.3615
2026-04-21,4.07,4.1,3.99,4.03,11435464.0,46030355.0,885033444.0,0.012920939968456153,4.038,4.046,4.096500000000001,4.477833333333334,42.241378800535095,12880640.95,4.538,4.1315,True,True,4.24,46084919.92,52648779.1075
2026-04-22,4.03,4.03,3.92,3.94,11743400.0,46285542.0,885033444.0,0.013268877102456706,4.032000000000001,4.024,4.085,4.469333333333334,38.709676982310114,12617358.35,4.524,4.1175,True,True,4.24,46268996.0,51415841.5655
2026-04-23,3.94,3.96,3.9,3.91,10089362.0,39580469.0,885033444.0,0.011399978236302672,3.996,4.013,4.0685,4.4591666666666665,39.99999953333333,12436000.95,4.512833333333333,4.107,True,True,4.24,39449405.42,50480411.7165
2026-04-24,3.88,3.97,3.84,3.93,14358300.0,56014943.0,885033444.0,0.016223454715006226,3.9760000000000004,4.002000000000001,4.0555,4.449,53.76344005087295,12544550.95,4.497333333333333,4.096,True,True,4.24,56428119.0,50748578.3165
2026-04-27,3.91,3.98,3.8,3.95,17856500.0,69425296.0,885033444.0,0.020176073707786346,3.9520000000000004,3.9940000000000007,4.0415,4.4385,49.41176389204155,13001410.9,4.485666666666666,4.0925,True,True,4.24,70533175.0,52431104.905
2026-04-28,3.92,4.0,3.9,3.96,11560201.0,45586131.0,885033444.0,0.013061880405052807,3.938,3.9880000000000004,4.0275,4.4205000000000005,34.84848410927458,13069675.95,4.477833333333334,4.096500000000001,True,True,4.24,45778395.96,52558705.903
2026-04-29,3.96,4.08,3.94,4.06,17590850.0,71124514.0,885033444.0,0.019875915559186483,3.9620000000000006,3.997,4.0200000000000005,4.404166666666667,53.225805249739885,13430333.9,4.469333333333334,4.085,True,True,4.22,71418851.0,53945144.4975
2026-04-30,4.06,4.18,4.05,4.14,17211644.0,71237128.0,885033444.0,0.01944745039488022,4.008,4.002,4.016,4.391,57.35293999567475,13752621.1,4.4591666666666665,4.0685,False,True,4.22,71256206.16,55236349.905499995
2026-05-06,4.19,4.2,4.13,4.15,14050099.0,58340076.0,885033444.0,0.015875218157292596,4.0520000000000005,4.014,4.016,4.380166666666667,58.823528200692074,13784691.05,4.449,4.0555,False,False,4.16,58307910.85,55369440.198
2026-05-07,4.18,4.2,4.13,4.17,14099342.0,58802648.0,885033444.0,0.015930857862587168,4.096,4.024,4.031499999999999,4.361666666666666,60.86956398235672,13508942.65,4.4385,4.0415,False,False,4.16,58794256.14,54523591.175
2026-05-08,4.18,4.22,4.15,4.17,11471748.0,47922945.0,885033444.0,0.012961937289230846,4.138,4.038,4.042,4.345666666666667,65.62499856445315,13167700.05,4.4205000000000005,4.0275,False,False,4.17,47837189.16,53292723.833
2026-05-11,4.17,4.21,4.14,4.16,12185236.0,50794923.0,885033444.0,0.013768107954121561,4.158,4.06,4.042,4.331666666666667,56.60377208971171,12921091.85,4.404166666666667,4.0200000000000005,False,False,4.17,50690581.760000005,52266833.721
2026-05-12,4.14,4.17,4.05,4.08,11408300.0,46897888.0,885033444.0,0.01289024734301453,4.146,4.077,4.045,4.311333333333334,54.54545315702482,12659447.2,4.391,4.016,False,False,4.17,46545864.0,51249247.128
2026-05-13,4.08,4.11,4.0,4.07,10044659.0,40822448.0,885033444.0,0.011349468280658555,4.13,4.091,4.0465,4.293,49.99999865384619,12660405.35,4.380166666666667,4.016,False,False,4.17,40881762.13,51268185.042500004
2026-05-14,4.1,4.11,3.93,3.95,11880660.0,47344579.0,885033444.0,0.013423967286822667,4.086,4.090999999999999,4.0425,4.270666666666667,43.33333232222223,12779158.35,4.361666666666666,4.031499999999999,False,False,4.17,46928607.0,51699236.9925
2026-05-15,3.95,4.07,3.9,4.0,14451626.0,57872824.0,885033444.0,0.016328903837446396,4.052,4.095,4.041500000000001,4.2525,55.35714147321433,12952793.8,4.345666666666667,4.042,True,False,4.17,57806504.0,52382799.8755
2026-05-18,3.99,4.02,3.9,3.99,17298952.0,68293706.0,885033444.0,0.019546099774281525,4.018,4.088,4.0425,4.230833333333333,57.40740591906727,13319781.4,4.331666666666667,4.042,True,True,4.17,69022818.48,53857039.5995
2026-05-19,4.01,4.08,3.96,4.02,16398552.0,65996436.0,885033444.0,0.018528737090301416,4.006,4.0760000000000005,4.039,4.207333333333334,58.181816700826445,13329719.45,4.311333333333334,4.045,True,True,4.17,65922179.03999999,53840291.291999996
2026-05-20,4.0,4.0,3.87,3.88,16684457.0,65222371.0,885033444.0,0.018851781379687613,3.968,4.049,4.0315,4.1855,44.776118467364654,13551372.6,4.293,4.0465,True,True,4.17,64735693.16,54608420.059
2026-05-21,3.89,3.93,3.73,3.75,14708626.0,56486606.0,885033444.0,0.016619288344091095,3.928,4.007,4.0155,4.163666666666667,36.708860108956884,13826398.9,4.270666666666667,4.0425,True,True,4.17,55157347.5,55492439.08400001
2026-05-22,3.8,3.83,3.67,3.8,14676644.0,55017628.0,885033444.0,0.01658315185657549,3.8879999999999995,3.97,4.004,4.1466666666666665,32.43243181884587,13988457.9,4.2525,4.041500000000001,True,True,4.17,55771247.199999996,55976755.448
2026-05-25,3.85,3.86,3.73,3.76,11984600.0,45388206.0,885033444.0,0.01354140917639718,3.842,3.9300000000000006,3.9949999999999997,4.130833333333333,22.857142399999958,14000517.9,4.230833333333333,4.0425,True,True,4.17,45062096.0,55916410.448
2026-05-26,3.74,3.76,3.67,3.71,10775400.0,39942748.0,885033444.0,0.012175133124121804,3.78,3.893,3.9850000000000003,4.1135,20.27026988677855,14034819.8,4.207333333333334,4.039,True,True,4.17,39976734.0,55942776.877
2026-05-27,3.73,3.73,3.59,3.61,17003642.0,61822595.0,885033444.0,0.019212428767833096,3.726,3.847,3.969,4.096666666666667,15.853658265913054,14167086.9,4.1855,4.0315,True,True,4.17,61383147.62,56190528.30799999
2026-05-28,3.63,3.68,3.55,3.68,15356701.0,55598729.0,885033444.0,0.01735154880768551,3.7120000000000006,3.8200000000000003,3.9555,4.080333333333334,22.471909758868804,14042096.95,4.163666666666667,4.0155,True,True,4.17,56512659.68,55489502.541999996
2026-05-29,3.68,3.73,3.59,3.6,13389000.0,49027840.0,885033444.0,0.01512824186562604,3.6719999999999997,3.7800000000000002,3.9375,4.067,20.833333029513852,14133536.9,4.1466666666666665,4.004,True,True,4.17,48200400.0,55610602.744
2026-06-01,3.61,3.81,3.56,3.8,20369543.0,76220941.0,885033444.0,0.02301556301413622,3.6799999999999997,3.761,3.9244999999999997,4.059333333333333,37.03703655692726,14272471.55,4.130833333333333,3.9949999999999997,True,True,4.17,77404263.39999999,55909873.364
2026-06-02,3.83,3.84,3.57,3.6,20818477.0,75755540.0,885033444.0,0.02352281390170833,3.658,3.7190000000000003,3.8974999999999995,4.0485,31.49606264492526,14452813.2,4.1135,3.9850000000000003,True,True,4.17,74946517.2,56094388.91599999
2026-06-03,3.58,3.61,3.53,3.56,12841005.0,45713596.0,885033444.0,0.014509061874502452,3.6479999999999997,3.687,3.868,4.036666666666667,33.61344498269894,14392358.5,4.096666666666667,3.969,True,True,4.17,45713977.8,55464692.2635
2026-06-04,3.52,3.58,3.46,3.49,10329800.0,36199201.0,885033444.0,0.011671649325830449,3.6100000000000003,3.661,3.8340000000000005,4.0225,28.92561950003413,14203881.4,4.080333333333334,3.9555,True,True,4.17,36051002.0,54327529.556499995
2026-06-05,3.49,3.6,3.47,3.55,13769200.0,48731186.0,885033444.0,0.015557830151331546,3.6,3.6360000000000006,3.803,4.009166666666667,32.53968217813048,14318754.0,4.067,3.9375,True,True,4.17,48880660.0,54379703.0985
2026-06-08,3.49,3.59,3.41,3.46,11790999.0,41159951.0,885033444.0,0.013322659250829396,3.532,3.6059999999999994,3.768,3.9945000000000004,28.7878784825528,14299042.15,4.059333333333333,3.9244999999999997,True,True,4.16,40796856.54,53885016.8375
2026-06-09,3.48,3.54,3.4,3.49,11139545.0,38764998.0,885033444.0,0.012586580852418048,3.5100000000000002,3.5839999999999996,3.7385000000000006,3.9814999999999996,33.884297128611436,14285604.4,4.0485,3.8974999999999995,True,True,4.08,38877012.050000004,53501574.239999995
2026-06-10,3.48,3.56,3.41,3.47,12802700.0,44468339.0,885033444.0,0.014465781024202743,3.492,3.5699999999999994,3.7085,3.9688333333333334,37.272726798347115,14423506.45,4.036666666666667,3.868,True,True,4.07,44425369.0,53678754.5835
2026-06-11,3.45,3.46,3.33,3.4,12554372.0,42464846.0,885033444.0,0.014185195017330893,3.474,3.5420000000000003,3.6809999999999996,3.956,32.14285674107144,14457192.05,4.0225,3.8340000000000005,True,True,4.02,42684864.8,53466567.4735
2026-06-12,3.44,3.5,3.37,3.46,10492200.0,36185883.0,885033444.0,0.011855145216410602,3.4560000000000004,3.528,3.654,3.942333333333333,36.842104810711,14259220.75,4.009166666666667,3.803,True,True,4.02,36303012.0,52391392.873500004
2026-06-15,3.48,3.56,3.41,3.42,11504592.0,39907367.0,885033444.0,0.012999047751239556,3.4479999999999995,3.4899999999999998,3.6255,3.9284999999999997,37.16814113243011,13969502.75,3.9945000000000004,3.768,True,True,4.02,39345704.64,50907537.1815
2026-06-16,3.41,3.42,3.34,3.4,9712400.0,32846646.0,885033444.0,0.010974048569400728,3.4299999999999997,3.4699999999999998,3.5945,3.9135,39.99999946666668,13635195.15,3.9814999999999996,3.7385000000000006,True,True,4.02,33022160.0,49262536.2295
2026-06-17,3.39,3.41,3.27,3.3,13289600.0,44126471.0,885033444.0,0.015015929725701982,3.396,3.444,3.5654999999999992,3.897666666666667,32.40740698731136,13465452.3,3.9688333333333334,3.7085,True,True,3.88,43855680.0,48218535.5715
2026-06-18,3.3,3.35,3.24,3.3,10339700.0,34116090.0,885033444.0,0.011682835343790691,3.376,3.425,3.543,3.883666666666666,34.99999950999998,13247006.0,3.956,3.6809999999999996,True,True,3.8,34121010.0,47166718.6965
2026-06-22,3.28,3.35,3.19,3.34,11587101.0,37837528.0,885033444.0,0.013092274736682154,3.3519999999999994,3.404,3.5199999999999996,3.8735,22.619047242063502,13092528.85,3.942333333333333,3.654,True,True,3.8,38700917.339999996,46313202.203499995
2026-06-23,3.32,3.41,3.3,3.36,14925700.0,50404754.0,885033444.0,0.0168645604312327,3.34,3.3939999999999997,3.5,3.8600000000000003,31.818181143250698,13239583.85,3.9284999999999997,3.6255,True,True,3.8,50150352.0,46567615.0035
2026-06-24,3.34,3.36,3.15,3.2,15259157.0,49138144.0,885033444.0,0.017241333763653794,3.3,3.3649999999999998,3.4745,3.8426666666666667,26.92307643984222,13463771.7,3.9135,3.5945,True,True,3.8,48829302.400000006,47010243.4235
2026-06-25,3.19,3.2,3.11,3.15,10655313.0,33579165.0,885033444.0,0.012039446726264053,3.2700000000000005,3.3329999999999997,3.4515000000000002,3.8253333333333335,27.63157843836565,13146355.25,3.897666666666667,3.5654999999999992,True,True,3.8,33564235.949999996,45619297.839999996
2026-06-26,3.11,3.15,3.02,3.09,11770900.0,36365287.0,885033444.0,0.013299949374568494,3.228,3.3019999999999996,3.4219999999999997,3.8063333333333333,19.736841741689787,12967065.2,3.883666666666666,3.543,True,True,3.8,36372081.0,44612268.906
2026-06-29,3.09,3.13,2.97,3.1,14540500.0,44465738.0,885033444.0,0.016429322641506868,3.1799999999999997,3.2659999999999996,3.397,3.7873333333333337,23.529411280276875,13024640.2,3.8735,3.5199999999999996,True,True,3.8,45075550.0,44456026.406
2026-06-30,3.09,3.15,3.05,3.07,12654700.0,39094078.0,885033444.0,0.014298555705201124,3.122,3.2310000000000003,3.3604999999999996,3.768333333333333,19.11764666522494,12638898.05,3.8600000000000003,3.5,True,True,3.8,38849929.0,42528309.686000004
2026-07-01,3.08,3.25,3.05,3.19,20317831.0,64381073.0,885033444.0,0.022957133583756412,3.12,3.21,3.34,3.7511666666666668,32.05128147600264,12613865.75,3.8426666666666667,3.4745,True,True,3.6,64813880.89,42021677.8705
2026-07-02,3.22,3.32,3.18,3.19,15631992.0,50655684.0,885033444.0,0.017662600329937363,3.128,3.1990000000000003,3.3215000000000003,3.7351666666666663,35.211266911327144,12753415.1,3.8253333333333335,3.4515000000000002,True,True,3.56,49866054.48,42229281.7045
2026-07-03,3.21,3.26,3.17,3.23,14260300.0,45878231.0,885033444.0,0.01611272443620786,3.1559999999999997,3.192,3.3085,3.724666666666667,33.333332657004874,12949940.1,3.8063333333333333,3.4219999999999997,True,True,3.55,46060769.0,42729770.0545
2026-07-06,3.22,3.3,3.19,3.21,10942300.0,35418805.0,885033444.0,0.01236371356832025,3.178,3.179,3.2915,3.7121666666666666,34.32835749164627,12808595.1,3.7873333333333337,3.397,True,True,3.55,35124783.0,42041976.2045
2026-07-07,3.19,3.21,3.12,3.14,9218000.0,29068241.0,885033444.0,0.010415425611871003,3.192,3.157,3.2755,3.6951666666666667,31.944443823302507,12679945.15,3.768333333333333,3.3604999999999996,True,True,3.49,28944520.0,41449359.3775
2026-07-08,3.13,3.18,3.08,3.16,11137601.0,34975412.0,885033444.0,0.012584384325254945,3.186,3.1529999999999996,3.2590000000000003,3.680833333333333,39.06249914550786,12679847.95,3.7511666666666668,3.34,True,True,3.49,35194819.160000004,41265249.733
2026-07-09,3.15,3.24,3.11,3.18,11124110.0,35373536.0,885033444.0,0.012569140833507304,3.184,3.1559999999999997,3.2445,3.6665,40.909090041322365,12595918.45,3.7351666666666663,3.3215000000000003,True,True,3.47,35374669.800000004,40812714.773
2026-07-10,3.16,3.34,3.11,3.28,19655600.0,64363025.0,885033444.0,0.022208878244379657,3.194,3.175,3.2384999999999997,3.6540000000000004,45.833332442129645,12950979.85,3.724666666666667,3.3085,True,True,3.46,64470367.99999999,41901989.933
2026-07-13,3.27,3.34,3.13,3.16,15420800.0,49281836.0,885033444.0,0.01742397431932527,3.184,3.181,3.2235,3.6396666666666664,37.80487740333138,13197409.85,3.7121666666666666,3.2915,False,True,3.46,48729728.0,42523325.732999995
2026-07-14,3.16,3.21,3.09,3.19,12798410.0,40478018.0,885033444.0,0.014460933749753303,3.194,3.1930000000000005,3.2119999999999997,3.6266666666666665,49.275361319050624,13262100.75,3.6951666666666667,3.2755,True,False,3.42,40826927.9,42597386.896
2026-07-15,3.23,3.35,3.19,3.3,20457009.0,67546581.0,885033444.0,0.023114390917864568,3.222,3.2039999999999997,3.207,3.6135,59.99999888000003,13799331.2,3.680833333333333,3.2590000000000003,True,True,3.4,67508129.7,44321685.381
2026-07-16,3.29,3.42,3.27,3.38,18697984.0,62950839.0,885033444.0,0.021126867155994163,3.2619999999999996,3.223,3.211,3.6026666666666665,68.83116757969307,14069750.4,3.6665,3.2445,False,True,3.36,63199185.919999994,45288860.677
2026-07-17,3.37,3.46,3.27,3.28,17633616.0,59119060.0,885033444.0,0.019924236896973126,3.2619999999999996,3.228,3.21,3.5895,60.46511529475393,14434446.2,3.6540000000000004,3.2384999999999997,False,False,3.38,57838260.48,46474723.201
2026-07-20,3.29,3.39,3.22,3.26,14325177.0,47455891.0,885033444.0,0.016186029010673182,3.282,3.2329999999999997,3.2059999999999995,3.5766666666666667,61.17646958062286,14571350.0,3.6396666666666664,3.2235,False,False,3.38,46700077.019999996,46874681.185
2026-07-21,3.28,3.29,3.16,3.23,16801700.0,54268292.0,885033444.0,0.018984254339658602,3.29,3.242,3.1994999999999996,3.564833333333333,52.63157797783936,14665150.0,3.6266666666666665,3.2119999999999997,False,False,3.38,54269491.0,47080638.135000005
2026-07-22,3.21,3.26,3.17,3.19,10245900.0,32909499.0,885033444.0,0.011576850648369396,3.268,3.245,3.1990000000000003,3.552833333333333,49.99999912500001,14414487.15,3.6135,3.207,False,False,3.38,32684421.0,46273394.065
2026-07-23,3.18,3.29,3.17,3.26,9623267.0,31057865.0,885033444.0,0.010873337121032004,3.2439999999999998,3.253,3.2044999999999995,3.5416666666666665,51.807228041805786,14362884.85,3.6026666666666665,3.211,True,False,3.38,31371850.419999998,46163774.788499996
2026-07-24,3.24,3.28,3.18,3.19,8345459.0,26846259.0,885033444.0,0.00942954083439134,3.226,3.2439999999999998,3.2095,3.5290000000000004,48.86363558626034,14191612.8,3.5895,3.21,False,True,3.38,26622014.21,45676271.449
2026-07-27,3.18,3.32,3.16,3.3,11443000.0,37378784.0,885033444.0,0.012929454900915587,3.2340000000000004,3.258,3.2195,3.518,58.69565128071835,14036737.8,3.5766666666666667,3.2059999999999995,True,False,3.38,37761900.0,45310588.949
2026-07-28,3.27,3.42,3.27,3.37,11682500.0,39456138.0,885033444.0,0.01320006614348915,3.2619999999999996,3.276,3.2344999999999997,3.5065,60.82474139015839,13988127.8,3.564833333333333,3.1994999999999996,False,True,3.38,39370025.0,45336593.749
2026-07-29,3.37,3.45,3.36,3.44,10824758.0,37036605.0,885033444.0,0.012230902768008844,3.312,3.29,3.247,3.4948333333333332,62.74509717800848,13513474.15,3.552833333333333,3.1990000000000003,False,False,3.38,37237167.519999996,43957758.0805
2026-07-30,3.42,3.53,3.41,3.42,13928101.0,48264942.0,885033444.0,0.015737372518998278,3.344,3.2939999999999996,3.2585,3.482666666666667,57.44680765504756,13428279.6,3.5416666666666665,3.2044999999999995,False,False,3.44,47634105.42,43846160.6275
2026-07-31,3.44,3.53,3.42,3.51,13834100.0,48298283.0,885033444.0,0.015631160713515363,3.408,3.317,3.2725,3.4716666666666662,69.23076816568049,13406969.6,3.5290000000000004,3.2095,False,False,3.44,48557691.0,43971006.7275
2026-08-03,3.59,3.6,3.5,3.6,14042520.0,50075542.0,885033444.0,0.015866654639098587,3.468,3.351,3.2920000000000003,3.4621666666666666,71.13401959188013,13561980.6,3.518,3.2195,False,False,3.51,50553072.0,44742421.177499995
2026-08-04,3.63,3.83,3.6,3.7,28359184.0,104941247.0,885033444.0,0.032043064804226765,3.534,3.3979999999999997,3.3199999999999994,3.4545000000000003,70.83333230034725,14519039.8,3.5065,3.2344999999999997,False,False,3.6,104928980.80000001,48541644.2175
2026-08-05,3.68,3.75,3.64,3.67,20979231.0,77390172.0,885033444.0,0.023704449975564992,3.5799999999999996,3.446,3.3455,3.447666666666666,65.93406491969571,15011121.3,3.4948333333333332,3.247,False,False,3.7,76993777.77,50631592.148
2026-08-06,3.66,3.75,3.59,3.64,15626014.0,57087371.0,885033444.0,0.01765584578293066,3.624,3.4839999999999995,3.3685,3.4405,71.42857023809529,15236216.5,3.482666666666667,3.2585,False,False,3.7,56878690.96,51706793.206
2026-08-07,3.66,3.68,3.48,3.59,13715844.0,48856400.0,885033444.0,0.015497543164029855,3.6399999999999997,3.524,3.3839999999999995,3.4345,68.9655161315894,14939228.7,3.4716666666666662,3.2725,False,False,3.7,49239879.96,50945268.804
