日期,开盘,最高,最低,收盘,成交量,amount,outstanding_share,turnover,MA5,MA10,MA20,MA60,RSI14,Vol_MA20,MA60_prev5,MA20_break_1,MA20_break_2,High_20
2021-04-12,7.45,7.67,7.37,7.63,2881150.0,22685188.0,209996625.0,0.013719982404479119,7.506,7.481,7.3084999999999996,7.447333333333333,69.67213034802472,1588099.8,7.4455,False,False,7.58
2021-04-13,7.62,7.64,7.39,7.56,3700195.0,29172082.0,209996625.0,0.017620259373216117,7.540000000000001,7.494,7.331999999999999,7.447166666666666,69.10569027034174,1703724.55,7.443166666666667,False,False,7.63
2021-04-14,7.48,8.03,7.41,7.89,2244500.0,17799508.0,209996625.0,0.010688267013815103,7.602000000000001,7.542999999999999,7.3715,7.448833333333334,74.49664359533355,1762439.25,7.444166666666666,False,False,7.63
2021-04-15,7.71,7.84,7.4,7.43,3649450.0,29054917.0,209996625.0,0.017378612632464926,7.591999999999999,7.537000000000001,7.388,7.442666666666667,56.24999958984374,1887581.75,7.443666666666667,False,False,7.89
2021-04-16,7.47,7.61,7.33,7.51,2557685.0,20007190.0,209996625.0,0.012179648125297251,7.603999999999999,7.534000000000001,7.409000000000001,7.435833333333333,55.319148524219116,1961763.5,7.4431666666666665,False,False,7.89
2021-04-19,7.55,7.63,7.46,7.61,1625401.0,12877889.0,209996625.0,0.007740129156837639,7.6,7.553,7.435499999999999,7.430666666666666,54.83870926465489,1981133.55,7.447333333333333,False,False,7.89
2021-04-20,7.74,7.74,7.47,7.47,1462650.0,11551800.0,209996625.0,0.006965111939299024,7.581999999999999,7.561,7.4515,7.4206666666666665,51.77664937823699,2000331.05,7.447166666666666,False,False,7.89
2021-04-21,7.45,7.52,7.42,7.47,1036450.0,8105156.0,209996625.0,0.00493555551190406,7.498,7.55,7.4704999999999995,7.409,49.46808473800362,2010308.55,7.448833333333334,False,False,7.89
2021-04-22,7.46,7.52,7.39,7.4,1786854.0,13918328.0,209996625.0,0.00850896532265697,7.492,7.542,7.4825,7.392166666666667,46.31578913240999,2033733.75,7.442666666666667,True,False,7.89
2021-04-23,7.42,7.42,7.19,7.25,1689550.0,12824485.0,209996625.0,0.008045605494850215,7.44,7.522,7.485499999999999,7.372166666666668,45.595854591532664,2072283.75,7.435833333333333,True,True,7.89
2021-04-26,7.22,7.29,7.18,7.24,1038650.0,7861078.0,209996625.0,0.0049460318707503035,7.366,7.483,7.482000000000001,7.352999999999999,46.07329809160935,2041478.75,7.430666666666666,True,True,7.89
2021-04-27,7.2,7.2,7.03,7.08,1198422.0,8887151.0,209996625.0,0.0057068631460148464,7.287999999999999,7.435,7.464499999999999,7.3293333333333335,36.702127386260756,1975207.35,7.4206666666666665,True,True,7.89
2021-04-28,7.13,7.14,7.03,7.1,558822.0,4142165.0,209996625.0,0.0026610999105342766,7.214,7.356,7.4495000000000005,7.3036666666666665,39.4444441376543,1895365.95,7.409,True,True,7.89
2021-04-29,7.12,7.22,7.08,7.17,609450.0,4561598.0,209996625.0,0.0029021894994740987,7.167999999999999,7.33,7.4334999999999996,7.277166666666667,42.39130402528355,1832733.45,7.392166666666667,True,True,7.89
2021-04-30,7.17,7.22,7.03,7.1,823900.0,6116987.0,209996625.0,0.0039233963879181395,7.138,7.289,7.411499999999999,7.251666666666667,34.68208064419126,1757673.45,7.372166666666668,True,True,7.89
2021-05-06,7.04,7.18,7.04,7.13,1099700.0,8206968.0,209996625.0,0.005236750828733557,7.116,7.241,7.397,7.2410000000000005,37.278106200063036,1716563.45,7.352999999999999,True,True,7.89
2021-05-07,7.09,7.18,7.09,7.18,580728.0,4347743.0,209996625.0,0.002765415872755098,7.136,7.212000000000001,7.3865,7.222333333333334,24.822694788994554,1686700.1,7.3293333333333335,True,True,7.89
2021-05-10,7.17,7.21,7.09,7.16,655200.0,4905643.0,209996625.0,0.003120050143663023,7.148000000000001,7.181,7.3655,7.205833333333333,36.08247370602619,1618540.1,7.3036666666666665,True,True,7.89
2021-05-11,7.16,7.17,7.08,7.12,828600.0,6159773.0,209996625.0,0.00394577769999875,7.138,7.1530000000000005,7.347499999999999,7.1895,29.032257627471424,1558257.6,7.277166666666667,True,True,7.89
2021-05-12,7.08,7.2,7.04,7.18,610700.0,4554449.0,209996625.0,0.0029081419760912824,7.154000000000001,7.145999999999999,7.3340000000000005,7.187,25.842696222699118,1531902.85,7.251666666666667,True,True,7.89
2021-05-13,7.12,7.19,7.1,7.14,769012.0,5747353.0,209996625.0,0.0036620207586669546,7.156000000000001,7.136,7.3095,7.1945,29.113923534689945,1426295.95,7.2410000000000005,True,True,7.89
2021-05-14,7.09,7.25,7.09,7.22,911462.0,6871512.0,209996625.0,0.004340364993961212,7.164,7.15,7.2924999999999995,7.205166666666667,35.63218333465451,1286859.3,7.222333333333334,True,True,7.89
2021-05-17,7.21,7.22,7.02,7.05,1376600.0,10185887.0,209996625.0,0.006555343448972096,7.142,7.144999999999999,7.2505,7.212000000000001,31.95876242533741,1243464.3,7.205833333333333,True,True,7.89
2021-05-18,6.98,7.09,6.96,7.05,699350.0,5123543.0,209996625.0,0.0033302916177819523,7.128,7.133,7.2315,7.217,37.80487740333134,1095959.3,7.1895,True,True,7.61
2021-05-19,6.99,7.08,6.97,7.05,726685.0,5320630.0,209996625.0,0.003460460376446526,7.101999999999999,7.128,7.208499999999999,7.22,38.27160427678705,1004409.3,7.187,True,True,7.61
2021-05-20,6.98,7.22,6.98,7.12,984852.0,7306346.0,209996625.0,0.004689846801109303,7.098000000000001,7.127000000000001,7.184,7.2219999999999995,52.777776751543236,972381.85,7.1945,True,True,7.61
2021-05-21,7.06,7.12,7.05,7.09,522900.0,3870918.0,209996625.0,0.0024900400185002974,7.072,7.117999999999999,7.165000000000001,7.223833333333332,49.315067547382284,925394.35,7.205166666666667,True,True,7.47
2021-05-24,7.08,7.23,7.02,7.18,1153702.0,8621267.0,209996625.0,0.005493907342558482,7.098000000000001,7.12,7.150500000000001,7.227333333333333,50.6666657208889,931256.95,7.212000000000001,True,True,7.47
2021-05-25,7.14,7.19,6.74,7.18,1174150.0,8713597.0,209996625.0,0.00559128033605302,7.124,7.1259999999999994,7.1395,7.228666666666666,55.88235179065747,900621.75,7.217,False,True,7.4
2021-05-26,7.16,7.24,7.12,7.2,1307790.0,9827682.0,209996625.0,0.006227671516149367,7.154000000000001,7.128,7.1370000000000005,7.230999999999999,55.22387944308315,881533.75,7.22,False,False,7.25
2021-05-27,7.17,7.41,7.17,7.35,1736512.0,13341338.0,209996625.0,0.00826923766036716,7.2,7.149000000000001,7.1425,7.236833333333333,61.03895992916177,916426.85,7.2219999999999995,False,False,7.24
2021-05-28,7.34,7.4,7.25,7.26,1254600.0,9578150.0,209996625.0,0.005974381731134965,7.234,7.1530000000000005,7.1515,7.2395000000000005,55.952380019841264,919235.75,7.223833333333332,False,False,7.35
2021-05-31,7.39,7.39,7.24,7.31,949158.0,7232337.0,209996625.0,0.004519872640810298,7.26,7.178999999999999,7.161999999999999,7.244166666666667,61.17646958062282,938752.55,7.227333333333333,False,False,7.35
2021-06-01,7.31,7.31,7.24,7.28,822716.0,6256214.0,209996625.0,0.003917758202066342,7.279999999999999,7.202,7.1674999999999995,7.2475000000000005,56.097560017846575,949415.85,7.228666666666666,False,False,7.35
2021-06-02,7.23,7.53,7.23,7.48,2791205.0,21680897.0,209996625.0,0.013291665997013048,7.336,7.245,7.1865000000000006,7.2535,67.34693781341113,1047781.1,7.230999999999999,False,False,7.35
2021-06-03,7.48,7.57,7.4,7.52,1930150.0,15129220.0,209996625.0,0.009191338194125738,7.37,7.284999999999999,7.206,7.258500000000001,65.95744582616571,1089303.6,7.236833333333333,False,False,7.48
2021-06-04,7.47,7.81,7.47,7.72,3073600.0,24757838.0,209996625.0,0.014636425704460726,7.462000000000001,7.348000000000001,7.233,7.268666666666666,84.53608125411846,1213947.2,7.2395000000000005,False,False,7.52
2021-06-07,7.72,7.84,7.66,7.74,2107450.0,17062501.0,209996625.0,0.010035637477507079,7.548,7.403999999999999,7.2620000000000005,7.281000000000001,84.84848364860734,1286559.7,7.244166666666667,False,False,7.72
2021-06-08,7.75,7.94,7.74,7.82,2182450.0,17849432.0,209996625.0,0.010392786074538102,7.656000000000001,7.468000000000001,7.297,7.296833333333334,85.98130728622593,1354252.2,7.2475000000000005,False,False,7.74
2021-06-09,7.8,7.96,7.72,7.96,2198405.0,18037770.0,209996625.0,0.010468763486079835,7.752000000000001,7.544,7.336,7.314499999999999,86.84210419667595,1433637.45,7.2535,False,False,7.82
2021-06-10,8.12,8.19,7.86,7.96,4356662.0,36619030.0,209996625.0,0.02074634294717832,7.839999999999999,7.605000000000001,7.377000000000001,7.331666666666667,89.18918806428057,1613019.95,7.258500000000001,False,False,7.96
2021-06-11,8.09,8.09,7.74,7.82,2899654.0,23638203.0,209996625.0,0.013808098106338615,7.859999999999999,7.661,7.407000000000001,7.343833333333333,77.58620596016654,1712429.55,7.268666666666666,False,False,7.96
2021-06-15,7.82,7.88,7.65,7.85,1963000.0,15808608.0,209996625.0,0.009347769279625327,7.882000000000001,7.715000000000001,7.447,7.356333333333334,78.15125958477515,1741749.55,7.281000000000001,False,False,7.96
2021-06-16,7.85,7.92,7.75,7.78,1375200.0,11118829.0,209996625.0,0.006548676675160851,7.8740000000000006,7.765000000000001,7.483499999999999,7.367666666666667,73.38709594562962,1775542.05,7.296833333333334,False,False,7.96
2021-06-17,7.78,7.92,7.75,7.81,1062950.0,8596583.0,209996625.0,0.005061748016188356,7.843999999999999,7.797999999999999,7.5215000000000005,7.379666666666666,70.53571340401794,1792355.3,7.314499999999999,False,False,7.96
2021-06-18,7.81,7.85,7.7,7.78,1166226.0,9383344.0,209996625.0,0.005553546396281369,7.808,7.824,7.5545,7.391333333333333,74.52830090245652,1801424.0,7.331666666666667,False,False,7.96
2021-06-21,7.8,7.92,7.65,7.69,1640042.0,13114470.0,209996625.0,0.007809849324959389,7.781999999999999,7.821,7.5845,7.400333333333333,67.27272641652903,1857281.1,7.343833333333333,False,False,7.96
2021-06-22,7.7,8.06,7.69,7.99,2898550.0,23769535.0,209996625.0,0.013802840878990317,7.8100000000000005,7.846000000000001,7.625,7.415333333333333,75.91240798337692,1944523.5,7.356333333333334,False,False,7.96
2021-06-23,8.02,8.17,7.91,7.96,1712000.0,14191994.0,209996625.0,0.008152511974894834,7.846000000000001,7.859999999999999,7.664,7.428666666666667,69.99999918333339,1971416.0,7.367666666666667,False,False,7.99
2021-06-24,7.92,7.98,7.86,7.88,1314700.0,10764063.0,209996625.0,0.006260576806889158,7.860000000000001,7.852000000000001,7.698,7.440166666666667,64.51612830385021,1971761.5,7.379666666666666,False,False,7.99
2021-06-25,7.85,7.87,7.8,7.82,1076000.0,8710520.0,209996625.0,0.0051238918720717536,7.868,7.837999999999999,7.721500000000001,7.448666666666667,54.545453851239714,1938735.9,7.391333333333333,False,False,7.99
2021-06-28,7.82,7.86,7.7,7.75,1198800.0,9600968.0,209996625.0,0.005708663174943883,7.88,7.831,7.746,7.454,50.434781994706995,1935945.9,7.400333333333333,False,False,7.99
2021-06-29,7.75,7.81,7.65,7.66,1018400.0,8115166.0,209996625.0,0.004849601749551928,7.814,7.811999999999999,7.7635000000000005,7.458333333333333,43.10344775564802,1939408.0,7.415333333333333,False,False,7.99
2021-06-30,7.67,7.74,7.61,7.69,999400.0,7946052.0,209996625.0,0.004759124104970734,7.76,7.803,7.784000000000001,7.461666666666668,37.14285664761904,1948242.2,7.428666666666667,True,False,7.99
2021-07-01,7.76,7.76,7.48,7.58,941300.0,7427810.0,209996625.0,0.004482452991804035,7.7,7.780000000000001,7.789,7.4623333333333335,33.620689249405444,1855746.95,7.440166666666667,True,True,7.99
2021-07-02,7.57,7.63,7.43,7.48,1183950.0,9181328.0,209996625.0,0.005637947752731741,7.632000000000001,7.75,7.787000000000001,7.463333333333333,34.82142813616069,1818436.95,7.448666666666667,True,True,7.99
2021-07-05,7.48,7.67,7.43,7.66,1080885.0,8434198.0,209996625.0,0.0051471541506917075,7.614,7.747000000000002,7.784000000000001,7.467833333333333,42.51968457064916,1718801.2,7.454,True,True,7.99
2021-07-06,7.66,7.77,7.59,7.64,754250.0,5986228.0,209996625.0,0.0035917243908086616,7.610000000000001,7.712000000000001,7.779000000000001,7.468833333333333,44.26229457403922,1651141.2,7.458333333333333,True,True,7.99
2021-07-07,7.61,7.77,7.61,7.71,906300.0,7234752.0,209996625.0,0.004315783646522891,7.614,7.687,7.7735,7.472666666666667,46.0317455202822,1587333.7,7.461666666666668,True,True,7.99
2021-07-08,7.72,7.72,7.52,7.58,1136900.0,8925679.0,209996625.0,0.005413896532860945,7.614,7.656999999999999,7.7545,7.474833333333334,42.64705838451557,1534258.45,7.4623333333333335,True,True,7.99
2021-07-09,7.47,7.68,7.43,7.63,1024900.0,8033545.0,209996625.0,0.004880554627961282,7.644,7.638,7.7379999999999995,7.474833333333334,47.727272221074365,1367670.35,7.463333333333333,True,True,7.99
2021-07-12,7.66,7.77,7.63,7.71,1101700.0,8746246.0,209996625.0,0.005246274791321051,7.654000000000001,7.634,7.7325,7.477333333333333,37.27272679834711,1277772.65,7.467833333333333,True,True,7.99
2021-07-13,7.76,7.78,7.66,7.78,1024300.0,8168206.0,209996625.0,0.004877697439185034,7.682,7.646000000000001,7.729000000000001,7.4755,42.10526264081258,1230837.65,7.468833333333333,True,True,7.99
2021-07-14,7.77,7.84,7.69,7.74,1487300.0,11914514.0,209996625.0,0.0070824947781898875,7.688,7.651000000000001,7.726999999999999,7.480666666666667,43.63636308099176,1236442.65,7.472666666666667,False,True,7.99
2021-07-15,7.7,7.8,7.56,7.59,1064050.0,8386286.0,209996625.0,0.005066986195611477,7.69,7.651999999999999,7.715999999999999,7.482,40.33613397923875,1236497.65,7.474833333333334,False,False,7.99
2021-07-16,7.57,7.73,7.5,7.61,1456950.0,11499484.0,209996625.0,0.006937968645924666,7.686,7.665000000000001,7.7075000000000005,7.482,43.85964858417977,1251033.85,7.474833333333334,True,False,7.99
2021-07-19,7.64,7.65,7.49,7.6,849400.0,6644755.0,209996625.0,0.0040448269109086875,7.664,7.658999999999999,7.703,7.484166666666666,47.1698106977572,1211501.75,7.477333333333333,True,True,7.99
2021-07-20,7.55,7.68,7.51,7.67,829000.0,6492194.0,209996625.0,0.003947682492516248,7.642,7.661999999999999,7.686999999999999,7.4875,49.09090846611569,1108024.25,7.4755,True,True,7.99
2021-07-21,7.7,8.13,7.67,8.11,4059372.0,33525701.0,209996625.0,0.01933065352836028,7.715999999999999,7.702,7.694500000000001,7.499333333333333,68.53146786053105,1225392.85,7.480666666666667,True,True,7.96
2021-07-22,8.14,8.93,8.12,8.93,8309994.0,73957663.0,209996625.0,0.03957203597914966,7.984,7.837000000000001,7.747,7.527333333333333,83.72092968739855,1575157.55,7.482,False,True,8.11
2021-07-23,9.45,9.65,8.55,8.93,12282222.0,116162432.0,209996625.0,0.058487711409647654,8.248,7.9670000000000005,7.802499999999999,7.5555,82.2335019536705,2135468.65,7.482,False,False,8.93
2021-07-26,8.92,9.82,8.49,9.62,11664425.0,110686508.0,209996625.0,0.05554577365231465,8.652,8.158,7.895999999999999,7.597833333333333,87.49999953598483,2658749.9,7.484166666666666,False,False,8.93
2021-07-27,9.34,9.51,8.9,8.9,7634222.0,72999251.0,209996625.0,0.03635402235631168,8.898,8.27,7.958,7.627833333333333,68.08510609325486,2989541.0,7.4875,False,False,9.62
2021-07-28,8.91,8.99,8.12,8.67,6933435.0,61138471.0,209996625.0,0.03301688777141061,9.01,8.363,8.007,7.652833333333334,66.07669589230862,3286242.75,7.499333333333333,False,False,9.62
2021-07-29,8.8,8.86,8.49,8.79,4321140.0,38700400.0,209996625.0,0.020577187847661837,8.982000000000001,8.483,8.067499999999999,7.680999999999999,66.76300551020748,3455234.75,7.527333333333333,False,False,9.62
2021-07-30,8.85,9.18,8.67,9.17,4904950.0,45208202.0,209996625.0,0.023357280146764265,9.030000000000001,8.639,8.152,7.715,69.41489335856156,3641284.75,7.5555,False,False,9.62
2021-08-02,9.21,9.32,8.83,8.87,4093695.0,37996146.0,209996625.0,0.019494099012305553,8.879999999999999,8.766,8.2125,7.743166666666666,63.659147646308746,3791925.25,7.597833333333333,False,False,9.62
2021-08-03,8.87,9.03,8.59,8.64,3652740.0,33166462.0,209996625.0,0.017394279550921356,8.828,8.863,8.2625,7.767833333333333,60.76555003571348,3936849.75,7.627833333333333,False,False,9.62
2021-08-04,8.72,8.88,8.57,8.62,3578352.0,32180557.0,209996625.0,0.017040045286442103,8.818,8.914,8.308,7.792833333333333,62.71604916591982,4070452.35,7.652833333333334,False,False,9.62
2021-08-05,8.63,8.8,8.4,8.46,4185250.0,36940965.0,209996625.0,0.01993008220965456,8.751999999999999,8.866999999999999,8.352,7.814166666666667,60.14319788973634,4222869.85,7.680999999999999,False,False,9.62
2021-08-06,8.46,8.59,8.34,8.59,3077450.0,26963690.0,209996625.0,0.014654759332441652,8.636000000000001,8.833,8.4,7.838333333333334,61.484918593784506,4325497.35,7.715,False,False,9.62
2021-08-09,8.62,8.68,8.27,8.52,3771050.0,32872199.0,209996625.0,0.01795766955778456,8.565999999999999,8.722999999999999,8.4405,7.859999999999999,59.860788668665656,4458964.85,7.743166666666666,False,False,9.62
2021-08-10,8.46,9.37,8.44,9.37,5899435.0,55862011.0,209996625.0,0.028092999113676232,8.712,8.77,8.52,7.898666666666666,63.34745743922365,4702721.6,7.767833333333333,False,False,9.62
2021-08-11,9.61,9.77,9.17,9.35,9547850.0,92711725.0,209996625.0,0.04546668309550213,8.858,8.838,8.6005,7.937,55.35714265943878,5105749.1,7.792833333333333,False,False,9.62
2021-08-12,9.24,9.43,9.09,9.24,4820390.0,46059445.0,209996625.0,0.02295460700856502,9.014,8.883,8.683,7.9735000000000005,53.84615365909526,5293566.1,7.814166666666667,False,False,9.62
2021-08-13,9.24,9.32,9.04,9.13,3445133.0,32675835.0,209996625.0,0.016405658900470424,9.122,8.879,8.758999999999999,8.007,42.898550550556614,5392975.25,7.838333333333334,False,False,9.62
2021-08-16,9.0,9.58,9.0,9.5,6639883.0,64706157.0,209996625.0,0.0316189986386686,9.318000000000001,8.942,8.854,8.047166666666667,59.677419085327784,5682499.4,7.859999999999999,False,False,9.62
2021-08-17,9.48,9.55,8.99,9.04,4063350.0,38817416.0,209996625.0,0.0193495966899468,9.252,8.982000000000001,8.922500000000001,8.078166666666666,55.55555532198865,5844216.9,7.898666666666666,False,False,9.62
2021-08-18,9.02,9.57,9.01,9.41,4706350.0,45616628.0,209996625.0,0.022411550661826114,9.264,9.061,8.9875,8.115333333333334,58.6592176477014,5876565.8,7.937,False,False,9.62
2021-08-19,9.37,10.09,9.3,9.75,7214474.0,72870325.0,209996625.0,0.03435519023222397,9.366,9.190000000000001,9.0285,8.157833333333334,58.19209016534202,5821789.8,7.9735000000000005,False,False,9.62
2021-08-20,9.6,9.77,9.29,9.33,6275222.0,61410706.0,209996625.0,0.02988248977810953,9.406,9.264,9.0485,8.190833333333334,56.28415279016993,5521439.8,8.007,False,False,9.75
2021-08-23,9.38,9.59,9.25,9.52,4717533.0,46241189.0,209996625.0,0.022464803898634086,9.41,9.364,9.0435,8.2285,62.1546958922194,5174095.2,8.047166666666667,False,False,9.75
2021-08-24,9.54,10.43,9.46,9.89,8592170.0,89058054.0,209996625.0,0.040915752812694016,9.580000000000002,9.416,9.093,8.2715,65.99496198389689,5221992.6,8.078166666666666,False,False,9.75
2021-08-25,9.98,10.2,9.58,10.11,7079333.0,73296135.0,209996625.0,0.03371165131820571,9.72,9.492,9.165000000000001,8.318666666666665,70.4714637750371,5229287.5,8.115333333333334,False,False,9.89
2021-08-26,10.03,10.49,9.94,10.14,5867350.0,62214332.0,209996625.0,0.02794021094386636,9.798,9.581999999999999,9.232499999999998,8.363000000000001,69.72010153280372,5306598.0,8.157833333333334,False,False,10.11
2021-08-27,10.13,10.24,9.91,9.95,4355200.0,45099455.0,209996625.0,0.02073938093052686,9.922,9.664,9.2715,8.4035,67.65432075378752,5279110.5,8.190833333333334,False,False,10.14
2021-08-30,10.07,10.12,9.73,10.0,4063350.0,41721459.0,209996625.0,0.0193495966899468,10.017999999999999,9.714,9.328,8.4415,59.6923074351716,5277593.25,8.2285,False,False,10.14
2021-08-31,10.0,10.03,9.62,9.74,4161006.0,42058172.0,209996625.0,0.01981463273516896,9.988,9.784,9.383000000000001,8.474833333333333,55.58739232715659,5303006.55,8.2715,False,False,10.14
2021-09-01,9.89,9.9,9.33,9.38,4297100.0,42383408.0,209996625.0,0.02046270981736016,9.842,9.781,9.421000000000001,8.500833333333334,51.871657559838724,5338943.95,8.318666666666665,False,False,10.14
2021-09-02,9.38,9.68,9.31,9.58,2681050.0,26364314.0,209996625.0,0.012767109947600348,9.73,9.764,9.477,8.527833333333334,55.87467342500118,5263733.95,8.363000000000001,True,False,10.14
2021-09-03,9.58,10.26,9.53,9.79,4587150.0,47033740.0,209996625.0,0.021843922491611472,9.698,9.809999999999999,9.537,8.558333333333334,53.950953472666654,5339218.95,8.4035,False,True,10.14
2021-09-06,9.83,9.97,9.6,9.85,2823503.0,28544705.0,209996625.0,0.013445468468838487,9.668000000000001,9.843,9.6035,8.592166666666666,62.385320833824316,5291841.6,8.4415,False,False,10.14
2021-09-07,9.85,9.87,9.57,9.7,3190050.0,31935804.0,209996625.0,0.015190958426117562,9.66,9.824000000000002,9.620000000000001,8.623,54.75409810932543,5156372.35,8.474833333333333,False,False,10.14
2021-09-08,9.7,9.95,9.66,9.79,2970341.0,30056750.0,209996625.0,0.014144708278049707,9.741999999999999,9.792,9.642,8.6565,50.71428546071427,4827496.9,8.500833333333334,False,False,10.14
2021-09-09,9.79,9.79,9.41,9.47,3503250.0,34502414.0,209996625.0,0.01668241096731912,9.719999999999999,9.725,9.6535,8.684166666666666,52.59259231989028,4761639.9,8.527833333333334,False,False,10.14
2021-09-10,9.48,9.58,9.27,9.29,2621200.0,25401960.0,209996625.0,0.012482105367169592,9.62,9.659,9.6615,8.709333333333335,45.72490682522353,4720443.25,8.558333333333334,True,False,10.14
2021-09-13,9.28,9.39,9.16,9.3,2147800.0,20600901.0,209996625.0,0.010227783422709769,9.51,9.589,9.6515,8.736166666666666,37.339055569636585,4495839.1,8.592166666666666,True,True,10.14
2021-09-14,9.3,9.43,9.05,9.12,3015800.0,28604282.0,209996625.0,0.014361183185682152,9.394,9.527000000000001,9.6555,8.754999999999999,28.38427930245423,4443461.6,8.623,True,True,10.14
2021-09-15,9.14,9.27,8.95,9.23,2828100.0,26579621.0,209996625.0,0.013467359296845843,9.282,9.511999999999999,9.6465,8.776166666666667,30.801687581762224,4349549.1,8.6565,True,True,10.14
2021-09-16,9.27,9.5,9.05,9.1,2980700.0,28681868.0,209996625.0,0.014194037642271631,9.207999999999998,9.464,9.614,8.796500000000002,31.601731410206,4137860.4,8.684166666666666,True,True,10.14
2021-09-17,9.12,9.39,8.99,9.08,2626150.0,24950960.0,209996625.0,0.012505677174573638,9.166,9.392999999999999,9.6015,8.817499999999999,29.82456122037553,3955406.8,8.709333333333335,True,True,10.14
2021-09-22,8.92,9.22,8.85,8.9,2716950.0,25264390.0,209996625.0,0.012938065076045864,9.086,9.297999999999998,9.5705,8.836666666666668,30.909090712396733,3855377.65,8.736166666666666,True,True,10.14
2021-09-23,8.9,9.34,8.9,9.2,3449350.0,32901363.0,209996625.0,0.016425740175586154,9.102,9.248,9.536,8.862333333333334,45.79439222377498,3598236.65,8.754999999999999,True,True,10.14
2021-09-24,9.22,9.22,8.87,8.92,2371850.0,22062971.0,209996625.0,0.011294705331573781,9.04,9.161,9.4765,8.882833333333332,35.135134913562226,3362862.5,8.776166666666667,True,True,10.14
2021-09-27,9.11,9.11,8.16,8.24,3768850.0,32840305.0,209996625.0,0.017947193198938317,8.867999999999999,9.038,9.381499999999999,8.893833333333333,21.189590967786557,3257937.5,8.796500000000002,True,True,10.14
2021-09-28,8.23,8.62,8.23,8.57,2803151.0,24601136.0,209996625.0,0.01334855262554815,8.766,8.966,9.3125,8.912,28.378378244156337,3180335.05,8.817499999999999,True,True,10.0
2021-09-29,8.5,8.66,8.23,8.23,1896637.0,16448462.0,209996625.0,0.009031749915028395,8.632,8.859,9.224,8.9215,26.666666548148186,3071999.4,8.836666666666668,True,True,10.0
2021-09-30,8.19,8.77,8.19,8.7,2344250.0,20747563.0,209996625.0,0.011163274647866364,8.532,8.816999999999998,9.172,8.939166666666665,34.56090637851199,2981161.6,8.862333333333334,True,True,9.85
2021-10-08,8.78,8.89,8.59,8.85,1796400.0,16192126.0,209996625.0,0.00855442319608708,8.518,8.779,9.1455,8.958166666666667,40.773809353918644,2856126.6,8.882833333333332,True,True,9.85
2021-10-11,8.83,8.99,8.7,8.78,1717194.0,15678183.0,209996625.0,0.008177245705734557,8.626,8.747,9.105500000000001,8.978166666666665,42.15384597226037,2807933.8,8.893833333333333,True,True,9.85
2021-10-12,8.78,8.89,8.32,8.6,2156642.0,19135971.0,209996625.0,0.010269888861309081,8.632,8.699,9.046,8.994333333333334,39.76608170855988,2686408.4,8.912,True,True,9.85
2021-10-13,8.61,8.65,8.41,8.58,1116850.0,9849026.0,209996625.0,0.005318418807921318,8.701999999999998,8.667,8.982499999999998,9.008833333333333,41.71779123188679,2601075.75,8.9215,True,True,9.85
2021-10-14,8.49,8.75,8.43,8.74,1196900.0,10713999.0,209996625.0,0.005699615410485764,8.709999999999999,8.621,8.9345,9.024833333333333,42.598187131004636,2501418.25,8.939166666666665,True,True,9.79
2021-10-15,8.73,8.84,8.61,8.66,1141600.0,10242721.0,209996625.0,0.005436277844941556,8.672,8.595,8.878,9.040166666666666,43.251533556588505,2409981.2,8.958166666666667,True,True,9.79
2021-10-18,8.72,8.85,8.56,8.75,1784650.0,16028934.0,209996625.0,0.008498469915885553,8.666,8.646,8.842,9.059499999999998,45.04504485566647,2324051.2,8.978166666666665,True,True,9.47
2021-10-19,8.75,8.82,8.54,8.57,1337487.0,11887791.0,209996625.0,0.00636908807462977,8.66,8.645999999999999,8.806,9.075500000000002,45.04504485566647,2259865.55,8.994333333333334,True,True,9.3
2021-10-20,8.57,8.67,8.53,8.59,1084750.0,9655187.0,209996625.0,0.00516555920839204,8.661999999999999,8.681999999999999,8.7705,9.092,39.99999981639344,2206713.05,9.008833333333333,True,True,9.3
2021-10-21,8.65,8.67,8.4,8.43,1262700.0,11028559.0,209996625.0,0.0060129537796143155,8.6,8.655000000000001,8.736,9.104666666666667,41.63822505701871,2119058.05,9.024833333333333,True,True,9.23
2021-10-22,8.34,8.41,8.14,8.22,1906150.0,16319344.0,209996625.0,0.009077050643075811,8.512,8.592,8.685500000000001,9.106500000000002,49.59349565271995,2072960.55,9.040166666666666,True,True,9.23
2021-10-25,8.43,8.43,8.1,8.26,1511000.0,12788772.0,209996625.0,0.0071953537348516915,8.414,8.54,8.6435,9.095333333333334,42.85714258064514,1999475.55,9.059499999999998,True,True,9.2
2021-10-26,8.44,8.56,8.12,8.22,3627550.0,31203979.0,209996625.0,0.017274325242131867,8.344,8.502,8.6005,9.083499999999999,49.732619948525844,2049545.55,9.075500000000002,True,True,9.2
2021-10-27,8.2,8.36,7.93,8.36,2911600.0,24601138.0,209996625.0,0.013864984734873716,8.298,8.48,8.5735,9.0625,38.96103860684767,2059278.05,9.092,True,True,9.2
2021-10-28,8.23,8.48,8.11,8.41,2684950.0,23119900.0,209996625.0,0.01278568167464596,8.294,8.447,8.534,9.054333333333334,34.72222188464504,2021058.05,9.104666666666667,True,True,9.2
2021-10-29,8.4,8.67,8.37,8.59,2518200.0,22208000.0,209996625.0,0.011991621293913653,8.368,8.440000000000001,8.5175,9.052999999999999,43.870967345681585,2028375.55,9.106500000000002,True,True,8.92
2021-11-01,8.55,8.8,8.52,8.64,2533040.0,22648771.0,209996625.0,0.012062289096312857,8.443999999999999,8.428999999999998,8.5375,9.0505,51.40845019738151,1966585.05,9.095333333333334,False,True,8.85
2021-11-02,8.62,8.89,8.61,8.73,3250610.0,29422271.0,209996625.0,0.01547934401326688,8.546000000000001,8.445,8.5455,9.043166666666666,55.03355652988607,1988958.0,9.083499999999999,False,False,8.85
2021-11-03,8.74,8.82,8.56,8.7,1667311.0,14926491.0,209996625.0,0.007939703792858575,8.614,8.456,8.568999999999999,9.040333333333335,48.529411265138386,1977491.7,9.0625,False,False,8.85
2021-11-04,8.84,9.19,8.71,9.19,4260034.0,39687809.0,209996625.0,0.020286202218726134,8.77,8.532,8.5935,9.049499999999998,64.97175089852853,2073280.9,9.054333333333334,False,False,8.85
2021-11-05,9.19,9.24,9.04,9.17,2179200.0,20576550.0,209996625.0,0.010377309635333424,8.886,8.626999999999999,8.6095,9.058666666666666,62.352940662975804,2092420.9,9.052999999999999,False,False,9.19
2021-11-08,9.31,9.44,9.16,9.27,2234440.0,21494218.0,209996625.0,0.010640361482000009,9.012,8.728,8.633999999999999,9.072166666666668,71.60493765279685,2118283.2,9.0505,False,False,9.19
2021-11-09,9.36,9.42,9.19,9.38,2046250.0,19738050.0,209996625.0,0.009744204222329763,9.142,8.844000000000001,8.673,9.085333333333333,73.09941460620367,2112763.6,9.043166666666666,False,False,9.27
2021-11-10,9.37,9.62,8.7,9.58,3349900.0,32532422.0,209996625.0,0.01595216113592302,9.318000000000001,8.966000000000001,8.723,9.103000000000002,82.85714219428576,2224416.1,9.040333333333335,False,False,9.38
2021-11-11,9.58,9.89,9.53,9.64,3529366.0,35500668.0,209996625.0,0.016806774870786613,9.408000000000001,9.089,8.768,9.1075,94.37499917421877,2341039.4,9.049499999999998,False,False,9.58
2021-11-12,9.67,9.81,9.62,9.73,2838000.0,28563934.0,209996625.0,0.013514502911653938,9.52,9.203,8.8215,9.113833333333332,94.5454537432507,2425859.4,9.058666666666666,False,False,9.64
2021-11-15,9.91,10.29,9.73,9.84,4134100.0,42316845.0,209996625.0,0.0196865068664794,9.634,9.322999999999999,8.876000000000001,9.123833333333332,97.09302246552187,2543331.9,9.072166666666668,False,False,9.73
2021-11-16,9.8,9.9,9.45,9.5,3560721.0,35282643.0,209996625.0,0.01695608679425205,9.658000000000001,9.4,8.922500000000001,9.129999999999999,79.68749941894531,2654493.6,9.085333333333333,False,False,9.84
2021-11-17,9.5,9.83,9.44,9.78,3402000.0,34093029.0,209996625.0,0.016200260361327237,9.698,9.508,8.982000000000001,9.134666666666666,81.86046458323416,2770356.1,9.103000000000002,False,False,9.84
2021-11-18,9.79,9.87,9.58,9.61,2552684.0,25611546.0,209996625.0,0.012155833456847223,9.691999999999998,9.55,9.041,9.144166666666667,73.83177521792295,2834855.3,9.1075,False,False,9.84
2021-11-19,9.71,9.72,9.38,9.63,3265570.0,32212869.0,209996625.0,0.015550583253421334,9.672,9.596,9.111500000000001,9.147833333333333,73.45971515239998,2902826.3,9.113833333333332,False,False,9.84
2021-11-22,9.63,10.35,9.51,10.2,5749050.0,59651006.0,209996625.0,0.027376868556816092,9.744,9.689,9.2085,9.155333333333335,78.37837795471145,3114728.8,9.123833333333332,False,False,9.84
2021-11-23,10.26,10.69,10.14,10.29,5233050.0,56271547.0,209996625.0,0.024919686209242647,9.901999999999997,9.78,9.312,9.171333333333333,79.99999957735851,3195003.8,9.129999999999999,False,False,10.2
2021-11-24,10.31,10.49,10.16,10.41,2975100.0,31829374.0,209996625.0,0.014167370547026648,10.028,9.863,9.4145,9.186166666666669,76.75438549361344,3198178.8,9.134666666666666,False,False,10.29
2021-11-25,10.41,10.48,10.11,10.28,2575150.0,27265986.0,209996625.0,0.012262816128592542,10.162,9.927,9.508,9.192666666666668,73.22175689326166,3192688.8,9.144166666666667,False,False,10.41
2021-11-26,10.23,11.3,10.19,10.96,7499550.0,84102080.0,209996625.0,0.03571271681152018,10.428,10.049999999999999,9.6265,9.206833333333332,78.45117808137492,3441756.3,9.147833333333333,False,False,10.41
2021-11-29,10.89,11.5,10.59,10.71,8177962.0,92515618.0,209996625.0,0.038943302064973664,10.53,10.137,9.73,9.216333333333333,71.38263633461192,3724002.4,9.155333333333335,False,False,10.96
2021-11-30,10.66,11.01,10.55,10.66,3899450.0,43390260.0,209996625.0,0.01856910795590167,10.604,10.253,9.8265,9.228166666666665,68.24324292047113,3756444.4,9.171333333333333,False,False,10.96
2021-12-01,10.7,10.98,10.69,10.9,3482851.0,39110631.0,209996625.0,0.01658527131090797,10.702000000000002,10.365,9.9365,9.243166666666667,70.06369395513,3847221.4,9.186166666666669,False,False,10.96
2021-12-02,10.9,10.94,10.58,10.65,3724371.0,41104343.0,209996625.0,0.017735385032973745,10.776,10.469,10.0095,9.258333333333333,63.93939366813589,3820438.25,9.192666666666668,False,False,10.96
2021-12-03,10.62,10.83,10.52,10.71,2184250.0,24184955.0,209996625.0,0.010401357640866847,10.726,10.577000000000002,10.0865,9.2805,63.384615111573964,3820690.75,9.206833333333332,False,False,10.96
2021-12-06,10.76,11.17,10.56,10.59,3823400.0,42743356.0,209996625.0,0.018206959278512215,10.702,10.616000000000001,10.1525,9.297333333333333,67.98679836573754,3900138.75,9.216333333333333,False,False,10.96
2021-12-07,10.66,10.8,10.2,10.29,2683450.0,28741226.0,209996625.0,0.01277853870270534,10.628,10.616,10.197999999999999,9.305666666666667,58.360655469819925,3931998.75,9.228166666666665,False,False,10.96
2021-12-08,10.45,10.45,10.16,10.27,1464950.0,15529010.0,209996625.0,0.006976064496274643,10.501999999999999,10.602,10.2325,9.312666666666667,61.37931004851366,3837751.25,9.243166666666667,False,False,10.96
2021-12-09,10.37,10.37,9.94,9.98,2258450.0,23429405.0,209996625.0,0.010754696652862874,10.367999999999999,10.572,10.2495,9.317333333333334,55.52050448666023,3774205.45,9.258333333333333,False,False,10.96
2021-12-10,9.98,10.22,9.96,10.17,1669100.0,17469658.0,209996625.0,0.00794822297739309,10.26,10.493,10.2715,9.323666666666666,49.462365343199615,3715760.45,9.2805,True,False,10.96
2021-12-13,10.2,10.24,9.94,10.19,2128500.0,22157013.0,209996625.0,0.010135877183740453,10.18,10.440999999999999,10.289,9.335666666666667,48.16176445799093,3615480.45,9.297333333333333,True,True,10.96
2021-12-14,10.11,10.3,10.03,10.23,1673950.0,17600561.0,209996625.0,0.007971318586667763,10.168000000000001,10.398,10.3255,9.351333333333333,46.5909088438361,3521141.9,9.305666666666667,True,True,10.96
2021-12-15,10.23,10.54,10.17,10.35,1891100.0,20241875.0,209996625.0,0.00900538282460492,10.184000000000001,10.343,10.354,9.368833333333333,51.33079820584366,3445596.9,9.312666666666667,True,True,10.96
2021-12-16,10.35,10.49,10.24,10.29,1624100.0,17329916.0,209996625.0,0.007733933819174475,10.246,10.307,10.388000000000002,9.388333333333332,33.33333310116083,3399167.7,9.317333333333334,True,True,10.96
2021-12-17,10.26,10.38,10.04,10.04,1660700.0,17441024.0,209996625.0,0.007908222334525615,10.219999999999999,10.239999999999998,10.4085,9.401833333333334,33.33333310116083,3318924.2,9.323666666666666,True,True,10.96
2021-12-20,9.97,10.14,9.86,9.99,2016250.0,20785208.0,209996625.0,0.009601344783517355,10.18,10.18,10.398,9.416666666666666,33.333333101160875,3132284.2,9.335666666666667,True,True,10.96
2021-12-21,10.1,10.33,9.92,10.28,1826210.0,19152822.0,209996625.0,0.008696377858453678,10.19,10.178999999999998,10.397499999999999,9.436666666666667,34.95145607314541,2961942.2,9.351333333333333,True,True,10.96
2021-12-22,10.25,10.35,10.01,10.03,1407071.0,14784687.0,209996625.0,0.006700445780973861,10.126,10.155,10.378499999999999,9.455499999999999,34.95145607314541,2883540.75,9.368833333333333,True,True,10.96
2021-12-23,10.03,10.13,9.62,9.65,3370100.0,34079904.0,209996625.0,0.016048353158056708,9.998000000000001,10.122,10.347,9.463,27.73109227385069,2923288.25,9.388333333333332,True,True,10.96
2021-12-24,9.69,9.85,9.51,9.62,2233350.0,22204372.0,209996625.0,0.010635170922389824,9.914,10.067,10.28,9.474666666666668,28.820960522491916,2659978.25,9.401833333333334,True,True,10.96
2021-12-27,9.49,9.82,9.49,9.72,1798200.0,18002052.0,209996625.0,0.008562994762415824,9.86,10.02,10.2305,9.499333333333334,36.36363612005222,2340990.15,9.416666666666666,True,True,10.9
2021-12-28,9.73,9.82,9.66,9.78,928800.0,9351822.0,209996625.0,0.004422928225632197,9.76,9.975,10.186499999999999,9.519499999999999,38.49765232912339,2192457.65,9.436666666666667,True,True,10.9
2021-12-29,9.8,10.2,9.8,9.93,2185000.0,22577069.0,209996625.0,0.010404929126837157,9.739999999999998,9.933,10.138,9.547833333333333,48.743718250044175,2127565.1,9.455499999999999,True,True,10.9
2021-12-30,9.87,10.02,9.87,9.97,816901.0,8405721.0,209996625.0,0.003890067280843204,9.803999999999998,9.901,10.104000000000001,9.568999999999999,44.56521705222119,1982191.6,9.463,True,True,10.71
2021-12-31,9.94,10.01,9.8,9.87,1227100.0,12554892.0,209996625.0,0.005843427245556923,9.854000000000001,9.884,10.062000000000001,9.586,41.666666362847224,1934334.1,9.474666666666668,True,True,10.71
2022-01-04,10.04,10.1,9.91,10.08,1214750.0,12595342.0,209996625.0,0.005784616776579148,9.925999999999998,9.892999999999999,10.0365,9.607666666666667,46.41148294269819,1803901.6,9.499333333333334,True,True,10.59
2022-01-05,10.14,10.15,9.73,9.81,1690050.0,17250724.0,209996625.0,0.008047986485497089,9.932,9.846,10.0125,9.627833333333335,37.94642833426343,1754231.6,9.519499999999999,False,True,10.35
2022-01-06,9.83,10.78,9.82,10.78,4226833.0,45628754.0,209996625.0,0.02012809967779244,10.102,9.921000000000001,10.038,9.6645,57.77777752098766,1892325.75,9.547833333333333,True,False,10.35
2022-01-07,10.98,11.36,10.38,10.57,7663300.0,84688168.0,209996625.0,0.036492491248371256,10.222,10.013,10.067499999999999,9.694999999999999,58.5209000581053,2162568.25,9.568999999999999,False,True,10.78
2022-01-10,10.59,11.63,10.58,11.63,7980800.0,92070094.0,209996625.0,0.03800442030913592,10.574,10.214,10.1405,9.744499999999999,69.90291238382505,2478153.25,9.586,False,False,10.78
2022-01-11,12.08,12.79,11.11,11.46,20604649.0,254694794.0,209996625.0,0.09811895310222248,10.85,10.388,10.203999999999999,9.789666666666667,64.74999977337501,3401960.7,9.607666666666667,False,False,11.63
2022-01-12,11.38,11.44,10.76,11.17,10126731.0,115618304.0,209996625.0,0.04822330358880768,11.122,10.527,10.251000000000001,9.832999999999998,64.10891066892951,3824599.75,9.627833333333335,False,False,11.63
2022-01-13,11.05,11.45,10.86,11.07,7234593.0,83618204.0,209996625.0,0.03445099653387287,11.18,10.641,10.287,9.874333333333334,68.88297846692505,4091774.4,9.6645,False,False,11.63
2022-01-14,11.09,11.26,10.97,11.07,4349078.0,49930338.0,209996625.0,0.02071022808104654,11.28,10.751000000000001,10.325999999999999,9.918333333333333,69.43699705841343,4228023.3,9.694999999999999,False,False,11.63
2022-01-17,10.91,11.05,10.81,10.92,3744522.0,42241963.0,209996625.0,0.01783134371802404,11.138000000000002,10.856,10.370000000000001,9.963333333333333,65.87301562904173,4332214.4,9.744499999999999,False,False,11.63
2022-01-18,10.89,10.92,10.61,10.65,3982000.0,44070985.0,209996625.0,0.018962209511700485,10.976,10.913,10.403,10.003166666666665,60.902255425405635,4430501.9,9.789666666666667,False,False,11.63
2022-01-19,10.65,10.8,10.55,10.7,2153972.0,23828503.0,209996625.0,0.010257174371254776,10.882,11.001999999999999,10.424000000000001,10.044500000000001,59.89717202093562,4446890.0,9.832999999999998,False,False,11.63
2022-01-20,10.78,10.85,10.02,10.08,5276700.0,56267608.0,209996625.0,0.025127546692714706,10.684000000000001,10.931999999999999,10.4265,10.073166666666667,51.23042489547517,4640371.45,9.874333333333334,False,False,11.63
2022-01-21,10.06,10.31,9.92,10.25,3024965.0,31771607.0,209996625.0,0.014404826744239341,10.52,10.9,10.4565,10.103833333333332,54.18502185934136,4623114.7,9.918333333333333,True,False,11.63
2022-01-24,10.21,10.66,10.06,10.49,2351251.0,25316943.0,209996625.0,0.011196613278903887,10.434000000000001,10.786,10.5,10.1355,54.485776638336795,4629009.75,9.963333333333333,True,True,11.63
2022-01-25,10.5,10.62,9.94,9.95,2521450.0,26670926.0,209996625.0,0.01200709773311833,10.294,10.635,10.511500000000002,10.157333333333334,51.446280842923976,4665172.25,10.003166666666665,True,True,11.63
2022-01-26,9.94,10.24,9.94,10.07,1437600.0,14980759.0,209996625.0,0.006845824307890662,10.168,10.525,10.526,10.179666666666666,41.10275674801039,4690612.25,10.044500000000001,True,True,11.63
2022-01-27,10.06,10.15,9.64,9.71,2248900.0,22758741.0,209996625.0,0.01070921973150759,10.094,10.389000000000001,10.515,10.196499999999999,39.613526436089536,4693807.25,10.073166666666667,True,True,11.63
2022-01-28,9.74,10.19,9.74,10.02,1957150.0,20244697.0,209996625.0,0.009319911689056907,10.047999999999998,10.284,10.5175,10.210333333333333,26.253687207211883,4750819.7,10.103833333333332,True,True,11.63
2022-02-07,10.21,10.42,10.04,10.3,2422300.0,25761992.0,209996625.0,0.011534947287843317,10.010000000000002,10.222,10.539,10.229166666666666,33.428571294857136,4810579.7,10.1355,True,True,11.63
2022-02-08,10.28,10.81,10.24,10.76,3864600.0,42377621.0,209996625.0,0.01840315290781459,10.172,10.233,10.573,10.254,44.414168767902346,4943072.2,10.157333333333334,True,True,11.63
2022-02-09,10.75,10.96,10.65,10.79,2285950.0,25502627.0,209996625.0,0.010885651138440915,10.315999999999999,10.242,10.622,10.2775,46.1111109317901,4972867.2,10.179666666666666,False,True,11.63
2022-02-10,10.79,10.9,10.65,10.76,1908900.0,21180036.0,209996625.0,0.009090146091633616,10.526,10.31,10.621,10.297166666666666,45.7300273718401,4856970.55,10.196499999999999,False,False,11.63
2022-02-11,10.74,10.76,10.49,10.54,2462350.0,26993894.0,209996625.0,0.011725664638657884,10.63,10.339,10.6195,10.312166666666664,44.86486469510591,4596923.05,10.210333333333333,False,False,11.63
2022-02-14,10.53,11.0,10.46,10.83,3042050.0,34030182.0,209996625.0,0.014486185194643009,10.736,10.373,10.5795,10.3305,52.419354641432534,4349985.55,10.229166666666666,True,False,11.63
2022-02-15,10.88,11.11,10.71,10.91,2733350.0,30827593.0,209996625.0,0.013016161569263315,10.766,10.469000000000001,10.552000000000001,10.348333333333333,52.799999802880016,3456420.6,10.254,False,True,11.46
2022-02-16,10.9,11.02,10.72,10.83,1540550.0,17196846.0,209996625.0,0.007336070282081914,10.774000000000001,10.545,10.535,10.3705,61.68224272163508,3027111.55,10.2775,False,False,11.17
2022-02-17,10.78,11.03,10.69,10.74,1901600.0,21281132.0,209996625.0,0.009055383628189263,10.77,10.648,10.5185,10.386500000000002,57.82747577968541,2760461.9,10.297166666666666,False,False,11.07
2022-02-18,10.66,10.89,10.58,10.88,1721950.0,19247319.0,209996625.0,0.008199893688767617,10.838000000000001,10.734,10.509,10.407666666666668,56.4356433035977,2629105.5,10.312166666666664,False,False,11.07
2022-02-21,10.97,10.97,10.75,10.79,1828845.0,20461416.0,209996625.0,0.008708925679162701,10.83,10.783,10.5025,10.427,66.27906940778797,2533321.65,10.3305,False,False,10.92
2022-02-22,10.74,11.21,10.68,11.0,4096121.0,46436606.0,209996625.0,0.019505651578924185,10.848,10.806999999999999,10.52,10.440333333333333,67.41572998358791,2539027.7,10.348333333333333,False,False,10.91
2022-02-23,11.03,11.06,10.76,11.04,2633050.0,29725056.0,209996625.0,0.012538534845500493,10.889999999999999,10.831999999999999,10.537,10.452833333333334,78.29787187397008,2562981.6,10.3705,False,False,11.0
2022-02-24,11.02,11.37,10.64,10.93,4520495.0,51548858.0,209996625.0,0.02152651262847677,10.928,10.849,10.5795,10.4615,71.16279023428879,2525171.35,10.386500000000002,False,False,11.04
2022-02-25,10.97,11.28,10.97,11.26,3575700.0,41246521.0,209996625.0,0.017027416512051086,11.004,10.921000000000001,10.63,10.477833333333333,71.818181361157,2552708.1,10.407666666666668,False,False,11.04
2022-02-28,11.27,11.44,11.1,11.22,3187700.0,37086995.0,209996625.0,0.015179767770077257,11.09,10.96,10.666500000000001,10.482166666666668,62.921347819719756,2594530.55,10.427,False,False,11.26
2022-03-01,11.36,11.38,10.9,10.98,4806496.0,54841388.0,209996625.0,0.022888444040469698,11.086,10.966999999999999,10.718,10.486666666666668,54.773868961389894,2708782.85,10.440333333333333,False,False,11.26
2022-03-02,11.02,11.34,10.98,11.24,3857745.0,44693510.0,209996625.0,0.018370509526045953,11.126000000000001,11.008,10.7765,10.496333333333334,60.81081042731921,2829790.1,10.452833333333334,False,False,11.26
2022-03-03,11.36,11.36,11.07,11.12,2337300.0,26961447.0,209996625.0,0.011130178877874822,11.164,11.046000000000001,10.847,10.5,63.67924486249554,2834210.1,10.4615,False,False,11.26
2022-03-04,10.98,11.14,10.54,10.65,3725500.0,41655021.0,209996625.0,0.017740761309854386,11.042,11.023,10.878499999999999,10.5,46.08695624120984,2922627.6,10.477833333333333,False,False,11.26
2022-03-07,10.53,10.83,10.5,10.61,2602200.0,28727452.0,209996625.0,0.0123916277225884,10.919999999999998,11.004999999999999,10.894,10.498333333333333,43.36283158978776,2931622.6,10.482166666666668,True,False,11.26
2022-03-08,10.61,10.74,10.07,10.12,2474787.0,26302168.0,209996625.0,0.011784889400008214,10.748,10.917,10.862,10.4905,36.7041196577312,2862131.95,10.486666666666668,True,True,11.26
2022-03-09,10.11,10.33,9.59,10.05,2262850.0,23309086.0,209996625.0,0.01077564937055536,10.51,10.818,10.825,10.4865,36.981131880099696,2860976.95,10.496333333333334,True,True,11.26
2022-03-10,10.15,10.29,10.01,10.06,1754450.0,18466995.0,209996625.0,0.008354658080814394,10.298,10.731,10.79,10.483,33.73015854276896,2853254.45,10.5,True,True,11.26
2022-03-11,9.96,10.09,9.69,10.09,1858126.0,19030539.0,209996625.0,0.008848361253424907,10.186,10.614,10.7675,10.484833333333333,35.77235751999471,2823043.25,10.5,True,True,11.26
2022-03-14,10.01,10.01,9.54,9.58,1997000.0,20126329.0,209996625.0,0.009509676643612726,9.98,10.45,10.705000000000002,10.475,24.275362195704645,2770790.75,10.498333333333333,True,True,11.26
2022-03-15,9.58,9.75,8.9,8.9,2454050.0,23441693.0,209996625.0,0.011686140193919782,9.736,10.242,10.604499999999998,10.4535,18.52941168840829,2756825.75,10.4905,True,True,11.26
2022-03-16,9.01,9.19,8.77,9.17,2581450.0,24149130.0,209996625.0,0.012292816610743149,9.559999999999999,10.035,10.5215,10.435833333333333,25.28089877698521,2808870.75,10.4865,True,True,11.26
2022-03-17,9.29,9.55,9.02,9.06,2110100.0,20138878.0,209996625.0,0.010048256727935509,9.36,9.828999999999999,10.4375,10.414333333333333,17.065868191939458,2819295.75,10.483,True,True,11.26
2022-03-18,9.0,9.35,8.99,9.24,2741000.0,26195784.0,209996625.0,0.01305259072616048,9.190000000000001,9.687999999999999,10.355500000000001,10.396833333333335,21.551724051228675,2870248.25,10.484833333333333,True,True,11.26
2022-03-21,9.25,9.29,9.09,9.28,1890250.0,18017084.0,209996625.0,0.009001335140505235,9.13,9.555,10.28,10.384166666666665,24.08536575085509,2873318.5,10.475,True,True,11.26
2022-03-22,9.29,9.67,9.19,9.49,3169250.0,31011999.0,209996625.0,0.015091909215207625,9.248,9.492,10.2045,10.375833333333333,22.91021661896498,2826974.95,10.4535,True,True,11.26
2022-03-23,9.48,9.64,9.33,9.41,1900900.0,18546195.0,209996625.0,0.00905205024128364,9.296,9.428,10.123000000000001,10.361333333333333,23.19749206120221,2790367.45,10.435833333333333,True,True,11.26
2022-03-24,9.34,9.38,9.12,9.17,1318450.0,12565611.0,209996625.0,0.00627843423674071,9.318000000000001,9.339,10.035,10.347000000000001,24.999999881756736,2630265.2,10.414333333333333,True,True,11.26
2022-03-25,9.19,9.29,9.09,9.1,1915400.0,18227200.0,209996625.0,0.00912109897004297,9.290000000000001,9.239999999999998,9.927,10.337833333333332,24.74916376371627,2547250.2,10.396833333333335,True,True,11.26
2022-03-28,9.01,9.15,8.91,8.99,2053300.0,19133789.0,209996625.0,0.00977777619045068,9.232,9.181000000000001,9.8155,10.327333333333334,28.352490269373604,2490530.2,10.384166666666665,True,True,11.24
2022-03-29,8.98,9.11,8.76,8.84,1592900.0,14647103.0,209996625.0,0.007585360002809569,9.102,9.175,9.708499999999999,10.312666666666667,27.509293537126325,2329850.4,10.375833333333333,True,True,11.24
2022-03-30,8.92,9.04,8.82,9.0,1760950.0,15989401.0,209996625.0,0.008385610959223749,9.02,9.158,9.596499999999999,10.299666666666667,31.33802801453082,2225010.65,10.361333333333333,True,True,11.24
2022-03-31,9.06,9.12,8.95,9.05,1351300.0,12435090.0,209996625.0,0.0064348653222402975,8.995999999999999,9.157,9.493,10.285,31.8181816624285,2175710.65,10.347000000000001,True,True,11.12
2022-04-01,8.89,9.06,8.77,8.87,1670500.0,15043296.0,209996625.0,0.007954889751204335,8.95,9.120000000000001,9.404,10.266666666666667,35.968379247605796,2072960.65,10.337833333333332,True,True,10.65
2022-04-06,8.86,9.18,8.81,9.18,1968850.0,18206306.0,209996625.0,0.009375626870193747,8.988,9.110000000000001,9.3325,10.255166666666668,56.48148111539778,2041293.15,10.327333333333334,True,True,10.61
2022-04-07,9.13,9.14,8.85,8.87,1823500.0,16566033.0,209996625.0,0.008683472889147623,8.994,9.047999999999998,9.27,10.235000000000001,43.18181790702479,2008728.8,10.312666666666667,True,True,10.12
2022-04-08,8.85,8.94,8.62,8.71,1570250.0,13974781.0,209996625.0,0.0074775011265062,8.936,8.978,9.203,10.216666666666667,42.222221959506186,1974098.8,10.299666666666667,True,True,10.09
2022-04-11,8.63,8.8,8.56,8.67,1513600.0,13337297.0,209996625.0,0.007207734886215433,8.86,8.928,9.133500000000002,10.1815,36.49289075312775,1962056.3,10.285,True,True,10.09
2022-04-12,8.61,8.82,8.56,8.82,1928050.0,17090437.0,209996625.0,0.00918133803340887,8.85,8.9,9.07,10.152333333333333,39.639639389659976,1965552.5,10.266666666666667,True,True,10.09
2022-04-13,8.81,8.84,8.63,8.71,870200.0,7727255.0,209996625.0,0.004143876121818624,8.756,8.872,9.0265,10.103666666666667,31.603773376201545,1909212.5,10.255166666666668,True,True,9.58
2022-04-14,8.72,8.84,8.65,8.73,1006900.0,8961748.0,209996625.0,0.004794838964673837,8.728,8.861,9.018,10.058166666666667,33.49514540343108,1836855.0,10.235000000000001,True,True,9.49
2022-04-15,8.73,8.84,8.49,8.64,1543200.0,13501098.0,209996625.0,0.007348689532510344,8.714,8.825,8.991499999999998,10.016,36.12565418546644,1784942.5,10.216666666666667,True,True,9.49
2022-04-18,8.56,8.81,8.47,8.79,1162800.0,10252031.0,209996625.0,0.0055372318483689915,8.738000000000001,8.799,8.978,9.978,42.2110549794197,1737577.5,10.1815,True,True,9.49
2022-04-19,8.74,8.84,8.42,8.55,3290104.0,28639971.0,209996625.0,0.015667413702482123,8.684000000000001,8.767,8.943499999999998,9.936,39.62264124777502,1765032.7,10.152333333333333,True,True,9.49
2022-04-20,8.49,8.69,8.42,8.49,3033576.0,26369105.0,209996625.0,0.014445832165159798,8.639999999999999,8.698,8.904,9.8955,41.37931005945305,1822199.0,10.103666666666667,True,True,9.49
2022-04-21,8.49,8.49,7.96,7.97,2918250.0,24184958.0,209996625.0,0.013896651910477132,8.488,8.608,8.828,9.850833333333334,28.45188267852454,1809649.0,10.058166666666667,True,True,9.49
2022-04-22,7.97,8.76,7.95,8.07,2992647.0,24804334.0,209996625.0,0.014250929032788026,8.374,8.544,8.761,9.806999999999999,29.91803261522439,1864236.35,10.016,True,True,9.41
2022-04-25,7.67,8.44,7.34,7.4,3675400.0,28981632.0,209996625.0,0.01750218604703766,8.096,8.417,8.6725,9.762333333333334,24.91467564887185,1982083.85,9.978,True,True,9.18
2022-04-26,7.31,7.62,7.23,7.34,2914450.0,21984186.0,209996625.0,0.013878556381560894,7.854000000000001,8.269000000000002,8.5845,9.713833333333334,15.671641709177962,2032036.35,9.936,True,True,9.18
2022-04-27,7.36,7.92,7.19,7.76,2552581.0,19632728.0,209996625.0,0.012155342972773967,7.708,8.174,8.523,9.668333333333333,30.10752673064323,2057000.4,9.8955,True,True,9.18
2022-04-28,7.69,7.8,7.5,7.62,2228400.0,17258935.0,209996625.0,0.010611599114985777,7.638,8.062999999999999,8.462,9.6295,30.324909594025712,2088775.4,9.850833333333334,True,True,9.18
2022-04-29,7.67,8.08,7.67,7.95,1909400.0,15364380.0,209996625.0,0.00909252708228049,7.614,7.9940000000000015,8.409500000000001,9.594166666666668,38.23529394271433,2096197.9,9.806999999999999,True,True,9.18
2022-05-05,8.0,8.07,7.85,7.97,1035795.0,8416806.0,209996625.0,0.004932436414156656,7.728,7.912000000000001,8.355500000000001,9.565166666666666,35.49488037647495,2080422.65,9.762333333333334,True,True,9.18
2022-05-06,7.77,7.99,7.77,7.9,1092600.0,8761039.0,209996625.0,0.005202940761547954,7.839999999999999,7.8469999999999995,8.306999999999999,9.529833333333334,35.98615899522274,2051527.65,9.713833333333334,True,True,9.18
2022-05-09,7.89,8.14,7.83,8.01,1154500.0,9422565.0,209996625.0,0.005497707403630892,7.890000000000001,7.7989999999999995,8.2485,9.491666666666667,37.91946290910317,2010810.15,9.668333333333333,True,True,9.18
2022-05-10,7.99,8.2,7.93,8.14,1413800.0,11659194.0,209996625.0,0.006732489153099484,7.994,7.816,8.212,9.448,41.72185411122319,1990325.15,9.6295,True,True,8.87
2022-05-11,8.11,8.3,8.05,8.07,1123400.0,9347128.0,209996625.0,0.005349609785395361,8.017999999999999,7.816,8.180000000000001,9.402666666666667,37.75510186103015,1967982.65,9.594166666666668,True,True,8.82
2022-05-12,8.07,8.26,7.97,8.13,1042950.0,8596321.0,209996625.0,0.004966508390313416,8.05,7.889,8.153,9.358833333333333,42.391304132797735,1944450.15,9.565166666666666,True,True,8.82
2022-05-13,8.08,8.23,8.04,8.13,867400.0,7169887.0,209996625.0,0.0041305425741961325,8.096,7.967999999999999,8.118500000000001,9.318666666666667,43.333333108641995,1891417.65,9.529833333333334,True,True,8.82
2022-05-16,8.16,8.21,8.05,8.15,809945.0,6699160.0,209996625.0,0.0038569429389639,8.124,8.007000000000001,8.0905,9.274000000000001,54.09090874669423,1888404.9,9.491666666666667,False,True,8.79
2022-05-17,8.16,8.19,8.02,8.12,789700.0,6496693.0,209996625.0,0.003760536627671992,8.120000000000001,8.056999999999999,8.059999999999999,9.227500000000001,51.173708583834745,1877544.9,9.448,False,False,8.79
2022-05-18,8.12,8.32,8.1,8.24,1259400.0,10575952.0,209996625.0,0.00599723924134495,8.154,8.086,8.040000000000001,9.184333333333335,76.58227780243548,1863354.9,9.402666666666667,False,False,8.79
2022-05-19,8.13,8.27,8.07,8.23,821500.0,6858296.0,209996625.0,0.003911967632813146,8.174,8.112,8.012,9.1425,79.08496659660815,1846289.9,9.358833333333333,False,False,8.79
2022-05-20,8.3,8.3,8.18,8.26,1189550.0,9974045.0,209996625.0,0.005664614847976724,8.2,8.148,7.9975000000000005,9.098833333333333,71.92982367805479,1741262.2,9.318666666666667,False,False,8.55
2022-05-23,8.29,8.45,8.26,8.42,1197250.0,10218674.0,209996625.0,0.005701282103938575,8.254,8.189,7.994,9.059333333333335,84.48275760107013,1649445.9,9.274000000000001,False,False,8.49
2022-05-24,8.73,8.75,8.32,8.44,3564595.0,30759947.0,209996625.0,0.016974534709784026,8.318000000000001,8.219,8.0175,9.016666666666667,78.82352811349477,1681763.15,9.227500000000001,False,False,8.42
2022-05-25,8.34,8.79,8.34,8.59,2952300.0,25842473.0,209996625.0,0.014058797373529218,8.388,8.271,8.0435,8.975833333333332,81.63265189504371,1679745.8,9.184333333333335,False,False,8.44
2022-05-26,8.6,9.15,8.52,8.91,3824995.0,34182842.0,209996625.0,0.01821455463867574,8.524000000000001,8.349,8.119,8.942166666666667,91.0569095326855,1687225.55,9.1425,False,False,8.59
2022-05-27,8.91,9.03,8.82,8.89,2671350.0,24162922.0,209996625.0,0.012720918729051003,8.65,8.425,8.1965,8.902666666666667,88.59649014004306,1675070.55,9.098833333333333,False,False,8.91
2022-05-30,8.94,9.02,8.77,8.92,1660450.0,14954260.0,209996625.0,0.007907031839202178,8.75,8.501999999999999,8.2545,8.864333333333333,87.49999882211534,1630464.0,9.059333333333335,False,False,8.91
2022-05-31,8.92,8.99,8.85,8.92,1507250.0,13678137.0,209996625.0,0.00717749630500014,8.846,8.582,8.319500000000001,8.83,93.81443163566794,1594406.5,9.016666666666667,False,False,8.92
2022-06-01,8.92,9.04,8.88,8.93,1206900.0,10996823.0,209996625.0,0.005747235223423234,8.914,8.651,8.368500000000001,8.791500000000001,93.47825944706992,1559281.5,8.975833333333332,False,False,8.92
2022-06-02,8.92,9.05,8.9,9.03,1347694.0,12305838.0,209996625.0,0.0064176936176950465,8.937999999999999,8.730999999999998,8.421499999999998,8.756666666666666,94.11764576701265,1574876.45,8.942166666666667,False,False,8.93
2022-06-06,9.02,9.1,8.96,9.02,1781850.0,16350746.0,209996625.0,0.008485136368263061,8.963999999999999,8.807,8.477500000000001,8.7295,93.06930564062345,1609338.95,8.902666666666667,False,False,9.03
2022-06-07,8.96,9.08,8.94,9.01,1430000.0,13097297.0,209996625.0,0.006809633250058186,8.982,8.866,8.5275,8.702833333333333,94.94949360677494,1623113.95,8.864333333333333,False,False,9.03
2022-06-08,9.02,9.26,8.75,8.88,2280950.0,20846071.0,209996625.0,0.01086184123197218,8.974,8.91,8.5645,8.682166666666665,81.99999885200016,1666471.45,8.83,False,False,9.03
2022-06-09,8.88,8.88,8.62,8.68,1437050.0,12743185.0,209996625.0,0.006843205218179101,8.924,8.919,8.595,8.659333333333334,68.90756221453289,1682153.95,8.791500000000001,False,False,9.03
2022-06-10,8.63,8.79,8.58,8.75,1067550.0,9492829.0,209996625.0,0.005083653130139591,8.867999999999999,8.903,8.626,8.6375,69.91869839116931,1683383.95,8.756666666666666,False,False,9.03
2022-06-13,8.65,8.86,8.65,8.77,1041000.0,9283182.0,209996625.0,0.004957222526790609,8.818000000000001,8.891,8.658,8.615499999999999,66.05504502314622,1692063.95,8.7295,False,False,9.03
2022-06-14,8.75,8.81,8.53,8.81,1247050.0,10986637.0,209996625.0,0.005938428772367175,8.778,8.879999999999999,8.690999999999999,8.602666666666666,66.66666582582589,1713919.2,8.702833333333333,False,False,9.03
2022-06-15,8.81,8.9,8.67,8.77,1559245.0,13967327.0,209996625.0,0.007425095522368514,8.756,8.865,8.723499999999998,8.6005,58.999999173999996,1752396.45,8.682166666666665,False,False,9.03
2022-06-16,8.75,8.91,8.7,8.77,1029600.0,9201156.0,209996625.0,0.004902935940041894,8.774000000000001,8.849,8.75,8.593833333333333,39.7058815354671,1740906.45,8.659333333333334,False,False,9.03
2022-06-17,8.7,8.84,8.66,8.79,920395.0,8206609.0,209996625.0,0.0043829037728582545,8.782,8.825,8.777999999999999,8.589333333333334,42.64705794550164,1745851.2,8.6375,False,False,9.03
2022-06-20,8.8,9.54,8.8,9.37,3786424.0,35602827.0,209996625.0,0.018030880258194625,8.902,8.86,8.833499999999999,8.5915,68.29268214951415,1875694.9,8.615499999999999,False,False,9.03
2022-06-21,9.37,9.48,9.29,9.42,2426650.0,23123877.0,209996625.0,0.011555661906471115,9.024000000000001,8.901,8.883500000000002,8.593833333333333,69.53124923950195,1937164.9,8.602666666666666,False,False,9.37
2022-06-22,9.42,9.82,9.31,9.51,2613350.0,25305033.0,209996625.0,0.012444723814013677,9.172,8.963999999999999,8.937000000000001,8.594166666666666,71.32352867755189,1889602.65,8.6005,False,False,9.42
2022-06-23,9.54,10.23,9.52,10.13,5298550.0,53534869.0,209996625.0,0.025231595983983075,9.443999999999999,9.109,9.014,8.606166666666667,79.25531855873699,2006915.15,8.593833333333333,False,False,9.51
2022-06-24,10.5,11.14,10.13,11.14,6075469.0,66637611.0,209996625.0,0.02893126972873969,9.913999999999998,9.348,9.1255,8.639000000000001,86.8055551335841,2119438.85,8.589333333333334,False,False,10.13
2022-06-27,12.25,12.25,11.33,12.25,12028900.0,147789825.0,209996625.0,0.05728139678435308,10.49,9.696000000000002,9.2935,8.6915,90.70351726888208,2587316.35,8.5915,False,False,11.14
2022-06-28,13.47,13.48,12.62,13.48,10496424.0,142260002.0,209996625.0,0.04998377473923688,11.302,10.163,9.5215,8.766333333333334,95.27559028861054,3029115.05,8.593833333333333,False,False,12.25
2022-06-29,14.75,14.83,13.47,14.83,33231443.0,493395661.0,209996625.0,0.1582475099302191,12.366,10.769,9.817,8.866166666666665,99.35794520208486,4615324.7,8.594166666666666,False,False,13.48
2022-06-30,14.63,14.75,13.34,13.77,21899025.0,310476394.0,209996625.0,0.10428274740129752,13.094,11.269,10.059000000000001,8.945666666666666,84.7645427719247,5649930.95,8.606166666666667,False,False,14.83
2022-07-01,13.77,15.14,13.77,15.14,13619752.0,204283931.0,209996625.0,0.06485700424947306,13.894,11.904,10.364500000000001,9.047166666666667,87.1645272788444,6263533.85,8.639000000000001,False,False,14.83
2022-07-04,16.32,16.66,14.52,16.66,10493161.0,171358440.0,209996625.0,0.04996823639427538,14.776,12.633,10.746500000000001,9.177,89.05472624410285,6699099.4,8.6915,False,False,15.14
2022-07-05,17.15,18.32,17.04,17.4,30459544.0,555721860.0,209996625.0,0.14504777874406316,15.559999999999999,13.431000000000001,11.166,9.314,90.1395347663299,8150576.6,8.766333333333334,False,False,16.66
2022-07-06,15.65,18.34,15.65,17.18,27775254.0,472603011.0,209996625.0,0.13226523997707107,16.03,14.198000000000002,11.581,9.452500000000002,88.33181392555649,9425291.8,8.866166666666665,False,False,17.4
2022-07-07,17.18,18.67,16.31,17.49,23481901.0,422055673.0,209996625.0,0.11182037330361858,16.774,14.934000000000001,12.0215,9.598833333333333,88.63232671040386,10527534.35,8.945666666666666,False,False,17.4
2022-07-08,18.07,18.33,16.82,17.71,15789200.0,281129411.0,209996625.0,0.07518787504322987,17.288,15.591,12.4695,9.749500000000001,88.2568806205875,11263616.85,9.047166666666667,False,False,17.49
2022-07-11,17.72,17.78,16.38,17.31,9726250.0,167927959.0,209996625.0,0.046316220558306594,17.418,16.097,12.8965,9.891,85.06666656080591,11697879.35,9.177,False,False,17.71
2022-07-12,17.19,19.04,17.12,18.21,18967708.0,353013115.0,209996625.0,0.090323870681255,17.580000000000002,16.57,13.366499999999998,10.049333333333331,86.06965164137851,12583912.25,9.314,False,False,17.71
2022-07-13,17.66,19.67,17.41,18.29,17811794.0,338075423.0,209996625.0,0.08481942983607475,17.802,16.916,13.842500000000001,10.208666666666668,85.41666656286168,13396539.7,9.452500000000002,False,False,18.21
2022-07-14,18.35,20.12,18.06,20.12,16710517.0,333547960.0,209996625.0,0.07957516936284095,18.328,17.551000000000002,14.41,10.4,86.38573734121553,14180585.55,9.598833333333333,False,False,18.29
2022-07-15,20.4,22.13,20.4,22.13,8416895.0,185744642.0,209996625.0,0.040081096541432513,19.212,18.25,15.077000000000002,10.622333333333334,87.31117815541113,14555410.55,9.749500000000001,False,False,20.12
2022-07-18,23.78,24.29,20.77,22.61,28623695.0,672246995.0,209996625.0,0.13630550014791903,20.272,18.845,15.738999999999999,10.856666666666667,86.54923929450044,15797274.1,9.891,False,False,22.13
2022-07-19,22.9,23.58,21.44,22.49,21975072.0,505295091.0,209996625.0,0.1046448817927431,21.128,19.354,16.3925,11.09,84.01420948701606,16774695.2,10.049333333333331,False,False,22.61
2022-07-20,21.87,22.72,20.69,21.57,16990350.0,372445418.0,209996625.0,0.08090772887421405,21.784,19.793,16.9955,11.316666666666666,85.0719423389382,17493545.2,10.208666666666668,False,False,22.61
2022-07-21,20.95,22.4,20.66,21.44,13044651.0,286130868.0,209996625.0,0.06211838404545787,22.048,20.188,17.561,11.539499999999999,81.88259097708945,17880850.25,10.4,False,False,22.61
2022-07-22,21.66,22.42,20.76,21.04,10432250.0,229364825.0,209996625.0,0.04967817935169196,21.830000000000002,20.520999999999997,18.056,11.766833333333333,74.99999988013698,18098689.3,10.622333333333334,False,False,22.61
2022-07-25,21.54,21.61,19.47,19.67,12728420.0,261048427.0,209996625.0,0.06061249793895497,21.242,20.756999999999998,18.427,11.972333333333331,62.08732685098803,18133665.3,10.856666666666667,False,False,22.61
2022-07-26,19.74,20.5,19.18,19.59,9025400.0,180197935.0,209996625.0,0.04297878596858402,20.662,20.895000000000003,18.732499999999998,12.1695,63.027026931634765,18060114.1,11.09,False,False,22.61
2022-07-27,19.79,20.8,19.08,20.34,7860550.0,159608386.0,209996625.0,0.03743179205856285,20.416,21.1,19.008000000000003,12.381499999999999,64.70588225945485,16791569.45,11.316666666666666,False,False,22.61
2022-07-28,20.36,21.76,19.96,21.18,10253548.0,217973114.0,209996625.0,0.04882720377053679,20.363999999999997,21.206,19.3785,12.602,66.82832192671225,16209295.6,11.539499999999999,False,False,22.61
2022-07-29,20.94,21.24,20.17,20.83,7434300.0,155621793.0,209996625.0,0.03540199753210319,20.322000000000003,21.076,19.663,12.816333333333334,67.15399600973137,15900023.0,11.766833333333333,False,False,22.61
2022-08-01,20.86,21.24,19.18,19.87,11417750.0,231293690.0,209996625.0,0.054371111916679614,20.362,20.802,19.823500000000003,13.015833333333335,58.042635580174725,15946252.45,11.972333333333331,False,False,22.61
2022-08-02,19.53,21.86,19.11,21.86,11203126.0,240501392.0,209996625.0,0.05334907644349046,20.816,20.738999999999997,20.0465,13.246666666666668,64.59525748942488,14983431.55,12.1695,False,False,22.61
2022-08-03,22.62,23.4,19.68,19.68,22014825.0,473522706.0,209996625.0,0.10483418483511342,20.684,20.55,20.171499999999998,13.439,48.25119231514175,14695410.1,12.381499999999999,False,False,22.61
2022-08-04,18.19,19.8,17.73,18.13,13000278.0,241036719.0,209996625.0,0.06190708064951044,20.074,20.219,20.203500000000002,13.606666666666666,33.498349796289034,14171328.95,12.602,True,False,22.61
2022-08-05,18.52,19.2,16.32,16.39,17329275.0,307356562.0,209996625.0,0.08252168338419724,19.186,19.753999999999998,20.1375,13.744333333333334,26.756352737325187,14248332.7,12.816333333333334,True,True,22.61
2022-08-08,17.19,18.03,16.92,18.03,5495654.0,99217832.0,209996625.0,0.02617020154490578,18.818,19.59,20.173499999999997,13.909333333333333,35.033557014062424,14036802.9,13.015833333333335,True,True,22.61
2022-08-09,19.13,19.83,17.87,19.57,26613759.0,527759707.0,209996625.0,0.1267342225142904,18.360000000000003,19.588,20.2415,14.099666666666668,43.556700991636994,14419105.45,13.246666666666668,True,True,22.61
2022-08-10,19.56,21.48,17.8,17.99,26201545.0,505910875.0,209996625.0,0.12477126715726979,18.022,19.353,20.226499999999998,14.264166666666666,39.83500291351266,14838593.0,13.439,True,True,22.61
2022-08-11,18.68,18.98,17.42,17.71,18791588.0,343827245.0,209996625.0,0.08948519053580027,17.938,19.006,20.106,14.422,40.11869432868476,14942646.55,13.606666666666666,True,True,22.61
2022-08-12,16.81,18.68,16.81,17.76,12661845.0,232930290.0,209996625.0,0.06029546903432376,18.212,18.699,19.8875,14.580833333333334,43.85061167972256,15154894.05,13.744333333333334,True,True,22.61
2022-08-15,17.8,19.54,17.8,19.54,3574255.0,69434927.0,209996625.0,0.017020535449081622,18.514,18.666,19.733999999999998,14.768833333333333,49.854904196287364,13902422.05,13.909333333333333,True,True,22.61
2022-08-16,20.82,21.42,19.2,20.16,20014105.0,409525781.0,209996625.0,0.09530679362108796,18.632,18.496000000000002,19.6175,14.9645,49.47368417002155,13804373.7,14.099666666666668,True,True,22.49
2022-08-17,20.28,22.17,19.72,22.17,16403600.0,352380102.0,209996625.0,0.07811363635010801,19.468,18.745,19.6475,15.193333333333333,52.70935956552103,13775036.2,14.264166666666666,False,True,21.86
2022-08-18,22.62,24.09,22.12,23.63,18361000.0,433587304.0,209996625.0,0.08743473853448835,20.652,19.295,19.756999999999998,15.443999999999999,57.22394216712409,14040853.65,14.422,False,False,22.17
2022-08-19,23.65,24.19,22.19,22.67,11524550.0,269390181.0,209996625.0,0.05487969151885179,21.634,19.923,19.8385,15.673333333333334,57.22394216712409,14095468.65,14.580833333333334,False,False,23.63
2022-08-22,22.7,23.3,21.14,22.32,10146900.0,225956439.0,209996625.0,0.04831934798952126,22.189999999999998,20.351999999999997,19.971,15.897166666666667,51.2965050327987,13966392.65,14.768833333333333,False,False,23.63
2022-08-23,22.33,24.52,22.32,23.2,13675407.0,328015574.0,209996625.0,0.06512203231837654,22.798,20.715,20.151500000000002,16.135166666666667,60.7055960553602,14198893.0,14.9645,False,False,23.63
2022-08-24,23.9,23.99,21.15,21.48,10480258.0,235248245.0,209996625.0,0.049906792549642164,22.66,21.064,20.208499999999997,16.3445,60.08428652370982,14329878.4,15.193333333333333,False,False,23.63
2022-08-25,21.56,21.97,19.82,20.12,10518050.0,218542320.0,209996625.0,0.05008675734669545,21.958000000000002,21.305,20.155499999999996,16.531,61.49106587425293,14343103.5,15.443999999999999,False,False,23.63
2022-08-26,20.63,20.91,19.47,19.81,8729700.0,178769078.0,209996625.0,0.04157066810002304,21.386000000000003,21.509999999999998,20.104499999999998,16.710666666666665,55.973154309823876,14407873.5,15.673333333333334,True,False,23.63
2022-08-29,20.61,21.25,19.36,19.72,9082700.0,187369329.0,209996625.0,0.04325164749671572,20.866000000000003,21.528,20.097,16.889,50.55762076521883,14291121.0,15.897166666666667,True,True,23.63
2022-08-30,19.77,19.91,18.61,18.84,7157750.0,139212771.0,209996625.0,0.034085071605317464,19.994,21.396,19.945999999999998,17.052833333333332,53.33333327477125,14088852.2,16.135166666666667,True,True,23.63
2022-08-31,18.84,19.34,18.1,18.27,6867600.0,130662603.0,209996625.0,0.03270338273293678,19.351999999999997,21.006,19.875500000000002,17.209333333333333,52.14723920781737,13331490.95,16.3445,True,True,23.63
2022-09-01,18.49,18.65,17.45,17.68,6551820.0,118678899.0,209996625.0,0.031199644279997357,18.863999999999997,20.410999999999998,19.852999999999998,17.359333333333332,49.70544913874253,13009068.05,16.531,True,True,23.63
2022-09-02,17.59,18.14,17.06,18.01,3595900.0,64793619.0,209996625.0,0.017123608534184775,18.503999999999998,19.945,19.934,17.513666666666666,43.69332229087335,12322399.3,16.710666666666665,True,True,23.63
2022-09-05,18.02,19.81,18.02,19.11,14948750.0,292490546.0,209996625.0,0.07118566786490022,18.382,19.624,19.988,17.686,45.8366375383257,12795054.1,16.889,True,True,23.63
2022-09-06,18.86,20.36,18.71,20.29,10945200.0,217425045.0,209996625.0,0.052120837656319474,18.672,19.333,20.024,17.877333333333336,42.020373464491904,12011626.15,17.052833333333332,True,True,23.63
2022-09-07,20.06,21.29,19.86,20.22,8446540.0,176504014.0,209996625.0,0.04022226547688564,19.062,19.207,20.1355,18.06816666666667,33.58999033010009,11123875.9,17.209333333333333,False,True,23.63
2022-09-08,20.03,20.16,19.17,19.33,6204158.0,123002920.0,209996625.0,0.029544084339450695,19.392,19.128,20.2165,18.244166666666665,33.81782941148742,10494504.4,17.359333333333332,False,False,23.63
2022-09-09,19.37,19.38,18.47,19.05,4131685.0,79317417.0,209996625.0,0.019675006681655,19.6,19.052,20.281,18.415166666666664,34.048780441299215,10067996.4,17.513666666666666,True,False,23.63
2022-09-13,19.06,19.53,18.28,19.36,5201770.0,100100900.0,209996625.0,0.024770731434374242,19.65,19.016,20.272,18.581666666666667,30.165289212570855,10149372.15,17.686,True,True,23.63
2022-09-14,19.88,20.36,18.39,18.91,11346283.0,222317005.0,209996625.0,0.054030787399559396,19.374000000000002,19.023,20.2095,18.73983333333333,34.72057069130939,9715981.05,17.877333333333336,True,True,23.63
2022-09-15,18.91,19.19,17.02,17.02,8910100.0,159907331.0,209996625.0,0.04242972952541499,18.734,18.898,19.951999999999998,18.865,32.66219234258716,9341306.05,18.06816666666667,True,True,23.63
2022-09-16,16.73,17.09,16.2,16.43,6757923.0,114265099.0,209996625.0,0.032181102910582494,18.154000000000003,18.773000000000003,19.592,18.970000000000002,31.670281947572235,8761152.2,18.244166666666665,True,True,23.63
2022-09-19,16.52,16.76,15.97,16.11,3830860.0,63376999.0,209996625.0,0.018242483658963568,17.565999999999995,18.583,19.264,19.052833333333336,30.8994708536939,8376467.7,18.415166666666664,True,True,23.2
2022-09-20,16.23,16.9,16.13,16.85,4220250.0,71378151.0,209996625.0,0.020096751554935705,17.064,18.357,18.990499999999997,19.1295,39.312567072999364,8080135.2,18.581666666666667,True,True,23.2
2022-09-21,16.85,17.04,16.26,16.91,3782200.0,64305141.0,209996625.0,0.01801076564920984,16.663999999999998,18.019,18.676,19.186666666666667,42.27272720547521,7585474.85,18.73983333333333,True,True,23.2
2022-09-22,16.73,17.42,16.54,16.91,3843700.0,66457073.0,209996625.0,0.018303627498775277,16.642000000000003,17.688,18.447499999999998,19.221333333333334,45.31059675586499,7253646.95,18.865,True,True,21.48
2022-09-23,16.82,17.21,16.03,16.51,3610261.0,60345868.0,209996625.0,0.017191995347544276,16.657999999999998,17.406,18.267000000000003,19.267,40.942028916281586,6908257.5,18.970000000000002,True,True,20.29
2022-09-26,16.09,17.88,16.09,17.44,7089058.0,124713224.0,209996625.0,0.0337579615862874,16.924,17.244999999999997,18.148500000000002,19.305333333333333,39.70406898201517,6826225.4,19.052833333333336,True,True,20.29
2022-09-27,17.42,19.17,17.33,18.12,9861158.0,184661245.0,209996625.0,0.04695864993068341,17.178,17.121000000000002,18.0685,19.32966666666667,35.74244408667619,6865148.3,19.1295,True,True,20.29
2022-09-28,18.08,18.31,16.77,16.81,5736264.0,101838026.0,209996625.0,0.027315981863994244,17.158,16.911,17.967000000000002,19.319833333333335,30.734463228216654,6794074.0,19.186666666666667,False,True,20.29
2022-09-29,16.94,18.19,16.21,16.23,7430540.0,126374959.0,209996625.0,0.035384092482438706,17.022,16.832,17.865,19.304,31.850117043805426,6822221.0,19.221333333333334,True,False,20.29
2022-09-30,16.22,16.52,15.76,15.84,4293134.0,70140690.0,211676625.0,0.020281568642735115,16.887999999999998,16.773,17.773000000000003,19.2765,31.44508665430851,6709286.7,19.267,True,True,20.29
2022-10-10,16.23,16.89,15.69,16.15,6511600.0,108701535.0,211676625.0,0.030762017298792438,16.630000000000003,16.777,17.68,19.2505,31.44508665430851,6855071.7,19.305333333333333,True,True,20.29
2022-10-11,16.2,17.21,15.85,16.96,5702900.0,97341085.0,211676625.0,0.02694156711918475,16.398000000000003,16.788,17.5725,19.244666666666667,39.17869028318517,6392779.2,19.32966666666667,True,True,20.29
2022-10-12,17.01,18.66,16.82,18.66,9112900.0,167793202.0,211676625.0,0.04305104543309872,16.768,16.963,17.491,19.252166666666664,59.29705206007271,6301164.2,19.319833333333335,True,True,20.29
2022-10-13,19.43,19.94,18.49,19.47,17750400.0,349245438.0,211676625.0,0.08385621227662714,17.416,17.219,17.4535,19.271833333333333,66.81415918856214,6766357.2,19.304,False,True,20.22
2022-10-14,19.24,20.36,19.12,19.47,13880976.0,278932498.0,211676625.0,0.06557632898767164,18.142000000000003,17.515,17.4605,19.261000000000003,69.2660549346646,7150198.1,19.2765,False,False,19.47
2022-10-17,20.16,20.16,18.78,19.76,9056750.0,179874977.0,211676625.0,0.042785782322445856,18.863999999999997,17.747,17.496,19.2215,67.59371209839034,7396451.35,19.2505,False,False,19.47
2022-10-18,20.02,20.89,19.55,20.51,9741258.0,201463234.0,211676625.0,0.046019526246698236,19.573999999999998,17.985999999999997,17.553500000000003,19.186500000000002,70.08928560477122,7623425.75,19.244666666666667,False,False,19.76
2022-10-19,20.22,20.55,19.44,19.49,6951100.0,139805529.0,211676625.0,0.0328382975682837,19.74,18.253999999999998,17.5825,19.1365,62.92585161513406,7403666.6,19.252166666666664,False,False,20.51
2022-10-20,19.5,19.51,17.8,18.52,7126203.0,134920636.0,211676625.0,0.033665516917609585,19.55,18.483,17.657500000000002,19.08566666666667,59.52606627171895,7314471.75,19.271833333333333,False,False,20.51
2022-10-21,18.59,18.68,17.8,18.3,5940045.0,110302093.0,211676625.0,0.028061884490080093,19.316,18.729,17.750999999999998,19.033333333333335,54.3699186218314,7273577.85,19.261000000000003,False,False,20.51
2022-10-24,19.08,20.13,18.98,20.13,4744650.0,95951959.0,211676625.0,0.02241461474548737,19.389999999999997,19.127,17.952,19.01816666666667,59.14467690372833,7319267.35,19.2215,False,False,20.51
2022-10-25,20.45,22.14,19.81,22.14,14099216.0,302296214.0,211676625.0,0.06660733559976213,19.716,19.645000000000003,18.216500000000003,19.05933333333333,72.79726253043955,7813215.65,19.186500000000002,False,False,20.51
2022-10-26,22.5,23.87,21.63,22.54,27605432.0,637220407.0,211676625.0,0.13041322819654744,20.326,20.032999999999998,18.497999999999998,19.1085,77.41094690844889,9004377.25,19.1365,False,False,22.14
2022-10-27,22.55,23.1,21.83,21.9,17693897.0,404332972.0,211676625.0,0.08358928152789662,21.002,20.276,18.7475,19.1345,75.76530603225218,9696887.1,19.08566666666667,False,False,22.54
2022-10-28,21.9,23.11,21.24,21.98,15538085.0,351510481.0,211676625.0,0.07340482209596833,21.738,20.526999999999997,19.020999999999997,19.14783333333333,75.28187328239841,10293278.3,19.033333333333335,False,False,22.54
2022-10-31,22.13,23.38,21.83,22.34,13639061.0,313162373.0,211676625.0,0.06443347724388557,22.18,20.785,19.266,19.173,74.27797824549712,10620778.45,19.01816666666667,False,False,22.54
2022-11-01,22.34,23.11,21.63,22.01,13815914.0,314557268.0,211676625.0,0.06526896392079191,22.154000000000003,20.935000000000002,19.4605,19.208666666666666,67.2502573695671,10818516.25,19.05933333333333,False,False,22.54
2022-11-02,22.2,24.21,21.83,24.21,10803400.0,251768130.0,211676625.0,0.05103728387581765,22.488,21.407,19.8305,19.247833333333332,71.35135126135866,11071873.05,19.1085,False,False,22.54
2022-11-03,24.58,26.06,23.21,25.5,18580788.0,475356940.0,211676625.0,0.0877791206279862,23.208000000000002,22.104999999999997,20.294,19.344833333333334,74.33414035184198,11629385.45,19.1345,False,False,24.21
2022-11-04,25.21,26.78,23.8,24.09,22573060.0,572865355.0,211676625.0,0.10663936086471522,23.630000000000003,22.684,20.7065,19.444166666666668,66.02516647488139,12543381.75,19.14783333333333,False,False,25.5
2022-11-07,23.7,23.9,22.24,22.72,19196691.0,449366525.0,211676625.0,0.09068876169014883,23.706,22.943,21.035,19.549666666666663,57.8202405655001,13177636.3,19.173,False,False,25.5
2022-11-08,22.66,22.86,22.02,22.53,9567394.0,217624871.0,211676625.0,0.04519816016529931,23.810000000000002,22.982,21.313499999999998,19.624666666666666,61.42857136390978,13370861.0,19.208666666666666,False,False,25.5
2022-11-09,22.43,22.89,22.02,22.28,7884700.0,179656183.0,211676625.0,0.03724879872777639,23.424,22.956,21.4945,19.669833333333333,64.9443560485516,13309451.0,19.247833333333332,False,False,25.5
2022-11-10,22.04,22.44,21.64,21.91,9256392.0,207476641.0,211676625.0,0.043728928501198465,22.706,22.957,21.6165,19.735166666666665,64.17910440703005,12884750.6,19.344833333333334,False,False,25.5
2022-11-11,22.38,22.38,20.59,20.83,12881056.0,277459774.0,211676625.0,0.060852519733815676,22.054,22.842000000000002,21.6845,19.787166666666668,52.921535831310386,12834754.6,19.444166666666668,False,False,25.5
2022-11-14,20.51,21.21,20.38,20.59,6459377.0,136357720.0,211676625.0,0.030515306071230115,21.628,22.667,21.726000000000003,19.834333333333333,42.409402488371036,12704885.95,19.549666666666663,True,False,25.5
2022-11-15,20.4,20.94,20.23,20.9,6573145.0,137292741.0,211676625.0,0.031052767399329047,21.302,22.556,21.7455,19.857000000000003,41.897233143620426,12546480.3,19.624666666666666,True,True,25.5
2022-11-16,20.75,22.99,20.72,22.99,12634978.0,283661554.0,211676625.0,0.0596900011987625,21.444,22.434,21.9205,19.904166666666665,54.71045801504352,12830674.2,19.669833333333333,True,True,25.5
2022-11-17,22.93,22.93,21.69,22.11,11299111.0,256174395.0,211676625.0,0.0533791154313803,21.483999999999998,22.095,22.1,19.903166666666667,50.525464777093255,13039319.6,19.735166666666665,False,True,25.5
2022-11-18,22.1,23.18,21.33,22.49,10798666.0,245052038.0,211676625.0,0.051014919573665725,21.816,21.935,22.3095,19.884166666666665,50.60532681933215,13282250.65,19.787166666666668,False,False,25.5
2022-11-21,22.35,23.01,21.71,22.74,7778173.0,178157987.0,211676625.0,0.03674554523911178,22.246,21.937,22.439999999999998,19.885333333333335,52.96506898931672,13433926.8,19.834333333333333,False,False,25.5
2022-11-22,22.74,23.6,22.27,22.8,8109450.0,188724668.0,211676625.0,0.038310559798466176,22.625999999999998,21.964,22.473,19.89333333333333,43.06784654838251,13134438.5,19.857000000000003,False,False,25.5
2022-11-23,22.4,23.8,21.81,23.51,9083738.0,212170424.0,211676625.0,0.042913278686298025,22.729999999999997,22.087,22.5215,19.8985,39.624608909828524,12208353.8,19.904166666666665,False,False,25.5
2022-11-24,23.59,24.09,23.01,23.52,7392127.0,176615401.0,211676625.0,0.0349217916716123,23.011999999999997,22.247999999999998,22.6025,19.932499999999997,46.5201464406249,11693265.3,19.903166666666667,False,False,25.5
2022-11-25,23.5,24.09,22.5,22.57,6614811.0,153896429.0,211676625.0,0.031249605382738882,23.028,22.422,22.632,19.973333333333336,49.034748946398146,11247101.6,19.884166666666665,False,False,25.5
2022-11-28,22.13,23.11,22.02,22.58,4922255.0,113628424.0,211676625.0,0.02325365401115971,22.996000000000002,22.621,22.644,20.0195,50.329380671329176,10811261.3,19.885333333333335,True,False,25.5
2022-11-29,22.42,22.78,21.63,21.84,6793280.0,152067405.0,211676625.0,0.032092726346142374,22.804000000000002,22.715,22.6355,20.05483333333333,47.277227640856275,10460129.6,19.89333333333333,True,True,25.5
2022-11-30,22.03,24.02,21.93,23.04,14866162.0,355313190.0,211676625.0,0.07023053206748738,22.71,22.72,22.577,20.124833333333335,56.34118958599588,10663267.7,19.8985,True,True,25.5
2022-12-01,22.74,23.84,22.22,23.2,10549489.0,247326671.0,211676625.0,0.04983776078251437,22.646,22.829,22.461999999999996,20.206999999999997,64.83103868490184,10261702.75,19.932499999999997,False,True,25.5
2022-12-02,23.01,24.24,22.94,23.48,9101893.0,219259069.0,211676625.0,0.042999046304711255,22.827999999999996,22.928,22.4315,20.30366666666667,67.99501856140347,9588144.4,19.973333333333336,False,False,24.09
2022-12-05,23.6,23.74,21.83,22.63,7126007.0,164363233.0,211676625.0,0.03366459097692057,22.838,22.916999999999998,22.427,20.38066666666667,60.09334879331309,8984610.2,20.0195,False,False,23.52
2022-12-06,22.62,22.95,21.68,22.32,4990653.0,113157186.0,211676625.0,0.02357677896650138,22.933999999999997,22.869,22.4165,20.434166666666666,45.06627383933317,8755773.15,20.05483333333333,False,False,23.52
2022-12-07,22.42,22.91,21.79,22.57,5404550.0,123452067.0,211676625.0,0.025532105871396996,22.84,22.775,22.431,20.472166666666666,53.733766111644044,8631765.65,20.124833333333335,True,False,23.52
2022-12-08,22.6,23.52,22.33,22.42,6111448.0,142127206.0,211676625.0,0.028871624346807307,22.684,22.665,22.4565,20.50883333333333,49.40978065906632,8474518.45,20.206999999999997,False,True,23.52
2022-12-09,22.35,22.55,21.26,21.32,5864728.0,130118175.0,211676625.0,0.027706072883578903,22.252,22.54,22.481,20.541999999999998,39.528023517198775,8123702.05,20.30366666666667,True,False,23.52
2022-12-12,21.24,21.97,21.15,21.76,4172035.0,92100384.0,211676625.0,0.01970947429835486,22.078,22.458000000000002,22.539499999999997,20.58716666666667,42.73743008403296,8009334.95,20.38066666666667,True,True,23.52
2022-12-13,21.74,22.07,21.33,21.39,3519578.0,77344152.0,211676625.0,0.016627145297691704,21.892000000000003,22.413,22.564,20.621,34.45747793513125,7856656.6,20.434166666666666,True,True,23.52
2022-12-14,21.27,21.51,20.61,20.91,4822796.0,102933188.0,211676625.0,0.022783791077545763,21.56,22.2,22.46,20.654333333333334,32.09876537045504,7466047.5,20.472166666666666,True,True,23.52
2022-12-15,20.87,21.24,20.53,21.17,3486554.0,74261101.0,211676625.0,0.016471133739967746,21.31,21.997,22.413,20.7235,39.393939310376496,7075419.65,20.50883333333333,True,True,23.52
2022-12-16,20.95,21.17,19.85,20.26,4132544.0,85763983.0,211676625.0,0.019522911422080732,21.098000000000003,21.675,22.3015,20.787333333333333,34.53333326887113,6742113.55,20.541999999999998,True,True,23.52
2022-12-19,20.16,20.89,18.69,20.65,3692724.0,77295533.0,211676625.0,0.017445119412689048,20.875999999999998,21.477,22.197,20.863,41.678321596713765,6537841.1,20.58716666666667,True,True,23.52
2022-12-20,20.65,21.23,20.4,20.6,3135000.0,65933698.0,211676625.0,0.014810326836985426,20.718,21.305,22.087,20.9255,29.66666659744446,6289118.6,20.621,True,True,23.52
2022-12-21,20.81,20.81,20.18,20.44,2406093.0,49889195.0,211676625.0,0.011366833725736132,20.624000000000002,21.092,21.933500000000002,20.984333333333332,26.999999937000013,5955236.35,20.654333333333334,True,True,23.52
2022-12-22,20.62,20.63,19.67,19.7,2895919.0,59054639.0,211676625.0,0.013680863439692503,20.330000000000002,20.82,21.7425,21.030833333333337,20.7430340107736,5730425.95,20.7235,True,True,23.52
2022-12-23,19.7,19.77,19.12,19.24,2606608.0,51242872.0,211676625.0,0.012314104119904594,20.125999999999998,20.612000000000002,21.576,21.076333333333334,22.07578248615141,5530015.8,20.787333333333333,True,True,23.48
2022-12-26,19.35,20.77,19.24,20.59,4513163.0,92379012.0,211676625.0,0.021321026825706427,20.113999999999997,20.494999999999997,21.476499999999998,21.128833333333333,37.83403649371638,5509561.2,20.863,True,True,23.48
2022-12-27,20.59,21.08,20.14,20.56,2909900.0,60771102.0,211676625.0,0.01374691230077955,20.106,20.412,21.4125,21.169499999999996,35.41364288885471,5315392.2,20.9255,True,True,23.48
2022-12-28,20.54,20.54,19.92,20.05,2412000.0,49274359.0,211676625.0,0.011394739499460557,20.028,20.326,21.262999999999998,21.223499999999998,33.6551723488038,4692684.1,20.984333333333332,True,True,23.48
2022-12-29,19.9,20.21,19.86,19.97,1571421.0,32011463.0,211676625.0,0.007423686956460119,20.082,20.206,21.1015,21.285833333333333,39.16532896495752,4243780.7,21.030833333333337,True,True,23.48
2022-12-30,19.98,20.14,19.68,19.94,1746200.0,35262654.0,211676625.0,0.008249375669136826,20.222,20.174,20.924500000000002,21.354166666666668,34.36426108572171,3875996.05,21.076333333333334,True,True,23.48
2023-01-03,20.1,21.0,19.77,20.69,3501371.0,72989847.0,211676625.0,0.016541132021544655,20.242,20.178,20.8275,21.42983333333333,44.35483860952134,3694764.25,21.128833333333333,True,True,22.63
2023-01-04,20.57,20.88,20.14,20.25,2402000.0,49852023.0,211676625.0,0.011347497627572246,20.18,20.143,20.724,21.484666666666666,44.6428570413961,3565331.6,21.169499999999996,True,True,22.57
2023-01-05,20.26,20.81,20.1,20.52,3286430.0,68568926.0,211676625.0,0.015525710502990115,20.274,20.151000000000003,20.6215,21.515666666666668,44.732576883913104,3459425.6,21.223499999999998,True,True,22.57
2023-01-06,20.53,21.46,20.37,20.94,3889086.0,83038741.0,211676625.0,0.018372770257462298,20.468,20.275,20.5475,21.540166666666668,55.98591535496429,3348307.5,21.285833333333333,True,True,22.42
2023-01-09,20.94,21.13,20.59,20.71,2058910.0,43502692.0,211676625.0,0.009726676244956193,20.622000000000003,20.422000000000004,20.517000000000003,21.560833333333335,50.54347813267961,3158016.6,21.354166666666668,False,True,21.76
2023-01-10,20.66,20.95,20.43,20.75,1904530.0,40043894.0,211676625.0,0.008997356226744451,20.634000000000004,20.438,20.466500000000003,21.577333333333335,51.36116139400065,3044641.35,21.42983333333333,False,False,21.76
2023-01-11,20.4,20.79,20.27,20.27,1796742.0,37417613.0,211676625.0,0.008488145538034727,20.638,20.409,20.410500000000003,21.573333333333334,48.54202389715464,2958499.55,21.484666666666666,False,False,21.39
2023-01-12,20.26,20.8,20.08,20.28,2177634.0,45311505.0,211676625.0,0.010287550644762973,20.59,20.432,20.378999999999998,21.5865,55.68627435693965,2826241.45,21.515666666666668,True,False,21.17
2023-01-13,20.26,20.49,19.52,19.87,3397758.0,68466016.0,211676625.0,0.0160516448143483,20.375999999999998,20.422,20.314,21.608999999999998,56.23762360646997,2821801.65,21.540166666666668,True,True,21.17
2023-01-16,19.85,20.04,19.62,19.74,2309476.0,46480916.0,211676625.0,0.01091039693211284,20.182,20.402,20.288,21.633,38.90339411366905,2730648.25,21.560833333333335,True,True,20.94
2023-01-17,19.68,20.14,19.29,19.36,3384475.0,67557826.0,211676625.0,0.01598889343591906,19.904,20.269,20.2235,21.620166666666666,35.645932894965796,2715235.8,21.577333333333335,True,True,20.94
2023-01-18,19.37,19.83,19.09,19.76,3247950.0,64597182.0,211676625.0,0.015343923779963896,19.802,20.22,20.1815,21.580500000000004,46.43734627761111,2720883.3,21.573333333333334,True,True,20.94
2023-01-19,19.66,19.83,19.4,19.72,1883350.0,37615084.0,211676625.0,0.008897297942085007,19.689999999999998,20.139999999999997,20.145500000000002,21.533500000000004,46.89826286437328,2694746.15,21.5865,True,True,20.94
2023-01-20,19.91,20.57,19.48,20.27,5537350.0,113688921.0,211676625.0,0.02615947793007376,19.77,20.073,20.174,21.506333333333334,53.62637346136937,2826817.7,21.608999999999998,True,True,20.94
2023-01-30,20.62,22.22,20.37,21.69,7678234.0,167820389.0,211676625.0,0.03627341469564719,20.16,20.171,20.2965,21.5015,59.578543901513456,3080399.0,21.633,False,True,20.94
2023-01-31,21.63,22.54,21.26,22.39,6232392.0,139646571.0,211676625.0,0.029442986442173292,20.766,20.335,20.3865,21.502333333333336,69.52554726763543,3166360.45,21.620166666666666,False,False,21.69
2023-02-01,22.22,22.51,21.73,22.0,5125892.0,114685229.0,211676625.0,0.024215673317731706,21.214,20.508000000000003,20.4585,21.502166666666668,63.214285556249976,3277160.05,21.580500000000004,False,False,22.39
2023-02-02,21.93,22.34,21.76,22.08,3964800.0,88964187.0,211676625.0,0.018730457366277452,21.686,20.688,20.560000000000002,21.466666666666665,60.8365017392184,3354800.05,21.533500000000004,False,False,22.39
2023-02-03,21.94,22.17,21.34,21.72,3794050.0,83511953.0,211676625.0,0.017923802403784547,21.976,20.872999999999998,20.6475,21.403666666666666,59.36920207213934,3465931.5,21.506333333333334,False,False,22.39
2023-02-06,21.72,22.13,21.34,21.46,2588192.0,56723055.0,211676625.0,0.012227103488635082,21.93,21.044999999999998,20.723499999999998,21.35983333333333,56.3279855991815,3508031.1,21.5015,False,False,22.39
2023-02-07,21.49,22.31,21.29,21.95,4030257.0,89800177.0,211676625.0,0.019039688487096768,21.842,21.304,20.7865,21.347,64.9466190552931,3534475.4,21.502333333333336,False,False,22.39
2023-02-08,21.95,22.29,21.63,21.95,2856751.0,63866217.0,211676625.0,0.013495826475880367,21.832,21.523,20.8715,21.337333333333333,64.88413531044955,3557212.95,21.502166666666668,False,False,22.39
2023-02-09,22.08,22.48,21.83,22.02,3212881.0,72386124.0,211676625.0,0.015178251259438778,21.82,21.752999999999997,20.9465,21.333000000000002,70.39848178641768,3553535.5,21.466666666666665,False,False,22.39
2023-02-10,21.98,22.03,21.54,21.71,2484400.0,54894184.0,211676625.0,0.011736770651931927,21.818,21.897,20.985,21.329666666666665,68.07339432054543,3483301.2,21.403666666666666,False,False,22.39
2023-02-13,21.77,22.26,21.54,21.86,5491750.0,122198499.0,211676625.0,0.025944054994263065,21.898,21.914,21.042499999999997,21.346833333333333,73.94635995493314,3654943.2,21.35983333333333,False,False,22.39
2023-02-14,21.96,22.13,21.31,21.48,4045811.0,88978753.0,211676625.0,0.019113168494631846,21.804000000000002,21.823,21.079,21.361666666666668,66.53846135931953,3762007.25,21.347,False,False,22.39
2023-02-15,21.62,21.76,21.03,21.19,3759800.0,81376862.0,211676625.0,0.01776199899256708,21.652,21.741999999999997,21.125,21.3665,63.486238369026225,3860160.15,21.337333333333333,False,False,22.39
2023-02-16,21.12,21.24,19.98,20.16,5114194.0,106930886.0,211676625.0,0.02416040977599676,21.28,21.55,21.119,21.31933333333333,49.072512531700646,4006988.15,21.333000000000002,False,False,22.39
2023-02-17,20.19,20.63,19.78,19.9,2904309.0,59181168.0,211676625.0,0.013720499370206795,20.918,21.368000000000002,21.1205,21.282500000000002,31.236897182952433,3982315.7,21.329666666666665,True,False,22.39
2023-02-20,19.9,20.03,19.69,19.83,2380950.0,47930977.0,211676625.0,0.011248053487247353,20.512,21.205000000000002,21.125,21.238166666666665,19.082125539335735,3985889.4,21.346833333333333,True,True,22.39
2023-02-21,19.87,20.0,19.67,19.8,3078950.0,62026644.0,211676625.0,0.014545536145051443,20.176000000000002,20.990000000000002,21.147,21.189166666666665,20.899470822065382,3970613.15,21.361666666666668,True,True,22.39
2023-02-22,19.71,20.2,19.67,20.09,3213499.0,65435819.0,211676625.0,0.015181170807121476,19.956,20.804,21.1635,21.144000000000002,25.062656553664823,3968890.6,21.3665,True,True,22.39
2023-02-23,20.1,20.81,20.02,20.6,3403066.0,70817412.0,211676625.0,0.016076720799946615,20.044,20.662,21.2075,21.0955,36.47342982835074,4044876.4,21.31933333333333,True,True,22.39
2023-02-24,20.65,21.2,20.42,20.63,3117950.0,65713367.0,211676625.0,0.014729779445415855,20.189999999999998,20.554,21.2255,21.047333333333334,39.38618911728726,3923906.4,21.282500000000002,True,True,22.39
2023-02-27,20.57,20.85,20.16,20.55,3302500.0,69102488.0,211676625.0,0.01560162819111463,20.334000000000003,20.423,21.1685,21.013666666666666,29.99999987999999,3705119.7,21.238166666666665,True,True,22.39
2023-02-28,20.65,20.81,20.21,20.57,2099544.0,43696158.0,211676625.0,0.009918638867187154,20.488,20.332,21.0775,20.980166666666666,30.397727151827198,3498477.3,21.189166666666665,True,True,22.39
2023-03-01,20.55,20.77,20.32,20.72,2702451.0,56585665.0,211676625.0,0.012766884392643733,20.613999999999997,20.285,21.0135,20.9615,31.944444320215993,3377305.25,21.144000000000002,True,True,22.08
2023-03-02,20.72,20.72,20.12,20.2,2594200.0,53626293.0,211676625.0,0.01225548640526558,20.534,20.289,20.9195,20.91416666666667,30.183726923209335,3308775.25,21.0955,True,True,22.08
2023-03-03,20.2,20.36,19.86,20.06,1724400.0,35282628.0,211676625.0,0.008146388388420309,20.419999999999998,20.305,20.8365,20.861833333333333,26.31578937673126,3205292.75,21.047333333333334,True,True,22.02
2023-03-06,19.95,20.36,19.7,20.23,3227400.0,65865809.0,211676625.0,0.015246841733233417,20.355999999999998,20.345000000000002,20.775,20.807666666666666,32.59052912081687,3237253.15,21.013666666666666,True,True,22.02
2023-03-07,20.26,20.26,19.67,19.68,2361300.0,47777103.0,211676625.0,0.011155223208986821,20.178,20.333000000000002,20.661499999999997,20.7585,30.389610279102683,3153805.3,20.980166666666666,True,True,22.02
2023-03-08,19.81,19.87,19.45,19.57,2042600.0,40684273.0,211676625.0,0.009649624751906357,19.948,20.281,20.542499999999997,20.712666666666667,39.93174042353433,3113097.75,20.9615,True,True,22.02
2023-03-09,19.57,19.57,18.95,18.99,2884300.0,56262255.0,211676625.0,0.013625973108745474,19.706,20.119999999999997,20.391,20.653000000000002,35.99999984492305,3096668.7,20.91416666666667,True,True,22.02
2023-03-10,18.99,19.06,18.48,18.61,2894150.0,54966617.0,211676625.0,0.01367250635255546,19.415999999999997,19.918,20.236,20.589499999999997,32.865168410080784,3117156.2,20.861833333333333,True,True,21.86
2023-03-13,18.6,18.78,18.2,18.35,2634100.0,49614859.0,211676625.0,0.01244398147409994,19.04,19.698,20.0605,20.540000000000003,30.870712287021107,2974273.7,20.807666666666666,True,True,21.86
2023-03-14,18.44,18.53,17.8,18.18,3063315.0,56300917.0,211676625.0,0.014471673478354069,18.74,19.459,19.8955,20.48033333333333,23.978201543407394,2925148.9,20.7585,True,True,21.48
2023-03-15,18.23,18.48,17.8,17.83,3169066.0,58147864.0,211676625.0,0.014971260997760145,18.392000000000003,19.169999999999998,19.7275,20.421,10.54131049926535,2895612.2,20.712666666666667,True,True,21.19
2023-03-16,17.83,17.98,17.21,17.37,3575851.0,63687554.0,211676625.0,0.016892989483368794,18.067999999999998,18.886999999999997,19.588,20.362000000000002,8.629441593702495,2818695.05,20.653000000000002,True,True,20.72
2023-03-17,17.45,17.7,16.99,17.13,3785713.0,66488394.0,211676625.0,0.017884416855191262,17.772,18.594,19.4495,20.294666666666668,8.29268289851278,2862765.25,20.589499999999997,True,True,20.72
2023-03-20,17.1,17.31,16.67,16.97,3749750.0,64649375.0,211676625.0,0.01771452091131933,17.496,18.268,19.3065,20.239833333333333,7.547169786400858,2931205.25,20.540000000000003,True,True,20.72
2023-03-21,16.92,17.29,16.73,17.25,2379477.0,41282190.0,211676625.0,0.011241094759518204,17.309999999999995,18.025,19.179,20.18316666666667,10.297482804539001,2896231.6,20.48033333333333,True,True,20.72
2023-03-22,17.26,17.56,17.16,17.33,3067100.0,54034918.0,211676625.0,0.014489554526863796,17.21,17.801,19.041,20.128666666666668,13.486005041016796,2888911.65,20.421,True,True,20.72
2023-03-23,17.22,17.5,17.16,17.31,2712253.0,47826097.0,211676625.0,0.012813190875468655,17.198,17.633,18.8765,20.0765,13.91076110374,2854371.0,20.362000000000002,True,True,20.72
2023-03-24,17.24,17.4,17.07,17.16,2186250.0,38220117.0,211676625.0,0.01032825424158194,17.203999999999997,17.488,18.703,20.034166666666668,9.498680703698795,2807786.0,20.294666666666668,True,True,20.72
2023-03-27,17.16,17.3,16.98,16.99,2399155.0,41784261.0,211676625.0,0.011334057315020022,17.208,17.352,18.525,19.996666666666666,10.557184707389837,2762618.75,20.239833333333333,True,True,20.72
2023-03-28,17.06,17.18,16.48,16.58,3465910.0,58944754.0,211676625.0,0.016373607619641517,17.073999999999998,17.192,18.325499999999998,19.92983333333333,9.703504006509661,2830937.05,20.18316666666667,True,True,20.72
2023-03-29,16.6,16.92,16.59,16.76,2427000.0,41429713.0,211676625.0,0.011465602307293023,16.959999999999997,17.084999999999997,18.127499999999998,19.8665,16.314199326767806,2817164.5,20.128666666666668,True,True,20.72
2023-03-30,16.8,16.8,16.5,16.62,1804750.0,30520039.0,211676625.0,0.008525976829042886,16.822,17.009999999999998,17.9485,19.809333333333335,17.58957646701829,2777692.0,20.0765,True,True,20.23
2023-03-31,16.75,17.19,16.58,16.87,2618750.0,45024070.0,211676625.0,0.012371465200751382,16.764,16.983999999999998,17.788999999999998,19.75766666666667,25.81699334593536,2822409.5,20.034166666666668,True,True,20.23
2023-04-03,16.82,17.15,16.76,17.07,2888300.0,49801689.0,211676625.0,0.013644869857500798,16.78,16.994,17.631,19.709833333333332,32.03883480629656,2805454.5,19.996666666666666,True,True,20.23
2023-04-04,17.03,17.19,16.33,16.49,3728959.0,63130484.0,211676625.0,0.017616300335476343,16.762,16.918,17.4715,19.639833333333332,29.81927698268983,2873837.45,19.92983333333333,True,True,19.68
2023-04-06,16.41,16.81,16.39,16.76,2999886.0,50603399.0,211676625.0,0.014172023009153703,16.762,16.861,17.331,19.581666666666663,40.255590874256185,2921701.75,19.8665,True,True,19.57
2023-04-07,16.75,16.94,16.52,16.56,2064955.0,34965887.0,211676625.0,0.009755233956512677,16.75,16.785999999999998,17.2095,19.515666666666668,40.77669884437744,2880734.5,19.809333333333335,True,True,18.99
2023-04-10,16.63,16.76,16.38,16.71,2787993.0,47004538.0,211676625.0,0.013171000813150719,16.718,16.741,17.1145,19.445166666666662,45.77922057113346,2875426.65,19.75766666666667,True,True,18.61
2023-04-11,16.73,16.81,16.12,16.2,3991778.0,66157206.0,211676625.0,0.018857906488257737,16.544,16.662,17.006999999999998,19.369999999999997,34.138972665273286,2943310.55,19.709833333333332,True,True,18.35
2023-04-12,16.21,16.32,15.69,16.23,5763652.0,93771356.0,211676625.0,0.027228570939280612,16.491999999999997,16.627000000000002,16.9095,19.294666666666664,33.12883421355727,3078327.4,19.639833333333332,True,True,18.18
2023-04-13,16.29,16.4,15.73,15.74,3655422.0,59155282.0,211676625.0,0.01726889778217127,16.288,16.525,16.805,19.219166666666663,28.954423483817294,3102645.2,19.581666666666663,True,True,17.83
2023-04-14,15.73,16.13,15.64,15.89,3651450.0,58945988.0,211676625.0,0.017250133310657233,16.154000000000003,16.452,16.730999999999998,19.146,32.97587118990299,3106425.15,19.515666666666668,True,True,17.37
2023-04-17,15.9,16.11,15.81,15.91,2712622.0,43956130.0,211676625.0,0.012814934100541332,15.994,16.356,16.669999999999998,19.08,34.91620098077473,3052770.6,19.445166666666662,True,True,17.33
2023-04-18,15.91,15.95,15.62,15.84,2320432.0,37296011.0,211676625.0,0.010962155126953673,15.922,16.233,16.6135,19.015,38.58024674687556,2981304.7,19.369999999999997,True,True,17.33
2023-04-19,15.91,15.91,15.64,15.68,1863950.0,29771269.0,211676625.0,0.008805648710621686,15.812000000000001,16.152,16.535,18.953666666666663,33.22981352011887,2955528.35,19.294666666666664,True,True,17.33
2023-04-20,15.77,15.77,15.29,15.6,2599993.0,40968084.0,211676625.0,0.012282853621650477,15.784,16.035999999999998,16.448500000000003,18.884333333333334,33.86075934365492,2932173.0,19.219166666666663,True,True,17.33
2023-04-21,15.6,15.73,15.16,15.18,2238515.0,35121157.0,211676625.0,0.010575163885006197,15.642000000000001,15.898000000000001,16.342000000000002,18.808666666666667,24.624624521097743,2908486.1,19.146,True,True,17.31
2023-04-24,15.18,15.39,15.02,15.23,2642677.0,40877240.0,211676625.0,0.012484500827618544,15.506,15.75,16.2455,18.724666666666664,21.069182297179836,2931307.45,19.08,True,True,17.16
2023-04-25,15.23,15.4,14.64,14.81,2365930.0,35854095.0,211676625.0,0.011177096195671109,15.3,15.611,16.136499999999998,18.610000000000003,22.18543036072994,2929646.2,19.015,True,True,17.07
2023-04-26,14.81,15.64,14.73,15.46,3283200.0,51290145.0,211676625.0,0.01551045137837019,15.256,15.534,16.0805,18.494500000000002,30.882352814013885,2920510.7,18.953666666666663,True,True,17.07
2023-04-27,15.53,15.71,15.37,15.43,1844638.0,29171088.0,211676625.0,0.00871441520763098,15.222,15.503,16.014000000000003,18.384999999999998,32.507739797180136,2891392.6,18.884333333333334,True,True,17.07
2023-04-28,15.44,15.7,15.34,15.62,1811750.0,28612227.0,211676625.0,0.008559046139364703,15.309999999999999,15.475999999999999,15.964000000000002,18.277333333333335,33.333333190621815,2891742.6,18.808666666666667,True,True,17.07
2023-05-04,16.33,16.44,15.73,15.99,6595261.0,107815678.0,211676625.0,0.031157247523197235,15.462,15.484,15.919999999999998,18.181833333333334,46.64536720350317,3090568.15,18.724666666666664,True,True,17.07
2023-05-05,15.88,15.97,15.47,15.83,3537172.0,56436842.0,211676625.0,0.016710262647091998,15.666,15.483,15.858,18.088,43.865030486469195,3123011.75,18.610000000000003,False,True,17.07
2023-05-08,16.03,16.22,15.71,15.81,3488740.0,56485890.0,211676625.0,0.01648146081316253,15.736,15.496,15.824000000000002,17.985666666666663,51.25448002954741,3111000.8,18.494500000000002,True,False,16.76
2023-05-09,15.82,15.96,15.39,15.43,2319687.0,36582075.0,211676625.0,0.010958635607497994,15.736,15.479,15.757500000000002,17.877,42.38410576378229,3076990.85,18.384999999999998,True,True,16.76
2023-05-10,15.32,15.86,15.24,15.75,2585200.0,40973477.0,211676625.0,0.0122129687205661,15.762,15.535999999999998,15.717000000000002,17.772499999999997,47.59036124510089,3103003.1,18.277333333333335,True,True,16.71
2023-05-11,15.73,15.98,15.55,15.91,2376000.0,38171504.0,211676625.0,0.011224668760662639,15.746,15.604,15.677000000000001,17.675833333333337,51.02639275238431,3082403.45,18.181833333333334,False,True,16.71
2023-05-12,15.84,16.07,15.65,15.65,2352497.0,37917240.0,211676625.0,0.011113636189163542,15.710000000000003,15.687999999999999,15.6495,17.572333333333333,49.57264937492391,3000439.4,18.088,False,False,16.23
2023-05-15,15.76,16.13,15.54,16.08,3246200.0,52639434.0,211676625.0,0.015335656452383441,15.764,15.75,15.642000000000001,17.482333333333333,56.21761637641277,2874566.8,17.985666666666663,False,False,16.23
2023-05-16,16.08,16.38,15.94,16.15,3268300.0,53898591.0,211676625.0,0.015440060989256607,15.907999999999998,15.821999999999997,15.6625,17.39833333333333,63.817663563120405,2855210.7,17.877,False,False,16.08
2023-05-17,16.14,16.7,16.14,16.64,3859124.0,64880434.0,211676625.0,0.01823122416091054,16.086000000000002,15.924000000000001,15.7,17.33966666666667,67.84810102534848,2865594.4,17.772499999999997,False,False,16.15
2023-05-18,16.66,16.72,16.23,16.44,3027102.0,50505309.0,211676625.0,0.01430059648768493,16.192,15.969,15.726499999999998,17.281999999999996,71.84986568206484,2881318.4,17.675833333333337,False,False,16.64
2023-05-19,16.38,16.68,16.23,16.49,2096300.0,35176218.0,211676625.0,0.009903313603946586,16.36,16.035,15.759,17.226333333333333,66.45367382416883,2870111.8,17.572333333333333,False,False,16.64
2023-05-22,16.5,16.73,16.37,16.66,2384751.0,40205439.0,211676625.0,0.011266010122752098,16.476,16.119999999999997,15.808000000000002,17.174,68.8073391549533,2896151.85,17.482333333333333,False,False,16.64
2023-05-23,16.66,16.86,16.49,16.62,2534050.0,42937845.0,211676625.0,0.01197132654585739,16.57,16.239,15.859,17.11616666666667,66.02564072937216,2892854.7,17.39833333333333,False,False,16.66
2023-05-24,16.58,16.92,16.53,16.73,2203908.0,37564102.0,211676625.0,0.01041167393896232,16.588,16.337,15.936499999999999,17.051666666666666,62.93706262897943,2891124.35,17.33966666666667,False,False,16.66
2023-05-25,16.82,18.4,16.64,18.4,8578135.0,154921048.0,211676625.0,0.04052471547106347,16.979999999999997,16.586000000000002,16.095000000000002,17.0145,79.40503407055597,3187897.25,17.281999999999996,False,False,16.73
2023-05-26,18.4,18.4,17.11,17.27,16156302.0,286509888.0,211676625.0,0.0763253949272859,17.136000000000003,16.748,16.218,16.959833333333332,63.32116772144227,3877415.85,17.226333333333333,False,False,18.4
2023-05-29,17.15,17.34,16.71,16.76,9490078.0,163364377.0,211676625.0,0.04483290490860765,17.156,16.816,16.282999999999998,16.896333333333335,61.85383228770883,4187759.75,17.174,False,False,18.4
2023-05-30,16.74,18.43,16.55,18.43,10751491.0,197334720.0,211676625.0,0.05079205604303262,17.518,17.044,16.433,16.858166666666666,69.25287342391665,4633102.4,17.11616666666667,False,False,18.4
2023-05-31,18.49,18.88,17.57,17.66,20802518.0,379972532.0,211676625.0,0.09827498903102787,17.704,17.146,16.535,16.815833333333334,61.55878456250689,5582640.8,17.051666666666666,False,False,18.43
2023-06-01,17.63,19.43,17.53,19.43,21626664.0,405928366.0,211676625.0,0.10216840900595425,17.910000000000004,17.445,16.707,16.805333333333333,70.81497786438221,6334210.95,17.0145,False,False,18.43
2023-06-02,19.67,21.38,19.66,21.38,19162260.0,401525435.0,211676625.0,0.09052610320105019,18.732,17.934,16.9845,16.8245,74.99999990094342,7115465.35,16.959833333333332,False,False,19.43
2023-06-05,21.63,23.51,20.16,22.42,31929255.0,689228113.0,211676625.0,0.1508397774199206,19.864,18.509999999999998,17.314999999999998,16.870166666666666,77.09593767680703,8537491.1,16.896333333333335,False,False,21.38
2023-06-06,21.63,21.93,20.18,20.18,22213954.0,474173079.0,211676625.0,0.10494287690008285,20.214,18.866,17.5525,16.880333333333333,63.288288221769065,9532204.45,16.858166666666666,False,False,22.42
2023-06-07,19.75,20.56,19.75,20.04,14660654.0,298817627.0,211676625.0,0.06925967380668507,20.69,19.197,17.767,16.897833333333335,63.57466056636159,10135977.15,16.815833333333334,False,False,22.42
2023-06-08,19.71,20.14,18.9,19.08,14399694.0,283066403.0,211676625.0,0.06802684991788772,20.62,19.265,17.9255,16.905666666666665,59.13902605307365,10737161.85,16.805333333333333,False,False,22.42
2023-06-09,19.09,19.35,18.78,19.23,10175636.0,198278921.0,211676625.0,0.0480716092294083,20.189999999999998,19.461,18.1045,16.920333333333335,59.08127202635068,11128318.8,16.8245,False,False,22.42
2023-06-12,19.23,19.55,18.95,19.32,8268691.0,162664754.0,211676625.0,0.03906284409060282,19.57,19.717,18.2665,16.939333333333334,59.507042194852204,11379443.35,16.870166666666666,False,False,22.42
2023-06-13,19.12,19.37,18.99,19.18,6572819.0,128065639.0,211676625.0,0.03105122731430549,19.369999999999997,19.791999999999998,18.418,16.96183333333333,58.60857337874068,11544669.3,16.880333333333333,False,False,22.42
2023-06-14,19.18,19.36,18.81,18.88,6716311.0,129577646.0,211676625.0,0.03172911038240524,19.137999999999998,19.913999999999998,18.53,16.987,51.86625188754841,11687528.65,16.897833333333335,False,False,22.42
2023-06-15,18.91,19.24,18.8,19.19,6808454.0,132134609.0,211676625.0,0.032164411162545696,19.16,19.889999999999997,18.6675,17.021333333333335,57.97342185949935,11876596.25,16.905666666666665,False,False,22.42
2023-06-16,19.36,19.43,19.04,19.16,5785610.0,112771536.0,211676625.0,0.027332304641572967,19.145999999999997,19.668,18.801000000000002,17.057833333333335,60.380622764244904,12061061.75,16.920333333333335,False,False,22.42
2023-06-19,19.07,19.37,19.06,19.18,6050227.0,118062544.0,211676625.0,0.02858240488291988,19.118000000000002,19.344,18.927,17.09,53.78405643259567,12244335.55,16.939333333333334,False,False,22.42
2023-06-20,19.23,19.24,18.89,19.19,4240000.0,82509930.0,211676625.0,0.020030553680643767,19.119999999999997,19.244999999999997,19.055500000000002,17.121,58.36065564840992,12329633.05,16.96183333333333,False,False,22.42
2023-06-21,19.19,19.77,18.98,19.75,14006319.0,276808835.0,211676625.0,0.0661684727824813,19.294,19.216,19.2065,17.16166666666667,52.01511325841164,12919753.6,16.987,False,False,22.42
2023-06-26,19.65,19.65,18.34,18.35,10744940.0,205223236.0,211676625.0,0.05076110789275859,19.125999999999998,19.143,19.204,17.181499999999996,29.499323354128535,13028093.85,17.021333333333335,False,False,22.42
2023-06-27,18.68,19.41,18.59,18.77,6394450.0,122693338.0,211676625.0,0.030208578769620877,19.048000000000002,19.097,19.279,17.211166666666664,23.042835993707584,12540001.25,17.057833333333335,True,False,22.42
2023-06-28,18.56,18.88,18.25,18.77,5820865.0,109736200.0,211676625.0,0.027498855860915206,18.966,19.042,19.3795,17.247666666666667,34.43708598628717,12356540.6,17.09,True,True,22.42
2023-06-29,19.0,20.06,18.98,19.34,10009797.0,199479226.0,211676625.0,0.04728815475019974,18.996000000000002,19.058,19.425,17.290666666666667,42.94354826588516,12319455.9,17.121,True,True,22.42
2023-06-30,19.18,20.95,19.06,20.61,15393845.0,314480277.0,211676625.0,0.07272340533585132,19.168,19.231,19.572499999999998,17.357166666666668,64.51612886086798,12049022.25,17.16166666666667,True,True,22.42
2023-07-03,20.87,21.44,20.22,20.41,11113614.0,233345945.0,211676625.0,0.0525027928804137,19.580000000000002,19.353,19.621499999999997,17.416166666666662,61.09022540314602,11523369.75,17.181499999999996,False,True,22.42
2023-07-04,20.32,20.85,20.21,20.52,5646610.0,118117410.0,211676625.0,0.026675642622325444,19.93,19.489,19.5785,17.473666666666666,61.23595489563606,10847587.25,17.211166666666664,False,False,22.42
2023-07-05,20.64,21.14,20.38,20.55,7173216.0,151604720.0,211676625.0,0.0338876151299181,20.286,19.625999999999998,19.485000000000003,17.541333333333334,63.09751417144069,9609785.3,17.247666666666667,False,False,22.42
2023-07-06,20.44,20.6,19.83,20.2,7400840.0,151461633.0,211676625.0,0.034962953514588585,20.458,19.727,19.486,17.598666666666666,62.4999998342803,8869129.6,17.290666666666667,False,False,20.61
2023-07-07,20.16,20.22,19.77,19.79,3547800.0,71989555.0,211676625.0,0.016760471308534895,20.294,19.731,19.473499999999998,17.6525,55.576208033816535,8313486.9,17.357166666666668,False,False,20.61
2023-07-10,19.82,20.2,19.52,19.65,3301815.0,66264310.0,211676625.0,0.015598392122890282,20.142,19.860999999999997,19.502000000000002,17.7015,54.462659241807415,7758592.95,17.416166666666662,False,False,20.61
2023-07-11,19.52,19.8,19.47,19.73,3524892.0,70371016.0,211676625.0,0.016652249628413152,19.984,19.957,19.526999999999997,17.76033333333333,54.95495481632985,7426055.75,17.473666666666666,False,False,20.61
2023-07-12,19.74,20.05,19.56,19.61,3837600.0,77188463.0,211676625.0,0.01812954075585814,19.796,20.041,19.5415,17.816666666666666,53.710247216971105,7204501.2,17.541333333333334,False,False,20.61
2023-07-13,19.61,20.09,19.46,19.87,3826291.0,76804432.0,211676625.0,0.01807611492293965,19.73,20.094,19.576,17.885499999999997,51.1194028515538,7067174.8,17.598666666666666,False,False,20.61
2023-07-14,19.9,19.96,19.6,19.96,2858765.0,57557986.0,211676625.0,0.013505340988878673,19.764,20.029,19.630000000000003,17.953333333333333,69.87654296832797,6874297.5,17.6525,False,False,20.61
2023-07-17,19.81,19.81,19.08,19.46,4455123.0,87498509.0,211676625.0,0.021046835001266674,19.726000000000003,19.934,19.6435,18.0125,58.353510698075276,6756630.95,17.7015,False,False,20.61
2023-07-18,19.66,19.7,19.23,19.32,2757557.0,54458382.0,211676625.0,0.013027215451871457,19.644,19.814,19.6515,18.0705,56.44028084539486,6605228.3,17.76033333333333,True,False,20.61
2023-07-19,19.37,19.45,18.94,18.97,2993750.0,58131194.0,211676625.0,0.014143035396563036,19.516,19.656,19.641000000000002,18.125333333333334,45.432098608382866,6452404.45,17.816666666666666,True,True,20.61
2023-07-20,19.23,19.23,18.42,18.46,4326964.0,82121088.0,211676625.0,0.02044138789533327,19.234,19.482,19.604499999999998,18.173000000000002,17.32522788980154,6456752.65,17.885499999999997,True,True,20.61
2023-07-21,18.35,18.46,18.1,18.42,2859925.0,53239819.0,211676625.0,0.013510821046017717,18.926000000000002,19.345000000000002,19.538000000000004,18.227,18.210862538354064,5899432.95,17.953333333333333,True,True,20.61
2023-07-24,18.32,18.84,18.04,18.58,2582449.0,48760393.0,211676625.0,0.012199972481609625,18.75,19.238,19.549500000000002,18.282833333333333,19.496855260076742,5491308.4,18.0125,True,True,20.61
2023-07-25,18.91,19.02,18.56,18.66,2137991.0,40681799.0,211676625.0,0.010100269692036142,18.618000000000002,19.131,19.544,18.347,20.74303396581969,5278485.45,18.0705,True,True,20.61
2023-07-26,18.69,18.87,18.41,18.5,2204200.0,41544634.0,211676625.0,0.010413053401621459,18.524,19.02,19.5305,18.39766666666667,22.039473582712986,5097652.2,18.125333333333334,True,True,20.61
2023-07-27,18.42,18.48,17.47,17.56,3991282.0,72421111.0,211676625.0,0.018855563291412077,18.344,18.788999999999998,19.441499999999998,18.43316666666667,18.767506929203094,4796726.45,18.173000000000002,True,True,20.61
2023-07-28,17.56,17.63,17.35,17.6,2167077.0,38512289.0,211676625.0,0.010237677400610483,18.18,18.553,19.291,18.466166666666666,20.461095018312676,4135388.05,18.227,True,True,20.61
2023-07-31,17.6,18.06,17.29,17.9,2101750.0,38083433.0,211676625.0,0.009929060424125715,18.044,18.397,19.165499999999998,18.498,25.203251936898226,3684794.85,18.282833333333333,True,True,20.55
2023-08-01,17.91,17.91,17.47,17.55,1877538.0,33588282.0,211676625.0,0.008869840966143521,17.822,18.220000000000002,19.017,18.526666666666664,23.724489711188056,3496341.25,18.347,True,True,20.55
2023-08-02,17.45,17.68,17.36,17.51,989200.0,17635635.0,211676625.0,0.004673165967191701,17.624000000000002,18.074,18.865,18.555,18.108108039590903,3187140.45,18.39766666666667,True,True,20.55
2023-08-03,17.51,17.87,17.47,17.7,1857238.0,33321526.0,211676625.0,0.00877393996621025,17.651999999999997,17.998,18.740000000000002,18.59283333333333,20.263157820083023,2909960.35,18.43316666666667,True,True,20.2
2023-08-04,17.64,17.83,17.48,17.7,2175600.0,39080749.0,211676625.0,0.010277941648020891,17.672,17.926,18.6355,18.625333333333334,23.333333234343357,2841350.35,18.466166666666666,True,True,19.96
2023-08-07,17.55,18.13,17.44,18.13,2808100.0,50927438.0,211676625.0,0.013265990044956546,17.718,17.881,18.5595,18.662333333333333,33.42618371365829,2816664.6,18.498,True,True,19.96
2023-08-08,18.15,18.44,17.8,17.88,2801850.0,51310766.0,211676625.0,0.013236463875026352,17.784,17.803,18.467000000000002,18.6995,34.38395401679786,2780512.5,18.526666666666664,True,True,19.96
2023-08-09,17.9,18.03,17.74,17.98,1693450.0,30820048.0,211676625.0,0.008000174794925987,17.877999999999997,17.750999999999998,18.3855,18.73116666666667,42.20779201593859,2673305.0,18.555,True,True,19.96
2023-08-10,17.98,18.36,17.98,18.21,1734750.0,31997731.0,211676625.0,0.00819528372582471,17.98,17.816,18.302500000000002,18.765499999999996,46.788990625368214,2568727.95,18.59283333333333,True,True,19.96
2023-08-11,18.16,18.31,17.87,17.91,1589450.0,29328430.0,211676625.0,0.007508859327287554,18.022,17.847,18.2,18.78666666666667,40.175952914233655,2505262.2,18.625333333333334,True,True,19.96
2023-08-14,17.88,18.26,17.7,18.23,1744800.0,31927288.0,211676625.0,0.008242761807072462,18.041999999999998,17.880000000000003,18.1385,18.8165,44.10958887190843,2369746.05,18.662333333333333,True,True,19.46
2023-08-15,18.19,18.47,18.11,18.24,2027704.0,37716297.0,211676625.0,0.00957925325954153,18.113999999999997,17.948999999999998,18.0845,18.845666666666666,46.285714100571404,2333253.4,18.6995,False,True,19.32
2023-08-16,18.2,18.21,17.8,17.8,1209700.0,22115822.0,211676625.0,0.005714849242328953,18.078000000000003,17.978,18.026,18.864666666666665,53.99999974800005,2244050.9,18.73116666666667,False,False,18.97
2023-08-17,17.84,18.1,17.62,17.96,1727000.0,31331406.0,211676625.0,0.00815867127511127,18.028,18.003999999999998,18.000999999999998,18.887,55.76923051898423,2114052.7,18.765499999999996,True,False,18.66
2023-08-18,17.98,18.12,17.21,17.21,3265400.0,58251237.0,211676625.0,0.015426360846408999,17.887999999999998,17.955000000000002,17.9405,18.895,40.33613429560061,2134326.45,18.78666666666667,True,True,18.66
2023-08-21,17.28,17.61,16.86,16.89,2621650.0,45832776.0,211676625.0,0.012385165343598991,17.619999999999997,17.831,17.856,18.86983333333333,40.677965940821586,2136286.5,18.8165,True,True,18.66
2023-08-22,16.89,17.28,16.73,17.13,1969000.0,34092925.0,211676625.0,0.00930192457480839,17.398000000000003,17.756,17.779500000000002,18.8675,44.91978592810772,2127836.95,18.845666666666666,True,True,18.66
2023-08-23,17.27,17.27,16.74,16.77,1246200.0,21513157.0,211676625.0,0.005887282074721288,17.192,17.634999999999998,17.693,18.867666666666665,38.1074167433494,2079936.95,18.864666666666665,True,True,18.5
2023-08-24,16.8,17.56,16.64,17.1,3137855.0,54702024.0,211676625.0,0.014823814391409538,17.02,17.524,17.67,18.8455,42.924528160154885,2037265.6,18.887,True,True,18.24
2023-08-25,16.98,16.98,16.32,16.44,2004963.0,33926357.0,211676625.0,0.009471820518680322,16.866,17.377000000000002,17.612000000000002,18.825166666666668,31.09619677061596,2029159.9,18.895,True,True,18.24
2023-08-28,17.17,17.26,16.45,16.61,1877645.0,32274566.0,211676625.0,0.008870346454172727,16.81,17.215,17.547500000000003,18.778166666666667,35.535307403759845,2017954.65,18.86983333333333,True,True,18.24
2023-08-29,16.74,17.5,16.52,17.45,2242556.0,39144331.0,211676625.0,0.010594254325436264,16.874000000000002,17.136000000000003,17.5425,18.712666666666667,44.83430786984788,2036205.55,18.8675,True,True,18.24
2023-08-30,17.33,17.67,16.62,17.3,4876210.0,85150784.0,211676625.0,0.023036128812049986,16.98,17.086000000000002,17.532000000000004,18.627333333333336,40.99009889626506,2230556.05,18.867666666666665,True,True,18.24
2023-08-31,17.32,17.6,16.95,17.06,2936315.0,51468418.0,211676625.0,0.013871701705372523,16.972,16.996,17.5,18.575333333333333,41.48296581547863,2284509.9,18.8455,True,True,18.24
2023-09-01,16.98,17.22,16.74,16.83,1617250.0,27787368.0,211676625.0,0.007640191731137059,17.05,16.958000000000002,17.4565,18.521833333333333,35.714285612244865,2256592.4,18.825166666666668,True,True,18.24
2023-09-04,16.91,17.21,16.59,17.17,2530195.0,43399842.0,211676625.0,0.011953114804244446,17.162,16.986,17.4085,18.490000000000002,39.7705543868475,2242697.15,18.778166666666667,True,True,18.24
2023-09-05,17.48,18.32,17.25,18.26,8587025.0,156310173.0,211676625.0,0.04056671349517218,17.324,17.099,17.427500000000002,18.473833333333335,53.91156449748948,2531955.9,18.712666666666667,True,True,18.24
2023-09-06,17.91,18.75,17.5,18.59,7623306.0,141251768.0,211676625.0,0.03601392454173908,17.582,17.281,17.458,18.461666666666666,55.20661144249709,2828448.7,18.627333333333336,False,True,18.26
2023-09-07,18.89,19.27,17.98,18.05,7422660.0,140837232.0,211676625.0,0.03506603527904888,17.779999999999998,17.375999999999998,17.45,18.442833333333333,57.191780684814226,3112844.2,18.575333333333333,False,False,18.59
2023-09-08,18.19,19.86,17.86,19.57,12759272.0,248152688.0,211676625.0,0.06027718932121107,18.328,17.689,17.532999999999998,18.454333333333334,69.0340907718072,3671335.3,18.521833333333333,False,False,18.59
2023-09-11,19.55,19.72,18.88,19.25,11296344.0,221737096.0,211676625.0,0.0533660436054288,18.744,17.953,17.584,18.455333333333336,64.88764032185016,4148912.5,18.490000000000002,False,False,19.57
2023-09-12,19.18,20.12,19.09,20.03,12509999.0,250947297.0,211676625.0,0.05909957700808958,19.098000000000003,18.211000000000002,17.6735,18.469833333333334,71.61803700230072,4673027.25,18.473833333333335,False,False,19.57
2023-09-13,20.5,21.01,18.94,19.32,11934700.0,240624374.0,211676625.0,0.05638175684254225,19.244,18.413,17.7495,18.472166666666666,64.0151514019934,5209277.25,18.461666666666666,False,False,20.03
2023-09-14,18.93,19.42,17.7,18.09,10911450.0,206517647.0,211676625.0,0.05154773230157085,19.252000000000002,18.516,17.756,18.45383333333333,59.717314389158716,5668499.75,18.442833333333333,False,False,20.03
2023-09-15,18.11,18.97,18.0,18.44,6707850.0,124884045.0,211676625.0,0.031689139034600536,19.026,18.677,17.8175,18.432000000000002,60.553633120213284,5840622.25,18.454333333333334,False,False,20.03
2023-09-18,18.19,19.38,18.1,19.06,8453200.0,162325888.0,211676625.0,0.03993449914462686,18.988,18.866000000000003,17.926,18.44383333333333,59.526627120310906,6132199.75,18.455333333333336,False,False,20.03
2023-09-19,18.98,18.98,18.18,18.53,6622100.0,124283708.0,211676625.0,0.03128403998315827,18.688,18.893,17.996000000000002,18.439833333333336,56.96489232191297,6364854.75,18.469833333333334,False,False,20.03
2023-09-20,18.6,19.67,18.55,18.86,7728700.0,149791632.0,211676625.0,0.03651182552631874,18.596,18.919999999999998,18.1005,18.441333333333333,60.089686004343555,6688979.75,18.472166666666666,False,False,20.03
2023-09-21,18.57,18.86,17.97,18.4,5290327.0,98957758.0,211676625.0,0.024992495038127144,18.657999999999998,18.955000000000002,18.1655,18.425666666666668,58.579234883048166,6796603.35,18.45383333333333,False,False,20.03
2023-09-22,18.29,19.4,18.29,18.81,6241050.0,120598227.0,211676625.0,0.029483888454854192,18.732,18.878999999999998,18.284,18.395666666666667,58.893709238122334,7008407.7,18.432000000000002,False,False,20.03
2023-09-25,18.63,18.78,17.91,17.98,7067200.0,130651967.0,211676625.0,0.033386775700906986,18.516,18.752,18.3525,18.355166666666666,48.4374999243164,7267885.45,18.44383333333333,False,False,20.03
2023-09-26,17.91,18.0,17.34,17.68,5690200.0,102023163.0,211676625.0,0.026881569941886594,18.345999999999997,18.517,18.363999999999997,18.30783333333333,44.90481515916378,7440267.65,18.439833333333336,True,False,20.03
2023-09-27,17.72,18.27,17.52,17.88,4281250.0,77959907.0,211676625.0,0.02022542640218305,18.15,18.372999999999998,18.392999999999997,18.263333333333332,49.01047721930771,7410519.65,18.441333333333333,True,True,20.03
2023-09-28,18.0,18.12,17.39,17.68,3899900.0,70048564.0,211676625.0,0.018423857617722316,18.005999999999997,18.332,18.424,18.221333333333334,37.001375444564054,7458698.9,18.425666666666668,True,True,20.03
2023-10-09,17.83,19.45,17.5,19.45,9279435.0,175798775.0,211676625.0,0.043837787946590705,18.134,18.433,18.555,18.215666666666667,51.14678890870928,7841808.15,18.395666666666667,True,True,20.03
2023-10-10,19.77,19.86,19.25,19.48,9689020.0,191890308.0,211676625.0,0.04577274415632808,18.434,18.475,18.670499999999997,18.212833333333332,46.549560771431125,8199749.4,18.355166666666666,False,True,20.03
2023-10-11,19.49,20.12,18.88,19.53,11471090.0,226795517.0,211676625.0,0.05419157641992828,18.804000000000002,18.575,18.734,18.209500000000002,51.436388410381745,8343952.65,18.30783333333333,False,False,20.03
2023-10-12,19.53,20.95,19.52,20.14,13950515.0,286843566.0,211676625.0,0.06590484424059577,19.256,18.703,18.811500000000002,18.21833333333333,65.32137505014961,8660313.1,18.263333333333332,False,False,20.03
2023-10-13,20.45,21.68,19.99,21.17,18658664.0,394597241.0,211676625.0,0.0881470214295036,19.954,18.98,18.9675,18.240000000000002,68.52103107743632,9222113.3,18.221333333333334,False,False,20.14
2023-10-16,22.32,23.29,21.27,22.52,24286384.0,553928084.0,211676625.0,0.11473342415583204,20.568,19.351,19.115000000000002,18.282666666666668,71.35802456802318,9798468.9,18.215666666666667,False,False,21.17
2023-10-17,21.36,21.65,20.27,20.38,19884513.0,415383624.0,211676625.0,0.093938161570745,20.747999999999998,19.591,19.1715,18.298,59.5262615001681,10227877.35,18.212833333333332,False,False,22.52
2023-10-18,20.23,22.42,20.23,22.42,16733196.0,366541806.0,211676625.0,0.07905075017139941,21.326,20.065,19.291,18.349666666666668,65.58668993710914,10439037.2,18.209500000000002,False,False,22.52
2023-10-19,22.08,22.89,21.0,21.16,15468726.0,340002212.0,211676625.0,0.07307715719673818,21.53,20.393,19.383,18.386166666666668,61.292962286571075,10615738.5,18.21833333333333,False,False,22.52
2023-10-20,20.97,21.44,20.55,20.67,8449434.0,179491301.0,211676625.0,0.03991670785567372,21.43,20.692,19.512,18.423,57.560975544239554,10492637.7,18.240000000000002,False,False,22.52
2023-10-23,20.34,21.29,19.94,20.95,9092296.0,191505080.0,211676625.0,0.042953708280260045,21.116,20.842000000000002,19.6375,18.465166666666665,62.63829779770755,10611860.0,18.282666666666668,False,False,22.52
2023-10-24,20.75,21.82,20.47,21.5,9577143.0,206965741.0,211676625.0,0.04524421626620322,21.34,21.044,19.7595,18.51383333333333,65.91666658976389,10668057.15,18.298,False,False,22.52
2023-10-25,20.95,23.65,20.95,23.65,11270698.0,260882367.0,211676625.0,0.05324488710078404,21.586000000000002,21.456,20.0155,18.597,70.68100351329505,10900487.05,18.349666666666668,False,False,22.52
2023-10-26,24.09,25.96,23.36,23.66,17000392.0,417768397.0,211676625.0,0.08031303409150632,22.086000000000002,21.808,20.2555,18.683,71.72965108980995,11364071.65,18.386166666666668,False,False,23.65
2023-10-27,23.46,24.48,23.01,23.9,9567367.0,231593523.0,211676625.0,0.04519803261224521,22.732,22.081,20.5305,18.788666666666664,68.19296803313969,11577923.65,18.423,False,False,23.66
2023-10-30,23.63,24.5,23.19,24.36,9323312.0,227212886.0,211676625.0,0.04404507110787504,23.413999999999998,22.265,20.808,18.901333333333334,69.27330166115117,11732036.75,18.465166666666665,False,False,23.9
2023-10-31,24.09,24.58,22.91,24.36,11938252.0,287299225.0,211676625.0,0.05639853715543698,23.986,22.663,21.127,19.009,69.15146701283737,11975589.35,18.51383333333333,False,False,24.36
2023-11-01,24.09,24.5,23.21,23.79,6985693.0,169679220.0,211676625.0,0.03300172137570693,24.014,22.8,21.4325,19.113,64.51869523442627,12040364.0,18.597,False,False,24.36
2023-11-02,24.09,26.17,23.64,24.68,16193966.0,414500763.0,211676625.0,0.07650332671356604,24.218,23.151999999999997,21.7725,19.2325,64.11906670171625,12635999.8,18.683,False,False,24.36
2023-11-03,24.56,25.03,23.68,23.96,10621120.0,260770603.0,211676625.0,0.050176159035037526,24.229999999999997,23.480999999999998,22.0865,19.336833333333335,56.1016948486929,12972060.8,18.788666666666664,False,False,24.68
2023-11-06,23.77,26.16,23.77,25.31,11379798.0,290423062.0,211676625.0,0.05376029592308551,24.419999999999998,23.916999999999998,22.3795,19.463666666666665,72.38873741930587,13077078.95,18.901333333333334,False,False,24.68
2023-11-07,24.7,26.38,24.7,25.75,8787605.0,229335309.0,211676625.0,0.04151429096150791,24.698,24.342,22.693,19.590666666666667,67.69394251352654,13032008.2,19.009,False,False,25.31
2023-11-08,26.11,28.2,26.11,27.42,12193546.0,339020746.0,211676625.0,0.05760459379962242,25.424,24.719,23.0875,19.749666666666666,81.87372697085215,13068131.0,19.113,False,False,25.75
2023-11-09,26.77,27.38,25.95,26.16,8964970.0,241633337.0,211676625.0,0.042352196422254934,25.72,24.969,23.3885,19.886,75.92067978631826,12818853.75,19.2325,False,False,27.42
2023-11-10,26.01,26.22,25.08,25.38,6021952.0,156140822.0,211676625.0,0.02844882849015568,26.004,25.117,23.598999999999997,20.0055,69.9729485140107,12187018.15,19.336833333333335,False,False,27.42
2023-11-13,25.43,26.16,25.15,26.0,5978456.0,155642976.0,211676625.0,0.028243345244190282,26.142000000000003,25.281,23.773,20.140333333333334,70.16129023456469,11271621.75,19.463666666666665,False,False,27.42
2023-11-14,26.01,26.62,25.69,26.03,4059996.0,107612978.0,211676625.0,0.019180181089905417,26.198,25.448,24.055500000000002,20.270333333333333,63.16371671633939,10480395.9,19.590666666666667,False,False,27.42
2023-11-15,26.15,26.16,24.03,24.36,9532947.0,240091602.0,211676625.0,0.045035426089205646,25.586,25.505,24.1525,20.372333333333334,53.27102796768277,10120383.45,19.749666666666666,False,False,27.42
2023-11-16,24.72,24.98,24.2,24.69,5364927.0,134777943.0,211676625.0,0.025344919402413943,25.292,25.506,24.329,20.487166666666667,53.660796964666254,9615193.5,19.886,False,False,27.42
2023-11-17,24.58,25.18,24.27,25.07,5344056.0,135152329.0,212306625.0,0.02517140480189914,25.23,25.617,24.549,20.605666666666664,53.31465912731977,9459924.6,20.0055,False,False,27.42
2023-11-20,25.07,25.22,24.09,25.02,4616669.0,116080339.0,212306625.0,0.02174528938981532,25.034,25.588,24.7525,20.735833333333332,53.06691442909509,9236143.25,20.140333333333334,False,False,27.42
2023-11-21,24.95,25.08,24.36,24.47,4469350.0,111582594.0,212306625.0,0.02105139206089306,24.722,25.46,24.901000000000003,20.862166666666667,53.16573549866663,8980753.6,20.270333333333333,False,False,27.42
2023-11-22,24.34,24.82,24.34,24.37,2292591.0,57264072.0,212306625.0,0.010798490155453228,24.724,25.154999999999998,24.937,20.982833333333335,48.442210987116496,8531848.25,20.372333333333334,True,False,27.42
2023-11-23,24.42,25.06,24.42,24.56,2877926.0,72379026.0,212306625.0,0.013555516696664553,24.698,24.994999999999997,24.982,21.112666666666666,53.18471329675306,7825724.95,20.487166666666667,True,True,27.42
2023-11-24,24.49,24.86,23.7,23.9,3075900.0,75119834.0,212306625.0,0.014488007616342637,24.464,24.847,24.982,21.226000000000003,41.92439855819684,7501151.6,20.605666666666664,True,True,27.42
2023-11-27,23.8,24.34,23.55,23.75,3511105.0,84981452.0,212306625.0,0.016537896544679187,24.21,24.622,24.951500000000003,21.347833333333334,38.15165870448777,7210541.25,20.735833333333332,True,True,27.42
2023-11-28,23.6,24.1,23.22,23.44,3746758.0,89646741.0,212306625.0,0.0176478619072768,24.004,24.363,24.9055,21.461666666666662,21.89265532394107,6800966.55,20.862166666666667,True,True,27.42
2023-11-29,24.89,25.78,24.07,25.47,13369568.0,340480157.0,212306625.0,0.06297291947436874,24.224,24.474,24.9895,21.595333333333333,45.60509546006733,7120160.3,20.982833333333335,True,True,27.42
2023-11-30,24.97,27.99,24.96,27.36,12573567.0,343483620.0,212306625.0,0.05922362055352724,24.784,24.741000000000003,25.1235,21.762999999999998,61.04910704746792,6939140.35,21.112666666666666,False,True,27.42
2023-12-01,27.25,28.59,26.85,27.44,10416806.0,293086937.0,212306625.0,0.04906491259987766,25.492,24.978,25.2975,21.935999999999996,58.55106878625715,6928924.65,21.226000000000003,False,False,27.42
2023-12-04,27.12,27.92,26.26,27.43,6484726.0,178856400.0,212306625.0,0.030544152826130603,26.228,25.219,25.4035,22.112666666666666,58.33333323611111,6684171.05,21.347833333333334,False,False,27.44
2023-12-05,27.18,27.53,25.9,26.04,4820151.0,129902143.0,212306625.0,0.022703723918177307,26.748,25.376,25.418,22.260499999999997,60.344827482164085,6485798.35,21.461666666666662,False,False,27.44
2023-12-06,25.97,26.68,25.62,26.21,3509950.0,93105572.0,212306625.0,0.016532456299938828,26.896000000000004,25.56,25.357499999999998,22.392999999999997,59.547738588735136,6051618.55,21.595333333333333,False,False,27.44
2023-12-07,26.06,26.4,24.47,24.51,5278850.0,134902108.0,212306625.0,0.024864273547751985,26.326,25.555,25.275,22.491666666666667,46.9827585498105,5867312.55,21.762999999999998,False,False,27.44
2023-12-08,24.86,25.86,24.39,25.09,4565615.0,117189067.0,212306625.0,0.021504816441785556,25.856,25.674,25.2605,22.609,50.35677872528084,5794495.7,21.935999999999996,True,False,27.44
2023-12-11,25.08,26.06,24.61,25.74,3823200.0,99542961.0,212306625.0,0.01800791661588516,25.518,25.873,25.247500000000002,22.711833333333335,56.407668941502784,5686732.9,22.112666666666666,True,True,27.44
2023-12-12,25.7,25.86,24.84,25.7,3014750.0,77975909.0,212306625.0,0.01419998080606293,25.45,26.099,25.231,22.81933333333333,56.751268954871286,5634470.6,22.260499999999997,False,True,27.44
2023-12-13,25.71,25.71,24.94,25.01,2604962.0,66767064.0,212306625.0,0.01226981023319456,25.21,26.052999999999997,25.2635,22.90233333333333,52.17391297290487,5288071.35,22.392999999999997,False,False,27.44
2023-12-14,25.42,25.68,24.59,25.03,2543100.0,65060608.0,212306625.0,0.011978429782867115,25.314,25.82,25.280499999999996,22.9975,55.81874348285662,5146980.0,22.491666666666667,True,False,27.44
2023-12-15,25.08,25.75,24.81,25.35,2796000.0,72103723.0,212306625.0,0.013169631423418841,25.366,25.611,25.2945,23.1185,58.09716590957892,5019577.2,22.609,True,True,27.44
2023-12-18,25.43,25.43,24.4,24.52,2379500.0,59597139.0,212306625.0,0.011207846198864497,25.122,25.32,25.2695,23.219833333333334,55.19230761801034,4907718.75,22.711833333333335,False,True,27.44
2023-12-19,24.51,24.65,23.83,24.29,2751935.0,67690754.0,212306625.0,0.012962077843779016,24.84,25.145,25.2605,23.307000000000002,43.13953481349379,4821848.0,22.81933333333333,True,False,27.44
2023-12-20,24.34,24.52,23.6,23.9,2519200.0,61235957.0,212306625.0,0.011865856753174801,24.618,24.914,25.237000000000002,23.3965,25.63380276635587,4833178.45,22.90233333333333,True,True,27.44
2023-12-21,23.91,24.58,23.43,24.37,2623915.0,63941268.0,212306625.0,0.012359082058791148,24.486,24.9,25.2275,23.488333333333333,29.506007955529498,4820477.9,22.9975,True,True,27.44
2023-12-22,24.06,24.69,23.81,24.35,2179400.0,53816144.0,212306625.0,0.010265341460729263,24.286,24.826,25.25,23.5875,29.466666611662234,4775652.9,23.1185,True,True,27.44
2023-12-25,24.35,24.93,24.1,24.47,1612992.0,40151609.0,212306625.0,0.007597464280730759,24.276,24.699,25.285999999999998,23.68183333333333,37.39967888866845,4680747.25,23.219833333333334,True,True,27.44
2023-12-26,24.58,24.71,23.93,24.5,2689900.0,66689684.0,212306625.0,0.012669882534282667,24.318,24.579,25.339,23.790499999999998,35.96059105033689,4627904.35,23.307000000000002,True,True,27.44
2023-12-27,24.35,24.58,23.79,24.31,2217950.0,54551591.0,212306625.0,0.010446918460504943,24.4,24.509,25.281,23.901000000000003,47.81659374029859,4070323.45,23.3965,True,True,27.44
2023-12-28,24.29,25.85,23.75,25.52,3819646.0,97556014.0,212306625.0,0.017991176676658113,24.630000000000003,24.558,25.189,24.028333333333332,54.126679317126005,3632627.4,23.488333333333333,True,True,27.44
2023-12-29,25.47,26.18,25.35,26.06,3038764.0,79700856.0,212306625.0,0.01431309079497637,24.972,24.628999999999998,25.12,24.168,53.13725475609382,3263725.3,23.5875,False,True,27.44
2024-01-02,26.06,26.06,25.42,25.66,1438500.0,37588670.0,212305500.0,0.006775613443834474,25.209999999999997,24.743000000000002,25.0315,24.271500000000003,49.63369950643375,3011414.0,23.68183333333333,False,False,27.43
2024-01-03,25.71,26.02,25.08,25.39,1525473.0,39591861.0,212305500.0,0.007185273108798406,25.387999999999998,24.853,24.999,24.37,53.769841120480585,2846680.1,23.790499999999998,False,False,26.21
2024-01-04,25.39,25.91,25.27,25.76,1334552.0,34844565.0,212305500.0,0.0062859982430978,25.678000000000004,25.038999999999998,24.9765,24.47383333333333,56.77179948148326,2737910.2,23.901000000000003,False,False,26.21
2024-01-05,25.69,26.21,24.57,25.19,1890177.0,48397343.0,212305500.0,0.008903099542875714,25.612000000000002,25.121,25.0105,24.558,48.581560163095425,2568476.55,24.028333333333332,False,False,26.06
2024-01-08,24.97,25.11,23.75,23.97,2305686.0,56655333.0,212305500.0,0.010860227361043402,25.194,25.083,24.9545,24.604666666666667,45.4394692145684,2455480.1,24.168,False,False,26.06
2024-01-09,23.94,24.47,23.75,24.08,1216725.0,29857550.0,212305500.0,0.005731010265866876,24.878000000000004,25.044,24.8715,24.630666666666666,48.22335013957243,2325156.35,24.271500000000003,True,False,26.06
2024-01-10,24.07,24.08,23.21,23.21,1909908.0,45727270.0,212305500.0,0.008996036372114711,24.442,24.915,24.747,24.677833333333336,44.60093886941893,2269914.25,24.37,True,True,26.06
2024-01-11,23.49,24.17,23.12,23.98,1439962.0,34659724.0,212305500.0,0.006782499746827096,24.086000000000002,24.881999999999998,24.6955,24.703833333333332,47.08520169518791,2211664.25,24.47383333333333,True,True,26.06
2024-01-12,23.99,24.44,23.4,23.51,1644792.0,39879941.0,212305500.0,0.007747288694828914,23.75,24.681,24.619500000000002,24.743,44.11764697231834,2166748.85,24.558,True,True,26.06
2024-01-15,23.51,23.58,22.72,22.88,2386735.0,55906226.0,212305500.0,0.011241983839325877,23.532000000000004,24.363000000000003,24.496000000000002,24.779833333333336,39.60784306476996,2146285.6,24.604666666666667,True,True,26.06
2024-01-16,22.92,23.86,22.82,23.31,1928920.0,45763151.0,212305500.0,0.009085586572180183,23.378000000000004,24.128000000000004,24.4355,24.819166666666668,42.608695578071824,2123756.6,24.630666666666666,True,True,26.06
2024-01-17,23.11,23.23,22.32,22.6,1963200.0,45454753.0,212305500.0,0.009247052007602253,23.256,23.849,24.351,24.8375,40.023337157488136,2084319.85,24.677833333333336,True,True,26.06
2024-01-18,22.33,22.43,21.63,22.36,1547114.0,34650402.0,212305500.0,0.007287206407747326,22.932,23.509,24.274,24.816,29.210526261980604,2035715.55,24.703833333333332,True,True,26.06
2024-01-19,22.59,22.96,22.05,22.43,1392548.0,31844706.0,212305500.0,0.006559170629117004,22.716,23.232999999999997,24.177,24.7955,24.544179474948308,1974147.2,24.743,True,True,26.06
2024-01-22,22.42,22.42,20.2,20.68,2711422.0,58385150.0,212305500.0,0.012771322457496391,22.276,22.904000000000003,23.9935,24.741833333333332,20.63679241876001,2000748.3,24.779833333333336,True,True,26.06
2024-01-23,20.68,20.88,20.14,20.88,2509427.0,52381734.0,212305500.0,0.011819886908252494,21.79,22.584,23.814,24.683833333333336,23.18668248221003,2045570.05,24.819166666666668,True,True,26.06
2024-01-24,21.03,21.03,19.61,20.62,3000300.0,61342353.0,212305500.0,0.014131993754283333,21.394,22.325,23.62,24.6215,19.036144546204085,2061090.05,24.8375,True,True,26.06
2024-01-25,20.63,20.95,19.87,20.65,3499900.0,72817176.0,212305500.0,0.016485206459559455,21.052,21.992,23.437,24.569166666666668,20.747422642981405,2125187.55,24.816,True,True,26.06
2024-01-26,20.7,20.86,19.94,20.33,2701976.0,55640916.0,212305500.0,0.012726829969077579,20.631999999999998,21.674,23.1775,24.496666666666666,23.4693877072053,2069304.05,24.7955,True,True,26.06
2024-01-29,20.33,20.43,18.59,19.0,4780487.0,93281906.0,212305500.0,0.0225170191069002,20.296,21.285999999999998,22.824499999999997,24.413999999999998,18.564356403477575,2156390.2,24.741833333333332,True,True,26.06
2024-01-30,18.83,19.22,18.37,18.98,3481434.0,66500950.0,212305500.0,0.016398228025180695,19.916,20.853,22.4905,24.3085,20.74688792663116,2258536.9,24.683833333333336,True,True,25.76
2024-01-31,18.97,18.97,17.08,17.08,4413210.0,79210886.0,212305500.0,0.020787073344779104,19.208,20.301,22.075,24.163999999999998,8.732057401644852,2402923.75,24.6215,True,True,25.76
2024-02-01,17.21,17.21,16.14,16.92,4423844.0,74723243.0,212305500.0,0.020837161543153616,18.461999999999996,19.756999999999998,21.633,23.988999999999997,9.068322965595442,2557388.35,24.569166666666668,True,True,25.76
2024-02-02,16.91,16.96,15.23,16.42,3947976.0,64105296.0,212305500.0,0.018595731151571673,17.68,19.156,21.194499999999998,23.826666666666668,9.217171700878723,2660278.3,24.496666666666666,True,True,25.19
2024-02-05,15.73,15.75,14.78,14.78,2641017.0,39874924.0,212305500.0,0.012439701279524082,16.836000000000002,18.566,20.735,23.65,3.2858707507116804,2677044.85,24.413999999999998,True,True,24.08
2024-02-06,13.75,14.94,13.3,14.46,5278617.0,74995737.0,212305500.0,0.024863307827635177,15.932000000000002,17.924,20.254,23.457666666666668,3.4324942736779036,2880139.45,24.3085,True,True,24.08
2024-02-07,14.46,14.87,13.45,13.75,4989463.0,71816134.0,212305500.0,0.023501336517424185,15.266000000000002,17.237000000000002,19.781,23.253,3.2573289852765583,3034117.2,24.163999999999998,True,True,23.98
2024-02-08,13.77,15.12,13.0,15.12,3464949.0,50638504.0,212305500.0,0.016320580484255002,14.906,16.684,19.338,23.099,15.223596554411941,3135366.55,23.988999999999997,True,True,23.98
2024-02-19,16.2,16.64,15.73,16.64,2443674.0,40770263.0,212305500.0,0.011510177550746448,14.95,16.315,18.9945,22.964833333333335,30.35019451119622,3175310.65,23.826666666666668,True,True,23.51
2024-02-20,16.67,18.18,16.51,17.88,8672006.0,154520488.0,212305500.0,0.04084682686034983,15.569999999999999,16.203,18.7445,22.845000000000002,36.7491165623244,3489574.2,23.65,True,True,23.31
2024-02-21,17.75,18.92,17.41,18.19,5808981.0,107275802.0,212305500.0,0.027361424927757408,16.316,16.124000000000002,18.4885,22.73116666666667,39.31398412045771,3683577.25,23.457666666666668,True,True,23.31
2024-02-22,18.17,18.87,17.91,18.8,3328598.0,62751111.0,212305500.0,0.01567834088141852,17.326,16.296,18.2985,22.636666666666667,42.25941417643249,3751847.15,23.253,True,True,22.6
2024-02-23,18.82,19.35,18.49,18.93,2888547.0,55413497.0,212305500.0,0.013605615492768675,18.088,16.497000000000003,18.127000000000002,22.546,44.04761899518141,3818918.8,23.099,False,True,22.43
2024-02-26,18.93,19.26,18.48,18.86,3156416.0,60797706.0,212305500.0,0.014867330332940033,18.532,16.741,17.9485,22.451,49.33333326755555,3907112.2,22.964833333333335,False,False,22.43
2024-02-27,18.91,20.75,18.57,20.36,5932774.0,121335975.0,212305500.0,0.027944513919799536,19.028,17.299,17.932499999999997,22.392,55.759599267058896,4068179.8,22.845000000000002,False,False,20.88
2024-02-28,20.58,21.61,18.66,18.66,6918357.0,143218359.0,212305500.0,0.032586800624571664,19.122,17.719,17.8215,22.307166666666664,56.706281766223434,4288626.3,22.73116666666667,False,False,20.88
2024-02-29,18.37,20.24,18.22,20.05,3986200.0,79027422.0,212305500.0,0.018775773590415698,19.372000000000003,18.348999999999997,17.793,22.250666666666667,62.029208234557345,4337921.3,22.636666666666667,False,False,20.65
2024-03-01,20.06,21.14,19.56,20.59,4236527.0,87875555.0,212305500.0,0.01995486221506273,19.704,18.896,17.79,22.169333333333334,65.97701142347293,4374752.65,22.546,False,False,20.65
2024-03-04,20.59,22.6,20.04,21.76,6682061.0,144670197.0,212305500.0,0.03147380072584083,20.284,19.407999999999998,17.8615,22.076,77.7424482441658,4573756.9,22.451,False,False,20.59
2024-03-05,21.36,21.98,20.95,21.22,4610097.0,99984431.0,212305500.0,0.021714449225290915,20.456,19.742,17.972500000000004,21.972333333333335,76.40624991643065,4565237.4,22.392,False,False,21.76
2024-03-06,21.61,21.61,20.34,20.55,5010177.0,105054488.0,212305500.0,0.023598903466937975,20.834,19.978,18.051,21.857666666666667,76.64576794098427,4641674.55,22.307166666666664,False,False,21.76
2024-03-07,20.55,21.14,20.16,20.31,3135646.0,65560815.0,212305500.0,0.014769499612586579,20.886000000000003,20.128999999999998,18.2125,21.762166666666666,72.3129835758915,4577796.35,22.250666666666667,False,False,21.76
2024-03-08,20.22,21.43,19.91,21.05,3688550.0,78383458.0,212305500.0,0.01737378447567303,20.978,20.341,18.419,21.676166666666667,70.32258055442247,4541031.65,22.169333333333334,False,False,21.76
2024-03-11,20.85,21.27,20.59,21.03,3588000.0,75753399.0,212305500.0,0.016900174512671597,20.832,20.558,18.6495,21.61816666666667,66.35514009044944,4523032.85,22.076,False,False,21.76
2024-03-12,21.05,21.17,20.36,20.85,2786800.0,58751594.0,212305500.0,0.013126367428069457,20.758000000000003,20.607000000000003,18.953,21.5475,63.999999905684206,4530322.0,21.972333333333335,False,False,21.76
2024-03-13,20.95,21.43,20.86,21.08,3784326.0,81605325.0,212305500.0,0.017824907974593216,20.864,20.848999999999997,19.284,21.469833333333334,62.499999904057,4455607.45,21.857666666666667,False,False,21.76
2024-03-14,20.93,21.15,20.47,20.59,2593200.0,54567686.0,212305500.0,0.012214473953807132,20.919999999999998,20.903,19.625999999999998,21.384666666666668,58.75527417483398,4335794.3,21.762166666666666,False,False,21.76
2024-03-15,20.48,20.88,20.22,20.78,2497400.0,52115890.0,212305500.0,0.011763237410241373,20.866000000000003,20.922,19.909,21.31416666666667,59.9999999125,4287416.85,21.676166666666667,False,False,21.76
2024-03-18,21.09,21.63,20.93,21.17,3194463.0,68925341.0,212305500.0,0.01504653906752298,20.894,20.863,20.1355,21.249833333333335,54.77031793088523,4324956.3,21.61816666666667,False,False,21.76
2024-03-19,21.62,22.07,21.24,21.34,4960865.0,108815628.0,212305500.0,0.023366634401840742,20.991999999999997,20.875000000000004,20.308500000000002,21.183,69.25287342391663,4139399.25,21.5475,False,False,21.76
2024-03-20,21.07,21.47,20.95,21.24,3303080.0,71181070.0,212305500.0,0.015558146162016529,21.024,20.944,20.461000000000002,21.128333333333334,60.49382701112632,4014104.2,21.469833333333334,False,False,21.76
2024-03-21,21.44,21.47,20.2,20.5,5343050.0,111743539.0,212305500.0,0.02516679972963489,21.006,20.963,20.546,21.065166666666666,49.23339000182837,4114826.8,21.384666666666668,False,False,21.76
2024-03-22,20.43,20.62,19.86,20.25,2900665.0,59463832.0,212305500.0,0.013662693618394247,20.9,20.883,20.612000000000002,21.00433333333333,34.747474649199035,4115432.7,21.31416666666667,True,False,21.76
2024-03-25,20.16,20.26,19.32,19.33,3196600.0,64253698.0,212305500.0,0.015056604751172249,20.532,20.713,20.6355,20.920333333333335,32.270168770772514,4117441.9,21.249833333333335,True,True,21.76
2024-03-26,19.33,19.53,18.89,19.18,2682743.0,52355699.0,212305500.0,0.012636238816234152,20.1,20.546,20.576500000000003,20.834166666666665,35.758835654755984,3954940.35,21.183,True,True,21.76
2024-03-27,19.14,19.21,17.99,18.03,2678050.0,50344242.0,212305500.0,0.01261413387783171,19.458,20.241000000000003,20.544999999999998,20.726833333333335,30.069929996332334,3742925.0,21.128333333333334,True,True,21.76
2024-03-28,18.09,19.41,18.02,18.98,4563613.0,86966758.0,212305500.0,0.021495500587596646,19.154,20.080000000000002,20.491500000000002,20.634833333333336,32.54637429078426,3771795.65,21.065166666666666,True,True,21.76
2024-03-29,18.88,18.91,18.0,18.68,3779700.0,70757764.0,212463000.0,0.017789921068609594,18.84,19.87,20.396,20.541,31.07890492188328,3748954.3,21.00433333333333,True,True,21.76
2024-04-01,18.59,18.82,18.07,18.46,7641066.0,142120938.0,212463000.0,0.035964219652363,18.666000000000004,19.598999999999997,20.231,20.423333333333332,30.879999930828774,3796904.55,20.920333333333335,True,True,21.76
2024-04-02,18.27,18.34,17.54,17.69,5797446.0,104620506.0,212463000.0,0.027286849945637594,18.368000000000002,19.233999999999998,20.054499999999997,20.283833333333334,25.036818799629543,3856272.0,20.834166666666665,True,True,21.34
2024-04-03,17.57,17.68,16.99,17.37,5255346.0,92295646.0,212463000.0,0.024735346860394514,18.236,18.847,19.895500000000002,20.145666666666667,25.679758253849442,3868530.45,20.726833333333335,True,True,21.34
2024-04-08,17.38,17.66,16.87,16.88,3381400.0,59136369.0,212463000.0,0.015915241712674676,17.816,18.485000000000003,19.724,20.003833333333333,21.820809204408746,3880818.15,20.634833333333336,True,True,21.34
2024-04-09,16.77,17.15,16.56,17.1,2789420.0,47833572.0,212463000.0,0.013128968338016501,17.5,18.17,19.526500000000002,19.859500000000004,19.851851810677644,3835861.65,20.541,True,True,21.34
2024-04-10,17.01,17.16,16.62,16.74,2532274.0,43260882.0,212463000.0,0.011918658778234328,17.156,17.910999999999998,19.312,19.718666666666667,16.858789591351155,3783075.35,20.423333333333332,True,True,21.34
2024-04-11,16.74,17.05,16.6,16.82,2041300.0,34906200.0,212463000.0,0.009607790532939853,16.982,17.675000000000004,19.110500000000002,19.5995,18.063583778484116,3745800.35,20.283833333333334,True,True,21.34
2024-04-12,16.74,16.9,16.57,16.81,2106161.0,35755939.0,212463000.0,0.009913071923111319,16.869999999999997,17.553000000000004,18.897,19.478333333333335,20.19386102056319,3661892.1,20.145666666666667,True,True,21.34
2024-04-15,16.64,16.7,15.95,16.11,3831300.0,63109223.0,212463000.0,0.018032786885245903,16.716,17.266,18.673,19.36,18.825301165127414,3723797.1,20.003833333333333,True,True,21.34
2024-04-16,16.01,16.01,15.14,15.21,3326800.0,52188185.0,212463000.0,0.01565825579041998,16.338,16.919,18.3945,19.213833333333334,18.882175186654052,3765267.1,19.859500000000004,True,True,21.34
2024-04-17,15.73,16.0,15.47,15.92,7824399.0,125727737.0,250020516.0,0.03129502780483823,16.174,16.665,18.131999999999998,19.087333333333333,27.29805008604839,3996763.9,19.718666666666667,True,True,21.34
2024-04-18,16.02,16.08,15.64,15.73,6149876.0,98855985.0,250020516.0,0.024597485431955512,15.956,16.469,17.851499999999998,18.968166666666665,31.511253948366956,4056214.45,19.5995,True,True,21.34
2024-04-19,15.56,15.71,15.02,15.28,5278068.0,81943548.0,250020516.0,0.02111053958467952,15.65,16.26,17.5535,18.834333333333333,17.657342614125426,4154963.85,19.478333333333335,True,True,21.24
2024-04-22,15.28,15.49,14.9,15.34,4231149.0,65552370.0,250020516.0,0.016923207213923198,15.496,16.106,17.2955,18.71333333333333,19.525547395372726,4099368.8,19.36,True,True,20.5
2024-04-23,15.58,15.77,15.35,15.64,6615472.0,104868236.0,250020516.0,0.026459716609816133,15.581999999999999,15.959999999999999,17.064999999999998,18.601333333333333,24.640287707740313,4285109.15,19.213833333333334,True,True,20.25
2024-04-24,15.72,15.82,15.52,15.76,4206616.0,66987503.0,250020516.0,0.01682508326636683,15.55,15.862,16.886499999999998,18.490166666666667,30.346232092699154,4335609.95,19.087333333333333,True,True,19.33
2024-04-25,15.73,16.18,15.63,16.04,4043913.0,65710492.0,250020516.0,0.01617432467022026,15.612,15.783999999999997,16.729499999999998,18.41283333333333,36.34496909469619,4403668.45,18.968166666666665,True,True,19.18
2024-04-26,15.98,16.47,15.9,16.4,4332763.0,71695368.0,250020516.0,0.017329629861255066,15.836000000000002,15.742999999999999,16.648000000000003,18.338166666666666,44.93670872803504,4486404.1,18.834333333333333,True,True,18.98
2024-04-29,16.42,16.65,16.16,16.42,4972748.0,82921767.0,250020516.0,0.019889359799577407,16.052,15.774000000000001,16.52,18.268166666666666,42.51101308476782,4506860.85,18.71333333333333,True,True,18.98
2024-04-30,16.45,16.52,15.75,16.05,5522300.0,90106476.0,250020516.0,0.02208738742063871,16.134,15.857999999999999,16.3885,18.1915,42.41758228706681,4593990.85,18.601333333333333,True,True,18.68
2024-05-06,16.17,16.55,16.17,16.42,3575492.0,59720904.0,250020516.0,0.014300794419606749,16.266000000000002,15.908000000000001,16.2865,18.12633333333333,45.86776846236597,4390712.15,18.490166666666667,True,True,18.46
2024-05-07,16.44,16.57,16.29,16.41,2590774.0,43235069.0,250020516.0,0.0103622456326744,16.34,15.975999999999999,16.2225,18.083166666666667,45.86776846236597,4230378.55,18.41283333333333,False,True,17.69
2024-05-08,16.32,16.47,16.01,16.08,2816800.0,46413244.0,250020516.0,0.011266275444371933,16.276000000000003,16.056,16.158,18.03483333333333,49.664429374652784,4108451.25,18.338166666666666,False,False,17.37
2024-05-09,15.94,16.5,15.94,16.46,2793782.0,46502120.0,250020516.0,0.011174210999548533,16.284000000000002,16.168,16.137,18.0245,65.8227845768306,4079070.35,18.268166666666666,True,False,17.1
2024-05-10,16.49,16.57,16.12,16.17,2360480.0,39059849.0,250020516.0,0.009441145221858514,16.308,16.221,16.0905,18.012,53.54107627490793,4057623.35,18.1915,False,True,17.1
2024-05-13,16.21,16.23,15.48,15.62,3727216.0,58630931.0,250020516.0,0.014907640619380212,16.148,16.207,16.0345,17.998666666666665,48.586118077067944,4117370.45,18.12633333333333,False,False,16.82
2024-05-14,15.55,15.91,15.52,15.72,1914400.0,30183789.0,250020516.0,0.007656971638279476,16.009999999999998,16.175000000000004,15.979499999999998,18.014333333333333,56.21468904321873,4111025.45,18.083166666666667,True,False,16.82
2024-05-15,15.78,15.83,15.47,15.58,1941716.0,30468552.0,250020516.0,0.007766226672374359,15.91,16.093,15.917999999999997,18.032999999999998,53.31491692088153,4102803.2,18.03483333333333,True,True,16.81
2024-05-16,15.63,15.81,15.41,15.57,1879460.0,29433904.0,250020516.0,0.00751722310660298,15.732,16.008,15.891000000000002,18.063333333333333,48.94894874315757,4005211.2,18.0245,True,True,16.46
2024-05-17,15.53,15.63,15.33,15.49,2591903.0,40222969.0,250020516.0,0.010366761262103787,15.596,15.952000000000002,15.904999999999998,18.0695,45.89665633964951,3968466.35,18.012,True,True,16.46
2024-05-20,15.82,15.97,15.29,15.76,4499500.0,70548985.0,250020516.0,0.017996523133325587,15.624,15.886,15.897000000000002,18.05483333333333,45.73170712187689,3802221.4,17.998666666666665,True,True,16.46
2024-05-21,15.79,15.8,15.37,15.41,2883542.0,44914610.0,250020516.0,0.011533221537707729,15.562000000000001,15.786000000000001,15.881,18.013666666666666,34.86238517184309,3638904.7,18.014333333333333,True,True,16.46
2024-05-22,15.34,15.98,15.34,15.94,3837895.0,60704851.0,250020516.0,0.015350320291315613,15.634,15.772000000000002,15.913999999999998,17.976166666666664,43.65079348912403,3566896.05,18.032999999999998,True,True,16.46
2024-05-23,16.31,17.53,16.18,17.42,22703379.0,390565466.0,250020516.0,0.09080606409115642,16.003999999999998,15.868,16.018,17.953166666666668,64.00817977584568,4490507.55,18.063333333333333,False,True,16.46
2024-05-24,16.57,19.16,16.57,18.91,30142261.0,553912980.0,250020516.0,0.1205591504338788,16.688,16.142,16.1815,17.952833333333334,70.71547404492232,5666847.0,18.0695,False,False,17.42
2024-05-27,17.98,18.24,17.03,17.19,25559373.0,445275327.0,250020516.0,0.10222910267091842,16.974,16.299,16.253000000000004,17.925,55.0518133716677,6734484.85,18.05483333333333,False,False,18.91
2024-05-28,17.39,18.91,17.39,18.91,29561260.0,547055980.0,250020516.0,0.11823533713529333,17.674,16.618000000000002,16.3965,17.90083333333333,65.53238189709623,8010352.2,18.013666666666666,False,False,18.91
2024-05-29,18.48,19.07,17.84,18.21,31044570.0,575956052.0,250020516.0,0.12416809026984009,18.128000000000004,16.881,16.487000000000002,17.893333333333334,59.278897048790604,9345942.55,17.976166666666664,False,False,18.91
2024-05-30,18.03,18.14,17.22,17.81,17401061.0,308430728.0,250020516.0,0.0695985324660317,18.206,17.105,16.5565,17.856,58.5953877546818,9967358.2,17.953166666666668,False,False,18.91
2024-05-31,17.91,18.87,17.83,18.36,20537349.0,377643746.0,250020516.0,0.08214265504515637,18.096,17.392000000000003,16.672,17.81883333333333,64.36058690764693,10718110.65,17.952833333333334,False,False,18.91
2024-06-03,18.14,18.47,17.52,17.8,13593990.0,243510654.0,250020516.0,0.05437149805738342,18.218,17.596,16.741,17.752833333333335,60.39999991543999,11219035.55,17.925,False,False,18.91
2024-06-04,17.32,17.34,16.54,16.92,14064885.0,238767995.0,250020516.0,0.056254923495958224,17.82,17.747,16.7665,17.681166666666666,56.23836119298539,11792741.1,17.90083333333333,False,False,18.91
2024-06-05,16.76,16.87,15.98,16.07,9570514.0,157214114.0,250020516.0,0.03827891467914577,17.392,17.759999999999998,16.766,17.6065,52.15889458288216,12130426.8,17.893333333333334,False,False,18.91
2024-06-06,16.06,16.2,14.78,14.92,11616900.0,178348775.0,250020516.0,0.046463786995783976,16.814,17.509999999999998,16.689,17.516666666666666,47.74703552027996,12571582.7,17.856,True,False,18.91
2024-06-07,15.14,15.38,14.89,15.04,6050800.0,91912444.0,250025016.0,0.024200778373312852,16.15,17.123,16.6325,17.4165,47.119999947225594,12756098.7,17.81883333333333,True,True,18.91
2024-06-11,14.83,15.02,14.2,14.99,5676715.0,83125621.0,250025016.0,0.02270458808809755,15.588,16.903,16.601,17.315833333333334,48.27868846918839,12853573.65,17.752833333333335,True,True,18.91
2024-06-12,14.92,15.8,14.77,15.58,6479000.0,100177995.0,250025016.0,0.025913407000841868,15.319999999999999,16.57,16.594,17.228,48.531810711301354,13081803.65,17.681166666666666,True,True,18.91
2024-06-13,15.57,15.89,15.39,15.48,5166235.0,80993981.0,250025016.0,0.020662872390337133,15.202000000000002,16.297,16.589000000000002,17.134666666666664,41.084558770663236,13243029.6,17.6065,True,True,18.91
2024-06-14,15.31,15.48,15.02,15.33,4642600.0,70883922.0,250025016.0,0.018568541957417573,15.284,16.049,16.576999999999998,17.047,31.236897228792813,13381186.6,17.516666666666666,True,True,18.91
2024-06-17,15.18,15.43,14.94,15.24,3217835.0,49352778.0,250025016.0,0.012870052171099551,15.324000000000002,15.737,16.564500000000002,16.954666666666665,37.67383052750522,13412483.2,17.4165,True,True,18.91
2024-06-18,15.11,16.76,15.11,16.76,10842860.0,176191725.0,250025016.0,0.043367100514454124,15.678000000000003,15.633000000000001,16.6145,16.881166666666665,36.05706867642038,13729651.2,17.315833333333334,True,True,18.91
2024-06-19,16.93,17.01,16.37,16.43,9455845.0,157354337.0,250025016.0,0.03781959561998388,15.848000000000003,15.584,16.6655,16.799333333333333,37.87465932830446,14058266.35,17.228,False,True,18.91
2024-06-20,16.44,16.58,15.7,15.73,6506060.0,104585700.0,250025016.0,0.026021636170998185,15.898000000000001,15.55,16.655,16.7075,36.38743448829529,14191674.6,17.134666666666664,True,False,18.91
2024-06-21,15.78,16.23,15.32,15.84,6531200.0,103684412.0,250025016.0,0.026122186109569134,16.0,15.642000000000001,16.576,16.629833333333334,32.49999993680555,13383065.65,17.047,True,True,18.91
2024-06-24,15.52,15.76,14.89,15.23,6340150.0,96962777.0,250025016.0,0.025358062570826914,15.998,15.660999999999998,16.392000000000003,16.546166666666668,32.27586200663971,12192960.1,16.954666666666665,True,True,18.91
2024-06-25,15.13,15.48,14.63,14.95,5416417.0,81536581.0,250025016.0,0.021663500263509633,15.636000000000001,15.657000000000002,16.279999999999998,16.473166666666668,35.187969850732074,11185812.3,16.881166666666665,True,True,18.91
2024-06-26,14.92,15.4,14.5,15.32,4911161.0,74065796.0,250005062.0,0.019644246243302067,15.413999999999998,15.631,16.1005,16.408833333333334,43.92220411427701,9953307.35,16.799333333333333,True,True,18.91
2024-06-27,15.32,15.45,14.76,14.83,4498933.0,68097204.0,250005062.0,0.01799536762979623,15.234,15.566000000000003,15.9315,16.3555,49.18330296033281,8626025.5,16.7075,True,True,18.36
2024-06-28,14.67,15.78,14.6,15.24,6601800.0,101501247.0,250005062.0,0.026406665317840645,15.113999999999999,15.556999999999999,15.803000000000003,16.293166666666664,51.72413780618312,8086062.45,16.629833333333334,True,True,18.36
2024-07-01,15.16,15.43,14.85,15.35,3838700.0,58300632.0,250005062.0,0.015354489102304657,15.138,15.567999999999998,15.6525,16.237666666666666,53.07167222815641,7251130.0,16.546166666666668,True,True,18.36
2024-07-02,15.28,15.41,14.88,15.14,3368700.0,51149728.0,250005062.0,0.013474527167773908,15.175999999999998,15.406,15.519499999999999,16.182333333333332,45.985401342373066,6739865.5,16.473166666666668,True,True,17.8
2024-07-03,15.02,15.02,14.61,14.68,3364100.0,49834585.0,250005062.0,0.013456127540329564,15.047999999999998,15.231,15.407499999999999,16.132166666666667,43.150684828063426,6204826.25,16.408833333333334,True,True,16.92
2024-07-04,14.71,14.76,13.38,13.49,9608700.0,133728567.0,250005062.0,0.03843402178792684,14.780000000000001,15.007,15.2785,16.067500000000003,36.62790690221066,6206735.55,16.3555,True,True,16.76
2024-07-05,13.45,13.59,12.82,13.52,7223078.0,95372965.0,250005062.0,0.028891727000311698,14.436000000000002,14.775,15.208499999999997,16.0115,37.39002924875947,5987044.45,16.293166666666664,True,True,16.76
2024-07-08,13.41,13.41,12.42,12.69,9124950.0,116749699.0,250005062.0,0.03649906096701354,13.904,14.521,15.091,15.937999999999999,16.80261007581784,6140751.95,16.237666666666666,True,True,16.76
2024-07-09,12.6,12.64,11.98,12.22,10534082.0,129851434.0,250005062.0,0.04213547484090542,13.319999999999999,14.248,14.9525,15.862666666666666,16.42743218022582,6383620.3,16.182333333333332,True,True,16.76
2024-07-10,12.21,12.34,11.79,11.89,10394526.0,125571695.0,250005062.0,0.04157726214359612,12.762,13.905000000000001,14.768,15.780499999999998,17.457627077219186,6579396.6,16.132166666666667,True,True,16.76
2024-07-11,12.09,12.59,12.03,12.55,9872874.0,122373509.0,250005062.0,0.03949069639237945,12.574000000000002,13.677000000000001,14.621500000000001,15.7095,24.496123977837883,6814728.55,16.067500000000003,True,True,16.76
2024-07-12,12.51,12.7,12.15,12.25,6020400.0,74694505.0,250005062.0,0.02408111240563601,12.32,13.378,14.467500000000001,15.645166666666666,25.73289896412693,6883618.55,16.0115,True,True,16.76
2024-07-15,12.29,12.29,11.81,11.88,4597000.0,55000435.0,250005062.0,0.018387627687314587,12.158000000000001,13.031,14.2995,15.589666666666666,25.361155641243002,6952576.8,15.937999999999999,True,True,16.76
2024-07-16,11.83,12.32,11.56,12.05,5343300.0,63902178.0,250005062.0,0.021372767244208838,12.124,12.722,14.064000000000002,15.525166666666667,22.885572086169475,6677598.8,15.862666666666666,True,True,16.76
2024-07-17,12.07,12.07,11.66,11.7,4400099.0,52227507.0,250005062.0,0.017600039634397484,12.086000000000002,12.424000000000001,13.8275,15.458,23.429541540235377,6424811.5,15.780499999999998,True,True,16.43
2024-07-18,11.5,11.75,11.22,11.65,5238950.0,60343061.0,250005062.0,0.020955375695552916,11.906,12.24,13.623500000000002,15.3975,17.540687116533505,6361456.0,15.7095,True,True,15.84
2024-07-19,11.55,12.42,11.43,12.12,8746250.0,105239839.0,250005062.0,0.034984291638062916,11.879999999999999,12.1,13.4375,15.343833333333333,22.58064510761814,6472208.5,15.645166666666666,True,True,15.84
2024-07-22,12.05,12.25,12.0,12.25,4638550.0,56699201.0,250005062.0,0.018553824322165124,11.953999999999999,12.056000000000001,13.288499999999999,15.287333333333333,25.129087719138155,6387128.5,15.589666666666666,True,True,15.35
2024-07-23,12.28,12.28,11.7,11.71,4436200.0,53358540.0,250005062.0,0.017744440710564493,11.886,12.005,13.126500000000002,15.219833333333334,24.787775832422938,6338117.65,15.525166666666667,True,True,15.35
2024-07-24,11.71,11.93,11.39,11.71,4768300.0,55480535.0,250005062.0,0.0190728138136659,11.888,11.987,12.946000000000002,15.147666666666668,31.063829694703486,6330974.6,15.458,True,True,15.35
2024-07-25,11.43,11.71,11.22,11.53,4764246.0,54797665.0,250005062.0,0.019056598142000822,11.864,11.885,12.781,15.066500000000001,29.48453599736422,6344240.25,15.3975,True,True,15.35
2024-07-26,11.43,11.85,11.43,11.75,3762100.0,44300586.0,250005062.0,0.01504809530616624,11.790000000000001,11.834999999999999,12.6065,14.988666666666667,38.91509421112941,6202255.25,15.343833333333333,True,True,15.35
2024-07-29,11.74,11.82,11.5,11.61,3010100.0,35044099.0,250005062.0,0.01204015621091704,11.662,11.808,12.419500000000001,14.914666666666667,42.199488339950676,6160825.25,15.287333333333333,True,True,15.35
2024-07-30,11.51,11.83,11.45,11.78,3416300.0,40058901.0,250005062.0,0.013664923312632766,11.676,11.781,12.2515,14.837333333333333,48.53333315214221,6163205.25,15.219833333333334,True,True,15.14
2024-07-31,11.92,12.42,11.72,12.39,5805000.0,71145656.0,250005062.0,0.023219529850959576,11.812000000000001,11.85,12.137,14.770333333333333,47.837837656829805,6285250.25,15.147666666666668,True,True,14.68
2024-08-01,12.42,12.61,12.32,12.45,4376200.0,54870081.0,250005062.0,0.0175044455699861,11.995999999999999,11.93,12.085,14.709833333333332,52.89017319639814,6023625.25,15.066500000000001,False,True,13.52
2024-08-02,12.39,12.86,12.26,12.4,6278600.0,79173928.0,250005062.0,0.025113891493925032,12.126,11.958,12.029,14.642166666666668,58.28025451722179,5976401.35,14.988666666666667,False,False,13.52
2024-08-05,13.13,13.43,11.77,11.87,10972853.0,136779445.0,250005062.0,0.043890523304684126,12.178,11.92,11.988,14.570500000000001,47.428571238857124,6068796.5,14.914666666666667,False,False,12.69
2024-08-06,11.79,12.29,11.71,11.79,10817040.0,129672618.0,250005062.0,0.04326728392403511,12.18,11.927999999999999,11.9665,14.506666666666666,51.39318863173231,6082944.4,14.837333333333333,True,False,12.55
2024-08-07,11.71,11.91,11.63,11.71,5506000.0,65076153.0,250005062.0,0.02202355406707725,12.044,11.928,11.9575,14.439833333333334,50.92024518009712,5838518.1,14.770333333333333,True,True,12.55
2024-08-08,11.6,11.69,11.19,11.4,5401851.0,61848251.0,250005062.0,0.021606966502142264,11.834,11.915000000000001,11.9,14.370166666666668,38.38709660083249,5614966.95,14.709833333333332,True,True,12.55
2024-08-09,11.45,11.59,11.23,11.36,4339304.0,49714536.0,250005062.0,0.017356864558206425,11.626,11.876,11.855500000000001,14.3,35.21594668005872,5530912.15,14.642166666666668,True,True,12.45
2024-08-12,11.3,11.3,10.95,11.14,4894383.0,54419413.0,250005062.0,0.01957713560215833,11.48,11.828999999999999,11.8185,14.227500000000001,39.405204255883696,5545781.3,14.570500000000001,True,True,12.45
2024-08-13,11.06,11.21,10.85,11.2,3369700.0,37387229.0,250005062.0,0.013478527086783546,11.362,11.770999999999999,11.776,14.151499999999999,40.727272519933855,5447101.3,14.506666666666666,True,True,12.45
2024-08-14,11.56,12.06,11.3,11.3,8959500.0,103695760.0,250005062.0,0.03583727436686862,11.28,11.662,11.756,14.083,45.69288365554296,5675071.35,14.439833333333334,True,True,12.45
2024-08-15,11.24,12.43,11.03,12.43,14449101.0,171825032.0,250005062.0,0.05779523376210678,11.486,11.66,11.795,14.0245,59.49720647123998,6135578.9,14.370166666666668,True,True,12.45
2024-08-16,12.74,13.62,12.64,13.04,27915480.0,365104935.0,250005062.0,0.11165965911522223,11.822,11.724,11.841,13.9515,67.65432075378754,7094040.4,14.3,False,True,12.45
2024-08-19,12.74,13.01,12.46,12.69,17728300.0,226014128.0,250005062.0,0.07091176417859892,12.132,11.806000000000001,11.863,13.847833333333334,60.75650098094776,7748527.9,14.227500000000001,False,False,13.04
2024-08-20,12.61,12.71,12.1,12.25,10044444.0,123981864.0,250005062.0,0.040176962496863367,12.341999999999999,11.852,11.889999999999999,13.7655,48.27586190249702,8028940.1,14.151499999999999,False,False,13.04
2024-08-21,12.17,12.51,12.14,12.36,10314711.0,127828890.0,250005062.0,0.041258008607841706,12.553999999999998,11.917,11.922500000000001,13.656333333333333,48.90510932246435,8306260.65,14.083,False,False,13.04
2024-08-22,12.45,12.62,11.97,12.01,8888300.0,109557296.0,250005062.0,0.03555248013338226,12.469999999999999,11.978,11.9465,13.553,45.5782311478242,8512463.35,14.0245,False,False,13.04
2024-08-23,11.85,12.37,11.43,12.08,9310997.0,112396014.0,250005062.0,0.037243233899000014,12.278,12.049999999999999,11.963,13.457500000000001,52.658227661464515,8789908.2,13.9515,False,False,13.04
2024-08-26,12.34,12.84,12.08,12.45,13267097.0,167072415.0,250005062.0,0.053067313493036394,12.23,12.181,12.004999999999999,13.359,57.78301867713155,9302758.05,13.847833333333334,False,False,13.04
2024-08-27,12.22,12.48,11.72,11.78,10187800.0,122761604.0,250005062.0,0.0407503748864093,12.136,12.239,12.004999999999999,13.258666666666667,50.724637534131475,9641333.05,13.7655,False,False,13.04
2024-08-28,11.65,12.7,11.56,12.25,12114548.0,148569796.0,250005062.0,0.048457210838394944,12.114,12.334,11.998000000000001,13.180833333333332,58.51703390396023,9956810.45,13.656333333333333,True,False,13.04
2024-08-29,12.65,13.48,12.52,13.48,19623150.0,259834045.0,250005062.0,0.07849101071401507,12.408000000000001,12.439,12.049499999999998,13.137666666666666,67.15210340774607,10719157.95,13.553,False,True,13.04
2024-08-30,14.41,14.82,13.59,14.27,47117644.0,679507972.0,250005062.0,0.18846675992504502,12.845999999999998,12.562,12.143,13.126833333333332,73.1851850333937,12761110.15,13.457500000000001,False,False,13.48
2024-09-02,13.59,13.9,13.36,13.59,27122860.0,370595702.0,250005062.0,0.10848924330980146,13.074000000000002,12.652,12.229000000000001,13.102666666666666,66.21438250651272,13568610.5,13.359,False,False,14.27
2024-09-03,13.73,14.22,13.64,14.06,30331692.0,425595607.0,250005062.0,0.12132431142534227,13.530000000000001,12.832999999999998,12.342500000000001,13.087166666666667,67.82945724165215,14544343.1,13.258666666666667,False,False,14.27
2024-09-04,13.69,13.74,13.19,13.24,19503730.0,262089167.0,250005062.0,0.07801334038588387,13.728,12.920999999999998,12.419,13.048166666666669,55.45087472727965,15244229.6,13.180833333333332,False,False,14.27
2024-09-05,13.31,13.31,12.75,13.01,14562642.0,189921501.0,250005062.0,0.05824938856638031,13.634,13.021,12.499500000000001,13.007000000000001,49.78723394368493,15702269.15,13.137666666666666,False,False,14.27
2024-09-06,13.01,13.51,12.75,13.48,18777535.0,249192441.0,250005062.0,0.07510861920067842,13.475999999999999,13.161000000000001,12.6055,12.976166666666666,55.50906544252066,16424180.7,13.126833333333332,False,False,14.27
2024-09-09,13.1,13.9,13.02,13.78,19302300.0,261206032.0,250005062.0,0.0772076366997721,13.514,13.294,12.7375,12.951833333333333,60.881934444900836,17144576.55,13.102666666666666,False,False,14.27
2024-09-10,13.54,13.68,13.26,13.61,14079918.0,190598166.0,250005062.0,0.0563185316623709,13.424000000000001,13.477,12.858,12.899333333333335,58.815232606006596,17680087.45,13.087166666666667,False,False,14.27
2024-09-11,13.34,13.79,13.04,13.05,10729801.0,143899708.0,250005062.0,0.04291833498955313,13.386000000000001,13.556999999999999,12.9455,12.843,57.12328756168138,17768602.5,13.048166666666669,False,False,14.27
2024-09-12,13.09,13.51,13.09,13.12,10022849.0,133733892.0,250005062.0,0.04009058424585019,13.408000000000001,13.521,12.979999999999999,12.7995,57.12328756168136,17547289.9,13.007000000000001,False,False,14.27
2024-09-13,12.84,12.92,11.81,11.81,19104985.0,234479850.0,250005062.0,0.07641839268038501,13.074000000000002,13.275,12.9185,12.732333333333333,46.11650477601565,17106765.15,12.976166666666666,False,False,14.27
2024-09-18,11.53,11.86,11.26,11.82,11148413.0,128746498.0,250005062.0,0.04459274908601651,12.681999999999999,13.097999999999999,12.875,12.6755,50.26385214990846,16777770.8,12.951833333333333,True,False,14.27
2024-09-19,11.85,12.04,11.6,11.72,8732200.0,103529432.0,250005062.0,0.03492809277597747,12.303999999999998,12.863999999999999,12.848500000000001,12.621666666666668,46.32454914722002,16712158.6,12.899333333333335,True,True,14.27
2024-09-20,11.75,11.87,11.3,11.41,9130353.0,105423712.0,250005062.0,0.03652067252942262,11.976,12.681000000000001,12.800999999999998,12.5565,33.54530994123459,16652940.7,12.843,True,True,14.27
2024-09-23,11.41,12.55,11.16,12.14,15792153.0,189980427.0,250005062.0,0.06316733298784166,11.780000000000001,12.594,12.8075,12.511666666666665,32.905296876296276,16998133.35,12.7995,True,True,14.27
2024-09-24,12.09,12.38,11.74,12.3,13541685.0,164300958.0,250005062.0,0.054165643254055394,11.878,12.476,12.8185,12.462666666666669,38.70402792611972,17209667.75,12.732333333333333,True,True,14.27
2024-09-25,12.3,13.01,12.3,12.66,15545361.0,197932651.0,250005062.0,0.062180184975614616,12.046000000000001,12.364,12.828999999999999,12.417833333333334,37.49999990625,17323580.95,12.6755,True,True,14.27
2024-09-26,12.58,13.07,12.39,13.01,12278311.0,157072592.0,250005062.0,0.0491122495751706,12.304,12.304,12.8905,12.382333333333333,47.75828447005536,17428106.5,12.621666666666668,True,True,14.27
2024-09-27,13.27,14.29,13.09,14.12,19741750.0,274545125.0,250005062.0,0.07896540110855835,12.846,12.411000000000001,12.984,12.373,59.23460884704085,17809466.6,12.5565,False,True,14.27
2024-09-30,14.94,15.51,14.3,15.45,21189062.0,320382055.0,251265062.0,0.08432951971651355,13.508,12.644,13.0825,12.405666666666665,64.33770001445009,17887762.2,12.511666666666665,False,False,14.27
2024-10-08,16.62,16.99,15.1,16.18,29934965.0,483488375.0,251265062.0,0.11913699724795006,14.284,13.081,13.178,12.45,66.43835603696755,17028628.25,12.462666666666669,False,False,15.45
2024-10-09,15.81,16.08,14.75,14.75,20008161.0,310544438.0,251265062.0,0.07962969798005581,14.701999999999998,13.374,13.235999999999999,12.484333333333334,56.65887841200651,16672893.3,12.417833333333334,False,False,16.18
2024-10-10,15.04,15.61,14.56,15.03,14151275.0,215406879.0,251265062.0,0.05632010629476214,15.106,13.704999999999998,13.2845,12.531166666666667,61.956521634373026,15863872.45,12.382333333333333,False,False,16.18
2024-10-11,15.09,15.72,14.52,15.03,17673985.0,268031038.0,251265062.0,0.07034000214482665,15.288,14.066999999999998,13.374,12.583499999999999,61.632155802332505,15772385.2,12.373,False,False,16.18
2024-10-14,14.87,16.42,14.35,16.42,26842254.0,421715784.0,251265062.0,0.10682843761222958,15.482,14.495000000000001,13.5445,12.648,77.80458370455197,16386365.8,12.405666666666665,False,False,16.18
2024-10-15,16.05,18.07,16.03,16.9,50103307.0,881299521.0,251265062.0,0.19940419332951273,15.626,14.955000000000002,13.7155,12.7255,78.99543366370592,17952654.4,12.45,False,False,16.42
2024-10-16,16.71,17.21,16.42,17.01,26108870.0,441574795.0,251265062.0,0.10390967129365562,16.078,15.39,13.877,12.811,80.15963499176341,18292982.9,12.484333333333334,False,False,16.9
2024-10-17,17.22,18.71,17.11,18.71,44875813.0,825579198.0,251265062.0,0.17859949426633775,16.814,15.959999999999999,14.132,12.922,85.92519673199284,19832777.65,12.531166666666667,False,False,17.01
2024-10-18,19.41,19.79,18.07,18.52,54031890.0,1028360815.0,251265062.0,0.21503940726944362,17.512,16.4,14.4055,13.035666666666666,83.16008303906017,21997882.1,12.583499999999999,False,False,18.71
2024-10-21,18.43,20.34,18.43,18.73,49067363.0,950928062.0,251265062.0,0.19528128029196515,17.974,16.728,14.686000000000002,13.153666666666668,83.24715603252739,23950107.8,12.648,False,False,18.71
2024-10-22,17.98,18.2,17.2,17.78,29243188.0,521892142.0,251265062.0,0.11638382100253954,18.15,16.888,14.984500000000002,13.248,74.95126695425753,24457017.95,12.7255,False,False,18.73
2024-10-23,17.56,18.39,17.44,17.76,22556323.0,403001399.0,251265062.0,0.08977102833341788,18.3,17.189,15.2815,13.339833333333333,73.91742184946185,25027413.45,12.811,False,False,18.73
2024-10-24,17.6,18.17,17.12,17.55,16321200.0,288425965.0,251265062.0,0.06495610599455327,18.068,17.441000000000003,15.573000000000002,13.437166666666666,68.99224795505079,25406863.45,12.922,False,False,18.73
2024-10-25,17.52,18.36,17.46,17.79,16502548.0,296080783.0,251265062.0,0.06567784581208509,17.922,17.717000000000002,15.892,13.5385,64.73551625865274,25775473.2,13.035666666666666,False,False,18.73
2024-10-28,17.8,19.33,17.8,18.44,23563854.0,438912612.0,251265062.0,0.09378086158273767,17.863999999999997,17.919,16.207,13.653666666666664,64.37659021612313,26164058.25,13.153666666666668,False,False,18.73
2024-10-29,18.45,18.88,17.53,17.9,19212778.0,351011102.0,251265062.0,0.07646418426450391,17.887999999999998,18.019,16.487000000000002,13.756166666666667,72.59684346967632,26447612.9,13.248,False,False,18.73
2024-10-30,17.8,19.12,17.67,18.3,20387000.0,377301655.0,251265062.0,0.08113742450989864,17.996000000000002,18.148000000000003,16.769,13.867666666666668,73.06064865686189,26689694.85,13.339833333333333,False,False,18.73
2024-10-31,18.29,18.96,18.05,18.17,21246300.0,392067496.0,251265062.0,0.08455731899566682,18.12,18.094,17.027,13.974166666666665,71.7451522154526,27138094.3,13.437166666666666,False,False,18.73
2024-11-01,18.0,18.0,16.92,17.32,15495417.0,269609175.0,251265062.0,0.06166960450713199,18.026,17.974,17.187,14.056333333333333,56.73652682719887,26925777.65,13.5385,False,False,18.73
2024-11-04,17.16,17.92,16.92,17.92,12848550.0,226960151.0,251265062.0,0.05113544198198156,17.922000000000004,17.893,17.3105,14.1475,57.49999988161766,26508752.05,13.653666666666664,False,False,18.73
2024-11-05,17.73,19.71,17.67,19.23,38933986.0,750625526.0,251265062.0,0.15495184921491392,18.188,18.038,17.463,14.261333333333333,63.87499988821873,26958703.1,13.756166666666667,False,False,18.73
2024-11-06,18.91,20.02,18.58,19.32,30089203.0,584633257.0,251265062.0,0.11975084303602862,18.392000000000003,18.194,17.6915,14.3855,54.77308282209339,27462755.2,13.867666666666668,False,False,19.23
2024-11-07,19.18,19.51,18.77,19.23,14753780.0,283546739.0,251265062.0,0.05871799239641204,18.604000000000003,18.362000000000002,17.9015,14.5095,55.643879049441296,27492880.45,13.974166666666665,False,False,19.32
2024-11-08,19.5,20.47,19.31,19.61,17248644.0,344283898.0,251265062.0,0.06864720412263285,19.062,18.544,18.1305,14.641166666666665,56.81114538771577,27471613.4,14.056333333333333,False,False,19.32
2024-11-11,19.61,21.57,19.41,20.74,28312050.0,586255746.0,251265062.0,0.11267802126823347,19.625999999999998,18.774,18.3465,14.796833333333332,72.2891564740891,27545103.2,14.1475,False,False,19.61
2024-11-12,20.49,20.54,19.43,19.74,19980027.0,400868584.0,251265062.0,0.07951772857302382,19.728,18.958,18.488500000000002,14.936499999999999,62.99212586851838,26038939.2,14.261333333333333,False,False,20.74
2024-11-13,19.56,19.65,18.91,19.4,10786227.0,208683368.0,251265062.0,0.042927683276555176,19.744,19.067999999999998,18.607999999999997,15.074166666666665,61.93548375908427,25272807.05,14.3855,False,False,20.74
2024-11-14,19.28,20.16,18.41,18.48,12666800.0,244853162.0,251265062.0,0.05041210226036121,19.594,19.099,18.5965,15.195500000000001,54.09252660055808,23662356.4,14.5095,False,False,20.74
2024-11-15,18.41,18.59,17.67,17.8,10601200.0,192703464.0,251265062.0,0.042191301550710616,19.232,19.147,18.5605,15.303833333333333,46.21749401335166,21490821.9,14.641166666666665,True,False,20.74
2024-11-18,17.83,17.9,16.52,16.92,10025600.0,170626889.0,251265062.0,0.039900493607026036,18.468,19.047,18.47,15.378666666666668,44.431818111131214,19538733.75,14.796833333333332,True,True,20.74
2024-11-19,17.06,17.7,16.73,17.62,9979539.0,172358068.0,251265062.0,0.03971717723333935,18.044,18.886000000000003,18.462,15.455000000000002,46.26373619256128,18575551.3,14.936499999999999,True,True,20.74
2024-11-20,17.64,17.72,17.21,17.59,7532067.0,132031613.0,251265062.0,0.02997657907568542,17.682,18.713,18.4535,15.536666666666667,46.77777770501233,17824338.5,15.074166666666665,True,True,20.74
2024-11-21,17.59,19.35,17.24,19.35,15557650.0,284618670.0,251265062.0,0.061917283191564455,17.856,18.725,18.5435,15.655,60.24217953144395,17786161.0,15.195500000000001,True,True,20.74
2024-11-22,19.46,20.14,18.43,18.47,26343700.0,510642993.0,251265062.0,0.10484426203273736,17.99,18.611,18.5775,15.756833333333333,52.698724167047864,18278218.6,15.303833333333333,False,True,20.74
2024-11-25,18.43,18.43,17.09,18.12,16430441.0,291821678.0,251265062.0,0.06539086998096058,18.23,18.349,18.561500000000002,15.858666666666666,43.98699884985721,17921547.95,15.378666666666668,True,False,20.74
2024-11-26,17.74,18.17,17.42,17.54,9189541.0,163539925.0,251265062.0,0.036573095068824175,18.214000000000002,18.128999999999998,18.5435,15.949666666666667,40.84362134034868,17420386.1,15.455000000000002,True,True,20.74
2024-11-27,17.56,18.37,16.87,17.98,10115833.0,178753740.0,251265062.0,0.04025960839712765,18.292,17.987000000000002,18.5275,16.041833333333333,43.79344581796343,16906827.75,15.536666666666667,True,True,20.74
2024-11-28,17.85,19.78,17.82,18.77,19227962.0,366018987.0,251265062.0,0.07652461447266393,18.176000000000002,18.016,18.5575,16.158333333333335,45.99236635077355,16805910.85,15.655,True,True,20.74
2024-11-29,18.34,19.78,18.33,19.32,18101750.0,349553082.0,251265062.0,0.07204244734988265,18.345999999999997,18.168,18.657500000000002,16.27616666666667,42.82828276771759,16936227.5,15.756833333333333,False,True,20.74
2024-12-02,19.32,20.14,19.13,19.27,13406283.0,260978336.0,251265062.0,0.053355141750666475,18.576,18.403,18.725,16.372666666666667,47.37430160187261,16964114.15,15.858666666666666,False,False,20.74
2024-12-03,19.21,19.87,19.04,19.43,10990300.0,215600179.0,251265062.0,0.04373986543342027,18.954,18.583999999999996,18.735,16.45866666666667,50.171037548187634,15566929.85,15.949666666666667,False,False,20.74
2024-12-04,19.24,20.16,18.97,19.21,10771500.0,211251036.0,251265062.0,0.042869071864834116,19.2,18.746000000000002,18.729499999999998,16.552333333333333,54.52292431681277,14601044.7,16.041833333333333,False,False,20.74
2024-12-05,19.3,19.66,19.09,19.45,7814365.0,152106749.0,251265062.0,0.031100085852763724,19.336,18.756,18.7405,16.642166666666665,60.81258180191661,14254073.95,16.158333333333335,False,False,20.74
2024-12-06,19.24,20.51,19.24,20.06,16231300.0,325399244.0,251265062.0,0.06459831649813694,19.484,18.915,18.762999999999998,16.75583333333333,71.33152160344545,14203206.75,16.27616666666667,False,False,20.74
2024-12-09,19.86,20.11,19.1,19.92,15891100.0,312359182.0,251265062.0,0.06324436781425664,19.614,19.095,18.722,16.871,66.91176456812283,13582159.25,16.372666666666667,False,False,20.74
2024-12-10,20.71,21.08,19.95,20.04,17668464.0,363824127.0,251265062.0,0.07031802933270524,19.736,19.345,18.737000000000002,16.980333333333334,67.77939028317687,13466581.1,16.45866666666667,False,False,20.06
2024-12-11,19.8,22.04,19.26,21.57,33237360.0,695051558.0,251265062.0,0.13228007004013953,20.208,19.704,18.8455,17.110166666666665,66.66666652652653,14589137.75,16.552333333333333,False,False,20.06
2024-12-12,21.45,21.68,20.63,21.0,19415125.0,410774299.0,251265062.0,0.07726949718142669,20.518,19.927,18.9715,17.233333333333334,69.92125968836261,14926554.0,16.642166666666665,False,False,21.57
2024-12-13,20.89,21.01,20.11,20.51,12080300.0,249293912.0,251265062.0,0.04807791383268399,20.608,20.046,19.107,17.357666666666667,68.41294284163621,15000509.0,16.75583333333333,False,False,21.57
2024-12-16,20.41,21.5,20.05,20.05,14011321.0,290991840.0,251265062.0,0.05576310884001851,20.634,20.124000000000002,19.2635,17.473166666666668,69.70172669139342,15199795.05,16.871,False,False,21.57
2024-12-17,20.04,20.13,19.21,19.27,10048660.0,197265465.0,251265062.0,0.03999226919976642,20.479999999999997,20.107999999999997,19.346,17.5975,59.61251850453424,15203251.1,16.980333333333334,False,False,21.57
2024-12-18,19.46,20.05,18.5,19.61,8881086.0,173761289.0,251265062.0,0.035345487069746294,20.088,20.148000000000003,19.447,17.727333333333334,56.70926504889302,15270702.05,17.110166666666665,True,False,21.57
2024-12-19,19.21,20.85,19.19,20.44,15432950.0,313776425.0,251265062.0,0.061420994535245015,19.976,20.247,19.5015,17.872666666666664,58.562691006134926,15264467.05,17.233333333333334,False,True,21.57
2024-12-20,20.42,21.98,20.28,21.11,17206275.0,363915409.0,251265062.0,0.06847858139545084,20.095999999999997,20.352,19.6335,18.034333333333333,62.84916188828377,14807595.8,17.357666666666667,False,False,21.57
2024-12-23,21.4,22.03,20.71,20.97,20265996.0,437304183.0,251265062.0,0.08065584541952753,20.28,20.457,19.776,18.181500000000003,60.78431360630527,14999373.55,17.473166666666668,False,False,21.57
2024-12-24,20.9,21.35,20.36,20.88,13543823.0,283460147.0,251265062.0,0.053902531821157056,20.602,20.541,19.942999999999998,18.3245,61.91155479789418,15217087.65,17.5975,False,False,21.57
2024-12-25,20.91,22.97,20.26,22.97,24219349.0,536404578.0,251265062.0,0.09638964051436646,21.274,20.680999999999997,20.192500000000003,18.496333333333332,69.86455970901763,15922263.45,17.727333333333334,False,False,21.57
2024-12-26,21.91,25.17,21.91,23.82,47503674.0,1123525431.0,251265062.0,0.1890580155549043,21.95,20.963,20.445,18.676499999999997,70.659340550634,17336049.05,17.872666666666664,False,False,22.97
2024-12-27,23.61,23.82,22.82,23.06,24180909.0,565534792.0,251265062.0,0.09623665466072637,22.339999999999996,21.218,20.631999999999998,18.8255,66.15226327920453,17640007.0,18.034333333333333,False,False,23.82
2024-12-30,23.25,24.37,22.9,23.58,22293759.0,529160754.0,251265062.0,0.08872606013167084,22.862,21.570999999999998,20.8475,18.961000000000002,67.49011848370931,18084380.8,18.181500000000003,False,False,23.82
2024-12-31,23.4,23.47,21.22,21.22,24358250.0,538702550.0,250792562.0,0.09712508937964436,22.93,21.766,20.937,19.045,48.40182642213464,18752778.3,18.3245,False,False,23.82
2025-01-02,20.72,21.45,20.17,20.51,17394200.0,364344660.0,250792562.0,0.06935692135877618,22.438,21.855999999999998,21.002000000000002,19.141000000000002,47.790802464466076,19083913.3,18.496333333333332,False,False,23.82
2025-01-03,20.69,20.97,19.4,19.57,16287850.0,331212628.0,250792562.0,0.06494550663747356,21.588,21.769,21.008000000000003,19.216666666666665,45.927209649655026,19507587.55,18.676499999999997,True,False,23.82
2025-01-06,19.55,20.39,18.82,19.82,15206404.0,303119984.0,250792562.0,0.06063339310677005,20.94,21.64,20.996000000000002,19.296499999999998,48.98499552640865,19456342.75,18.8255,True,True,23.82
2025-01-07,20.13,21.38,19.5,21.13,22918041.0,468495190.0,250792562.0,0.09138245894230308,20.45,21.656,21.0565,19.375,57.8414839114856,19807689.8,18.961000000000002,True,True,23.82
2025-01-08,20.59,20.88,19.02,20.25,24680300.0,494357006.0,250792562.0,0.09840921837227373,20.256,21.593,21.067,19.430833333333336,52.58064510192508,20158281.6,19.045,False,True,23.82
2025-01-09,20.46,21.08,19.91,20.28,18028250.0,370825872.0,250792562.0,0.07188510638525236,20.21,21.324,21.0025,19.485333333333333,49.31034476807372,19397826.1,19.141000000000002,True,False,23.82
2025-01-10,20.41,22.31,20.21,21.23,37270350.0,814806815.0,250792562.0,0.1486102685932129,20.542,21.064999999999998,21.014,19.527333333333335,50.505050445532774,20290587.35,19.216666666666665,True,True,23.82
2025-01-13,20.11,23.35,20.02,22.85,48149678.0,1081735647.0,250792562.0,0.19199005590923388,21.148,21.044,21.131,19.5995,57.03592808394439,22094056.25,19.296499999999998,False,True,23.82
2025-01-14,22.9,24.89,22.5,23.76,42843532.0,1010371155.0,250792562.0,0.17083254646124632,21.674,21.062,21.316499999999998,19.683333333333334,60.1551480365182,23535666.8,19.375,False,False,23.82
2025-01-15,23.39,23.89,22.75,22.8,25294543.0,587775170.0,250792562.0,0.10085842577739607,22.184,21.220000000000002,21.493000000000002,19.767,49.34865895089033,24297960.95,19.430833333333336,False,False,23.82
2025-01-16,22.9,25.08,22.88,25.08,43778121.0,1066292675.0,250792562.0,0.17455908839912088,23.144,21.677,21.7665,19.889,54.350828676732625,26042812.7,19.485333333333333,False,False,23.82
2025-01-17,24.93,25.42,24.22,24.47,32376382.0,802898176.0,250792562.0,0.12909626083727316,23.791999999999998,22.166999999999998,21.968,20.00433333333333,54.91974872513074,26889984.3,19.527333333333335,False,False,25.08
2025-01-20,24.33,24.72,23.82,24.17,22020650.0,537975483.0,250792562.0,0.08780423878759211,24.056,22.602,22.121,20.110666666666663,52.090715752709436,27130703.05,19.5995,False,False,25.08
2025-01-21,24.11,25.55,23.7,24.83,23195200.0,572973063.0,250792562.0,0.09248759139834459,24.27,22.972,22.314,20.217166666666667,64.54472192557404,27277163.25,19.683333333333334,False,False,25.08
2025-01-22,24.6,26.51,24.17,25.26,25752326.0,648228535.0,250792562.0,0.10268377098041688,24.762,23.473000000000003,22.533,20.339833333333335,69.57955474244734,27887588.4,19.767,False,False,25.08
2025-01-23,25.41,26.37,23.95,24.29,26354212.0,668138211.0,250792562.0,0.10508370658935252,24.604000000000003,23.874000000000002,22.599,20.439666666666668,69.4078946569317,27994331.55,19.889,False,False,25.26
2025-01-24,24.09,25.37,24.09,24.83,19278335.0,480807558.0,250792562.0,0.07686964416432733,24.676,24.234,22.6495,20.550666666666665,70.12048184886049,26583064.6,20.00433333333333,False,False,25.26
2025-01-27,25.18,25.49,23.79,24.18,18413250.0,454611908.0,250792562.0,0.07342023963214667,24.678,24.366999999999997,22.7055,20.665000000000003,62.934690340874845,26294681.65,20.110666666666663,False,False,25.26
2025-02-05,25.49,26.6,25.11,26.6,33012892.0,874475234.0,250792562.0,0.13163425476709315,25.032,24.651,22.8565,20.809666666666665,73.81845453612466,26830638.3,20.217166666666667,False,False,25.26
2025-02-06,26.6,28.55,26.09,27.19,41321643.0,1133799943.0,250792562.0,0.16476422853401848,25.418,25.089999999999996,23.154999999999998,20.942333333333334,74.87401000372671,27678807.95,20.339833333333335,False,False,26.6
2025-02-07,27.37,28.27,26.48,27.26,31414087.0,860706100.0,250792562.0,0.1252592451286494,26.012,25.308,23.4925,21.074666666666666,73.17448108958935,28379802.3,20.439666666666668,False,False,27.19
2025-02-10,28.07,28.54,26.98,27.32,25159654.0,697775789.0,250792562.0,0.10032057489807054,26.51,25.593,23.880000000000003,21.209500000000002,69.51965057001965,28823392.5,20.550666666666665,False,False,27.26
2025-02-11,26.88,27.07,25.63,25.79,26629432.0,701555904.0,250792562.0,0.10618110755613239,26.832,25.755000000000003,24.1785,21.3125,58.40927913689063,29394543.9,20.665000000000003,False,False,27.32
2025-02-12,25.4,26.23,25.18,25.61,24266353.0,627402454.0,250792562.0,0.0967586630420084,26.634000000000004,25.833,24.4025,21.393666666666665,62.44464119803144,29461959.5,20.809666666666665,False,False,27.32
2025-02-13,25.48,25.84,24.84,25.24,17980400.0,458271175.0,250792562.0,0.07169431125313835,26.244,25.831,24.652,21.485333333333333,50.852878388918946,29126964.5,20.942333333333334,False,False,27.32
2025-02-14,25.0,26.76,24.28,26.46,32483341.0,833273763.0,250792562.0,0.12952274477741488,26.084000000000003,26.048000000000002,24.961,21.603,59.95995987593199,29849719.05,21.074666666666666,False,False,27.32
2025-02-17,26.78,28.37,25.98,27.32,31538453.0,861111662.0,250792562.0,0.12575513702834615,26.083999999999996,26.297000000000004,25.2655,21.750333333333334,64.92890986644503,29563124.2,21.209500000000002,False,False,27.32
2025-02-18,27.13,29.0,26.27,26.43,29521458.0,817236546.0,250792562.0,0.11771265369504857,26.212,26.522000000000002,25.444499999999998,21.894166666666667,57.42115020372021,28631713.2,21.3125,False,False,27.32
2025-02-19,26.64,27.35,25.99,27.13,23231512.0,624021728.0,250792562.0,0.09263238038136075,26.516,26.575,25.613,22.06433333333333,58.461538387469524,27651112.2,21.393666666666665,False,False,27.32
2025-02-20,27.03,28.22,26.66,28.2,29263500.0,807189682.0,250792562.0,0.11668408252075674,27.107999999999997,26.676,25.883,22.240666666666666,67.53363220219993,27849560.05,21.485333333333333,False,False,27.32
2025-02-21,28.89,31.02,28.46,31.02,41630925.0,1255669062.0,250792562.0,0.16599744692587812,28.02,27.052,26.18,22.464499999999997,73.0454206237799,27742200.25,21.603,False,False,28.2
2025-02-24,30.86,30.86,29.56,29.94,31143242.0,940633123.0,250792562.0,0.12417928885785695,28.544,27.314,26.4535,22.641000000000002,70.77922070772661,27680543.25,21.750333333333334,False,False,31.02
2025-02-25,28.68,31.02,28.57,29.25,30043239.0,895631743.0,250792562.0,0.11979318190465314,29.107999999999997,27.660000000000004,26.7075,22.820666666666668,60.923330515010164,28081672.7,21.894166666666667,False,False,31.02
2025-02-26,29.24,30.06,28.28,30.06,25356650.0,745906402.0,250792562.0,0.10110606868795415,29.694,28.105,26.969,23.019666666666662,61.61943312852856,28189745.2,22.06433333333333,False,False,31.02
2025-02-27,30.02,30.41,28.75,29.71,20456166.0,603734834.0,250792562.0,0.0815660793002306,29.996000000000002,28.552,27.1915,23.2225,59.699128991624086,27924937.2,22.240666666666666,False,False,31.02
2025-02-28,29.19,29.47,26.75,26.75,19465381.0,544111053.0,250792562.0,0.07761546373133665,29.141999999999996,28.580999999999996,27.314500000000002,23.368666666666666,48.164842197404525,27580495.65,22.464499999999997,False,False,31.02
2025-03-03,26.04,26.99,25.37,25.8,18667050.0,490369440.0,250792562.0,0.07443223136737205,28.314,28.428999999999995,27.363,23.485833333333332,50.033444769199455,27549931.4,22.641000000000002,True,False,31.02
2025-03-04,25.58,26.41,25.4,26.14,12167296.0,319063770.0,250792562.0,0.048515378219231235,27.692,28.4,27.461000000000002,23.5995,51.75380537891773,27237633.7,22.820666666666668,True,True,31.02
2025-03-05,26.17,27.75,25.78,27.26,17632228.0,474284786.0,250792562.0,0.07030602446654698,27.131999999999998,28.413,27.494,23.732666666666667,56.368221892234864,26468600.5,23.019666666666662,True,True,31.02
2025-03-06,27.02,27.69,26.92,27.05,18641750.0,511472552.0,250792562.0,0.07433135118257614,26.6,28.298000000000002,27.487000000000002,23.859666666666666,51.986531937521114,25334605.85,23.2225,True,True,31.02
2025-03-07,26.74,26.95,25.74,25.91,18383278.0,484910031.0,250792562.0,0.07330073050571571,26.432,27.787,27.4195,23.971333333333334,45.34038330239489,24683065.4,23.368666666666666,True,True,31.02
2025-03-10,25.88,26.46,25.68,26.34,9901767.0,259233750.0,250792562.0,0.03948190058363852,26.540000000000003,27.427000000000003,27.370500000000003,24.086166666666667,49.693251486318644,23920171.05,23.485833333333332,True,True,31.02
2025-03-11,25.9,26.25,24.97,26.25,16551400.0,424917141.0,250792562.0,0.06599637512375667,26.562,27.127000000000002,27.3935,24.18933333333333,46.87055471862108,23416269.45,23.5995,True,True,31.02
2025-03-12,26.88,27.81,26.78,27.23,23501420.0,643229227.0,250792562.0,0.09370860049669257,26.556,26.844,27.474499999999995,24.31116666666667,46.528274828103385,23378022.8,23.732666666666667,True,True,31.02
2025-03-13,27.42,27.77,26.75,27.74,24345687.0,671046011.0,250792562.0,0.0970749961874866,26.694,26.647000000000002,27.5995,24.4395,35.9348198539376,23696287.15,23.859666666666666,True,True,31.02
2025-03-14,27.57,27.59,26.42,27.24,16682587.0,452632361.0,250792562.0,0.0665194647997575,26.96,26.695999999999998,27.6385,24.534,37.815884428752476,22906249.45,23.971333333333334,False,True,31.02
2025-03-17,27.18,27.59,26.7,27.17,9681261.0,264494137.0,250792562.0,0.038602663981717286,27.125999999999998,26.833,27.631,24.636833333333335,40.057361323058984,21813389.85,24.086166666666667,True,False,31.02
2025-03-18,27.37,28.15,27.02,27.18,12980926.0,358410374.0,250792562.0,0.05175961318980425,27.312,26.937,27.6685,24.747999999999998,35.09316765100368,20986363.25,24.18933333333333,True,True,31.02
2025-03-19,26.94,27.18,25.61,25.85,16366450.0,431151384.0,250792562.0,0.06525891306138497,27.036,26.796000000000003,27.6045,24.84466666666667,31.860902213716855,20643110.15,24.31116666666667,True,True,31.02
2025-03-20,25.6,25.93,25.21,25.43,11899400.0,305156966.0,250792562.0,0.04744718067037411,26.574,26.634000000000004,27.465999999999998,24.947333333333336,41.85185177951531,19774905.15,24.4395,True,True,31.02
2025-03-21,25.14,25.26,23.39,23.43,16923990.0,411119053.0,250792562.0,0.06748202524443289,25.812,26.386000000000003,27.0865,25.011,37.04918027118158,18539558.4,24.534,True,True,31.02
2025-03-24,23.42,23.72,22.36,23.15,12132450.0,280123411.0,250792562.0,0.04837643470463052,25.008000000000003,26.067,26.746999999999996,25.05616666666667,33.553355283856206,17589018.8,24.636833333333335,True,True,30.06
2025-03-25,23.47,23.55,22.25,22.41,9933050.0,227321168.0,250792562.0,0.039606637137827076,24.054,25.683,26.405,25.07783333333333,22.15843854073269,16583509.35,24.747999999999998,True,True,30.06
2025-03-26,22.32,22.85,22.25,22.32,7229600.0,163129467.0,250792562.0,0.028827011225316963,23.348,25.192,26.018,25.10033333333333,22.46798599364935,15677156.85,24.84466666666667,True,True,30.06
2025-03-27,22.73,23.86,22.46,22.47,13929600.0,321830767.0,250792562.0,0.05554231708036062,22.756,24.665,25.656,25.126833333333334,27.368421002216024,15350828.55,24.947333333333336,True,True,29.71
2025-03-28,22.25,22.59,21.87,21.99,8241700.0,183178087.0,250792562.0,0.03286261735306169,22.467999999999996,24.139999999999997,25.418,25.110500000000002,21.56862741150836,14789644.5,25.011,True,True,27.74
2025-03-31,21.77,22.42,21.2,22.38,9883450.0,216434507.0,250792562.0,0.039408864127318095,22.314,23.661,25.247,25.0865,25.660377313302448,14350464.5,25.05616666666667,True,True,27.74
2025-04-01,22.84,23.07,22.37,22.42,8685319.0,197761006.0,250792562.0,0.03463148560203313,22.316,23.185,25.061,25.075833333333332,15.691868727576846,14176365.65,25.07783333333333,True,True,27.74
2025-04-02,22.3,22.55,22.14,22.2,5465700.0,122325503.0,250792562.0,0.021793708539091364,22.291999999999998,22.82,24.808,25.052833333333336,8.779761886470737,13568039.25,25.10033333333333,True,True,27.74
2025-04-03,21.97,22.78,21.96,22.2,7538500.0,169223174.0,250792562.0,0.030058706446006958,22.238,22.497,24.5655,25.069166666666664,9.485530525273717,13012876.75,25.126833333333334,True,True,27.74
2025-04-07,19.99,21.18,19.98,19.98,5066700.0,102256896.0,250792562.0,0.02020275226503727,21.836000000000002,22.151999999999997,24.269,25.060333333333332,7.0489844565488795,12347047.85,25.110500000000002,True,True,27.74
2025-04-08,19.11,19.81,17.98,17.98,13156450.0,243544495.0,250792562.0,0.052459490405461065,20.956,21.635,23.851,25.033833333333334,5.59845559089014,12509782.0,25.0865,True,True,27.74
2025-04-09,17.12,18.33,16.18,18.11,16578128.0,287644850.0,250792562.0,0.06610294925732287,20.094,21.205,23.444,25.005333333333336,7.751091691210135,12511118.4,25.075833333333332,True,True,27.74
2025-04-10,18.63,19.2,18.52,18.55,14251228.0,269287686.0,250792562.0,0.056824763407457034,19.363999999999997,20.828,23.009999999999998,24.962333333333333,12.527233096363716,12048608.8,25.052833333333336,True,True,27.74
2025-04-11,18.26,19.55,18.26,19.16,12566550.0,240775475.0,250792562.0,0.05010734728249237,18.756,20.497,22.581,24.944166666666668,22.59306799533981,11459651.95,25.069166666666664,True,True,27.74
2025-04-14,19.55,21.08,19.25,21.08,17853500.0,362468187.0,250792562.0,0.07118831538552567,18.976000000000003,20.406,22.273,24.9575,39.024390185965906,11518197.6,25.060333333333332,True,True,27.24
2025-04-15,20.9,21.28,20.2,20.43,18614500.0,384622136.0,250792562.0,0.07422269564756868,19.466,20.211,21.936,24.944166666666668,39.40042820646617,11964859.55,25.033833333333334,True,True,27.18
2025-04-16,21.38,21.64,19.92,20.22,17361200.0,362130581.0,250792562.0,0.06922533850904239,19.887999999999998,19.991,21.588,24.900333333333332,38.9006341919018,12183873.25,25.005333333333336,True,True,27.18
2025-04-17,20.22,22.24,20.22,22.24,18226210.0,395905397.0,250792562.0,0.07267444398929183,20.625999999999998,19.994999999999997,21.4075,24.875,48.98499552640865,12276861.25,24.962333333333333,True,True,25.85
2025-04-18,21.92,23.09,21.7,21.85,29368597.0,660495655.0,250792562.0,0.11710314199828621,21.163999999999998,19.96,21.2285,24.859166666666667,49.377224137786385,13150321.1,24.944166666666668,False,True,25.43
2025-04-21,22.28,22.91,22.1,22.75,17356032.0,394163801.0,250792562.0,0.06920473183730226,21.497999999999998,20.237000000000002,21.194499999999998,24.820333333333334,51.57446802365596,13171923.2,24.9575,False,False,23.43
2025-04-22,23.62,25.03,23.11,23.34,30703944.0,739654326.0,250792562.0,0.12242764998748248,22.080000000000002,20.773,21.204,24.801499999999997,53.73983733720669,14100497.9,24.944166666666668,False,False,23.15
2025-04-23,23.44,24.69,23.2,23.37,24027800.0,574314589.0,250792562.0,0.0958074665707191,22.71,21.299,21.252000000000002,24.78816666666667,54.83071835114533,14805235.4,24.900333333333332,False,False,23.34
2025-04-24,22.99,23.49,22.4,22.91,19915737.0,455411690.0,250792562.0,0.0794111948184492,22.844,21.735,21.2815,24.756166666666665,52.82418450759439,15439542.25,24.875,False,False,23.37
2025-04-25,22.91,24.09,22.45,23.3,20803850.0,487664305.0,250792562.0,0.08295242025558956,23.134,22.149,21.323,24.723499999999998,65.4562382759416,15783254.75,24.859166666666667,False,False,23.37
2025-04-28,23.64,25.38,23.64,24.14,23685896.0,581752005.0,250792562.0,0.09444417255085899,23.412,22.455000000000002,21.430500000000002,24.721,82.15031303234821,16555464.55,24.820333333333334,False,False,23.37
2025-04-29,24.06,24.89,23.79,24.23,18709650.0,459247420.0,250792562.0,0.07460209286430114,23.59,22.835,21.523,24.711000000000002,82.07547157766705,16996774.55,24.801499999999997,False,False,24.14
2025-04-30,24.23,25.13,23.99,24.76,18835700.0,466364992.0,250792562.0,0.07510469947669342,23.868000000000002,23.289,21.639999999999997,24.720666666666666,82.24299053464156,17504293.6,24.78816666666667,False,False,24.23
2025-05-06,24.99,25.61,24.49,25.31,19219150.0,486780784.0,250792562.0,0.0766336523170093,24.348,23.596,21.795499999999997,24.699166666666667,82.13166132185547,18191966.1,24.756166666666665,False,False,24.76
2025-05-07,25.68,25.76,24.35,24.76,18892200.0,472922531.0,250792562.0,0.075329985264874,24.64,23.887,21.9235,24.658666666666665,72.43902426656756,18759651.1,24.723499999999998,False,False,25.31
2025-05-08,24.47,24.92,24.36,24.39,13255250.0,327315643.0,250792562.0,0.05285344148284589,24.69,24.051,22.144,24.610833333333336,74.99999986742426,19169078.6,24.721,False,False,25.31
2025-05-09,24.19,24.38,23.64,23.83,13728053.0,329229040.0,250792562.0,0.054738676819290996,24.61,24.1,22.436500000000002,24.552666666666664,71.82587654104447,19197658.75,24.711000000000002,False,False,25.31
2025-05-12,23.87,24.19,23.61,24.14,9295553.0,223581849.0,250792562.0,0.037064707684592337,24.485999999999997,24.177,22.738,24.525166666666667,64.48170717945979,18833530.0,24.720666666666666,False,False,25.31
2025-05-13,24.15,26.56,23.99,25.51,38716815.0,995035336.0,250792562.0,0.15437784394897644,24.526000000000003,24.437,23.086000000000002,24.523500000000002,74.27055689127482,20056809.35,24.699166666666667,False,False,25.31
2025-05-14,27.97,28.04,24.97,25.79,40061610.0,1053829808.0,250792562.0,0.1597400245067874,24.732,24.686,23.417499999999997,24.532666666666668,71.96531777348056,21431562.35,24.658666666666665,False,False,25.51
2025-05-15,24.83,25.09,23.89,23.9,23320519.0,572773228.0,250792562.0,0.0929872832512473,24.634,24.662,23.558500000000002,24.490000000000002,53.40632594310357,21704913.3,24.610833333333336,False,False,25.79
2025-05-16,23.85,25.58,23.6,24.62,20103459.0,499396991.0,250792562.0,0.08015970984019853,24.792,24.701,23.768,24.445,57.014590258338465,21779361.25,24.552666666666664,False,False,25.79
2025-05-19,24.59,25.44,24.19,25.23,16063250.0,402054331.0,250792562.0,0.06404994578746717,25.009999999999998,24.747999999999998,24.0185,24.425,62.80353191178262,21714463.75,24.525166666666667,False,False,25.79
2025-05-20,25.1,26.0,24.69,24.99,14852550.0,376926762.0,250792562.0,0.05922245014586996,24.906,24.716,24.156,24.389333333333337,59.483726056927914,21545780.75,24.523500000000002,False,False,25.79
2025-05-21,24.74,25.25,24.39,24.49,10492300.0,259492209.0,250792562.0,0.04183656770490665,24.646,24.689,24.288,24.3275,52.04200691615073,20601965.9,24.532666666666668,False,False,25.79
2025-05-22,24.25,24.69,23.61,23.67,11152954.0,268788588.0,250792562.0,0.04447083243242278,24.6,24.617,24.334,24.205000000000002,46.98924724109146,20291812.0,24.490000000000002,False,False,25.79
2025-05-23,23.54,24.19,22.81,22.9,11144850.0,261509088.0,250792562.0,0.044438518874415425,24.255999999999997,24.524,24.312,24.087666666666667,40.25157226797462,19313857.3,24.445,True,False,25.79
2025-05-26,23.09,23.68,22.97,23.29,7834010.0,183166250.0,250792562.0,0.0312370109285777,23.868000000000002,24.439,24.308,23.988333333333333,39.232409323107284,18504167.8,24.425,True,True,25.79
2025-05-27,23.24,23.39,22.55,22.87,7715450.0,176982904.0,250792562.0,0.03076426963571591,23.444,24.175,24.306,23.8685,39.783783723570494,17894153.45,24.389333333333337,True,True,25.79
2025-05-28,22.57,22.85,21.98,22.11,10181476.0,227715750.0,250792562.0,0.040597200805341266,22.968,23.807,24.2465,23.741833333333332,38.17427380348134,17363034.75,24.3275,True,True,25.79
2025-05-29,22.11,23.04,21.92,22.25,10438659.0,235222282.0,250792562.0,0.04162268177634391,22.683999999999997,23.642,24.151999999999997,23.666833333333333,41.431670219084246,16700672.9,24.205000000000002,True,True,25.79
2025-05-30,22.11,22.24,21.16,21.2,9492800.0,204750390.0,250792562.0,0.03785120230160574,22.344,23.3,24.0005,23.59016666666667,35.240963805886196,16239830.4,24.087666666666667,True,True,25.79
2025-06-03,20.9,21.27,20.86,21.05,5800120.0,122764464.0,250792562.0,0.023127161163575497,21.895999999999997,22.881999999999998,23.815,23.505333333333333,24.485125818902546,15588051.4,23.988333333333333,True,True,25.79
2025-06-04,21.11,21.62,21.11,21.37,6782100.0,145921216.0,250792562.0,0.027042668035745017,21.595999999999997,22.52,23.618000000000002,23.40716666666667,24.829157135807748,14966198.9,23.8685,True,True,25.79
2025-06-05,21.34,22.49,21.25,22.23,12334552.0,272143288.0,250792562.0,0.04918228794999112,21.62,22.294,23.4915,23.326833333333337,39.2258063807534,14638316.5,23.741833333333332,True,True,25.79
2025-06-06,22.15,22.46,22.0,22.17,7088261.0,158317519.0,250792562.0,0.02826344187990711,21.604,22.144,23.3805,23.264499999999998,32.72214379998448,14329967.05,23.666833333333333,True,True,25.79
2025-06-09,22.09,22.47,22.09,22.18,5246802.0,117319291.0,250792562.0,0.02092088361057534,21.8,22.072,23.298000000000002,23.19516666666667,26.502311190904095,13905904.5,23.59016666666667,True,True,25.79
2025-06-10,22.19,22.33,21.4,21.76,6861666.0,150056576.0,250792562.0,0.02735992624853045,21.942,21.919,23.179000000000002,23.120333333333335,25.787106392650756,13784210.15,23.505333333333333,True,True,25.79
2025-06-11,20.9,21.15,20.49,20.67,13395426.0,279449279.0,250792562.0,0.0534123735296424,21.802,21.699,22.936999999999998,23.011000000000003,23.691460009410406,12518140.7,23.40716666666667,True,True,25.79
2025-06-12,20.85,20.9,20.46,20.6,6317700.0,131346526.0,250792562.0,0.025190938477673033,21.476000000000003,21.548000000000002,22.677500000000002,22.892,26.420890880200844,10830945.2,23.326833333333337,True,True,25.79
2025-06-13,20.5,20.8,20.18,20.31,5972614.0,122377521.0,250792562.0,0.023814956681211304,21.104000000000003,21.354000000000003,22.497999999999998,22.7765,28.52404636826921,9963549.95,23.264499999999998,True,True,25.23
2025-06-16,20.16,20.95,20.08,20.73,6464384.0,134460016.0,250792562.0,0.02577582025738068,20.814,21.307,22.303500000000003,22.669166666666666,28.877887722064287,9281596.2,23.19516666666667,True,True,25.23
2025-06-17,20.73,21.09,20.52,20.95,5133271.0,107329826.0,250792562.0,0.020468194746541168,20.652,21.297000000000004,22.0895,22.565333333333335,33.61774735995759,8735097.25,23.120333333333335,True,True,25.23
2025-06-18,20.83,21.02,20.51,21.02,5897250.0,123198741.0,250792562.0,0.023514453351291972,20.722,21.262,21.891,22.48483333333333,39.45841381964839,8287332.25,23.011000000000003,True,True,24.99
2025-06-19,20.9,21.78,20.73,20.87,9771183.0,209475113.0,250792562.0,0.038961215285164635,20.776,21.125999999999998,21.71,22.408833333333334,36.6795365804028,8251276.4,22.892,True,True,24.49
2025-06-20,21.4,21.7,20.77,20.85,8937250.0,190121142.0,250792562.0,0.03563602496313268,20.883999999999997,20.994,21.569,22.365833333333335,45.78313237567139,8140491.2,22.7765,True,True,23.67
2025-06-23,20.37,21.69,20.37,21.33,9535168.0,204104518.0,250792562.0,0.0380201387312276,21.004,20.909,21.4905,22.3355,53.12499983398435,8060007.1,22.669166666666666,True,True,23.29
2025-06-24,21.16,21.74,21.15,21.68,8694700.0,188079497.0,250792562.0,0.03466889101758927,21.15,20.901,21.41,22.323333333333334,53.436806929464446,8103041.6,22.565333333333335,True,True,23.29
2025-06-25,21.79,22.45,21.59,22.1,9774250.0,216600088.0,250792562.0,0.03897344451547172,21.366000000000003,21.044,21.371500000000005,22.319666666666663,48.402948236451785,8205981.6,22.48483333333333,False,True,22.87
2025-06-26,22.0,22.51,21.8,21.86,8767504.0,194467593.0,250792562.0,0.034959186708256526,21.564,21.169999999999998,21.359,22.3095,46.35294102377852,8135283.0,22.408833333333334,False,False,22.25
2025-06-27,21.94,22.5,21.7,22.16,8993562.0,199021965.0,250792562.0,0.035860561127805696,21.826,21.354999999999997,21.3545,22.312333333333335,49.77973552931359,8063028.15,22.365833333333335,False,False,22.25
2025-06-30,22.15,22.45,22.05,22.19,6790694.0,150810940.0,250792562.0,0.02707693539970296,21.998,21.500999999999998,21.404000000000003,22.309166666666666,55.180722705414425,7927922.85,22.3355,False,False,22.23
2025-07-01,22.19,22.28,21.82,22.06,6178250.0,136097903.0,250792562.0,0.02463490125357067,22.074,21.612000000000002,21.454500000000003,22.303166666666666,71.78683354074732,7946829.35,22.323333333333334,False,False,22.23
2025-07-02,21.9,22.1,21.43,21.53,6023649.0,130305431.0,250792562.0,0.02401845155200416,21.96,21.663,21.4625,22.291999999999998,62.73972578675171,7908906.8,22.319666666666663,False,False,22.23
2025-07-03,21.43,21.99,21.24,21.5,5659668.0,121676747.0,250792562.0,0.022567128605672126,21.887999999999998,21.726,21.426,22.280333333333335,67.55162213990481,7575162.6,22.3095,False,False,22.23
2025-07-04,20.77,20.77,20.0,20.0,14756001.0,299086589.0,250792562.0,0.05883747461378061,21.456,21.641,21.3175,22.28066666666667,41.834451770540866,7958549.6,22.312333333333335,False,False,22.19
2025-07-07,19.99,20.45,19.6,19.95,9507698.0,188997870.0,250792562.0,0.03791060597722192,21.008,21.503,21.206,22.313499999999998,38.37209289832343,8171594.4,22.309166666666666,True,False,22.19
2025-07-08,20.25,20.64,19.85,20.36,8628350.0,174952218.0,250792562.0,0.03440432974244268,20.668,21.371000000000002,21.136,22.351,42.88793090507953,8259928.6,22.303166666666666,True,True,22.19
2025-07-09,20.5,21.45,20.4,20.56,15589450.0,327534351.0,250792562.0,0.062160735054016474,20.473999999999997,21.217,21.1305,22.3845,46.695095809438925,8369629.8,22.291999999999998,True,True,22.19
2025-07-10,20.56,20.88,20.0,20.12,9844300.0,199116979.0,250792562.0,0.03925275901922482,20.198,21.043,21.1065,22.4005,42.85714273972603,8545959.8,22.280333333333335,True,True,22.19
2025-07-11,20.03,20.4,19.62,20.25,8924071.0,178853400.0,250792562.0,0.0355834755577799,20.247999999999998,20.852,21.1035,22.386666666666667,38.65546207118145,8693532.65,22.28066666666667,True,True,22.19
2025-07-14,20.2,20.59,20.0,20.29,5521200.0,112021557.0,250792562.0,0.022015006968189112,20.315999999999995,20.662,21.0815,22.384333333333334,34.38202236374195,8646373.45,22.313499999999998,True,True,22.19
2025-07-15,20.29,20.62,20.02,20.31,7791500.0,158117601.0,250792562.0,0.03106750829396607,20.306,20.487000000000002,21.049500000000002,22.385833333333334,27.901234471452497,8779284.9,22.351,True,True,22.19
2025-07-16,20.34,21.2,20.26,20.56,11962850.0,248249068.0,250792562.0,0.04770017860418045,20.306,20.39,21.026500000000002,22.357833333333335,33.99014766604381,9082564.9,22.3845,True,True,22.19
2025-07-17,20.5,21.08,20.27,20.93,9672650.0,200885911.0,250792562.0,0.03856832883265493,20.468,20.333000000000002,21.029500000000002,22.342499999999998,35.10895871875897,9077638.25,22.4005,True,True,22.19
2025-07-18,20.92,21.16,20.64,21.05,8855150.0,185153074.0,250792562.0,0.035308662782431326,20.628,20.438,21.039499999999997,22.314166666666665,36.49289087419419,9073533.25,22.386666666666667,True,True,22.19
2025-07-21,21.2,21.2,20.74,20.88,8101700.0,169528826.0,250792562.0,0.03230438708146376,20.746,20.531,21.017,22.27316666666667,36.15023462298045,9001859.85,22.384333333333334,False,True,22.19
2025-07-22,20.75,20.77,20.35,20.43,7870350.0,161469943.0,250792562.0,0.03138191155764819,20.77,20.538,20.9545,22.224166666666665,36.84210513976327,8960642.35,22.385833333333334,True,False,22.19
2025-07-23,20.38,20.79,20.26,20.58,7971539.0,163508701.0,250792562.0,0.031785388435881926,20.774,20.54,20.878500000000003,22.185333333333336,39.30232545343426,8870506.8,22.357833333333335,True,True,22.19
2025-07-24,20.45,20.6,20.4,20.55,5166848.0,105871033.0,250792562.0,0.020602078302465764,20.698,20.583,20.813,22.1395,59.717314192211205,8690474.0,22.342499999999998,True,True,22.19
2025-07-25,20.58,22.61,20.55,22.61,27776411.0,601538039.0,250792562.0,0.1107545246896118,21.009999999999998,20.819,20.8355,22.113999999999997,77.47933861886146,9629616.45,22.314166666666665,True,True,22.19
2025-07-28,23.0,23.3,22.35,22.64,35013073.0,799369792.0,250792562.0,0.1396096946447718,21.362000000000002,21.054,20.857999999999997,22.0875,75.56053787940643,11040735.4,22.27316666666667,False,True,22.61
2025-07-29,22.56,22.75,22.18,22.69,16173300.0,363173614.0,250792562.0,0.06448875465453398,21.814,21.292,20.889499999999998,22.053,74.70997655546648,11540487.9,22.224166666666665,False,False,22.64
2025-07-30,22.56,23.07,22.3,22.41,15115800.0,342769831.0,250792562.0,0.0602721224244282,22.18,21.477,20.933500000000002,22.004666666666665,77.59036118403252,11995095.45,22.185333333333336,False,False,22.69
2025-07-31,22.28,23.75,22.28,23.35,27637683.0,640795699.0,250792562.0,0.11020136633876726,22.740000000000002,21.719,21.026000000000003,21.98116666666667,81.24999977066534,13093996.2,22.1395,False,False,22.69
2025-08-01,23.18,23.68,22.75,22.95,17145505.0,395979553.0,250792562.0,0.06836528509166871,22.808,21.909,21.1735,21.95716666666667,74.99999980263156,13213471.4,22.113999999999997,False,False,23.35
2025-08-04,22.52,24.24,22.52,23.88,20672940.0,484933749.0,250792562.0,0.08243043507805467,23.056,22.208999999999996,21.369999999999997,21.958000000000002,78.65168521651304,13771733.5,22.0875,False,False,23.35
2025-08-05,23.45,23.95,23.02,23.53,17330319.0,404843973.0,250792562.0,0.06910220487320513,23.224,22.519,21.5285,21.94783333333333,73.4597154773403,14206831.95,22.053,False,False,23.88
2025-08-06,23.41,24.4,23.26,24.0,19989506.0,477585062.0,250792562.0,0.0797053383106314,23.542,22.860999999999997,21.700499999999998,21.922666666666665,73.87247262298374,14426834.75,22.004666666666665,False,False,23.88
2025-08-07,23.8,24.19,23.63,23.82,12948297.0,308592376.0,250792562.0,0.05162950965029019,23.636,23.188000000000002,21.8855,21.889833333333332,71.3405237290035,14582034.6,21.98116666666667,False,False,24.0
2025-08-08,23.66,23.89,23.0,23.21,13231703.0,308930890.0,250792562.0,0.0527595511385222,23.688,23.247999999999998,22.0335,21.87833333333333,66.81096667599519,14797416.2,21.95716666666667,False,False,24.0
2025-08-11,23.24,24.38,23.24,23.98,14762350.0,351574002.0,250792562.0,0.058862790356597576,23.708,23.382,22.218,21.867666666666665,74.4827584768609,15259473.7,21.958000000000002,False,False,24.0
2025-08-12,23.75,24.68,23.57,24.47,18491534.0,448266165.0,250792562.0,0.07373238605058789,23.895999999999997,23.56,22.426,21.855,75.62582331241614,15794475.4,21.94783333333333,False,False,24.0
2025-08-13,24.47,24.65,24.01,24.44,15304477.0,372632872.0,250792562.0,0.06102444537410164,23.984,23.762999999999998,22.619999999999997,21.845833333333335,75.62582331241614,15961556.75,21.922666666666665,False,False,24.47
2025-08-14,24.44,24.86,23.88,23.9,17784007.0,433039363.0,250792562.0,0.0709112218407817,24.0,23.818,22.7685,21.836,60.62602951420684,16367124.6,21.889833333333332,False,False,24.47
2025-08-15,23.73,24.59,23.64,24.44,17854601.0,433924732.0,250792562.0,0.07119270546787587,24.246,23.967000000000002,22.938,21.84883333333333,63.67781141466727,16817097.15,21.87833333333333,False,False,24.47
2025-08-18,24.85,25.98,24.63,25.07,24604667.0,620686512.0,250792562.0,0.09810764244276113,24.464000000000002,24.086000000000002,23.1475,21.885,66.62011160158079,17642245.5,21.867666666666665,False,False,24.47
2025-08-19,25.03,25.95,24.88,25.34,20764852.0,527050067.0,250792562.0,0.08279692122607687,24.637999999999998,24.267000000000003,23.393,21.91916666666667,70.48951035148907,18286970.6,21.855,False,False,25.07
2025-08-20,25.01,25.67,24.72,25.58,16680076.0,420536268.0,250792562.0,0.06650945254110048,24.866,24.425,23.642999999999997,21.964333333333332,67.28682155937743,18722397.45,21.845833333333335,False,False,25.34
2025-08-21,25.57,26.59,24.9,25.91,29935335.0,771547065.0,250792562.0,0.11936292991017812,25.268,24.633999999999997,23.911,22.02766666666667,73.19749200238797,19960821.8,21.836,False,False,25.58
2025-08-22,26.6,27.2,25.81,26.27,36778578.0,974901193.0,250792562.0,0.14664939704232535,25.634000000000004,24.94,24.094,22.09466666666667,70.56798606059351,20410930.15,21.84883333333333,False,False,25.91
2025-08-25,27.03,27.39,25.98,26.56,33324621.0,890213184.0,250792562.0,0.13287723022662848,25.932,25.198,24.29,22.184,76.34782590106616,20326507.55,21.885,False,False,26.27
2025-08-26,27.0,27.46,25.82,26.0,28077186.0,748365753.0,250792562.0,0.11195382261775372,26.064,25.351,24.4555,22.2665,67.12328751032089,20921701.85,21.91916666666667,False,False,26.56
2025-08-27,25.36,26.6,24.91,24.92,30985090.0,799728473.0,250792562.0,0.12354868004418727,25.932,25.399,24.581,22.325666666666667,58.160237267916436,21715166.35,21.964333333333332,False,False,26.56
2025-08-28,24.93,25.87,24.4,25.84,22605866.0,568357550.0,250792562.0,0.09013770512061678,25.918,25.592999999999996,24.705499999999997,22.38583333333333,68.65248213317238,21463575.5,22.02766666666667,False,False,26.56
2025-08-29,25.61,25.83,24.27,24.56,19966761.0,493850068.0,250792562.0,0.07961464582829215,25.576,25.605,24.785999999999998,22.425666666666665,53.83597873628258,21604638.3,22.09466666666667,False,False,26.56
2025-09-01,24.75,25.19,24.09,24.39,15454472.0,378747580.0,250792562.0,0.06162252929973258,25.142000000000003,25.537,24.811500000000002,22.4625,49.44751371653797,21343714.9,22.184,True,False,26.56
2025-09-02,24.39,24.55,23.06,23.8,15134611.0,356536379.0,250792562.0,0.06034712863613555,24.702,25.383,24.825,22.4965,45.89743581505588,21233929.5,22.2665,True,True,26.56
2025-09-03,23.58,23.7,22.93,23.02,8827526.0,205588844.0,250792562.0,0.03519851597512689,24.322,25.127000000000002,24.776000000000003,22.535666666666664,44.52736310654439,20675830.5,22.325666666666667,True,True,26.56
2025-09-04,23.11,23.6,21.63,22.11,13071800.0,296980703.0,250792562.0,0.05212196045909846,23.576,24.747000000000003,24.6905,22.560833333333335,36.14744345944538,20682005.65,22.38583333333333,True,True,26.56
2025-09-05,22.11,22.98,22.05,22.98,9532508.0,215174229.0,250792562.0,0.038009532356067244,23.259999999999998,24.418,24.679,22.605333333333338,37.91907508313675,20497045.9,22.425666666666665,True,True,26.56
2025-09-08,22.98,23.07,22.59,22.72,6910121.0,157200678.0,250792562.0,0.027553133732889576,22.926,24.034,24.616000000000003,22.638500000000004,34.837962906512544,20104434.45,22.4625,True,True,26.56
2025-09-09,22.65,22.65,21.95,22.47,7751800.0,172290191.0,250792562.0,0.03090921013837723,22.66,23.681,24.516,22.663833333333333,32.023121335453894,19567447.75,22.4965,True,True,26.56
2025-09-10,22.16,22.38,21.89,21.92,7330705.0,161783207.0,250792562.0,0.029230153165387737,22.44,23.380999999999997,24.39,22.678833333333333,27.508455424451128,19168759.15,22.535666666666664,True,True,26.56
2025-09-11,21.92,23.75,21.8,23.58,18265883.0,418239610.0,250792562.0,0.07283263448618545,22.734,23.155,24.374000000000002,22.723999999999997,36.774827874646235,19192852.95,22.560833333333335,True,True,26.56
2025-09-12,23.6,23.8,23.21,23.29,10940072.0,256909760.0,250792562.0,0.043621995456149136,22.796,23.028,24.316499999999998,22.764666666666667,33.92330378810949,18847126.5,22.605333333333338,True,True,26.56
2025-09-15,23.49,23.49,22.82,23.37,7700701.0,178085850.0,250792562.0,0.030705460076603068,22.926,22.926,24.2315,22.79866666666667,36.42930851289882,18001928.2,22.638500000000004,True,True,26.56
2025-09-16,23.25,24.04,23.05,23.83,10097600.0,238835527.0,250792562.0,0.040262757074908784,23.198,22.929000000000002,24.156,22.8345,43.991179645438066,17468565.6,22.663833333333333,True,True,26.56
2025-09-17,23.69,24.08,23.51,23.74,8958670.0,212650187.0,250792562.0,0.03572143419468716,23.561999999999998,23.000999999999998,24.064,22.86183333333333,37.25728149009684,17082495.3,22.678833333333333,True,True,26.56
2025-09-18,23.74,26.11,23.73,25.16,46495003.0,1182670778.0,250792562.0,0.18539227251883172,23.877999999999997,23.305999999999997,24.0265,22.916833333333333,53.57995217779006,17910478.7,22.723999999999997,True,True,26.56
2025-09-19,25.65,26.3,24.71,25.25,35666202.0,909077473.0,250792562.0,0.14221395449518953,24.27,23.532999999999998,23.9755,22.96833333333333,55.18072279849035,17854859.9,22.764666666666667,False,True,26.56
2025-09-22,25.27,25.46,24.68,24.98,17078939.0,427170456.0,250792562.0,0.06809986254696022,24.592,23.759,23.8965,23.014833333333335,57.39348360858286,17042575.8,22.79866666666667,False,False,26.56
2025-09-23,24.91,25.11,23.86,24.41,14487793.0,352117003.0,250792562.0,0.057768033008889635,24.708,23.953,23.817,23.053999999999995,58.94465883845236,16363106.15,22.8345,False,False,26.0
2025-09-24,24.3,24.4,23.68,24.02,12937746.0,310481044.0,250792562.0,0.05158743902460712,24.764000000000003,24.163,23.772,23.0955,63.17241367111534,15460738.95,22.86183333333333,False,False,25.84
2025-09-25,24.02,24.5,23.81,24.08,11026073.0,266642642.0,250792562.0,0.043964912324632656,24.548,24.213,23.684,23.1385,58.540372543545764,14881749.3,22.916833333333333,False,False,25.84
2025-09-26,23.9,24.16,23.0,23.0,10304400.0,241474093.0,250792562.0,0.04108734293324058,24.098000000000003,24.184,23.606,23.188499999999998,51.928374555510025,14398631.25,22.96833333333333,False,False,25.25
2025-09-29,23.0,23.39,22.84,23.18,7683724.0,177606296.0,250792562.0,0.030637766681453654,23.738,24.165,23.5455,23.242333333333338,54.93741296674218,14010093.85,23.014833333333335,True,False,25.25
2025-09-30,24.1,24.85,23.46,23.6,18107221.0,435941291.0,250792562.0,0.07219999211938351,23.576,24.142,23.535500000000003,23.296333333333333,61.8980168744232,14158724.35,23.053999999999995,True,True,25.25
2025-10-09,23.6,23.78,23.03,23.2,12394975.0,288256886.0,250792562.0,0.0494232161478537,23.412,24.088,23.5445,23.340333333333334,46.72413781825209,14337096.8,23.0955,False,True,25.25
2025-10-10,23.01,23.43,22.21,22.4,12521400.0,283487481.0,250792562.0,0.049927318019902044,23.076,23.812,23.559,23.37833333333333,42.947701964933785,14309576.8,23.1385,True,False,25.25
2025-10-13,21.25,21.99,20.79,21.88,9135619.0,197477878.0,250792562.0,0.03642699339703703,22.851999999999997,23.475,23.503999999999998,23.4055,38.96296288215087,14289732.35,23.188499999999998,True,True,25.25
2025-10-14,21.97,22.28,21.1,21.45,8200309.0,177551302.0,250792562.0,0.03269757657326376,22.506,23.121999999999996,23.440499999999997,23.424833333333332,32.29166659939237,14354241.75,23.242333333333338,True,True,25.25
2025-10-15,21.38,21.51,20.97,21.44,6688701.0,142329968.0,250792562.0,0.026670252684766624,22.073999999999998,22.825,23.389,23.443666666666665,32.68072282266115,14301086.8,23.296333333333333,True,True,25.25
2025-10-16,21.77,22.14,21.1,21.1,8375412.0,179277434.0,250792562.0,0.033395775110746706,21.654,22.533,23.348,23.45266666666667,13.489208599127892,14353322.15,23.340333333333334,True,True,25.25
2025-10-17,20.65,20.89,19.36,19.37,14601044.0,292281589.0,250792562.0,0.05821960541238061,21.048000000000002,22.062,23.1375,23.426666666666666,9.166666648842593,14170080.2,23.37833333333333,True,True,25.25
2025-10-20,19.76,20.17,19.66,19.95,8466755.0,168762362.0,250792562.0,0.033759992451450775,20.662,21.756999999999998,22.970499999999998,23.408333333333335,16.511318211563434,14046414.35,23.4055,True,True,25.25
2025-10-21,19.96,20.38,19.65,20.2,6309300.0,126289995.0,250792562.0,0.02515744466137716,20.412,21.458999999999996,22.811999999999998,23.397,20.72322666340399,13976844.3,23.424833333333332,True,True,25.25
2025-10-22,20.09,20.25,19.92,20.1,4442867.0,89357012.0,250792562.0,0.017715306086310487,20.144,21.109,22.6255,23.3915,21.594202854736395,13694107.65,23.443666666666665,True,True,25.25
2025-10-23,20.01,20.19,19.61,20.19,4118200.0,81522824.0,250792562.0,0.016420742174961315,19.962,20.808,22.448,23.384999999999998,21.933621889311596,13452084.15,23.45266666666667,True,True,25.25
2025-10-24,20.06,20.35,20.0,20.24,5131777.0,103761937.0,250792562.0,0.0204622376320714,20.136,20.592000000000002,22.202,23.379833333333334,26.61016942838262,11383922.85,23.426666666666666,True,True,25.25
2025-10-27,20.45,20.72,20.24,20.41,5537322.0,113198989.0,250792562.0,0.022079291171322697,20.228,20.445,21.96,23.34316666666667,26.485568697657385,9877478.85,23.408333333333335,True,True,25.25
2025-10-28,20.35,20.62,20.23,20.43,4411300.0,89740016.0,250792562.0,0.017589437122142403,20.274,20.342999999999996,21.732499999999998,23.30633333333333,21.12932599347708,9244096.9,23.397,True,True,24.98
2025-10-29,20.28,20.32,20.06,20.18,4241300.0,85561695.0,250792562.0,0.016911586078059204,20.29,20.217,21.521,23.264499999999998,21.72284638499626,8731772.25,23.3915,True,True,24.41
2025-10-30,20.18,20.2,19.6,19.62,6335638.0,125558678.0,250792562.0,0.025262463724901058,20.176,20.069,21.301,23.218000000000004,22.745097976778126,8401666.85,23.384999999999998,True,True,24.08
2025-10-31,19.62,20.18,19.58,20.0,6048584.0,120411186.0,250792562.0,0.024117876350734837,20.128,20.131999999999998,21.097,23.162166666666668,31.048387009137585,8152792.4,23.379833333333334,True,True,24.08
2025-11-03,20.0,20.25,19.86,20.21,3854400.0,77287113.0,250792562.0,0.015368876848907505,20.088,20.158,20.9575,23.116499999999995,36.91983111458276,7830292.4,23.34316666666667,True,True,23.6
2025-11-04,20.11,20.55,19.9,20.22,5095800.0,102816044.0,250792562.0,0.020318784414347982,20.046,20.16,20.8095,23.0555,37.130801578094626,7700896.2,23.30633333333333,True,True,23.6
2025-11-05,19.91,20.62,19.82,20.35,6967800.0,141261302.0,250792562.0,0.02778312061742884,20.080000000000002,20.185,20.647,23.0025,41.72185417569404,7143925.15,23.264499999999998,True,True,23.6
2025-11-06,20.56,21.04,20.25,20.76,8400410.0,173632086.0,250792562.0,0.0334954511130996,20.308,20.241999999999997,20.525,22.948500000000003,71.65109003018222,6944196.9,23.218000000000004,True,True,23.2
2025-11-07,20.65,21.25,20.33,20.7,6987238.0,144357506.0,250792562.0,0.027860626903281126,20.448,20.288000000000004,20.44,22.896500000000003,63.94052011332072,6667488.8,23.162166666666668,False,True,22.4
2025-11-10,20.35,20.59,20.21,20.24,5437159.0,110598570.0,250792562.0,0.02167990532350796,20.454,20.270999999999997,20.358,22.847,50.68965492770511,6482565.8,23.116499999999995,False,False,21.88
2025-11-11,20.22,20.45,19.98,20.07,4774477.0,96148746.0,250792562.0,0.019037554231771833,20.424,20.235000000000003,20.289,22.781833333333335,49.494949261639945,6311274.2,23.0555,True,False,21.45
2025-11-12,20.0,20.0,19.6,19.73,4118727.0,81279513.0,250792562.0,0.01642284351319797,20.3,20.19,20.203500000000002,22.702833333333334,42.85714267080744,6182775.5,23.0025,True,True,21.44
2025-11-13,19.64,20.1,19.55,19.98,4408750.0,87506277.0,250792562.0,0.017579269356481155,20.144,20.226,20.1475,22.6285,46.19883022023874,5984442.4,22.948500000000003,True,True,21.1
2025-11-14,19.78,20.98,19.71,20.3,12532162.0,257601998.0,250792562.0,0.04997022997835159,20.064,20.256,20.194,22.568500000000004,48.459383563464606,5880998.3,22.896500000000003,True,True,20.76
2025-11-17,20.9,21.58,20.51,20.74,8787641.0,183394447.0,250792562.0,0.03503948015810772,20.163999999999998,20.309,20.2335,22.506833333333336,53.884711590379446,5897042.6,22.847,False,True,20.76
2025-11-18,20.47,20.68,20.26,20.39,5029082.0,102910733.0,250792562.0,0.020052755791058908,20.228,20.326,20.243000000000002,22.42883333333333,52.56723698387744,5833031.7,22.781833333333335,False,False,20.76
2025-11-19,20.25,20.5,19.76,20.03,4831750.0,96527158.0,250792562.0,0.019265922248523464,20.288,20.294,20.2395,22.340333333333334,55.269922680262496,5852475.85,22.702833333333334,False,False,20.76
2025-11-20,20.1,20.18,19.64,19.65,4989038.0,98758512.0,250792562.0,0.01989308598394557,20.222,20.183,20.2125,22.2415,45.501285183285844,5896017.75,22.6285,True,False,20.76
2025-11-21,19.44,19.63,18.65,18.7,6755600.0,128712272.0,250792562.0,0.026937003020049692,19.901999999999997,19.982999999999997,20.1355,22.121333333333332,33.69330443375672,5977208.9,22.568500000000004,True,True,20.76
2025-11-24,18.93,18.95,18.53,18.79,4455669.0,83612936.0,250792562.0,0.017766352257289033,19.512,19.838,20.0545,21.996666666666666,34.819532805207345,5923126.25,22.506833333333336,True,True,20.76
2025-11-25,18.9,19.46,18.71,19.18,5528900.0,106321235.0,250792562.0,0.022045709633127,19.27,19.749,19.992,21.87366666666667,38.229376149856876,5979006.25,22.42883333333333,True,True,20.76
2025-11-26,19.01,19.47,18.97,19.07,4060600.0,77798571.0,250792562.0,0.016191070291789594,19.078,19.683,19.936500000000002,21.758166666666668,31.9057814889334,5969971.25,22.340333333333334,True,True,20.76
2025-11-27,19.17,19.35,18.91,19.09,4091687.0,78322217.0,250792562.0,0.016315025323597913,18.966,19.594,19.91,21.660999999999998,32.61339083011069,5857773.7,22.2415,True,True,20.76
2025-11-28,19.0,19.13,18.81,19.01,3855700.0,73163184.0,250792562.0,0.0153740604157152,19.028,19.465,19.860500000000002,21.547166666666666,35.52941164766784,5748129.5,22.121333333333332,True,True,20.76
2025-12-01,19.02,19.44,18.95,19.23,4256096.0,81627938.0,250792562.0,0.01697058304304894,19.116,19.314,19.8115,21.458333333333332,40.23255800854515,5768214.3,21.996666666666666,True,True,20.76
2025-12-02,19.31,19.35,18.95,18.98,3630857.0,69103628.0,250792562.0,0.01447753063745168,19.076,19.173000000000002,19.7495,21.368166666666664,41.092636442922334,5694967.15,21.87366666666667,True,True,20.76
2025-12-03,18.97,19.04,18.46,18.55,4460714.0,83143084.0,250792562.0,0.017786468483861975,18.972,19.025,19.6595,21.28066666666667,33.712983947156744,5569612.85,21.758166666666668,True,True,20.76
2025-12-04,18.55,18.63,18.09,18.26,4584800.0,83843384.0,250792562.0,0.01828124392301555,18.806,18.886000000000003,19.5345,21.201333333333334,26.60550450172542,5378832.35,21.660999999999998,True,True,20.76
2025-12-05,18.26,18.67,18.08,18.66,4146800.0,76463063.0,250792562.0,0.016534780644730605,18.736,18.882,19.432499999999997,21.14383333333333,25.925925841906704,5236810.45,21.547166666666666,True,True,20.74
2025-12-08,18.7,19.14,18.7,18.86,5271900.0,100011465.0,250792562.0,0.021020958348836518,18.662,18.889000000000003,19.3635,21.075166666666668,31.654676152718082,5228547.5,21.458333333333332,True,True,20.74
2025-12-09,18.78,19.17,18.69,19.0,4289734.0,80978468.0,250792562.0,0.017104709827877592,18.666,18.871000000000002,19.31,21.013166666666667,36.96202518545102,5204310.35,21.368166666666664,True,True,20.74
2025-12-10,18.7,19.25,18.13,18.36,5475187.0,101044750.0,250792562.0,0.021831536614710288,18.628,18.8,19.2415,20.944666666666667,34.6793348015414,5272133.35,21.28066666666667,True,True,20.74
2025-12-11,18.25,18.48,17.84,17.84,4782700.0,86300219.0,250792562.0,0.019070342285510047,18.544,18.675,19.1345,20.876666666666665,38.62433848128551,5290830.85,21.201333333333334,True,True,20.74
2025-12-12,17.84,18.22,17.7,18.05,3918100.0,70758765.0,250792562.0,0.015622871622484562,18.422,18.579,19.022,20.7845,40.512820367389885,4860127.75,21.14383333333333,True,True,20.74
2025-12-15,18.05,18.19,17.78,17.98,3098700.0,55745674.0,250792562.0,0.012355629590003551,18.246000000000002,18.454,18.884,20.696,33.24022333369744,4575680.7,21.075166666666668,True,True,20.74
2025-12-16,17.81,17.97,17.1,17.39,5880027.0,102399529.0,250792562.0,0.02344577906580818,17.924,18.294999999999998,18.734,20.596333333333334,29.310344726516036,4618227.95,21.013166666666667,True,True,20.39
2025-12-17,17.31,17.68,17.18,17.67,4328000.0,75497832.0,250792562.0,0.017257290110541636,17.786,18.207,18.616,20.49366666666667,33.56481470603997,4593040.45,20.944666666666667,True,True,20.03
2025-12-18,17.55,18.03,17.5,17.73,3757915.0,66945393.0,250792562.0,0.014984156507799462,17.764000000000003,18.154000000000003,18.520000000000003,20.393500000000003,35.11627895543535,4531484.3,20.876666666666665,True,True,19.65
2025-12-19,17.7,18.01,17.7,17.84,3167900.0,56733505.0,250792562.0,0.01263155483853624,17.722,18.072,18.477,20.2715,33.412887716520174,4352099.3,20.7845,True,True,19.23
2025-12-22,17.86,18.23,17.79,18.13,3859571.0,69954500.0,250792562.0,0.015389495482724882,17.752000000000002,17.999000000000002,18.444,20.152833333333334,39.952718543891685,4322294.4,20.696,True,True,19.23
2025-12-23,18.07,19.94,18.0,19.94,17956997.0,346151124.0,250792562.0,0.0716009950885226,18.262,18.093,18.482,20.06883333333333,62.38859164466306,4943699.25,20.596333333333334,True,True,19.23
2025-12-24,19.5,19.9,19.24,19.78,24852746.0,487499455.0,250792562.0,0.09909682249667356,18.684,18.235,18.517500000000002,19.991666666666667,63.86861297551813,5983306.55,20.49366666666667,False,True,19.94
2025-12-25,19.8,20.14,19.6,20.0,17253769.0,343206786.0,250792562.0,0.06879697253541354,19.137999999999998,18.451,18.563000000000002,19.924666666666667,62.64150926849412,6641410.65,20.393500000000003,False,False,19.94
2025-12-26,19.9,20.41,19.65,20.12,18793606.0,376355261.0,250792562.0,0.07493685558346025,19.594,18.658,18.6185,19.858666666666668,62.06896535077289,7388305.95,20.2715,False,False,20.0
2025-12-29,21.0,21.62,20.29,20.73,32245209.0,673005485.0,250792562.0,0.1285732269842995,20.113999999999997,18.933,18.6935,19.820833333333333,65.20210880266617,8787761.6,20.152833333333334,False,False,20.12
2025-12-30,20.31,20.93,20.27,20.48,19985355.0,410993695.0,250792562.0,0.07968878678307852,20.222,19.242,18.7685,19.77583333333333,69.99999981509436,9605486.5,20.06883333333333,False,False,20.73
2025-12-31,20.4,20.72,20.04,20.04,12271240.0,248704606.0,250196612.0,0.04904638756659103,20.274,19.479,18.843,19.7165,71.07279674424919,9996012.8,19.991666666666667,False,False,20.73
2026-01-05,19.92,20.18,19.85,20.07,11186337.0,223846942.0,250196612.0,0.04471018576382641,20.288,19.713,18.933500000000002,19.66433333333333,70.03968234512786,10326089.65,19.924666666666667,False,False,20.73
2026-01-06,20.0,20.49,19.9,20.27,12139655.0,244712329.0,250196612.0,0.04852046118034564,20.318,19.956,19.014000000000003,19.628833333333333,72.1470017388669,10725732.4,19.858666666666668,False,False,20.73
2026-01-07,20.21,20.24,19.95,20.02,8603947.0,172640817.0,250196612.0,0.034388743041812254,20.176000000000002,20.145,19.072,19.59783333333333,77.22567265400424,10892334.75,19.820833333333333,False,False,20.73
2026-01-08,20.1,22.02,20.08,22.02,26126608.0,566732598.0,250196612.0,0.10442430771204847,20.484,20.353,19.223000000000003,19.607333333333333,83.20610669238388,11984178.45,19.77583333333333,False,False,20.73
2026-01-09,21.5,21.74,20.9,21.74,34484267.0,738031243.0,250196612.0,0.1378286729158427,20.823999999999998,20.549,19.392,19.612333333333332,79.61595256800243,13434632.45,19.7165,False,False,22.02
2026-01-12,22.0,22.36,21.59,22.2,25966916.0,572430634.0,250196612.0,0.10378604167509671,21.25,20.769,19.610000000000003,19.630666666666666,80.61797736957138,14493843.25,19.66433333333333,False,False,22.02
2026-01-13,21.76,22.13,21.31,21.38,16316347.0,353324826.0,250196612.0,0.06521410050108913,21.471999999999998,20.895,19.776500000000002,19.66416666666667,71.24182993498226,15113755.6,19.628833333333333,False,False,22.2
2026-01-14,21.38,22.57,21.16,21.98,22359433.0,485788965.0,250196612.0,0.08936744914835218,21.863999999999997,21.02,19.976499999999998,19.698,65.83850917364298,16076792.25,19.59783333333333,False,False,22.2
2026-01-15,21.9,22.56,21.34,21.62,15400679.0,335411490.0,250196612.0,0.06155430673857406,21.784,21.133999999999997,20.188,19.721666666666668,63.85542155211205,16552824.85,19.607333333333333,False,False,22.2
2026-01-16,21.63,21.87,21.22,21.78,12925407.0,279030358.0,250196612.0,0.051660999310414325,21.792,21.308,20.3935,19.749666666666666,63.525835731100045,16982695.2,19.612333333333332,False,False,22.2
2026-01-19,22.0,22.19,21.73,22.07,13429318.0,294969279.0,250196612.0,0.05367505935691887,21.766,21.508000000000003,20.6105,19.781000000000002,64.44444431078188,17466265.35,19.630666666666666,False,False,22.2
2026-01-20,22.06,22.3,21.41,21.71,9640041.0,209410227.0,250196612.0,0.03852986226687994,21.832,21.651999999999997,20.804,19.8055,57.53846141453255,17789872.4,19.66416666666667,False,False,22.2
2026-01-21,21.43,21.94,21.21,21.93,9485326.0,206119473.0,250196612.0,0.03791148858562481,21.822,21.843,20.994,19.83083333333333,61.20556400975611,18071160.15,19.698,False,False,22.2
2026-01-22,21.84,22.02,21.54,21.76,7652905.0,166632361.0,250196612.0,0.030587564471096836,21.85,21.817,21.085,19.853,63.870967597710745,17555955.55,19.721666666666668,False,False,22.2
2026-01-23,21.62,21.99,21.5,21.75,11062440.0,240807670.0,250196612.0,0.044214987211737306,21.844,21.818,21.1835,19.879166666666666,63.59223286564866,16866440.25,19.749666666666666,False,False,22.2
2026-01-26,21.76,22.38,21.35,22.19,15457549.0,338937742.0,250196612.0,0.061781607977968944,21.868000000000002,21.817,21.293,19.922,64.95327088639475,16776629.25,19.781000000000002,False,False,22.2
2026-01-27,22.13,22.13,19.97,20.19,23846378.0,486681266.0,250196612.0,0.09531055520448055,21.564,21.698,21.296499999999998,19.925166666666666,51.040391589404486,17029267.85,19.8055,False,False,22.2
2026-01-28,19.48,19.55,18.56,18.56,20658031.0,392234943.0,250196612.0,0.08256718919918868,20.89,21.356,21.188,19.89766666666667,27.820512770578574,16449908.95,19.83083333333333,True,False,22.2
2026-01-29,18.5,18.79,18.0,18.11,11048726.0,203129910.0,250196612.0,0.044160174319226995,20.16,21.005000000000003,21.069499999999998,19.8625,27.227101583289922,16003077.5,19.853,True,True,22.2
2026-01-30,18.0,18.18,17.74,18.18,6803067.0,122591644.0,250196612.0,0.027190883783829976,19.446,20.645000000000003,20.976499999999998,19.82633333333333,23.482849560849616,15729668.85,19.879166666666666,True,True,22.2
2026-02-02,17.99,18.15,17.6,17.71,5373238.0,96209599.0,250196612.0,0.021476062193839778,18.55,20.209,20.8585,19.7755,24.61964033960237,15439013.9,19.922,True,True,22.2
2026-02-03,17.73,18.2,17.73,18.0,5594622.0,100355463.0,250196612.0,0.022360902313097668,18.112000000000002,19.838,20.744999999999997,19.7305,21.24277452349726,15111762.25,19.925166666666666,True,True,22.2
2026-02-04,18.05,18.4,18.0,18.35,6203432.0,113103156.0,250196612.0,0.024794228628483586,18.07,19.48,20.6615,19.698999999999998,26.338639599313908,14991736.5,19.89766666666667,True,True,22.2
2026-02-05,18.27,18.3,17.9,17.92,4729266.0,85281679.0,250196612.0,0.018902198403869672,18.032000000000004,19.096,20.4565,19.663166666666665,23.119777113694028,13921869.4,19.8625,True,True,22.2
2026-02-06,17.91,18.08,17.75,17.8,5473489.0,97969221.0,250196612.0,0.021876751072872243,17.956,18.701,20.259500000000003,19.630999999999997,19.54350923343665,12471330.5,19.82633333333333,True,True,22.2
2026-02-09,18.0,18.65,18.0,18.34,7912653.0,144573262.0,250196612.0,0.031625740000028456,18.082,18.316,20.066499999999998,19.603666666666665,26.56467310543735,11568617.35,19.7755,True,True,22.2
2026-02-10,18.36,19.13,18.32,18.66,8440350.0,158412688.0,250196612.0,0.033734869279524855,18.214000000000002,18.163,19.930500000000002,19.57633333333333,27.572016407954976,11174817.5,19.7305,True,True,22.19
2026-02-11,18.52,18.74,18.3,18.3,6116900.0,112977675.0,250196612.0,0.024448372626244837,18.204,18.137,19.7465,19.535666666666664,26.871657703716153,10362690.85,19.698999999999998,True,True,22.19
2026-02-12,18.34,19.06,18.34,18.95,9994135.0,188375616.0,250196612.0,0.03994512523614828,18.41,18.221,19.613000000000003,19.511666666666667,32.758620633174786,10092363.65,19.663166666666665,True,True,22.19
2026-02-13,19.36,20.85,19.32,20.85,22788220.0,465140131.0,250196612.0,0.09108124933362408,19.02,18.488,19.566499999999998,19.525333333333332,43.006262985168306,10585504.3,19.630999999999997,True,True,22.19
2026-02-24,20.65,20.65,19.98,20.37,24455694.0,497891804.0,250196612.0,0.09774590392934657,19.426,18.753999999999998,19.4815,19.537333333333333,51.11662522138552,11136823.1,19.603666666666665,False,True,22.19
2026-02-25,22.22,22.41,20.87,20.88,44206866.0,958803351.0,250196612.0,0.1766885076765148,19.869999999999997,19.041999999999998,19.44,19.573666666666668,66.7146972717571,12865164.35,19.57633333333333,False,False,22.19
2026-02-26,22.37,22.97,21.58,22.97,34512201.0,786370553.0,250196612.0,0.1379403211103434,20.804000000000002,19.503999999999998,19.492,19.643333333333334,78.32167819388071,14116508.1,19.535666666666664,False,False,22.19
2026-02-27,25.27,25.27,25.27,25.27,10533350.0,266177755.0,250196612.0,0.04210029031088559,22.068,20.239,19.6675,19.744833333333336,82.79370942098873,14260530.35,19.511666666666667,False,False,22.97
2026-03-02,26.85,27.8,26.5,27.8,23884951.0,650418158.0,250196612.0,0.09546472595720042,23.458000000000002,21.238999999999997,19.970000000000002,19.890333333333334,89.19968910265769,14901655.9,19.525333333333332,False,False,25.27
2026-03-03,29.0,30.58,27.21,28.99,100766658.0,2916724145.0,250196612.0,0.40274989015438784,25.182,22.304,20.310000000000002,20.055333333333337,89.9055917749689,19167111.35,19.537333333333333,False,False,27.8
2026-03-04,28.87,29.56,27.5,28.21,71019048.0,2026194294.0,250196612.0,0.28385295641013714,26.648000000000003,23.259,20.711,20.208666666666666,84.71830977562985,21525744.85,19.573666666666668,False,False,28.99
2026-03-05,27.93,28.36,25.39,25.39,64096287.0,1693242783.0,250196612.0,0.2561836728628444,27.131999999999998,23.967999999999996,21.052500000000002,20.311333333333334,72.51356232578723,23697657.65,19.643333333333334,False,False,28.99
2026-03-06,24.96,27.93,24.63,27.93,82358605.0,2235600156.0,250196612.0,0.329175540554482,27.663999999999998,24.866,21.5435,20.460500000000003,76.64387159005712,27263151.6,19.744833333333336,False,False,28.99
2026-03-09,26.0,27.25,25.14,26.66,67542741.0,1747717460.0,250196612.0,0.2699586555552559,27.436,25.447,21.9675,20.595666666666666,71.07396144908635,30300135.3,19.890333333333334,False,False,28.99
2026-03-10,26.5,27.5,26.27,26.93,53125318.0,1428249401.0,250196612.0,0.21233428212848862,27.024,26.102999999999998,22.428500000000003,20.740166666666664,71.00050782153342,32687739.3,20.055333333333337,False,False,28.99
2026-03-11,27.02,27.72,26.05,26.42,53148786.0,1433666834.0,250196612.0,0.2124280803610562,26.665999999999997,26.657,22.8495,20.869500000000002,70.46370962769699,35065447.5,20.208666666666666,False,False,28.99
2026-03-12,26.21,26.75,24.63,24.94,40544291.0,1029538928.0,250196612.0,0.16204972032155254,26.576,26.854000000000003,23.179,20.970833333333335,64.48959840818316,36782490.45,20.311333333333334,False,False,28.99
2026-03-13,24.49,24.54,23.25,23.37,28022377.0,667728826.0,250196612.0,0.11200142470354475,25.663999999999998,26.663999999999998,23.4515,21.043666666666663,56.19469022680798,37947146.0,20.460500000000003,False,False,28.99
2026-03-16,23.37,24.69,22.76,24.1,33485574.0,791866650.0,250196612.0,0.13383704012746583,25.152000000000005,26.294,23.7665,21.139333333333337,59.05779500598305,39347750.25,20.595666666666666,True,False,28.99
2026-03-17,24.07,24.23,22.6,22.69,23219170.0,536615966.0,250196612.0,0.09280369471989493,24.304000000000002,25.663999999999998,23.984,21.220166666666668,54.21126101633516,40113076.1,20.740166666666664,False,True,28.99
2026-03-18,23.09,23.7,22.82,23.61,20947586.0,488720528.0,250196612.0,0.08372449903518278,23.742,25.204,24.2315,21.312833333333334,51.57480311407248,40738437.9,20.869500000000002,True,False,28.99
2026-03-19,23.01,24.8,22.95,23.48,24510757.0,583735075.0,250196612.0,0.09796598284872059,23.45,25.013,24.490500000000004,21.4045,45.06887048865211,41658130.75,20.970833333333335,True,True,28.99
2026-03-20,24.01,24.13,22.39,22.46,27713832.0,640101039.0,250196612.0,0.11076821455919635,23.268,24.466,24.666,21.489,33.95432689450956,42544115.6,21.043666666666663,True,True,28.99
2026-03-23,22.0,23.34,21.83,22.11,28057279.0,632758107.0,250196612.0,0.11214092299539212,22.87,24.011000000000003,24.729000000000003,21.563,28.227848076253792,42807568.55,21.139333333333337,True,True,28.99
2026-03-24,22.55,22.88,21.5,22.45,22516086.0,498942272.0,250196612.0,0.08999356873785325,22.822,23.563,24.833000000000002,21.641666666666666,31.249999971516914,42710588.15,21.220166666666668,True,True,28.99
2026-03-25,21.93,22.07,20.92,21.28,34418270.0,739223769.0,250196612.0,0.1375648923655289,22.356,23.049,24.853,21.699,35.010940883285684,42221158.35,21.312833333333334,True,True,28.99
2026-03-26,21.03,21.76,20.5,20.65,19696652.0,413842493.0,250196612.0,0.07872469512097151,21.79,22.619999999999997,24.737000000000002,21.741,19.152542350157987,41480380.9,21.4045,True,True,28.99
2026-03-27,20.36,21.75,20.1,21.5,20651627.0,427658991.0,250196612.0,0.0825415933290096,21.598,22.433,24.5485,21.767000000000003,27.328646715061424,41986294.75,21.489,True,True,28.99
2026-03-30,20.55,21.31,20.1,21.04,23592776.0,487526637.0,250196612.0,0.09429694435670456,21.384,22.127,24.2105,21.788,24.54624024687577,41971686.0,21.563,True,True,28.99
2026-03-31,20.95,22.0,20.45,20.81,18414775.0,389215218.0,250196612.0,0.0736012164705092,21.056,21.939,23.801499999999997,21.801499999999997,25.155004397504868,37854091.85,21.641666666666666,True,True,28.99
2026-04-01,21.31,21.73,21.12,21.33,14924180.0,319415221.0,250196612.0,0.059649808527383254,21.065999999999995,21.711000000000002,23.4575,21.821666666666665,32.526621446720924,35049348.45,21.699,True,True,28.21
2026-04-02,21.13,21.2,20.33,20.54,11864862.0,245250164.0,250196612.0,0.04742215294266255,21.044,21.416999999999998,23.215,21.818499999999997,35.183246021720876,32437777.2,21.741,True,True,27.93
2026-04-03,20.74,21.39,20.38,20.67,16280442.0,339342931.0,250196612.0,0.06507059336199165,20.878,21.238,22.852,21.821666666666665,30.837988778577454,29133869.05,21.767000000000003,True,True,27.93
2026-04-07,20.51,22.5,20.51,21.5,26046620.0,567209862.0,250196612.0,0.10410460713992402,20.97,21.177,22.594,21.846,42.891278303407645,27059063.0,21.788,True,True,26.93
2026-04-08,22.5,22.82,21.99,22.73,22626887.0,507700933.0,250196612.0,0.09043642445486032,21.354,21.205000000000002,22.384,21.890333333333334,44.93087550356772,25534141.45,21.801499999999997,True,True,26.93
2026-04-09,22.81,25.0,22.7,25.0,24755679.0,600180819.0,250196612.0,0.09894490098051367,22.088,21.577,22.313000000000002,21.96916666666667,57.02402950107796,24114486.1,21.821666666666665,False,True,26.42
2026-04-10,24.86,24.86,23.51,23.65,43323787.0,1033807998.0,250196612.0,0.17315896747634615,22.71,21.877000000000002,22.2485,22.02966666666667,55.336322800474555,24253460.9,21.818499999999997,False,False,25.0
2026-04-13,23.24,24.7,23.21,24.06,31319555.0,757004738.0,250196612.0,0.12517977261818397,23.387999999999998,22.133,22.283,22.063666666666666,58.69759136291111,24418319.8,21.821666666666665,False,False,25.0
2026-04-14,24.34,24.48,23.8,24.35,25579936.0,618785988.0,250196612.0,0.10223933807704798,23.958,22.464000000000002,22.295499999999997,22.107166666666668,58.51254472946455,24023037.9,21.846,False,False,25.0
2026-04-15,24.3,25.1,24.0,24.46,28591333.0,701336523.0,250196612.0,0.11427546029280365,24.304,22.829,22.384,22.144833333333334,65.7425741662974,24291646.05,21.890333333333334,False,False,25.0
2026-04-16,24.43,25.17,24.27,24.78,24807805.0,613258088.0,250196612.0,0.09915324113181836,24.259999999999998,23.174,22.4425,22.2015,71.0929518901633,24484657.0,21.96916666666667,False,False,25.0
2026-04-17,24.84,25.88,24.84,25.44,37087615.0,945494799.0,250196612.0,0.14823388176015748,24.618000000000002,23.664,22.5405,22.259166666666665,70.52083323049045,25113499.9,22.02966666666667,False,False,25.0
2026-04-20,27.98,27.98,27.98,27.98,9453450.0,264507531.0,250196612.0,0.0377840847820913,25.402,24.395000000000003,22.816499999999998,22.365166666666667,79.70890401404755,24200480.8,22.063666666666666,False,False,25.44
2026-04-21,27.5,27.9,26.08,26.68,49576930.0,1318933787.0,250196612.0,0.1981518838472521,25.868000000000002,24.913,23.044999999999998,22.446833333333338,73.01960776295886,25276463.35,22.107166666666668,False,False,27.98
2026-04-22,26.69,27.06,25.5,26.63,35056695.0,925403002.0,250196612.0,0.14011658559149473,26.302,25.303,23.253999999999998,22.52283333333333,71.57980447865494,25903493.8,22.144833333333334,False,False,27.98
2026-04-23,26.01,26.62,25.73,26.07,23944432.0,626680398.0,250196612.0,0.09570246298938692,26.560000000000002,25.41,23.4935,22.5955,72.9460580065357,25379801.9,22.2015,False,False,27.98
2026-04-24,25.63,28.0,24.81,26.66,47123094.0,1253253840.0,250196612.0,0.18834425303888608,26.804000000000002,25.711000000000002,23.794,22.674333333333333,73.94084723939473,26751124.0,22.259166666666665,False,False,27.98
2026-04-27,26.7,27.57,25.66,26.72,39458367.0,1056976610.0,250196612.0,0.1577094377281176,26.552,25.976999999999997,24.055,22.757,72.23168645560105,27691461.0,22.365166666666667,False,False,27.98
2026-04-28,26.4,26.91,25.58,25.75,28956214.0,755817566.0,250196612.0,0.11573383735507978,26.365999999999996,26.117,24.2905,22.823666666666668,63.153310027513385,27959632.9,22.446833333333338,False,False,27.98
2026-04-29,25.36,26.3,25.36,25.96,21334437.0,553861938.0,250196612.0,0.08527068703871978,26.232,26.267000000000003,24.548000000000002,22.8865,55.09554131939091,28105616.0,22.52283333333333,False,False,27.98
2026-04-30,26.49,26.88,25.78,26.58,22214770.0,588368941.0,250196612.0,0.088789251870445,26.334000000000003,26.446999999999996,24.810499999999998,22.993,66.85845788998637,28470145.5,22.5955,False,False,27.98
2026-05-06,27.87,28.6,27.01,27.79,31972624.0,890702829.0,250196612.0,0.12778999581337255,26.560000000000002,26.682,25.173000000000002,23.146833333333333,69.6522654399229,29475533.6,22.674333333333333,False,False,27.98
2026-05-07,27.92,28.44,27.52,27.89,27170344.0,759006992.0,250196612.0,0.10859597091586516,26.794,26.673000000000002,25.534,23.309833333333337,69.03225796059661,30020028.7,22.757,False,False,27.98
2026-05-08,27.66,28.05,27.15,27.56,18420072.0,509025975.0,250196612.0,0.07362238782034347,27.156,26.761000000000003,25.837,23.466166666666666,66.28151250756919,29638701.3,22.823666666666668,False,False,27.98
2026-05-11,27.72,27.97,26.9,27.78,21761038.0,599086277.0,250196612.0,0.08697575009528906,27.52,26.875999999999998,26.089499999999997,23.634,65.92356678100532,29595408.85,22.8865,False,False,27.98
2026-05-12,27.35,28.0,26.64,27.21,21074716.0,573134781.0,250196612.0,0.08423261942491851,27.645999999999997,26.99,26.2,23.7875,59.485530457363616,29411360.7,22.993,False,False,27.98
2026-05-13,27.3,29.93,27.09,29.93,26323184.0,764523863.0,250196612.0,0.1052099938107875,28.074,27.317,26.514,23.980500000000003,60.25236584189977,28561330.55,23.146833333333333,False,False,27.98
2026-05-14,28.58,29.18,26.94,28.15,53993290.0,1495989133.0,250196612.0,0.21580344181479164,28.125999999999998,27.46,26.7185,24.151,57.357357276976664,29695017.3,23.309833333333337,False,False,29.93
2026-05-15,27.56,28.3,25.8,26.16,31515712.0,847739349.0,250196612.0,0.12596378403397404,27.846000000000004,27.500999999999998,26.808999999999997,24.290333333333333,48.03017597045914,29991806.1,23.466166666666666,False,False,29.93
2026-05-18,25.95,26.8,25.73,25.79,23720876.0,622847669.0,250196612.0,0.09480894169741995,27.448,27.483999999999998,26.8755,24.414499999999997,48.807495682853066,29748283.25,23.634,True,False,29.93
2026-05-19,25.5,27.8,24.86,27.31,26662935.0,706020508.0,250196612.0,0.10656792986469377,27.468,27.557,27.002,24.558666666666667,52.56511438548448,29841039.75,23.7875,True,True,29.93
2026-05-20,27.15,28.2,26.67,26.98,16214930.0,439822388.0,250196612.0,0.0648087512871677,26.877999999999997,27.476,27.078999999999997,24.703333333333333,51.00463672997954,28797405.5,23.980500000000003,False,True,29.93
2026-05-21,27.01,27.18,25.11,25.22,14673870.0,383326464.0,250196612.0,0.05864935533179802,26.291999999999994,27.209000000000003,26.940999999999995,24.807833333333335,48.069919834451646,29058426.5,24.151,True,False,29.93
2026-05-22,25.36,26.17,25.27,26.14,10580226.0,273918491.0,250196612.0,0.042287646964619965,26.288,27.067,26.913999999999998,24.896,50.62326864898022,27108591.3,24.290333333333333,True,True,29.93
2026-05-25,26.28,27.8,26.24,26.8,14364600.0,386391287.0,250196612.0,0.05741324746635658,26.490000000000002,26.969,26.922500000000003,25.00316666666667,50.759668459210275,26073986.55,24.414499999999997,True,True,29.93
2026-05-26,26.5,26.81,24.55,24.79,18509233.0,467071689.0,250196612.0,0.07397875155879409,25.986,26.726999999999997,26.8585,25.06833333333333,40.18324603648133,25802226.6,24.558666666666667,True,True,29.93
2026-05-27,24.69,24.76,23.29,23.44,15167603.0,362516296.0,250196612.0,0.06062273537101294,25.278,26.077999999999996,26.697499999999998,25.076166666666666,36.53962489343287,24204452.05,24.703333333333333,True,True,29.93
2026-05-28,23.44,24.37,23.11,24.13,12748346.0,304083951.0,250196612.0,0.05095331186978663,25.06,25.676,26.568,25.057166666666664,39.8460627260009,22868951.0,24.807833333333335,True,True,29.93
2026-05-29,24.01,24.18,22.19,22.44,12275604.0,280554021.0,250196612.0,0.0490638298491428,24.32,25.304,26.402499999999996,24.96783333333333,35.457516312831956,22034920.5,24.896,True,True,29.93
2026-06-01,22.45,23.1,22.01,22.66,11208171.0,254452012.0,250196612.0,0.04479745313257879,23.492,24.991,26.2375,24.862333333333332,37.36812878827575,21528607.2,25.00316666666667,True,True,29.93
2026-06-02,22.5,22.86,21.89,22.55,10695947.0,240587762.0,250196612.0,0.042750167216492926,23.044,24.514999999999997,26.036,24.767999999999997,26.03896101528926,20952666.05,25.06833333333333,True,True,29.93
2026-06-03,22.45,24.29,22.4,22.77,16869300.0,392689635.0,250196612.0,0.06742417439289705,22.91,24.094,25.785000000000004,24.724333333333334,30.56358378411197,20197499.85,25.076166666666666,True,True,29.93
2026-06-04,22.5,23.64,22.22,22.82,12314350.0,283689542.0,250196612.0,0.049218692058068315,22.648000000000003,23.854,25.5315,24.639166666666664,35.966386512308446,19454700.15,25.057166666666664,True,True,29.93
2026-06-05,22.52,23.32,21.97,22.91,13913596.0,314917789.0,250196612.0,0.05561064911622384,22.742,23.531,25.299,24.576666666666664,37.607573104431495,19229376.35,24.96783333333333,True,True,29.93
2026-06-08,22.1,22.26,20.62,20.94,17484431.0,374159954.0,250196612.0,0.06988276483935761,22.398,22.945,24.957,24.476833333333335,23.612261778743033,19015546.0,24.862333333333332,True,True,29.93
2026-06-09,21.26,21.6,20.93,21.6,12511292.0,266396859.0,250196612.0,0.050005841006352234,22.208000000000002,22.626,24.676499999999997,24.3965,28.306451580944326,18587374.8,24.767999999999997,True,True,29.93
2026-06-10,22.06,23.76,21.09,22.43,42901825.0,957771738.0,250196612.0,0.17147244583791565,22.14,22.525,24.3015,24.354666666666667,37.8378377916539,19416306.85,24.724333333333334,True,True,29.93
2026-06-11,21.78,21.87,20.97,21.27,30779721.0,655899857.0,250196612.0,0.12302213348916172,21.830000000000002,22.238999999999997,23.9575,24.319666666666667,29.205806967644605,18255628.4,24.639166666666664,True,True,28.15
2026-06-12,21.51,21.95,21.13,21.19,19116605.0,410799589.0,250196612.0,0.07640633039427408,21.486,22.113999999999997,23.709,24.271166666666666,24.797843634575912,17635673.05,24.576666666666664,True,True,27.31
2026-06-15,21.25,21.98,21.21,21.96,16998113.0,367698505.0,250196612.0,0.06793902149242532,21.69,22.044,23.517500000000002,24.259000000000004,35.69261875635017,17299534.9,24.476833333333335,True,True,27.31
2026-06-16,21.9,22.55,21.62,22.32,12279095.0,271832727.0,250196612.0,0.04907778287581288,21.834,22.020999999999997,23.268,24.2375,43.707865099785366,16580342.9,24.3965,True,True,27.31
2026-06-17,22.05,22.65,21.9,22.14,12740497.0,283448440.0,250196612.0,0.05092194054170486,21.776000000000003,21.958000000000002,23.026,24.215166666666665,38.14064355971764,16406621.25,24.354666666666667,True,True,26.98
2026-06-18,22.12,22.7,21.95,22.19,12830132.0,285983510.0,250196612.0,0.051280198790221825,21.96,21.895000000000003,22.8745,24.210666666666665,48.14814804828532,16314434.35,24.319666666666667,True,True,26.8
2026-06-22,22.09,22.55,20.79,21.58,16960993.0,364116776.0,250196612.0,0.06779065817246159,22.038,21.762,22.6465,24.201833333333333,42.436974706706195,16633472.7,24.271166666666666,True,True,26.8
2026-06-23,21.5,21.68,20.74,21.14,12613399.0,267254459.0,250196612.0,0.050413948051382884,21.874000000000002,21.782,22.363500000000002,24.18,40.56224891996364,16545912.65,24.259000000000004,True,True,26.8
2026-06-24,20.96,21.5,20.7,21.15,10726244.0,225802464.0,250196612.0,0.04287125998332863,21.639999999999997,21.737000000000002,22.1815,24.177833333333336,38.84297513170774,16156763.2,24.2375,True,True,24.79
2026-06-25,21.14,21.14,20.3,20.41,12282052.0,252657214.0,250196612.0,0.049089601581015815,21.294,21.535,22.03,24.17383333333333,34.84276723423913,16012485.65,24.215166666666665,True,True,24.13
2026-06-26,20.17,20.38,19.44,19.48,12285197.0,243538465.0,250196612.0,0.049102171695274595,20.752,21.356,21.7975,24.140166666666666,30.489192215375567,15989328.2,24.210666666666665,True,True,24.13
2026-06-29,19.28,20.93,19.21,19.9,14544500.0,294253865.0,250196612.0,0.05813228198309896,20.416,21.227,21.6705,24.121166666666667,42.817679475214405,16102773.0,24.201833333333333,True,True,22.91
2026-06-30,19.9,21.69,19.71,21.47,15118442.0,316979086.0,250196612.0,0.06042624589976462,20.482,21.178,21.610999999999997,24.132166666666667,49.20245390321049,16298286.55,24.18,True,True,22.91
2026-07-01,21.79,23.1,21.66,21.85,15325640.0,341798573.0,250196612.0,0.061254386610159216,20.621999999999996,21.131,21.576,24.140833333333333,46.23376614970485,16529771.2,24.177833333333336,True,True,22.91
2026-07-02,21.93,23.67,21.75,22.34,21305585.0,484248125.0,250196612.0,0.08515536972978675,21.008,21.151,21.554499999999997,24.170833333333334,57.61024170603936,16751585.45,24.17383333333333,False,True,22.91
2026-07-03,22.55,24.57,22.47,23.53,32298519.0,762448615.0,250196612.0,0.12909255142111997,21.818,21.285,21.59,24.218500000000002,64.37346426274834,17750793.9,24.140166666666666,False,False,22.91
2026-07-06,23.24,24.89,22.97,23.97,27126194.0,646978970.0,250196612.0,0.10841950969344061,22.631999999999998,21.523999999999997,21.643,24.259666666666664,62.868117684999525,18411423.8,24.121166666666667,False,False,23.53
2026-07-07,23.8,24.47,22.8,22.84,20260983.0,472711261.0,250196612.0,0.08098024524808513,22.906,21.694,21.738000000000003,24.2615,53.030302943773385,18550251.4,24.132166666666667,False,False,23.97
2026-07-08,23.25,23.98,22.83,23.0,17521524.0,408835829.0,250196612.0,0.070031020244191,23.136000000000003,21.878999999999998,21.808,24.228166666666667,55.02336439598982,18800763.0,24.140833333333333,False,False,23.97
2026-07-09,22.85,23.39,22.2,23.3,17976502.0,409655010.0,250196612.0,0.07184950210277027,23.328,22.168,21.851499999999998,24.22233333333333,56.29965938840009,17554496.85,24.170833333333334,False,False,23.97
2026-07-10,23.31,24.19,22.98,23.3,18798383.0,446448973.0,250196612.0,0.07513444266783277,23.282,22.55,21.953,24.209666666666667,60.48780477477695,16955429.95,24.218500000000002,False,False,23.97
2026-07-13,23.19,23.88,21.77,22.04,14700219.0,333739180.0,250196612.0,0.05875466850846086,22.896,22.764,21.9955,24.171166666666668,54.988913440150235,16734610.65,24.259666666666664,False,False,23.97
2026-07-14,21.91,22.66,20.19,21.07,14846782.0,313646509.0,250196612.0,0.05934045981406015,22.542,22.724,21.951,24.11466666666667,49.59919832721556,16627044.1,24.2615,False,False,23.97
2026-07-15,20.82,21.39,20.21,20.5,11265470.0,232624514.0,250196612.0,0.04502646902348942,22.042,22.589000000000002,21.86,24.043333333333337,50.45871552431987,16576362.85,24.228166666666667,True,False,23.97
2026-07-16,20.08,21.21,19.82,20.44,11773400.0,241866241.0,250196612.0,0.04705659243699111,21.470000000000002,22.399,21.775,23.959999999999997,55.369127430070726,16528008.0,24.22233333333333,True,True,23.97
2026-07-17,20.2,20.4,18.4,18.4,13643400.0,260313047.0,250196612.0,0.05453071442869898,20.490000000000002,21.886000000000003,21.5855,23.800333333333334,42.897727215855284,16568671.4,24.209666666666667,True,True,23.97
2026-07-20,18.17,18.42,16.56,16.56,18768281.0,327305548.0,250196612.0,0.07501412928804967,19.394,21.145,21.3345,23.631666666666664,27.33148657593344,16659035.8,24.171166666666668,True,True,23.97
2026-07-21,16.76,17.45,14.9,17.41,20358957.0,328556811.0,250196612.0,0.0813718332844571,18.662,20.602,21.148,23.478,30.353982263278255,17046313.7,24.11466666666667,True,True,23.97
2026-07-22,17.07,18.59,16.9,17.87,19106257.0,340358198.0,250196612.0,0.07636497092134885,18.136000000000003,20.089,20.984,23.341333333333335,30.168589137323863,17465314.35,24.043333333333337,True,True,23.97
2026-07-23,17.7,18.2,17.35,17.6,11565769.0,205000447.0,250196612.0,0.046226721087654056,17.568,19.519,20.8435,23.190333333333335,21.352656975948108,17429500.2,23.959999999999997,True,True,23.97
2026-07-24,17.35,17.69,16.81,16.87,8434000.0,144199740.0,250196612.0,0.03370948923960649,17.262,18.876,20.713,23.026166666666665,16.63533832397607,17236940.35,23.800333333333334,True,True,23.97
2026-07-27,16.62,17.2,16.49,17.2,9183199.0,154164896.0,250196612.0,0.036703930267449024,17.39,18.392000000000003,20.578,22.883666666666667,21.341463384270284,16968875.3,23.631666666666664,True,True,23.97
2026-07-28,16.9,17.17,16.33,16.39,9775657.0,163199734.0,250196612.0,0.03907189998240264,17.186,17.924,20.324,22.72416666666667,18.493803597815713,16701736.05,23.478,True,True,23.97
2026-07-29,16.39,16.49,15.47,15.84,11350024.0,179781422.0,250196612.0,0.045364419243215014,16.78,17.458,20.0235,22.545166666666667,15.270018602068888,16502955.25,23.341333333333335,True,True,23.97
2026-07-30,15.75,15.81,14.36,14.41,14015667.0,208321200.0,250196612.0,0.056018612274414015,16.142000000000003,16.855,19.627000000000002,22.322166666666668,13.475760050233305,16138459.35,23.190333333333335,True,True,23.97
2026-07-31,15.0,15.58,14.85,15.14,13814894.0,211191421.0,250196612.0,0.05521615136818879,15.796000000000001,16.529,19.2075,22.109666666666666,20.36082471777908,15214278.1,23.026166666666665,True,True,23.97
2026-08-03,15.16,15.44,14.94,15.15,10410890.0,157470690.0,250196612.0,0.04161083524184572,15.386000000000001,16.388,18.7665,21.902833333333334,22.284644165544492,14378512.9,22.883666666666667,True,True,23.97
2026-08-04,15.41,15.87,15.09,15.8,10370732.0,161230608.0,250196612.0,0.04145032947128796,15.268,16.226999999999997,18.414499999999997,21.703166666666668,28.159851264476032,13884000.35,22.72416666666667,True,True,23.3
2026-08-05,15.78,16.36,15.71,16.27,9293928.0,150143316.0,250196612.0,0.037146498210775133,15.354,16.067,18.078,21.520833333333332,31.333930130825877,13472620.55,22.545166666666667,True,True,23.3
2026-08-06,16.11,16.5,15.95,16.36,8392562.0,136330280.0,250196612.0,0.03354386749249826,15.744,15.943000000000001,17.731,21.294666666666664,38.9370932163645,12993423.55,22.322166666666668,True,True,23.3
2026-08-07,16.38,16.64,15.87,16.6,9210852.0,150949063.0,250196612.0,0.03681445534522266,16.036,15.916,17.396,21.10216666666667,50.26246709925533,12514047.0,22.109666666666666,True,True,23.3
