日期,开盘,最高,最低,收盘,成交量,amount,outstanding_share,turnover,MA5,MA10,MA20,MA60,RSI14,Vol_MA20,MA60_prev5,MA20_prev5,MA20_break_1,MA20_break_2,High_20,成交额估算,Amount_MA20
2021-04-12,36.12,36.61,35.7,36.19,805911.0,46538020.0,18340000.0,0.043942802617230096,35.636,34.898999999999994,35.594,35.04366666666667,42.19308693793762,766552.05,35.0955,35.92,False,True,37.51,29165919.09,27308181.726
2021-04-13,35.8,36.06,35.09,35.27,730700.0,41425919.0,18340000.0,0.03984187568157034,35.67999999999999,34.959,35.604499999999994,35.087999999999994,41.210710060890584,742426.0,35.03433333333334,35.823,False,False,37.51,25771789.000000004,26469994.763000004
2021-04-14,35.06,36.61,35.06,36.24,869722.0,49984320.0,18340000.0,0.04742213740458015,35.8,35.208000000000006,35.6455,35.15,50.96045189678574,749326.85,35.0135,35.7765,True,False,37.51,31518725.28,26750081.472
2021-04-15,36.19,36.44,35.82,36.24,743542.0,42968830.0,18340000.0,0.04054209378407852,35.996,35.44,35.6265,35.1975,57.52551010135751,742823.95,34.9795,35.724000000000004,False,True,37.51,26945962.080000002,26497817.976
2021-04-16,36.07,36.49,35.69,35.94,578400.0,33236246.0,18340000.0,0.03153762268266085,35.976,35.629,35.548,35.22383333333333,51.07816701952904,723718.55,35.00716666666666,35.6315,False,False,37.51,20787696.0,25735770.022
2021-04-19,35.83,36.09,35.09,35.8,699788.0,39764296.0,18340000.0,0.03815637949836423,35.897999999999996,35.767,35.4835,35.212,58.759689794940165,716142.95,35.04366666666667,35.594,False,False,37.5,25052410.4,25409654.692
2021-04-20,35.79,37.85,35.69,36.36,1394200.0,81702970.0,18340000.0,0.0760196292257361,36.116,35.898,35.4265,35.22133333333333,71.4285712643678,746747.7,35.087999999999994,35.604499999999994,False,False,37.5,50693112.0,26477863.417000003
2021-04-21,36.34,38.18,36.0,38.06,1960847.0,117713817.0,18340000.0,0.10691641221374046,36.480000000000004,36.14,35.4905,35.25566666666667,77.16535418893504,809055.05,35.15,35.6455,False,False,36.78,74629836.82000001,28895021.958000004
2021-04-22,35.03,35.03,34.26,34.26,2816091.0,154548854.0,18339800.0,0.1535508020807206,36.083999999999996,36.04,35.4,35.23583333333333,50.930026509032736,916839.6,35.1975,35.6265,False,False,38.06,96479277.66,32527954.441000003
2021-04-23,33.43,33.96,31.64,32.99,2403813.0,125626174.0,18339800.0,0.13107084046718068,35.494,35.735,35.296499999999995,35.2165,44.134536454644504,1010565.0,35.22383333333333,35.548,True,False,38.06,79301790.87,35565172.3195
2021-04-26,32.84,33.01,31.99,32.06,1180838.0,61244356.0,18339800.0,0.0643866345325467,34.746,35.322,35.1105,35.19983333333334,38.030424296843435,1048501.65,35.212,35.4835,True,True,38.06,37857666.28,36702909.788499996
2021-04-27,31.9,32.06,30.76,30.84,984800.0,49172888.0,18339800.0,0.05369742309076435,33.642,34.879,34.919,35.16616666666666,31.707317039336715,1060706.65,35.22133333333333,35.4265,True,True,38.06,30371232.0,36937467.9385
2021-04-28,30.68,31.57,30.53,31.36,605334.0,30146438.0,18339800.0,0.033006575862332195,32.302,34.391,34.7995,35.12533333333333,35.294117609795066,1045328.35,35.25566666666667,35.4905,True,True,38.06,18983274.24,36346112.9005
2021-04-29,31.23,31.3,30.75,30.79,492693.0,24336402.0,18339800.0,0.026864687728328552,31.607999999999997,33.846000000000004,34.643,35.083499999999994,29.885057439203777,1038788.0,35.23583333333333,35.4,True,True,38.06,15170017.469999999,36047157.774000004
2021-04-30,30.66,30.78,29.53,29.67,848818.0,40540098.0,18339800.0,0.04628283841699473,30.944,33.219,34.424,35.0375,26.747503539624475,1039678.65,35.2165,35.296499999999995,True,True,38.06,25184430.060000002,35891593.2645
2021-05-06,31.3,31.3,29.79,30.46,472800.0,22979231.0,18339800.0,0.025779997600846247,30.624000000000002,32.685,34.226,35.019999999999996,32.68538513624223,1031038.65,35.19983333333334,35.1105,True,True,38.06,14401488.0,35500590.0645
2021-05-07,30.46,30.46,29.61,29.98,370800.0,17750561.0,18339800.0,0.020218322991526625,30.451999999999998,32.047000000000004,33.972500000000004,34.9795,26.64179101694141,1018903.65,35.16616666666666,34.919,True,True,38.06,11116584.0,34981260.5145
2021-05-10,29.74,30.23,29.59,29.6,298314.0,14177567.0,18339800.0,0.016265935288280135,30.1,31.201,33.670500000000004,34.911500000000004,25.907111729847657,993184.35,35.12533333333333,34.7995,True,True,38.06,8830094.4,33974533.8345
2021-05-11,29.73,29.88,29.6,29.71,272700.0,12944909.0,18339800.0,0.014869300646680988,29.884000000000004,30.746000000000002,33.393,34.87383333333333,27.07873433560691,964459.35,35.083499999999994,34.643,True,True,38.06,8101917.0,32886016.084499996
2021-05-12,29.73,29.73,28.8,29.08,425791.0,19778304.0,18339800.0,0.02321677444683148,29.766,30.355,33.045,34.77233333333333,26.13636361037578,947795.1,35.0375,34.424,True,True,38.06,12382002.28,32137261.246500004
2021-05-13,29.09,29.25,28.41,28.47,518800.0,23775829.0,18339800.0,0.028288203797206077,29.368000000000002,29.996,32.659000000000006,34.64750000000001,22.080679383642646,933439.55,35.019999999999996,34.226,True,True,38.06,14770236.0,31417477.092
2021-05-14,28.47,28.86,28.35,28.81,288207.0,13210163.0,18339800.0,0.015714838765962552,29.133999999999997,29.793,32.336,34.578833333333336,13.782302255837706,911314.9,34.9795,33.972500000000004,True,True,38.06,8303243.67,30544049.8255
2021-05-17,28.8,29.17,28.52,29.02,406300.0,18715375.0,18339800.0,0.022154003860456493,29.018,29.559000000000005,31.975,34.483333333333334,21.45969495637955,888143.8,34.911500000000004,33.670500000000004,True,True,38.06,11790826.0,29557654.861500002
2021-05-18,29.04,29.57,28.92,29.55,421600.0,19768173.0,18339800.0,0.022988255051854437,28.986,29.434999999999995,31.640500000000003,34.406666666666666,29.620853031434606,872046.7,34.87383333333333,33.393,True,True,38.06,12458280.0,28833270.7575
2021-05-19,29.56,29.56,28.81,28.97,410509.0,19085372.0,18339800.0,0.02238350472742342,28.964,29.365000000000002,31.291999999999994,34.300333333333334,30.90234852501446,863652.15,34.77233333333333,33.045,True,True,38.06,11892445.73,28388508.244
2021-05-20,29.11,29.19,28.84,29.14,250293.0,11614948.0,18339800.0,0.013647531597945453,29.098000000000003,29.232999999999997,30.959000000000003,34.165499999999994,37.926136288215076,841177.4,34.64750000000001,32.659000000000006,True,True,38.06,7293538.0200000005,27500564.625
2021-05-21,29.17,29.4,29.08,29.12,210842.0,9826113.0,18339800.0,0.011496417627236938,29.160000000000004,29.147000000000002,30.597,34.04766666666667,32.87461766662928,782009.5,34.578833333333336,32.336,True,True,38.06,6139719.04,25272894.977
2021-05-24,29.39,29.99,29.21,29.74,446500.0,21136049.0,18339800.0,0.024345957971188343,29.304000000000002,29.161,30.181,33.952000000000005,42.03338382572573,706292.15,34.483333333333334,31.975,True,True,38.06,13278910.0,22205348.636
2021-05-25,29.74,29.88,29.3,29.62,367509.0,17320790.0,18339800.0,0.020038877196043577,29.318,29.151999999999997,29.948999999999995,33.852,49.55277268448321,583863.05,34.406666666666666,31.640500000000003,True,True,34.26,10885616.58,17925665.582000002
2021-05-26,29.62,29.93,29.44,29.93,367500.0,17491904.0,18339800.0,0.020038386460048636,29.51,29.237000000000002,29.796000000000003,33.787333333333336,44.81408989679113,482047.4,34.300333333333334,31.291999999999994,True,True,32.99,10999275.0,14510539.7885
2021-05-27,30.03,30.05,29.68,29.83,498409.0,23762848.0,18339800.0,0.027176359611337093,29.648000000000003,29.373,29.684499999999996,33.720166666666664,48.41437617805468,447925.95,34.165499999999994,30.959000000000003,False,True,32.06,14867540.469999999,13361033.498
2021-05-28,29.87,30.4,29.3,29.95,639260.0,21562829.0,25675720.0,0.02489745175597802,29.814,29.487000000000002,29.639999999999997,33.63516666666666,53.91498864545638,430648.95,34.04766666666667,30.597,False,False,31.36,19145837.0,12799763.748
2021-05-31,29.93,29.93,28.67,29.35,722000.0,23891002.0,25675720.0,0.028119951456083803,29.736,29.520000000000003,29.539499999999997,33.5365,46.3709676110497,436482.25,33.952000000000005,30.181,False,False,31.36,21190700.0,12910135.036
2021-06-01,29.28,29.47,28.9,29.4,426340.0,14124970.0,25675720.0,0.0166047923875163,29.692,29.505000000000003,29.47,33.419666666666664,53.65296786503618,433164.6,33.852,29.948999999999995,True,False,30.79,12534396.0,12778353.9625
2021-06-02,29.41,29.74,29.11,29.39,483020.0,16099586.0,25675720.0,0.018812325418722436,29.583999999999996,29.546999999999997,29.456,33.31166666666667,62.169311939055504,414874.7,33.787333333333336,29.796000000000003,True,True,30.46,14195957.8,12228930.349499999
2021-06-03,29.37,29.44,29.15,29.15,551067.0,18296386.0,25675720.0,0.021462572422506553,29.448,29.548000000000002,29.390499999999996,33.17883333333334,54.619565009599484,418788.05,33.720166666666664,29.684499999999996,True,True,30.46,16063603.049999999,12312036.102
2021-06-04,29.2,29.2,28.64,28.85,652926.0,21341869.0,25675720.0,0.025429705573981956,29.228,29.520999999999997,29.333999999999996,33.04316666666667,47.745357912881985,432894.35,33.63516666666666,29.639999999999997,True,True,29.98,18836915.1,12698052.657
2021-06-07,28.67,29.04,28.56,28.78,525567.0,17106981.0,25675720.0,0.02046941624227091,29.113999999999997,29.425,29.292999999999996,32.913333333333334,38.36857989813892,444257.0,33.5365,29.539499999999997,True,True,29.95,15125818.26,13012838.850000001
2021-06-08,28.75,28.88,28.24,28.28,803100.0,25832380.0,25675720.0,0.03127857758224502,28.890000000000004,29.290999999999997,29.221500000000002,32.7795,39.318885278493994,470777.0,33.419666666666664,29.47,True,True,29.95,22711668.0,13743326.4
2021-06-09,28.39,28.4,28.0,28.03,482983.0,15396346.0,25675720.0,0.018810884368578563,28.618000000000002,29.101,29.169,32.61516666666667,33.23262825823052,473636.6,33.31166666666667,29.456,True,True,29.95,13538013.49,13801126.960500002
2021-06-10,28.0,28.46,27.81,28.32,659053.0,21050606.0,25675720.0,0.02566833568834681,28.451999999999998,28.95,29.161499999999997,32.4715,38.82681549062134,480649.25,33.17883333333334,29.390499999999996,True,True,29.95,18664380.96,13995834.208500002
2021-06-11,28.47,29.43,28.42,28.77,847180.0,27698700.0,25675720.0,0.03299537461851119,28.436,28.832,29.1595,32.36666666666667,35.77712595282115,508597.9,33.04316666666667,29.333999999999996,True,True,29.95,24373368.6,14799340.455000002
2021-06-15,28.4,29.07,27.83,28.95,843220.0,27283007.0,25675720.0,0.032841143305815765,28.47,28.791999999999994,29.156,32.258833333333335,40.34582116286984,530443.9,32.913333333333334,29.292999999999996,True,True,29.95,24411219.0,15430360.105
2021-06-16,28.79,28.84,28.15,28.2,510140.0,16469171.0,25675720.0,0.019868576226878935,28.454,28.672000000000004,29.0885,32.118500000000004,27.877237751846152,534870.9,32.7795,29.221500000000002,True,True,29.95,14385948.0,15526743.505
2021-06-17,28.19,28.31,27.34,27.69,699291.0,22056368.0,25675720.0,0.027235497193457477,28.386000000000003,28.502000000000002,29.0245,31.954833333333337,25.231481399712763,549310.0,32.61516666666667,29.169,True,True,29.95,19363367.79,15900289.608
2021-06-18,27.7,27.7,27.4,27.48,345371.0,10750316.0,25675720.0,0.013451268357810414,28.218,28.335,28.941499999999998,31.794666666666668,21.995464782780786,554063.9,32.4715,29.161499999999997,True,True,29.95,9490795.08,16010152.461000001
2021-06-21,27.48,27.48,27.01,27.24,395951.0,12221641.0,25675720.0,0.015421222851783708,27.912,28.174,28.847500000000004,31.62366666666667,23.95061720115828,563319.35,32.36666666666667,29.1595,True,True,29.95,10785705.24,16242451.770999998
2021-06-22,27.24,29.28,27.21,28.96,1681944.0,54388766.0,25675720.0,0.06550717954550057,27.913999999999998,28.192,28.808500000000002,31.493333333333332,46.15384604088221,625091.55,32.258833333333335,29.156,True,True,29.95,48709098.24,18013961.183
2021-06-23,28.39,29.28,28.39,29.0,662960.0,21654916.0,25675720.0,0.025820502794079388,28.074,28.264,28.777500000000003,31.3755,46.60869553869187,639864.1,32.118500000000004,29.0885,False,True,29.95,19225840.0,18430972.354
2021-06-24,29.0,29.35,28.52,28.97,535792.0,17595634.0,25675720.0,0.02086765239689481,28.330000000000002,28.357999999999997,28.7295,31.273999999999997,48.37545114128948,648278.7,31.954833333333337,29.0245,False,False,29.95,15521894.24,18657103.316
2021-06-25,28.97,28.97,28.31,28.33,425980.0,13771047.0,25675720.0,0.016590771359089443,28.5,28.358999999999998,28.654500000000002,31.149833333333333,45.57823118399738,644657.25,31.794666666666668,28.941499999999998,False,False,29.95,12068013.399999999,18517126.9625
2021-06-28,28.32,29.8,28.03,29.33,1084460.0,35955404.0,25675720.0,0.04223679024385684,28.918,28.415000000000003,28.6235,31.060833333333335,54.03817903721958,666917.25,31.62366666666667,28.847500000000004,True,False,29.95,31807211.799999997,19150195.7025
2021-06-29,29.34,29.34,28.53,28.67,471140.0,15376794.0,25675720.0,0.018349631480636182,28.860000000000003,28.387,28.589499999999997,30.976166666666668,52.79770434158281,654374.25,31.493333333333332,28.808500000000002,False,True,29.4,13507583.8,18766039.892500002
2021-06-30,28.45,28.9,28.29,28.66,392242.0,12671580.0,25675720.0,0.015276767311685905,28.792,28.433,28.5525,30.8885,54.680534804527845,652669.35,31.3755,28.777500000000003,False,False,29.4,11241655.72,18701402.878500003
2021-07-01,28.58,28.59,27.93,28.06,473320.0,15150581.0,25675720.0,0.01843453659722103,28.610000000000003,28.47,28.486,30.788666666666664,48.15340899514946,652184.35,31.273999999999997,28.7295,False,False,29.39,13281359.2,18655672.9485
2021-07-02,27.96,28.19,27.83,28.05,252900.0,8002288.0,25675720.0,0.009849772469866474,28.554000000000002,28.526999999999997,28.431,30.6825,44.5454544509642,637276.0,31.149833333333333,28.654500000000002,True,False,29.33,7093845.0,18207185.046
2021-07-05,28.2,29.55,28.08,29.5,1114920.0,36874333.0,25675720.0,0.04342312503797362,28.588,28.752999999999997,28.4635,30.59,53.4942819887014,660375.7,31.060833333333335,28.6235,True,True,29.33,32890140.0,18909846.291
2021-07-06,29.49,29.67,29.02,29.43,489960.0,16294836.0,25675720.0,0.019082619688951273,28.74,28.8,28.496000000000002,30.486499999999996,58.553546478477095,658595.35,30.976166666666668,28.589499999999997,False,True,29.5,14419522.8,18874531.518
2021-07-07,29.43,29.75,29.12,29.5,432800.0,14472026.0,25675720.0,0.016856391953176,28.908000000000005,28.85,28.557,30.390499999999996,63.407407275895736,640080.35,30.8885,28.5525,False,False,29.5,12767600.0,18377328.118
2021-07-08,30.25,30.25,29.11,29.55,639626.0,21457445.0,25675720.0,0.024911706468211992,29.206,28.907999999999998,28.633,30.282333333333334,65.70561442793951,647912.5,30.788666666666664,28.486,False,False,29.5,18900948.3,18645474.858499996
2021-07-09,29.2,29.58,28.45,28.68,495780.0,16163179.0,25675720.0,0.019309292981852116,29.332,28.943,28.651000000000003,30.157166666666665,59.97229905268531,639748.85,30.6825,28.431,False,False,29.55,14218970.4,18423204.3305
2021-07-12,28.6,28.83,28.19,28.61,565060.0,18187944.0,25675720.0,0.022007562007998218,29.153999999999996,28.871,28.642999999999994,30.046166666666668,46.85816864344444,625642.85,30.59,28.4635,False,False,29.55,16166366.6,18012854.230499998
2021-07-13,28.54,28.62,28.42,28.52,301840.0,9752888.0,25675720.0,0.011755853389895201,28.972,28.856,28.621500000000005,29.9175,45.72953725263104,598573.85,30.486499999999996,28.496000000000002,True,False,29.55,8608476.8,17222717.1205
2021-07-14,29.02,29.02,28.49,28.72,253910.0,8242701.0,25675720.0,0.009889109244064042,28.815999999999995,28.862000000000002,28.647499999999997,29.792166666666667,47.84110523838074,585762.35,30.390499999999996,28.557,True,True,29.55,7292295.199999999,16868034.480499998
2021-07-15,28.52,28.53,27.78,27.79,697960.0,22162596.0,25675720.0,0.027183658335579293,28.464,28.835,28.652500000000003,29.656333333333336,45.559210421409716,585695.8,30.282333333333334,28.633,False,True,29.55,19396308.4,16869681.511
2021-07-16,27.81,28.11,27.41,27.55,610651.0,19092860.0,25675720.0,0.023783208416356,28.238,28.785000000000004,28.656,29.51883333333333,33.27067660417492,598959.8,30.157166666666665,28.651000000000003,True,False,29.55,16823435.05,17236313.5095
2021-07-19,27.26,27.91,27.12,27.18,515440.0,15910361.0,25675720.0,0.020074996923163207,27.951999999999998,28.553000000000004,28.653000000000002,29.365833333333335,35.18886670126358,604934.25,30.046166666666668,28.642999999999994,True,True,29.55,14009659.2,17397511.207500003
2021-07-20,27.25,27.41,27.12,27.39,231700.0,7152590.0,25675720.0,0.009024089684729387,27.726,28.349,28.5745,29.188,37.85850850286441,532422.05,29.9175,28.621500000000005,True,True,29.55,6346263.0,15279369.445500001
2021-07-21,27.34,27.72,27.17,27.35,370760.0,11490810.0,25675720.0,0.014440101387614446,27.451999999999998,28.133999999999997,28.491999999999997,29.072833333333335,42.39828681079746,517812.05,29.792166666666667,28.647499999999997,True,True,29.55,10140286.0,14825091.745500002
2021-07-22,27.35,27.35,27.17,27.18,310800.0,9585185.0,25675720.0,0.012104821208519178,27.330000000000002,27.897,28.402499999999996,28.976,40.99378870105319,506562.45,29.656333333333336,28.652500000000003,True,True,29.55,8447544.0,14471374.2335
2021-07-23,27.18,27.34,26.46,26.81,481820.0,14695173.0,25675720.0,0.018765588657299583,27.182,27.71,28.3265,28.888500000000004,14.133333280568905,509354.45,29.51883333333333,28.656,True,True,29.55,12917594.2,14513853.273500001
2021-07-26,26.73,26.81,25.07,25.74,748132.0,21949033.0,25675720.0,0.02913772233066882,26.894,27.423000000000002,28.147,28.8035,11.15789470395569,492538.05,29.365833333333335,28.653000000000002,True,True,29.55,19256917.68,13886338.5675
2021-07-27,25.59,25.97,25.07,25.09,322787.0,9307209.0,25675720.0,0.012571682507832303,26.434000000000005,27.080000000000002,27.968,28.699,8.63039397357872,485120.4,29.188,28.5745,True,True,29.55,8098725.83,13615895.669
2021-07-28,24.92,25.14,23.86,24.3,377920.0,10439977.0,25675720.0,0.014718964064104141,25.824,26.637999999999998,27.75,28.590833333333332,6.754530462180654,484404.3,29.072833333333335,28.491999999999997,True,True,29.55,9183456.0,13512985.683000002
2021-07-29,24.71,25.03,24.13,24.21,355362.0,9820020.0,25675720.0,0.013840390843956859,25.23,26.28,27.557499999999997,28.499833333333335,7.750472569280404,478506.4,28.976,28.402499999999996,True,True,29.55,8603314.02,13279083.423999999
2021-07-30,24.13,24.49,23.89,24.49,348414.0,9542972.0,25675720.0,0.013569784995318534,24.766,25.974,27.3795,28.400333333333332,12.545454513520625,483282.1,28.888500000000004,28.3265,True,True,29.55,8532658.86,13351024.116999999
2021-08-02,24.43,25.12,23.9,24.76,529860.0,14891636.0,25675720.0,0.020636617006261168,24.57,25.732,27.142500000000002,28.313333333333333,16.901408409045843,454029.1,28.8035,28.147,True,True,29.55,13119333.600000001,12362483.797
2021-08-03,24.77,25.03,24.48,25.03,398540.0,11206921.0,25675720.0,0.015522057414553515,24.558,25.496,26.922499999999996,28.237166666666667,17.913043434646525,449458.1,28.699,27.968,True,True,29.55,9975456.200000001,12140280.467
2021-08-04,24.95,26.75,24.71,26.35,987912.0,28930419.0,25675720.0,0.03847650620897875,24.968,25.396,26.764999999999997,28.18116666666667,38.273615547910346,477213.7,28.590833333333332,27.75,True,True,29.55,26031481.200000003,12803474.527
2021-08-05,26.24,26.24,25.37,25.61,441000.0,12898769.0,25675720.0,0.01717575982289883,25.247999999999998,25.238999999999997,26.568,28.123333333333335,35.39156619043946,467282.4,28.499833333333335,27.557499999999997,True,True,29.55,11294010.0,12423127.612
2021-08-06,25.52,26.71,25.4,26.32,563720.0,16706919.0,25675720.0,0.021955372624409365,25.613999999999997,25.189999999999998,26.45,28.0875,43.83954145934762,470679.4,28.400333333333332,27.3795,True,True,28.72,14837110.4,12454034.612
2021-08-09,26.32,26.66,26.08,26.49,266420.0,7960929.0,25675720.0,0.010376339981897294,25.96,25.265,26.344,28.04883333333333,43.51585005630806,455747.4,28.313333333333333,27.142500000000002,True,True,28.72,7057465.8,11998589.572
2021-08-10,26.36,26.68,26.21,26.51,321120.0,9644329.0,25675720.0,0.01250675735675572,26.256,25.407,26.2435,28.006999999999998,43.930635749273286,456711.4,28.237166666666667,26.922499999999996,False,True,28.72,8512891.200000001,11993810.292
2021-08-11,26.34,26.66,26.34,26.35,223373.0,6694300.0,25675720.0,0.008699775507755966,26.256,25.612000000000002,26.125,27.953666666666667,43.994211198853996,455184.55,28.18116666666667,26.764999999999997,False,False,28.72,5885878.550000001,11923489.4595
2021-08-12,26.21,26.51,26.15,26.17,238670.0,7103789.0,25675720.0,0.009295552373993796,26.368000000000002,25.808000000000003,26.044,27.906999999999996,45.23809514384922,432220.05,28.123333333333335,26.568,False,False,27.79,6245993.9,11265973.734500002
2021-08-13,26.25,26.37,25.61,25.74,320620.0,9418738.0,25675720.0,0.012487283706162864,26.252,25.933,25.953500000000002,27.85033333333333,49.999999884868416,417718.5,28.0875,26.45,False,False,27.55,8252758.8,10837439.922
2021-08-16,25.75,26.44,25.65,26.01,383180.0,11281727.0,25675720.0,0.014923826868340985,26.156,26.058000000000003,25.895,27.798499999999997,58.070175295968,411105.5,28.04883333333333,26.344,True,False,27.39,9966511.8,10635282.552000001
2021-08-17,26.2,26.2,25.33,25.33,244200.0,7114673.0,25675720.0,0.009510930949550783,25.919999999999998,26.088,25.792,27.725,59.21287999481564,411730.5,28.006999999999998,26.2435,False,True,27.39,6185586.0,10627248.702000001
2021-08-18,24.78,24.96,24.24,24.71,544324.0,15173697.0,25675720.0,0.021199950770611303,25.592000000000002,25.924,25.660000000000004,27.64316666666667,54.084967196537654,420408.7,27.953666666666667,26.125,True,False,27.35,13450246.040000001,10792746.704
2021-08-19,24.64,25.07,24.59,24.71,360709.0,10147991.0,25675720.0,0.014048642063396859,25.3,25.834000000000003,25.5365,27.556166666666666,51.88356151945723,422904.15,27.906999999999996,26.044,True,True,27.18,8913119.39,10816025.4735
2021-08-20,25.08,25.08,23.96,24.04,395091.0,10821329.0,25675720.0,0.015387728172763996,24.96,25.606,25.398,27.45966666666667,44.23076913153352,418567.7,27.85033333333333,25.953500000000002,True,True,26.81,9497987.639999999,10645045.1455
2021-08-23,24.04,25.13,23.96,24.74,349180.0,9762473.0,25675720.0,0.01359961862802679,24.706,25.431,25.348,27.372833333333332,47.82608685613713,398620.1,27.798499999999997,25.895,True,True,26.51,8638713.2,10114134.921500001
2021-08-24,25.01,25.01,24.29,24.56,321300.0,8938626.0,25675720.0,0.01251376787096915,24.552,25.236,25.3215,27.293000000000003,33.815551451461545,398545.75,27.725,25.792,True,True,26.51,7891128.0,10103755.030000001
2021-08-25,24.61,24.96,24.55,24.75,347000.0,9719032.0,25675720.0,0.013514713511441939,24.56,25.076,25.344,27.215500000000002,41.36546173110114,396999.75,27.64316666666667,25.660000000000004,True,True,26.51,8588250.0,10073994.73
2021-08-26,24.63,24.63,24.09,24.13,270220.0,7454898.0,25675720.0,0.010524339726402999,24.444,24.872,25.34,27.12783333333333,27.607361884150734,392742.65,27.556166666666666,25.5365,True,True,26.51,6520408.6,9969849.459
2021-08-27,24.26,25.19,23.93,24.56,529980.0,14661630.0,25675720.0,0.020641290682403453,24.548,24.753999999999998,25.3435,27.051333333333332,31.262135837345696,401820.95,27.45966666666667,25.398,True,True,26.51,13016308.799999999,10194031.956
2021-08-30,24.56,24.65,24.08,24.12,385380.0,10664951.0,25675720.0,0.01500951093094955,24.424,24.565,25.311500000000002,26.9725,28.545780897730552,394596.95,27.372833333333332,25.348,True,True,26.51,9295365.6,10002833.556
2021-08-31,24.13,24.47,24.13,24.4,318500.0,8778719.0,25675720.0,0.012404715427649156,24.392,24.471999999999998,25.279999999999998,26.8995,32.86467478732769,390594.95,27.293000000000003,25.3215,True,True,26.51,7771400.0,9892630.746000001
2021-09-01,24.27,25.03,23.97,24.89,637060.0,17738753.0,25675720.0,0.024811767693369454,24.419999999999998,24.490000000000002,25.207,26.843,39.333333241555565,373052.35,27.215500000000002,25.344,True,True,26.51,15856423.4,9383877.856
2021-09-02,25.18,25.18,24.28,24.47,681705.0,18930705.0,25675720.0,0.02655056995480555,24.488,24.466,25.15,26.783666666666665,39.39899823846646,385087.6,27.12783333333333,25.34,True,True,26.51,16681321.35,9653243.423500001
2021-09-03,24.52,25.15,24.34,25.15,715100.0,20107760.0,25675720.0,0.02785121507790239,24.606,24.577,25.0915,26.730833333333337,43.28124990532224,392656.6,27.051333333333332,25.3435,True,True,26.51,17984765.0,9810626.1535
2021-09-06,25.01,25.92,24.92,25.88,1051040.0,30243362.0,25675720.0,0.04093517143823036,24.958,24.691,25.061,26.682666666666666,54.26356577369149,431887.6,26.9725,25.311500000000002,False,True,26.51,27200915.2,10817798.6235
2021-09-07,25.69,26.37,25.4,26.06,1475224.0,43373409.0,25675720.0,0.057455993444390265,25.29,24.841,25.0385,26.6345,61.231281055368044,489592.8,26.8995,25.279999999999998,False,False,26.51,38444337.44,12314370.9355
2021-09-08,26.02,26.33,25.2,25.81,946960.0,27548363.0,25675720.0,0.036881536330821495,25.473999999999997,24.947,25.011499999999998,26.59466666666667,58.785942360542606,525772.15,26.843,25.207,False,False,26.35,24441037.599999998,13242128.888
2021-09-09,26.15,26.15,25.36,25.48,461480.0,13388835.0,25675720.0,0.017973400551182208,25.676,25.082,24.976999999999997,26.55783333333333,62.162162015157065,536912.65,26.783666666666665,25.15,False,False,26.17,11758510.4,13517754.713
2021-09-10,25.48,25.58,24.87,24.92,504220.0,14329135.0,25675720.0,0.01963800820385952,25.629999999999995,25.118000000000002,24.936,26.515166666666666,51.5570933007268,546092.65,26.730833333333337,25.0915,False,False,26.06,12565162.4,13733374.893000001
2021-09-13,24.71,25.71,24.7,25.54,869320.0,24792280.0,25675720.0,0.03385766786676284,25.562,25.259999999999998,24.912499999999998,26.48683333333333,57.87781337455155,570399.65,26.682666666666666,25.061,True,False,26.06,22202432.8,14345170.943
2021-09-14,25.23,25.84,24.87,24.96,626925.0,17918683.0,25675720.0,0.02441703679585227,25.342,25.315999999999995,24.894,26.420166666666667,51.58850216002436,589535.9,26.6345,25.0385,False,True,26.06,15648048.0,14818294.043000001
2021-09-15,24.62,25.06,24.36,25.01,320720.0,9009930.0,25675720.0,0.012491178436281437,25.182000000000002,25.328,24.909,26.353666666666665,57.284768079141294,578355.7,26.59466666666667,25.011499999999998,False,False,26.06,8021207.2,14546842.101
2021-09-16,25.75,25.75,24.56,24.57,382093.0,10838586.0,25675720.0,0.014881491151952116,25.0,25.338,24.901999999999997,26.280333333333335,50.082644512205455,579424.9,26.55783333333333,24.976999999999997,False,False,26.06,9388025.01,14570587.382
2021-09-17,24.69,26.2,24.49,26.2,1148877.0,33103304.0,25675720.0,0.044745658544336826,25.256,25.443,25.009999999999998,26.24483333333333,64.36464075951588,617114.2,26.515166666666666,24.936,True,False,26.06,30100577.4,15600716.87
2021-09-22,26.01,26.98,25.28,26.6,1279865.0,37803396.0,25675720.0,0.049847287632050825,25.468,25.515,25.103,26.199333333333335,64.94565205037514,663648.45,26.48683333333333,24.912499999999998,False,True,26.2,34044409.0,16871001.660000004
2021-09-23,26.67,26.77,26.16,26.64,1425240.0,42830004.0,25675720.0,0.055509251541923654,25.804000000000002,25.573,25.207,26.165499999999998,62.66280739836769,718845.45,26.420166666666667,24.894,False,False,26.6,37968393.6,18374864.94
2021-09-24,26.59,26.59,26.11,26.39,429480.0,12808041.0,25675720.0,0.016727086913239434,26.080000000000002,25.631,25.288999999999998,26.127666666666666,64.24332330869342,722969.45,26.353666666666665,24.909,False,False,26.64,11333977.200000001,18512151.3
2021-09-27,26.63,26.68,25.76,26.36,685755.0,20415977.0,25675720.0,0.026708306524607685,26.438,25.719,25.4005,26.099333333333334,59.934318417228184,743746.2,26.280333333333335,24.901999999999997,False,False,26.64,18076501.8,19089955.96
2021-09-28,26.37,26.38,25.86,26.09,365960.0,10831897.0,25675720.0,0.01425315434192303,26.416000000000004,25.836000000000002,25.477,26.066666666666666,51.86500875202308,735545.2,26.24483333333333,25.009999999999998,False,False,26.64,9547896.4,18916535.34
2021-09-29,25.6,26.28,24.7,26.28,1057940.0,30308793.0,25675720.0,0.04120390781641177,26.352000000000004,25.910000000000004,25.585,26.012999999999998,51.95035448097432,769173.2,26.199333333333335,25.103,False,False,26.64,27802663.200000003,19841900.220000003
2021-09-30,24.0,27.86,23.66,24.37,2532840.0,72694731.0,59720123.0,0.042411834952181864,25.898000000000003,25.851,25.5835,25.92866666666667,40.13698622439483,879890.2,26.165499999999998,25.207,False,False,26.64,61725310.800000004,22539595.76
2021-10-08,24.52,24.71,23.82,23.91,1132964.0,30990057.0,59720123.0,0.01897122683421131,25.402,25.741000000000003,25.5345,25.835500000000003,39.434724017215856,904685.4,26.127666666666666,25.288999999999998,True,False,26.64,27089169.24,23101233.051999997
2021-10-11,23.81,24.05,23.22,23.27,1021503.0,27178836.0,59720123.0,0.01710483751013038,24.784000000000002,25.611,25.4745,25.730833333333333,39.01464706442008,921675.3,26.099333333333334,25.4005,True,True,26.64,23770374.81,23455685.725
2021-10-12,23.29,23.29,22.47,22.67,870540.0,22464174.0,59720123.0,0.014576996098953111,24.1,25.258000000000003,25.350500000000004,25.63066666666667,30.841121437680172,929447.3,26.066666666666666,25.477,True,True,26.64,19735141.8,23543204.565
2021-10-13,22.49,22.75,22.34,22.56,535030.0,13685041.0,59720123.0,0.008958956765711953,23.356,24.854,25.184500000000003,25.529833333333332,32.90598284035843,903646.8,26.012999999999998,25.585,True,True,26.64,12070276.799999999,22786672.645000003
2021-10-14,22.56,22.86,22.43,22.68,525692.0,13489256.0,59720123.0,0.008802594060296895,23.018,24.458000000000002,25.0155,25.4325,33.56840613963925,856170.2,25.92866666666667,25.5835,True,True,26.64,11922694.56,21460590.501000002
2021-10-15,22.69,22.69,22.23,22.25,805620.0,20383777.0,59720123.0,0.013489925330528873,22.686,24.044,24.8375,25.324666666666666,33.6158191425676,849103.2,25.835500000000003,25.5345,True,True,26.64,17925045.0,21134790.871
2021-10-18,21.99,22.05,21.39,21.46,1557727.0,38260110.0,59720123.0,0.026083787536740337,22.323999999999998,23.554000000000002,24.6365,25.219166666666663,12.019230742264597,903915.55,25.730833333333333,25.4745,True,True,26.64,33428821.42,22218306.422000002
2021-10-19,21.33,21.33,20.88,21.12,1205160.0,28722359.0,59720123.0,0.020180132582781184,22.014,23.057,24.4465,25.112000000000002,5.663430407882217,938962.55,25.63066666666667,25.350500000000004,True,True,26.64,25452979.200000003,22862697.262000002
2021-10-20,21.12,21.13,20.86,20.96,928240.0,22049758.0,59720123.0,0.015543169594610513,21.694,22.525,24.2175,25.008333333333333,4.920634909700198,941908.55,25.529833333333332,25.184500000000003,True,True,26.64,19455910.400000002,22725371.141999997
2021-10-21,20.96,21.48,20.76,21.08,1737620.0,41483493.0,59720123.0,0.029096055277716023,21.374000000000002,22.196,24.0235,24.903166666666667,6.96920581887052,997443.3,25.4325,25.0155,True,True,26.64,36629029.599999994,23774420.222
2021-10-22,21.04,23.04,21.01,22.25,4472715.0,111317508.0,59720123.0,0.07489460462095833,21.374000000000002,22.03,23.8855,24.818166666666666,21.88782485548161,1205043.05,25.324666666666666,24.8375,True,True,26.64,99517908.75,28349255.2995
2021-10-25,23.06,24.48,23.06,24.17,8269081.0,227185729.0,59720123.0,0.13846389767147665,21.916000000000004,22.119999999999997,23.8655,24.768000000000004,39.28571422433037,1599392.45,25.219166666666663,24.6365,True,True,26.64,199863687.77,37873038.4375
2021-10-26,22.93,26.44,22.51,26.11,9212460.0,259965553.0,59720123.0,0.15426056640908123,22.913999999999998,22.464000000000002,23.861,24.75633333333333,49.20634914202717,2002571.6,25.112000000000002,24.4465,False,True,26.64,240537330.6,48394876.097500004
2021-10-27,26.55,27.54,26.12,26.9,7094794.0,215286951.0,59720123.0,0.11880072651558336,24.101999999999997,22.898000000000003,23.875999999999998,24.775666666666666,63.19082368251599,2293318.05,25.008333333333333,24.2175,False,False,26.64,190849958.6,56235153.5775
2021-10-28,26.73,27.78,26.02,27.52,5774781.0,176270095.0,59720123.0,0.09669740633320531,25.39,23.381999999999998,23.92,24.816166666666668,68.51282041444313,2510795.1,24.903166666666667,24.0235,False,False,26.9,158921973.12,62282832.5535
2021-10-29,27.26,27.52,26.42,26.92,3375590.0,103008024.0,59720123.0,0.056523493764405006,26.324,23.849,23.9465,24.859833333333334,68.79505654344689,2658100.6,24.818166666666666,23.8855,False,False,27.52,90870882.80000001,66259677.833500005
2021-11-01,27.01,28.74,26.31,28.6,3785392.0,119473400.0,59720123.0,0.06338553589382259,27.21,24.563,24.058500000000002,24.933,77.47914725813642,2813082.45,24.768000000000004,23.8655,False,False,27.52,108262211.2,70768963.3035
2021-11-02,28.45,28.74,27.47,27.75,2219680.0,70626530.0,59720123.0,0.03716804133173001,27.538,25.226,24.1415,24.987333333333332,72.50650468212568,2905768.45,24.75633333333333,23.861,False,False,28.6,61596120.0,73371374.4835
2021-11-03,27.93,28.57,26.73,28.0,1750460.0,55263010.0,59720123.0,0.029311058183855383,27.758,25.93,24.2275,25.041333333333334,72.8130359331576,2940394.45,24.775666666666666,23.875999999999998,False,False,28.6,49012880.0,74431885.3235
2021-11-04,28.61,28.61,27.46,27.95,1744474.0,55223098.0,59720123.0,0.029210823962971408,27.844,26.617,24.4065,25.09,75.26595735339332,2900976.15,24.816166666666668,23.92,False,False,28.6,48758048.3,73783522.1985
2021-11-05,28.33,29.09,27.61,27.77,2860710.0,92059282.0,59720123.0,0.04790194420731518,28.014,27.169,24.5995,25.113666666666667,79.56888461912236,2987363.45,24.859833333333334,23.9465,False,False,28.6,79441916.7,76401159.5715
2021-11-08,27.63,28.05,26.9,27.55,2641889.0,81839747.0,59720123.0,0.04423783587987587,27.803999999999995,27.506999999999998,24.813499999999998,25.146,80.47393354249905,3068382.75,24.933,24.058500000000002,False,False,28.6,72784041.95,78851842.92850001
2021-11-09,27.38,28.03,27.15,27.57,1278822.0,39975432.0,59720123.0,0.0214135861709461,27.768,27.653,25.0585,25.166833333333333,81.74831881417134,3088796.85,24.987333333333332,24.1415,False,False,28.6,35257122.54,79627941.9655
2021-11-10,27.51,29.72,26.28,29.66,3519008.0,114356313.0,59720123.0,0.05892499585106347,28.1,27.929000000000002,25.4135,25.21966666666667,84.65266549393075,3237995.75,25.041333333333334,24.2275,False,False,28.6,104373777.28,84243116.9895
2021-11-11,29.84,30.43,28.75,29.4,2716900.0,90484530.0,59720123.0,0.04549387816900511,28.390000000000004,28.117,25.7495,25.267833333333336,81.16826494016078,3347556.15,25.09,24.4065,False,False,29.66,79876860.0,87640825.2615
2021-11-12,29.12,31.0,29.04,30.69,3220880.0,110964182.0,59720123.0,0.05393290968272118,28.974,28.494,26.1715,25.340166666666665,80.07380063459104,3468319.15,25.113666666666667,24.5995,False,False,29.66,98848807.2,91687013.3715
2021-11-15,30.69,31.17,29.77,30.69,2434460.0,84082574.0,59720123.0,0.04076448402492406,29.601999999999997,28.703000000000003,26.633,25.4155,75.73033695952532,3512155.8,25.146,24.813499999999998,False,False,30.69,74713577.4,93751251.1705
2021-11-16,30.62,32.98,30.62,31.66,3523407.0,128220215.0,59720123.0,0.0589986561146232,30.420000000000005,29.094000000000005,27.160000000000004,25.514166666666668,76.21145362698675,3628068.15,25.166833333333333,25.0585,False,False,30.69,111551065.62,98056155.4915
2021-11-17,31.62,32.19,31.11,31.95,1592071.0,57117641.0,59720123.0,0.02665887007633926,30.877999999999997,29.489000000000004,27.7095,25.613166666666668,75.31428559378286,3661259.7,25.21966666666667,25.4135,False,False,31.66,50866668.449999996,99626693.39400001
2021-11-18,31.52,32.94,30.67,30.67,2525885.0,90242450.0,59720123.0,0.04229537504468971,31.131999999999998,29.760999999999996,28.189,25.702166666666663,69.88335090367265,3700672.95,25.267833333333336,25.7495,False,False,31.95,77468892.95,101668686.5615
2021-11-19,30.57,31.1,29.6,29.81,2621814.0,89361545.0,59720123.0,0.04390168452935035,30.956,29.964999999999996,28.567,25.787166666666664,57.026713031547715,3608127.9,25.340166666666665,26.1715,False,False,31.95,78156275.34,100600604.891
2021-11-22,29.48,32.64,29.4,32.46,4468528.0,157965569.0,59720123.0,0.07482449424961835,31.310000000000002,30.456,28.9815,25.916333333333334,72.62247828850002,3418100.25,25.4155,26.633,False,False,31.95,145048418.88,97859841.44649999
2021-11-23,32.47,34.39,32.19,33.16,2784186.0,105377774.0,59720123.0,0.04662056707418369,31.610000000000003,31.014999999999997,29.334000000000003,26.06833333333333,73.75690598226548,3096686.55,25.514166666666668,27.160000000000004,False,False,32.46,92323607.75999999,90449155.3045
2021-11-24,33.5,33.53,32.64,33.27,1204845.0,45208322.0,59720123.0,0.02017485797877543,31.874000000000002,31.376000000000005,29.652499999999996,26.210500000000003,74.35897426364235,2802189.1,25.613166666666668,27.7095,False,False,33.16,40085193.150000006,82910917.032
2021-11-25,33.2,33.36,32.57,32.94,777112.0,28993740.0,59720123.0,0.013012565295620707,32.328,31.73,29.9235,26.350166666666667,73.35140008790245,2552305.65,25.702166666666663,28.189,False,False,33.27,25598069.279999997,76244721.84
2021-11-26,33.06,33.34,32.19,32.38,1328172.0,49231001.0,59720123.0,0.02223994079851443,32.842,31.899,30.196500000000004,26.47733333333333,71.16564408445933,2449934.75,25.787166666666664,28.567,False,False,33.27,43006209.36000001,73851488.16800001
2021-11-29,31.75,32.34,29.76,30.1,4090309.0,143298486.0,59720123.0,0.06849130233706986,32.37,31.839999999999996,30.271499999999996,26.576833333333337,59.25384046601655,2465180.6,25.916333333333334,28.9815,False,False,33.27,123118300.9,74594292.653
2021-11-30,30.25,30.59,28.93,29.47,3411060.0,113981791.0,59720123.0,0.057117430920227676,31.631999999999998,31.621000000000002,30.357499999999998,26.65866666666667,49.22194916551127,2524749.6,26.06833333333333,29.334000000000003,True,False,33.27,100523938.2,76540683.563
2021-12-01,29.28,29.35,28.57,28.9,2457353.0,80437174.0,59720123.0,0.04114782215033281,30.758,31.315999999999995,30.402499999999996,26.738333333333333,48.003194834501215,2560094.25,26.210500000000003,29.652499999999996,True,True,33.27,71017501.7,77640914.648
2021-12-02,28.84,28.96,27.69,27.99,2037740.0,65272434.0,59720123.0,0.03412149703710423,29.768,31.048000000000002,30.404499999999995,26.798166666666663,38.87973636373012,2574757.55,26.350166666666667,29.9235,True,True,33.27,57036342.599999994,78054829.363
2021-12-03,28.0,29.15,27.87,28.75,1959192.0,63829109.0,59720123.0,0.03280622848013893,29.042,30.942,30.4535,26.8625,42.48062010893577,2529681.65,26.47733333333333,30.196500000000004,True,True,33.27,56326770.0,76899072.028
2021-12-06,29.11,29.64,28.11,28.39,1818694.0,59256250.0,59720123.0,0.03045362113537509,28.7,30.534999999999997,30.4955,26.927833333333336,36.69650117870212,2488521.9,26.576833333333337,30.271499999999996,True,True,33.27,51632722.660000004,75841506.0635
2021-12-07,29.01,29.28,28.19,28.31,1133520.0,36809329.0,59720123.0,0.018980536928900834,28.468,30.05,30.5325,26.9805,34.93377479395093,2481256.8,26.65866666666667,30.357499999999998,True,True,33.27,32089951.2,75683147.4965
2021-12-08,28.48,28.93,28.1,28.42,1201720.0,38942776.0,59720123.0,0.020122530558083412,28.372000000000003,29.564999999999998,30.470499999999998,27.022833333333335,39.688359252462256,2365392.4,26.738333333333333,30.402499999999996,True,True,33.27,34152882.4,72172102.7525
2021-12-09,28.45,29.54,28.27,28.77,1603040.0,52349686.0,59720123.0,0.026842543509161897,28.528000000000002,29.147999999999996,30.439,27.068,44.99999993942309,2309699.4,26.798166666666663,30.404499999999995,True,True,33.27,46119460.8,70484232.79249999
2021-12-10,29.32,30.77,27.93,28.01,2830200.0,93200609.0,59720123.0,0.04739106113361488,28.380000000000003,28.711000000000002,30.304999999999996,27.104666666666667,23.85428903243715,2290165.4,26.8625,30.4535,True,True,33.27,79273902.0,69505487.5325
2021-12-13,27.78,29.44,27.41,28.95,1966462.0,63871477.0,59720123.0,0.03292796299163684,28.492,28.596000000000004,30.218,27.162500000000005,25.942857101348608,2266765.5,26.927833333333336,30.4955,True,True,33.27,56929074.9,68616262.4075
2021-12-14,28.89,29.35,28.06,28.24,1343557.0,43602188.0,59720123.0,0.02249755915606537,28.477999999999998,28.473000000000003,30.047000000000004,27.217833333333335,23.101604243484232,2157773.0,26.9805,30.5325,True,True,33.27,37942049.68,64935811.6105
2021-12-15,28.31,28.56,27.97,28.04,1005988.0,32175639.0,59720123.0,0.016845042331878654,28.401999999999997,28.387,29.851499999999998,27.259500000000003,23.42733185162878,2128468.85,27.022833333333335,30.470499999999998,True,True,33.27,28207903.52,63802873.364
2021-12-16,28.04,28.44,27.58,28.19,952660.0,30215297.0,59720123.0,0.01595207699086621,28.286,28.407,29.727500000000003,27.313333333333333,26.220204271613753,2049807.6,27.068,30.439,True,True,33.27,26855485.400000002,61272202.98649999
2021-12-17,28.14,28.29,27.26,27.33,1554880.0,48694434.0,59720123.0,0.026036115163393082,28.15,28.264999999999997,29.603499999999997,27.352,31.258457315613214,1996460.9,27.104666666666667,30.304999999999996,True,True,33.27,42494870.4,59489132.7395
2021-12-20,27.33,27.56,26.68,26.81,1398831.0,42781208.0,59720123.0,0.023423109828491145,27.721999999999998,28.107,29.320999999999998,27.389333333333333,31.730769169748527,1842976.05,27.162500000000005,30.218,True,True,33.27,37502659.11,54111844.751
2021-12-21,26.9,28.14,26.79,27.73,1711034.0,53466971.0,59720123.0,0.028650878699630275,27.619999999999997,28.049,29.049500000000002,27.414833333333334,42.332896383661804,1789318.45,27.217833333333335,30.047000000000004,True,True,33.27,47446972.82,51868013.00399999
2021-12-22,27.63,28.39,27.48,28.08,1140274.0,36164525.0,59720123.0,0.019093631136694076,27.628000000000004,28.014999999999997,28.79,27.4395,50.63649212038035,1786089.9,27.259500000000003,29.851499999999998,True,True,33.27,32018893.919999998,51464698.042500004
2021-12-23,28.15,29.64,27.95,29.18,1776504.0,58209957.0,59720123.0,0.029747159094096306,27.826,28.056,28.601999999999997,27.481833333333334,52.901484380483026,1836059.5,27.313333333333333,29.727500000000003,True,True,32.94,51838386.72,52776713.914500006
2021-12-24,29.48,29.58,28.68,28.78,1365228.0,45029743.0,59720123.0,0.02286043516688671,28.115999999999996,28.133,28.421999999999997,27.521666666666665,52.617449565551105,1837912.3,27.352,29.603499999999997,False,True,32.38,39291261.84,52590966.538499996
2021-12-27,28.8,30.21,28.57,30.08,1544670.0,51903850.0,59720123.0,0.025865151014508123,28.77,28.246,28.421000000000003,27.583666666666666,60.207612359526344,1710630.35,27.389333333333333,29.320999999999998,False,False,30.1,46463673.599999994,48758235.1735
2021-12-28,30.08,30.42,29.55,30.04,777591.0,26388652.0,59720123.0,0.01302058604266438,29.232,28.426,28.4495,27.6495,59.41860455443482,1578956.9,27.414833333333334,29.049500000000002,False,False,30.08,23358833.64,44899979.9455
2021-12-29,30.07,30.21,29.47,29.7,814160.0,27546396.0,59720123.0,0.013632925705796018,29.556,28.591999999999995,28.489500000000003,27.7065,55.413271155321794,1496797.25,27.4395,28.79,False,False,30.08,24180552.0,42558132.460499994
2021-12-30,29.9,30.41,29.55,29.9,946580.0,32076196.0,59720123.0,0.015850268761167824,29.7,28.762999999999998,28.585,27.79866666666667,61.76836850999287,1442239.25,27.481833333333334,28.601999999999997,False,False,30.08,28302742.0,41121452.4305
2021-12-31,29.95,30.56,29.56,30.14,721513.0,24685433.0,53756103.99999999,0.013421973437658356,29.971999999999998,29.044,28.654500000000002,27.902499999999996,58.117325946297065,1380355.3,27.521666666666665,28.421999999999997,False,False,30.08,21746401.82,39392434.02150001
2022-01-04,30.37,31.15,29.99,30.31,1314580.0,45526733.0,53756103.99999999,0.024454525201454334,30.018,29.394,28.7505,28.019833333333334,65.2430042837405,1355149.6,27.583666666666666,28.421000000000003,False,False,30.14,39844919.8,38803043.8785
2022-01-05,30.47,30.5,29.15,30.39,2045694.0,69465443.0,53756103.99999999,0.038055101612274586,30.088,29.659999999999997,28.8545,28.1485,67.61619176212494,1400758.3,27.6495,28.4495,False,False,30.31,62168640.660000004,40306978.3515
2022-01-06,29.99,31.93,29.99,31.44,2088701.0,73959741.0,53756103.99999999,0.03885514099012831,30.436,29.996,29.0055,28.296499999999998,71.466314266773,1445107.35,27.7065,28.489500000000003,False,False,30.39,65668759.440000005,41882772.203499995
2022-01-07,31.67,34.53,31.11,32.79,3725292.0,139727587.0,53756103.99999999,0.0692998882508301,31.014,30.357,29.2065,28.464999999999996,83.87096759625393,1551219.95,27.79866666666667,28.585,False,False,31.44,122152324.67999999,45684415.3975
2022-01-10,33.16,34.66,32.21,34.14,2334551.0,88496789.0,53756103.99999999,0.04342857510655907,31.814,30.893,29.512999999999998,28.663166666666665,91.22609659424464,1526437.5,27.902499999999996,28.654500000000002,False,False,32.79,79701571.14,45705798.8545
2022-01-11,34.21,34.84,33.43,34.14,1841913.0,70814957.0,53756103.99999999,0.03426425769248456,32.58,31.299,29.7725,28.8745,90.21329971606198,1520210.05,28.019833333333334,28.7505,False,False,34.14,62882909.82,46003490.6005
2022-01-12,33.9,35.54,33.61,34.73,2239031.0,88616256.0,53756103.99999999,0.041651660618857354,33.44799999999999,31.768,30.096999999999998,29.101333333333333,90.49939083227878,1564983.75,28.1485,28.8545,False,False,34.14,77761546.63,47994465.448
2022-01-13,34.73,35.26,34.29,34.56,1402820.0,55332949.0,53756103.99999999,0.026096013208100056,34.071999999999996,32.254000000000005,30.423000000000002,29.327999999999996,86.95054928333694,1584825.35,28.296499999999998,29.0055,False,False,34.73,48481459.2,49008143.232
2022-01-14,34.5,35.71,34.25,34.5,1844580.0,72943726.0,53756103.99999999,0.034313870662948345,34.414,32.714,30.7385,29.551666666666666,91.21037445577163,1629421.35,28.464999999999996,29.2065,False,False,34.73,63638010.0,50847269.462
2022-01-17,34.5,34.98,32.72,32.86,3095563.0,117425427.0,53756103.99999999,0.05758533021663922,34.158,32.986000000000004,31.015000000000004,29.7285,69.09340646053468,1706455.5,28.663166666666665,29.512999999999998,False,False,34.73,101720200.17999999,53808535.951
2022-01-18,32.97,33.11,31.76,32.11,2078299.0,76023106.0,53756103.99999999,0.03866163738354253,33.751999999999995,33.166,31.28,29.860833333333332,62.953692004837094,1740428.9,28.8745,29.7725,False,False,34.73,66734180.89,55270112.04
2022-01-19,31.82,33.75,31.82,33.09,1943700.0,72859403.0,53756103.99999999,0.03615775428963379,33.424,33.436,31.547999999999995,29.97716666666667,69.64078783604046,1752062.2,29.101333333333333,30.096999999999998,False,False,34.73,64317033.00000001,56113615.049
2022-01-20,33.18,33.54,31.71,31.71,1341360.0,49105154.0,53756103.99999999,0.02495270118533888,32.854,33.463,31.7295,30.057333333333336,59.225280241676465,1762116.5,29.327999999999996,30.423000000000002,False,False,34.73,42534525.6,56639396.633
2022-01-21,32.19,32.19,30.67,31.4,1442140.0,51045429.0,53756103.99999999,0.02682746502611127,32.234,33.324,31.8405,30.122,56.376518138737715,1745398.3,29.551666666666666,30.7385,True,False,34.73,45283196.0,56311637.097
2022-01-24,31.39,31.75,30.91,31.14,1018056.0,36057082.0,53756103.99999999,0.018938426043673108,31.889999999999997,33.024,31.958499999999997,30.192333333333334,54.16248738633151,1728039.7,29.7285,31.015000000000004,True,True,34.73,31702263.84,55932187.197000004
2022-01-25,31.12,31.3,30.05,30.25,1143248.0,39664928.0,53756103.99999999,0.02126731505690963,31.518,32.635000000000005,31.966999999999995,30.219833333333334,49.35064928655759,1707968.6,29.860833333333332,31.28,True,True,34.73,34583252.0,55338166.117000006
2022-01-26,30.39,31.0,29.56,31.0,1113820.0,38285098.0,53756103.99999999,0.02071987955079483,31.1,32.262,32.015,30.274,47.900763294789044,1724780.05,29.97716666666667,31.547999999999995,True,True,34.73,34528420.0,55896645.43499999
2022-01-27,31.56,31.56,29.22,29.29,2604060.0,88560144.0,53756103.99999999,0.0484421266838832,30.615999999999996,31.735000000000003,31.9945,30.2955,33.856088517160046,1814275.05,30.057333333333336,31.7295,True,True,34.73,76272917.39999999,58501263.705
2022-01-28,29.55,30.25,29.45,29.65,1272020.0,43120682.0,53756103.99999999,0.023662801158357758,30.266,31.25,31.982,30.32383333333333,27.208121788739717,1830547.05,30.122,31.8405,True,True,34.73,37715393.0,58971896.254999995
2022-02-07,29.98,30.46,29.2,30.42,1712483.0,58082890.0,53756103.99999999,0.0318565311206333,30.122000000000003,31.006,31.996,30.368,32.485875663389635,1880095.55,30.192333333333334,31.958499999999997,True,True,34.73,52093732.86,60489262.807
2022-02-08,30.77,31.62,30.25,31.23,1867240.0,65780088.0,53756103.99999999,0.03473540418777373,30.318,30.918,32.042,30.429333333333332,33.85608851716006,1907728.55,30.219833333333334,31.966999999999995,True,True,34.73,58313905.2,61412712.077
2022-02-09,31.15,32.6,30.88,32.55,1605004.0,58204672.0,53756103.99999999,0.029857148873735348,30.627999999999997,30.863999999999997,32.15,30.512333333333334,41.61801496391556,1885694.05,30.274,32.015,True,True,34.73,52242880.199999996,60916424.054
2022-02-10,32.79,33.32,30.52,31.36,2541003.0,90562591.0,53756103.99999999,0.0472691064069673,31.041999999999994,30.829,32.146,30.540666666666667,38.0335365447813,1908309.15,30.2955,31.9945,False,True,34.73,79685854.08,61617278.78599999
2022-02-11,31.16,31.19,28.96,29.28,2226944.0,75613913.0,53756103.99999999,0.041426811734719474,30.967999999999996,30.616999999999997,31.970500000000005,30.538666666666664,36.799409991505044,1833391.75,30.32383333333333,31.982,True,False,34.73,65204920.32,58769908.568
2022-02-14,29.01,29.42,28.29,28.66,1439860.0,46894608.0,53756103.99999999,0.02678505123808824,30.616000000000003,30.369,31.696499999999997,30.504833333333334,37.15562170363525,1788657.2,30.368,31.996,True,True,34.73,41266387.6,56848149.390999995
2022-02-15,28.54,28.79,28.25,28.49,841420.0,27134659.0,53756103.99999999,0.01565254803435904,30.068,30.193,31.413999999999998,30.468166666666665,31.774960345099075,1738632.55,30.429333333333332,32.042,True,True,34.73,23972055.799999997,54902606.69
2022-02-16,29.0,30.33,28.76,29.82,1547934.0,52303275.0,53756103.99999999,0.028795501995457114,29.522000000000002,30.075,31.1685,30.4375,42.48210019134849,1704077.7,30.512333333333334,32.15,True,True,34.73,46159391.88,53322498.9525
2022-02-17,29.82,30.25,28.7,28.89,1454640.0,48036047.0,53756103.99999999,0.027059996758693677,29.028,30.035000000000004,30.885,30.386499999999998,40.48521602981099,1706668.7,30.540666666666667,32.146,True,True,34.56,42024549.6,52999653.4725
2022-02-18,28.89,29.22,28.35,28.55,926740.0,30133172.0,53756103.99999999,0.01723971662827351,28.881999999999998,29.925,30.5875,30.351166666666664,40.24114539838914,1660776.7,30.538666666666664,31.970500000000005,True,True,34.5,26458427.0,51140674.3225
2022-02-21,28.47,28.75,27.61,28.07,929120.0,29525793.0,53756103.99999999,0.0172839906701572,28.764,29.689999999999998,30.347999999999995,30.322166666666668,41.52410570907173,1552454.55,30.504833333333334,31.696499999999997,True,True,33.09,26080398.4,47358684.233500004
2022-02-22,28.05,28.05,27.26,27.59,827280.0,25801051.0,53756103.99999999,0.015389508138461822,28.583999999999996,29.326,30.121999999999996,30.241,36.45750591656831,1489903.6,30.468166666666665,31.413999999999998,True,True,33.09,22824655.2,45163207.949
2022-02-23,27.55,28.07,27.48,27.7,773340.0,24359045.0,53756103.99999999,0.014386087206022224,28.160000000000004,28.841,29.852500000000003,30.15,42.76615099192665,1431385.6,30.4375,31.1685,True,True,33.09,21421518.0,43018432.199
2022-02-24,27.52,27.87,26.64,27.04,1057680.0,32548145.0,53756103.99999999,0.01967553303342073,27.79,28.409,29.619,30.046166666666668,38.44109826942645,1417201.6,30.386499999999998,30.885,True,True,32.55,28599667.2,42321689.279
2022-02-25,27.18,27.59,26.55,27.03,973580.0,29801263.0,53756103.99999999,0.0181110595366063,27.486,28.184000000000005,29.4005,29.947666666666667,33.90313385805851,1393773.6,30.351166666666664,30.5875,True,True,32.55,26315867.400000002,41373322.849
2022-02-28,26.88,27.7,26.06,27.58,1757300.0,53761534.0,53756103.99999999,0.032690241093364956,27.387999999999998,28.076,29.222500000000004,29.867666666666665,32.229795476999286,1430735.8,30.322166666666668,30.347999999999995,True,True,32.55,48466334.0,42211526.357
2022-03-01,27.78,27.85,27.09,27.14,940880.0,29238943.0,53756103.99999999,0.01750275652417073,27.297999999999995,27.941000000000003,29.067,29.81833333333333,21.19275822186384,1420617.4,30.241,30.121999999999996,True,True,32.55,25535483.2,41759137.917
2022-03-02,26.99,27.26,26.16,26.24,1514448.0,45467631.0,53756103.99999999,0.02817257738767676,27.006,27.583000000000006,28.829,29.764499999999998,21.86813183448858,1440648.8,30.15,29.852500000000003,True,True,32.55,39739115.519999996,42019672.693
2022-03-03,26.24,26.26,25.37,25.66,847820.0,24749689.0,53756103.99999999,0.015771604281441233,26.73,27.26,28.647499999999997,29.710500000000003,26.18421047808171,1352836.8,30.046166666666668,29.619,True,True,32.55,21755061.2,39293779.883
2022-03-04,25.62,25.91,25.49,25.68,685880.0,19939824.0,53756103.99999999,0.012759109179489646,26.459999999999997,26.972999999999995,28.449,29.672,28.71428565685713,1323529.8,29.947666666666667,29.4005,True,True,32.55,17613398.4,38288680.153000005
2022-03-07,25.58,25.58,24.69,24.83,889800.0,25176620.0,53756103.99999999,0.016552538852145984,25.909999999999997,26.649,28.1695,29.60666666666667,26.171874952290835,1282395.65,29.867666666666665,29.222500000000004,True,True,32.55,22093734.0,36788680.21
2022-03-08,24.83,25.22,23.99,24.04,770700.0,21313350.0,53756103.99999999,0.01433697650410082,25.29,26.294,27.810000000000002,29.534166666666668,9.523809505135347,1227568.65,29.81833333333333,29.067,True,True,32.55,18527628.0,34799366.35
2022-03-09,24.09,24.16,22.81,23.51,1057600.0,28142763.0,53756103.99999999,0.0196740448303322,24.744,25.875,27.358000000000004,29.454166666666666,10.089020750556884,1200198.45,29.764499999999998,28.829,True,True,32.55,24864176.0,33430431.140000004
2022-03-10,24.57,24.67,23.87,23.91,658580.0,18102460.0,53756103.99999999,0.012251259875529672,24.394,25.562,26.985500000000002,29.379,15.882352908477458,1106077.3,29.710500000000003,28.647499999999997,True,True,31.36,15746647.8,30233470.825999998
2022-03-11,22.93,23.92,22.47,23.75,1761668.0,46128765.0,53756103.99999999,0.03277149698199855,24.008,25.234,26.709000000000003,29.295333333333335,16.666666630658383,1082813.5,29.672,28.449,True,True,29.82,41839615.0,29065205.560000002
2022-03-14,23.47,23.72,22.59,22.62,800538.0,20858615.0,53756103.99999999,0.014892039051044326,23.566,24.738,26.407,29.205499999999997,15.14726504739663,1050847.4,29.60666666666667,28.1695,True,True,29.82,18108169.560000002,27907294.658
2022-03-15,22.62,22.62,21.09,21.11,1265140.0,31191889.0,53756103.99999999,0.023534815692744404,22.98,24.135,26.038,29.07483333333333,11.371629524126234,1072033.4,29.534166666666668,27.810000000000002,True,True,29.82,26707105.4,28044047.138
2022-03-16,21.44,22.05,20.29,21.7,1482940.0,35589279.0,53756103.99999999,0.027586448601260243,22.618000000000002,23.681,25.631999999999998,28.965833333333332,18.439716281541806,1068783.7,29.454166666666666,27.358000000000004,True,True,29.82,32179798.0,27345067.444
2022-03-17,21.88,23.17,21.88,22.32,1474830.0,37702199.0,53756103.99999999,0.027435582013160778,22.3,23.347,25.3035,28.8705,24.03528110953758,1069793.2,29.379,26.985500000000002,True,True,28.89,32918205.6,26889750.244
2022-03-18,22.27,22.84,22.06,22.55,881440.0,22454947.0,53756103.99999999,0.01639702162939487,22.060000000000002,23.034,25.0035,28.776500000000002,21.25714282313143,1067528.2,29.295333333333335,26.709000000000003,True,True,28.55,19876472.0,26560652.494
2022-03-21,22.87,22.94,22.38,22.87,611260.0,15754716.0,53756103.99999999,0.011370987748665715,22.11,22.838,24.7435,28.702166666666663,25.26071838312282,1051635.2,29.205499999999997,26.407,True,True,28.07,13979516.200000001,25955608.384
2022-03-22,22.83,22.93,22.19,22.65,729000.0,18687954.0,53756103.99999999,0.013561250644205913,22.418,22.698999999999998,24.4965,28.632833333333334,27.42138359950951,1046721.2,29.07483333333333,26.038,True,True,27.7,16511849.999999998,25639968.124
2022-03-23,22.66,22.88,22.14,22.61,1144760.0,29111474.0,53756103.99999999,0.0212954420952828,22.6,22.609,24.241999999999997,28.5475,29.419703048329836,1065292.2,28.965833333333332,25.631999999999998,True,True,27.7,25883023.599999998,25863043.404000003
2022-03-24,22.69,22.69,22.06,22.17,870880.0,21926407.0,53756103.99999999,0.016200578821709253,22.57,22.435,23.9985,28.449,27.586206847227743,1055952.2,28.8705,25.3035,True,True,27.58,19307409.6,25398430.523999996
2022-03-25,22.38,22.47,21.95,21.95,742460.0,18695578.0,53756103.99999999,0.013811640813850648,22.45,22.255000000000003,23.7445,28.328500000000002,29.999999941666672,1044396.2,28.776500000000002,25.0035,True,True,27.58,16296997.0,24897487.004
2022-03-28,21.57,21.95,21.22,21.63,1110400.0,27219706.0,53756103.99999999,0.020656258868760283,22.202,22.156,23.447,28.209333333333333,32.095096515701144,1012051.2,28.702166666666663,24.7435,True,True,27.58,24017952.0,23675067.904
2022-03-29,21.52,21.95,20.38,20.75,1612180.0,38461075.0,53756103.99999999,0.029990640690776255,21.822,22.119999999999997,23.1275,28.053833333333333,30.50847451594369,1045616.2,28.632833333333334,24.4965,True,True,27.14,33452735.0,24070930.494
2022-03-30,21.65,22.1,20.71,21.85,1522480.0,37119991.0,53756103.99999999,0.02832199297776491,21.669999999999998,22.134999999999998,22.908,27.917333333333332,36.76092538372071,1046017.8,28.5475,24.241999999999997,True,True,26.24,33266188.000000004,23747284.118
2022-03-31,21.87,22.67,21.55,22.4,1347120.0,34039823.0,53756103.99999999,0.025059851807712853,21.716,22.143,22.744999999999997,27.795666666666666,41.73806602394945,1070982.8,28.449,23.9985,True,True,25.68,30175487.999999996,24168305.457999997
2022-04-01,22.06,22.5,21.74,22.22,986549.0,24739196.0,53756103.99999999,0.018352315859795198,21.77,22.11,22.572,27.667666666666666,47.229916805925356,1086016.25,28.328500000000002,23.7445,True,True,25.68,21921118.779999997,24383691.477
2022-04-06,22.2,23.2,22.05,22.84,1371400.0,35258605.0,53756103.99999999,0.02551152144508092,22.012,22.107,22.4725,27.546,63.66508674702824,1110096.25,28.209333333333333,23.447,True,True,24.83,31322776.0,24845143.577
2022-04-07,22.39,22.77,21.52,21.74,1592900.0,39853186.0,53756103.99999999,0.029631983746441153,22.21,22.016,22.3575,27.403166666666664,50.29239755788105,1151206.25,28.053833333333333,23.1275,False,True,24.04,34629646.0,25650244.477
2022-04-08,21.85,21.96,20.99,21.06,920875.0,22176401.0,53756103.99999999,0.017130612739345845,22.052,21.860999999999997,22.235,27.247666666666667,40.86956513446754,1144370.0,27.917333333333332,22.908,True,False,23.91,19393627.5,25376717.052
2022-04-11,20.99,21.09,19.92,20.11,1386000.0,32029412.0,53756103.99999999,0.02578311850873717,21.594,21.655,22.044999999999998,27.058833333333332,33.989501249888036,1180741.0,27.795666666666666,22.744999999999997,True,True,23.91,27872460.0,25983007.662
2022-04-12,20.17,20.57,19.52,20.57,874980.0,19835695.0,53756103.99999999,0.016276849229996282,21.264,21.517,21.886000000000003,26.855166666666666,35.18041230766421,1136406.6,27.667666666666666,22.572,True,True,23.75,17998338.6,24790943.842
2022-04-13,20.28,20.46,19.83,19.91,647880.0,14718857.0,53756103.99999999,0.012052212712439132,20.677999999999997,21.345,21.7505,26.618,33.29268286998811,1128773.7,27.546,22.4725,True,True,22.87,12899290.8,24530499.904
2022-04-14,19.91,20.26,19.78,19.82,588500.0,13352620.0,53756103.99999999,0.010947593969979671,20.294,21.252,21.686,26.37933333333333,33.09090903475483,1094941.7,27.403166666666664,22.3575,True,True,22.87,11664070.0,23778348.134
2022-04-15,19.67,19.83,19.19,19.28,617780.0,13621133.0,53756103.99999999,0.011492276300380699,19.938,20.994999999999997,21.565,26.12183333333333,32.6946107236258,1051683.7,27.247666666666667,22.235,True,True,22.87,11910798.4,22764898.154000003
2022-04-18,19.24,19.93,18.79,19.87,767400.0,16915237.0,53756103.99999999,0.014275588126699065,19.890000000000004,20.741999999999997,21.442500000000003,25.877000000000002,38.07339443428584,1016312.2,27.058833333333332,22.044999999999998,True,True,22.87,15248238.0,21881399.774
2022-04-19,19.78,20.09,19.27,19.35,561000.0,12442828.0,53756103.99999999,0.010436024158298378,19.646,20.455000000000002,21.2825,25.6245,37.219730883287426,1000290.2,26.855166666666666,21.886000000000003,True,True,22.87,10855350.0,21430343.674000002
2022-04-20,19.57,19.87,19.34,19.48,693460.0,15406657.0,53756103.99999999,0.012900116422127617,19.560000000000002,20.119,21.113,25.4015,42.22766210634183,1004400.2,26.618,21.7505,True,True,22.87,13508600.8,21406797.904
2022-04-21,19.78,21.17,18.88,19.09,1766318.0,39658453.0,53756103.99999999,0.0328579987865192,19.413999999999998,19.854000000000003,20.935,25.184500000000003,31.5013404234559,1056266.1,26.37933333333333,21.686,True,True,22.84,33719010.62,22267155.935
2022-04-22,19.14,20.99,18.61,20.99,2169401.0,48994076.0,53756103.99999999,0.04035636585568032,19.756,19.847,20.854,24.982833333333335,41.99772978570168,1107498.15,26.12183333333333,21.565,True,True,22.84,45535726.989999995,23249791.1045
2022-04-25,21.61,22.51,20.29,21.31,5372050.0,130421732.0,53756103.99999999,0.0999337675215451,20.044,19.967,20.811,24.8095,44.91620104705845,1332556.65,25.877000000000002,21.442500000000003,False,True,22.84,114478385.5,28008339.8995
2022-04-26,20.99,20.99,19.18,19.18,3410919.0,77357373.0,53756103.99999999,0.0634517523814598,20.009999999999998,19.828,20.6725,24.605833333333333,32.5047800712173,1465979.6,25.6245,21.2825,False,False,22.84,65421426.42,30464561.3705
2022-04-27,18.26,18.52,17.28,18.21,3194678.0,64740130.0,53756103.99999999,0.059429120830631635,19.756,19.658,20.5015,24.39033333333333,32.91384313061047,1570193.5,25.4015,21.113,True,False,22.84,58175086.38,32172418.0895
2022-04-28,16.4,17.78,16.4,16.4,6491554.0,121302860.0,53756103.99999999,0.1207593839017798,19.217999999999996,19.316000000000003,20.284,24.159499999999998,29.668411831120608,1814162.2,25.184500000000003,20.935,True,True,22.84,106461485.6,35822855.6195
2022-04-29,16.41,18.04,16.38,17.64,6702152.0,133144960.0,53756103.99999999,0.12467704132725096,18.548,19.152,20.0735,23.936833333333333,39.489361655076515,2073145.8,24.982833333333335,20.854,True,True,22.84,118225961.28,40070844.2835
2022-05-05,17.44,17.92,16.76,17.77,4369074.0,86207554.0,53756103.99999999,0.0812758677600594,17.84,18.942,19.842,23.744833333333336,37.74080555793596,2224243.5,24.8095,20.811,True,True,22.84,77638444.98,42443992.1325
2022-05-06,16.0,18.16,16.0,17.39,2606270.0,51877191.0,53756103.99999999,0.04848323829420377,17.482,18.746,19.600500000000004,23.5405,38.68940749177274,2305229.55,24.605833333333333,20.6725,True,True,22.84,45323035.300000004,43614087.958500005
2022-05-09,17.77,18.42,17.42,18.08,2051696.0,41864066.0,53756103.99999999,0.03816675404899136,17.455999999999996,18.606,19.3625,23.334833333333332,42.58943776863268,2339244.35,24.39033333333333,20.5015,True,True,22.84,37094663.68,43902682.3425
2022-05-10,17.82,18.73,17.82,18.36,1938560.0,40301130.0,53756103.99999999,0.036062137241195905,17.848,18.532999999999998,19.1935,23.120333333333335,45.99303130279594,2356527.35,24.159499999999998,20.284,True,True,21.74,35591961.6,43950798.1225
2022-05-11,18.62,19.29,18.52,18.76,1933320.0,41553107.0,53756103.99999999,0.035964659938897366,18.072,18.310000000000002,19.0785,22.8905,45.084145205387244,2407149.6,23.936833333333333,20.0735,True,True,21.31,36269083.2,44794570.907500006
2022-05-12,18.62,19.99,18.39,19.85,2111310.0,46567591.0,53756103.99999999,0.03927572578548476,18.488,18.164,19.0655,22.698666666666664,52.1079257395016,2443415.1,23.744833333333336,19.842,True,True,21.31,41909503.5,45496423.0825
2022-05-13,20.25,20.57,19.39,19.56,2540920.0,56028188.0,53756103.99999999,0.04726756239626295,18.922,18.202,19.015,22.53666666666667,50.332778643539186,2526712.1,23.5405,19.600500000000004,False,True,21.31,49700395.199999996,47081525.9125
2022-05-16,19.56,19.62,19.16,19.35,1509310.0,32622833.0,53756103.99999999,0.028076997544316088,19.176000000000002,18.316,18.987000000000002,22.381500000000003,51.097972912553075,2569783.6,23.334833333333332,19.3625,False,False,21.31,29205148.500000004,47896818.7975
2022-05-17,19.34,19.39,18.78,18.86,1291400.0,27380965.0,53756103.99999999,0.02402331835655352,19.276000000000003,18.561999999999998,18.939,22.221,39.78906993700413,2604928.6,23.120333333333335,19.1935,False,False,21.31,24355804.0,48531405.497499995
2022-05-18,19.08,19.15,18.59,18.71,1355200.0,28554873.0,53756103.99999999,0.02521016031965412,19.266,18.669,18.9105,22.035833333333333,37.32943464691891,2641799.6,22.8905,19.0785,True,False,21.31,25355792.0,49203655.177499995
2022-05-19,18.46,18.77,18.4,18.55,1407740.0,29271635.0,53756103.99999999,0.02618753769804449,19.006,18.747,18.8445,21.8635,46.20024117650141,2673816.6,22.698666666666664,19.0655,True,True,21.31,26113577.0,49746922.1275
2022-05-20,18.67,18.85,18.36,18.59,1374160.0,28592203.0,53756103.99999999,0.025562864451635116,18.812,18.867,18.8065,21.6975,52.58152163911122,2714474.6,22.53666666666667,19.015,True,True,21.31,25545634.4,50481436.3475
2022-05-23,18.75,19.27,18.34,18.77,2405240.0,50806932.0,53756103.99999999,0.04474356995812048,18.695999999999998,18.936,18.771,21.5425,70.68062809955867,2800063.6,22.381500000000003,18.987000000000002,True,True,21.31,45146354.8,52063324.0475
2022-05-24,18.79,19.06,17.24,17.27,3296920.0,66004300.0,53756103.99999999,0.061331081582846864,18.378,18.827,18.68,21.3705,46.91151908902148,2876593.7,22.221,18.939,True,True,21.31,56937808.4,53224263.9365
2022-05-25,17.13,17.43,17.08,17.29,1294200.0,24996350.0,53756103.99999999,0.02407540546465198,18.094,18.68,18.495,21.197,45.91836723760933,2832833.65,22.035833333333333,18.9105,True,True,21.31,22376718.0,52066313.487
2022-05-26,17.52,17.58,16.78,17.41,1752480.0,33782918.0,53756103.99999999,0.03260057685728118,17.865999999999996,18.436,18.3,21.0365,50.17793581806209,2651855.15,21.8635,18.8445,True,True,21.31,30510676.8,47867928.052
2022-05-27,17.69,18.02,17.25,17.37,1947180.0,38581254.0,53756103.99999999,0.036222491123984735,17.622,18.217,18.2095,20.8755,42.857142736418545,2578668.2,21.6975,18.8065,True,True,19.85,33822516.6,46287982.561000004
2022-05-30,17.4,17.41,16.86,17.17,1206260.0,23045045.0,53756103.99999999,0.02243949821958824,17.302,17.999000000000002,18.157500000000002,20.702,37.83231073013246,2479247.3,21.5425,18.771,True,True,19.85,20711484.200000003,44414802.45200001
2022-05-31,17.16,17.4,16.78,17.35,1235010.0,23608949.0,53756103.99999999,0.022974321204527772,17.318,17.848000000000003,18.205,20.538833333333333,34.903640152323135,2216420.1,21.3705,18.68,True,True,19.85,21427423.5,40163099.347
2022-06-01,17.26,17.83,17.07,17.48,2328510.0,45674625.0,53756103.99999999,0.043316197170836644,17.356,17.725,18.197,20.392833333333332,18.059299123226324,1997738.0,21.197,18.495,True,True,19.85,40702354.800000004,36286919.023
2022-06-02,17.58,17.73,17.15,17.62,1891880.0,36925083.0,53756103.99999999,0.03519377073904017,17.398000000000003,17.631999999999998,18.189500000000002,20.25883333333333,22.752808899286705,1873878.3,21.0365,18.3,True,True,19.85,33334925.6,34071743.054000005
2022-06-06,17.88,18.76,17.61,18.59,3820460.0,78252216.0,53756103.99999999,0.07107025464494228,17.642000000000003,17.631999999999998,18.2495,20.140666666666668,41.20370357017316,1934587.8,20.8755,18.2095,True,True,19.85,71022351.4,35356708.859
2022-06-07,18.64,19.06,17.89,18.25,2539320.0,52036863.0,53756103.99999999,0.047237798334492404,17.858,17.580000000000002,18.258,20.031,42.68585117563503,1958969.0,20.702,18.157500000000002,False,True,19.85,46342590.0,35819105.175
2022-06-08,18.25,18.37,17.7,17.92,1965880.0,39463604.0,53756103.99999999,0.03657035859592801,17.972,17.645,18.235999999999997,19.929,40.919540098189984,1960335.0,20.538833333333333,18.205,True,False,19.85,35228569.6,35800935.575
2022-06-09,17.92,18.07,17.27,17.32,1713160.0,33505890.0,53756103.99999999,0.03186912503926996,17.939999999999998,17.648000000000003,18.163999999999998,19.825833333333332,37.16075145715019,1949327.0,20.392833333333332,18.197,True,True,19.85,29671931.2,35471077.975
2022-06-10,17.29,17.49,17.16,17.49,1359014.0,26426114.0,53756103.99999999,0.025281110401899665,17.914,17.656,18.046,19.718833333333333,38.821138100915434,1911712.2,20.25883333333333,18.189500000000002,True,True,19.85,23769154.86,34564060.543
2022-06-13,17.63,17.78,17.15,17.37,2101840.0,41016926.0,53756103.99999999,0.03909955974488032,17.669999999999998,17.656,17.936500000000002,19.6125,35.59670771638807,1889758.2,20.140666666666668,18.2495,True,True,19.56,36508960.800000004,33904488.823
2022-06-14,17.21,17.26,16.72,17.24,1754327.0,33366292.0,53756103.99999999,0.03263493574608756,17.468,17.663,17.831,19.52283333333333,49.570200374216945,1902009.05,20.031,18.258,True,True,19.35,30244597.479999997,33956461.272
2022-06-15,17.43,17.96,17.43,17.58,3386820.0,67005468.0,53756103.99999999,0.06300344980357953,17.4,17.686,17.767,19.464000000000002,53.8057740805037,2006780.05,19.929,18.235999999999997,True,True,18.86,59540295.599999994,35715685.852000006
2022-06-16,17.58,18.11,17.58,17.85,2558676.0,51229272.0,53756103.99999999,0.047597869071761605,17.506,17.723000000000003,17.724,19.399833333333333,55.55555535914704,2066953.85,19.825833333333332,18.163999999999998,True,True,18.77,45672366.6,36731514.582
2022-06-17,17.7,17.97,17.16,17.69,2619560.0,51452827.0,53756103.99999999,0.04873046603228538,17.546,17.73,17.681,19.322666666666667,53.921568442426,2127544.85,19.718833333333333,18.046,False,True,18.77,46340016.400000006,37742836.552
2022-06-20,17.98,19.46,17.92,19.46,6764339.0,142000876.0,53756103.99999999,0.12583387739557914,17.964,17.817,17.7245,19.271166666666666,70.26548655155455,2397053.8,19.6125,17.936500000000002,False,False,18.77,131634036.94000001,43047256.679000005
2022-06-21,19.85,20.83,19.5,19.85,8793369.0,196904768.0,53756103.99999999,0.16357898630451345,18.486,17.977,17.7785,19.220833333333335,71.33105785006232,2716460.25,19.52283333333333,17.831,False,False,19.46,174548374.65,49517357.671500005
2022-06-22,20.1,20.45,19.23,20.21,6302413.0,140078733.0,53756103.99999999,0.11724088114719029,19.012,18.206,17.9255,19.180166666666665,72.41379293697979,2866734.9,19.464000000000002,17.767,False,False,19.85,127371766.73,53039055.588
2022-06-23,20.02,20.14,19.49,20.11,4824778.0,106896955.0,53756103.99999999,0.08975311901323803,19.464000000000002,18.485,18.066499999999998,19.1385,70.57851223337202,3043263.8,19.399833333333333,17.724,False,False,20.21,97026285.58,56771533.96700001
2022-06-24,20.39,21.37,19.8,21.01,6207979.0,142704866.0,53756103.99999999,0.11548416901641534,20.128,18.837,18.2465,19.11916666666667,70.23411354794689,3266038.75,19.322666666666667,17.681,False,False,20.21,130429638.79,61767482.06650001
2022-06-27,20.79,21.14,20.56,20.61,4823441.0,112060973.0,53756103.99999999,0.08972824741912101,20.358,19.161,18.4085,19.096833333333333,69.53642367988243,3409851.8,19.271166666666666,17.7245,False,False,21.01,99411119.00999999,65046912.187
2022-06-28,20.56,20.68,20.03,20.46,3160219.0,72048123.0,53756103.99999999,0.05878809595278706,20.479999999999997,19.483,18.573,19.077333333333335,71.67235477757455,3507549.75,19.220833333333335,17.7785,False,False,21.01,64658080.74,67244242.01400001
2022-06-29,20.46,20.78,20.2,20.24,2857780.0,65522887.0,53756103.99999999,0.053161962779147844,20.486,19.749000000000002,18.7175,19.068833333333334,76.64233557062173,3588688.25,19.180166666666665,17.9255,False,False,21.01,57841467.199999996,69064944.199
2022-06-30,20.29,21.21,19.86,21.14,4751140.0,110820825.0,54355968.99999999,0.08740787971234586,20.692,20.078,18.9005,19.057,79.38808355693504,3709819.75,19.1385,18.066499999999998,False,False,21.01,100439099.60000001,72051781.439
2022-07-01,21.14,21.41,20.47,20.53,3877635.0,90001831.0,54355968.99999999,0.07133779548663736,20.595999999999997,20.362000000000002,19.046,19.02583333333333,73.58208939848514,3809107.5,19.11916666666667,18.2465,False,False,21.14,79607846.55,74365427.4865
2022-07-04,20.44,20.69,20.02,20.63,2611380.0,59241751.0,54355968.99999999,0.04804219385731124,20.6,20.479000000000003,19.148000000000003,18.999333333333333,75.41229369478675,3748653.5,19.096833333333333,18.4085,False,False,21.14,53872769.4,73507948.3865
2022-07-05,21.03,22.44,20.88,21.28,5426569.0,129597308.0,54355968.99999999,0.09983391152496979,20.764000000000003,20.622,19.299500000000002,18.973333333333336,76.5042978408223,3893015.95,19.077333333333335,18.573,False,False,21.14,115477388.32000001,76964688.3025
2022-07-06,21.35,22.24,20.84,22.14,5871893.0,142210528.0,54355968.99999999,0.1080266456108988,21.144000000000002,20.814999999999998,19.5105,18.980000000000004,78.33553486173082,4088316.6,19.068833333333334,18.7175,False,False,21.28,130003711.02000001,81703445.3735
2022-07-07,21.89,21.89,20.91,20.94,4793160.0,113944775.0,54355968.99999999,0.08818093188624787,21.104000000000003,20.898000000000003,19.6915,18.977999999999998,68.87340290775519,4242316.6,19.057,18.9005,False,False,22.14,100368770.4,85238287.3335
2022-07-08,20.75,20.81,20.34,20.51,2623880.0,60171487.0,54355968.99999999,0.04827215940166572,21.1,20.848000000000003,19.8425,18.984666666666666,57.221457936574915,4305559.9,19.02583333333333,19.046,False,False,22.14,53815778.800000004,86740618.53050001
2022-07-11,20.38,20.65,19.94,20.35,2169360.0,49129694.0,54355968.99999999,0.03991024426406602,21.044,20.822,19.991500000000002,18.981,53.55113625714262,4308935.9,18.999333333333333,19.148000000000003,False,False,22.14,44146476.0,87122494.2905
2022-07-12,20.34,20.38,19.49,19.52,2863419.0,63117324.0,54355968.99999999,0.05267901672399586,20.692,20.728,20.1055,18.9745,45.406125081799495,4364390.5,18.973333333333336,19.299500000000002,False,False,22.14,55893938.879999995,88404961.36050001
2022-07-13,19.63,19.85,19.26,19.48,1581353.0,34510891.0,54355968.99999999,0.029092536276926647,20.16,20.652,20.2005,18.968833333333336,45.77181199452278,4274117.15,18.980000000000004,19.5105,True,False,22.14,30804756.44,86968184.4025
2022-07-14,19.43,19.63,19.19,19.45,1438020.0,31274379.0,54355968.99999999,0.026455604167409844,19.862000000000002,20.482999999999997,20.2805,18.97166666666667,38.14589657537346,4218084.35,18.977999999999998,19.6915,True,True,22.14,27969489.0,86083040.52250001
2022-07-15,19.48,20.26,18.77,19.92,3066563.0,67390033.0,54355968.99999999,0.056416306367383505,19.744,20.422,20.392000000000003,18.9725,44.81202998084687,4240434.5,18.984666666666666,19.8425,True,True,22.14,61085934.96000001,86820336.4505
2022-07-18,19.9,20.73,19.72,20.12,2696160.0,61118708.0,54355968.99999999,0.04960191216534104,19.698,20.371000000000002,20.425,18.985333333333337,47.46268646798842,4037025.55,18.981,19.991500000000002,True,True,22.14,54246739.2,82950971.5635
2022-07-19,20.16,20.16,19.68,19.74,1846060.0,41055616.0,54355968.99999999,0.03396241542488186,19.741999999999997,20.217000000000002,20.4195,18.98966666666667,46.35568503659189,3689660.1,18.9745,20.1055,True,True,22.14,36441224.4,76045614.05100001
2022-07-20,19.85,20.41,19.58,20.13,1818940.0,40919857.0,54355968.99999999,0.03346348217985039,19.872,20.016000000000002,20.4155,19.006999999999998,42.04724400178559,3465486.45,18.968833333333336,20.2005,True,True,22.14,36615262.199999996,71507788.8245
2022-07-21,20.08,20.13,19.46,19.51,1677760.0,37103695.0,54355968.99999999,0.0308661593356932,19.884,19.873,20.3855,18.98233333333333,41.9811319830604,3308135.55,18.97166666666667,20.2805,True,True,22.14,32733097.6,68293129.4255
2022-07-22,19.63,19.74,18.99,19.34,1473420.0,31848488.0,54355968.99999999,0.027106866589021717,19.768,19.756,20.302,18.9495,39.968895713909106,3071407.6,18.9725,20.392000000000003,True,True,22.14,28495942.8,63196444.626
2022-07-25,19.24,19.5,18.93,18.95,1056520.0,22652402.0,54355968.99999999,0.019437055753711248,19.534,19.616,20.219,18.945666666666668,31.11831435402651,2883061.55,18.985333333333337,20.425,True,True,22.14,20021054.0,59226941.3755
2022-07-26,19.08,19.74,18.42,19.52,2030843.0,43356704.0,54355968.99999999,0.037361913279478104,19.490000000000002,19.616,20.172,18.967500000000005,27.72108836937157,2826592.75,18.98966666666667,20.4195,True,True,22.14,39642055.36,57976140.10649999
2022-07-27,19.48,20.08,19.25,19.44,1690108.0,36965343.0,54355968.99999999,0.031093328499028326,19.352,19.612000000000002,20.131999999999998,19.018166666666666,34.24369737827486,2768209.15,19.006999999999998,20.4155,True,True,22.14,32855699.520000003,56726851.722500004
2022-07-28,19.75,20.26,19.46,19.83,2174004.0,48253947.0,54355968.99999999,0.039995681063104596,19.416,19.65,20.0665,19.054666666666666,42.796610042552395,2639352.35,18.98233333333333,20.3855,True,True,22.14,43110499.31999999,53860421.708500005
2022-07-29,19.82,20.21,19.1,19.15,1739040.0,37804120.0,54355968.99999999,0.031993542420336585,19.377999999999997,19.573,19.9975,19.077666666666666,38.549618217615496,2532422.6,18.9495,20.302,True,True,22.14,33302615.999999996,51545160.181
2022-08-01,19.06,19.65,18.91,19.19,1315400.0,28313794.0,54355968.99999999,0.024199734163510178,19.426000000000002,19.479999999999997,19.9255,19.107666666666667,46.29213468582252,2467623.6,18.945666666666668,20.219,True,True,22.14,25242526.0,50113648.011
2022-08-02,18.95,18.95,17.63,17.83,2863916.0,58011346.0,54355968.99999999,0.05268816015403939,19.088,19.289,19.753,19.1035,35.70190632585326,2339490.95,18.967500000000005,20.172,True,True,22.14,51063622.279999994,46892959.70900001
2022-08-03,17.82,18.32,17.58,17.7,1682422.0,33902732.0,54355968.99999999,0.030951927285115647,18.74,19.046,19.531,19.092499999999998,35.093696679503964,2130017.4,19.018166666666666,20.131999999999998,True,True,22.14,29778869.4,41881717.628000006
2022-08-04,17.88,18.13,17.72,18.1,831834.0,16692873.0,54355968.99999999,0.01530345268980487,18.394,18.905,19.389,19.081500000000002,34.310344744768145,1931951.1,19.054666666666666,20.0665,True,True,20.94,15056195.4,37616088.878000006
2022-08-05,18.09,18.29,17.93,18.26,819980.0,16603475.0,54355968.99999999,0.015085371764782633,18.216,18.797,19.2765,19.055000000000003,33.854166584382256,1841756.1,19.077666666666666,19.9975,True,True,20.51,14972834.8,35673941.677999996
2022-08-08,18.27,18.32,18.04,18.17,1083900.0,22016276.0,54355968.99999999,0.01994077228206529,18.012,18.719,19.167499999999997,19.03183333333333,35.64899442429878,1787483.1,19.107666666666667,19.9255,True,True,20.35,19694463.0,34451341.028
2022-08-09,18.24,18.32,18.05,18.17,1145200.0,23263254.0,54355968.99999999,0.02106852331157964,18.080000000000002,18.584,19.1,19.012166666666666,30.7086613326927,1701572.15,19.1035,19.753,True,True,20.13,20808284.000000004,32697058.283999998
2022-08-10,18.16,18.39,18.06,18.22,1044120.0,21307735.0,54355968.99999999,0.019208929933711608,18.184000000000005,18.462,19.037,19.001500000000004,35.69844778275424,1674710.5,19.092499999999998,19.531,True,True,20.13,19023866.4,32108013.782000005
2022-08-11,18.23,18.86,18.22,18.7,1146940.0,23879574.0,54355968.99999999,0.02110053451535378,18.304000000000002,18.349,18.9995,19.001333333333335,43.3609957246776,1660156.5,19.081500000000002,19.389,True,True,20.13,21447778.0,31781928.232000005
2022-08-12,18.7,18.76,18.5,18.6,766700.0,15969565.0,54355968.99999999,0.014105166628526117,18.372,18.294,18.933500000000002,19.002166666666668,46.13686519957704,1545163.35,19.055000000000003,19.2765,True,True,20.13,14260620.000000002,29440662.484000005
2022-08-15,18.61,18.68,18.31,18.48,660940.0,13621792.0,54355968.99999999,0.012159474150851769,18.434,18.223000000000003,18.8515,19.000333333333334,37.254901832948875,1443402.35,19.03183333333333,19.167499999999997,True,True,20.13,12214171.200000001,27339034.084
2022-08-16,18.57,18.81,18.49,18.68,934040.0,19534188.0,54355968.99999999,0.017183761363908354,18.535999999999998,18.308,18.7985,18.998833333333334,40.95238081587299,1397801.35,19.012166666666666,19.1,True,True,20.13,17447867.2,26389366.224
2022-08-17,18.73,18.82,18.48,18.63,1024520.0,21378338.0,54355968.99999999,0.01884834396016379,18.618000000000002,18.401000000000003,18.7235,19.0215,34.455958424253026,1358080.35,19.001500000000004,19.037,True,True,20.13,19086807.599999998,25512943.494
2022-08-18,18.59,18.75,18.34,18.65,845120.0,17539993.0,54355968.99999999,0.015547878467588355,18.608,18.456,18.680500000000002,19.04416666666667,42.18749981542969,1316448.35,19.001333333333335,18.9995,True,True,19.83,15761487.999999998,24664363.014
2022-08-19,18.67,18.88,18.43,18.43,953000.0,19867513.0,54355968.99999999,0.017532573101585222,18.574,18.473,18.634999999999998,19.06116666666667,38.75739628917052,1290427.35,19.002166666666668,18.933500000000002,True,True,19.83,17563790.0,24117755.373999998
2022-08-22,18.47,18.59,18.22,18.55,725960.0,14988885.0,54355968.99999999,0.013355662926366009,18.588,18.511000000000003,18.615000000000002,19.080833333333334,66.82242946938605,1273899.35,19.000333333333334,18.8515,True,True,19.83,13466558.0,23790030.573999997
2022-08-23,18.55,20.41,18.4,20.41,3818719.0,83461749.0,54355968.99999999,0.0702539034857423,18.934,18.735,18.6595,19.134833333333333,85.01291958910058,1363293.15,18.998833333333334,18.7985,True,True,19.83,77940054.79,25704930.545500003
2022-08-24,20.41,20.82,20.0,20.11,6766902.0,154374043.0,54355968.99999999,0.12449234416187119,19.229999999999997,18.924,18.692999999999998,19.180833333333336,76.65782464901604,1617132.85,19.0215,18.7235,False,True,20.41,136082399.22,30866265.530500002
2022-08-25,20.25,20.27,19.53,19.83,2804432.0,62086863.0,54355968.99999999,0.051593818518808864,19.466,19.037,18.693,19.220000000000002,70.17994833354257,1648654.25,19.04416666666667,18.680500000000002,False,False,20.41,55611886.559999995,31491334.892500002
2022-08-26,19.74,19.96,19.45,19.78,2051488.0,45131575.0,54355968.99999999,0.03774172437253396,19.736,19.154999999999998,18.7245,19.255999999999997,70.9090906512397,1664276.65,19.06116666666667,18.634999999999998,False,False,20.41,40578432.64,31855125.7245
2022-08-29,19.55,20.53,19.43,20.53,3112730.0,70035424.0,54355968.99999999,0.05726565191028055,20.131999999999998,19.36,18.791500000000003,19.288333333333334,75.65217368279775,1754143.15,19.080833333333334,18.615000000000002,False,False,20.41,63904346.900000006,33788216.7695
2022-08-30,22.58,22.58,22.58,22.58,2420780.0,61148903.0,54355968.99999999,0.0445356792369942,20.566,19.75,19.029000000000003,19.360500000000002,83.03030285417816,1731986.35,19.134833333333333,18.6595,False,False,20.53,54661212.4,33968096.2755
2022-08-31,23.86,24.76,22.86,23.24,11536862.0,304016787.0,54355968.99999999,0.21224645999779715,21.192,20.211,19.306,19.449166666666667,83.4808257863228,2224708.35,19.180833333333336,18.692999999999998,False,False,22.58,268116672.88,45884986.4495
2022-09-01,22.89,23.91,22.6,23.52,7682698.0,200337202.0,54355968.99999999,0.1413404662144833,21.93,20.698,19.577,19.552500000000002,85.34482741453627,2567251.55,19.220000000000002,18.693,False,False,23.24,180697056.96,54167029.527499996
2022-09-02,23.28,23.56,22.77,23.17,4949107.0,127796243.0,54355968.99999999,0.09104992682588366,22.607999999999997,21.172,19.8225,19.647166666666667,82.61474253732877,2773707.9,19.255999999999997,18.7245,False,False,23.52,114670809.19000001,59151928.247
2022-09-05,23.25,23.94,22.83,23.91,5191462.0,136709958.0,54355968.99999999,0.09550859078604598,23.284,21.708,20.1095,19.756166666666665,83.82923658814889,2979086.0,19.288333333333334,18.791500000000003,False,False,23.52,124127856.42,64373597.918000005
2022-09-06,23.24,23.67,22.9,23.39,4012500.0,104984993.0,54355968.99999999,0.07381893973778668,23.446,22.006,20.3705,19.85866666666667,79.02439010898279,3122451.0,19.360500000000002,19.029000000000003,False,False,23.91,93852375.0,68025802.46800001
2022-09-07,23.48,24.74,23.29,24.24,5737420.0,153814807.0,54355968.99999999,0.10555271307922044,23.646,22.419,20.6715,19.96966666666667,80.95238082687342,3357116.0,19.449166666666667,19.306,False,False,23.91,139075060.79999998,74028362.188
2022-09-08,23.78,25.42,23.18,24.17,4903819.0,131984638.0,54355968.99999999,0.09021675246006562,23.776000000000003,22.853,20.945,20.075,82.31981969003638,3544959.95,19.552500000000002,19.577,False,False,24.24,118525305.23,78882238.5495
2022-09-09,23.73,24.52,22.8,22.89,4842847.0,127358874.0,54355968.99999999,0.08909503572643514,23.720000000000002,23.163999999999998,21.1595,20.16166666666667,71.61354571687357,3748767.3,19.647166666666667,19.8225,False,False,24.24,110852767.83,83711845.941
2022-09-13,23.12,24.27,22.62,24.07,5225241.0,138089285.0,54355968.99999999,0.09613003127586596,23.752,23.518,21.439,20.2385,69.55128194725238,3976982.35,19.756166666666665,20.1095,False,False,24.24,125771550.87,89389714.9245
2022-09-14,23.69,24.12,23.14,23.59,3668980.0,97110047.0,54355968.99999999,0.06749911863405472,23.791999999999998,23.619000000000003,21.6845,20.300833333333333,68.23899361055076,4113729.35,19.85866666666667,20.3705,False,False,24.24,86551238.2,92844883.4745
2022-09-15,23.93,24.14,22.8,23.34,2954578.0,76665104.0,54355968.99999999,0.05435609104862063,23.612000000000002,23.629,21.919999999999998,20.353,68.45425857430502,4210232.25,19.96966666666667,20.6715,False,False,24.24,68959850.52,95338535.6205
2022-09-16,23.77,24.58,23.04,23.2,4021830.0,106712557.0,54355968.99999999,0.07399058602009286,23.418,23.597,22.1475,20.404500000000002,67.81249990110678,4369067.75,20.075,20.945,False,False,24.24,93306456.0,99215784.02049999
2022-09-19,22.98,23.48,22.15,22.42,3853992.0,97876132.0,54355968.99999999,0.07090282945742353,23.324,23.522,22.347,20.427999999999997,59.813084025193874,4514117.35,20.16166666666667,21.1595,False,False,24.24,86406500.64,102657919.5525
2022-09-20,22.46,22.87,21.3,21.62,5349542.0,130883332.0,54355968.99999999,0.09841682704617041,22.834000000000003,23.293,22.5005,20.444833333333335,44.27207629835215,4745296.45,20.2385,21.439,False,False,24.24,115657098.04,107767446.55450001
2022-09-21,21.53,21.79,21.03,21.67,3526132.0,84911112.0,54355968.99999999,0.06487110918765887,22.45,23.121000000000002,22.5635,20.464999999999996,39.89703982515335,4730667.1,20.300833333333333,21.6845,True,False,24.24,76411280.44000001,107691007.83700001
2022-09-22,21.67,22.81,21.5,22.3,4655439.0,116071845.0,54355968.99999999,0.08564724510752444,22.242,22.927,22.673000000000002,20.499333333333333,42.48768465580941,4625093.95,20.353,21.919999999999998,True,True,24.24,103816289.7,106077702.361
2022-09-23,22.02,22.75,21.08,21.09,3228780.0,77914021.0,54355968.99999999,0.0594006520240675,21.82,22.619,22.735999999999997,20.4985,38.418708180638966,4646311.35,20.404500000000002,22.1475,True,True,24.24,68094970.2,106701856.54300001
2022-09-26,20.96,23.2,20.95,23.2,4807680.0,119768841.0,54355968.99999999,0.08844805986257002,21.976,22.650000000000002,22.907,20.543000000000003,46.57004824618543,4784120.95,20.427999999999997,22.347,True,True,24.24,111538176.0,110249843.711
2022-09-27,23.2,23.2,22.3,22.86,4603100.0,116765863.0,54355968.99999999,0.08468435177744693,22.223999999999997,22.529,23.023500000000002,20.580166666666667,47.39429688657618,4858639.45,20.444833333333335,22.5005,False,True,24.24,105226866.0,112315969.66600001
2022-09-28,22.74,23.09,22.13,22.22,3500520.0,88323957.0,54355968.99999999,0.06439991898589832,22.333999999999996,22.392,23.0055,20.595833333333335,39.85943769497669,4912626.45,20.464999999999996,22.5635,True,False,24.24,77781554.39999999,113471986.766
2022-09-29,22.27,22.46,21.73,21.77,2703942.0,66483480.0,54355968.99999999,0.04974507951463436,22.227999999999998,22.235,22.932,20.589666666666666,38.394584087280045,4470980.45,20.499333333333333,22.673000000000002,True,True,24.24,58864817.339999996,103009393.98900001
2022-09-30,22.01,22.69,20.91,20.96,3331600.0,80737518.0,55280195.0,0.060267515337093146,22.201999999999998,22.011000000000003,22.804,20.59,40.22289761265242,4253425.55,20.4985,22.735999999999997,True,True,24.24,69830336.0,97466057.94100001
2022-10-10,20.71,21.98,20.71,21.45,3311240.0,79589228.0,55280195.0,0.059899209834552866,21.852,21.914,22.717999999999996,20.605666666666668,35.729847440063395,4171532.2,20.543000000000003,22.907,True,True,24.24,71026098.0,95283822.3815
2022-10-11,21.45,21.61,20.56,21.02,2621980.0,61521348.0,55280195.0,0.04743072993863354,21.484,21.854000000000003,22.573500000000003,20.616833333333332,35.92552020778123,4043058.1,20.580166666666667,23.023500000000002,True,True,24.24,55114019.6,91833130.5405
2022-10-12,21.08,22.79,21.01,22.64,4537360.0,111645287.0,55280195.0,0.08207930525570686,21.568,21.951,22.536,20.668833333333335,46.666666604444444,4069301.1,20.595833333333335,23.0055,True,True,24.24,102725830.4,92276803.3105
2022-10-13,22.59,22.59,21.63,22.13,3801460.0,93434987.0,55280195.0,0.06876712356025518,21.639999999999997,21.934,22.430500000000002,20.713,45.078196814066715,3972503.1,20.589666666666666,22.932,False,True,24.24,84126309.8,89529365.7605
2022-10-14,22.3,23.04,22.08,22.56,4053571.0,102052178.0,55280195.0,0.0733277261413423,21.96,22.081,22.35,20.764833333333332,50.66539917211827,3929990.7,20.59,22.804,True,False,24.17,91448561.75999999,88175528.587
2022-10-17,22.2,22.85,22.13,22.47,2670883.0,67008266.0,55280195.0,0.048315368641517996,22.163999999999998,22.008,22.329,20.807333333333336,54.332313887803004,3821392.5,20.605666666666668,22.717999999999996,False,True,24.07,60014741.01,85633627.246
2022-10-18,22.4,23.19,22.35,22.82,3484260.0,89092849.0,55280195.0,0.0630290830196963,22.524,22.003999999999998,22.2665,20.85233333333333,55.687438102905624,3734343.45,20.616833333333332,22.573500000000003,False,False,24.07,79510813.2,83320590.3625
2022-10-19,22.78,22.78,22.03,22.08,2636100.0,65952179.0,55280195.0,0.047686155955130045,22.412,21.990000000000002,22.191,20.891333333333332,48.92367899364661,3682699.45,20.668833333333335,22.536,False,False,23.59,58205087.99999999,81903282.8525
2022-10-20,22.07,23.14,21.73,22.79,3481870.0,88021707.0,55280195.0,0.06298584872936863,22.544,22.092,22.1635,20.93566666666667,58.744855882466254,3709064.05,20.713,22.430500000000002,True,False,23.34,79351817.3,82422881.19150001
2022-10-21,22.56,23.17,22.21,22.61,2748527.0,69574201.0,55280195.0,0.049719922297669174,22.554,22.256999999999998,22.134,20.987333333333332,46.21309362683141,3645398.9,20.764833333333332,22.35,False,True,23.2,62144195.47,80864768.16499999
2022-10-24,22.61,22.78,21.22,21.39,3486096.0,85148498.0,55280195.0,0.06306229563770532,22.338,22.250999999999998,22.0825,21.0215,41.52249128243197,3627004.1,20.807333333333336,22.329,False,False,23.2,74567593.44,80272822.80499999
2022-10-25,21.4,22.49,21.19,22.13,4126440.0,100972836.0,55280195.0,0.07464590166514427,22.2,22.362000000000002,22.108,21.074499999999997,49.486887036166884,3565849.0,20.85233333333333,22.2665,True,False,23.2,91318117.2,79055873.763
2022-10-26,21.45,21.87,19.97,20.36,7775211.0,178653131.0,55280195.0,0.14065093294262077,21.855999999999998,22.134,22.042499999999997,21.0885,43.01288398392661,3778302.95,20.891333333333332,22.191,False,True,23.2,158303295.96,83150474.539
2022-10-27,20.3,20.44,19.31,19.6,6571048.0,144920180.0,55280195.0,0.11886803221298332,21.218,21.881,21.9075,21.091166666666666,43.22709157318932,3874083.4,20.93566666666667,22.1635,True,False,23.2,128792540.80000001,84399287.094
2022-10-28,19.53,19.53,18.16,18.28,4498326.0,94298852.0,55280195.0,0.08137319341945158,20.352,21.453,21.767,21.06533333333333,35.418583211052436,3937560.7,20.987333333333332,22.134,True,True,23.2,82229399.28,85106008.548
2022-10-31,18.17,18.83,18.1,18.63,3170216.0,65932101.0,55280195.0,0.05734813344996341,19.8,21.069,21.5385,21.05666666666667,38.924930440690545,3855687.5,21.0215,22.0825,True,True,23.2,59061124.08,82482155.95199999
2022-11-01,18.64,19.12,18.47,19.02,3085524.0,65105483.0,55280195.0,0.05581608386149868,19.178,20.689,21.3465,21.053833333333333,31.06694556119902,3779808.7,21.074499999999997,22.108,True,True,22.86,58686666.48,80155145.976
2022-11-02,18.95,19.33,18.81,19.13,2643752.0,56527626.0,55280195.0,0.04782457804282347,18.932,20.394,21.192,21.075499999999998,33.624454097080516,3736970.3,21.0885,22.042499999999997,True,True,22.82,50574975.76,78794817.044
2022-11-03,18.95,19.25,18.93,19.18,1639500.0,35001302.0,55280195.0,0.029657999578329996,18.848,20.032999999999998,21.0625,21.100166666666667,30.751708379211394,3683748.2,21.091166666666666,21.9075,True,True,22.82,31445610.0,77423856.677
2022-11-04,19.11,19.6,19.09,19.46,2032560.0,44170078.0,55280195.0,0.03676832181941471,19.083999999999996,19.717999999999996,20.9875,21.122833333333332,33.2218505613037,3618796.2,21.06533333333333,21.767,True,True,22.82,39553617.6,75910020.757
2022-11-07,19.46,19.52,19.22,19.48,1892818.0,41063020.0,55280195.0,0.03424043638051566,19.253999999999998,19.527,20.889000000000003,21.143166666666666,30.67129624659742,3547875.1,21.05666666666667,21.5385,True,True,22.82,36872094.64,74202320.589
2022-11-08,19.48,19.67,19.29,19.52,1677680.0,36541536.0,55280195.0,0.030348662843899157,19.354000000000003,19.266,20.814,21.165666666666667,33.879093139256,3500660.1,21.053833333333333,21.3465,True,True,22.82,32748313.599999998,73084035.289
2022-11-09,19.49,19.58,19.32,19.37,1241120.0,26990420.0,55280195.0,0.02245144033952847,19.402,19.166999999999998,20.6505,21.18566666666667,26.829268241787275,3335848.1,21.075499999999998,21.192,True,True,22.82,24040494.400000002,69149768.489
2022-11-10,19.31,19.45,19.18,19.31,1384740.0,29923531.0,55280195.0,0.025049477484657932,19.428,19.137999999999998,20.5095,21.203833333333332,27.27272722013521,3215012.1,21.100166666666667,21.0625,True,True,22.82,26739329.4,66280419.469
2022-11-11,19.68,19.97,19.49,19.76,2752259.0,60863142.0,55280195.0,0.04978743291336074,19.488000000000003,19.285999999999998,20.3695,21.2215,37.442218717381955,3149946.5,21.122833333333332,20.9875,True,True,22.82,54384637.84,64427223.273
2022-11-14,19.92,20.9,19.91,20.13,3588999.0,81256052.0,55280195.0,0.0649237760467379,19.618000000000002,19.436,20.252499999999998,21.247,33.66013064195394,3195852.3,21.143166666666666,20.889000000000003,True,True,22.82,72246549.86999999,65038813.716
2022-11-15,19.93,20.24,19.83,20.22,2522096.0,56633704.0,55280195.0,0.04562386221683914,19.758,19.556,20.1225,21.276,48.42342327073694,3147744.1,21.165666666666667,20.814,True,True,22.82,50996781.12,63613112.11199999
2022-11-16,20.14,20.34,19.85,19.94,1664460.0,37363817.0,55280195.0,0.03010951752250512,19.872,19.637,20.0155,21.297,54.2929291009846,3099162.1,21.18566666666667,20.6505,False,True,22.79,33189332.400000002,62362324.331999995
2022-11-17,19.91,20.14,19.72,20.14,1421740.0,31801255.0,55280195.0,0.025718794949981635,20.038,19.732999999999997,19.883,21.322166666666668,82.74647846533429,2996155.6,21.203833333333332,20.5095,True,False,22.79,28633843.6,59826425.64699999
2022-11-18,20.14,20.25,19.79,19.83,1473552.0,32996514.0,55280195.0,0.026656056477369516,20.052,19.770000000000003,19.744,21.341833333333334,71.42857107142855,2932406.85,21.2215,20.3695,False,True,22.61,29220536.159999996,58180242.681499995
2022-11-21,19.76,20.26,19.31,19.96,1965454.0,43472446.0,55280195.0,0.03555439701325221,20.018,19.817999999999998,19.672500000000003,21.36733333333333,68.50393663029327,2856374.75,21.247,20.252499999999998,False,False,22.13,39230461.84,56413386.10150001
2022-11-22,20.06,20.45,19.89,20.11,2674220.0,60423456.0,55280195.0,0.048375733841025705,19.996000000000002,19.877000000000002,19.571499999999997,21.39333333333333,68.99224768763897,2783763.75,21.276,20.1225,False,False,22.13,53778564.199999996,54536408.4515
2022-11-23,20.13,20.13,19.39,19.67,2023237.0,44487497.0,55280195.0,0.036599671907814366,19.942,19.907,19.537,21.381000000000004,58.249157974583134,2496165.05,21.297,20.0155,False,False,20.36,39797071.79000001,48611097.243
2022-11-24,19.74,20.1,19.71,19.97,1881771.0,41979634.0,55280195.0,0.03404059989296347,19.908,19.973,19.555500000000002,21.378666666666668,58.52842781959932,2261701.2,21.322166666666668,19.883,False,False,20.22,37578966.87,44050418.5465
2022-11-25,19.96,20.02,19.68,19.71,1029801.0,22800773.0,55280195.0,0.018628751219130105,19.884,19.968,19.627000000000002,21.37666666666667,53.56037128487766,2088274.95,21.341833333333334,19.744,False,False,20.22,20297377.71,40953817.468
2022-11-28,19.56,19.83,19.26,19.43,1349261.0,29357978.0,55280195.0,0.024407674394057402,19.778,19.898000000000003,19.666999999999998,21.370833333333334,48.70316983232151,1997227.2,21.36733333333333,19.672500000000003,False,False,20.22,26216141.23,39311568.3255
2022-11-29,19.58,20.21,19.47,20.17,2183840.0,48798166.0,55280195.0,0.0395049257695274,19.79,19.892999999999997,19.7245,21.364833333333333,59.852216542381534,1952143.0,21.39333333333333,19.571499999999997,True,False,20.22,44048052.800000004,38579637.6415
2022-11-30,20.26,20.35,19.86,19.93,1681164.0,37754773.0,55280195.0,0.030411687223606935,19.842,19.892,19.7645,21.320666666666668,57.3113205654815,1904013.6,21.381000000000004,19.537,False,True,20.22,33505598.52,37726168.7795
2022-12-01,20.03,20.24,19.93,20.03,1439700.0,32328891.0,55280195.0,0.026043685265582005,19.854,19.881,19.807,21.267166666666665,53.47043682555626,1894023.6,21.378666666666668,19.555500000000002,False,False,20.22,28837191.0,37595747.829500005
2022-12-02,20.03,20.33,19.94,20.27,1497622.0,33814233.0,55280195.0,0.02709147462305442,19.966,19.925,19.8475,21.213,51.8617019345575,1867276.7,21.37666666666667,19.627000000000002,False,False,20.22,30356797.939999998,37135906.8465
2022-12-05,20.27,20.53,20.21,20.43,1437998.0,32748155.0,55280195.0,0.026012896662177116,20.166,19.972,19.895,21.167333333333335,52.74151416752451,1844535.7,21.370833333333334,19.666999999999998,False,False,20.27,29378299.14,36761217.0715
2022-12-06,20.43,20.46,20.16,20.28,1371000.0,31133852.0,55280195.0,0.024800925539426914,20.188,19.988999999999997,19.933,21.106833333333334,54.594594388020454,1829201.7,21.364833333333333,19.7245,False,False,20.43,27803880.0,36513995.3915
2022-12-07,20.34,20.46,20.12,20.41,1146580.0,26091357.0,55280195.0,0.020741243767320287,20.284,20.063000000000002,19.985,21.057166666666664,53.71900805728205,1824474.7,21.320666666666668,19.7645,False,False,20.43,23401697.8,36482055.5615
2022-12-08,20.41,20.68,20.21,20.53,1516920.0,34747687.0,55280195.0,0.027440568905373795,20.384,20.119000000000003,20.046,20.99533333333333,60.17441835975532,1831083.7,21.267166666666665,19.807,False,False,20.43,31142367.6,36702207.4715
2022-12-09,20.65,20.99,20.46,20.86,1801840.0,41898223.0,55280195.0,0.0325946751815908,20.502000000000002,20.234,20.101000000000003,20.940166666666666,62.362637122781074,1783562.75,21.213,19.8475,False,False,20.53,37586382.4,35862294.6995
2022-12-12,20.92,20.96,20.32,20.52,1542500.0,35490988.0,55280195.0,0.0279033024395084,20.52,20.343,20.1205,20.900666666666666,55.35248021542175,1681237.8,21.167333333333335,19.895,False,False,20.86,31652100.0,33832572.206
2022-12-13,20.52,20.83,20.35,20.55,1465600.0,33733015.0,55280195.0,0.026512207491308597,20.574,20.381,20.137,20.842,62.86549681867925,1628413.0,21.106833333333334,19.933,False,False,20.86,30118080.0,32788637.15
2022-12-14,20.37,20.61,20.05,20.19,1350240.0,30594147.0,55280195.0,0.024425384172396643,20.53,20.407,20.1495,20.785333333333334,53.16091932636415,1612702.0,21.057166666666664,19.985,False,False,20.86,27261345.6,32492237.810000002
2022-12-15,20.32,20.55,20.15,20.25,1032849.0,23481341.0,55280195.0,0.0186838885065438,20.474,20.429000000000002,20.155,20.733833333333333,58.231707068523185,1593257.45,20.99533333333333,20.046,False,False,20.86,20915192.25,32106305.2425
2022-12-16,20.24,20.34,19.79,19.85,1043289.0,23358771.0,55280195.0,0.01887274456973243,20.272000000000002,20.387,20.156,20.677999999999997,56.17647035692044,1571744.3,20.940166666666666,20.101000000000003,False,False,20.86,20709286.650000002,31680742.767
2022-12-19,19.77,20.07,19.25,19.43,1466199.0,32206115.0,55280195.0,0.026523043198382352,20.054,20.287,20.1295,20.62816666666667,37.9870128143447,1546781.55,20.900666666666666,20.1205,True,False,20.86,28488246.57,31143632.003500003
2022-12-20,19.43,19.67,19.13,19.44,1060540.0,23038066.0,55280195.0,0.0191848093155243,19.832,20.203000000000003,20.096,20.591833333333334,41.40350856854419,1466097.55,20.842,20.137,True,True,20.86,20616897.6,29485548.673499994
2022-12-21,19.62,19.62,19.14,19.49,964540.0,20898129.0,55280195.0,0.01744820183792767,19.692,20.110999999999997,20.087,20.555500000000002,40.35714265535707,1413162.7,20.785333333333334,20.1495,True,True,20.86,18798884.599999998,28435639.314
2022-12-22,19.49,19.71,18.99,19.08,1182280.0,25576877.0,55280195.0,0.021387044673051532,19.458,19.966,20.042499999999997,20.50183333333333,29.966329825074496,1378188.15,20.733833333333333,20.155,True,True,20.86,22557902.4,27684586.090499997
2022-12-23,18.98,19.19,18.59,18.77,910180.0,19222710.0,55280195.0,0.016464847853738578,19.242,19.756999999999998,19.9955,20.463166666666666,23.39743579244734,1372207.1,20.677999999999997,20.156,True,True,20.86,17084078.599999998,27523921.135
2022-12-26,18.77,19.31,18.59,19.18,983300.0,20918724.0,55280195.0,0.01778756388250801,19.192,19.622999999999998,19.983,20.396166666666666,33.72781051118655,1353909.05,20.62816666666667,20.1295,True,True,20.86,18859694.0,27156098.773500003
2022-12-27,19.18,19.26,18.95,19.17,849720.0,18161148.0,55280195.0,0.015371146936077197,19.137999999999998,19.485000000000003,19.933,20.33466666666667,30.98159495897474,1287203.05,20.591833333333334,20.096,True,True,20.86,16289132.400000002,25768152.7535
2022-12-28,19.13,19.26,18.74,18.84,1062860.0,22429479.0,55280195.0,0.019226777329566222,19.008,19.35,19.8785,20.278333333333332,25.64841488211009,1256287.85,20.555500000000002,20.087,True,True,20.86,20024282.4,25094086.947499998
2022-12-29,18.77,19.04,18.59,18.59,860779.0,18116060.0,55280195.0,0.015571200499564085,18.910000000000004,19.184,19.8065,20.22533333333333,16.51917397307713,1227341.8,20.50183333333333,20.042499999999997,True,True,20.86,16001881.61,24452321.478
2022-12-30,18.59,19.12,18.59,19.1,1000840.0,21185039.0,55280195.0,0.018104856540393895,18.976,19.109,19.748,20.194333333333336,30.056179657082453,1202502.7,20.463166666666666,19.9955,True,True,20.86,19116044.0,23890283.781
2023-01-03,19.11,19.37,18.96,19.31,1087130.0,23325323.0,55280195.0,0.01966581340749612,19.002000000000002,19.097,19.692,20.158666666666665,33.42245976793727,1184959.3,20.396166666666666,19.983,True,True,20.86,20992480.299999997,23470992.839
2023-01-04,19.29,19.94,19.18,19.76,1470930.0,32448605.0,55280195.0,0.026608625385637658,19.12,19.128999999999998,19.666,20.137666666666668,44.38642281425329,1189955.8,20.33466666666667,19.933,True,True,20.86,29065576.8,23534077.679
2023-01-05,19.74,20.07,19.6,19.99,1255860.0,27992963.0,55280195.0,0.02271808194598445,19.35,19.179000000000002,19.645000000000003,20.0935,46.749999836374975,1195419.8,20.278333333333332,19.8785,False,True,20.86,25104641.4,23619224.859
2023-01-06,20.0,20.81,19.85,20.16,1470600.0,33314416.0,55280195.0,0.02660265579743342,19.663999999999998,19.287,19.6265,20.06066666666667,54.11140563459955,1193103.8,20.22533333333333,19.8065,False,False,20.86,29647296.0,23544471.279
2023-01-09,20.15,20.41,19.94,20.04,1185740.0,26692843.0,55280195.0,0.021449634900889913,19.852,19.414,19.5855,20.018666666666668,58.789625123038974,1162298.8,20.194333333333336,19.748,False,False,20.86,23762229.599999998,22853263.639
2023-01-10,20.07,20.27,20.0,20.11,1193420.0,26892240.0,55280195.0,0.021588563499097643,20.012,19.506999999999998,19.565,19.979333333333333,59.49008474989766,1144844.8,20.158666666666665,19.692,False,False,20.55,23999676.2,22470642.449
2023-01-11,20.01,20.18,19.9,19.98,924040.0,20703170.0,55280195.0,0.01671557055831659,20.056,19.588,19.536499999999997,19.932000000000002,56.78670338088263,1117766.8,20.137666666666668,19.666,False,False,20.55,18462319.2,21887854.409
2023-01-12,19.9,20.19,19.76,19.96,840260.0,18719587.0,55280195.0,0.01520001874088903,20.05,19.7,19.525,19.896666666666665,63.66459599648938,1092267.8,20.0935,19.645000000000003,False,False,20.25,16771589.600000001,21363366.608999997
2023-01-13,19.97,21.06,19.77,20.56,2158000.0,49542085.0,55280195.0,0.03903748892347431,20.130000000000003,19.897,19.5405,19.8595,75.49857519744158,1148525.35,20.06066666666667,19.6265,False,False,20.25,44368480.0,22536030.996499997
2023-01-16,20.43,20.69,20.11,20.27,1637540.0,37205231.0,55280195.0,0.029622543842329065,20.176,20.014,19.561500000000002,19.8205,66.07669589230863,1178237.9,20.018666666666668,19.5855,False,False,20.56,33192935.8,23160213.454
2023-01-17,20.22,20.56,20.1,20.27,1222231.0,27730015.0,55280195.0,0.022109744728650106,20.208,20.11,19.6035,19.80183333333333,66.27218907461221,1166039.5,19.979333333333333,19.565,False,False,20.56,24774622.37,22974532.244
2023-01-18,20.29,20.38,20.03,20.1,1224588.0,27585694.0,55280195.0,0.02215238206015735,20.232000000000003,20.144,19.6365,19.768000000000004,69.56521708884694,1174241.9,19.932000000000002,19.536499999999997,False,False,20.56,24614218.8,23174398.303999998
2023-01-19,20.1,20.2,19.9,20.02,1086000.0,24284430.0,55280195.0,0.01964537209031191,20.244,20.147,19.663,19.762333333333334,73.442622613706,1180314.9,19.896666666666665,19.525,False,False,20.56,21741720.0,23321540.074
2023-01-20,20.02,20.44,19.81,20.02,1882243.0,42148122.0,55280195.0,0.03404913821306166,20.136,20.133,19.71,19.769333333333336,68.11023584506168,1215313.05,19.8595,19.5405,False,False,20.56,37682504.86,24077770.197
2023-01-30,20.12,20.63,20.11,20.48,2191000.0,50023608.0,55280195.0,0.039634447743898155,20.178,20.177,19.795499999999997,19.806,70.96774157937338,1279354.05,19.8205,19.561500000000002,False,False,20.56,44871680.0,25467150.267
2023-01-31,22.53,22.53,21.47,21.88,7027161.0,172876484.0,55280195.0,0.12711896186328575,20.5,20.354000000000003,19.9305,19.860166666666665,78.34224569604507,1581547.1,19.80183333333333,19.6035,False,False,20.56,153754282.68,32211879.700999998
2023-02-01,21.86,22.44,21.44,22.35,5599473.0,138612701.0,55280195.0,0.10129256960833803,20.95,20.591,20.0895,19.915666666666667,79.64824092586049,1819034.75,19.768000000000004,19.6365,False,False,21.88,125148221.55000001,37654834.1585
2023-02-02,22.34,22.89,22.08,22.38,3960748.0,99716533.0,55280195.0,0.07164858951745738,21.422,20.833,20.2665,19.969833333333334,78.90624971232097,1963929.15,19.762333333333334,19.663,False,False,22.35,88641540.24,41085697.0505
2023-02-03,22.47,22.66,22.25,22.44,2211380.0,55430776.0,55280195.0,0.04000311503966294,21.906,21.021,20.459,20.024166666666666,81.74603144326872,2031459.2,19.769333333333336,19.71,False,False,22.38,49623367.2,42766771.330000006
2023-02-06,22.44,22.66,22.26,22.54,1707863.0,42951831.0,55280195.0,0.030894663088652276,22.318,21.247999999999998,20.631,20.075499999999998,81.88976347862032,2066810.35,19.806,19.795499999999997,False,False,22.44,38495232.019999996,43735730.731000006
2023-02-07,22.5,22.94,22.47,22.71,1881320.0,47781585.0,55280195.0,0.03403244145575102,22.484,21.491999999999997,20.801,20.12933333333333,85.45454514380168,2106519.85,19.860166666666665,19.9305,False,False,22.54,42724777.2,44822345.576
2023-02-08,22.71,23.0,22.59,22.71,1793640.0,45741403.0,55280195.0,0.03244633995954609,22.556,21.753,20.9485,20.1825,85.90078297581961,2122655.35,19.915666666666667,20.0895,False,False,22.71,40733564.4,45405744.956
2023-02-09,22.8,22.8,22.43,22.73,1436994.0,36360023.0,55280195.0,0.02599473464230725,22.625999999999998,22.023999999999997,21.0855,20.2385,83.38461502542015,2131712.05,19.969833333333334,20.2665,False,False,22.71,32662873.62,45783656.567
2023-02-10,22.72,23.09,22.68,22.87,1434720.0,36765012.0,55280195.0,0.02595359875268168,22.712,22.309,21.221,20.297833333333333,91.93548345577524,2129918.05,20.024166666666666,20.459,False,False,22.73,32812046.400000002,45941894.087000005
2023-02-13,22.84,23.06,22.73,22.94,1644640.0,42133221.0,55280195.0,0.029750980437026318,22.792,22.555,21.366,20.350833333333334,92.11356426195903,2152863.05,20.075499999999998,20.631,False,False,22.87,37728041.6,46640184.687
2023-02-14,23.06,23.73,22.95,23.53,3074480.0,80556351.0,55280195.0,0.05561630164293017,22.956,22.72,21.537,20.407500000000002,97.77158736245059,2246916.05,20.12933333333333,20.801,False,False,22.94,72342514.4,49057326.597
2023-02-15,23.59,23.68,23.23,23.46,1681361.0,44043630.0,55280195.0,0.030415250886868254,23.106,22.831,21.711000000000002,20.4615,98.04469235401517,2284782.1,20.1825,20.9485,False,False,23.53,39444729.06,50106447.09
2023-02-16,23.46,23.55,22.44,22.6,2279875.0,58560059.0,55280195.0,0.04124216638526691,23.080000000000002,22.853,21.843,20.50583333333333,79.05405380478453,2356762.85,20.2385,21.0855,False,False,23.53,51525175.0,51844126.36
2023-02-17,22.64,22.97,22.51,22.54,1464900.0,37255532.0,55280195.0,0.026499544728451122,23.014000000000003,22.863,21.942,20.545833333333334,75.49504924333395,2322107.85,20.297833333333333,21.221,False,False,23.53,33018846.0,51276644.660000004
2023-02-20,22.55,23.2,22.52,22.99,1419940.0,36448487.0,55280195.0,0.025686233559776697,23.023999999999997,22.908,22.078,20.5985,67.96116474062899,2311227.85,20.350833333333334,21.366,False,False,23.53,32644420.599999998,51249218.9
2023-02-21,23.03,23.2,22.73,23.04,1491799.0,38258361.0,55280195.0,0.026986138525741454,22.926000000000002,22.941,22.216500000000003,20.649833333333333,62.921347984682015,2324706.25,20.407500000000002,21.537,False,False,23.53,34371048.96,51729040.2295
2023-02-22,23.04,23.2,22.72,23.18,1117692.0,28840199.0,55280195.0,0.0202186696338535,22.869999999999997,22.988,22.3705,20.701,64.38848888437451,2319361.45,20.4615,21.711000000000002,False,False,23.53,25908100.56,51793734.3175
2023-02-23,23.16,23.41,23.06,23.35,1225180.0,31823286.0,55280195.0,0.022163091139602527,23.020000000000003,23.05,22.537,20.762333333333334,65.74394431819542,2326320.45,20.50583333333333,21.843,False,False,23.53,28607953.0,52137045.9675
2023-02-24,23.35,23.49,23.03,23.18,1095540.0,28444820.0,55280195.0,0.019817947458398075,23.148,23.081,22.695,20.815833333333334,60.81081052319209,2286985.3,20.545833333333334,21.942,False,False,23.53,25394617.2,51522651.5845
2023-02-27,23.2,23.23,22.81,22.97,1195721.0,30776397.0,55280195.0,0.021630187809576287,23.144,23.084,22.8195,20.870166666666663,54.33333307977774,2237221.35,20.5985,22.078,False,False,23.53,27465711.369999997,50652353.153000005
2023-02-28,22.97,23.22,22.9,23.19,1266160.0,32634741.0,55280195.0,0.022904405456601593,23.174,23.05,22.885,20.932833333333335,57.45341589927085,1949171.3,20.649833333333333,22.216500000000003,False,False,23.53,29362250.400000002,44432751.539000005
2023-03-01,23.24,23.36,23.04,23.27,1458500.0,37868223.0,55280195.0,0.026383770896611345,23.192,23.031,22.931,20.9845,58.23170706852317,1742122.65,20.701,22.3705,False,False,23.53,33939295.0,39872305.211500004
2023-03-02,23.34,23.56,23.15,23.39,1250040.0,32640773.0,55280195.0,0.022612800117655155,23.2,23.11,22.9815,21.042166666666667,57.975459873724986,1606587.25,20.762333333333334,22.537,False,False,23.53,29238435.6,36902149.9795
2023-03-03,23.42,23.56,23.2,23.47,918640.0,24022802.0,55280195.0,0.01661788638770178,23.258000000000003,23.203,23.033,21.0995,58.103975286404946,1541950.25,20.815833333333334,22.695,False,False,23.53,21560480.8,35499005.6595
2023-03-06,23.6,23.6,23.23,23.36,1080480.0,28273800.0,55280195.0,0.019545517160350103,23.336000000000002,23.240000000000002,23.073999999999998,21.151,46.95340478231264,1510581.1,20.870166666666663,22.8195,False,False,23.53,25240012.8,34836244.6985
2023-03-07,23.6,23.6,22.66,22.66,1266740.0,32677779.0,55280195.0,0.02291489746011207,23.23,23.202,23.0715,21.188166666666667,38.30409341045108,1479852.1,20.932833333333335,22.885,False,False,23.53,28704328.4,34135222.2585
2023-03-08,22.69,22.98,22.58,22.98,850320.0,21728550.0,55280195.0,0.015382000732812175,23.172,23.182,23.085,21.233166666666666,56.597221947096806,1432686.1,20.9845,22.931,True,False,23.53,19540353.6,33075561.718500007
2023-03-09,23.0,23.1,22.84,23.05,752540.0,19355230.0,55280195.0,0.013613193658235106,23.104,23.152,23.101,21.27716666666667,58.82352912680645,1398463.4,21.042166666666667,22.9815,True,True,23.53,17346047.0,32309720.387500007
2023-03-10,22.84,22.96,22.35,22.55,987400.0,24932534.0,55280195.0,0.017861731493530368,22.919999999999998,23.089000000000002,23.085,21.310833333333335,42.51700660025921,1376097.4,21.0995,23.033,True,True,23.53,22265870.0,31782411.567500003
2023-03-13,22.51,23.06,22.38,22.97,1604761.0,40944459.0,55280195.0,0.02902958283703594,22.842,23.089000000000002,23.0865,21.346,48.942597980303205,1374103.45,21.151,23.073999999999998,True,True,23.53,36861360.17,31739077.496000003
2023-03-14,22.8,23.06,21.96,22.03,1431300.0,35683333.0,55280195.0,0.0258917321112923,22.716,22.973000000000003,23.011499999999998,21.371166666666667,36.00973223743645,1291944.45,21.188166666666667,23.0715,True,True,23.53,31531539.0,29698528.726
2023-03-15,22.05,22.68,22.03,22.57,1246260.0,31397119.0,55280195.0,0.02254442119822479,22.634,22.903,22.967,21.404833333333332,41.29464272809708,1270189.4,21.233166666666666,23.085,True,True,23.47,28128088.2,29132696.683000006
2023-03-16,22.53,22.53,21.8,21.88,917300.0,22607765.0,55280195.0,0.016593646241660327,22.4,22.752000000000002,22.931,21.433,36.999999896399984,1202060.65,21.27716666666667,23.101,True,True,23.47,20070524.0,27559964.133000005
2023-03-17,22.1,22.33,21.85,21.92,699620.0,17273701.0,55280195.0,0.012655888786209962,22.274,22.597,22.9,21.460833333333333,39.130434669187174,1163796.65,21.310833333333335,23.085,True,True,23.47,15335670.4,26675805.353000004
2023-03-20,21.93,22.13,21.8,21.95,1221720.0,30030566.0,55280195.0,0.02210050091176415,22.07,22.456,22.848,21.495833333333334,36.63793092393724,1153885.65,21.346,23.0865,True,True,23.47,26816754.0,26384422.023000002
2023-03-21,21.95,22.69,21.78,22.66,986420.0,24691005.0,55280195.0,0.017844003625529903,22.196,22.456,22.829,21.549666666666667,44.21252360171246,1128616.7,21.371166666666667,23.011499999999998,True,True,23.47,22352277.2,25783483.435
2023-03-22,22.8,23.34,22.55,22.96,1070020.0,27515351.0,55280195.0,0.01935629930393697,22.274,22.454,22.817999999999998,21.608333333333334,46.0550457532531,1126233.1,21.404833333333332,22.967,True,True,23.47,24567659.2,25716461.367000002
2023-03-23,22.94,23.06,22.64,22.83,818720.0,20893447.0,55280195.0,0.014810367438103284,22.464,22.432,22.792,21.663999999999998,44.18181806935537,1105910.1,21.433,22.931,False,True,23.47,18691377.599999998,25220632.597000003
2023-03-24,22.83,22.99,22.53,22.55,753860.0,19181891.0,55280195.0,0.013637072011052059,22.59,22.432,22.7605,21.721833333333333,42.857142751322755,1088826.1,21.460833333333333,22.9,False,False,23.47,16999543.0,24800878.887000002
2023-03-27,22.89,22.89,21.99,22.14,1245140.0,31060240.0,55280195.0,0.02252416077765283,22.628,22.348999999999997,22.719,21.778000000000002,45.167286127817476,1091297.05,21.495833333333334,22.848,True,False,23.47,27567399.6,24805963.298499998
2023-03-28,22.06,22.14,21.8,21.9,956700.0,23491622.0,55280195.0,0.017306378893923946,22.476,22.336,22.6545,21.823333333333334,39.81132064955498,1075824.05,21.549666666666667,22.829,True,True,23.47,20951730.0,24385437.2785
2023-03-29,21.81,22.15,21.7,21.76,890940.0,21788369.0,55280195.0,0.01611680277177025,22.235999999999997,22.255000000000003,22.579,21.8665,37.98882671660269,1047446.05,21.608333333333334,22.817999999999998,True,True,23.47,19386854.400000002,23657815.2485
2023-03-30,21.78,21.93,21.46,21.79,981940.0,23791285.0,55280195.0,0.01776296194324206,22.028,22.246000000000002,22.499000000000002,21.915666666666667,42.24489783848394,1034041.05,21.663999999999998,22.792,True,True,23.47,21396472.599999998,23265717.0985
2023-03-31,21.62,21.96,21.61,21.77,712780.0,17319652.0,55280195.0,0.0128939487279305,21.872,22.231,22.413999999999998,21.968666666666667,36.66666655259259,1023748.05,21.721833333333333,22.7605,True,True,23.47,15517220.6,22963554.0885
2023-04-03,21.75,21.92,21.5,21.92,1341014.0,32518904.0,55280195.0,0.024258488957935115,21.828,22.228,22.342000000000002,22.015666666666664,48.517520032548454,1036774.75,21.778000000000002,22.719,True,True,23.36,29395026.880000003,23171304.7925
2023-04-04,21.93,22.07,21.28,21.31,1178000.0,28297516.0,55280195.0,0.021309620923008685,21.71,22.093,22.2745,22.049,33.33333320987654,1032337.75,21.823333333333334,22.6545,True,True,23.05,25103180.0,22991247.3725
2023-04-06,21.34,21.52,20.94,21.0,928000.0,21960902.0,55280195.0,0.016787205616767453,21.558,21.897,22.1755,22.069666666666667,37.05882337681663,1036221.75,21.8665,22.579,True,True,23.05,19488000.0,22988629.692500003
2023-04-07,20.96,21.58,20.92,21.49,1270680.0,30379732.0,55280195.0,0.022986170725338432,21.498,21.762999999999998,22.097500000000004,22.09466666666667,44.41558425407316,1062128.75,21.915666666666667,22.499000000000002,True,True,23.05,27306913.2,23486673.0025
2023-04-10,21.49,21.49,20.91,21.06,1124900.0,26585894.0,55280195.0,0.020349059911963046,21.356,21.613999999999997,22.023000000000003,22.109666666666666,39.529411634491346,1069003.75,21.968666666666667,22.413999999999998,True,True,22.97,23690394.0,23557899.2025
2023-04-11,21.05,21.15,20.79,21.01,825660.0,19359794.0,55280195.0,0.01493590968700454,21.174,21.501,21.925,22.125833333333333,27.019498501873827,1030048.7,22.015666666666664,22.342000000000002,True,True,22.97,17347116.6,22582187.024
2023-04-12,21.01,21.27,20.86,21.19,798900.0,18800747.0,55280195.0,0.01445183035262448,21.15,21.43,21.883000000000003,22.143833333333337,24.495677134599532,998428.7,22.049,22.2745,True,True,22.96,16928691.0,21852044.624
2023-04-13,21.1,21.31,20.97,21.19,662440.0,15663746.0,55280195.0,0.011983315181865765,21.188000000000002,21.373,21.814,22.163999999999998,25.44910168973429,969237.7,22.069666666666667,22.1755,True,True,22.96,14037103.600000001,21147495.394
2023-04-14,21.19,21.45,20.9,21.23,836100.0,19717915.0,55280195.0,0.015124765750193175,21.136000000000003,21.317,21.7815,22.185166666666664,28.70967728969819,965177.7,22.09466666666667,22.097500000000004,True,True,22.96,17750403.0,21031489.344
2023-04-17,21.0,21.14,20.82,20.99,1691100.0,39605515.0,55280195.0,0.030591426097538187,21.122,21.239,21.735,22.192333333333334,30.375426476021786,1014751.7,22.109666666666666,22.023000000000003,True,True,22.96,35496189.0,22039515.273999996
2023-04-18,20.94,21.1,20.75,20.96,1046840.0,24515446.0,55280195.0,0.018936980956742285,21.112000000000002,21.143,21.6855,22.203833333333332,32.720588066879316,1006007.7,22.125833333333333,21.925,True,True,22.96,21941766.400000002,21795765.894
2023-04-19,20.96,20.96,20.73,20.78,683660.0,15899363.0,55280195.0,0.01236717779305952,21.03,21.09,21.5915,22.212333333333333,32.24637664802559,990869.7,22.143833333333337,21.883000000000003,True,True,22.96,14206454.8,21388474.774
2023-04-20,20.79,21.1,20.71,20.94,953700.0,22269314.0,55280195.0,0.01725210991024905,20.98,21.084,21.4905,22.226333333333333,35.29411747608388,985053.7,22.163999999999998,21.814,True,True,22.96,19970478.0,21158615.713999998
2023-04-21,20.97,21.15,20.61,20.7,1187366.0,27579357.0,55280195.0,0.021479048690041705,20.874000000000002,21.005000000000003,21.384,22.237666666666666,32.79742750509196,1003486.0,22.185166666666664,21.7815,True,True,22.83,24578476.2,21452970.644
2023-04-24,20.7,20.76,20.2,20.66,1280100.0,29370972.0,55280195.0,0.0231565753340776,20.808,20.965,21.2895,22.248333333333335,28.99999986466662,1029798.0,22.192333333333334,21.735,True,True,22.55,26446866.0,21925336.794
2023-04-25,22.22,22.72,21.99,22.72,1888940.0,47783222.0,55280195.0,0.03417028467428525,21.160000000000004,21.136,21.3185,22.285666666666664,65.84269642206795,1061988.0,22.203833333333332,21.6855,True,True,22.14,42916716.8,22692802.654000003
2023-04-26,22.44,23.23,22.43,23.09,7119148.0,181576261.0,55280195.0,0.12878297553038662,21.622,21.326,21.378,22.305833333333336,73.17073148017957,1370110.4,22.212333333333333,21.5915,False,True,22.72,164381127.32,29864272.52
2023-04-27,22.99,23.82,22.84,23.48,5416020.0,142164077.0,55280195.0,0.09797396698763454,22.13,21.555,21.464000000000002,22.324666666666666,72.56235804628734,1596364.4,22.226333333333333,21.4905,False,False,23.09,127168149.60000001,35253337.28
2023-04-28,23.48,23.78,23.1,23.52,3332620.0,87599192.0,55280195.0,0.06028596679154261,22.694,21.784,21.5505,22.343666666666667,80.59701464468705,1713898.4,22.237666666666666,21.384,False,False,23.48,78383222.4,38102674.769999996
2023-05-04,23.76,24.13,23.54,23.99,3563632.0,95412271.0,55280195.0,0.06446489561044422,23.360000000000003,22.084,21.6615,22.369500000000002,83.5585582950856,1856441.0,22.248333333333335,21.2895,False,False,23.52,85491531.67999999,41601390.324
2023-05-05,23.94,24.11,23.54,23.77,2406580.0,63889132.0,55280195.0,0.043534216910776094,23.57,22.365,21.753999999999998,22.39,78.79464261090959,1909719.3,22.285666666666664,21.3185,False,False,23.99,57204406.6,42991859.31
2023-05-08,23.77,24.13,23.56,23.69,2806804.0,74787397.0,55280195.0,0.05077413348487646,23.69,22.656,21.872999999999998,22.406333333333336,77.41228046408513,1991159.5,22.305833333333336,21.378,False,False,23.99,66493186.760000005,45061359.648
2023-05-09,23.59,24.04,23.05,23.11,2212482.0,57795578.0,55280195.0,0.04002304984633285,23.616,22.872999999999998,21.9785,22.413,68.43137236116878,2055383.6,22.324666666666666,21.464000000000002,False,False,23.99,51130459.019999996,46643482.599
2023-05-10,23.04,23.47,22.89,23.13,1646200.0,42672113.0,55280195.0,0.02977920030853726,23.538,23.116,22.060499999999998,22.419666666666668,71.92622930185101,2074159.6,22.343666666666667,21.5505,False,False,23.99,38076606.0,47181967.239
2023-05-11,23.29,23.58,22.97,23.38,1269380.0,33211214.0,55280195.0,0.02296265416574598,23.415999999999997,23.387999999999998,22.176499999999997,22.428166666666666,73.72548999369472,2081383.6,22.369500000000002,21.6615,False,False,23.99,29678104.4,47481352.758999996
2023-05-12,23.15,23.87,23.07,23.35,1362400.0,35785288.0,55280195.0,0.024645354452892215,23.332,23.451,22.2935,22.435,75.95959574476076,2108220.6,22.39,21.753999999999998,False,False,23.99,31812040.000000004,48204598.929000005
2023-05-15,23.23,23.64,23.14,23.57,1619620.0,42357051.0,55280195.0,0.029298377113177693,23.308,23.499000000000002,22.4125,22.43566666666667,76.24750477695311,2149256.6,22.406333333333336,21.872999999999998,False,False,23.99,38174443.4,49266886.549
2023-05-16,23.56,23.85,23.33,23.43,1356620.0,35733870.0,55280195.0,0.02454079621101192,23.372,23.494,22.5245,22.435166666666664,77.80040711014145,2183965.6,22.413,21.9785,False,False,23.99,31785606.599999998,50154311.699
2023-05-17,23.43,23.99,23.24,23.97,1766344.0,46789030.0,55280195.0,0.03195256456674945,23.54,23.538999999999998,22.661499999999997,22.458000000000002,80.59149701880207,2230477.8,22.419666666666668,22.060499999999998,False,False,23.99,42339265.68,51383754.833000004
2023-05-18,24.03,24.29,23.56,23.65,1417222.0,37675673.0,55280195.0,0.025637065860567243,23.594,23.505,22.794500000000003,22.476499999999998,62.67029948845119,2216783.9,22.428166666666666,22.176499999999997,False,False,23.99,33517300.299999997,51284810.398
2023-05-19,23.59,23.93,23.34,23.91,1182243.0,31336505.0,55280195.0,0.02138637535558621,23.706,23.519,22.942,22.491833333333332,61.51685369066408,2223554.05,22.435,22.2935,False,False,23.99,28267430.13,51601093.5845
2023-05-22,24.03,24.16,23.69,24.07,1091036.0,29239670.0,55280195.0,0.019736471624240835,23.806,23.557000000000002,23.1065,22.509,58.858858611404216,2243922.85,22.43566666666667,22.4125,False,False,23.99,26261236.52,52203832.670499995
2023-05-23,24.13,25.81,24.13,25.3,5177968.0,145232444.0,55280195.0,0.0936676869537092,24.18,23.776,23.3245,22.544333333333334,69.6902652708709,2455136.25,22.435166666666664,22.5245,False,False,24.07,131002590.4,57755438.2905
2023-05-24,25.3,27.83,25.07,26.81,9913078.0,295094877.0,55280195.0,0.17932422271665285,24.747999999999998,24.144,23.63,22.601999999999997,75.35971204046118,2891421.85,22.458000000000002,22.661499999999997,False,False,25.3,265769621.17999998,69814995.5395
2023-05-25,25.92,26.18,24.76,25.12,5958172.0,168265964.0,55280195.0,0.10778131300007172,25.042,24.318,23.853,22.634333333333334,59.60170685143331,3125325.45,22.476499999999998,22.794500000000003,False,False,26.81,149669280.64000002,75976116.27149999
2023-05-26,25.13,25.7,24.66,25.23,3298953.0,91780933.0,55280195.0,0.05967694216708172,25.306,24.505999999999997,23.9785,22.672000000000004,60.90651545995875,3195826.1,22.491833333333332,22.942,False,False,26.81,83232584.19,77991909.641
2023-05-29,25.23,25.28,24.45,24.72,2638100.0,72472060.0,55280195.0,0.04772233527757997,25.436,24.621,24.06,22.6975,61.51645195118307,2971773.7,22.509,23.1065,False,False,26.81,65213832.0,73033544.875
2023-05-30,24.83,24.96,24.32,24.87,2139542.0,58380568.0,55280195.0,0.038703589956583906,25.35,24.764999999999997,24.1295,22.72416666666667,62.21910100125459,2807949.8,22.544333333333334,23.3245,False,False,26.81,53210409.54,69335657.872
2023-05-31,24.86,24.93,24.39,24.44,1518540.0,41262153.0,55280195.0,0.02746987415655824,24.876,24.812,24.1755,22.741666666666667,57.26027386278854,2717245.8,22.601999999999997,23.63,False,False,26.81,37113117.6,67272152.632
2023-06-01,25.01,26.3,24.95,25.59,3638294.0,102640885.0,55280195.0,0.06581550589682254,24.97,25.006,24.2555,22.776999999999997,63.301662602586305,2720978.9,22.634333333333334,23.853,False,False,26.81,93103943.46,67652773.221
2023-06-02,25.75,27.42,25.52,27.38,4046065.0,119670291.0,55280195.0,0.07319194514418771,25.4,25.353,24.436,22.844,69.06906897227557,2802953.15,22.672000000000004,23.9785,False,False,26.81,110781259.7,70331615.876
2023-06-05,27.03,29.36,26.55,28.22,4911604.0,150595729.0,55280195.0,0.08884925243118263,26.1,25.768,24.6625,22.936666666666667,72.4041159014352,2908193.15,22.6975,24.06,False,False,27.38,138605464.88,73937229.782
2023-06-06,28.02,28.28,27.38,27.52,3777980.0,115989608.0,55280195.0,0.06834237831469299,26.629999999999995,25.99,24.883,23.012333333333334,66.35944691898321,2986468.05,22.72416666666667,24.1295,False,False,28.22,103970009.6,76579207.311
2023-06-07,27.27,27.97,27.18,27.28,1798420.0,54824624.0,55280195.0,0.03253280854020142,27.198,26.037,25.0905,23.082833333333333,66.85236760112042,2994079.05,22.741666666666667,24.1755,False,False,28.22,49060897.6,77128421.891
2023-06-08,27.62,28.09,27.1,27.44,1804240.0,55020694.0,55280195.0,0.03263809036853072,27.568,26.269,25.2935,23.164333333333335,66.54170562965476,3020822.05,22.776999999999997,24.2555,False,False,28.22,49508345.6,78119933.951
2023-06-09,27.36,27.97,27.26,27.44,1201560.0,36629349.0,55280195.0,0.021735813341468856,27.580000000000002,26.490000000000002,25.497999999999998,23.238833333333332,66.03235005476186,3012780.05,22.844,24.436,False,False,28.22,32970806.400000002,78177872.271
2023-06-12,27.57,28.55,27.08,28.35,1840940.0,56980643.0,55280195.0,0.03330198093548693,27.606,26.853,25.737000000000002,23.34416666666667,64.96565251133278,3023846.05,22.936666666666667,24.6625,False,False,28.22,52190649.0,78878682.551
2023-06-13,28.21,28.54,27.36,27.54,1782140.0,54590262.0,55280195.0,0.032238308855458996,27.610000000000003,27.119999999999997,25.942500000000003,23.427000000000003,53.846153766718,3045122.05,23.012333333333334,24.883,False,False,28.35,49080135.6,79743409.001
2023-06-14,27.46,27.87,27.25,27.49,1773892.0,54039730.0,55280195.0,0.03208910532967548,27.651999999999997,27.425,26.1185,23.520500000000002,65.0955412851799,3045499.45,23.082833333333333,25.0905,False,False,28.35,48764291.08,80064660.271
2023-06-15,27.19,27.88,27.19,27.39,1392840.0,42540307.0,55280195.0,0.025196003740580147,27.642000000000003,27.605,26.305500000000002,23.611666666666665,63.775510090196796,3044280.35,23.164333333333335,25.2935,False,False,28.35,38149887.6,80296289.636
2023-06-16,27.21,27.63,27.13,27.16,1279340.0,38647926.0,55280195.0,0.02314282719154663,27.586000000000002,27.583000000000006,26.468,23.698500000000003,66.13756601508918,3049135.2,23.238833333333332,25.497999999999998,False,False,28.35,34746874.4,80620261.8495
2023-06-19,27.16,27.17,26.69,26.8,992120.0,29546659.0,55280195.0,0.0179471146945122,27.276,27.441000000000003,26.6045,23.7675,62.41956230709474,3044189.4,23.34416666666667,25.737000000000002,False,False,28.35,26588816.0,80636640.82349999
2023-06-20,27.02,27.08,26.7,26.76,1035583.0,30784269.0,55280195.0,0.018733345640332855,27.120000000000005,27.365,26.6775,23.83083333333333,65.71815705690324,2837070.15,23.427000000000003,25.942500000000003,False,False,28.35,27712201.080000002,75472121.3575
2023-06-21,26.74,28.03,26.74,27.64,2600120.0,79409371.0,55280195.0,0.047035289944255806,27.15,27.401,26.719,23.911,64.41631492238702,2471422.25,23.520500000000002,26.1185,False,False,28.35,71867316.8,65777006.1385
2023-06-26,27.58,27.97,26.92,27.37,2326820.0,70532928.0,55280195.0,0.04209138553147289,27.145999999999997,27.394,26.8315,23.991333333333333,49.910554436717774,2289854.65,23.611666666666665,26.305500000000002,False,False,28.35,63685063.400000006,61477795.2765
2023-06-27,27.55,28.48,27.45,28.4,2049160.0,63707640.0,55280195.0,0.03706861019574913,27.394,27.490000000000002,26.99,24.095666666666666,51.557093300726756,2227365.0,23.698500000000003,26.468,False,False,28.35,58196144.0,60225973.267
2023-06-28,28.38,29.38,28.08,29.19,2613900.0,83313816.0,55280195.0,0.04728456547593582,27.872000000000003,27.574,27.2135,24.217166666666667,64.22487207850969,2226155.0,23.7675,26.6045,False,False,28.4,76299741.0,60780268.71699999
2023-06-29,29.05,29.32,28.28,28.59,2345284.0,74416037.0,55280195.0,0.042425393036330646,28.238,27.679000000000002,27.3995,24.331,60.51364352372535,2236442.1,23.83083333333333,26.6775,False,False,29.19,67051669.56,61472331.71800001
2023-06-30,28.75,29.63,28.65,29.14,2390439.0,77271525.0,55346495.00000001,0.04319043148080108,28.538,27.844,27.634500000000003,24.453500000000002,62.839879021184544,2280037.05,23.911,26.719,False,False,29.19,69657392.46000001,63099545.461
2023-07-03,29.0,29.36,28.64,29.09,1535797.0,49317894.0,55346495.00000001,0.027748767108016503,28.881999999999998,28.014,27.809499999999996,24.575499999999998,62.36881546129482,2174912.2,23.991333333333333,26.8315,False,False,29.19,44676334.73,60678165.0245
2023-07-04,28.97,29.45,28.36,29.42,1939000.0,62277299.0,55346495.00000001,0.035033835475941154,29.086000000000002,28.24,27.9115,24.7005,58.7848931325142,2069558.95,24.095666666666666,26.99,False,False,29.19,57045380.0,57991371.0395
2023-07-05,29.33,29.33,28.77,28.8,908120.0,29122065.0,55346495.00000001,0.016407904421047798,29.008000000000003,28.439999999999998,27.940499999999997,24.825333333333333,60.67796595771331,1869384.75,24.217166666666667,27.2135,False,False,29.42,26153856.0,52368790.5955
2023-07-06,28.82,29.07,28.46,28.88,717980.0,22913933.0,55346495.00000001,0.012972456521411156,29.066000000000003,28.651999999999997,28.008499999999998,24.956666666666663,61.72006730791216,1716384.75,24.331,27.3995,False,False,29.42,20735262.4,48207053.2355
2023-07-07,28.94,28.94,28.5,28.79,545140.0,17318691.0,55346495.00000001,0.009849584874344796,28.996000000000002,28.767000000000003,28.084000000000003,25.07833333333333,61.82432417811814,1653720.75,24.453500000000002,27.634500000000003,False,False,29.42,15694580.6,46538737.3855
2023-07-10,28.84,29.18,28.32,28.58,1075012.0,34121161.0,55346495.00000001,0.01942330765480271,28.894,28.887999999999998,28.141,25.203666666666667,62.03389815788565,1617259.35,24.575499999999998,27.809499999999996,False,False,29.42,30723842.959999997,45599512.2535
2023-07-11,28.73,28.91,28.17,28.79,771560.0,24415787.0,55346495.00000001,0.013940539504805135,28.768,28.927,28.208499999999997,25.333333333333332,67.30434766221548,1595759.35,24.7005,27.9115,False,False,29.42,22213212.4,45061632.553500004
2023-07-12,28.72,29.09,28.5,28.57,826960.0,26385705.0,55346495.00000001,0.014941506232689169,28.722,28.865,28.2195,25.45633333333333,65.26138264525136,1545060.35,24.825333333333333,27.940499999999997,False,False,29.42,23626247.2,43633412.4635
2023-07-13,28.55,28.89,28.08,28.13,1386800.0,43421318.0,55346495.00000001,0.025056690581761316,28.572000000000003,28.819,28.249000000000002,25.572000000000003,54.46265924180741,1525293.35,24.956666666666663,28.008499999999998,False,False,29.42,39010684.0,43129939.883499995
2023-07-14,28.06,28.53,27.87,27.92,1242600.0,38742520.0,55346495.00000001,0.022451286210626344,28.398000000000003,28.697000000000003,28.2705,25.6835,55.06445657994431,1498728.75,25.07833333333333,28.084000000000003,True,False,29.42,34693392.0,42426394.9295
2023-07-17,29.54,30.64,29.28,30.14,5299919.0,176494607.0,55346495.00000001,0.0957588913263613,28.71,28.802,28.408000000000005,25.836000000000002,63.14199382417102,1694082.7,25.203666666666667,28.141,True,True,29.42,159739558.66,48505878.4825
2023-07-18,30.6,32.98,30.31,32.5,5127260.0,179746036.0,55346495.00000001,0.09263928998575248,29.451999999999998,29.110000000000003,28.675,26.028333333333332,70.20757008755726,1886478.7,25.333333333333332,28.208499999999997,False,True,30.14,166635950.0,55100332.2625
2023-07-19,32.59,32.7,32.07,32.48,3020360.0,108130654.0,55346495.00000001,0.054571838740646535,30.233999999999998,29.478,28.958999999999996,26.223333333333336,75.55847555087794,1987890.7,25.45633333333333,28.2195,False,False,32.5,98101292.8,58675956.1025
2023-07-20,32.33,32.98,31.71,31.87,2126020.0,75956887.0,55346495.00000001,0.03841291124216628,30.982,29.777000000000005,29.214499999999997,26.4055,67.79661004574282,2042412.55,25.572000000000003,28.249000000000002,False,False,32.5,67756257.4,60678158.918500006
2023-07-21,31.62,31.62,28.7,28.7,5944210.0,195812528.0,55346495.00000001,0.10739993562374635,31.137999999999998,29.768,29.267500000000002,26.538833333333333,48.19277102180733,2209617.05,25.6835,28.2705,False,False,32.5,170598827.0,65614734.42850001
2023-07-24,28.55,30.87,28.46,30.51,5241720.0,173157435.0,55346495.00000001,0.09470735229033021,31.212,29.961000000000002,29.424500000000002,26.702999999999996,54.44172772924334,2355362.05,25.836000000000002,28.408000000000005,True,False,32.5,159924877.20000002,70426725.1185
2023-07-25,30.86,30.99,29.52,29.61,2612620.0,86952777.0,55346495.00000001,0.04720479589538596,30.633999999999997,30.043,29.485000000000003,26.817833333333336,53.22709157408929,2383535.05,26.028333333333332,28.675,False,True,32.5,77359678.2,71384901.8285
2023-07-26,29.61,30.05,29.16,29.23,1727040.0,56643638.0,55346495.00000001,0.031204144002253437,29.984,30.108999999999998,29.487000000000002,26.920166666666667,51.361867648321706,2339192.05,26.223333333333336,28.958999999999996,False,False,32.5,50481379.2,70093983.7385
2023-07-27,29.26,29.44,28.49,28.7,1541373.0,49286552.0,55346495.00000001,0.027849514228498115,29.35,30.166000000000004,29.492499999999996,27.007166666666663,49.66139949621824,2298996.5,26.4055,29.214499999999997,True,False,32.5,44237405.1,68953270.5155
2023-07-28,28.46,28.91,28.33,28.38,1631100.0,51473065.0,55346495.00000001,0.029470700899849208,29.286,30.212,29.454499999999996,27.088166666666666,49.25373129182446,2261029.55,26.538833333333333,29.267500000000002,True,True,32.5,46290618.0,67784931.79249999
2023-07-31,28.36,28.64,26.85,28.24,2993800.0,92358053.0,55346495.00000001,0.054091952886989494,28.832,30.022,29.412,27.159,47.93698419571509,2333929.7,26.702999999999996,29.424500000000002,True,True,32.5,84544912.0,69778360.65599999
2023-08-01,28.09,28.66,27.85,28.42,1940820.0,60940639.0,55346495.00000001,0.03506671922043121,28.594,29.613999999999997,29.362000000000002,27.2365,49.435665862144525,2334020.7,26.817833333333336,29.485000000000003,True,True,32.5,55158104.400000006,69683996.876
2023-08-02,28.55,29.22,28.11,28.91,1590147.0,50803696.0,55346495.00000001,0.02873076244484858,28.53,29.256999999999998,29.3675,27.3235,52.923538175342614,2368122.05,26.920166666666667,29.487000000000002,True,True,32.5,45971149.77,70674861.5645
2023-08-03,28.86,29.16,28.56,28.99,1012280.0,32422312.0,55346495.00000001,0.018289866413401606,28.588,28.969,29.373,27.421499999999998,54.04996209260411,2382837.05,27.007166666666663,29.492499999999996,True,True,32.5,29345997.2,71105398.3045
2023-08-04,26.09,26.09,26.09,26.09,1153700.0,33318856.0,55346495.00000001,0.020845041768227598,28.130000000000003,28.708,29.238,27.470833333333335,35.42116627099378,2413265.05,27.088166666666666,29.454499999999996,True,True,32.5,30100033.0,71825670.9245
2023-08-07,24.87,25.3,23.48,23.48,9010564.0,236336119.0,55346495.00000001,0.16280279356443436,27.177999999999997,28.005000000000003,28.982999999999997,27.4725,18.104667591692703,2810042.65,27.159,29.412,True,True,32.5,211568042.72,80867880.9125
2023-08-08,23.02,23.38,22.38,22.64,8789685.0,221023950.0,55346495.00000001,0.1588119536747539,26.022,27.308,28.6755,27.46066666666667,17.11229944922647,3210948.9,27.2365,29.362000000000002,True,True,32.5,198998468.4,89707143.7125
2023-08-09,22.64,22.87,22.42,22.63,4898184.0,122847043.0,55346495.00000001,0.08850034676992644,24.766,26.648000000000003,28.378499999999995,27.444999999999997,17.827298032758918,3414510.1,27.3235,29.3675,True,True,32.5,110845903.92,94068126.5485
2023-08-10,22.63,23.03,22.54,23.0,3788789.0,95550751.0,55346495.00000001,0.06845580736413388,23.568,26.077999999999996,28.122000000000003,27.437833333333334,25.34602073054981,3534609.55,27.421499999999998,29.373,True,True,32.5,87142147.0,96474699.6985
2023-08-11,22.99,23.0,22.43,22.49,3986380.0,99874134.0,55346495.00000001,0.0720258798682735,22.848,25.489,27.8505,27.413166666666665,10.916179322336603,3671798.55,27.470833333333335,29.238,True,True,32.5,89653686.19999999,99222714.4085
2023-08-14,22.52,22.91,22.22,22.85,3639629.0,91090790.0,55346495.00000001,0.06576078575526778,22.722,24.95,27.485999999999997,27.399833333333333,15.22633742662876,3588784.05,27.4725,28.982999999999997,True,True,32.5,83165522.65,95394012.608
2023-08-15,22.94,22.98,22.72,22.85,3003880.0,76058143.0,55346495.00000001,0.05427407824108825,22.764,24.393,27.003500000000003,27.382166666666663,15.845824387383175,3482615.05,27.46066666666667,28.6755,True,True,32.5,68638658.0,90494148.00799999
2023-08-16,22.78,23.18,22.64,22.95,3017033.0,76752807.0,55346495.00000001,0.05451172653299906,22.828,23.796999999999997,26.526999999999997,27.3635,17.732884371687973,3482448.7,27.444999999999997,28.378499999999995,True,True,32.48,69240907.35,89051128.73550001
2023-08-17,22.93,23.18,22.59,23.12,2581312.0,65443460.0,55346495.00000001,0.046639123218191136,22.852,23.21,26.089499999999997,27.327166666666667,19.977168917844736,3505213.3,27.437833333333334,28.122000000000003,True,True,31.87,59679933.440000005,88647312.5375
2023-08-18,23.08,23.52,22.92,22.94,2813480.0,72405691.0,55346495.00000001,0.050833932663667314,22.942,22.895,25.801499999999997,27.262666666666668,19.88636360472627,3348676.8,27.413166666666665,27.8505,True,True,30.51,64541231.2,83344432.74749999
2023-08-21,22.92,23.23,22.78,22.93,2122820.0,54094925.0,55346495.00000001,0.03835509366943651,22.958,22.84,25.4225,27.226166666666664,18.192352230047163,3192731.8,27.399833333333333,27.485999999999997,True,True,30.51,48676262.6,77782002.01750001
2023-08-22,22.93,23.29,22.47,22.78,1986050.0,49984363.0,55346495.00000001,0.03588393447498346,22.944,22.854,25.081,27.185333333333332,13.027744248204073,3161403.3,27.382166666666663,27.003500000000003,True,True,29.61,45242219.0,76176129.0575
2023-08-23,22.87,22.87,22.36,22.4,1781400.0,44420284.0,55346495.00000001,0.0321863200190003,22.834,22.831,24.7395,27.146666666666665,11.641443520025618,3164121.3,27.3635,26.526999999999997,True,True,29.23,39903360.0,75647228.0975
2023-08-24,22.27,22.69,22.1,22.33,1586360.0,39159498.0,55346495.00000001,0.028662338961121202,22.676,22.764,24.421,27.104333333333333,17.361111068914013,3166370.65,27.327166666666667,26.089499999999997,True,True,28.99,35423418.8,75206528.7825
2023-08-25,22.14,22.38,21.78,21.91,2229560.0,54466706.0,55346495.00000001,0.04028367107980369,22.47,22.706,24.0975,27.062166666666666,28.0112043719449,3196293.65,27.262666666666668,25.801499999999997,True,True,28.99,48849659.6,75334480.8625
2023-08-28,23.04,23.2,22.2,22.29,3591960.0,89448214.0,55346495.00000001,0.06489950266950056,22.342,22.65,23.8,27.007166666666667,44.37299015394794,3226201.65,27.226166666666664,25.4225,True,True,28.99,80064788.39999999,75110474.6825
2023-08-29,22.14,23.11,22.01,23.09,3419200.0,86017773.0,55346495.00000001,0.06177807646175245,22.404000000000003,22.674,23.5335,26.935666666666666,55.89743569677843,3300120.65,27.185333333333332,25.081,True,True,28.99,78949328.0,76300035.8625
2023-08-30,23.06,23.66,22.99,23.44,2874700.0,74630379.0,55346495.00000001,0.051940055101953604,22.612000000000002,22.723000000000003,23.259999999999998,26.855999999999998,55.670102891912,3364348.3,27.146666666666665,24.7395,True,True,28.99,67382968.0,77370626.774
2023-08-31,23.53,23.94,23.12,23.22,2325500.0,60084710.0,55346495.00000001,0.04201711418220792,22.79,22.733,22.9715,26.784333333333333,60.16713068458499,3430009.3,27.104333333333333,24.421,False,True,28.99,53998110.0,78603232.414
2023-09-01,23.25,23.82,23.25,23.4,3143220.0,81786662.0,55346495.00000001,0.056791672173639896,23.088,22.779,22.837,26.719666666666665,58.06451589064417,3529485.3,27.062166666666666,24.0975,False,False,26.09,73551348.0,80775798.164
2023-09-04,23.68,24.01,23.57,23.9,3388145.0,89327396.0,55346495.00000001,0.06121697498640157,23.41,22.875999999999998,22.857999999999997,26.660666666666664,63.42710974731976,3248364.35,27.007166666666667,23.8,False,False,23.48,80976665.5,74246229.303
2023-09-05,23.91,24.08,23.52,23.64,2488380.0,65241808.0,55346495.00000001,0.04496002863415289,23.520000000000003,22.962,22.907999999999998,26.597333333333335,58.476658275510275,2933299.1,26.935666666666666,23.5335,False,False,23.9,58825303.2,67237571.04300001
2023-09-06,23.49,23.72,23.41,23.59,1864940.0,48643206.0,55346495.00000001,0.03369572002707669,23.55,23.081,22.956,26.517999999999997,55.94936689030603,2781636.9,26.855999999999998,23.259999999999998,False,False,23.9,43993934.6,63894972.577
2023-09-07,23.59,23.9,23.34,23.46,2460580.0,64263275.0,55346495.00000001,0.04445773847106307,23.598,23.194,22.979,26.45,56.66666646324786,2715226.45,26.784333333333333,22.9715,False,False,23.9,57725206.800000004,62424125.566999994
2023-09-08,23.53,23.69,23.13,23.21,1543905.0,39846281.0,55346495.00000001,0.02789526238292054,23.560000000000002,23.323999999999998,23.015,26.378666666666668,53.381642331559675,2593102.7,26.719666666666665,22.837,False,False,23.9,35834035.050000004,59733143.009500004
2023-09-11,23.15,23.29,22.85,22.95,2584600.0,65737918.0,55346495.00000001,0.046698530774170965,23.369999999999997,23.39,23.020000000000003,26.304666666666666,51.99999982870585,2540351.25,26.660666666666664,22.857999999999997,False,False,23.9,59316570.0,58540695.37700001
2023-09-12,22.95,23.06,22.68,22.72,1313160.0,33120604.0,55346495.00000001,0.023726163689317632,23.186,23.353,23.0135,26.230666666666664,53.90243884033314,2455815.25,26.597333333333335,22.907999999999998,True,False,23.9,29834995.2,56600512.237
2023-09-13,22.64,22.81,22.22,22.45,1784000.0,44304315.0,55346495.00000001,0.03223329679684323,22.958000000000002,23.253999999999998,22.9885,26.158166666666666,51.395348669875624,2394163.6,26.517999999999997,22.956,True,True,23.9,40050800.0,55141006.8695
2023-09-14,22.38,22.59,21.92,22.13,1649200.0,40455797.0,55346495.00000001,0.029797731545601936,22.692,23.145,22.939,26.081000000000003,52.619047443650786,2347558.0,26.45,22.979,True,True,23.9,36496796.0,53981849.9975
2023-09-15,22.1,22.43,22.0,22.05,1366264.0,33548210.0,55346495.00000001,0.02468564630876806,22.46,23.009999999999998,22.8945,25.987833333333334,46.92307675463513,2275197.2,26.378666666666668,23.015,True,True,23.9,30126121.2,52261094.497499995
2023-09-18,22.21,23.03,21.97,22.46,3276720.0,81781180.0,55346495.00000001,0.05920374903595972,22.362000000000002,22.866000000000003,22.871000000000002,25.906000000000002,41.02564086200601,2332892.2,26.304666666666666,23.020000000000003,True,True,23.9,73595131.2,53507037.927499995
2023-09-19,22.55,22.76,22.03,22.07,1857752.0,45738812.0,55346495.00000001,0.03356584730433246,22.232,22.709,22.8355,25.8005,30.70422523102559,2326477.3,26.230666666666664,23.0135,True,True,23.9,41000586.64,53294956.309499994
2023-09-20,22.03,22.4,21.94,22.03,1568620.0,38447970.0,55346495.00000001,0.028341812792300573,22.148000000000003,22.553,22.817,25.681166666666666,32.344213515484,2315838.3,26.158166666666666,22.9885,True,True,23.9,34556698.6,53027623.2395
2023-09-21,22.03,22.24,21.77,21.79,1281276.0,31120953.0,55346495.00000001,0.023150083849031448,22.080000000000002,22.386,22.79,25.567833333333333,26.530612136609747,2300584.1,26.081000000000003,22.939,True,True,23.9,27919004.04,52652402.501499996
2023-09-22,21.79,22.41,21.63,22.33,1706600.0,41681585.0,55346495.00000001,0.03083483425644207,22.136,22.298000000000002,22.811,25.454333333333334,27.377521503375988,2274436.1,25.987833333333334,22.8945,True,True,23.9,38108378.0,52115338.4215
2023-09-25,22.34,22.6,22.05,22.23,1480767.0,36570892.0,55346495.00000001,0.026754485536979348,22.09,22.226,22.808,25.339999999999996,28.700906223017313,2168876.45,25.906000000000002,22.871000000000002,True,True,23.9,32917450.41,49757971.522
2023-09-26,22.11,22.37,21.83,21.9,1611700.0,39143490.0,55346495.00000001,0.029120181865175017,22.055999999999997,22.144,22.7485,25.214666666666666,26.462395439979502,2078501.45,25.8005,22.8355,True,True,23.9,35296230.0,47575316.622
2023-09-27,21.91,22.22,21.66,22.07,1375100.0,33481714.0,55346495.00000001,0.024845295081468117,22.064,22.106,22.68,25.1025,30.853994371362006,2003521.45,25.681166666666666,22.817,True,True,23.9,30348457.0,45723591.072000004
2023-09-28,22.06,22.48,21.97,22.37,1468288.0,36241083.0,55346495.00000001,0.026529015071324748,22.18,22.130000000000003,22.6375,24.994000000000003,38.58695637494094,1960660.85,25.567833333333333,22.79,True,True,23.9,32845602.560000002,44665965.7
2023-10-09,22.36,22.36,21.63,21.85,2200080.0,53277576.0,76520771.0,0.02875140920888003,22.084,22.11,22.56,24.87833333333333,36.04060900899279,1913503.85,25.454333333333334,22.811,True,True,23.9,48071748.0,43391985.7
2023-10-10,22.0,22.0,21.43,21.54,1983160.0,47451199.0,76520771.0,0.02591662334400682,21.945999999999998,22.017999999999997,22.442,24.761,35.32338296156037,1843254.6,25.339999999999996,22.808,True,True,23.9,42717266.4,41479015.745
2023-10-11,21.57,21.74,21.44,21.59,1555996.0,37168909.0,76520771.0,0.020334295899867502,21.884,21.97,22.3395,24.641000000000002,38.68421038379503,1796635.4,25.214666666666666,22.7485,True,True,23.64,33593953.64,40217448.267
2023-10-12,21.73,21.77,21.56,21.58,1233806.0,29572623.0,76520771.0,0.01612380512998229,21.785999999999998,21.925,22.238999999999997,24.5245,42.12034367057742,1765078.7,25.1025,22.68,True,True,23.59,26625533.479999997,39349028.211
2023-10-13,21.47,21.54,21.04,21.14,1495262.0,35056081.0,76520771.0,0.01954060290375276,21.54,21.86,22.123,24.408,38.181818042975216,1716812.8,24.994000000000003,22.6375,True,True,23.46,31609838.68,38043259.805
2023-10-16,21.0,21.32,21.0,21.16,1191568.0,27920900.0,76520771.0,0.015571824282847334,21.401999999999997,21.743,22.0205,24.295333333333335,31.213872706071058,1699195.95,24.87833333333333,22.56,True,True,23.21,25213578.88,37512236.9965
2023-10-17,21.21,21.28,20.96,21.1,1043257.0,24339075.0,76520771.0,0.013633644647934873,21.314,21.630000000000003,21.928,24.14466666666667,34.50479217793388,1622128.8,24.761,22.442,True,True,22.95,22012722.700000003,35647044.6315
2023-10-18,21.09,21.25,20.67,20.75,1140800.0,25943989.0,76520771.0,0.014908370434479809,21.146,21.514999999999997,21.829500000000003,23.948833333333333,31.395348709437542,1613510.8,24.641000000000002,22.3395,True,True,22.72,23671600.0,35338874.8715
2023-10-19,20.62,21.14,20.5,20.79,1250532.0,28510547.0,76520771.0,0.01634238630449764,20.988,21.387,21.746499999999997,23.754,34.56790108520043,1586837.4,24.5245,22.238999999999997,True,True,22.46,25998560.279999997,34636262.8855
2023-10-20,20.68,21.15,20.42,20.59,1400720.0,31849087.0,76520771.0,0.018305095227020125,20.878,21.209,21.6695,23.566,19.999999903448327,1574413.4,24.408,22.123,True,True,22.46,28840824.8,34253464.3255
2023-10-23,20.71,20.74,20.04,20.16,1706828.0,37991649.0,76520771.0,0.02230542083795784,20.677999999999997,21.04,21.575,23.42366666666667,17.95665626891855,1591441.6,24.295333333333335,22.0205,True,True,22.46,34409652.48,34467640.88950001
2023-10-24,20.26,20.99,20.16,20.96,1610280.0,36495705.0,76520771.0,0.021043698056832177,20.65,20.982,21.5,23.2645,37.297297156172434,1508119.6,24.14466666666667,21.928,True,True,22.46,33751468.800000004,32475457.7695
2023-10-25,21.06,21.29,20.92,21.2,1459780.0,33743177.0,76520771.0,0.019076911809997314,20.740000000000002,20.943,21.4565,23.12433333333333,38.46153831871046,1488221.0,23.948833333333333,21.829500000000003,True,True,22.37,30947336.0,31972795.2375
2023-10-26,21.2,21.27,20.72,21.04,1043700.0,23840472.0,76520771.0,0.013639433925724559,20.79,20.889,21.407000000000004,22.987833333333334,31.680440649166314,1461975.0,23.754,21.746499999999997,True,True,22.37,21959448.0,31342932.7075
2023-10-27,20.78,21.39,20.78,21.36,1718612.0,39861395.0,76520771.0,0.022459418240832935,20.944,20.911,21.3855,22.8655,42.85714268221571,1483841.8,23.566,21.6695,True,True,22.37,36709552.32,31782460.121500004
2023-10-30,20.36,20.4,19.24,19.61,8647260.0,183579220.0,76520771.0,0.11300539561996834,20.834,20.756,21.2495,22.719333333333335,30.184804841357845,1830874.8,23.42366666666667,21.575,True,True,22.37,169572768.6,38355679.6515
2023-10-31,19.43,19.53,19.26,19.44,5050068.0,106896188.0,76520771.0,0.0659960417806036,20.53,20.589999999999996,21.11,22.572666666666667,28.45691374781626,2009339.85,23.2645,21.5,True,True,22.37,98173321.92,41618473.227
2023-11-01,19.43,19.94,19.24,19.75,8132730.0,173628052.0,76520771.0,0.10628133895828101,20.24,20.49,21.0025,22.428166666666662,32.703213524036855,2335391.35,23.12433333333333,21.4565,True,True,22.37,160621417.5,47884732.602
2023-11-02,19.74,19.96,19.47,19.67,5517770.0,118768606.0,76520771.0,0.07210813388171429,19.966,20.378,20.8825,22.274166666666666,35.09127779081582,2542524.85,22.987833333333334,21.407000000000004,True,True,22.37,108534535.9,51794036.547
2023-11-03,19.72,20.07,19.64,19.83,4678428.0,101424895.0,76520771.0,0.061139321243901215,19.660000000000004,20.302,20.7555,22.1215,36.88362908947317,2703031.85,22.8655,21.3855,True,True,22.37,92773227.24,54790417.781
2023-11-06,19.83,20.18,19.73,20.08,4018609.0,87650958.0,76520771.0,0.05251657749240399,19.754,20.294,20.666999999999998,22.021333333333335,40.30418240223217,2793958.3,22.719333333333335,21.2495,True,True,21.85,80693668.72,56421513.816999994
2023-11-07,20.0,20.15,19.76,20.15,3402000.0,74348904.0,76520771.0,0.04445851702147643,19.896,20.213,20.5975,21.965833333333332,43.97590349083076,2864900.3,22.572666666666667,21.11,True,True,21.59,68550300.0,57713165.496999994
2023-11-08,20.13,20.37,19.82,20.01,3699441.0,81018403.0,76520771.0,0.048345579267621334,19.948,20.094,20.5185,21.922,42.32283452903156,2972072.55,22.428166666666662,21.0025,True,True,21.59,74025814.41000001,59734758.535500005
2023-11-09,20.08,20.76,20.07,20.22,5869910.0,130564175.0,76520771.0,0.07671002164889322,20.058,20.012,20.450499999999998,21.881833333333336,46.365422269328874,3203877.75,22.274166666666666,20.8825,True,True,21.58,118689580.19999999,64337960.8715
2023-11-10,20.55,21.56,19.88,20.97,9942407.0,224511924.0,76520771.0,0.12993082623278848,20.286,19.973,20.442,21.848,57.48613663497118,3626235.0,22.1215,20.7555,True,True,21.36,208492274.79,73182082.677
2023-11-13,21.87,22.17,20.93,21.66,11723266.0,275514144.0,76520771.0,0.15320370987898174,20.601999999999997,20.178,20.467000000000002,21.83416666666667,56.603773435386266,4152819.9,22.021333333333335,20.666999999999998,False,True,21.36,253925941.56,84617700.811
2023-11-14,21.56,22.41,21.41,22.14,11508664.0,275645978.0,76520771.0,0.15039921644281393,21.0,20.448,20.519,21.822333333333333,58.48375436484253,4676090.25,21.965833333333332,20.5975,False,False,21.66,254801820.96,96257155.724
2023-11-15,21.96,22.41,21.78,22.08,7834220.0,189259729.0,76520771.0,0.10238030664902736,21.413999999999998,20.681,20.5855,21.809500000000003,59.55882337613539,5010761.25,21.922,20.5185,False,False,22.14,172979577.6,103722554.604
2023-11-16,21.76,21.8,21.2,21.26,5838586.0,136789529.0,76520771.0,0.07630066874260846,21.622,20.839999999999996,20.609,21.781333333333336,49.15824904238798,5240163.95,21.881833333333336,20.450499999999998,False,False,22.14,124128338.36000001,108629043.50799999
2023-11-17,21.14,21.31,20.9,21.07,3529192.0,81127469.0,76520771.0,0.04612070623282141,21.642,20.964000000000002,20.633,21.747166666666665,66.66666645357692,5346587.55,21.848,20.442,False,False,22.14,74360075.44,110905006.04
2023-11-20,21.15,21.15,20.71,20.97,3477680.0,79324462.0,76520771.0,0.045447529534170535,21.503999999999998,21.053,20.6735,21.714333333333336,67.74941973352858,5435130.15,21.83416666666667,20.467000000000002,False,False,22.14,72926949.6,112830870.896
2023-11-21,21.04,21.25,20.84,20.88,3060500.0,70332516.0,76520771.0,0.03999567646802722,21.252,21.125999999999998,20.6695,21.680166666666665,63.814180710660516,5507641.15,21.822333333333333,20.519,False,False,22.14,63903240.0,114338459.456
2023-11-22,20.83,20.93,20.6,20.66,2590160.0,58710726.0,76520771.0,0.03384911006712151,20.968,21.191,20.6425,21.644833333333334,61.702127455359395,5564160.15,21.809500000000003,20.5855,False,False,22.14,53512705.6,115466727.93599999
2023-11-23,20.66,20.86,20.54,20.78,2160900.0,48965676.0,76520771.0,0.028239391367345212,20.872,21.247,20.6295,21.617833333333333,61.33651530818352,5620020.15,21.781333333333336,20.609,False,False,22.14,44903502.0,116613930.63599999
2023-11-24,20.77,20.81,20.38,20.48,1976740.0,44369325.0,76520771.0,0.025832724555271403,20.754,21.198,20.585500000000003,21.587,54.71698095140622,5632926.55,21.747166666666665,20.633,False,False,22.14,40483635.2,116802634.78000002
2023-11-27,20.45,20.51,20.13,20.22,2529081.0,55957559.0,76520771.0,0.03305090849123828,20.604000000000003,21.054,20.616,21.558833333333332,50.79006755957993,5327017.6,21.714333333333336,20.6735,True,False,22.14,51138017.82,110880897.24099998
2023-11-28,20.22,20.5,20.16,20.44,1291463.0,28763687.0,76520771.0,0.016877286821900945,20.516000000000002,20.883999999999997,20.666,21.528000000000002,54.76718386546772,5139087.35,21.680166666666665,20.6695,True,True,22.14,26397503.720000003,107292106.331
2023-11-29,20.45,20.48,20.23,20.25,1150195.0,25525755.0,76520771.0,0.015031147556001495,20.434,20.701,20.691,21.480666666666668,50.33407556688709,4789960.6,21.644833333333334,20.6425,True,True,22.14,23291448.75,100425607.8935
2023-11-30,20.31,20.32,19.93,20.09,1209433.0,26561777.0,76520771.0,0.015805290304772283,20.296,20.584,20.712,21.424833333333332,38.71794857896125,4574543.75,21.617833333333333,20.6295,True,True,22.14,24297508.97,96213756.54699999
2023-12-01,20.17,20.3,20.04,20.18,1665740.0,36686956.0,76520771.0,0.02176846859005119,20.236,20.494999999999997,20.7295,21.374166666666667,27.57575745876956,4423909.35,21.587,20.585500000000003,True,True,22.14,33614633.2,93255826.845
2023-12-04,20.18,20.29,19.96,19.96,1465440.0,32118659.0,76520771.0,0.01915087865489489,20.184000000000005,20.394,20.7235,21.31683333333333,14.144736776965104,4296250.9,21.558833333333332,20.616,True,True,22.14,29250182.400000002,90683652.52900001
2023-12-05,20.0,20.0,19.59,19.6,1699600.0,36710206.0,76520771.0,0.022210962824721146,20.016,20.266,20.695999999999998,21.245166666666666,12.874251443042155,4211130.9,21.528000000000002,20.666,True,True,22.14,33312160.000000004,88921745.52900001
2023-12-06,19.71,19.83,19.53,19.74,1451320.0,31332834.0,76520771.0,0.018966353593065602,19.913999999999998,20.174,20.682499999999997,21.180166666666665,21.428571315789455,4098724.85,21.480666666666668,20.691,True,True,22.14,28649056.799999997,86652907.6485
2023-12-07,19.79,19.79,19.38,19.45,1412100.0,30080974.0,76520771.0,0.018453813017644583,19.785999999999998,20.041,20.644,21.11116666666667,20.652173808286065,3875834.35,21.424833333333332,20.712,True,True,22.14,27465345.0,82091695.8885
2023-12-08,19.45,19.58,18.94,18.95,2105000.0,44212745.0,76520771.0,0.02750887076137798,19.54,19.887999999999998,20.543,21.035999999999998,18.037974603629237,3483964.0,21.374166666666667,20.7295,True,True,22.14,39889750.0,73661569.649
2023-12-11,18.89,19.03,18.67,18.92,1995180.0,41053967.0,76520771.0,0.026073704876810506,19.332,19.758000000000003,20.406,20.964499999999997,18.387096691155065,2997559.7,21.31683333333333,20.7235,True,True,22.14,37748805.6,62852712.850999996
2023-12-12,18.94,19.11,18.8,19.11,1314330.0,27238577.0,76520771.0,0.01717612071629545,19.234,19.625,20.2545,20.900500000000005,24.75570021284041,2487843.0,21.245166666666666,20.695999999999998,True,True,22.14,25116846.3,51368464.118
2023-12-13,19.1,19.14,18.87,18.89,1282000.0,26639862.0,76520771.0,0.016753621052772717,19.064,19.489,20.095,20.836666666666666,20.189274358785468,2160232.0,21.180166666666665,20.682499999999997,True,True,22.08,24216980.0,43930334.238
2023-12-14,18.99,19.11,18.93,18.98,1061897.0,22074940.0,76520771.0,0.013877238638904985,18.97,19.378,19.981,20.778833333333335,24.66216204551675,1921397.55,21.11116666666667,20.644,True,True,21.26,20154805.06,38731657.573
2023-12-15,18.98,19.21,18.98,19.13,1339468.0,27975385.0,76520771.0,0.017504632827079068,19.006,19.273,19.884,20.728833333333334,30.87719283077864,1811911.35,21.035999999999998,20.543,True,True,21.07,25624022.84,36294854.942999996
2023-12-18,19.15,19.15,18.75,18.79,923000.0,19110920.0,76520771.0,0.012062084424110154,18.979999999999997,19.156,19.775,20.674500000000002,22.222222117470864,1684177.35,20.964499999999997,20.406,True,True,20.97,17343170.0,33515665.963
2023-12-19,18.95,19.1,18.78,19.04,1277400.0,26460347.0,76520771.0,0.016693506655859492,18.966,19.1,19.683,20.6175,30.033003161563585,1595022.35,20.900500000000005,20.2545,True,True,20.88,24321696.0,31536588.763
2023-12-20,18.96,19.29,18.96,19.1,1284100.0,26953477.0,76520771.0,0.01678106458179832,19.008,19.035999999999998,19.605,20.567999999999998,33.10580188959682,1529719.35,20.836666666666666,20.095,True,True,20.78,24526310.0,30087268.983
2023-12-21,19.0,19.45,18.64,19.44,2042121.0,42661256.0,76520771.0,0.026687146160615658,19.1,19.035,19.538,20.524833333333333,38.36477970531229,1523780.4,20.778833333333335,19.981,True,True,20.78,39698832.24,29827035.494999997
2023-12-22,19.43,19.53,18.9,19.04,1818300.0,38212729.0,76520771.0,0.023762175632025453,19.082,19.044,19.466,20.479,36.30952365823407,1515858.4,20.728833333333334,19.884,True,True,20.48,34620432.0,29533875.334999997
2023-12-25,18.93,18.93,18.37,18.51,1623300.0,32902882.0,76520771.0,0.021213847936790913,19.026000000000003,19.003,19.3805,20.41533333333333,34.560906378511945,1470569.35,20.674500000000002,19.775,True,True,20.44,30047283.000000004,28479338.594
2023-12-26,18.65,18.65,18.31,18.35,1102110.0,22159732.0,76520771.0,0.014402756083050966,18.887999999999998,18.927,19.276000000000003,20.35066666666667,30.422535091291422,1461101.7,20.6175,19.683,True,True,20.44,20223718.5,28170649.332999997
2023-12-27,18.44,18.56,18.2,18.5,1034540.0,20825388.0,76520771.0,0.013519727865784311,18.768,18.887999999999998,19.1885,20.294,36.07038108358199,1455318.95,20.567999999999998,19.605,True,True,20.25,19138990.0,27963026.395499997
2023-12-28,18.48,19.23,18.41,19.17,1998450.0,41382031.0,76520771.0,0.026116438372007517,18.714000000000002,18.907000000000004,19.1425,20.24566666666667,53.07262549077748,1494769.8,20.524833333333333,19.538,True,True,20.18,38310286.5,28663665.271999996
2023-12-29,19.28,19.47,19.07,19.42,1666700.0,35242189.0,76520771.0,0.021781014203320036,18.79,18.936,19.104499999999998,20.1965,56.57894715997231,1494817.8,20.479,19.466,False,True,20.18,32367314.000000004,28601299.312
2024-01-02,19.35,19.83,19.35,19.67,1645118.0,35388218.0,76520771.0,0.02149897313501977,19.022,19.024,19.09,20.16016666666667,57.253885802706144,1503801.7,20.41533333333333,19.3805,False,False,19.96,32359471.060000002,28756763.744999997
2024-01-03,19.58,19.75,19.36,19.53,1134100.0,24203027.0,76520771.0,0.014820812508540981,19.258000000000003,19.073,19.0865,20.12666666666667,58.46560824906918,1475526.7,20.35066666666667,19.276000000000003,False,False,19.74,22148973.0,28198604.395
2024-01-04,19.54,19.65,19.38,19.59,1211360.0,25842902.0,76520771.0,0.01583047300974006,19.476000000000003,19.122000000000003,19.079,20.09333333333333,58.13333311630222,1463528.7,20.294,19.1885,False,False,19.74,23730542.4,27952678.675
2024-01-05,19.62,19.79,19.27,19.37,1383400.0,29580523.0,76520771.0,0.01807875145429468,19.516000000000002,19.115000000000002,19.075,20.056500000000003,53.14136106178562,1462093.7,20.24566666666667,19.1425,False,False,19.67,26796458.0,27919234.325
2024-01-08,19.36,19.55,19.17,19.18,1328900.0,28131215.0,76520771.0,0.01736652653434451,19.468,19.129,19.0865,20.023833333333332,55.313351287633,1423288.7,20.1965,19.104499999999998,False,False,19.67,25488302.0,27199161.925
2024-01-09,19.17,19.58,19.15,19.47,1494800.0,31761408.0,76520771.0,0.019534565327367127,19.428,19.225,19.114,19.99566666666667,55.79514803743071,1398269.7,20.16016666666667,19.09,False,False,19.67,29103756.0,26766909.445
2024-01-10,19.43,19.57,19.13,19.31,1263160.0,26665558.0,76520771.0,0.016507413392371596,19.384,19.321,19.124000000000002,19.96583333333333,52.75590531795728,1395711.2,20.12666666666667,19.0865,False,False,19.67,24391619.599999998,26730648.110000003
2024-01-11,19.31,19.52,19.2,19.49,1007250.0,21349876.0,76520771.0,0.013163092671923025,19.363999999999997,19.42,19.154000000000003,19.94483333333333,50.684931312441314,1381973.7,20.09333333333333,19.079,False,False,19.67,19631302.5,26501364.235000003
2024-01-12,19.44,19.66,19.32,19.33,969250.0,20650467.0,76520771.0,0.012666495480031167,19.355999999999998,19.436,19.1715,19.9205,54.25219919075342,1377341.35,20.056500000000003,19.075,False,False,19.67,18735602.5,26430404.107
2024-01-15,19.33,19.54,19.18,19.39,848488.0,17932290.0,76520771.0,0.011088335740893148,19.398,19.433,19.1845,19.9005,64.96598608519596,1352792.35,20.023833333333332,19.0865,False,False,19.67,16452182.32,25971812.081
2024-01-16,19.39,19.58,18.99,19.24,1378740.0,28994927.0,76520771.0,0.01801785295655215,19.351999999999997,19.389999999999997,19.207,19.885166666666667,65.18771299910301,1375579.35,19.99566666666667,19.114,False,False,19.67,26526957.599999998,26431001.461
2024-01-17,19.21,19.26,18.78,18.78,984000.0,20505725.0,76520771.0,0.012859253600568138,19.246,19.314999999999998,19.194000000000003,19.84883333333333,54.32098741960069,1360909.35,19.96583333333333,19.124000000000002,False,False,19.67,18479520.0,26138892.661
2024-01-18,18.78,18.85,18.02,18.39,2074260.0,41703758.0,76520771.0,0.027107149769831775,19.026,19.195,19.1585,19.802000000000003,36.824324150155206,1400417.35,19.94483333333333,19.154000000000003,True,False,19.67,38145641.4,26819859.231
2024-01-19,18.32,18.75,18.09,18.16,1321885.0,26457893.0,76520771.0,0.01727485207905184,18.792,19.074,19.0945,19.754,28.57142843537413,1364405.55,19.9205,19.1715,True,True,19.67,24005431.6,26035189.198999997
2024-01-22,18.16,18.16,16.73,16.84,2144600.0,40889784.0,76520771.0,0.028026377308717917,18.282,18.84,18.9845,19.67866666666667,14.71321690623813,1380720.55,19.9005,19.1845,True,True,19.67,36115064.0,26109920.799
2024-01-23,16.84,17.1,16.3,16.73,1760888.0,31871773.0,76520771.0,0.023011895685159784,17.779999999999998,18.566,18.895500000000002,19.630666666666666,14.824120550869921,1387599.95,19.885166666666667,19.207,True,True,19.67,29459656.240000002,26080539.461
2024-01-24,16.73,17.17,16.28,16.97,1994364.0,36616274.0,76520771.0,0.026063041105531988,17.418,18.332,18.8265,19.5895,18.5096153223234,1432212.65,19.84883333333333,19.194000000000003,True,True,19.67,33844357.08,26761571.389999997
2024-01-25,16.89,17.59,16.83,17.59,1686500.0,31809121.0,76520771.0,0.022039767476990005,17.258,18.142,18.781,19.5535,30.482456046764383,1464810.65,19.802000000000003,19.1585,True,True,19.67,29665535.0,27287898.639999997
2024-01-26,17.53,17.96,17.53,17.62,1412965.0,27434481.0,76520771.0,0.0184651171379337,17.15,17.971,18.7035,19.519333333333336,32.27272717004135,1435536.4,19.754,19.0945,True,True,19.67,24896443.3,26617206.479999997
2024-01-29,17.8,17.84,17.05,17.07,1583300.0,29911588.0,76520771.0,0.020691114050588957,17.195999999999998,17.738999999999997,18.586000000000002,19.473333333333336,24.24892696577578,1431366.4,19.67866666666667,18.9845,True,True,19.67,27026931.0,26350187.33
2024-01-30,17.05,17.05,16.23,16.23,1773430.0,32176276.0,76520771.0,0.023175798895178408,17.096,17.438,18.413999999999998,19.409166666666668,21.161048633660215,1437782.0,19.630666666666666,18.895500000000002,True,True,19.67,28782768.900000002,26171352.222
2024-01-31,15.63,15.65,14.61,14.61,4632164.0,75353263.0,76520771.0,0.06053472723112003,16.624000000000002,17.021,18.168,19.31683333333333,14.011799381096608,1612685.2,19.5895,18.8265,True,True,19.59,67675916.03999999,28447699.374
2024-02-01,14.38,14.51,13.77,14.28,2977160.0,46207905.0,76520771.0,0.038906560416125446,15.962,16.61,17.902499999999996,19.221333333333334,13.669064720666654,1700975.2,19.5535,18.781,True,True,19.59,42513844.8,29386864.494
2024-02-02,14.25,14.63,12.86,13.3,3029900.0,45415777.0,76520771.0,0.039595785045082724,15.097999999999999,16.124000000000002,17.598999999999997,19.106,11.308767451293178,1783300.2,19.519333333333336,18.7035,True,True,19.49,40297670.0,30061925.094
2024-02-05,13.34,13.35,11.98,11.98,3017240.0,40116548.0,76520771.0,0.039430339770099805,14.080000000000002,15.638,17.238999999999997,18.956166666666665,9.845132728115942,1867717.2,19.473333333333336,18.586000000000002,True,True,19.49,36146535.2,30594836.754
2024-02-06,11.42,11.78,10.78,11.28,4649390.0,56088976.0,76520771.0,0.0607598425792129,13.09,15.093,16.8295,18.783166666666666,9.590517226910862,2025446.7,19.409166666666668,18.413999999999998,True,True,19.49,52445119.199999996,31761904.913999997
2024-02-07,11.26,11.28,10.21,10.33,5576133.0,64562814.0,76520771.0,0.0728708418267244,12.234,14.428999999999998,16.3805,18.586333333333336,9.044715434285976,2241095.35,19.31683333333333,18.168,True,True,19.49,57601453.89,33422396.628499996
2024-02-08,10.31,11.36,10.03,11.36,4048341.0,47590364.0,76520771.0,0.05290512559001791,11.65,13.806000000000001,15.973999999999998,18.407666666666664,18.045112758211317,2393149.9,19.221333333333334,17.902499999999996,True,True,19.49,45989153.76,34740289.19149999
2024-02-19,11.63,12.5,11.63,12.35,6767062.0,90082869.0,76520771.0,0.08843431543573967,11.459999999999999,13.279,15.625,18.259166666666665,28.225024209975714,2683040.5,19.106,17.598999999999997,True,True,19.39,83573215.7,37982169.8515
2024-02-20,12.33,12.46,11.88,12.43,3858820.0,51526177.0,76520771.0,0.050428399368845876,11.55,12.815000000000001,15.277000000000001,18.115166666666664,29.08560307322972,2833557.1,18.956166666666665,17.238999999999997,True,True,19.39,47965132.6,39557817.3655
2024-02-21,12.35,13.68,12.19,13.14,6936608.0,100403875.0,76520771.0,0.09065000142248959,11.922,12.506,14.972,17.984666666666666,32.186046469711215,3111450.5,18.783166666666666,16.8295,True,True,19.24,91147029.12,42788820.9415
2024-02-22,13.04,13.66,12.8,13.45,5678707.0,81506862.0,76520771.0,0.07421131446780639,12.546,12.39,14.705499999999997,17.860833333333336,30.172413752642356,3346185.85,18.586333333333336,16.3805,True,True,18.78,76378609.14999999,45683775.399000004
2024-02-23,13.4,13.81,13.25,13.71,4050913.0,59837026.0,76520771.0,0.05293873737890069,13.016,12.333,14.4715,17.745,31.677600708201837,3445018.5,18.407666666666664,15.973999999999998,True,True,18.39,55538017.230000004,46553394.190500006
2024-02-26,13.74,14.3,13.63,13.98,4360103.0,66426665.0,76520771.0,0.05697933963577027,13.342000000000002,12.401,14.2625,17.631666666666668,35.129932580190655,3596929.4,18.259166666666665,15.625,True,True,18.16,60954239.940000005,48400834.6075
2024-02-27,13.91,14.38,13.63,14.36,3457580.0,53412741.0,76520771.0,0.04518485575635405,13.728,12.639,14.138499999999999,17.529666666666667,40.58408856312414,3662578.4,18.115166666666664,15.277000000000001,True,True,17.62,49650848.8,49077623.847500004
2024-02-28,14.43,15.01,13.52,13.57,6546280.0,101811853.0,76520771.0,0.08554905961415366,13.813999999999998,12.868,13.980499999999997,17.418833333333332,44.28571421758242,3901848.0,17.984666666666666,14.972,False,True,17.62,88833019.60000001,52046292.015499994
2024-02-29,14.22,14.92,13.25,14.32,8209840.0,128218162.0,76520771.0,0.10728903920740683,13.988,13.267,13.847999999999999,17.31683333333333,50.21008395977508,4212621.8,17.860833333333336,14.705499999999997,True,False,17.62,117564908.8,56232319.6015
2024-03-01,14.31,14.33,13.61,13.9,5556480.0,84449086.0,76520771.0,0.07261400960008622,14.026,13.521,13.663500000000003,17.211000000000002,53.348214202357696,4406120.8,17.745,14.4715,False,True,17.62,77235072.0,58610796.4515
2024-03-04,13.9,13.93,13.34,13.6,3265200.0,48487976.0,76520771.0,0.04267076713066574,13.95,13.646,13.4625,17.102833333333333,60.20151122886383,4498732.55,17.631666666666668,14.2625,False,False,17.62,44406720.0,59586310.2865
2024-03-05,13.6,13.6,13.18,13.21,2198402.0,32018540.0,76520771.0,0.02872948052235386,13.719999999999999,13.724,13.269499999999999,16.986666666666668,62.64744418387102,4529487.65,17.529666666666667,14.138499999999999,False,False,17.07,29040890.42,59687008.25750001
2024-03-06,13.2,13.63,13.07,13.54,2342280.0,34425874.0,76520771.0,0.03060972817432799,13.714000000000002,13.764,13.135,16.879666666666665,72.895862907198,4557930.15,17.418833333333332,13.980499999999997,True,False,16.23,31714471.2,59833593.37249999
2024-03-07,13.5,13.75,13.34,13.45,1974022.0,29305315.0,76520771.0,0.025797204787703983,13.539999999999997,13.764000000000001,13.077000000000002,16.777166666666666,67.21581533096847,4425023.05,17.31683333333333,13.847999999999999,False,True,14.61,26550595.9,57777327.365499996
2024-03-08,13.54,13.67,13.29,13.56,1571020.0,23169226.0,76520771.0,0.020530634747524958,13.472,13.749,13.041,16.674166666666665,61.65703258897911,4354716.05,17.211000000000002,13.663500000000003,False,False,14.36,21303031.2,56716786.6855
2024-03-11,13.56,13.72,13.47,13.72,1877400.0,27882392.0,76520771.0,0.024534514948888846,13.496,13.722999999999999,13.062000000000001,16.578666666666667,62.2390890187197,4297091.05,17.102833333333333,13.4625,False,False,14.36,25757928.0,55989799.5855
2024-03-12,13.72,14.12,13.62,14.09,2824300.0,42754008.0,76520771.0,0.03690893287000467,13.672,13.696000000000002,13.1675,16.497666666666667,59.6348882687853,4287444.05,16.986666666666668,13.269499999999999,False,False,14.36,39794387.0,56172192.1755
2024-03-13,14.17,14.24,13.93,14.13,2198880.0,33835250.0,76520771.0,0.02873572719229397,13.790000000000001,13.752,13.309999999999999,16.417833333333334,57.29613716692149,4164918.55,16.879666666666665,13.135,False,False,14.36,31070174.400000002,55103444.9355
2024-03-14,14.34,15.54,14.23,14.6,10241718.0,168494322.0,76520771.0,0.13384232628811332,14.02,13.780000000000001,13.523500000000002,16.342666666666666,59.137576832048026,4398197.8,16.777166666666666,13.077000000000002,False,False,14.36,149529082.79999998,59699826.381
2024-03-15,14.45,14.49,14.0,14.3,7997328.0,123913105.0,76520771.0,0.10451185861679307,14.168000000000001,13.820000000000002,13.6705,16.266166666666667,53.26530597026239,4595647.15,16.674166666666665,13.041,False,False,14.6,114361790.4,63118458.213
2024-03-18,14.41,14.6,14.22,14.58,4757720.0,74821271.0,76520771.0,0.062175536626519354,14.34,13.918000000000001,13.782,16.192833333333333,52.29166651414931,4495180.05,16.578666666666667,13.062000000000001,False,False,14.6,69367557.6,62408175.30799999
2024-03-19,14.49,14.79,14.46,14.64,3864300.0,61764227.0,76520771.0,0.05050001391125555,14.45,14.061000000000002,13.892500000000002,16.118000000000002,63.1449629277569,4495454.05,16.497666666666667,13.1675,False,False,14.6,56573352.0,62838586.278
2024-03-20,14.56,14.77,14.51,14.77,2852378.0,45665737.0,76520771.0,0.03727586592142413,14.578,14.184000000000001,13.973999999999998,16.051000000000002,56.521738901071195,4291242.55,16.417833333333334,13.309999999999999,False,False,14.64,42129623.06,60387715.975
2024-03-21,14.79,14.9,14.51,14.85,2943522.0,47440378.0,76520771.0,0.03846696735452391,14.628,14.324000000000002,14.044,15.981166666666667,65.27331160327128,4154483.3,16.342666666666666,13.523500000000002,False,False,14.77,43711301.699999996,58754350.60250001
2024-03-22,14.8,14.91,14.27,14.4,3128820.0,49614799.0,76520771.0,0.04088850594566017,14.648000000000001,14.408000000000001,14.0785,15.902833333333332,62.26993838288987,4108378.65,16.266166666666667,13.6705,False,False,14.85,45055008.0,58230200.14100001
2024-03-25,14.31,14.49,14.01,14.05,2688000.0,41879516.0,76520771.0,0.0351277171527715,14.541999999999998,14.440999999999999,14.081999999999999,15.812999999999999,63.0434779867675,4024773.5,16.192833333333333,13.782,False,False,14.85,37766400.0,57070808.14400001
2024-03-26,13.95,14.37,13.82,14.21,2342480.0,36117907.0,76520771.0,0.030612341843758998,14.456,14.453,14.0745,15.7325,60.98360627745234,3969018.5,16.118000000000002,13.892500000000002,True,False,14.85,33286640.8,56252597.744
2024-03-27,14.18,14.46,13.92,13.97,2651800.0,41255037.0,76520771.0,0.03465464298575873,14.296000000000001,14.437000000000001,14.0945,15.656833333333335,58.12499974570316,3774294.5,16.051000000000002,13.973999999999998,False,True,14.85,37045646.0,53663229.063999996
2024-03-28,13.97,14.46,13.86,14.31,2758800.0,42993165.0,76520771.0,0.036052956131348964,14.187999999999999,14.407999999999998,14.094,15.5895,60.93294435770812,3501742.5,15.981166666666667,14.044,True,False,14.85,39478428.0,49758905.024000004
2024-03-29,14.29,14.49,14.12,14.33,2433854.0,37963862.0,76520771.0,0.031806448996704435,14.174000000000001,14.411000000000001,14.1155,15.520000000000001,59.27051646511027,3345611.2,15.902833333333332,14.0785,False,True,14.85,34877127.82,47641007.815
2024-04-01,14.46,14.75,14.4,14.73,2720980.0,43277335.0,76520771.0,0.03555871124194501,14.309999999999999,14.425999999999998,14.172,15.446,59.63855396537961,3318400.2,15.812999999999999,14.081999999999999,False,False,14.85,40080035.4,47424673.58499999
2024-04-02,14.73,15.55,14.58,15.14,5635369.0,92497456.0,76520771.0,0.07364495843880088,14.496,14.476000000000003,14.2685,15.374666666666666,63.68563661474286,3490248.55,15.7325,14.0745,False,False,14.85,85319486.66,50238603.397
2024-04-03,14.95,16.11,14.95,15.73,8319509.0,141453855.0,76520771.0,0.10872223177155389,14.848000000000003,14.572,14.378,15.309000000000001,64.8293960872411,3789110.0,15.656833333333335,14.0945,False,False,15.14,130865876.57000001,55196173.6655
2024-04-08,15.27,15.55,14.55,14.59,5760069.0,94248677.0,76520771.0,0.07527458132903549,14.904,14.546000000000001,14.434999999999999,15.226666666666665,53.11827940996646,3978412.35,15.5895,14.094,False,False,15.73,84039406.71,58070614.20599999
2024-04-09,14.54,15.17,14.54,15.03,3983474.0,64972004.0,76520771.0,0.052057421115111344,15.044,14.609,14.508500000000002,15.150666666666668,54.67775451860944,4099035.05,15.520000000000001,14.1155,False,False,15.73,59871614.22,59999043.35700001
2024-04-10,14.99,15.08,14.05,14.38,3705020.0,58613705.0,76520771.0,0.048418487576399355,14.974,14.642000000000001,14.5415,15.0675,47.59259246920439,4190416.05,15.446,14.172,False,False,15.73,53278187.6,61375056.337
2024-04-11,14.37,14.68,14.06,14.34,2738020.0,43020123.0,76520771.0,0.035781395877467044,14.813999999999998,14.655000000000001,14.553999999999998,14.986833333333331,45.95103566039275,4186102.05,15.374666666666666,14.2685,True,False,15.73,39263206.8,61348497.327
2024-04-12,14.34,14.51,14.09,14.21,2602000.0,40686096.0,76520771.0,0.03400383929743729,14.51,14.679000000000002,14.558000000000002,14.899166666666666,44.029850631265326,4206258.05,15.309000000000001,14.378,True,True,15.73,36974420.0,61643709.60699999
2024-04-15,13.98,14.13,12.79,12.86,5438415.0,77985337.0,76520771.0,0.07107109519322538,14.163999999999998,14.534,14.471,14.791666666666666,37.69968042686972,3966092.9,15.226666666666665,14.434999999999999,True,True,15.73,69938016.89999999,57664156.312
2024-04-16,12.79,12.8,11.8,11.9,4094231.0,53975616.0,76520771.0,0.0535048320409631,13.538,14.291,14.350999999999999,14.665166666666666,34.35225611631272,3770938.05,15.150666666666668,14.508500000000002,True,True,15.73,48721348.9,54382134.237
2024-04-17,12.35,13.09,12.33,13.09,2623132.0,36975812.0,76520771.0,0.03427999960951779,13.280000000000001,14.127,14.276499999999999,14.561166666666667,42.91139232901777,3664208.65,15.0675,14.5415,True,True,15.73,34336797.88,52630596.251
2024-04-18,12.87,13.58,12.83,13.17,4820144.0,69616631.0,76520771.0,0.06299131512932613,13.045999999999998,13.930000000000001,14.203,14.4575,44.83204126257769,3712000.85,14.986833333333331,14.553999999999998,True,True,15.73,63481296.48,52975993.475
2024-04-19,13.04,13.32,12.89,13.02,2522080.0,36049637.0,76520771.0,0.03295941699280578,12.808000000000002,13.659,14.1155,14.353833333333332,41.456953565510275,3695485.95,14.899166666666666,14.558000000000002,True,True,15.73,32837481.599999998,52511386.402
2024-04-22,12.93,13.09,12.42,12.65,1930100.0,26789599.0,76520771.0,0.025223216843959922,12.766000000000002,13.465,14.005500000000001,14.251666666666667,39.367088537830476,3644814.85,14.791666666666666,14.471,True,True,15.73,24415765.0,51546609.567
2024-04-23,12.73,13.17,12.55,12.99,2143203.0,30310033.0,76520771.0,0.028008120827742313,12.984,13.261,13.935000000000002,14.161666666666667,38.90306115502003,3595534.0,14.665166666666666,14.350999999999999,True,True,15.73,27840206.97,50685869.515499994
2024-04-24,13.04,13.27,13.0,13.27,1599460.0,23030899.0,76520771.0,0.02090229854061455,13.02,13.15,13.896,14.080166666666667,37.872892278830015,3541107.0,14.561166666666667,14.276499999999999,True,True,15.73,21224834.2,49858791.2255
2024-04-25,13.18,13.6,13.13,13.5,2058054.0,30136974.0,76520771.0,0.02689536413583705,13.086000000000002,13.065999999999999,13.860499999999998,14.0245,34.82993190644639,3526885.7,14.4575,14.203,True,True,15.73,27783729.0,49583645.6355
2024-04-26,13.49,13.49,12.99,13.37,2597880.0,37785248.0,76520771.0,0.033949997707158494,13.156,12.982,13.8305,13.9685,40.378548806735054,3524189.7,14.353833333333332,14.1155,True,True,15.73,34733655.6,49468046.1155
2024-04-29,13.62,13.83,13.27,13.77,3223460.0,47980254.0,76520771.0,0.042125294320413995,13.379999999999999,13.072999999999999,13.8035,13.915166666666666,39.999999911111104,3547422.7,14.251666666666667,14.005500000000001,True,True,15.73,44387044.199999996,49713476.92549999
2024-04-30,13.75,13.89,13.56,13.77,2514440.0,37619268.0,76520771.0,0.03285957482054121,13.536000000000001,13.26,13.775500000000003,13.8515,44.60176980098675,3551452.0,14.161666666666667,13.935000000000002,True,True,15.73,34623838.8,49700812.4745
2024-05-06,13.83,14.41,13.83,14.37,2597162.0,40262472.0,76520771.0,0.03394061463390117,13.756,13.388,13.757499999999999,13.797333333333334,50.24154578045384,3545261.1,14.080166666666667,13.896,True,True,15.73,37321217.94,49562871.6015
2024-05-07,14.37,14.51,14.17,14.47,2103100.0,33036393.0,76520771.0,0.027484040901783385,13.95,13.518,13.724,13.754,52.103559752516205,3368647.65,14.0245,13.860499999999998,False,True,15.73,30431857.0,46818490.118499994
2024-05-08,14.48,14.58,14.28,14.41,2212430.0,34828178.0,76520771.0,0.028912803296244884,14.158000000000001,13.657,13.658000000000001,13.723666666666666,65.84867056812242,3063293.7,13.9685,13.8305,False,False,15.73,31881116.3,41869252.105000004
2024-05-09,14.41,14.67,14.41,14.56,1454165.0,23137329.0,76520771.0,0.019003533040721714,14.315999999999999,13.848000000000003,13.6565,13.722833333333332,82.59803893226162,2847998.5,13.915166666666666,13.8035,False,False,15.03,21172642.400000002,38725913.8895
2024-05-10,14.5,14.55,14.24,14.37,1492989.0,23450810.0,76520771.0,0.019510898550669335,14.436000000000002,13.985999999999999,13.623499999999998,13.724333333333332,70.77922045749702,2723474.25,13.8515,13.775500000000003,False,False,15.03,21454251.93,36805045.77499999
2024-05-13,14.26,14.36,13.98,14.07,2081278.0,32086480.0,76520771.0,0.02719886343016591,14.376,14.065999999999999,13.608,13.737166666666667,63.63636336639119,2642287.15,13.797333333333334,13.757499999999999,False,False,14.56,29283581.46,35605315.468
2024-05-14,14.08,14.81,14.02,14.48,2984596.0,46940016.0,76520771.0,0.03900373664557039,14.378,14.163999999999998,13.615,13.778833333333333,70.50561770025881,2654615.95,13.754,13.724,False,False,14.56,43216950.08,35803002.632
2024-05-15,14.48,14.7,14.27,14.52,2224396.0,35368717.0,76520771.0,0.0290691791383022,14.4,14.279,13.630500000000001,13.832833333333333,78.94736807886586,2635735.75,13.723666666666666,13.658000000000001,False,False,14.56,32298229.919999998,35569193.128
2024-05-16,14.53,14.99,14.53,14.8,2213398.0,35715887.0,76520771.0,0.02892545345629097,14.447999999999999,14.382000000000001,13.727499999999997,13.907333333333332,78.54889555214996,2474484.9,13.722833333333332,13.6565,False,False,14.56,32758290.400000002,33710206.802999996
2024-05-17,14.79,14.99,14.52,14.92,2437594.0,39240002.0,76520771.0,0.03185532461506432,14.558000000000002,14.497,13.878499999999999,13.966666666666667,77.40863751371396,2391653.05,13.724333333333332,13.623499999999998,False,False,14.8,36368902.48,33092584.482
2024-05-20,14.86,14.93,14.53,14.57,1965300.0,31467975.0,76520771.0,0.025683222663817645,14.658000000000001,14.517,13.9525,14.003666666666666,67.09265145709357,2358761.45,13.737166666666667,13.608,False,False,14.92,28634421.0,32807465.638
2024-05-21,14.58,14.63,14.35,14.42,1351200.0,21331169.0,76520771.0,0.017657950675902104,14.646,14.512,14.015,14.036833333333334,66.66666637037036,2185314.25,13.778833333333333,13.615,False,False,14.92,19484304.0,30607616.014
2024-05-22,14.39,14.63,14.33,14.45,1257200.0,19882010.0,76520771.0,0.016429526043327505,14.632,14.516,14.086500000000001,14.058666666666666,62.230215513948544,2122070.25,13.832833333333333,13.630500000000001,False,False,14.92,18166540.0,29874068.933999997
2024-05-23,14.47,14.53,14.06,14.13,1654878.0,25768343.0,76520771.0,0.02162652020325305,14.498,14.472999999999999,14.160499999999999,14.069999999999999,55.806451360874114,2108309.15,13.907333333333332,13.727499999999997,False,False,14.92,23383426.14,29822451.990999997
2024-05-24,14.13,14.23,13.88,13.94,970100.0,14868744.0,76520771.0,0.012677603575112958,14.301999999999998,14.429999999999998,14.207999999999998,14.073833333333335,42.007434725611866,2049654.0,13.966666666666667,13.878499999999999,True,False,14.92,13523194.0,29106601.3425
2024-05-27,14.04,14.18,13.69,14.0,1154300.0,17478383.0,76520771.0,0.01508479312107297,14.187999999999999,14.422999999999998,14.244499999999999,14.074166666666667,41.132075254396575,2027396.0,14.003666666666666,13.9525,True,True,14.92,16160200.0,28853369.6325
2024-05-28,14.05,14.08,13.73,13.79,1350900.0,20459622.0,76520771.0,0.017654030171755587,14.062000000000001,14.354000000000003,14.259,14.064666666666666,38.92857123392855,1992038.3,14.036833333333334,14.015,True,True,14.92,18628911.0,28395628.732499998
2024-05-29,13.78,13.95,13.64,13.87,1523660.0,23096050.0,76520771.0,0.01991171782626184,13.945999999999998,14.288999999999998,14.284,14.069666666666667,37.36263717103407,1938327.3,14.058666666666666,14.086500000000001,True,True,14.92,21133164.2,27715604.1625
2024-05-30,13.87,13.87,13.65,13.7,1472300.0,22106045.0,76520771.0,0.019240527516378527,13.86,14.178999999999998,14.2805,14.059333333333335,37.63837618932204,1850769.3,14.069999999999999,14.160499999999999,True,True,14.92,20170510.0,26504777.452499997
2024-05-31,13.72,13.83,13.55,13.82,1634209.0,23548195.0,76520771.0,0.021356410535905344,13.835999999999999,14.068999999999999,14.282999999999998,14.058,45.05928828820947,1806757.75,14.073833333333335,14.207999999999998,True,True,14.92,22584768.38,25902823.9315
2024-06-03,13.88,13.9,13.31,13.41,1876300.0,26666525.0,76520771.0,0.024520139767018292,13.718,13.953,14.235000000000003,14.054833333333335,28.85375478104642,1770714.65,14.074166666666667,14.244499999999999,True,True,14.92,25161183.0,25294822.1845
2024-06-04,13.38,13.43,12.93,13.17,1558563.0,21429304.0,76520771.0,0.02036784234701451,13.594,13.828,14.169999999999998,14.054166666666667,25.27472514511132,1743487.8,14.064666666666666,14.259,True,True,14.92,20526274.71,24799543.07
2024-06-05,13.12,13.15,12.77,12.79,1479300.0,20088115.0,76520771.0,0.01933200594646387,13.378,13.662,14.088999999999999,14.041666666666666,14.48763243716364,1706831.3,14.069666666666667,14.284,True,True,14.92,18920247.0,24151499.605
2024-06-06,12.72,12.92,12.24,12.39,3149132.0,41090866.0,76520771.0,0.04115395021307352,13.116,13.488,13.980500000000001,14.024,9.32475880046735,1791579.65,14.059333333333335,14.2805,True,True,14.92,39017745.480000004,25043754.758999996
2024-06-07,12.55,12.99,12.55,12.94,1982880.0,26737151.0,76520771.0,0.025912964206803404,12.940000000000001,13.388,13.909,14.013666666666667,25.377643397194248,1816074.2,14.058,14.282999999999998,True,True,14.92,25658467.2,25253965.5225
2024-06-11,12.89,13.14,12.56,13.06,1409244.0,19104457.0,76520771.0,0.018416489818169762,12.87,13.294,13.858499999999998,14.002666666666666,29.268292558001207,1782472.5,14.054833333333335,14.235000000000003,True,True,14.92,18404726.64,24710022.7815
2024-06-12,13.13,13.53,12.99,13.48,1304880.0,18331195.0,76520771.0,0.017052624835680236,12.931999999999999,13.263,13.8085,13.9925,36.78474100409093,1698486.7,14.054166666666667,14.169999999999998,True,True,14.92,17589782.400000002,23428664.3975
2024-06-13,13.55,13.56,13.35,13.55,984220.0,13926499.0,76520771.0,0.01286212863694225,13.084,13.231,13.76,13.982833333333334,41.52046766629049,1636477.9,14.041666666666666,14.088999999999999,True,True,14.92,13336181.0,22480561.9515
2024-06-14,13.48,13.57,13.29,13.43,957720.0,13516016.0,76520771.0,0.012515817437333453,13.291999999999998,13.203999999999999,13.691500000000001,13.963333333333333,42.388059524348414,1573694.0,14.024,13.980500000000001,True,True,14.92,12862179.6,21485756.4115
2024-06-17,13.21,13.58,13.17,13.32,1596960.0,22210739.0,76520771.0,0.020869627672726924,13.368,13.154,13.611500000000001,13.947000000000001,39.999999835294126,1531662.3,14.013666666666667,13.909,True,True,14.92,21271507.2,20730886.6475
2024-06-18,13.18,13.41,13.18,13.36,1018500.0,14241033.0,76520771.0,0.013310111577417327,13.428,13.149000000000001,13.550999999999998,13.926666666666666,43.34365306290677,1484322.3,14.002666666666666,13.858499999999998,True,True,14.57,13607160.0,19979523.5975
2024-06-19,13.56,13.65,13.11,13.12,1283000.0,17791433.0,76520771.0,0.016766689399927766,13.356,13.144,13.485999999999999,13.901333333333332,38.93805293653902,1480912.3,13.9925,13.8085,True,True,14.45,16832960.0,19846956.3975
2024-06-20,13.12,13.19,12.62,12.67,1286572.0,17347268.0,76520771.0,0.0168133695359656,13.179999999999998,13.132,13.397,13.866333333333333,35.96730231511111,1482380.9,13.982833333333334,13.76,True,True,14.45,16300867.24,19753672.7595
2024-06-21,12.62,12.82,12.29,12.61,872460.0,11550900.0,76520771.0,0.011401610158893983,13.016,13.154,13.321000000000002,13.829,33.240997101004425,1443260.0,13.963333333333333,13.691500000000001,True,True,14.13,11001720.6,19134587.4825
2024-06-24,12.58,12.58,12.02,12.15,1320772.0,17026393.0,76520771.0,0.017260307008668273,12.782,13.075,13.2315,13.791500000000001,32.78688512048731,1460793.6,13.947000000000001,13.611500000000001,True,True,14.0,16047379.8,19260796.7725
2024-06-25,12.16,12.58,12.08,12.41,1184700.0,15444090.0,76520771.0,0.015482070874586458,12.591999999999999,13.01,13.152000000000001,13.764166666666666,39.67391289254489,1462313.6,13.926666666666666,13.550999999999998,True,True,14.0,14702127.0,19187893.1225
2024-06-26,12.25,12.85,12.2,12.79,1255540.0,16599047.0,76520771.0,0.01640783258705012,12.526,12.940999999999999,13.101999999999999,13.740499999999999,49.999999809782615,1457545.6,13.901333333333332,13.485999999999999,True,True,13.87,16058356.6,19059365.4025
2024-06-27,12.84,13.46,12.75,12.77,2245300.0,30886504.0,76520771.0,0.029342359867231344,12.546,12.863,13.047,13.7205,55.75757552102845,1493627.6,13.866333333333333,13.397,True,True,13.87,28672481.0,19436331.2425
2024-06-28,12.66,13.15,12.66,12.78,2073000.0,28224424.0,76520771.0,0.027090683652416413,12.58,12.798,13.001,13.695,47.10144903644192,1523662.6,13.829,13.321000000000002,True,True,13.82,26492940.0,19752452.7425
2024-07-01,12.8,13.15,12.47,12.6,1124240.0,14896209.0,77696846.0,0.014469570618091756,12.669999999999998,12.725999999999999,12.940000000000001,13.666166666666667,41.843971423469625,1498164.15,13.791500000000001,13.2315,True,True,13.82,14165424.0,19331485.523500003
2024-07-02,12.63,12.79,12.56,12.64,1182000.0,15721126.0,77696846.0,0.015212972737657844,12.716,12.654,12.901500000000002,13.631333333333334,32.786885057780154,1463449.15,13.764166666666666,13.152000000000001,True,True,13.55,14940480.0,18820450.3735
2024-07-03,12.63,12.67,12.41,12.49,984700.0,12941859.0,77696846.0,0.012673616120788224,12.655999999999999,12.591,12.867499999999998,13.587166666666667,28.9682538073192,1434756.0,13.740499999999999,13.101999999999999,True,True,13.55,12298903.0,18409081.788
2024-07-04,12.44,12.57,11.95,11.97,1355692.0,17249672.0,77696846.0,0.017448481756904263,12.496,12.521,12.8265,13.524499999999998,24.99999988013697,1428575.6,13.7205,13.047,True,True,13.55,16227633.24,18274451.1
2024-07-05,11.97,12.23,11.82,12.18,944500.0,11994790.0,77696846.0,0.012156220601284124,12.376,12.478,12.815999999999999,13.484333333333334,31.125827670277587,1318344.0,13.695,13.001,True,True,13.55,11504010.0,16898764.325999998
2024-07-08,12.22,12.25,11.72,11.75,940980.0,11750732.0,77696846.0,0.012110916316989238,12.206,12.437999999999999,12.7565,13.429666666666666,26.392961768474635,1266249.0,13.666166666666667,12.940000000000001,True,True,13.55,11056515.0,16168666.716
2024-07-09,11.81,11.89,11.36,11.79,1322920.0,16202562.0,77696846.0,0.017026688573690624,12.036000000000001,12.376000000000001,12.693000000000001,13.3865,29.28348896885703,1261932.8,13.631333333333334,12.901500000000002,True,True,13.55,15597226.799999999,16028291.724000001
2024-07-10,11.3,11.72,11.0,11.5,1891100.0,22766032.0,77696846.0,0.024339469326721448,11.838,12.247,12.594,13.339166666666667,30.819671989680174,1291243.8,13.587166666666667,12.867499999999998,True,True,13.55,21747650.0,16236185.104000002
2024-07-11,11.62,12.07,11.62,12.01,1301000.0,16261732.0,77696846.0,0.016744566439672467,11.846,12.171,12.517,13.3025,41.42857126285714,1307082.8,13.524499999999998,12.8265,True,True,13.55,15625010.0,16350626.554000001
2024-07-12,12.13,12.26,11.77,11.89,925060.0,11656538.0,77696846.0,0.011906017394837366,11.788,12.081999999999999,12.440000000000001,13.286333333333333,45.88607574607435,1305449.8,13.484333333333334,12.815999999999999,True,True,13.43,10998963.4,16257465.743999999
2024-07-15,11.9,12.0,11.42,11.45,1053400.0,12781100.0,77696846.0,0.01355782189665717,11.727999999999998,11.967,12.3465,13.278833333333333,35.628742365628,1278271.8,13.429666666666666,12.7565,True,True,13.36,12061430.0,15796961.884
2024-07-16,11.46,11.54,11.26,11.37,915980.0,10935271.0,77696846.0,0.011789152934213057,11.644,11.84,12.247,13.250166666666667,26.64473671939922,1273145.8,13.3865,12.693000000000001,True,True,13.36,10414692.6,15637338.514000002
2024-07-17,11.37,11.47,11.24,11.29,583480.0,6946757.0,77696846.0,0.007509699943289847,11.601999999999999,11.719999999999999,12.1555,13.218833333333333,26.129032140062407,1238169.8,13.339166666666667,12.594,True,True,13.12,6587489.199999999,15125064.974000001
2024-07-18,11.21,11.23,10.96,11.15,952260.0,11089709.0,77696846.0,0.012256095955297851,11.43,11.638,12.0795,13.187666666666667,24.767801750232422,1221454.2,13.3025,12.517,True,True,12.79,10617699.0,14840906.562
2024-07-19,11.16,11.32,11.0,11.21,799200.0,9385358.0,77696846.0,0.01028613182058896,11.294,11.541,12.0095,13.163666666666666,27.652732994489313,1217791.2,13.286333333333333,12.440000000000001,True,True,12.79,8959032.0,14738772.132
2024-07-22,11.16,11.34,11.11,11.26,619620.0,7312912.0,77696846.0,0.007974841089431094,11.256,11.492,11.965,13.134833333333331,27.884615259492065,1182733.6,13.278833333333333,12.3465,True,True,12.79,6976921.2,14285249.202000001
2024-07-23,11.31,11.47,11.05,11.05,934860.0,11066206.0,77696846.0,0.012032148640885629,11.191999999999998,11.418,11.897,13.097833333333334,27.358490445591514,1170241.6,13.250166666666667,12.247,True,True,12.79,10330203.0,14066653.002
2024-07-24,11.05,11.26,10.75,10.8,809300.0,9263591.0,77696846.0,0.010416124227230537,11.094000000000001,11.347999999999999,11.7975,13.052833333333332,29.896907072660895,1147929.6,13.218833333333333,12.1555,True,True,12.79,8740440.0,13700757.172
2024-07-25,10.8,11.2,10.68,11.08,986800.0,11360636.0,77696846.0,0.012700644244941424,11.08,11.255,11.713000000000001,13.014666666666667,31.543624012882276,1085004.6,13.187666666666667,12.0795,True,True,12.78,10933744.0,12813820.322
2024-07-26,11.06,11.22,11.01,11.15,824040.0,9606677.0,77696846.0,0.010605835917715373,11.068000000000001,11.181000000000001,11.6315,12.971,38.54961811462035,1022556.6,13.163666666666666,12.0095,True,True,12.78,9188046.0,11948575.622
2024-07-29,11.1,11.24,10.98,11.19,634640.0,7408708.0,77696846.0,0.008168156529803024,11.054,11.155,11.561,12.927999999999999,38.54961811462035,998076.6,13.134833333333331,11.965,True,True,12.64,7101621.6,11595385.502
2024-07-30,11.19,11.42,11.05,11.3,619380.0,7329343.0,77696846.0,0.007971752160956443,11.104,11.148,11.494,12.876833333333334,45.901639080892245,969945.6,13.097833333333334,11.897,True,True,12.64,6998994.0,11198311.202
2024-07-31,11.33,11.95,11.3,11.86,1285600.0,15776403.0,77696846.0,0.01654636019588234,11.315999999999999,11.205000000000002,11.4625,12.833333333333334,46.987951543039614,984990.6,13.052833333333332,11.7975,True,True,12.49,15247216.0,11345726.852
2024-08-01,11.82,12.05,11.71,11.82,987640.0,12250080.0,77696846.0,0.012711455494602703,11.464,11.272,11.455,12.790166666666666,48.54771756030371,966588.0,13.014666666666667,11.713000000000001,False,True,12.18,11673904.8,11118040.43
2024-08-02,11.82,11.99,11.63,11.68,822100.0,10192729.0,77696846.0,0.010580867079211942,11.57,11.319,11.43,12.742166666666666,55.4502365989084,960468.0,12.971,11.6315,False,False,12.18,9602128.0,11022946.33
2024-08-05,11.67,11.88,11.42,11.42,688700.0,8400521.0,77696846.0,0.00886393766871824,11.616,11.334999999999999,11.413499999999999,12.693000000000001,51.09170274441755,947854.0,12.927999999999999,11.561,False,False,12.01,7864954.0,10863368.28
2024-08-06,11.63,11.73,11.53,11.73,780600.0,9533321.0,77696846.0,0.01004673986380348,11.702000000000002,11.403,11.4105,12.654,58.73015840388011,920738.0,12.876833333333334,11.494,False,False,12.01,9156438.0,10541328.84
2024-08-07,11.79,11.82,11.61,11.81,619100.0,7629828.0,77696846.0,0.00796814841106935,11.692,11.504,11.426,12.609499999999999,63.41463378544519,857138.0,12.833333333333334,11.4625,False,False,12.01,7311571.0,9819524.89
2024-08-08,11.81,11.87,11.49,11.71,585800.0,7172214.0,77696846.0,0.007539559585211477,11.67,11.567,11.411,12.562666666666667,59.999999664000015,821378.0,12.790166666666666,11.455,False,False,12.01,6859718.000000001,9381260.290000001
2024-08-09,11.72,11.88,11.7,11.72,613700.0,7583526.0,77696846.0,0.007898647520389695,11.678,11.624,11.4025,12.511333333333335,59.34959315817307,805810.0,12.742166666666666,11.43,False,False,11.89,7192564.0,9190940.32
2024-08-12,11.74,12.18,11.57,11.68,958600.0,11806389.0,77696846.0,0.012337695149169891,11.73,11.673,11.414,12.457333333333333,63.75545812551247,801070.0,12.693000000000001,11.413499999999999,False,False,11.86,11196448.0,9147691.22
2024-08-13,11.68,11.82,11.48,11.81,697640.0,8556933.0,77696846.0,0.008979000254399001,11.745999999999999,11.724,11.436,12.411333333333335,73.27188892819979,790153.0,12.654,11.4105,False,False,11.86,8239128.4,9038913.010000002
2024-08-14,11.81,11.97,11.73,11.78,607300.0,7536833.0,77696846.0,0.007816276094398993,11.74,11.716,11.4605,12.367333333333333,68.2291661691623,791344.0,12.609499999999999,11.426,False,False,11.86,7153994.0,9067238.25
2024-08-15,11.73,11.93,11.55,11.84,620940.0,7670222.0,77696846.0,0.007991830196041678,11.766,11.718,11.495000000000001,12.323833333333335,68.06282672624103,774778.0,12.562666666666667,11.411,False,False,11.86,7351929.6,8903949.78
2024-08-16,11.84,12.05,11.75,11.92,1395520.0,17468184.0,77696846.0,0.01796108943727265,11.806000000000001,11.742,11.5305,12.287,68.71794822458907,804594.0,12.511333333333335,11.4025,False,False,11.86,16634598.4,9287728.1
2024-08-19,11.86,11.91,11.57,11.58,1203880.0,14732971.0,77696846.0,0.01549458005026356,11.785999999999998,11.758,11.5465,12.247666666666667,56.42201798628059,833807.0,12.457333333333333,11.414,False,False,11.92,13940930.4,9635928.559999999
2024-08-20,11.57,11.69,11.25,11.27,754500.0,9030637.0,77696846.0,0.009710818892185148,11.678,11.712,11.5575,12.202166666666667,34.71502565491694,824789.0,12.411333333333335,11.436,False,False,11.92,8503215.0,9544579.16
2024-08-21,11.26,11.38,11.2,11.36,622900.0,7392811.0,77696846.0,0.00801705644525133,11.594,11.667,11.5855,12.161666666666667,38.383838112437516,815469.0,12.367333333333333,11.4605,True,False,11.92,7076144.0,9461364.36
2024-08-22,11.37,11.46,11.04,11.09,506500.0,5958133.0,77696846.0,0.00651892613504543,11.443999999999999,11.605,11.586,12.115333333333332,36.018957106983244,791454.0,12.323833333333335,11.495000000000001,True,True,11.92,5617085.0,9195531.41
2024-08-23,11.11,11.11,10.78,10.83,710100.0,8135784.0,77696846.0,0.00913936712437465,11.226,11.516,11.569999999999999,12.067499999999999,36.018957106983244,785757.0,12.287,11.5305,True,True,11.92,7690383.0,9120648.26
2024-08-26,10.87,11.27,10.81,11.25,1091200.0,12706975.0,77696846.0,0.014044328131414756,11.16,11.473,11.572999999999999,12.024666666666667,39.18918894205016,808585.0,12.247666666666667,11.5465,True,True,11.92,12276000.0,9379367.180000002
2024-08-27,11.2,11.32,10.97,11.04,745320.0,8684902.0,77696846.0,0.009592667378029733,11.114,11.395999999999999,11.56,11.985166666666665,33.61702107632412,814882.0,12.202166666666667,11.5575,True,True,11.92,8228332.8,9440834.120000001
2024-08-28,11.1,11.49,10.94,11.33,986100.0,11686877.0,77696846.0,0.01269163487022369,11.108,11.350999999999999,11.5335,11.9545,42.51968480500961,799907.0,12.161666666666667,11.5855,True,True,11.92,11172513.0,9237098.97
2024-08-29,11.32,11.52,11.21,11.43,842100.0,10066367.0,77696846.0,0.010838277785432886,11.176,11.309999999999999,11.514,11.931833333333335,44.486691778397834,792630.0,12.115333333333332,11.586,True,True,11.92,9625203.0,9134663.879999999
2024-08-30,11.44,11.93,11.33,11.71,1652000.0,20295753.0,77696846.0,0.021262124333850052,11.352,11.288999999999998,11.5155,11.9205,50.52264783717178,834125.0,12.067499999999999,11.569999999999999,True,True,11.92,19344920.0,9621803.48
2024-09-02,11.69,11.81,11.53,11.6,1128000.0,13849269.0,77696846.0,0.014517963830861295,11.422,11.291,11.5245,11.898166666666667,46.315789246168045,856090.0,12.024666666666667,11.572999999999999,False,True,11.92,13084800.0,9882795.78
2024-09-03,11.62,11.64,11.37,11.51,1258300.0,15198063.0,77696846.0,0.01619499458189075,11.516,11.315000000000001,11.513499999999999,11.872333333333334,45.360824524037284,879975.0,11.985166666666665,11.56,False,False,11.92,14483033.0,10149125.53
2024-09-04,11.51,11.51,11.15,11.32,830520.0,9888341.0,77696846.0,0.010689236986530959,11.514,11.311,11.488999999999999,11.836333333333334,41.44736823017661,890546.0,11.9545,11.5335,True,False,11.92,9401486.4,10253621.3
2024-09-05,11.31,11.56,11.31,11.55,704134.0,8485593.0,77696846.0,0.009062581510708942,11.538,11.357,11.481,11.802999999999999,44.20062676526372,896462.7,11.931833333333335,11.514,True,True,11.92,8132747.7,10317272.785
2024-09-06,11.54,11.63,11.25,11.29,914611.0,10895666.0,77696846.0,0.011771533171372233,11.453999999999999,11.403,11.4595,11.767333333333333,45.33762037468595,911508.25,11.9205,11.5155,False,True,11.92,10325958.19,10473942.4945
2024-09-09,11.26,11.49,11.11,11.33,635640.0,7556574.0,77696846.0,0.00818102706511407,11.4,11.411,11.442,11.734166666666665,51.05633777648284,895360.25,11.898166666666667,11.5245,True,False,11.92,7201801.2,10274210.1545
2024-09-10,11.33,11.53,11.18,11.44,718800.0,8556506.0,77696846.0,0.00925134078158076,11.386,11.451,11.4235,11.702166666666669,51.39860114699986,896418.25,11.872333333333334,11.513499999999999,True,True,11.92,8223072.0,10273407.3345
2024-09-11,11.46,11.5,11.27,11.32,531820.0,6354488.0,77696846.0,0.006844808089121146,11.386,11.45,11.4005,11.672166666666667,54.243542155199414,892644.25,11.836333333333334,11.488999999999999,False,True,11.92,6020202.4,10216717.7545
2024-09-12,11.33,11.48,11.29,11.29,542920.0,6481602.0,77696846.0,0.006987671031073771,11.334,11.436,11.373,11.649166666666666,59.27419321377468,888743.25,11.802999999999999,11.481,True,False,11.92,6129566.8,10155599.6145
2024-09-13,11.29,11.34,10.98,10.98,656700.0,7662452.0,77696846.0,0.008452080538764726,11.272,11.363000000000001,11.326,11.621999999999998,44.303797206644255,851802.25,11.767333333333333,11.4595,True,True,11.92,7210566.0,9684397.9945
2024-09-18,11.0,11.13,10.62,10.85,895800.0,10180232.0,77696846.0,0.011529425531636123,11.175999999999998,11.288,11.2895,11.600333333333333,45.851528103964476,836398.25,11.734166666666665,11.442,True,True,11.71,9719430.0,9473322.9745
2024-09-19,10.85,11.37,10.85,11.32,1271600.0,14953495.0,77696846.0,0.016366172701527678,11.152,11.269000000000002,11.291999999999998,11.582166666666668,49.797570567948995,862253.25,11.702166666666669,11.4235,True,True,11.71,14394512.0,9767887.8245
2024-09-20,11.31,11.38,11.18,11.34,803280.0,9505287.0,77696846.0,0.010338643604658032,11.156,11.270999999999999,11.291,11.558,48.11715452985768,871272.25,11.672166666666667,11.4005,False,True,11.71,9109195.2,9869540.3845
2024-09-23,11.25,11.45,11.24,11.4,456540.0,5448614.0,77696846.0,0.00587591419090551,11.178,11.256,11.3065,11.535166666666665,42.85714258064515,868774.25,11.649166666666666,11.373,False,False,11.71,5204556.0,9848913.9345
2024-09-24,11.45,12.55,11.37,12.01,6060465.0,77355856.0,77696846.0,0.07800142878386596,11.383999999999999,11.328,11.3655,11.522333333333334,57.677902319291896,1136292.5,11.621999999999998,11.326,False,False,11.71,72786184.65,13103704.016999999
2024-09-25,11.84,12.84,11.84,12.16,6938060.0,90016254.0,77696846.0,0.08929654622016446,11.646,11.411,11.411,11.514999999999999,61.904761587301586,1428635.5,11.600333333333333,11.2895,False,False,12.01,84366809.6,16708244.497
2024-09-26,12.23,12.61,12.05,12.43,5231369.0,68226168.0,77696846.0,0.06733051943961792,11.868,11.51,11.4805,11.5115,69.75088933220195,1652937.95,11.582166666666668,11.291999999999998,False,False,12.16,65025916.67,19548123.6905
2024-09-27,12.53,12.84,12.36,12.7,5177940.0,68402187.0,77696846.0,0.06664285960848398,12.139999999999999,11.648,11.549000000000001,11.514999999999999,70.17543825176975,1862529.95,11.558,11.291,False,False,12.43,65759838.0,22277489.9405
2024-09-30,13.07,13.81,12.71,13.61,8837531.0,123265039.0,77696846.0,0.11374375479797469,12.581999999999999,11.879999999999999,11.658,11.542333333333335,83.14285681028572,2262301.5,11.535166666666665,11.3065,False,False,12.7,120278796.91,27810169.636
2024-10-08,14.82,14.82,13.36,14.2,8696322.0,128464583.0,77696846.0,0.11192631937723702,13.02,12.202,11.782499999999999,11.575999999999999,85.43209847011127,2614517.6,11.522333333333334,11.3655,False,False,13.61,123487772.39999999,33017312.256
2024-10-09,13.86,14.17,13.37,13.55,6625420.0,96173794.0,77696846.0,0.08527270206051865,13.297999999999998,12.472,11.879999999999999,11.606,72.98474923272627,2889388.6,11.514999999999999,11.411,False,False,14.2,89774441.0,36851794.306
2024-10-10,13.62,14.29,13.53,13.69,4086108.0,59212586.0,77696846.0,0.052590397298752645,13.55,12.709,11.989,11.637666666666666,75.70498892410633,3030779.0,11.5115,11.4805,False,False,14.2,55938818.519999996,38924583.582
2024-10-11,13.4,13.71,13.22,13.25,3646740.0,51480583.0,77696846.0,0.04693549594020843,13.66,12.9,12.0855,11.666833333333333,69.52191215671182,3171590.0,11.514999999999999,11.549000000000001,False,False,14.2,48319305.0,40870474.512
2024-10-14,13.38,13.91,13.21,13.74,3361134.0,47997867.0,77696846.0,0.04325959383216148,13.686000000000002,13.134,12.195,11.695666666666666,76.53846133239645,3304440.0,11.542333333333335,11.658,False,False,14.2,46181981.160000004,42772936.184999995
2024-10-15,13.71,14.78,13.57,14.38,8791340.0,132464859.0,77696846.0,0.1131492519014221,13.722,13.370999999999999,12.3495,11.737166666666667,80.91068281387926,3698276.45,11.575999999999999,11.782499999999999,False,False,14.2,126419469.2,48577611.7355
2024-10-16,14.34,14.77,14.1,14.35,3621336.0,54828369.0,77696846.0,0.04660853286116659,13.882,13.59,12.500499999999999,11.7855,78.74762787429472,3847561.25,11.606,11.879999999999999,False,False,14.38,51966171.6,50815830.2555
2024-10-17,14.5,14.87,14.29,14.48,3924160.0,59716421.0,77696846.0,0.05050603984619916,14.040000000000001,13.795000000000002,12.6525,11.837333333333333,79.18215592777878,4007829.25,11.637666666666666,11.989,False,False,14.38,56821836.800000004,53245768.4955
2024-10-18,14.34,15.93,14.34,15.93,6130566.0,99071907.0,77696846.0,0.07890366617970568,14.576000000000002,14.118,12.883000000000001,11.914666666666667,83.4564252336204,4287766.55,11.666833333333333,12.0855,False,False,14.48,97659916.38,57827754.19449999
2024-10-21,16.17,17.09,16.04,16.63,10407795.0,180547627.0,77696846.0,0.13395389305764097,15.154000000000002,14.419999999999998,13.15,12.006,83.67346921699293,4781010.3,11.695666666666666,12.195,False,False,15.93,173081630.85,66175357.397
2024-10-22,16.64,17.1,16.23,16.41,5581576.0,97347064.0,77696846.0,0.07183787099929384,15.559999999999999,14.641000000000002,13.4215,12.092666666666668,80.66378050082355,5027254.1,11.737166666666667,12.3495,False,False,16.63,91593662.16,70394512.205
2024-10-23,16.24,16.77,16.11,16.28,3552360.0,61378078.0,77696846.0,0.045720774817551796,15.946000000000002,14.914000000000001,13.692999999999998,12.176333333333334,78.3505153023701,5160082.1,11.7855,12.500499999999999,False,False,16.63,57832420.800000004,72800161.745
2024-10-24,16.23,17.43,16.23,17.21,5409860.0,96400990.0,77696846.0,0.06962779415782205,16.491999999999997,15.266,13.9875,12.279,80.2684562249989,5366995.1,11.837333333333333,12.6525,False,False,16.63,93103690.60000001,76735620.675
2024-10-25,17.27,18.07,16.96,17.74,5143080.0,95351611.0,77696846.0,0.06619419274754088,16.854000000000003,15.715,14.3075,12.394666666666668,79.20792063523186,5583985.1,11.914666666666667,12.883000000000001,False,False,17.21,91238239.19999999,80842072.875
2024-10-28,17.81,18.26,17.23,18.1,5546910.0,103326803.0,77696846.0,0.07139170102220108,17.148000000000003,16.151,14.642500000000002,12.511666666666665,78.50877176913413,5838503.6,12.006,13.15,False,False,17.74,100399071.00000001,85601798.625
2024-10-29,18.2,19.25,17.56,17.61,6389880.0,122280830.0,77696846.0,0.08224117617335458,17.387999999999998,16.474,14.9225,12.619333333333334,80.38922138840582,5854974.35,12.092666666666668,13.4215,False,False,18.1,112525786.8,87588778.73249999
2024-10-30,17.16,17.53,16.67,17.05,4726496.0,84976700.0,77696846.0,0.06083253366552357,17.541999999999998,16.744,15.167000000000002,12.717000000000002,73.66197168573697,5744396.15,12.176333333333334,13.692999999999998,False,False,18.1,80586756.8,87399776.0925
2024-10-31,16.95,18.75,16.86,18.21,7149900.0,132612376.0,77696846.0,0.09202304042045671,17.742,17.116999999999997,15.456,12.832166666666666,81.71355484092203,5840322.7,12.279,13.9875,False,False,18.1,130199679.0,90658464.20899999
2024-11-01,18.12,18.12,16.39,16.39,5050820.0,90128358.0,77696846.0,0.06500675715974365,17.472,17.163000000000004,15.6405,12.907666666666666,64.48087421828063,5833966.7,12.394666666666668,14.3075,False,False,18.21,82782939.8,91509619.299
2024-11-04,16.32,17.22,16.22,16.96,3994280.0,69817151.0,77696846.0,0.051408521782209796,17.244,17.195999999999998,15.808000000000002,12.993333333333334,64.20704835915213,5591804.15,12.511666666666665,14.642500000000002,False,False,18.21,67742988.8,88882828.8935
2024-11-05,16.93,17.22,16.68,17.11,2979040.0,53032270.0,77696846.0,0.03834183951302219,17.144,17.266,15.9535,13.083833333333333,64.99999990108697,5305940.05,12.619333333333334,14.9225,False,False,18.21,50971374.4,85257008.9935
2024-11-06,17.09,17.44,16.56,17.22,4655060.0,83119983.0,77696846.0,0.059913114105043595,17.178,17.36,16.137,13.1805,64.9237471776762,5207422.05,12.717000000000002,15.167000000000002,False,False,18.21,80160133.19999999,84776293.6035
2024-11-07,17.13,17.48,16.92,17.07,2888600.0,52086986.0,77696846.0,0.037177828299491074,16.95,17.346,16.306,13.269499999999999,57.23350243638719,5147546.65,12.832166666666666,15.456,False,False,18.21,49308402.0,84444772.7775
2024-11-08,17.25,17.39,16.67,16.8,3696750.0,65928310.0,77696846.0,0.04757915141111391,17.032,17.252000000000002,16.4835,13.352666666666668,51.14093950121166,5150047.15,12.907666666666666,15.6405,False,False,18.21,62105400.0,85134077.5275
2024-11-11,16.69,16.86,15.73,16.03,6712130.0,114034750.0,77696846.0,0.08638870617733956,16.846,17.045,16.598,13.424666666666667,47.62499991665626,5317596.95,12.993333333333334,15.808000000000002,False,False,18.21,107595443.9,88204750.6645
2024-11-12,16.07,16.49,15.99,16.19,4402240.0,75280499.0,77696846.0,0.05665918536770463,16.662,16.903,16.688499999999998,13.499166666666666,49.43960140819994,5098141.95,13.083833333333333,15.9535,True,False,18.21,71272265.60000001,85447390.4845
2024-11-13,16.26,16.53,15.86,16.22,2891040.0,49101370.0,77696846.0,0.03720923240565003,16.462,16.82,16.782,13.574833333333334,43.05750342176645,5061627.15,13.1805,16.137,True,True,18.21,46892668.8,85193715.34449999
2024-11-14,16.29,16.4,15.73,15.73,2144400.0,36082246.0,77696846.0,0.027599575921009714,16.194,16.572,16.844500000000004,13.640166666666666,35.82510571205198,4972639.15,13.269499999999999,16.306,True,True,18.21,33731412.0,84039194.1045
2024-11-15,15.83,16.03,15.44,15.44,2702380.0,44760906.0,77696846.0,0.034781077213867855,15.922,16.476999999999997,16.82,13.701166666666667,31.054130992199703,4801229.85,13.352666666666668,16.4835,True,True,18.21,41724747.199999996,81242435.6455
2024-11-18,15.79,16.54,15.24,15.45,4446300.0,73755867.0,77696846.0,0.05722626115350937,15.806000000000001,16.326,16.761000000000003,13.761333333333333,33.48623846042699,4503155.1,13.424666666666667,16.598,True,True,18.21,68695335.0,76023120.853
2024-11-19,15.53,15.67,15.06,15.64,2615142.0,42194245.0,77696846.0,0.03365827745440272,15.696000000000002,16.179,16.7225,13.823333333333332,38.57374383467869,4354833.4,13.499166666666666,16.688499999999998,True,True,18.21,40900820.88,73488478.789
2024-11-20,15.65,16.03,15.62,16.02,2315380.0,38509026.0,77696846.0,0.029800180048492574,15.656,16.059,16.7095,13.897333333333332,29.684601036069637,4292984.4,13.574833333333334,16.782,True,True,18.21,37092387.6,72451477.129
2024-11-21,16.2,16.96,16.09,16.59,4786460.0,83169841.0,77696846.0,0.0616043024449152,15.828,16.011000000000003,16.6785,13.985999999999999,52.41545875994772,4261814.4,13.640166666666666,16.844500000000004,True,True,18.21,79407371.4,71766661.169
2024-11-22,16.63,16.91,16.07,16.13,2840840.0,49086994.0,77696846.0,0.03656313153303546,15.966,15.943999999999999,16.598000000000003,14.065499999999998,39.702233112696916,4146702.4,13.701166666666667,16.82,True,True,18.21,45822749.199999996,69495886.669
2024-11-25,16.2,16.67,15.97,16.44,2794700.0,47817853.0,77696846.0,0.035969285033783736,16.163999999999998,15.985,16.515,14.154666666666667,42.004773129339675,4009091.9,13.761333333333333,16.761000000000003,True,True,18.21,45944868.0,66773176.518999994
2024-11-26,16.43,16.92,16.34,16.49,2640390.0,46038723.0,77696846.0,0.03398323272993604,16.333999999999996,16.014999999999997,16.459,14.249,41.16222746337258,3821617.4,13.823333333333332,16.7225,True,True,18.21,43540031.099999994,63323888.734000005
2024-11-27,16.43,16.51,15.8,16.35,2652100.0,44832839.0,77696846.0,0.034133946698428404,16.4,16.028,16.424,14.334,41.26213578211896,3717897.6,13.897333333333332,16.7095,False,True,18.21,43361835.00000001,61462642.64400001
2024-11-28,16.44,16.72,16.38,16.5,2274700.0,39545569.0,77696846.0,0.02927660667203917,16.381999999999998,16.105,16.3385,14.425,46.24999983812499,3474137.6,13.985999999999999,16.6785,True,False,18.21,37532550.0,56829286.194000006
2024-11-29,16.67,16.81,16.48,16.59,1669800.0,29144329.0,77696846.0,0.021491219862386692,16.474,16.220000000000002,16.3485,14.512666666666666,58.43373469335172,3305086.6,14.065499999999998,16.598000000000003,False,True,17.22,27701982.0,54075238.304
2024-12-02,16.81,17.25,16.48,17.24,2772900.0,49054819.0,77696846.0,0.03568870736400291,16.634,16.398999999999997,16.3625,14.609499999999999,63.77952732469464,3244017.6,14.154666666666667,16.515,False,False,17.22,47804795.99999999,53078328.664
2024-12-03,17.17,17.63,16.95,17.3,2826880.0,51317789.0,77696846.0,0.03638345886009324,16.796,16.565,16.372,14.702666666666666,64.06249976643883,3236409.6,14.249,16.459,False,False,17.24,48905024.0,52975011.143999994
2024-12-04,17.32,17.54,16.94,17.06,2503820.0,45234411.0,77696846.0,0.032225503722506314,16.938,16.669,16.363999999999997,14.793666666666667,68.52367661299957,3128847.6,14.334,16.424,False,False,17.3,42715169.199999996,51102762.944
2024-12-05,17.04,17.61,16.8,17.42,2544900.0,45978924.0,77696846.0,0.03275422531308414,17.122,16.752,16.3815,14.892166666666666,77.04918003314523,3111662.6,14.425,16.3385,False,False,17.3,44332158.00000001,50853950.744
2024-12-06,17.47,17.99,17.35,17.42,2285760.0,42106955.0,77696846.0,0.029418954792579353,17.288,16.881,16.4125,14.993833333333333,76.9863010745731,3041113.1,14.512666666666666,16.3485,False,False,17.42,39817939.2,49739577.704
2024-12-09,17.48,17.69,16.95,17.16,3158800.0,57301827.0,77696846.0,0.04065544694053604,17.272,16.953,16.469,15.087333333333333,70.43010726182216,2863446.6,14.609499999999999,16.3625,False,False,17.42,54205008.0,47070055.909
2024-12-10,17.91,17.91,16.87,16.97,4129560.0,74470184.0,77696846.0,0.05314964779908827,17.206,17.001,16.508000000000003,15.182,63.45609039989083,2849812.6,14.702666666666666,16.372,False,False,17.42,70078633.19999999,47010374.289
2024-12-11,17.14,18.29,16.88,17.91,5990280.0,111447823.0,77696846.0,0.0770981102630601,17.375999999999998,17.157,16.5925,15.291666666666666,66.92307668284022,3004774.6,14.793666666666667,16.363999999999997,False,False,17.42,107285914.8,50030036.589
2024-12-12,17.91,18.48,17.55,18.16,3902442.0,73679802.0,77696846.0,0.050226517560313835,17.524,17.323,16.714,15.403666666666664,77.50677477368701,3092676.7,14.892166666666666,16.3815,False,False,17.91,70868346.72,51886883.324999996
2024-12-13,18.16,18.38,17.82,18.02,3136298.0,59565908.0,77696846.0,0.040365834154966855,17.644,17.466,16.842999999999996,15.515333333333333,72.44318153005548,3114372.6,14.993833333333333,16.4125,False,False,18.16,56516089.96,52626450.463
2024-12-16,17.86,18.1,17.48,17.61,3065276.0,57009563.0,77696846.0,0.03945174299610566,17.734,17.503,16.951,15.620666666666667,64.43298945823148,3045321.4,15.087333333333333,16.469,False,False,18.16,53979510.36,51890659.231
2024-12-17,17.59,17.99,16.48,16.53,3931362.0,70540858.0,77696846.0,0.05059873344150932,17.646,17.426,16.9955,15.713166666666668,51.86721976636076,3111132.4,15.182,16.508000000000003,False,False,18.16,64985413.86000001,53094888.88
2024-12-18,16.76,16.85,16.08,16.62,2638000.0,45934685.0,77696846.0,0.03395247215054264,17.387999999999998,17.381999999999998,17.0255,15.809333333333335,51.260504050914484,3127263.4,15.291666666666666,16.5925,True,False,18.16,43843560.0,53432447.5
2024-12-19,16.55,16.6,16.01,16.26,1612940.0,27508855.0,77696846.0,0.020759401224600547,17.008,17.266000000000002,17.009,15.891666666666667,46.71968177851383,2968587.4,15.403666666666664,16.714,True,True,18.16,26226404.400000002,50773399.15
2024-12-20,16.35,16.88,16.21,16.54,1515600.0,26397392.0,77696846.0,0.019506583317423207,16.712,17.178,17.0295,15.978333333333333,42.489270258615946,2902325.4,15.515333333333333,16.842999999999996,True,True,18.16,25068024.0,49735662.89
2024-12-23,16.54,16.66,15.03,15.11,3777300.0,61948715.0,77696846.0,0.04861587303041876,16.212,16.973,16.963,16.040166666666668,31.840795945974932,2951455.4,15.620666666666667,16.951,True,True,18.16,57075003.0,50292169.64
2024-12-24,15.23,15.48,14.7,14.97,2543040.0,40014635.0,77696846.0,0.03273028611740559,15.9,16.773,16.887,16.0895,32.377740227101484,2946587.9,15.713166666666668,16.9955,True,True,18.16,38069308.800000004,50018633.525000006
2024-12-25,14.91,15.11,14.21,14.72,2651400.0,40585793.0,77696846.0,0.03412493732371067,15.52,16.454,16.805500000000002,16.132166666666667,26.804123646862905,2946552.9,15.809333333333335,17.0255,True,True,18.16,39028608.0,49801972.175
2024-12-26,14.72,15.2,14.58,14.84,1525600.0,23786896.0,77696846.0,0.019635288670533678,15.236,16.122,16.722500000000004,16.172333333333334,28.282828216168397,2909097.9,15.891666666666667,17.009,True,True,18.16,22639904.0,49057339.875
2024-12-27,14.86,15.43,14.67,15.19,1799750.0,28670942.0,77696846.0,0.023163745926057282,14.966,15.838999999999999,16.6525,16.213833333333334,33.665008213713065,2915595.4,15.978333333333333,17.0295,True,True,18.16,27338202.5,49039150.9
2024-12-30,15.02,15.21,14.53,14.88,1537180.0,23972367.0,77696846.0,0.019784329469435605,14.919999999999998,15.566000000000003,16.5345,16.235,33.00813000616034,2853809.4,16.040166666666668,16.963,True,True,18.16,22873238.400000002,47792573.02
2024-12-31,14.88,15.06,14.39,14.48,1906340.0,29387636.0,77696846.0,0.024535616284861807,14.822,15.361,16.3935,16.23966666666667,19.429589969337883,2807782.4,16.0895,16.887,True,True,18.16,27603803.2,46727511.980000004
2025-01-02,14.48,14.83,14.11,14.28,2567800.0,38982357.0,77696846.0,0.03304896057170712,14.734,15.127,16.2545,16.251833333333334,15.107913631023195,2810981.4,16.132166666666667,16.805500000000002,True,True,18.16,36668184.0,46425162.72
2025-01-03,14.29,14.39,13.3,13.33,2720940.0,39314689.0,77696846.0,0.03501995434924089,14.431999999999999,14.833999999999998,16.05,16.245833333333334,13.18681315783114,2819783.4,16.172333333333334,16.722500000000004,True,True,18.16,36270130.2,46022061.33
2025-01-06,13.42,13.6,12.54,13.38,2629500.0,36544421.0,77696846.0,0.03384307260039873,14.070000000000002,14.518,15.847999999999999,16.248,14.808652211760176,2836970.4,16.213833333333334,16.6525,True,True,18.16,35182710.0,45790299.87
2025-01-07,13.41,13.77,13.3,13.72,2179000.0,31056739.0,77696846.0,0.02804489644277195,13.838,14.379000000000001,15.676000000000002,16.247666666666667,23.33965838201985,2787980.4,16.235,16.5345,True,True,18.16,29895880.0,44574843.47
2025-01-08,13.75,13.82,13.05,13.62,1975500.0,27898249.0,77696846.0,0.025425742506973836,13.666,14.244,15.508500000000002,16.235,21.590909033660424,2680277.4,16.23966666666667,16.3935,True,True,18.16,26906310.0,42416227.31
2025-01-09,13.59,13.77,13.43,13.58,1106100.0,15815029.0,77696846.0,0.014236099107549359,13.526,14.13,15.291999999999998,16.222166666666666,22.983870902868077,2436068.4,16.251833333333334,16.2545,True,True,18.16,15020838.0,37802973.47
2025-01-10,13.6,13.75,12.86,12.88,1841100.0,25658713.0,77696846.0,0.023695942561169085,13.436000000000002,13.934000000000001,15.028,16.1955,15.985130069927166,2333001.3,16.245833333333334,16.05,True,True,18.16,23713368.0,35445224.534
2025-01-13,12.72,13.19,12.46,13.02,1997840.0,26985228.0,77696846.0,0.02571327026582263,13.364,13.716999999999999,14.778,16.147000000000002,24.449877666919704,2276078.4,16.248,15.847999999999999,True,True,18.02,26011876.8,33920013.876
2025-01-14,13.06,13.71,13.06,13.69,2013120.0,28442185.0,77696846.0,0.025909932045375433,13.358,13.597999999999999,14.581999999999999,16.098,36.1471860376492,2223470.6,16.247666666666667,15.676000000000002,True,True,17.61,27559612.8,32599018.998000003
2025-01-15,13.82,14.0,13.47,13.7,2188980.0,31432846.0,77696846.0,0.028173344385176203,13.374,13.52,14.4405,16.052833333333332,38.35616426096201,2136351.5,16.235,15.508500000000002,True,True,16.62,29989026.0,30849199.605
2025-01-16,13.74,14.07,13.68,13.88,1562300.0,22715911.0,77696846.0,0.020107637316449115,13.434000000000001,13.479999999999999,14.3035,16.012833333333333,39.18918906561968,2082566.5,16.222166666666666,15.291999999999998,True,True,16.62,21684724.0,29741257.805
2025-01-17,13.86,13.88,13.42,13.64,1926100.0,27526767.0,77696846.0,0.0247899380626081,13.585999999999999,13.511,14.1725,15.953333333333331,32.10161652438278,2098224.5,16.1955,15.028,True,True,16.54,26272004.0,29743537.785000004
2025-01-20,13.91,14.43,13.49,14.23,2603700.0,38492833.0,77696846.0,0.03351101278937371,13.828,13.596,14.057000000000002,15.894833333333334,42.95010832943568,2152629.5,16.147000000000002,14.778,True,True,16.54,37050651.0,30342669.135
2025-01-21,14.32,14.62,13.6,13.79,2774360.0,40373888.0,77696846.0,0.03570749834555704,13.848000000000003,13.603,13.991,15.823,42.58064503309052,2102482.5,16.098,14.581999999999999,False,True,15.19,38258424.4,29401840.205000002
2025-01-22,13.78,13.79,13.37,13.56,1951280.0,27691276.0,77696846.0,0.02511401814174027,13.819999999999999,13.597,13.920499999999999,15.755500000000001,42.30769218113085,2072894.5,16.052833333333332,14.4405,True,False,15.19,26459356.8,28821342.604999997
2025-01-23,13.71,13.96,13.56,13.69,1803980.0,26120816.0,77696846.0,0.023218188290423013,13.782,13.608,13.869,15.699499999999999,54.6632122369728,2030523.5,16.012833333333333,14.3035,True,True,15.19,24696486.2,28104736.514999997
2025-01-24,13.97,13.97,13.43,13.88,1623110.0,23395019.0,77696846.0,0.020890294568713896,13.830000000000002,13.708000000000002,13.820999999999998,15.627333333333333,56.249999803125,2035399.0,15.953333333333331,14.1725,True,True,15.19,22528766.8,28099179.654999994
2025-01-27,14.53,15.24,14.2,14.38,4492847.0,69464631.0,77696846.0,0.057825345960632685,13.86,13.844,13.780499999999998,15.593833333333333,57.93269211272652,2170053.85,15.894833333333334,14.057000000000002,False,True,15.19,64607139.86000001,29962626.523000002
2025-02-05,14.33,14.63,13.84,14.27,4252660.0,63625850.0,77696846.0,0.05473401069587818,13.956,13.902000000000001,13.75,15.549000000000001,57.79376479397777,2305827.85,15.823,13.991,False,False,14.88,60685458.199999996,31853237.513
2025-02-06,14.27,14.63,14.16,14.53,2530000.0,38386596.0,77696846.0,0.032562454336949535,14.15,13.985000000000003,13.752500000000001,15.506,60.82004536412741,2337010.85,15.755500000000001,13.920499999999999,False,False,14.48,36760900.0,32311092.352999996
2025-02-07,14.71,14.84,14.35,14.47,2556490.0,39274164.0,77696846.0,0.03290339481733918,14.306000000000001,14.044,13.762,15.460166666666668,71.19999973418666,2336445.35,15.699499999999999,13.869,False,False,14.53,36992410.300000004,32327303.668
2025-02-10,14.5,14.64,14.45,14.64,2094630.0,31954552.0,77696846.0,0.026959009378578893,14.458000000000002,14.144,13.8275,15.419666666666668,71.42857116402116,2305129.85,15.627333333333333,13.820999999999998,False,False,14.53,30665383.200000003,32047066.318000007
2025-02-11,14.74,14.82,14.45,14.78,1861340.0,28600924.0,77696846.0,0.02395644219586468,14.538,14.199000000000002,13.897500000000003,15.386,66.76923048160947,2266721.85,15.593833333333333,13.780499999999998,False,False,14.64,27510605.2,31663461.078
2025-02-12,14.75,14.84,14.39,14.58,2278660.0,34851948.0,77696846.0,0.029327573991870918,14.6,14.278,13.9405,15.361833333333333,62.790697418875084,2271704.85,15.549000000000001,13.75,False,False,14.78,33222862.8,31829810.217999995
2025-02-13,14.58,14.62,14.37,14.39,1601490.0,24275940.0,77696846.0,0.020612033595289056,14.572,14.361,13.979,15.331833333333334,57.39130411493384,2253004.35,15.506,13.752500000000001,False,False,14.78,23045441.1,31636766.772999994
2025-02-14,14.43,14.47,14.26,14.36,1582664.0,23833885.0,77696846.0,0.02036973289752328,14.55,14.428,14.018,15.300833333333335,61.111110847050746,2276832.55,15.460166666666668,13.762,False,False,14.78,22727055.04,32022077.625000007
2025-02-17,14.28,14.51,14.26,14.43,2793180.0,42210316.0,77696846.0,0.03594972182011095,14.508000000000001,14.483,14.095500000000001,15.279166666666667,53.67647031195933,2324436.55,15.419666666666668,13.8275,False,False,14.78,40305587.4,32851688.595
2025-02-18,14.51,14.51,13.9,13.96,2418244.0,35847369.0,77696846.0,0.031124094792728138,14.344,14.441000000000003,14.142500000000002,15.2545,53.09090882062814,2345456.75,15.386,13.897500000000003,False,False,14.78,33758686.24,33239029.067
2025-02-19,14.0,14.44,13.89,14.37,2533440.0,37778095.0,77696846.0,0.032606728978419534,14.302000000000001,14.450999999999999,14.1765,15.236500000000001,63.82252529231558,2371472.75,15.361833333333333,13.9405,True,False,14.78,36405532.8,33681325.067
2025-02-20,14.36,14.56,14.22,14.55,1786780.0,27075033.0,77696846.0,0.022996815083073,14.334,14.453,14.219,15.218333333333334,64.42952989865324,2351362.75,15.331833333333334,13.979,False,True,14.78,25997649.0,33481756.217
2025-02-21,14.55,14.64,14.1,14.25,2263640.0,33889173.0,77696846.0,0.02913425855149899,14.312000000000001,14.431000000000001,14.2375,15.188833333333333,55.987054762518184,2386429.75,15.300833333333335,14.018,False,False,14.78,32256870.0,34010363.517000005
2025-02-24,14.18,14.65,14.02,14.57,2492115.0,37835363.0,77696846.0,0.03207485410669051,14.34,14.423999999999998,14.284,15.155166666666668,53.26460455474072,2414730.5,15.279166666666667,14.095500000000001,False,False,14.78,36310115.55,34512269.094500005
2025-02-25,14.57,14.63,14.34,14.37,1701415.0,25825851.0,77696846.0,0.02189812183624545,14.422,14.383,14.291,15.125833333333334,51.66666642555555,2369616.25,15.2545,14.142500000000002,False,False,14.78,24449333.549999997,33882203.222
2025-02-26,14.38,14.64,14.38,14.53,1613100.0,24583202.0,77696846.0,0.020761460510250313,14.453999999999999,14.378,14.328,15.094,49.999999758620696,2311553.25,15.236500000000001,14.1765,False,False,14.78,23438343.0,33141199.152
2025-02-27,14.51,14.65,14.2,14.47,1790695.0,27059118.0,77696846.0,0.02304720322881575,14.437999999999999,14.386,14.373500000000002,15.060333333333334,49.999999758620696,2303524.0,15.218333333333334,14.219,False,False,14.78,25911356.650000002,33113799.1445
2025-02-28,14.43,14.47,14.05,14.09,1870360.0,27924785.0,77696846.0,0.024072534424370327,14.406,14.359,14.3935,15.022666666666668,41.15755608482128,2306843.0,15.188833333333333,14.2375,False,False,14.78,26353372.4,33196643.4545
2025-03-03,14.09,14.39,14.06,14.1,2000980.0,29926754.0,77696846.0,0.02575368374669932,14.312000000000001,14.325999999999999,14.404500000000002,14.982666666666667,38.590603845547506,2325736.5,15.155166666666668,14.284,True,False,14.78,28213818.0,33480896.0145
2025-03-04,14.01,14.48,14.01,14.45,1698500.0,25571073.0,77696846.0,0.02186060422581375,14.328,14.375,14.408000000000001,14.947000000000001,47.92332246935254,2186019.15,15.125833333333334,14.291,True,True,14.78,24543325.0,31477705.2715
2025-03-05,14.42,14.58,14.19,14.47,1771740.0,26657870.0,77696846.0,0.02280324223199485,14.315999999999999,14.385000000000002,14.418000000000001,14.900833333333335,51.35135110847333,2061973.15,15.094,14.328,False,True,14.78,25637077.8,29725286.251500003
2025-03-06,14.48,14.71,14.36,14.63,1940460.0,29744900.0,77696846.0,0.02497475894967474,14.348000000000003,14.393,14.423000000000002,14.856333333333335,54.36893179250323,2032496.15,15.060333333333334,14.373500000000002,False,False,14.78,28388929.8,29306687.7415
2025-03-07,14.63,14.66,14.4,14.52,1312580.0,20017180.0,77696846.0,0.016893607238574394,14.434000000000001,14.419999999999998,14.4255,14.814,51.4376994504384,1970300.65,15.022666666666668,14.3935,False,False,14.78,19058661.599999998,28410000.3065
2025-03-10,14.51,15.12,14.51,14.91,3255360.0,50994731.0,77696846.0,0.04189822583017076,14.596,14.454000000000002,14.438999999999998,14.772166666666667,65.57377019080889,2028337.15,14.982666666666667,14.404500000000002,False,False,14.78,48537417.6,29303602.026500005
2025-03-11,14.88,14.94,14.59,14.94,1861640.0,28885115.0,77696846.0,0.023960303356457997,14.693999999999999,14.511000000000001,14.447000000000003,14.730833333333333,60.674156985229125,2028352.15,14.947000000000001,14.408000000000001,False,False,14.91,27812901.599999998,29318716.846499998
2025-03-12,14.98,15.04,14.72,14.84,1389100.0,21605639.0,77696846.0,0.01787846060057573,14.768,14.541999999999998,14.459999999999999,14.692166666666667,55.598455297923394,1983874.15,14.900833333333335,14.418000000000001,False,False,14.94,20614244.0,28688285.906499993
2025-03-13,14.84,14.92,14.4,14.69,1617860.0,24797193.0,77696846.0,0.0208227242583309,14.780000000000001,14.563999999999998,14.475,14.654166666666667,59.01639310400428,1984692.65,14.856333333333335,14.423000000000002,False,False,14.94,23766363.4,28724332.021500003
2025-03-14,14.74,15.02,14.51,14.98,1941180.0,30133230.0,77696846.0,0.024984025735098694,14.872,14.653,14.506,14.605333333333334,58.506223726519856,2002618.45,14.814,14.4255,False,False,14.94,29078876.400000002,29041923.0895
2025-03-17,15.01,15.26,14.88,15.24,1908140.0,30273136.0,77696846.0,0.024558783248421694,14.937999999999999,14.767000000000001,14.5465,14.556666666666668,67.61133564916652,1958366.45,14.772166666666667,14.438999999999998,False,False,14.98,29080053.6,28480646.3995
2025-03-18,15.24,15.31,15.02,15.24,1313300.0,20893232.0,77696846.0,0.01690287402399835,14.998000000000001,14.846,14.610499999999998,14.510333333333334,65.36796497179589,1903119.25,14.730833333333333,14.447000000000003,False,False,15.24,20014692.0,27793446.6875
2025-03-19,15.24,15.24,14.9,15.04,1657600.0,26189284.0,77696846.0,0.021334199331591915,15.038,14.902999999999997,14.644,14.467500000000001,61.63265270903785,1859327.25,14.692166666666667,14.459999999999999,False,False,15.24,24930304.0,27219685.247500002
2025-03-20,14.94,15.39,14.89,15.1,1821880.0,28902763.0,77696846.0,0.02344857087249076,15.12,14.95,14.6715,14.443666666666667,73.7089197033216,1861082.25,14.654166666666667,14.475,False,False,15.24,27510388.0,27295322.1975
2025-03-21,15.15,15.15,14.72,14.95,1799640.0,28158168.0,78088766.0,0.023046080661589658,15.113999999999999,14.993,14.7065,14.415833333333332,68.72246653651337,1837882.25,14.605333333333334,14.506,False,False,15.24,26904618.0,27027709.597500004
2025-03-24,15.05,16.05,14.44,14.61,7285270.0,116162331.0,78088766.0,0.09329472564593991,14.988,14.963,14.7085,14.388333333333332,53.53982267718693,2077540.0,14.556666666666668,14.5465,False,False,15.24,106437794.7,30534093.555
2025-03-25,14.53,14.87,14.09,14.35,4011520.0,60850859.0,78088766.0,0.051371281753895305,14.809999999999999,14.904,14.7075,14.351833333333333,47.59999973343999,2193045.25,14.510333333333334,14.610499999999998,True,False,15.24,57565312.0,32189892.477500003
2025-03-26,14.32,15.05,14.23,14.83,3603930.0,55974987.0,78088766.0,0.046151708941078666,14.768,14.903,14.7225,14.347166666666665,53.54609902494843,2292586.75,14.467500000000001,14.644,True,True,15.24,53446281.9,33690289.4225
2025-03-27,14.8,14.99,14.42,14.73,1836600.0,28364896.0,78088766.0,0.023519388179344517,14.693999999999999,14.907,14.735499999999998,14.343166666666665,53.73665453654337,2294882.0,14.443666666666667,14.6715,False,True,15.24,27053118.0,33747377.489999995
2025-03-28,14.73,14.83,14.31,14.33,1650470.0,25105793.0,78088766.0,0.021135818691257077,14.569999999999999,14.841999999999999,14.747499999999999,14.336666666666668,39.716311859564414,2283887.5,14.415833333333332,14.7065,True,False,15.24,23651235.1,33612270.625
2025-03-31,14.39,14.39,13.88,14.12,2027400.0,29911222.0,78088766.0,0.025962761404117976,14.472,14.729999999999999,14.748499999999998,14.324666666666667,36.33333316377779,2285208.5,14.388333333333332,14.7085,True,True,15.24,28626888.0,33632924.125
2025-04-01,14.15,14.69,14.15,14.42,2175450.0,33090886.0,78088766.0,0.027858680722397382,14.486,14.648000000000001,14.747,14.311833333333333,43.43749980996095,2309056.0,14.351833333333333,14.7075,True,True,15.24,31369989.0,33974257.325
2025-04-02,14.58,14.8,14.27,14.68,2118854.0,32539735.0,78088766.0,0.02713391577989592,14.456,14.611999999999998,14.757499999999999,14.3085,49.848942387345865,2326411.7,14.347166666666665,14.7225,True,True,15.24,31104776.72,34247642.271000005
2025-04-03,14.29,14.64,14.01,14.34,3050440.0,45784332.0,78088766.0,0.039063749579548994,14.378,14.535999999999998,14.742999999999999,14.306166666666666,40.47619030753968,2381910.7,14.343166666666665,14.735499999999998,True,True,15.24,43743309.6,35015361.26099999
2025-04-07,13.93,14.04,12.91,12.91,2171500.0,29783623.0,78088766.0,0.02780809726203126,14.094,14.331999999999999,14.6625,14.283333333333333,24.282560631356347,2424856.7,14.336666666666668,14.747499999999999,True,True,15.24,28034065.0,35464131.431
2025-04-08,12.39,12.84,11.86,12.18,4981350.0,63911384.0,78088766.0,0.06379086589740707,13.706,14.088999999999999,14.526000000000002,14.264166666666666,20.912547472856346,2511156.2,14.324666666666667,14.748499999999998,True,True,15.24,60672843.0,36070902.701
2025-04-09,12.04,12.62,11.21,12.42,4098140.0,51792431.0,78088766.0,0.05248053221893659,13.306000000000001,13.895999999999997,14.399999999999997,14.248166666666666,25.28301880113922,2622981.2,14.311833333333333,14.747,True,True,15.24,50898898.8,37225202.561000004
2025-04-10,12.97,13.24,12.82,13.02,3438780.0,47241398.0,78088766.0,0.044036808060201646,12.974,13.715,14.309000000000001,14.236500000000001,32.19178074474573,2725465.2,14.3085,14.757499999999999,True,True,15.24,44772915.6,38433136.140999995
2025-04-11,13.03,13.3,12.97,13.02,2165840.0,29915248.0,78088766.0,0.027735615645405384,12.709999999999999,13.544,14.2255,14.2265,33.0404217113241,2752864.2,14.306166666666666,14.742999999999999,True,True,15.24,28199236.8,38654779.811000004
2025-04-14,13.33,13.85,13.14,13.47,1908140.0,27188910.0,78088766.0,0.02443552507924123,12.822,13.457999999999998,14.15,14.224666666666668,40.17241369613557,2751212.2,14.283333333333333,14.6625,True,True,15.24,25702645.8,38485968.281
2025-04-15,13.71,13.76,13.42,13.62,1309600.0,18688345.0,78088766.0,0.01677065815075116,13.11,13.408000000000001,14.068999999999999,14.237,43.58523715110838,2721285.2,14.264166666666666,14.526000000000002,True,True,15.24,17836752.0,37923803.201
2025-04-16,13.61,13.75,13.1,13.33,2103340.0,29478400.0,78088766.0,0.026935244437080744,13.291999999999998,13.299000000000001,13.973500000000001,14.242166666666666,36.36363627107438,2760787.2,14.248166666666666,14.399999999999997,True,True,15.24,28037522.2,38324944.711
2025-04-17,13.29,13.79,13.18,13.65,1597080.0,22825680.0,78088766.0,0.020452109590257835,13.418000000000001,13.195999999999998,13.904,14.2415,40.5594404601692,2757761.2,14.236500000000001,14.309000000000001,True,True,15.1,21800142.0,38168436.611
2025-04-18,13.72,13.79,13.37,13.62,1240780.0,17681898.0,78088766.0,0.01588935340584073,13.538,13.124,13.829999999999998,14.240166666666665,43.36448586783125,2728706.2,14.2265,14.2255,True,True,15.1,16899423.599999998,37637888.391
2025-04-21,13.64,13.85,13.46,13.75,1546400.0,22314799.0,78088766.0,0.01980310458485155,13.594,13.208000000000002,13.77,14.238,46.489563443860746,2716044.2,14.224666666666668,14.15,True,True,14.95,21263000.0,37355807.491000004
2025-04-22,13.8,13.96,13.74,13.87,1049900.0,15239291.0,78088766.0,0.013444955705920619,13.644,13.377,13.732999999999999,14.241833333333334,44.597249386176514,2404275.7,14.237,14.068999999999999,True,True,14.83,14562113.0,32762023.406
2025-04-23,13.91,14.17,13.91,14.07,1142640.0,16853101.0,78088766.0,0.014632578519681052,13.792000000000002,13.541999999999998,13.719,14.239166666666668,43.93638158745342,2260831.7,14.242166666666666,13.973500000000001,False,True,14.83,16076944.8,30687605.045999996
2025-04-24,14.2,14.28,13.97,14.15,1316600.0,19537151.0,78088766.0,0.01686029972608352,13.892,13.655000000000001,13.685000000000002,14.245166666666668,48.008385603329685,2146465.2,14.2415,13.904,False,False,14.83,18629890.0,28946785.450999998
2025-04-25,14.15,14.45,13.98,14.24,1170100.0,17471129.0,78088766.0,0.014984229613770564,14.016,13.777000000000001,13.660499999999999,14.256499999999999,69.38775481882548,2113140.2,14.240166666666665,13.829999999999998,False,False,14.73,16662224.0,28427240.751
2025-04-28,14.18,14.34,13.72,14.19,2410073.0,35551557.0,78088766.0,0.03086324862656941,14.104,13.849,13.6535,14.264833333333334,86.54545410485949,2151120.35,14.238,13.77,False,False,14.68,34198935.87,28954625.789499998
2025-04-29,14.58,14.93,14.29,14.78,5050600.0,78136545.0,78088766.0,0.06467767719623076,14.286000000000001,13.965,13.6865,14.279833333333334,88.06451573132152,2302280.35,14.241833333333334,13.732999999999999,False,False,14.68,74647868.0,31255674.789499998
2025-04-30,15.04,15.77,14.94,15.49,6509480.0,105932129.0,78088766.0,0.08336000597064115,14.569999999999999,14.181000000000001,13.74,14.298333333333336,88.47351986335534,2518981.85,14.239166666666668,13.719,False,False,14.78,100831845.2,34728767.5995
2025-05-06,15.58,16.01,15.58,15.96,5467900.0,91084566.0,78088766.0,0.07002159567997271,14.931999999999999,14.412,13.803999999999998,14.3265,89.94565183172848,2686434.15,14.245166666666668,13.685000000000002,False,False,15.49,87267684.0,37536912.9635
2025-05-07,16.12,16.74,16.06,16.37,4694670.0,80957353.0,78088766.0,0.06011965920936694,15.358,14.687000000000001,13.9055,14.357166666666666,89.83516448964495,2768645.65,14.256499999999999,13.660499999999999,False,False,15.96,76851747.9,39192334.8785
2025-05-08,16.37,16.56,16.18,16.56,3407120.0,58904066.0,78088766.0,0.04363137202091271,15.831999999999999,14.968,14.088,14.392,89.94565183172847,2830426.65,14.264833333333334,13.6535,False,False,16.37,56421907.199999996,40611726.9885
2025-05-09,16.58,16.76,16.37,16.43,1993100.0,34539217.0,78088766.0,0.025523517684989415,16.162,15.223999999999998,14.3005,14.421833333333332,94.03409053509166,2681014.15,14.279833333333334,13.6865,False,False,16.56,32746633.0,39215416.4885
2025-05-12,16.58,16.91,16.5,16.77,3218020.0,56551991.0,78088766.0,0.041209768893005684,16.418,15.494,14.518,14.455,94.06779623814994,2637008.15,14.298333333333336,13.74,False,False,16.56,53966195.4,39368781.3185
2025-05-13,16.85,17.04,16.6,16.76,2459400.0,43419815.0,78088766.0,0.031494927196057884,16.578,15.754999999999999,14.704999999999998,14.491333333333332,94.60227235101375,2588039.15,14.3265,13.803999999999998,False,False,16.77,41219544.00000001,39191112.7385
2025-05-14,16.59,16.82,16.2,16.33,2823800.0,48637874.0,78088766.0,0.036161411489073855,16.57,15.964000000000002,14.870500000000002,14.523666666666665,83.76963320084425,2620937.15,14.357166666666666,13.9055,False,False,16.77,46112653.99999999,40086783.5985
2025-05-15,16.34,16.94,16.29,16.81,3133444.0,54824235.0,78088766.0,0.04012669376796145,16.619999999999997,16.226000000000003,15.0375,14.5645,85.16746382958264,2682202.35,14.392,14.088,False,False,16.77,52673193.63999999,41435310.9905
2025-05-16,16.81,16.91,16.67,16.84,1772800.0,31240758.0,78088766.0,0.022702369249886726,16.701999999999998,16.432,15.1985,14.604666666666667,84.5386530714361,2705362.35,14.421833333333332,14.3005,False,False,16.81,29853952.0,42036170.9905
2025-05-19,17.01,17.07,16.67,17.03,2049320.0,36343939.0,78088766.0,0.026243467594301594,16.754,16.586000000000002,15.383499999999998,14.655833333333332,84.9514560220096,2702661.35,14.455,14.518,False,False,16.84,34899919.6,42379290.8605
2025-05-20,17.03,17.44,16.87,17.4,2002680.0,36232293.0,78088766.0,0.025646198583801415,16.881999999999998,16.729999999999997,15.571000000000002,14.706333333333333,85.90909063574378,2722941.35,14.491333333333332,14.704999999999998,False,False,17.03,34846632.0,43031615.3605
2025-05-21,17.49,17.55,16.92,17.22,1522000.0,27434340.0,78088766.0,0.019490639665121615,17.06,16.814999999999998,15.751,14.750833333333333,83.4437083513881,2737002.35,14.523666666666665,14.870500000000002,False,False,17.4,26208840.0,43497086.18049999
2025-05-22,17.1,17.42,16.79,17.01,1897700.0,33984824.0,78088766.0,0.024301831072602684,17.1,16.86,15.914000000000001,14.796833333333334,76.86746962020618,2754567.35,14.5645,15.0375,False,False,17.4,32279877.000000004,44047930.0305
2025-05-23,16.93,17.17,16.66,16.8,1951380.0,34661987.0,78088766.0,0.02498925389600855,17.092,16.897,16.060499999999998,14.834,67.94520521884033,2799641.35,14.604666666666667,15.1985,False,False,17.4,32783184.0,44958983.5805
2025-05-26,16.8,17.0,16.55,16.8,1598500.0,28153770.0,78088766.0,0.02047029402411097,17.046,16.9,16.197,14.8745,63.207546891539124,2822434.35,14.655833333333332,15.383499999999998,False,False,17.4,26854800.0,45497876.340500005
2025-05-27,16.85,17.14,16.65,16.92,1894200.0,33563228.0,78088766.0,0.024257010284936504,16.95,16.916,16.3355,14.914333333333333,59.51557064594535,2851314.35,14.706333333333333,15.571000000000002,False,False,17.4,32049864.000000004,46168875.0405
2025-05-28,17.1,17.35,16.91,17.13,1379900.0,24363279.0,78088766.0,0.017670915685874714,16.932,16.996,16.48,14.958666666666666,59.793814145321875,2861804.35,14.750833333333333,15.751,False,False,17.4,23637687.0,46517648.190500006
2025-05-29,17.18,17.43,17.0,17.23,1558345.0,27761018.0,78088766.0,0.019956071530186557,16.976,17.038,16.632,15.011000000000001,63.888888578317925,2819217.95,14.796833333333334,15.914000000000001,False,False,17.4,26850284.35,46150215.6145
2025-05-30,17.33,17.55,17.06,17.19,1530090.0,27149176.0,78088766.0,0.019594239714327156,17.054000000000002,17.073,16.7525,15.0625,58.13953456823512,2643192.45,14.834,16.060499999999998,False,False,17.4,26302247.1,43732934.5695
2025-06-03,17.0,17.36,16.76,17.06,2071997.0,36623914.0,78088766.0,0.02653386788056044,17.106,17.076,16.831,15.106,55.55555526748965,2421318.3,14.8745,16.197,False,False,17.4,35348268.82,40458755.7505
2025-06-04,17.09,17.62,17.05,17.45,1860920.0,33305112.0,78088766.0,0.0238308286239278,17.212,17.081,16.9055,15.155666666666665,71.05263120498617,2240969.3,14.914333333333333,16.3355,False,False,17.4,32473054.0,37719024.2505
2025-06-05,17.49,17.72,17.35,17.43,1776770.0,32105654.0,78088766.0,0.022753208829039508,17.272000000000002,17.102,16.9585,15.202333333333334,64.09090868305788,2095074.3,14.958666666666666,16.48,False,False,17.45,30969101.099999998,35424891.910500005
2025-06-06,17.52,17.63,17.21,17.58,1164900.0,20949326.0,78088766.0,0.014917638729237955,17.342000000000002,17.159,17.0095,15.253333333333332,65.94827546410522,1982963.3,15.011000000000001,16.632,False,False,17.45,20478941.999999996,33627743.6505
2025-06-09,17.58,17.78,17.34,17.74,2143200.0,38984852.0,78088766.0,0.027445689178901868,17.452,17.253,17.075,15.3005,65.50218300566348,1990468.3,15.0625,16.7525,False,False,17.58,38020368.0,33891430.4005
2025-06-10,17.74,17.84,16.96,17.17,3017676.0,53928150.0,78088766.0,0.03864417578323622,17.474,17.29,17.095000000000002,15.337666666666667,45.38152584926055,1980451.1,15.106,16.831,False,False,17.74,51813496.92,33783795.4765
2025-06-11,17.24,17.44,17.22,17.3,1651800.0,29561316.0,78088766.0,0.021152850590570222,17.444,17.328,17.122,15.378666666666668,51.639343966003814,1940071.1,15.155666666666665,16.9055,False,False,17.74,28576140.0,33151625.276499998
2025-06-12,17.37,17.61,17.17,17.36,1889310.0,33891984.0,78088766.0,0.024194389241597183,17.43,17.351,17.173499999999997,15.423166666666667,57.64192104498386,1893346.6,15.202333333333334,16.9585,False,False,17.74,32798421.599999998,32485913.6565
2025-06-13,17.25,17.38,16.83,17.0,1952400.0,34262041.0,78088766.0,0.02500231595412841,17.314,17.328,17.183,15.456833333333332,54.09836034533728,1834294.4,15.253333333333332,17.0095,False,False,17.74,33190800.0,31511793.9745
2025-06-16,17.19,17.53,16.99,17.26,2163240.0,38573246.0,78088766.0,0.027702320203139078,17.218,17.335,17.204,15.490499999999999,58.518518215089195,1853816.4,15.3005,17.075,True,False,17.74,37337522.400000006,31885972.4945
2025-06-17,17.38,17.48,17.07,17.26,1372300.0,24421739.0,78088766.0,0.017573590546942436,17.236,17.355,17.2155,15.524166666666668,56.58914697974883,1819965.4,15.337666666666667,17.095000000000002,False,True,17.74,23685898.000000004,31325271.414499998
2025-06-18,17.21,17.26,16.89,17.04,1496623.0,26260035.0,78088766.0,0.019165663342663144,17.184,17.314,17.197499999999998,15.5575,48.26254800166963,1794662.55,15.378666666666668,17.122,False,False,17.74,25502455.919999998,30858062.610499997
2025-06-19,17.15,17.15,16.36,16.43,2292320.0,39382911.0,78088766.0,0.02935531085226779,16.998,17.214,17.158,15.579666666666666,37.09677402601455,1833178.55,15.423166666666667,17.173499999999997,True,False,17.74,37662817.6,31430761.490500003
2025-06-20,16.43,16.74,16.19,16.39,1626300.0,27608951.0,78088766.0,0.02082629913757377,16.875999999999998,17.095000000000002,17.127,15.603666666666667,37.09677402601455,1819608.55,15.456833333333332,17.183,True,True,17.74,26655057.0,31149520.490499996
2025-06-23,16.18,16.57,15.91,16.48,2657190.0,44799694.0,78088766.0,0.03402781393677037,16.72,16.969,17.111,15.634833333333335,40.52287563159471,1854899.05,15.490499999999999,17.204,True,True,17.74,43790491.2,31699885.8505
2025-06-24,16.56,17.15,16.45,17.13,2343310.0,41012208.0,78088766.0,0.030008285698867362,16.694,16.964999999999996,17.1275,15.681166666666666,45.180722701045134,1892139.55,15.524166666666668,17.2155,True,True,17.74,40140900.3,32364190.865499996
2025-06-25,17.27,17.52,17.12,17.24,2272196.0,40600169.0,78088766.0,0.02909760412912659,16.734,16.959,17.1435,15.721333333333336,47.2140760524935,1911039.35,15.5575,17.197499999999998,False,True,17.74,39172659.04,32720330.617499996
2025-06-26,17.22,17.44,17.17,17.33,1633400.0,29146047.0,78088766.0,0.02091722130683945,16.914,16.956,17.1535,15.764666666666667,46.26865652305636,1923714.35,15.579666666666666,17.158,False,False,17.74,28306821.999999996,32953787.367499996
2025-06-27,17.35,17.6,17.16,17.52,1955840.0,35162748.0,78088766.0,0.025046368385434597,17.14,17.008,17.168,15.817833333333333,46.74556193655686,1943589.1,15.603666666666667,17.127,False,False,17.74,34266316.8,33324588.990000002
2025-06-30,17.73,17.88,17.56,17.8,2292155.0,42041288.0,78088766.0,0.029353197872277813,17.404,17.062,17.1985,15.879166666666666,60.19417448455712,1981692.35,15.634833333333335,17.111,False,False,17.74,40800359.0,34049494.585
2025-07-01,17.8,18.11,17.73,18.03,2286980.0,42379617.0,78088766.0,0.029286927136228533,17.583999999999996,17.139000000000003,17.247,15.939333333333334,61.44200599994104,1992441.5,15.681166666666666,17.1275,False,False,17.8,41234249.400000006,34343793.614
2025-07-02,18.14,18.56,18.02,18.51,3089700.0,58517966.0,78088766.0,0.0395665107577702,17.838,17.285999999999998,17.3,16.003166666666665,65.92797758365882,2053880.5,15.721333333333336,17.1435,False,False,18.03,57190347.00000001,35579658.264
2025-07-03,18.51,18.78,18.31,18.45,2119132.0,40458208.0,78088766.0,0.027137475831030548,18.062,17.488000000000003,17.351,16.07166666666667,71.90332295871701,2070998.6,15.764666666666667,17.1535,False,False,18.51,39097985.4,35986102.478999995
2025-07-04,18.55,18.62,18.15,18.2,2051500.0,38722966.0,78088766.0,0.026271384542047957,18.198,17.669,17.381999999999998,16.15983333333333,64.24242396988058,2115328.6,15.817833333333333,17.168,False,False,18.51,37337300.0,36829020.37899999
2025-07-07,18.08,18.32,17.74,18.22,2859209.0,53245790.0,78088766.0,0.03661485699492293,18.282,17.843,17.406,16.2605,64.45783105349102,2151129.05,15.879166666666666,17.1985,False,False,18.51,52094787.98,37532741.378
2025-07-08,18.28,18.37,18.09,18.34,1970349.0,37104248.0,78088766.0,0.02523216975921991,18.344,17.964000000000002,17.464499999999997,16.359166666666667,70.18633509856872,2098762.7,15.939333333333334,17.247,False,False,18.51,36136200.66,36748876.565
2025-07-09,18.44,18.61,18.34,18.44,1995558.0,38026036.0,78088766.0,0.025554994683870406,18.330000000000002,18.084,17.5215,16.449499999999997,87.08487039882351,2115950.6,16.003166666666665,17.3,False,False,18.51,36798089.52,37159974.04099999
2025-07-10,18.47,18.7,18.28,18.66,2032659.0,38841240.0,78088766.0,0.026030107839071243,18.372,18.217,17.5865,16.5435,89.27335596891794,2123118.05,16.07166666666667,17.351,False,False,18.51,37929416.94,37416523.808
2025-07-11,18.66,18.75,18.14,18.36,2605386.0,49430216.0,78088766.0,0.03336441505555357,18.404,18.301000000000002,17.654500000000002,16.625,80.3225802824141,2155767.35,16.15983333333333,17.381999999999998,False,False,18.66,47834886.96,38148728.156
2025-07-14,18.36,18.94,18.28,18.87,3018510.0,58003076.0,78088766.0,0.03865485593664011,18.534000000000002,18.407999999999998,17.735000000000003,16.7125,79.39189151638965,2198530.85,16.2605,17.406,False,False,18.66,56959283.7,39129816.221
2025-07-15,19.22,19.27,17.92,18.11,6250403.0,118393683.0,78088766.0,0.08004228162601519,18.488,18.416,17.7775,16.792166666666667,62.04986125520828,2442436.0,16.359166666666667,17.464499999999997,False,False,18.87,113194798.33,43605261.2375
2025-07-16,18.13,18.55,18.13,18.49,3545420.0,67190016.0,78088766.0,0.04540243343069347,18.498,18.414,17.85,16.872833333333332,64.87179463892173,2544875.85,16.449499999999997,17.5215,False,False,18.87,65554815.8,45607879.2315
2025-07-17,18.5,18.62,18.22,18.26,2185873.0,41594496.0,78088766.0,0.027992157028067264,18.418,18.395,17.941499999999998,16.950166666666668,59.39086273312893,2539553.5,16.5435,17.5865,False,False,18.87,39914040.980000004,45720440.4005
2025-07-18,18.41,18.45,18.1,18.26,1890900.0,35561473.0,78088766.0,0.024214750685136965,18.398,18.401,18.035,17.025333333333332,56.28415279016991,2552783.5,16.625,17.654500000000002,False,False,18.87,34527834.0,46114079.2505
2025-07-21,18.41,18.84,18.32,18.8,2734424.0,52683071.0,78088766.0,0.03501686785523029,18.384000000000004,18.459,18.151,17.1075,59.69773278696013,2556645.2,16.7125,17.735000000000003,False,False,18.87,51407171.2,46494913.2505
2025-07-22,18.74,18.93,18.65,18.75,2127604.0,41230238.0,78088766.0,0.027245967749061368,18.512,18.5,18.232,17.185499999999998,53.389830297328324,2545859.9,16.792166666666667,17.7775,False,False,18.87,39892575.0,46482496.9855
2025-07-23,18.89,18.9,18.53,18.6,2011369.0,38686823.0,78088766.0,0.025757469390667538,18.534,18.516,18.3,17.259666666666664,52.066115501673416,2532818.55,16.872833333333332,17.85,False,False,18.87,37411463.400000006,46394437.2035
2025-07-24,18.62,18.84,18.61,18.74,1591900.0,30743970.0,78088766.0,0.020385774824511888,18.63,18.524,18.3705,17.334666666666667,57.670454316083415,2530743.55,16.950166666666668,17.941499999999998,False,False,18.87,29832205.999999996,46470706.403500006
2025-07-25,18.8,19.32,18.74,19.28,2912588.0,57366473.0,78088766.0,0.03729842523058951,18.834,18.616,18.4585,17.419499999999996,63.11881166245959,2578580.95,17.025333333333332,18.035,False,False,18.87,56154696.64,47565125.3955
2025-07-28,19.28,19.81,19.1,19.74,3704080.0,74368921.0,78088766.0,0.04743422376529807,19.022000000000002,18.703000000000003,18.555500000000002,17.502166666666664,65.98173494891682,2649177.2,17.1075,18.151,False,False,19.28,73118539.19999999,49181034.4055
2025-07-29,19.75,20.93,19.57,20.26,8532402.0,179760166.0,78088766.0,0.10926542237842508,19.324,18.918,18.666999999999998,17.581666666666663,68.95833313220487,2961448.3,17.185499999999998,18.232,False,False,19.74,172866464.52,55762645.1615
2025-07-30,20.26,20.49,19.57,20.04,5741908.0,117813294.0,78088766.0,0.07353052550478259,19.612000000000002,19.073,18.7435,17.64966666666667,64.37499981223957,3094058.7,17.259666666666664,18.3,False,False,20.26,115067836.32,58656519.6275
2025-07-31,19.93,20.26,19.68,19.82,4196251.0,86489087.0,78088766.0,0.05373693573285561,19.828,19.229,18.812,17.70716666666667,65.46610150073616,3197914.65,17.334666666666667,18.3705,False,False,20.26,83169694.82000001,60860105.0985
2025-08-01,19.82,20.93,19.73,20.76,6546690.0,137990952.0,78088766.0,0.08383651497322932,20.124000000000002,19.479000000000003,18.94,17.77716666666667,68.3495143773023,3422674.15,17.419499999999996,18.4585,False,False,20.26,135909284.4,65788704.3185
2025-08-04,20.47,21.24,20.06,20.79,5770822.0,123239336.0,78088766.0,0.07390079643466257,20.333999999999996,19.678,19.0685,17.849833333333333,80.31674182705109,3568254.8,17.502166666666664,18.555500000000002,False,False,20.76,119975389.38,69182734.3885
2025-08-05,20.8,21.29,20.6,21.08,4631236.0,99750539.0,78088766.0,0.0593073272537051,20.498,19.911,19.2055,17.921666666666667,79.90762098875138,3701299.15,17.581666666666663,18.666999999999998,False,False,20.79,97626454.88,72257247.0995
2025-08-06,21.33,21.61,21.09,21.1,3877916.0,85100895.0,78088766.0,0.04966035703522322,20.71,20.161,19.338500000000003,17.994000000000003,84.46601913045527,3795417.05,17.64966666666667,18.7435,False,False,21.08,81824027.60000001,74508544.00350001
2025-08-07,21.12,21.41,20.93,21.01,3209420.0,69915635.0,78088766.0,0.041099637814740214,20.948,20.387999999999998,19.456,18.072,82.66033226668773,3854255.1,17.70716666666667,18.812,False,False,21.1,67429914.2,75983568.86649999
2025-08-08,21.03,21.28,20.74,21.08,3135674.0,67888358.0,78088766.0,0.040155251012674475,21.012,20.568,19.592,18.143166666666666,80.48128312119304,3880769.5,17.77716666666667,18.94,False,False,21.1,66100007.919999994,76896824.9145
2025-08-11,21.12,21.35,20.98,21.18,2685575.0,58648023.0,78088766.0,0.034391310524743084,21.09,20.711999999999996,19.707500000000003,18.215500000000002,82.0580471902869,3864122.75,17.849833333333333,19.0685,False,False,21.1,56880478.5,76892884.6545
2025-08-12,21.31,21.43,21.06,21.22,2203400.0,48173376.0,78088766.0,0.02821660672676016,21.118000000000002,20.808,19.863,18.285333333333334,85.59782576131259,3661772.6,17.921666666666667,19.2055,False,False,21.18,46756148.0,73570952.138
2025-08-13,21.22,21.34,20.7,20.75,2808782.0,60559167.0,78088766.0,0.035969091892167945,21.048,20.878999999999998,19.976,18.341166666666666,75.06234387758784,3624940.7,17.994000000000003,19.338500000000003,False,False,21.22,58282226.5,73207322.67300001
2025-08-14,20.75,20.88,20.08,20.16,2738340.0,57668599.0,78088766.0,0.03506701591365908,20.877999999999997,20.913,20.071,18.390166666666666,60.83743821386104,3652564.05,18.072,19.456,False,False,21.22,55204934.4,73971867.34400001
2025-08-15,20.22,20.57,20.16,20.3,2535400.0,53260637.0,78088766.0,0.03246817858538064,20.722,20.866999999999997,20.173000000000002,18.445,57.48663080085221,3684789.05,18.143166666666666,19.592,False,False,21.22,51468620.0,74818906.64400001
2025-08-18,20.54,20.62,20.16,20.26,3021975.0,63457823.0,78088766.0,0.038699228516429623,20.538,20.814,20.246000000000002,18.502666666666666,49.999999785276074,3699166.6,18.215500000000002,19.707500000000003,False,False,21.22,61225213.50000001,75309808.759
2025-08-19,20.26,20.72,20.17,20.63,3002370.0,63705881.0,78088766.0,0.03844816807580235,20.42,20.769000000000002,20.34,18.5665,58.65102615216589,3742904.9,18.285333333333334,19.863,False,False,21.22,61938893.099999994,76412124.664
2025-08-20,20.63,20.79,20.46,20.78,1924820.0,41082729.0,78088766.0,0.02464912814731891,20.426000000000002,20.737000000000002,20.449,18.63083333333333,64.37125721521033,3738577.45,18.341166666666666,19.976,False,False,21.22,39997759.6,76541439.474
2025-08-21,20.76,21.06,20.64,20.84,2008910.0,43291285.0,78088766.0,0.025725979585847214,20.562,20.72,20.554,18.69266666666667,51.62601596635597,3759427.95,18.390166666666666,20.071,False,False,21.22,41865684.4,77143113.394
2025-08-22,20.72,21.14,20.45,20.69,3106427.0,66386148.0,78088766.0,0.03978071570499654,20.64,20.681,20.6245,18.750333333333334,48.06201524307437,3769119.9,18.445,20.173000000000002,False,False,21.22,64271974.63,77548977.2935
2025-08-25,20.69,21.49,20.54,20.92,4261520.0,92980386.0,78088766.0,0.05457276658719386,20.772,20.655,20.683500000000002,18.8125,46.8253965652558,3796991.9,18.502666666666666,20.246000000000002,False,False,21.22,89150998.4,78350600.2535
2025-08-26,20.93,21.66,20.75,21.39,3219920.0,70974643.0,78088766.0,0.04123410017773876,20.924,20.672000000000004,20.740000000000002,18.884666666666668,54.88215462345113,3531367.8,18.5665,20.34,False,False,21.22,68874088.8,73150981.4675
2025-08-27,21.34,21.68,20.42,20.46,3844206.0,83536957.0,78088766.0,0.04922866882030125,20.86,20.643,20.761,18.934833333333334,42.78215207376635,3436482.7,18.63083333333333,20.449,False,False,21.39,78652454.76,71330212.3895
2025-08-28,20.4,21.02,19.29,20.11,5078336.0,105307220.0,78088766.0,0.06503286272957623,20.714000000000002,20.637999999999998,20.7755,18.979499999999998,38.14180916039479,3480586.95,18.69266666666667,20.554,True,False,21.39,102125336.96,72277994.49649999
2025-08-29,20.16,20.71,19.93,20.3,4313757.0,90278663.0,78088766.0,0.05524171044014193,20.636000000000003,20.637999999999998,20.7525,19.024833333333333,39.47368407831781,3368940.3,18.750333333333334,20.6245,True,True,21.39,87569267.10000001,69860993.6315
2025-09-01,20.24,21.08,19.59,20.41,6271497.0,133206237.0,78088766.0,0.0803124101103096,20.534,20.653000000000002,20.7335,19.069333333333336,40.47058810197925,3393974.05,18.8125,20.683500000000002,True,True,21.39,128001253.77,70262286.851
2025-09-02,20.42,20.49,19.44,20.14,4604420.0,94303269.0,78088766.0,0.058963923184546164,20.284,20.604,20.686500000000002,19.11883333333333,42.46913565566224,3392633.25,18.884666666666668,20.740000000000002,True,True,21.39,92733018.8,70017615.047
2025-09-03,20.21,20.25,19.44,19.51,2323600.0,47420355.0,78088766.0,0.029755880634610106,20.094,20.476999999999997,20.607,19.155666666666665,42.05378958710196,3314917.45,18.934833333333334,20.761,True,True,21.39,45333436.0,68193085.467
2025-09-04,19.63,20.04,19.3,19.63,3182104.0,64828369.0,78088766.0,0.04074983077591468,19.998,20.356,20.538,19.193500000000004,41.769041625364444,3313551.65,18.979499999999998,20.7755,True,True,21.39,62464701.519999996,67944824.83299999
2025-09-05,19.94,19.94,19.35,19.91,2338772.0,47646719.0,78088766.0,0.029950172346173327,19.919999999999998,20.278,20.4795,19.242000000000004,45.9396750247899,3273706.55,19.024833333333333,20.7525,True,True,21.39,46564950.52,66968071.963
2025-09-08,19.93,20.58,19.66,20.46,3107577.0,65021862.0,78088766.0,0.039795442535229715,19.93,20.232,20.4435,19.295333333333335,48.1069040816266,3294806.65,19.069333333333336,20.7335,True,True,21.39,63581025.42,67303099.309
2025-09-09,20.65,20.71,20.33,20.43,2333051.0,49349925.0,78088766.0,0.029876909567248124,19.988,20.136,20.404000000000003,19.348166666666668,45.99542319360732,3301289.2,19.11883333333333,20.686500000000002,False,True,21.39,47664231.93,67348503.5055
2025-09-10,20.41,20.63,20.22,20.43,1382255.0,29101033.0,78088766.0,0.017701073673004386,20.172000000000004,20.133000000000003,20.388,19.404666666666667,45.243619342596126,3229962.85,19.155666666666665,20.607,False,False,21.39,28239469.65,65846365.663
2025-09-11,20.16,20.47,19.86,20.42,2215174.0,46068645.0,78088766.0,0.028367383856469187,20.330000000000002,20.163999999999998,20.401,19.471166666666665,46.76258977106085,3203804.55,19.193500000000004,20.538,False,False,21.39,45233853.080000006,65347811.597
2025-09-12,20.42,20.58,19.91,19.92,2063600.0,42853956.0,78088766.0,0.026426336407979607,20.332,20.125999999999998,20.381999999999998,19.529999999999998,38.73873861658956,3180214.55,19.242000000000004,20.4795,False,False,21.39,41106912.0,64829726.197000004
2025-09-15,19.96,20.12,19.59,19.68,2664490.0,54428336.0,78088766.0,0.03412129729390268,20.176,20.053,20.353,19.583333333333332,29.691211302689553,3162340.3,19.295333333333335,20.4435,True,False,21.39,52437163.199999996,64390323.682
2025-09-16,19.77,20.18,19.6,20.1,2637820.0,54376247.0,78088766.0,0.033779762891886396,20.110000000000003,20.049,20.326500000000003,19.632833333333334,45.135134964353554,3144112.8,19.348166666666668,20.404000000000003,True,True,21.39,53020182.00000001,63944388.127
2025-09-17,20.02,20.23,19.81,19.91,1906340.0,39221607.0,78088766.0,0.024412474388441484,20.006,20.089000000000002,20.282999999999998,19.677333333333333,47.17514105636951,3143188.8,19.404666666666667,20.388,True,True,21.39,37955229.4,63842261.617
2025-09-18,19.88,20.32,19.66,19.96,3744861.0,76953937.0,78088766.0,0.047956462777245065,19.914,20.122,20.239,19.721166666666665,44.99999981470588,3229986.35,19.471166666666665,20.401,True,True,21.39,74747425.56,65486348.675
2025-09-19,19.96,20.89,19.68,20.64,4895347.0,102832195.0,78088766.0,0.06268951669693436,20.058,20.195,20.2365,19.773166666666665,52.89672525426848,3319432.35,19.529999999999998,20.381999999999998,True,True,21.39,101039962.08,67324748.0475
2025-09-22,20.66,20.75,19.25,19.86,6377187.0,130089369.0,78088766.0,0.08166586983843489,20.094,20.135,20.183500000000002,19.8075,46.87499985351562,3425215.7,19.583333333333332,20.353,False,True,21.39,126650933.82,69199744.81850001
2025-09-23,19.78,20.01,18.51,19.34,4921426.0,96969154.0,78088766.0,0.06302348278880474,19.942,20.026000000000003,20.081,19.829333333333334,48.05491975451511,3510291.0,19.632833333333334,20.326500000000003,True,False,21.39,95180378.84,70515059.3205
2025-09-24,19.25,20.17,19.06,20.07,3656820.0,73125112.0,78088766.0,0.046829015072411315,19.974,19.990000000000002,20.061500000000002,19.85533333333333,54.41767052974953,3500921.7,19.677333333333333,20.282999999999998,True,True,20.64,73392377.4,70252055.4525
2025-09-25,20.04,20.29,19.51,19.53,2439640.0,49130097.0,78088766.0,0.03124188183483396,19.887999999999998,19.901000000000003,20.032500000000002,19.873333333333335,46.37404567762661,3368986.9,19.721166666666665,20.239,False,True,20.64,47646169.2,67528097.0645
2025-09-26,19.53,20.08,19.19,19.98,2798000.0,56218844.0,78088766.0,0.035831018254277446,19.756,19.907,20.0165,19.903,45.330739176141954,3293199.05,19.773166666666665,20.2365,True,False,20.64,55904040.0,65944835.7095
2025-09-29,19.98,20.56,19.48,20.33,2902499.0,59582431.0,78088766.0,0.03716922610865691,19.85,19.972,20.0125,19.938166666666667,49.084248958392024,3124749.15,19.8075,20.183500000000002,True,True,20.64,59007804.669999994,62495163.254499994
2025-09-30,20.44,20.59,20.15,20.3,3115400.0,64557198.0,78088766.0,0.03989562339863329,20.042,19.992,20.0205,19.970833333333335,48.81602901941269,3050298.15,19.829333333333334,20.081,False,True,20.64,63242620.0,61020643.3145
2025-10-09,20.28,20.54,19.97,20.03,2779600.0,57003452.0,78088766.0,0.03559538897054667,20.034000000000002,20.004,20.0465,19.997333333333334,46.60869553869187,3073098.15,19.85533333333333,20.061500000000002,False,False,20.64,55675388.0,61537740.9145
2025-10-10,19.96,21.33,19.84,20.8,5222780.0,110851437.0,78088766.0,0.06688260383062014,20.288000000000004,20.088,20.105,20.033,57.308969966391096,3175131.95,19.873333333333335,20.032500000000002,True,False,20.64,108633824.0,63846197.038499996
2025-10-13,19.7,20.65,19.24,20.45,3511200.0,71879249.0,78088766.0,0.04496421418671157,20.381999999999998,20.069,20.131999999999998,20.067833333333333,56.280587147156886,3233753.35,19.903,20.0165,False,True,20.8,71804040.0,65108151.5125
2025-10-14,20.66,20.8,20.13,20.26,2193605.0,45481122.0,78088766.0,0.02809117255099152,20.368000000000002,20.109,20.122,20.091,51.3559320815283,3188054.75,19.938166666666667,20.0125,False,False,20.8,44442437.300000004,64151222.10649999
2025-10-15,20.27,20.88,20.27,20.66,2471000.0,51823652.0,78088766.0,0.03164347609232293,20.439999999999998,20.241,20.1335,20.1335,56.13747941310562,3194952.2,19.970833333333335,20.0205,False,False,20.8,51050860.0,64320553.50999999
2025-10-16,20.66,20.75,20.12,20.22,2036870.0,42316941.0,78088766.0,0.026084033649603326,20.477999999999998,20.256,20.122999999999998,20.162333333333333,51.999999887999984,3227682.95,19.997333333333334,20.0465,False,False,20.8,41185511.4,64967855.597500004
2025-10-17,20.25,20.65,20.05,20.15,1831340.0,37794139.0,78088766.0,0.023452028938451917,20.348,20.318,20.1095,20.19383333333333,45.84040736133008,3208491.25,20.033,20.105,False,False,20.8,36901501.0,64551237.993499994
2025-10-20,20.42,20.64,20.17,20.57,1821540.0,37955379.0,78088766.0,0.02332653073298661,20.371999999999996,20.377000000000002,20.142000000000003,20.232333333333333,56.419529694417115,3196388.25,20.067833333333333,20.131999999999998,False,False,20.8,37469077.8,64369346.28349999
2025-10-21,20.64,20.9,20.47,20.88,2388232.0,50325818.0,78088766.0,0.030583554105593113,20.496000000000002,20.432,20.202,20.267,64.47368404085873,3182575.35,20.091,20.122,False,False,20.8,49866284.16,64240802.33150001
2025-10-22,20.87,22.24,20.72,21.98,4950562.0,109010804.0,78088766.0,0.06339659663721668,20.759999999999998,20.6,20.296,20.320833333333333,66.78383111863383,3298212.45,20.1335,20.1335,False,False,20.88,108813352.76,67030460.869500004
2025-10-23,21.98,23.47,21.49,22.99,7864768.0,181643455.0,78088766.0,0.10071574187764729,21.314,20.896,20.45,20.394000000000002,78.08441540695101,3596133.85,20.162333333333333,20.122999999999998,False,False,21.98,180811016.32,74173250.2155
2025-10-24,22.79,22.81,22.13,22.46,6178276.0,140616414.0,78088766.0,0.07911862763972989,21.776,21.062,20.575,20.456000000000003,69.87179471503126,3717804.6,20.19383333333333,20.1095,False,False,22.99,138764078.96,77374082.8855
2025-10-27,22.36,23.47,22.04,22.84,6209025.0,143678450.0,78088766.0,0.07951239746828628,22.23,21.301000000000002,20.685,20.515333333333334,70.01594880698197,3783488.5,20.232333333333333,20.142000000000003,False,False,22.99,141814131.0,79412791.3315
2025-10-28,22.84,22.97,22.24,22.4,4074400.0,92801478.0,78088766.0,0.05217651921916656,22.534,21.514999999999997,20.812,20.55966666666667,65.71856273651798,3668349.15,20.267,20.202,False,False,22.99,91266560.0,77643572.6405
2025-10-29,22.2,23.12,21.86,22.53,4282363.0,97692185.0,78088766.0,0.054839680780715626,22.644,21.701999999999998,20.9715,20.597500000000004,69.11314969914616,3636396.0,20.320833333333333,20.296,False,False,22.99,96481638.39,77708635.618
2025-10-30,22.53,22.62,21.3,21.56,5483980.0,121790058.0,78088766.0,0.07022751518445047,22.357999999999997,21.836,21.046,20.622833333333332,55.637982080277176,3727754.0,20.394000000000002,20.45,False,False,22.99,118234608.8,79950747.188
2025-10-31,21.84,22.23,21.53,22.07,3488140.0,77891812.0,78088766.0,0.04466890922568811,22.28,22.028,21.173,20.66033333333333,61.739130309514806,3780179.0,20.456000000000003,20.575,False,False,22.99,76983249.8,81417601.218
2025-11-03,22.47,22.65,21.94,22.57,3856979.0,87657579.0,78088766.0,0.049392239083404135,22.226,22.228,21.302500000000002,20.6905,66.0194173475351,3833127.95,20.515333333333334,20.685,False,False,22.99,87052016.03,82975000.01949999
2025-11-04,23.58,24.84,23.25,23.41,16205179.0,396792725.0,78088766.0,0.2075225391575531,22.427999999999997,22.481,21.4565,20.734166666666667,67.97385608475372,4498261.95,20.55966666666667,20.812,False,False,22.99,379363240.39,98992771.8055
2025-11-05,23.13,24.22,22.81,23.55,10702723.0,255716381.0,78088766.0,0.13705842143798252,22.631999999999998,22.637999999999998,21.619000000000003,20.775333333333336,72.65306108610301,4877628.1,20.597500000000004,20.9715,False,False,23.41,252049126.65,108433097.13800001
2025-11-06,23.22,24.05,22.87,23.52,6381120.0,152093692.0,78088766.0,0.08171623559783234,23.024,22.691,21.7935,20.81566666666667,73.0506154551698,5057704.1,20.622833333333332,21.046,False,False,23.55,150083942.4,113153524.858
2025-11-07,23.51,23.87,23.31,23.36,4221568.0,100939373.0,78088766.0,0.05406114369895409,23.282,22.781,21.9215,20.854833333333332,69.7872339039686,5007643.5,20.66033333333333,21.173,False,False,23.55,98615828.48,112652625.08199999
2025-11-10,23.21,23.41,22.84,22.94,4167740.0,97827319.0,78088766.0,0.05337182559652691,23.356,22.791,22.046,20.885833333333334,64.38547473444181,5040470.5,20.6905,21.302500000000002,False,False,23.55,95607955.60000001,113842820.86200002
2025-11-11,22.94,23.21,22.62,22.98,3209514.0,74788418.0,78088766.0,0.04110084157303753,23.270000000000003,22.848999999999997,22.182,20.915833333333335,58.19672117790916,5091265.95,20.734166666666667,21.4565,False,False,23.55,73754631.72,115308430.58299999
2025-11-12,23.01,23.16,22.54,22.62,3018620.0,69787393.0,78088766.0,0.03865626458996676,23.084,22.857999999999997,22.279999999999998,20.939166666666665,46.60550446743543,5118646.95,20.775333333333336,21.619000000000003,False,False,23.55,68281184.4,116169946.803
2025-11-13,22.63,24.19,22.63,24.05,6572279.0,157290342.0,78088766.0,0.08416420615482642,23.19,23.107000000000003,22.4715,20.994166666666665,62.5196849015314,5345417.4,20.81566666666667,21.7935,False,False,23.55,158063309.95000002,122013836.73049998
2025-11-14,23.97,25.9,23.66,25.38,9901912.0,251643218.0,78088766.0,0.1268032843546279,23.594,23.438,22.732999999999997,21.081166666666668,67.39726014471756,5748946.0,20.854833333333332,21.9215,False,False,24.05,251310526.56,132734288.00850001
2025-11-17,25.63,25.79,24.62,25.13,5542535.0,141748277.0,78088766.0,0.07097736696210566,24.032,23.694,22.961,21.161666666666665,69.19831210003144,5934995.75,20.885833333333334,22.046,False,False,25.38,139283904.54999998,137825029.34600002
2025-11-18,25.02,25.03,23.61,23.92,3982219.0,97944722.0,78088766.0,0.05099605492549338,24.22,23.744999999999997,23.113,21.222666666666665,58.4859583859825,6014695.1,20.915833333333335,22.182,False,False,25.38,95254678.48,140094449.062
2025-11-19,23.9,24.47,23.51,23.67,3629100.0,88124395.0,78088766.0,0.04647403443409517,24.43,23.756999999999998,23.197499999999998,21.273333333333333,64.12315918370496,5948622.0,20.939166666666665,22.279999999999998,False,False,25.38,85900797.0,138948821.274
2025-11-20,23.86,23.9,22.73,23.05,2912580.0,68549758.0,78088766.0,0.03729832278307484,24.23,23.71,23.2005,21.31116666666667,56.46437984294179,5701012.6,20.994166666666665,22.4715,False,False,25.38,67134969.0,133265018.90799999
2025-11-21,22.78,23.12,21.25,21.44,4380740.0,97408669.0,78088766.0,0.05609949067449728,23.442,23.518,23.1495,21.321166666666667,43.49827380794294,5611135.8,21.081166666666668,22.732999999999997,True,False,25.38,93923065.60000001,131022968.23999998
2025-11-24,21.5,22.76,21.5,22.45,4638900.0,104382895.0,78088766.0,0.0594054719727547,22.906000000000002,23.469,23.130000000000003,21.350500000000004,44.58239270607748,5532629.55,21.161666666666665,22.961,True,True,25.38,104143305.0,129139426.93999998
2025-11-25,22.7,23.06,22.23,22.63,3185856.0,73616043.0,78088766.0,0.04079787866029282,22.648000000000003,23.434,23.1415,21.379,44.83146060363588,5488202.35,21.222666666666665,23.113,True,True,25.38,72095921.28,128180895.004
2025-11-26,22.65,23.26,22.05,22.61,3430218.0,78562042.0,78088766.0,0.04392716360763083,22.436,23.433,23.145500000000002,21.399333333333335,44.88188969309938,5445595.1,21.273333333333333,23.197499999999998,True,True,25.38,77557228.98,127234674.5335
2025-11-27,22.5,22.94,22.35,22.62,2002500.0,46120519.0,78088766.0,0.02564389351472144,22.35,23.29,23.198500000000003,21.435333333333336,45.7665903157057,5271521.1,21.31116666666667,23.2005,True,True,25.38,45296550.0,123587771.59350002
2025-11-28,22.55,22.93,22.07,22.93,2586980.0,59431168.0,78088766.0,0.0331287089361868,22.648,23.044999999999998,23.2415,21.482333333333333,49.94206249140336,5226463.1,21.321166666666667,23.1495,True,True,25.38,59319451.4,122704581.67350002
2025-12-01,23.08,23.12,22.35,22.48,3760500.0,86514389.0,78088766.0,0.04815673486247689,22.654,22.78,23.237000000000002,21.518666666666668,47.234513201185486,5221639.15,21.350500000000004,23.130000000000003,True,True,25.38,84536040.0,122578782.87200001
2025-12-02,22.43,24.73,22.35,24.73,7191367.0,175200006.0,78088766.0,0.09209220952473497,23.074,22.860999999999997,23.303,21.590666666666667,59.652332951954925,4770948.55,21.379,23.1415,True,True,25.38,177842505.91,112502746.148
2025-12-03,24.52,25.55,23.62,23.9,12728055.0,313444777.0,78088766.0,0.16299470015955944,23.332,22.884,23.3205,21.653333333333332,49.273959274943316,4872215.15,21.399333333333335,23.145500000000002,False,True,25.38,304200514.5,115110315.5405
2025-12-04,24.01,24.11,22.62,22.72,6602985.0,155560332.0,78088766.0,0.08455742532799149,23.351999999999997,22.851,23.2805,21.706833333333336,36.93516694331115,4883308.4,21.435333333333336,23.198500000000003,False,False,25.38,150019819.2,115107109.3805
2025-12-05,22.75,23.25,22.38,22.76,5364446.0,124394889.0,78088766.0,0.06869677003219643,23.318,22.982999999999997,23.2505,21.759,38.114342975566636,4940452.3,21.482333333333333,23.2415,True,False,25.38,122094790.96000001,116281057.5045
2025-12-08,23.13,23.38,22.51,22.77,4700366.0,109323067.0,78088766.0,0.06019260183980881,23.375999999999998,23.015,23.241999999999997,21.806666666666665,43.443557513317,4967083.6,21.518666666666668,23.237000000000002,True,True,25.38,107027333.82,116852026.4155
2025-12-09,22.7,23.73,22.51,22.87,5723355.0,134278645.0,78088766.0,0.07329293691233384,23.003999999999998,23.039,23.2365,21.846833333333336,45.35962869663169,5092775.65,21.590666666666667,23.303,True,True,25.38,130893128.85000001,119708951.272
2025-12-10,22.88,23.21,22.0,22.07,4089525.0,93040849.0,78088766.0,0.05237020905158112,22.637999999999998,22.985,23.209,21.874166666666667,44.4318181111312,5146320.9,21.653333333333332,23.3205,True,True,25.38,90255816.75,120807682.88950002
2025-12-11,22.14,22.19,21.34,21.36,3761460.0,82838325.0,78088766.0,0.04816902856423676,22.366000000000003,22.858999999999998,23.0745,21.889666666666663,49.493670798365635,5005779.95,21.706833333333336,23.2805,True,True,25.38,80344785.6,116921756.672
2025-12-12,21.35,21.64,20.84,20.89,3822860.0,82342327.0,78088766.0,0.04895531323929488,21.992,22.655,22.85,21.8975,39.40217383809371,4701827.35,21.759,23.2505,True,True,25.38,79859545.4,108349207.61400001
2025-12-15,20.9,21.42,20.68,21.12,2881200.0,61769522.0,78088766.0,0.036896472406799205,21.662,22.519,22.6495,21.9175,39.811066051639024,4568760.6,21.806666666666665,23.241999999999997,True,True,25.13,60850944.0,104427559.5865
2025-12-16,21.02,21.19,20.72,20.78,2389025.0,50840923.0,78088766.0,0.03059370921548434,21.244,22.124000000000002,22.4925,21.935833333333335,38.16300122454309,4489100.9,21.846833333333336,23.2365,True,True,24.73,49643939.5,102147022.6375
2025-12-17,20.72,21.02,20.41,20.94,2226760.0,46833112.0,78088766.0,0.028515753469583575,21.018,21.828,22.356,21.949833333333334,39.340101452949064,4418983.9,21.874166666666667,23.209,True,True,24.73,46628354.400000006,100183400.50750001
2025-12-18,20.87,21.23,20.66,20.96,2829592.0,60518922.0,78088766.0,0.03623558348969172,20.938,21.652,22.2515,21.967333333333332,37.02239782367412,4414834.5,21.889666666666663,23.0745,True,True,24.73,59308248.32,99792064.4735
2025-12-19,21.1,21.77,20.86,21.7,2916800.0,63344291.0,78088766.0,0.03735236384706092,21.1,21.546,22.264499999999998,21.996333333333332,45.050761341280364,4341637.5,21.8975,22.85,True,True,24.73,63294560.0,98260639.1935
2025-12-22,21.71,22.09,21.45,21.56,2938300.0,64827813.0,78088766.0,0.0376276915427246,21.188,21.425,22.22,22.011666666666667,22.530329234761766,4256607.5,21.9175,22.6495,True,True,24.73,63349747.99999999,96220961.34349999
2025-12-23,21.64,22.01,21.46,21.86,3224000.0,71402572.0,78088766.0,0.041286348410218186,21.404000000000003,21.324,22.1815,22.045,30.534351063457862,4258514.7,21.935833333333335,22.4925,True,True,24.73,70476640.0,96139997.2795
2025-12-24,21.93,21.93,21.62,21.8,1762200.0,38986900.0,78088766.0,0.022566626292954865,21.576,21.297,22.141,22.086000000000002,38.83495132434727,4175113.8,21.949833333333334,22.356,True,True,24.73,38415960.0,94182933.83049999
2025-12-25,21.86,22.05,21.64,22.03,2280420.0,50631561.0,78088766.0,0.029202920174202777,21.79,21.364,22.1115,22.11866666666667,41.531322370895936,4189009.8,21.967333333333332,22.2515,True,True,24.73,50237652.6,94429988.96049999
2025-12-26,22.09,22.13,21.47,21.55,2598000.0,57240648.0,78088766.0,0.0332698303876386,21.759999999999998,21.43,22.0425,22.15233333333333,37.23849361478267,4189560.8,21.996333333333332,22.264499999999998,True,True,24.73,55986900.0,94263361.3905
2025-12-29,21.47,21.54,21.01,21.39,2430300.0,52476838.0,78088766.0,0.031122274361461928,21.726000000000003,21.457,21.988,22.175833333333337,34.71074370124991,4123050.8,22.011666666666667,22.22,True,True,24.73,51984117.0,92635765.2405
2025-12-30,21.42,21.72,21.17,21.35,2303500.0,50159263.0,78088766.0,0.0294984812540129,21.624000000000002,21.514,21.819,22.192833333333333,41.17647044694349,3878657.45,22.045,22.1815,True,True,24.73,49179725.0,86202626.195
2025-12-31,21.27,21.72,21.11,21.68,2806700.0,61317483.0,76845105.0,0.03652412212853376,21.6,21.588,21.708000000000002,22.215833333333332,54.32432411877284,3382589.7,22.086000000000002,22.141,True,True,23.9,60849256.0,74035063.27
2026-01-05,21.61,21.73,21.23,21.31,3686658.0,80567710.0,76845105.0,0.047975183324949586,21.456,21.622999999999998,21.6375,22.237166666666667,55.83333311620369,3236773.35,22.11866666666667,22.1115,True,True,22.87,78562681.97999999,70462206.409
2026-01-06,21.31,21.52,21.05,21.17,3957300.0,85412663.0,76845105.0,0.051497099262210654,21.380000000000003,21.57,21.558,22.243333333333336,50.71225050997965,3166416.05,22.15233333333333,22.0425,True,True,22.87,83776041.0,68546268.911
2026-01-07,21.2,21.42,20.96,21.02,3237500.0,69746260.0,76845105.0,0.04213020464999039,21.306,21.516,21.4705,22.252833333333335,53.61445760524022,3093272.75,22.175833333333337,21.988,True,True,22.87,68052250.0,66597514.71999999
2026-01-08,20.99,21.59,20.98,21.53,3837040.0,83209613.0,76845105.0,0.04993213295759047,21.342000000000002,21.483,21.4035,22.274,58.038146917565655,2998957.0,22.192833333333333,21.819,True,True,22.87,82611471.2,64183431.8375
2026-01-09,21.52,21.81,21.34,21.76,3509338.0,77030953.0,76845105.0,0.045667684363239536,21.358,21.479000000000003,21.388,22.292333333333332,60.30927813290467,2969947.65,22.215833333333332,21.708000000000002,False,True,22.07,76363194.88000001,63488800.744
2026-01-12,21.95,22.0,21.44,21.79,4230726.0,93418418.0,76845105.0,0.05505524392217305,21.454,21.455000000000002,21.4095,22.318499999999997,51.41955813253192,2993410.95,22.237166666666667,21.6375,False,False,22.03,92187519.53999999,64080937.44100001
2026-01-13,21.94,22.37,21.8,21.87,3697116.0,83009257.0,76845105.0,0.04811127527251085,21.594,21.487000000000002,21.4585,22.34716666666667,54.98392258206598,2987123.75,22.243333333333336,21.558,False,False,22.03,80855926.92,64130756.517
2026-01-14,21.85,22.01,21.52,21.73,3760980.0,83331971.0,76845105.0,0.048942349678616485,21.736,21.521,21.489,22.3665,47.796609942660176,3031112.75,22.252833333333335,21.4705,False,False,22.03,81726095.4,65174514.087
2026-01-15,21.71,22.05,21.55,21.94,2356340.0,52459017.0,76845105.0,0.03066350159844274,21.818,21.580000000000002,21.547,22.384166666666665,52.25806428012488,3029478.5,22.274,21.4035,False,False,22.03,51698099.6,65277222.09199999
2026-01-16,22.03,22.03,21.67,21.82,2471140.0,54930287.0,76845105.0,0.032157415882247804,21.830000000000002,21.594,21.591,22.381500000000003,46.48829409671031,3041697.5,22.292333333333332,21.388,False,False,22.03,53920274.8,65641818.112
2026-01-19,21.77,22.25,21.65,22.24,2954400.0,66469483.0,76845105.0,0.0384461703839171,21.92,21.687,21.655,22.369000000000003,61.7747437321343,3047937.9,22.318499999999997,21.4095,False,False,22.03,65705855.99999999,65961698.49600001
2026-01-20,22.31,22.88,22.26,22.66,3489336.0,80234862.0,76845105.0,0.045407394524348686,22.078,21.836,21.703,22.372333333333334,69.90595580605535,3076564.7,22.34716666666667,21.4585,False,False,22.24,79068353.76,66750388.184
2026-01-21,22.53,23.07,22.34,22.86,2717765.0,62849242.0,76845105.0,0.03536679402025672,22.304,22.020000000000003,21.768,22.372666666666667,72.53731312969477,3065537.95,22.3665,21.489,False,False,22.66,62128107.9,66689306.179
2026-01-22,23.03,23.42,22.74,23.17,2986180.0,70132575.0,76845105.0,0.038859729581994844,22.55,22.184,21.8335,22.385499999999997,72.37237206810414,3053646.95,22.384166666666665,21.547,False,False,22.86,69189790.60000001,66624963.70900001
2026-01-23,23.17,23.47,23.02,23.4,2419820.0,57128690.0,76845105.0,0.03148957893934819,22.866000000000003,22.348,21.9135,22.4,82.75862032645118,3086527.95,22.381500000000003,21.591,False,False,23.17,56623788.0,67535355.109
2026-01-26,23.17,23.53,22.72,22.96,3968620.0,93019476.0,76845105.0,0.05164440858009108,23.009999999999998,22.465,21.96,22.423333333333336,75.64469883695534,3170937.95,22.369000000000003,21.655,False,False,23.4,91119515.2,69579448.23900001
2026-01-27,22.93,23.02,22.15,22.83,3736600.0,86054162.0,76845105.0,0.04862508809116729,23.044,22.561,22.024,22.436,76.08069133569747,3227867.95,22.372333333333334,21.703,False,False,23.4,85306578.0,71045432.13900001
2026-01-28,22.94,23.19,22.37,22.41,3126600.0,72171927.0,76845105.0,0.0406870418096247,22.954,22.628999999999998,22.075,22.433333333333334,63.01775121826966,3262682.95,22.372666666666667,21.768,False,False,23.4,70067106.0,71949581.58900002
2026-01-29,22.34,23.02,22.17,22.56,3171240.0,73230407.0,76845105.0,0.04126795063914611,22.832,22.691,22.1355,22.41916666666667,62.12121185766755,3306069.95,22.385499999999997,21.8335,False,False,23.4,71543174.39999999,73067754.059
2026-01-30,22.37,23.14,22.34,23.1,3147844.0,73079335.0,76845105.0,0.04096349403127239,22.772,22.819,22.2065,22.411666666666665,67.19160080297051,3323127.15,22.4,21.9135,False,False,23.4,72715196.4,73661051.07900001
2026-02-02,23.19,25.38,23.12,23.76,8781395.0,217147006.0,76845105.0,0.11427396709263395,22.932,22.971,22.329,22.415666666666663,71.52619567167045,3577864.0,22.423333333333336,21.96,False,False,23.4,208645945.20000002,80165214.24000001
2026-02-03,24.41,24.41,23.19,23.97,6694752.0,162585881.0,76845105.0,0.0871200839663112,23.16,23.102,22.469,22.425833333333333,75.11210738754048,3714736.6,22.436,22.024,False,False,23.76,160473205.44,84000072.462
2026-02-04,23.95,24.94,23.61,24.5,5063021.0,125640340.0,76845105.0,0.06588605741380664,23.578,23.266,22.643,22.451833333333333,76.77824245295075,3806012.65,22.433333333333334,22.075,False,False,23.97,124044014.5,86799660.687
2026-02-05,24.65,24.97,24.39,24.69,4075448.0,102121154.0,76845105.0,0.05303458170822982,24.004,23.418,22.801000000000002,22.48033333333333,79.58762863624193,3817933.05,22.41916666666667,22.1355,False,False,24.5,100622811.12,87700227.683
2026-02-06,24.57,24.9,24.3,24.4,3744800.0,93645162.0,76845105.0,0.048731796254296224,24.264000000000003,23.518,22.933,22.51,72.88135571602987,3829706.15,22.411666666666665,22.2065,False,False,24.69,91373120.0,88450723.939
2026-02-09,24.65,26.19,24.42,25.76,7737855.0,199033336.0,76845105.0,0.1006941821473209,24.664,23.798,23.1315,22.538500000000003,77.38515881918865,4005062.6,22.415666666666663,22.329,False,False,24.69,199327144.8,93807705.20199999
2026-02-10,25.85,25.96,25.35,25.64,3950754.0,103005332.0,76845105.0,0.05141191491637626,24.998,24.079,23.32,22.54283333333333,74.91039407728573,4017744.5,22.425833333333333,22.469,False,False,25.76,101297332.56,94829775.484
2026-02-11,25.58,26.04,25.37,25.91,3363180.0,88156250.0,76845105.0,0.043765702447800675,25.28,24.429000000000002,23.529,22.555833333333336,74.72924168840983,3997854.5,22.451833333333333,22.643,False,False,25.76,87139993.8,95100470.40400001
2026-02-12,25.91,27.22,25.61,26.73,4761542.0,129541300.0,76845105.0,0.061962853717227664,25.688,24.846,23.7685,22.602666666666668,77.16150063943539,4118114.6,22.48033333333333,22.801000000000002,False,False,25.91,127276017.66,98879366.30700001
2026-02-13,26.76,26.78,25.84,26.05,4034998.0,107602251.0,76845105.0,0.05250819814742917,26.018,25.141000000000002,23.98,22.642333333333333,74.25431694826364,4196307.5,22.51,22.933,False,False,26.73,105111697.9,101438937.462
2026-02-24,26.06,26.66,25.44,26.44,4317404.0,114405298.0,76845105.0,0.05618320125920838,26.154000000000003,25.409,24.19,22.698833333333333,77.22473588519664,4264457.7,22.538500000000003,23.1315,False,False,26.73,114152161.76,103861252.75
2026-02-25,26.56,28.21,26.53,27.83,5060545.0,142075552.0,76845105.0,0.06585383675381795,26.592000000000002,25.794999999999998,24.448500000000003,22.805333333333333,85.65789457905122,4343018.15,22.54283333333333,23.32,False,False,26.73,140834967.35,106949583.4295
2026-02-26,27.8,28.59,27.22,27.39,3716612.0,104721545.0,76845105.0,0.048364980436945204,26.887999999999998,26.083999999999996,24.675,22.887666666666668,80.60836487598009,4392960.5,22.555833333333336,23.529,False,False,27.83,101798002.68,108933078.16849999
2026-02-27,27.44,27.54,26.88,27.38,3183272.0,87997695.0,76845105.0,0.041424525348751885,27.018,26.352999999999998,24.8855,22.966833333333334,79.07608680610524,4402815.1,22.602666666666668,23.7685,False,False,27.83,87157987.36,109831488.0065
2026-03-02,26.85,27.03,25.08,25.59,5534220.0,145194021.0,76845105.0,0.07201785982334204,26.926,26.471999999999998,24.995,23.0165,60.77738505878875,4558535.1,22.642333333333333,23.98,False,False,27.83,141620689.8,114081333.0965
2026-03-03,25.85,26.26,24.69,24.84,3641860.0,94021967.0,76845105.0,0.04739221841130935,26.606,26.380000000000003,25.089,23.0535,54.81727566252028,4542197.1,22.698833333333333,24.19,False,False,27.83,90463802.4,114048547.45650001
2026-03-04,24.61,25.33,24.24,25.0,4007400.0,100804216.0,76845105.0,0.052149060112547184,26.04,26.315999999999995,25.197499999999998,23.088,52.88683594221528,4555737.1,22.805333333333333,24.448500000000003,True,False,27.83,100185000.0,114792468.5565
2026-03-05,26.02,26.45,25.18,25.43,4649680.0,121839071.0,76845105.0,0.06050717218748026,25.648000000000003,26.268,25.3485,23.137166666666666,54.15730328559525,4631891.1,22.887666666666668,24.675,True,True,27.83,118241362.4,117201181.37650001
2026-03-06,25.47,27.25,25.47,26.93,4339000.0,117753240.0,76845105.0,0.056464234123956236,25.558,26.288,25.567,23.17383333333333,62.51236390947843,4690279.1,22.966833333333334,24.8855,False,True,27.83,116849270.0,119466486.15650001
2026-03-09,26.67,26.71,25.84,26.55,3524780.0,93897176.0,76845105.0,0.045868634052878186,25.75,26.338,25.7395,23.218000000000004,54.32639641176675,4709125.9,23.0165,24.995,False,False,27.83,93582909.0,120509871.7865
2026-03-10,26.67,27.16,26.45,27.01,2922720.0,79841227.0,76845105.0,0.03803391250490191,26.184000000000005,26.395,25.901999999999997,23.2895,57.23336844759588,4416192.15,23.0535,25.089,False,False,27.83,78942667.2,114024707.8865
2026-03-11,26.96,28.01,26.93,27.0,4784220.0,133609983.0,76845105.0,0.06225796685423229,26.584000000000003,26.312,26.053499999999996,23.360166666666668,55.917480913914794,4320665.55,23.088,25.197499999999998,False,False,27.83,129173940.0,112459744.6145
2026-03-12,27.19,27.21,26.14,26.24,3395426.0,91810264.0,76845105.0,0.044185325792709895,26.746,26.196999999999996,26.140499999999996,23.418000000000003,47.32240429917882,4237285.8,23.137166666666666,25.3485,False,False,27.83,89095978.24,110712342.80150001
2026-03-13,26.42,26.46,25.59,25.82,2302780.0,61101064.0,76845105.0,0.029966515108542046,26.524,26.041000000000004,26.196999999999996,23.467166666666667,48.70641162183467,4148652.4,23.17383333333333,25.567,False,False,27.83,59457779.6,108654091.22550002
2026-03-16,25.78,25.96,24.7,25.03,4212301.0,107788933.0,76845105.0,0.05481547588489859,26.22,25.985000000000003,26.228500000000004,23.5165,42.41119476924039,4172027.45,23.218000000000004,25.7395,True,False,27.83,105433894.03,109357129.927
2026-03-17,25.28,25.64,24.59,24.69,3040780.0,77585926.0,76845105.0,0.039570249790146034,25.756,25.97,26.175,23.572000000000003,30.946601889168406,3937173.7,23.2895,25.901999999999997,True,True,27.83,75076858.2,103144615.597
2026-03-18,24.69,24.99,24.49,24.98,1865120.0,46969625.0,76845105.0,0.02427116209939462,25.352,25.968,26.142000000000003,23.64016666666667,35.105067924416446,3832892.0,23.360166666666668,26.053499999999996,True,True,27.83,46590697.6,100409283.849
2026-03-19,24.74,24.88,23.9,24.0,2192540.0,53954856.0,76845105.0,0.02853194097398917,24.904000000000003,25.825,26.0465,23.68816666666667,31.346578318007488,3774360.0,23.418000000000003,26.140499999999996,True,True,27.83,52620960.0,98683332.159
2026-03-20,24.0,24.54,23.14,23.24,2378997.0,57289089.0,76845105.0,0.03095834145844423,24.387999999999998,25.456,25.871999999999996,23.729166666666668,35.367372292012035,3655232.75,23.467166666666667,26.196999999999996,True,True,27.83,55287890.279999994,95083925.79
2026-03-23,22.94,22.95,21.35,21.5,3532160.0,79341181.0,76845105.0,0.04596467139969423,23.682,24.951,25.6445,23.738500000000002,31.485587534279574,3630090.85,23.5165,26.228500000000004,True,True,27.83,75941440.0,93625412.89500001
2026-03-24,22.13,22.67,21.57,22.67,3443536.0,77414661.0,76845105.0,0.04481139039370172,23.278,24.517000000000003,25.456,23.767,38.384845410031126,3586397.45,23.572000000000003,26.175,True,True,27.83,78064961.12,91821052.863
2026-03-25,22.71,23.19,22.69,23.11,2281980.0,53405781.0,76845105.0,0.02969584074353207,22.904,24.128,25.22,23.7905,38.446215085831966,3447469.2,23.64016666666667,26.142000000000003,True,True,27.83,52736557.8,87416132.3855
2026-03-26,23.16,23.59,22.59,22.86,2152448.0,50448545.0,76845105.0,0.02801021613543244,22.676,23.79,24.9935,23.812166666666666,26.848691652345664,3369261.0,23.68816666666667,26.0465,True,True,27.39,49204961.28,84786480.31549999
2026-03-27,22.63,23.27,22.49,23.1,2027700.0,47511913.0,76845105.0,0.026386846631285103,22.648000000000003,23.518,24.779500000000002,23.832833333333333,30.057803419559633,3311482.4,23.729166666666668,25.871999999999996,True,True,27.38,46839870.0,82770574.4475
2026-03-30,22.92,23.92,22.72,23.77,2752440.0,65893527.0,76845105.0,0.03581802640519523,23.102,23.392000000000003,24.688499999999998,23.865666666666666,31.715575570652575,3172393.4,23.738500000000002,25.6445,True,True,27.01,65425498.8,78960814.89750001
2026-03-31,23.84,24.55,23.6,23.91,3020200.0,73839588.0,76845105.0,0.03930243832707366,23.35,23.314,24.642000000000003,23.897,32.81423799116803,3141310.4,23.767,25.456,True,True,27.01,72212982.0,78048273.87750001
2026-04-01,24.19,24.5,23.68,24.16,2545700.0,62341578.0,76845105.0,0.03312767937528357,23.56,23.232,24.6,23.9405,37.735848994304035,3068225.4,23.7905,25.22,True,True,27.01,61504112.0,76114229.4775
2026-04-02,24.29,24.72,23.49,23.68,2272866.0,55456425.0,76845105.0,0.029577238524171448,23.724,23.2,24.5125,23.978666666666665,37.47072593388873,2949384.7,23.812166666666666,24.9935,True,True,27.01,53821466.88,72893234.7015
2026-04-03,23.96,23.96,22.21,22.36,2870600.0,66049257.0,76845105.0,0.03735566500950191,23.576,23.112000000000002,24.284,23.9955,35.28114658280748,2875964.7,23.832833333333333,24.779500000000002,True,True,27.01,64186616.0,70260102.0015
2026-04-07,22.44,22.59,21.93,22.46,4168088.0,94554508.0,76845105.0,0.054240123687774255,23.314,23.208000000000002,24.0795,24.0085,37.37259337222919,2908130.1,23.865666666666666,24.688499999999998,True,True,27.01,93615256.48,70261719.3755
2026-04-08,22.96,23.68,22.96,23.53,2936900.0,69926059.0,76845105.0,0.03821843954797121,23.238,23.294,23.9055,24.0455,42.455775172280866,2908839.1,23.897,24.642000000000003,True,True,27.01,69105257.0,69769848.8655
2026-04-09,23.51,23.51,22.75,22.96,2355040.0,55336761.0,76845105.0,0.030646584450629615,22.998,23.279000000000003,23.7035,24.075333333333333,44.34782601947071,2787380.1,23.9405,24.6,True,True,27.0,54071718.4,66014737.785500005
2026-04-10,23.21,23.46,22.85,23.05,2543700.0,59973443.0,76845105.0,0.03310165299403261,22.872,23.298,23.544,24.109166666666667,48.88628362433671,2744793.8,23.978666666666665,24.5125,True,True,26.24,58632285.0,64491553.123500004
2026-04-13,23.05,23.93,22.8,22.96,3892525.0,91908860.0,76845105.0,0.05065416983944521,22.992,23.284,23.401,24.133,60.61046499294382,2824281.05,23.9955,24.284,True,True,25.82,89372374.0,65987282.8435
2026-04-14,23.31,23.9,23.02,23.6,3370800.0,80504997.0,76845105.0,0.04386486296036683,23.220000000000002,23.267,23.329500000000003,24.163666666666664,57.32283451928824,2782206.0,24.0085,24.0795,True,True,25.03,79550880.0,64693132.142000005
2026-04-15,23.59,24.36,23.14,23.16,4673600.0,112398077.0,76845105.0,0.06081844770724173,23.146,23.192,23.253,24.186500000000002,50.39370067629736,2863847.0,24.0455,23.9055,False,True,24.98,108240576.0,66351318.032000005
2026-04-16,23.18,23.87,23.04,23.7,2738600.0,65537841.0,76845105.0,0.03563792384693859,23.294,23.146,23.189,24.217,56.3253010860611,2907521.0,24.075333333333333,23.7035,True,False,24.98,64904820.0,67267024.15200001
2026-04-17,23.6,23.86,23.34,23.56,2011100.0,48123989.0,76845105.0,0.026170827666902142,23.396,23.134,23.167,24.2475,53.51681945730343,2898449.0,24.109166666666667,23.544,False,True,24.16,47381516.0,67005051.95200001
2026-04-20,23.42,24.15,23.12,23.7,2151390.0,51647019.0,76845105.0,0.027996448179750683,23.544,23.268,23.19,24.276833333333336,49.417637156098685,2887068.65,24.133,23.401,False,False,24.16,50987943.0,66790054.588
2026-04-21,23.72,23.79,23.38,23.67,1503750.0,36083398.0,76845105.0,0.019568585403065036,23.558,23.389,23.2985,24.307666666666666,47.9661015810974,2785648.15,24.163666666666664,23.329500000000003,False,False,24.16,35593762.5,64772670.713
2026-04-22,23.62,23.71,23.32,23.43,1834200.0,43771624.0,76845105.0,0.023868794245254787,23.612000000000002,23.378999999999998,23.336499999999997,24.327499999999997,43.80305592304877,2705181.35,24.186500000000002,23.253,False,False,24.16,42975306.0,63018187.957
2026-04-23,23.39,23.43,22.65,22.81,2531400.0,59088199.0,76845105.0,0.03294159074933921,23.434,23.363999999999997,23.3215,24.33,42.786069552403816,2717652.35,24.217,23.189,False,False,24.16,57741234.0,63268421.767000005
2026-04-24,22.81,23.45,22.45,23.24,2806600.0,65239161.0,76845105.0,0.03652282080947121,23.369999999999997,23.383000000000003,23.3405,24.336333333333332,58.56031112454388,2750359.95,24.2475,23.167,True,False,24.16,65225383.99999999,64069442.90300001
2026-04-27,23.2,23.36,22.4,23.13,2613258.0,60839356.0,76845105.0,0.03400682450755972,23.256,23.4,23.342,24.33566666666667,56.504854215326596,2779637.85,24.276833333333336,23.19,True,True,24.16,60444657.54,64749682.28000001
2026-04-28,23.07,23.12,22.63,22.9,3392878.0,78889207.0,76845105.0,0.04415216818299617,23.101999999999997,23.330000000000002,23.2985,24.327333333333335,42.691415174552226,2811659.75,24.307666666666666,23.2985,True,True,24.16,77696906.19999999,65363252.65
2026-04-29,22.32,23.32,21.9,23.09,4859600.0,112586393.0,76845105.0,0.06323890116358094,23.034,23.323,23.2575,24.3295,51.65394383634726,2903629.75,24.327499999999997,23.336499999999997,True,True,24.16,112208164.0,67363011.75
2026-04-30,23.14,23.67,23.09,23.41,3582358.0,85083593.0,76845105.0,0.046617907542712056,23.154,23.294,23.220000000000002,24.339166666666667,54.32692289409208,2955462.65,24.33,23.3215,True,True,24.16,83863000.78,68480956.189
2026-05-06,23.68,23.85,23.12,23.47,3967758.0,94410358.0,76845105.0,0.05163319120977192,23.2,23.285,23.2095,24.35683333333333,56.174333950014336,3040207.25,24.336333333333332,23.3405,False,True,23.7,93123280.25999999,70446046.85800001
2026-05-07,23.47,23.71,23.23,23.37,3187780.0,76132218.0,76845105.0,0.041483188812091544,23.248,23.252,23.259999999999998,24.370333333333335,46.79665719912167,3056066.25,24.33566666666667,23.342,False,False,23.7,74498418.60000001,70961636.988
2026-05-08,23.38,23.77,23.14,23.66,2790420.0,66677909.0,76845105.0,0.03631226738515095,23.4,23.250999999999998,23.32,24.37966666666667,57.26744162739995,2987182.85,24.327333333333335,23.2985,False,False,23.7,66021337.2,69581941.024
2026-05-11,23.86,23.88,23.12,23.54,3286100.0,78160592.0,76845105.0,0.0427626457143887,23.49,23.262,23.3205,24.376,47.35099315797552,3004642.85,24.3295,23.2575,False,False,23.7,77354794.0,69994417.874
2026-05-12,23.53,23.82,23.17,23.25,2746956.0,65488391.0,76845105.0,0.0357466620678051,23.458,23.306,23.335,24.364,45.11040989541145,3024238.65,24.339166666666667,23.220000000000002,False,False,23.7,63866727.0,70484168.30399999
2026-05-13,23.25,23.28,22.89,23.26,2653600.0,62238977.0,76845105.0,0.03453180264377282,23.416,23.308,23.345499999999998,24.343333333333337,42.76315769780128,3029733.65,24.35683333333333,23.2095,True,False,23.7,61722736.00000001,70638690.854
2026-05-14,23.26,23.26,22.74,22.88,2097668.0,48971780.0,76845105.0,0.027297353552968664,23.318,23.282999999999998,23.3415,24.313166666666667,38.348082437500516,2939990.8,24.370333333333335,23.259999999999998,True,True,23.7,47994643.839999996,68569804.34599999
2026-05-15,22.88,23.07,22.38,22.89,2861620.0,66018404.0,76845105.0,0.0372388065576851,23.163999999999998,23.282,23.306,24.288,41.45569601886719,2914531.8,24.37966666666667,23.32,True,True,23.7,65502481.800000004,67867384.43599999
2026-05-18,22.62,22.95,22.3,22.91,2544061.0,58610138.0,76845105.0,0.033106350755848404,23.038,23.264000000000003,23.2935,24.240499999999997,51.95312471588137,2808054.85,24.376,23.3205,True,True,23.7,58284437.51,65369577.5115
2026-05-19,22.93,23.51,22.51,22.82,2849610.0,66774378.0,76845105.0,0.03708251813827309,22.952,23.205,23.249499999999998,24.193500000000004,40.54054028487952,2813605.35,24.364,23.335,True,True,23.7,65028100.2,65375741.52149999
2026-05-20,22.82,25.1,22.52,24.91,10899122.0,267306361.0,76845105.0,0.1418323522363591,23.282,23.348999999999997,23.317,24.17683333333333,71.1904759531746,3258006.45,24.343333333333337,23.345499999999998,True,True,23.7,271497129.02,76581522.17249998
2026-05-21,25.56,26.24,23.86,24.01,11515560.0,295164697.0,76845105.0,0.14985417743914853,23.508000000000003,23.413000000000004,23.3325,24.1315,61.39630372493879,3726214.95,24.313166666666667,23.3415,False,True,24.91,276488595.6,87856554.8025
2026-05-22,24.25,26.07,22.62,25.17,9486654.0,235643964.0,76845105.0,0.1234516368999691,23.964000000000002,23.564,23.407500000000002,24.116833333333332,67.80821901552827,4125360.15,24.288,23.306,False,False,24.91,238779081.18,98015820.7365
2026-05-25,25.23,25.66,22.93,23.14,6881148.0,168136447.0,76845105.0,0.0895456906461381,24.009999999999998,23.524,23.393,24.061833333333333,48.21192044040174,4377707.55,24.240499999999997,23.2935,False,False,25.17,159229764.72,103828543.67249998
2026-05-26,23.14,23.24,22.04,22.48,4541440.0,104159217.0,76845105.0,0.05909862443417834,23.942,23.447,23.3765,23.97266666666667,43.92638029264181,4478209.55,24.193500000000004,23.249499999999998,True,False,25.17,102091571.2,106046060.5325
2026-05-27,22.52,22.74,21.6,21.83,3344320.0,74741247.0,76845105.0,0.04352027367260413,23.326,23.304000000000002,23.306,23.88,41.14942522113884,4505095.55,24.17683333333333,23.317,True,True,25.17,73006505.6,106435116.6125
2026-05-28,21.71,22.32,21.23,22.02,2612540.0,57843418.0,76845105.0,0.033997481036690626,22.928,23.218,23.2505,23.790666666666667,40.465116213196325,4505059.65,24.1315,23.3325,True,True,25.17,57528130.8,106289290.2755
2026-05-29,22.16,22.16,20.76,20.92,2525531.0,54515776.0,76845105.0,0.03286521633355827,22.078,23.021,23.1515,23.712833333333332,36.32567844378295,4461692.3,24.116833333333332,23.407500000000002,True,True,25.17,52834108.52,105046150.3915
2026-06-01,20.72,21.62,20.72,21.38,1875260.0,40653492.0,76845105.0,0.024403115852336985,21.726,22.868000000000002,23.066,23.655166666666666,40.41025635223143,4312475.3,24.061833333333333,23.393,True,True,25.17,40093058.8,101440395.13149999
2026-06-02,21.47,21.62,20.36,20.57,2460100.0,51633861.0,76845105.0,0.03201375025774251,21.344,22.643,22.924,23.58133333333333,37.251184784690366,4256362.4,23.97266666666667,23.3765,True,True,25.17,50604257.0,99777457.9425
2026-06-03,20.62,20.87,20.09,20.3,2446862.0,50723616.0,76845105.0,0.031841481640242406,21.038,22.182000000000002,22.7655,23.495833333333334,37.64367811043952,4180317.6,23.88,23.306,True,True,25.17,49671298.6,97604858.85949999
2026-06-04,20.13,22.33,20.13,22.33,7908440.0,177086661.0,76845105.0,0.10291403727016835,21.1,22.014,22.7135,23.41916666666667,47.752808935109194,4416350.6,23.790666666666667,23.2505,True,True,25.17,176595465.2,102709711.1895
2026-06-05,21.94,24.15,21.12,21.31,9674940.0,218763288.0,76845105.0,0.12590183851007816,21.178,21.628,22.595999999999997,23.331833333333332,44.056463550015565,4760576.6,23.712833333333332,23.1515,True,True,25.17,206172971.39999998,109717292.89949998
2026-06-08,21.6,21.79,19.73,19.97,5271342.0,110353222.0,76845105.0,0.06859697829809719,20.896,21.311,22.4175,23.214499999999997,40.31271240214969,4859838.7,23.655166666666666,23.066,True,True,25.17,105268699.74,111112988.1865
2026-06-09,20.32,20.54,19.48,19.9,3100680.0,62874153.0,76845105.0,0.040349739908612264,20.761999999999997,21.053,22.25,23.096166666666665,30.260047247940037,4877524.9,23.58133333333333,22.924,True,True,25.17,61703531.99999999,111004828.4365
2026-06-10,19.58,20.04,19.11,19.36,2712220.0,53685890.0,76845105.0,0.03529463587823844,20.573999999999998,20.805999999999997,22.055,22.981499999999997,31.143552276073805,4880455.9,23.495833333333334,22.7655,True,True,25.17,52508579.199999996,110544120.5965
2026-06-11,19.16,19.57,18.72,19.23,2465700.0,48034404.0,76845105.0,0.03208662412524519,19.954,20.527,21.872500000000002,22.871666666666666,23.716814129908343,4898857.5,23.41916666666667,22.7135,True,True,25.17,47415411.0,110515158.95449999
2026-06-12,19.52,19.78,19.0,19.22,2469400.0,48614278.0,76845105.0,0.03213477293055947,19.535999999999998,20.357,21.689,22.774833333333333,28.879310301259636,4879246.5,23.331833333333332,22.595999999999997,True,True,25.17,47461868.0,109613128.26449999
2026-06-15,19.31,19.88,18.92,19.13,2657200.0,52185649.0,76845105.0,0.03457865013002455,19.368,20.131999999999998,21.5,22.682166666666664,30.769230719773887,4884903.45,23.214499999999997,22.4175,True,True,25.17,50832236.0,109240518.18899998
2026-06-16,18.9,19.26,18.34,19.01,3225740.0,61562882.0,76845105.0,0.04197716952823475,19.19,19.976,21.3095,22.582666666666665,32.76283612974575,4903709.95,23.096166666666665,22.25,True,True,25.17,61321317.400000006,109055179.049
2026-06-17,18.82,19.23,18.54,18.7,2914420.0,55554770.0,76845105.0,0.03792590302271043,19.058,19.816,20.999000000000002,22.49433333333333,29.999999949397562,4504474.85,22.981499999999997,22.055,True,True,25.17,54499654.0,98205305.29800001
2026-06-18,18.48,20.45,17.81,20.34,9746609.0,188996682.0,76845105.0,0.12683448086901566,19.28,19.617,20.8155,22.446,46.719456939584546,4416027.3,22.871666666666666,21.872500000000002,True,True,25.17,198246027.06,94293176.87099999
2026-06-22,19.63,19.63,18.32,18.79,5835703.0,111211731.0,76845105.0,0.07594111557268352,19.194,19.365000000000002,20.4965,22.40083333333333,36.958710924730916,4233479.75,22.774833333333333,21.689,True,True,25.17,109652859.36999999,87836865.7805
2026-06-23,18.76,20.56,18.59,19.81,6735806.0,135831908.0,76845105.0,0.08765432749424963,19.330000000000002,19.349,20.330000000000002,22.353166666666667,46.252465419375284,4226212.65,22.682166666666664,21.5,True,True,23.14,133436316.85999998,86547193.3875
2026-06-24,19.81,20.43,19.53,20.21,3876200.0,79156353.0,76845105.0,0.05044172950248425,19.57,19.38,20.2165,22.30483333333333,49.56183050692642,4192950.65,22.582666666666665,21.3095,True,True,22.48,78338002.0,85359514.9275
2026-06-25,20.53,20.87,19.12,19.36,4284097.0,85559108.0,76845105.0,0.055749770919045524,19.701999999999998,19.380000000000003,20.093,22.2465,33.6633662847869,4239939.5,22.49433333333333,20.999000000000002,True,True,22.33,82940117.92,85856195.54349999
2026-06-26,19.22,19.27,18.3,18.79,3705597.0,70611576.0,76845105.0,0.04822164014220554,19.392,19.336,19.9315,22.174666666666663,35.41666660927855,4294592.35,22.446,20.8155,True,True,22.33,69628167.63,86461197.38499999
2026-06-29,18.75,19.29,17.82,18.15,3040140.0,56214789.0,76845105.0,0.03956192134814573,19.264,19.229,19.793,22.081,38.53904275320572,4320322.8,22.40083333333333,20.4965,True,True,22.33,55178540.99999999,86578419.00899999
2026-06-30,18.1,18.33,17.72,17.87,3147480.0,57387726.0,76845105.0,0.040958757229884714,18.875999999999998,19.103,19.6175,21.980333333333338,37.546012205442445,4383933.8,22.353166666666667,20.330000000000002,True,True,22.33,56245467.6,87386039.449
2026-07-01,18.01,18.29,17.6,18.0,3255000.0,58412859.0,76845105.0,0.042357935485936284,18.434,19.002000000000002,19.489,21.877666666666666,41.21447020968959,4423678.8,22.30483333333333,20.2165,True,True,22.33,58590000.0,87785326.599
2026-07-02,18.0,19.71,17.84,19.0,5190720.0,98906464.0,76845105.0,0.06754782884348977,18.362000000000002,19.032,19.424,21.799666666666667,48.66434370716599,4560871.7,22.2465,20.093,True,True,22.33,98623680.0,90232945.669
2026-07-03,19.0,20.9,18.76,20.9,7118956.0,143106374.0,76845105.0,0.09264033148240217,18.784,19.088,19.3525,21.775333333333332,57.99999992266667,4521397.5,22.174666666666663,19.9315,True,True,22.33,148786180.39999998,88842481.42899999
2026-07-06,20.9,21.01,19.41,19.75,6093880.0,121672206.0,76845105.0,0.07930082208879798,19.104000000000003,19.183999999999997,19.2745,21.730166666666666,52.681660835852654,4342344.5,22.081,19.793,False,True,21.31,120354130.0,84551539.359
2026-07-07,19.7,20.86,18.77,18.89,3763480.0,73279039.0,76845105.0,0.048974882655180185,19.308,19.092,19.220499999999998,21.652833333333334,49.51219506559587,4266951.4,21.980333333333338,19.6175,False,False,20.9,71092137.2,82842711.232
2026-07-08,19.07,19.2,18.18,18.29,2530400.0,46864968.0,76845105.0,0.03292857755871373,19.366,18.9,19.14,21.575,48.371723536361856,4238437.4,21.877666666666666,19.489,True,False,20.9,46281016.0,82071585.432
2026-07-09,18.4,18.65,17.65,18.5,3030680.0,55111187.0,76845105.0,0.03943881656482869,19.266,18.814,19.097,21.499166666666667,41.75627234905127,4254360.4,21.799666666666667,19.424,True,True,20.9,56067580.0,82249535.472
2026-07-10,18.34,18.98,18.2,18.66,2393356.0,44719120.0,76845105.0,0.031145197862635494,18.818,18.801,19.068499999999997,21.4275,49.33469798457669,4250743.2,21.775333333333332,19.3525,True,True,20.9,44660022.96,82111766.07000001
2026-07-13,18.51,18.86,17.23,17.29,3099360.0,54911607.0,76845105.0,0.040332562496986635,18.326,18.715,18.972,21.322333333333336,37.54940706267868,4282241.2,21.730166666666666,19.2745,True,True,20.9,53587934.4,82418069.39
2026-07-14,17.19,18.4,17.13,17.92,2767700.0,49362415.0,76845105.0,0.03601660769414005,18.132,18.72,18.9115,21.235,38.937198014964174,4287766.2,21.652833333333334,19.220499999999998,True,True,20.9,49597184.00000001,82356316.78999999
2026-07-15,17.85,18.31,17.82,18.0,2084860.0,37624545.0,76845105.0,0.02713068060743752,18.074,18.72,18.861,21.139999999999997,42.90187885170916,4230722.2,21.575,19.14,True,True,20.9,37527480.0,81166624.91999999
2026-07-16,17.77,18.35,17.7,18.22,1870800.0,33979199.0,76845105.0,0.024345077022147343,18.018,18.642,18.836999999999996,21.051,46.91224261573441,4178541.2,21.499166666666667,19.097,True,True,20.9,34085976.0,80145941.02
2026-07-17,18.26,18.58,17.4,17.69,2943200.0,53123717.0,76845105.0,0.03830042264891173,17.824,18.320999999999998,18.7045,20.950833333333332,47.478070102555606,3838370.75,21.4275,19.068499999999997,True,True,20.9,52065208.00000001,72836900.067
2026-07-20,17.59,18.08,16.32,16.57,3459680.0,59050182.0,76845105.0,0.045021475343159464,17.68,18.002999999999997,18.5935,20.8325,43.47389552122143,3719569.6,21.322333333333336,18.972,True,True,20.9,57326897.6,70220601.9785
2026-07-21,16.7,17.11,15.51,16.61,5921256.0,97548252.0,76845105.0,0.07705443307026517,17.418,17.775,18.4335,20.718833333333336,42.95845991880259,3678842.1,21.235,18.9115,True,True,20.9,98352062.16,68466389.2435
2026-07-22,16.3,16.95,16.25,16.46,2247500.0,37276496.0,76845105.0,0.029247145930765533,17.11,17.592000000000002,18.246000000000002,20.613000000000003,35.92017732784008,3597407.1,21.139999999999997,18.861,True,True,20.9,36993850.0,66399181.64349999
2026-07-23,16.45,16.98,16.14,16.96,2203790.0,36527571.0,76845105.0,0.028678339368525815,16.857999999999997,17.438,18.125999999999998,20.508333333333333,24.146981582932057,3493391.75,21.051,18.836999999999996,True,True,20.9,37376278.4,64120989.6675
2026-07-24,16.95,17.15,16.42,16.76,1664350.0,27841709.0,76845105.0,0.02165850381751707,16.672,17.248,18.0245,20.402166666666666,27.586206838649645,3391329.4,20.950833333333332,18.7045,True,True,20.9,27894506.000000004,62034306.586
2026-07-27,16.75,17.29,16.45,17.06,2380560.0,40357068.0,76845105.0,0.030978681075391853,16.77,17.225,17.97,20.30483333333333,35.02454983791425,3358350.4,20.8325,18.5935,True,True,20.9,40612353.599999994,61305997.216000006
2026-07-28,16.85,17.3,16.72,17.12,2019780.0,34630314.0,76845105.0,0.026283782161531304,16.872000000000003,17.145000000000003,17.932499999999997,20.205333333333332,39.49730690252024,3301965.4,20.718833333333336,18.4335,True,True,20.9,34578633.6,60222655.515999995
2026-07-29,17.19,17.56,16.93,17.28,2257220.0,38995458.0,76845105.0,0.029373634143645192,17.036,17.073,17.8965,20.103166666666663,38.94927526353445,3252076.4,20.613000000000003,18.246000000000002,True,True,20.9,39004761.6,59243393.59599999
2026-07-30,17.28,17.68,16.8,16.94,2419700.0,41665040.0,76845105.0,0.03148801735647313,17.032,16.945,17.7935,19.994333333333334,34.91228061600492,3113525.4,20.508333333333333,18.125999999999998,True,True,20.9,40989718.0,56361695.49599999
2026-07-31,17.07,17.88,17.05,17.74,2956917.0,52306020.0,76845105.0,0.038478924584721436,17.228,16.95,17.6355,19.9005,54.385964763858965,2905423.45,20.402166666666666,18.0245,True,True,20.9,52455707.58,51545171.855000004
2026-08-03,17.8,18.3,17.78,18.26,2159037.0,39078269.0,76845105.0,0.028095960048463726,17.468,17.119000000000003,17.561,19.810499999999998,53.38645403438041,2708681.3,20.30483333333333,17.97,False,True,19.75,39424015.620000005,47498666.136
2026-08-04,18.38,18.86,18.37,18.53,2397400.0,44668611.0,76845105.0,0.031197823205524933,17.75,17.311,17.543,19.726999999999997,55.086372212819754,2640377.3,20.205333333333332,17.932499999999997,False,False,18.89,44423822.0,46165250.376
2026-08-05,18.63,18.85,18.32,18.65,2583760.0,48059087.0,76845105.0,0.03362296141048932,18.024,17.53,17.561,19.650333333333332,54.2074362507037,2643045.3,20.103166666666663,17.8965,False,False,18.66,48187124.0,46260555.776
2026-08-06,18.65,19.11,18.5,19.03,2468498.0,46418141.0,76845105.0,0.03212303503261529,18.442,17.737000000000002,17.5875,19.579833333333333,63.5080643368724,2614936.2,19.994333333333334,17.7935,False,False,18.66,46975516.940000005,45805952.623
2026-08-07,19.03,19.9,18.83,19.69,4199400.0,81026428.0,76845105.0,0.054647592712639276,18.832,18.03,17.639000000000003,19.526666666666667,84.6666664032593,2705238.4,19.9005,17.6355,False,False,19.03,82686186.0,47707260.775
